customer_id,device_id,observed_at,pump_running,valve_running,fertilizer_requested,fertilizer_running,dosage_configured,meter_configured,emergency_stop,supply_voltage,rssi,pressure,pump_current,sensor_bus_errors,packet_loss_rate,command_failure_rate,power_state,mqtt_state,online,source
synthetic_customer_008,cabinet_008,2026-09-02 00:10:00+00:00,1,1,1,1,True,True,False,23.911486918690265,-48.7279834314124,3.0342128655230614,3.9468473652155165,0.0,0.0,0.029042326106893824,on,connected,True,synthetic_device_spec_v11
synthetic_customer_008,cabinet_008,2026-09-02 00:20:00+00:00,1,1,1,1,True,True,False,23.910518137947648,-47.1908862520722,3.021161800067751,3.9743191592773726,0.19899657513406097,0.0,0.0239958804477247,on,connected,True,synthetic_device_spec_v11
synthetic_customer_008,cabinet_008,2026-09-02 00:30:00+00:00,1,1,1,1,True,True,False,23.87300507355826,-47.3862720152514,2.971836416967555,3.9868202579661167,0.8158415506516522,0.04876150155964447,0.0,on,connected,True,synthetic_device_spec_v11
synthetic_customer_008,cabinet_008,2026-09-02 00:40:00+00:00,0,0,0,0,True,True,False,23.97831369622198,-47.27696570687046,2.9851238188512603,4.011791818857864,0.0,0.021472327296183084,0.0,on,connected,True,synthetic_device_spec_v11
synthetic_customer_008,cabinet_008,2026-09-02 00:50:00+00:00,0,0,0,0,True,True,False,24.00551271897428,-48.36330795360331,3.000032356130353,4.01724156897201,0.5999068791610638,0.0,0.034784645039164126,on,connected,True,synthetic_device_spec_v11
synthetic_customer_008,cabinet_008,2026-09-02 01:00:00+00:00,0,0,0,0,True,True,False,23.846275999316322,-47.082986042781705,3.0174855446914166,3.980613800943222,0.0,0.0,0.0,on,connected,True,synthetic_device_spec_v11
synthetic_customer_008,cabinet_008,2026-09-02 01:10:00+00:00,0,0,0,0,True,True,False,24.037018572054734,-46.63102083257262,3.0243619501850803,4.076783619550993,0.5105255454287848,0.0,0.01387147288612513,on,connected,True,synthetic_device_spec_v11
synthetic_customer_008,cabinet_008,2026-09-02 01:20:00+00:00,0,0,0,0,True,True,False,23.832103614658077,-48.15680390026086,2.999865338411889,3.8836515259648023,0.0,0.0,0.0,on,connected,True,synthetic_device_spec_v11
synthetic_customer_008,cabinet_008,2026-09-02 01:30:00+00:00,0,0,0,0,True,True,False,23.926235144567915,-47.866653346718984,3.0237433253665884,4.069686590481452,0.030260309398242875,0.0,0.017215132211075197,on,connected,True,synthetic_device_spec_v11
synthetic_customer_008,cabinet_008,2026-09-02 01:40:00+00:00,0,0,0,0,True,True,False,23.929915933286395,-47.72751310636797,3.0135740186660795,3.9646403612338177,0.042970740207334,0.0032948641097296756,0.0,on,connected,True,synthetic_device_spec_v11
synthetic_customer_008,cabinet_008,2026-09-02 01:50:00+00:00,0,0,0,0,True,True,False,24.0950270859614,-49.36867768782995,3.029502617921523,4.005224179499491,0.0,0.0,0.0,on,connected,True,synthetic_device_spec_v11
synthetic_customer_008,cabinet_008,2026-09-02 02:00:00+00:00,0,0,0,0,True,True,False,23.874875553288994,-47.97503480347635,3.002494667969491,3.906803018381191,0.6506670028428678,0.0,0.0,on,connected,True,synthetic_device_spec_v11
synthetic_customer_008,cabinet_008,2026-09-02 02:10:00+00:00,0,0,0,0,True,True,False,24.23312268625216,-46.861926272748065,3.0515381419702075,3.9522274496270526,0.11657743953318969,0.0,0.0,on,connected,True,synthetic_device_spec_v11
synthetic_customer_008,cabinet_008,2026-09-02 02:20:00+00:00,0,0,0,0,True,True,False,24.076834470117653,-47.236534299981344,3.027311674645215,3.9002203082152334,0.22210372835056452,0.030968410314400903,0.0,on,connected,True,synthetic_device_spec_v11
synthetic_customer_008,cabinet_008,2026-09-02 02:30:00+00:00,0,0,0,0,True,True,False,23.880401377503603,-47.52462137715853,2.992606700994991,4.014700941612276,0.0,0.07258149592593614,0.0,on,connected,True,synthetic_device_spec_v11
synthetic_customer_008,cabinet_008,2026-09-02 02:40:00+00:00,0,0,0,0,True,True,False,24.115494666691724,-45.87661866374304,2.9369608038907704,4.053160241144141,0.42143424525010953,0.0,0.00039237771652147964,on,connected,True,synthetic_device_spec_v11
synthetic_customer_008,cabinet_008,2026-09-02 02:50:00+00:00,0,0,0,0,True,True,False,24.09769893248897,-47.740840205954946,2.9946560402784557,3.9474529069083926,0.012604103539160123,0.0,0.013769326890140075,on,connected,True,synthetic_device_spec_v11
synthetic_customer_008,cabinet_008,2026-09-02 03:00:00+00:00,0,0,0,0,True,True,False,24.104101879162123,-49.12279541199627,3.0135285189257868,3.982829290332947,0.0061116737561512716,0.0,0.0,on,connected,True,synthetic_device_spec_v11
synthetic_customer_008,cabinet_008,2026-09-02 03:10:00+00:00,0,0,0,0,True,True,False,24.08243278057669,-47.51425496880219,3.011471777454285,4.015865371904751,0.59157619675455,0.016761090300704395,0.0282201993246474,on,connected,True,synthetic_device_spec_v11
synthetic_customer_008,cabinet_008,2026-09-02 03:20:00+00:00,0,0,0,0,True,True,False,23.758782045063153,-47.584389321392464,3.032696405432059,4.064065815016404,1.6956870877738828,0.017125411591130037,0.0,on,connected,True,synthetic_device_spec_v11
synthetic_customer_008,cabinet_008,2026-09-02 03:30:00+00:00,0,0,0,0,True,True,False,24.189813438401785,-47.33544172119003,3.044383004297039,4.074445084219184,2.3821021698816596,0.003431115461892999,0.0,on,connected,True,synthetic_device_spec_v11
synthetic_customer_008,cabinet_008,2026-09-02 03:40:00+00:00,0,0,0,0,True,True,False,23.93966018749813,-45.80090767537245,2.940684351534034,3.942127600101578,5.4354126353152035,0.008503051841466108,0.0277338290193354,on,connected,True,synthetic_device_spec_v11
synthetic_customer_008,cabinet_008,2026-09-02 03:50:00+00:00,0,0,0,0,True,True,False,23.935936013446632,-48.23510998479639,3.0339375876543193,3.9472578006920287,7.327687033336187,0.0,0.0,on,connected,True,synthetic_device_spec_v11
synthetic_customer_008,cabinet_008,2026-09-02 04:00:00+00:00,0,0,0,0,True,True,False,24.07774130003779,-48.654816639265555,3.031409668923097,3.9841915305603055,8.502438499118393,0.0025560095370306714,0.0,on,connected,True,synthetic_device_spec_v11
synthetic_customer_008,cabinet_008,2026-09-02 04:10:00+00:00,0,0,0,0,True,True,False,23.89615240230706,-48.426001939305536,2.9892746760993805,4.087100264436809,10.653211665237082,0.021094803816813903,0.0,on,connected,True,synthetic_device_spec_v11
synthetic_customer_008,cabinet_008,2026-09-02 04:20:00+00:00,0,0,0,0,True,True,False,24.047259146579858,-49.87903848726711,3.0661193458205127,4.004773867348714,11.889837945573897,0.006652545535019903,0.0,on,connected,True,synthetic_device_spec_v11
synthetic_customer_008,cabinet_008,2026-09-02 04:30:00+00:00,0,0,0,0,True,True,False,23.978008034522812,-48.33158092702094,2.949887728978225,4.01761070494297,13.557208459761783,0.0,0.006683642040735771,on,connected,True,synthetic_device_spec_v11
synthetic_customer_008,cabinet_008,2026-09-02 04:40:00+00:00,0,0,0,0,True,True,False,23.93264701271606,-47.83906323630089,2.9452170558361948,3.9926228600733946,16.985046252509616,0.005931111435004188,0.020713998789540108,on,connected,True,synthetic_device_spec_v11
synthetic_customer_008,cabinet_008,2026-09-02 04:50:00+00:00,0,0,0,0,True,True,False,24.126926451859788,-47.59234034697716,2.990583626890734,3.924030899448863,18.716013936322646,0.015413501644794528,0.0,on,connected,True,synthetic_device_spec_v11
synthetic_customer_008,cabinet_008,2026-09-02 05:00:00+00:00,0,0,0,0,True,True,False,24.048201620281137,-48.88683444551392,3.0053708352371675,3.973108494262401,19.93862501149942,0.0,0.0,on,connected,True,synthetic_device_spec_v11
synthetic_customer_008,cabinet_008,2026-09-02 05:10:00+00:00,0,0,0,0,True,True,False,24.10109945817344,-47.521085353246306,2.971275868135066,3.9097175187807656,21.075491036027383,0.018469199556431212,0.0,on,connected,True,synthetic_device_spec_v11
synthetic_customer_008,cabinet_008,2026-09-02 05:20:00+00:00,0,0,0,0,True,True,False,23.94226911198464,-49.354205870113496,3.0384409172767652,4.019461149376924,22.240153442970993,0.03450180950480388,0.0,on,connected,True,synthetic_device_spec_v11
synthetic_customer_008,cabinet_008,2026-09-02 05:30:00+00:00,0,0,0,0,True,True,False,24.023503531241957,-47.22158092851646,2.9908598602711547,3.9804461512332554,24.518180282459518,0.0,0.0,on,connected,True,synthetic_device_spec_v11
synthetic_customer_008,cabinet_008,2026-09-02 05:40:00+00:00,0,0,0,0,True,True,False,23.983202683201164,-48.85168845662578,3.0023841800785607,4.019050911380481,25.181986319796952,0.019612463933170274,0.0,on,connected,True,synthetic_device_spec_v11
synthetic_customer_008,cabinet_008,2026-09-02 05:50:00+00:00,0,0,0,0,True,True,False,24.10119305605462,-48.690317533166244,3.0301618818682496,4.007538058330553,24.923433672433873,0.019110458630114888,0.0,on,connected,True,synthetic_device_spec_v11
synthetic_customer_008,cabinet_008,2026-09-02 06:00:00+00:00,0,0,0,0,True,True,False,24.131943920762073,-49.60846081577775,2.8804314194114427,4.039764386502425,25.087430063824726,0.0,0.0,on,connected,True,synthetic_device_spec_v11
synthetic_customer_008,cabinet_008,2026-09-02 06:10:00+00:00,1,1,1,1,True,True,False,23.81742138769722,-48.37833837853543,2.845945351240847,3.9162228670002164,25.89712870842888,0.02584086302437801,0.019543387232684117,on,connected,True,synthetic_device_spec_v11
synthetic_customer_008,cabinet_008,2026-09-02 06:20:00+00:00,1,1,1,1,True,True,False,23.827133563588955,-45.779240355679065,2.6397308885429784,4.013481318835477,24.74281531333865,0.0,0.0,on,connected,True,synthetic_device_spec_v11
synthetic_customer_008,cabinet_008,2026-09-02 06:30:00+00:00,1,1,1,1,True,True,False,23.9153459503709,-46.99208646372643,2.539400362292459,3.995547313900363,24.31265186235158,0.0,0.022978515353929627,on,connected,True,synthetic_device_spec_v11
synthetic_customer_008,cabinet_008,2026-09-02 06:40:00+00:00,0,0,0,0,True,True,False,24.09443465389394,-46.85405257517214,2.3528101145869056,3.9294205037598804,25.061029514214404,0.00040122412200956396,0.0,on,connected,True,synthetic_device_spec_v11
synthetic_customer_008,cabinet_008,2026-09-02 06:50:00+00:00,0,0,0,0,True,True,False,24.01818106168358,-47.81714927885243,2.2282203610488236,4.0333801356283985,0.0,0.0,0.0,on,connected,True,synthetic_device_spec_v11
synthetic_customer_008,cabinet_008,2026-09-02 07:00:00+00:00,0,0,0,0,True,True,False,23.90452387921005,-47.9299000894236,1.9984370316514226,3.9757592872633327,0.0,0.0,0.0,on,connected,True,synthetic_device_spec_v11
synthetic_customer_008,cabinet_008,2026-09-02 07:10:00+00:00,0,0,0,0,True,True,False,24.130429616416762,-49.6759729519822,1.96904852718917,4.090261976366776,0.0,0.010558412597398013,8.478703420533567e-05,on,connected,True,synthetic_device_spec_v11
synthetic_customer_008,cabinet_008,2026-09-02 07:20:00+00:00,0,0,0,0,True,True,False,24.104117622995847,-47.13711964225689,1.8070990479525715,4.032775494254618,0.051415250185827426,0.0,0.015611442883178644,on,connected,True,synthetic_device_spec_v11
synthetic_customer_008,cabinet_008,2026-09-02 07:30:00+00:00,0,0,0,0,True,True,False,24.18678957120767,-47.88107589610255,1.6802273398699425,4.0082192661550415,0.0,0.0030330549428433653,0.007736788912549691,on,connected,True,synthetic_device_spec_v11
synthetic_customer_008,cabinet_008,2026-09-02 07:40:00+00:00,0,0,0,0,True,True,False,23.988103538411735,-47.814300303412,1.4693080114192378,3.9163372370685146,0.33307590166170836,0.0,0.0,on,connected,True,synthetic_device_spec_v11
synthetic_customer_008,cabinet_008,2026-09-02 07:50:00+00:00,0,0,0,0,True,True,False,24.0820804494959,-47.17842815478738,1.364001219024052,3.9396551112432014,0.24184770870831826,0.04199660182017731,0.0,on,connected,True,synthetic_device_spec_v11
synthetic_customer_008,cabinet_008,2026-09-02 08:00:00+00:00,0,0,0,0,True,True,False,23.933326104749394,-47.48263659507877,1.1790333945211242,4.029544389329658,0.0,0.015921116052217965,0.035097379002177666,on,connected,True,synthetic_device_spec_v11
synthetic_customer_008,cabinet_008,2026-09-02 08:10:00+00:00,0,0,0,0,True,True,False,24.17198509653756,-48.797453365041875,1.0770712540132192,3.924631826963016,0.5288759180932749,0.0,0.012713308283039376,on,connected,True,synthetic_device_spec_v11
synthetic_customer_008,cabinet_008,2026-09-02 08:20:00+00:00,0,0,0,0,True,True,False,24.09907380847198,-49.000842001998244,0.8928170666126135,4.033030266662262,0.0,0.012402895547038467,0.0,on,connected,True,synthetic_device_spec_v11
synthetic_customer_008,cabinet_008,2026-09-02 08:30:00+00:00,0,0,0,0,True,True,False,24.12227279607099,-49.119370368690866,0.8060042858694094,3.9990280160504756,0.2619791622310938,0.0,0.028237005641730404,on,connected,True,synthetic_device_spec_v11
synthetic_customer_008,cabinet_008,2026-09-02 08:40:00+00:00,0,0,0,0,True,True,False,24.090223620143288,-49.59103709672106,0.5904347911453233,3.933690066139217,0.6376028453458844,0.009847392327548433,0.0011279754688276384,on,connected,True,synthetic_device_spec_v11
synthetic_customer_008,cabinet_008,2026-09-02 08:50:00+00:00,0,0,0,0,True,True,False,23.778566823500032,-46.40713685076345,0.5669478964824755,4.011759322912589,0.11030157428051483,0.008047092271727405,0.0,on,connected,True,synthetic_device_spec_v11
synthetic_customer_008,cabinet_008,2026-09-02 09:00:00+00:00,0,0,0,0,True,True,False,23.35501756198245,-47.86770569049483,0.33803655163329976,4.111349147556289,0.25375205783487825,0.034997440505731475,0.0,on,connected,True,synthetic_device_spec_v11
synthetic_customer_008,cabinet_008,2026-09-02 09:10:00+00:00,0,0,0,0,True,True,False,22.897485277069112,-47.35894422685848,0.3207001138080825,3.996469771604046,0.12354291602970964,0.0,0.0,on,connected,True,synthetic_device_spec_v11
synthetic_customer_008,cabinet_008,2026-09-02 09:20:00+00:00,0,0,0,0,True,True,False,22.031749745805634,-46.60302588362434,0.25126881856564603,4.038372246746535,0.0,0.001290400375579408,0.010618521449428398,on,connected,True,synthetic_device_spec_v11
synthetic_customer_008,cabinet_008,2026-09-02 09:30:00+00:00,0,0,0,0,True,True,False,22.06955936156741,-49.15790361248813,0.20090081695558842,4.005830942842301,0.0,0.014588169851931801,0.008970747969153871,on,connected,True,synthetic_device_spec_v11
synthetic_customer_008,cabinet_008,2026-09-02 09:40:00+00:00,0,0,0,0,True,True,False,21.38375105861677,-48.53584339507883,2.1987741364729905,3.9758763068516365,0.0,0.0,0.027677524604832224,on,connected,True,synthetic_device_spec_v11
synthetic_customer_008,cabinet_008,2026-09-02 09:50:00+00:00,0,0,0,0,True,True,False,21.066149981174608,-46.41976980585515,2.118288041732857,4.0790139274671375,0.0,0.0,0.0,on,connected,True,synthetic_device_spec_v11
synthetic_customer_008,cabinet_008,2026-09-02 10:00:00+00:00,0,0,0,0,True,True,False,20.456689963425948,-47.022077715350655,2.2062103003815032,3.9851321467041343,0.3300126343989672,0.0,0.005943058665542836,on,connected,True,synthetic_device_spec_v11
synthetic_customer_008,cabinet_008,2026-09-02 10:10:00+00:00,0,0,0,0,True,True,False,19.894483296344298,-47.5067808825518,2.178907233970866,4.016112018540519,0.07917771385823312,0.0,0.0016425281248669027,on,connected,True,synthetic_device_spec_v11
synthetic_customer_008,cabinet_008,2026-09-02 10:20:00+00:00,0,0,0,0,True,True,False,19.622235279088386,-49.127625315212654,2.1736663465578667,4.043908626965686,0.23250061713959586,0.0,0.0,on,connected,True,synthetic_device_spec_v11
synthetic_customer_008,cabinet_008,2026-09-02 10:30:00+00:00,0,0,0,0,True,True,False,19.144934599116418,-49.1501499789704,3.0442414685309203,3.93035847866016,0.0,0.033310394181691516,0.0,on,connected,True,synthetic_device_spec_v11
synthetic_customer_008,cabinet_008,2026-09-02 10:40:00+00:00,0,0,0,0,True,True,False,18.830263513481164,-46.887211079076444,2.9283852133722474,4.097671383377124,0.0,0.0,0.037879884716046426,on,connected,True,synthetic_device_spec_v11
synthetic_customer_008,cabinet_008,2026-09-02 11:20:00+00:00,0,0,0,0,True,True,False,23.924415609723674,-48.04812598573152,2.9451228171426242,5.345066091264381,1.0559609985600984,0.0,0.18337259684843277,on,connected,True,synthetic_device_spec_v11
synthetic_customer_008,cabinet_008,2026-09-02 11:30:00+00:00,0,0,0,0,True,True,False,23.81719451600324,-48.786484217031976,2.988073087117169,5.686728300029184,0.0,0.0,0.246429947322559,on,connected,True,synthetic_device_spec_v11
synthetic_customer_008,cabinet_008,2026-09-02 11:40:00+00:00,0,0,0,0,True,True,False,23.93428344911409,-47.620953515032525,3.0762242498891346,6.030756927054054,0.0,0.0,0.2763431168791114,on,connected,True,synthetic_device_spec_v11
synthetic_customer_008,cabinet_008,2026-09-02 11:50:00+00:00,0,0,0,0,True,True,False,23.93166253830962,-47.40793278547067,2.992335189095965,6.30416001870773,0.0,0.0,0.310871729748009,on,connected,True,synthetic_device_spec_v11
synthetic_customer_008,cabinet_008,2026-09-02 12:00:00+00:00,0,0,0,0,True,True,False,23.89902734773274,-47.43349519310761,3.039388149703165,6.6666419740356,0.9821762194264109,0.00807595561674433,0.3242263632134116,on,connected,True,synthetic_device_spec_v11
synthetic_customer_008,cabinet_008,2026-09-02 12:10:00+00:00,1,1,1,1,True,True,False,23.98505448944539,-47.91203096168289,2.9564073052144266,7.042639336961057,0.0,0.0077067452297414395,0.3802022253170347,on,connected,True,synthetic_device_spec_v11
synthetic_customer_008,cabinet_008,2026-09-02 12:20:00+00:00,0,1,1,0,True,True,False,23.783942182123443,-47.63319820962136,2.956022057307586,7.034730103894805,1.2932399417336153,0.03006776510126241,0.3887061162923435,on,connected,True,synthetic_device_spec_v11
synthetic_customer_008,cabinet_008,2026-09-02 12:30:00+00:00,0,1,1,0,True,True,False,23.919470604808815,-48.71860112145091,3.0513177574745676,7.005998340411228,0.0,0.0,0.4328640944553867,on,connected,True,synthetic_device_spec_v11
synthetic_customer_008,cabinet_008,2026-09-02 12:40:00+00:00,0,0,0,0,True,True,False,23.898958394260674,-48.46198444339489,3.008295181596553,6.903420616696779,0.179916402496783,0.004588670112670676,0.399157110193592,on,connected,True,synthetic_device_spec_v11
synthetic_customer_008,cabinet_008,2026-09-02 12:50:00+00:00,0,0,0,0,True,True,False,24.061578075638348,-48.20219467184033,3.099982382524999,7.078952794163563,0.0,0.0046662312525501265,0.3750388813736999,on,connected,True,synthetic_device_spec_v11
synthetic_customer_008,cabinet_008,2026-09-02 13:00:00+00:00,0,0,0,0,True,True,False,23.988630696622273,-47.85149232427992,3.0045745592061297,6.959279620110163,0.1835664072660621,0.02907727697855336,0.4013093352628869,on,connected,True,synthetic_device_spec_v11
synthetic_customer_008,cabinet_008,2026-09-02 13:10:00+00:00,0,0,0,0,True,True,False,23.876374048086646,-48.71870103997316,3.013999865038432,6.8919066705011565,0.9003014026518328,0.0,0.382116834492157,on,connected,True,synthetic_device_spec_v11
synthetic_customer_008,cabinet_008,2026-09-02 13:20:00+00:00,0,0,0,0,True,True,False,24.144325075958147,-48.513968379848194,3.0316561432291134,3.954947895662783,0.0,0.0,0.0,on,connected,True,synthetic_device_spec_v11
synthetic_customer_008,cabinet_008,2026-09-02 13:30:00+00:00,0,0,0,0,True,True,False,24.057404065679016,-47.11574179464933,3.0070213559819243,3.963340585047127,0.38141996041640147,0.0017286220051105008,0.0,on,connected,True,synthetic_device_spec_v11
synthetic_customer_008,cabinet_008,2026-09-02 13:40:00+00:00,0,0,0,0,True,True,False,23.986113949004753,-47.98318055511964,3.001614604814896,3.9496307257363257,0.0,0.0,0.02017301618021823,on,connected,True,synthetic_device_spec_v11
synthetic_customer_008,cabinet_008,2026-09-02 13:50:00+00:00,0,0,0,0,True,True,False,24.176662566197304,-49.29567603651532,3.0169948276055907,4.035051881202262,0.07319020077365286,0.0,0.0,on,connected,True,synthetic_device_spec_v11
synthetic_customer_008,cabinet_008,2026-09-02 14:00:00+00:00,0,0,0,0,True,True,False,23.978773996463744,-45.70262075749131,3.0572014146602466,4.038597034993904,0.0,0.026431515589535177,0.007038163589103698,on,connected,True,synthetic_device_spec_v11
synthetic_customer_008,cabinet_008,2026-09-02 14:10:00+00:00,0,0,0,0,True,True,False,24.034070890451932,-48.67934106788212,2.9608181891935166,4.099426779305962,0.0,0.0,0.0,on,connected,True,synthetic_device_spec_v11
synthetic_customer_008,cabinet_008,2026-09-02 14:20:00+00:00,0,0,0,0,True,True,False,23.953448331137672,-49.036390121652296,2.985095311821576,4.127431165129638,0.861977137478172,0.0,0.0,on,connected,True,synthetic_device_spec_v11
synthetic_customer_008,cabinet_008,2026-09-02 14:30:00+00:00,0,0,0,0,True,True,False,24.115421309884262,-47.56711825918546,2.9926178831025982,3.9784717169533663,0.8091224896119127,0.04019047690072014,0.018226628902919994,on,connected,True,synthetic_device_spec_v11
synthetic_customer_008,cabinet_008,2026-09-02 14:40:00+00:00,0,0,0,0,True,True,False,24.21246767441489,-48.982424767124705,3.0714612729185466,3.8918265486136003,0.479416639785106,0.0,0.0,on,connected,True,synthetic_device_spec_v11
synthetic_customer_008,cabinet_008,2026-09-02 14:50:00+00:00,0,0,0,0,True,True,False,23.96672663838923,-48.9415705578856,3.0035545498415575,4.002471856335949,0.0,0.0,0.0,on,connected,True,synthetic_device_spec_v11
synthetic_customer_008,cabinet_008,2026-09-02 15:00:00+00:00,0,0,0,0,True,True,False,24.15870506869593,-48.93934780306475,3.0471280096367055,4.0446154727114525,0.0,0.0,0.0,on,connected,True,synthetic_device_spec_v11
synthetic_customer_008,cabinet_008,2026-09-02 15:10:00+00:00,0,0,0,0,True,True,False,24.04139807641497,-47.70132273735223,3.035335471305421,3.9716826924921884,0.0,0.0,0.0,on,connected,True,synthetic_device_spec_v11
synthetic_customer_008,cabinet_008,2026-09-02 15:20:00+00:00,0,0,0,0,True,True,False,23.897747099291713,-49.8097247024872,3.025500969879623,4.032602810261753,0.0,0.03763038987860199,0.0,on,connected,True,synthetic_device_spec_v11
synthetic_customer_008,cabinet_008,2026-09-02 15:30:00+00:00,0,0,0,0,True,True,False,23.97511145135116,-54.26021833723862,3.0089665181154106,4.0130396899450425,0.0,0.11477558250006377,0.011855978709789756,on,connected,True,synthetic_device_spec_v11
synthetic_customer_008,cabinet_008,2026-09-02 15:40:00+00:00,0,0,0,0,True,True,False,23.82853569778282,-55.679354089447045,3.0227888933062417,4.04144402663399,0.48043516588066254,0.16850287475649356,0.0,on,connected,True,synthetic_device_spec_v11
synthetic_customer_008,cabinet_008,2026-09-02 15:50:00+00:00,0,0,0,0,True,True,False,24.059227047305203,-59.63575572226135,2.9401784732957026,3.9855071229767933,0.020800171792095673,0.20337797920029566,0.0,on,connected,True,synthetic_device_spec_v11
synthetic_customer_008,cabinet_008,2026-09-02 16:00:00+00:00,0,0,0,0,True,True,False,24.08711780390194,-62.75417466048162,2.999372432571036,3.977425229720369,0.37956273026122295,0.2563876918343329,0.021423240331649284,on,connected,True,synthetic_device_spec_v11
synthetic_customer_008,cabinet_008,2026-09-02 16:10:00+00:00,0,0,0,0,True,True,False,24.03678575920979,-67.12854114730193,2.982567061302885,3.9405812249560195,0.5087997697672498,0.32967375521813613,0.012326572779315896,on,connected,True,synthetic_device_spec_v11
synthetic_customer_008,cabinet_008,2026-09-02 16:20:00+00:00,0,0,0,0,True,True,False,23.908867419336474,-72.24479174396109,2.8966159867958305,3.9609109030122838,0.23573306560864277,0.37073946028434596,0.0,on,connected,True,synthetic_device_spec_v11
synthetic_customer_008,cabinet_008,2026-09-02 16:30:00+00:00,0,0,0,0,True,True,False,23.790133292863676,-75.1813130213799,3.079245484474083,4.021628713651248,0.1313998667191343,0.44746713682739203,0.006488588010198715,on,connected,True,synthetic_device_spec_v11
synthetic_customer_008,cabinet_008,2026-09-02 16:40:00+00:00,0,0,0,0,True,True,False,23.964259129140494,-77.19233099858899,3.017662895446567,4.02641921676249,0.01810116948754238,0.5396502289244977,0.012887184378236993,on,connected,True,synthetic_device_spec_v11
synthetic_customer_008,cabinet_008,2026-09-02 16:50:00+00:00,0,0,0,0,True,True,False,23.969563148216633,-79.05919848750216,2.988039257036295,4.058510117583176,0.20174267547159266,0.6042662976281067,0.0,on,connected,True,synthetic_device_spec_v11
synthetic_customer_008,cabinet_008,2026-09-02 17:00:00+00:00,0,0,0,0,True,True,False,23.958314572438994,-84.86007100540012,2.943999443582479,4.065438555243941,0.0,0.7020650652025383,0.0,on,connected,True,synthetic_device_spec_v11
synthetic_customer_008,cabinet_008,2026-09-02 18:20:00+00:00,1,1,1,1,True,True,False,24.024424100723373,-48.4381901202922,3.020920106251093,4.074256975343216,0.6037233130156452,0.0,0.0,on,connected,True,synthetic_device_spec_v11
synthetic_customer_008,cabinet_008,2026-09-02 18:30:00+00:00,1,1,1,1,True,True,False,24.003537151397314,-48.24734123529497,2.9242691554023215,3.9991808931895134,0.0,0.02639992021320861,0.02017071399433442,on,connected,True,synthetic_device_spec_v11
synthetic_customer_008,cabinet_008,2026-09-02 18:40:00+00:00,0,0,0,0,True,True,False,23.89120043677164,-47.32607930694875,3.0418721757349316,4.07734842119436,0.0,0.0,0.0,on,connected,True,synthetic_device_spec_v11
synthetic_customer_008,cabinet_008,2026-09-02 18:50:00+00:00,0,0,0,0,True,True,False,23.747664267859843,-47.85166376922867,2.986905256734522,4.013560439240095,0.3434080114819288,0.0,0.022791731171005268,on,connected,True,synthetic_device_spec_v11
synthetic_customer_008,cabinet_008,2026-09-02 19:00:00+00:00,0,0,0,0,True,True,False,24.07950168926287,-48.33856345519753,2.92274124616013,3.9342755189343297,0.8300313874480387,0.006185174005559397,0.0,on,connected,True,synthetic_device_spec_v11
synthetic_customer_008,cabinet_008,2026-09-02 19:10:00+00:00,0,0,0,0,True,True,False,24.09335415468559,-48.10039608685261,3.0287514578955506,4.060179260846661,0.0,0.0,0.01502293749495549,on,connected,True,synthetic_device_spec_v11
synthetic_customer_008,cabinet_008,2026-09-02 19:20:00+00:00,0,0,0,0,True,True,False,24.092293849259423,-46.467368963190076,2.9765017690031805,4.046665410477362,0.0,0.008450516169447302,0.02399360359611834,on,connected,True,synthetic_device_spec_v11
synthetic_customer_008,cabinet_008,2026-09-02 19:30:00+00:00,0,0,0,0,True,True,False,23.922347137392354,-47.894695794510426,2.9837173631768197,4.023821774029815,0.0,0.0,0.012499136005097847,on,connected,True,synthetic_device_spec_v11
synthetic_customer_008,cabinet_008,2026-09-02 19:40:00+00:00,0,0,0,0,True,True,False,24.068384908343845,-48.50561635566811,3.000172976405617,3.903437778572462,0.037015110880000215,0.025411768233451305,0.0,on,connected,True,synthetic_device_spec_v11
synthetic_customer_008,cabinet_008,2026-09-02 19:50:00+00:00,0,0,0,0,True,True,False,23.89150759583503,-47.8404949112078,2.9290753676298658,3.914779479939061,0.0,0.02246532176938486,0.0,on,connected,True,synthetic_device_spec_v11
synthetic_customer_008,cabinet_008,2026-09-02 20:00:00+00:00,0,0,0,0,True,True,False,24.052610006268853,-49.0514930789919,2.8938202767981203,4.028189431484364,0.4002950370771976,0.0,0.016299694374299137,on,connected,True,synthetic_device_spec_v11
synthetic_customer_008,cabinet_008,2026-09-02 20:10:00+00:00,0,0,0,0,True,True,False,24.026129288633864,-48.98261753049462,2.926206495199714,4.044241316527658,0.3878685008171815,0.0,0.002068237967917153,on,connected,True,synthetic_device_spec_v11
synthetic_customer_008,cabinet_008,2026-09-02 20:20:00+00:00,0,0,0,0,True,True,False,24.102701068753408,-45.98729700355855,3.0268629756312584,3.987150364685722,0.0,0.0,0.0005170635255994711,on,connected,True,synthetic_device_spec_v11
synthetic_customer_008,cabinet_008,2026-09-02 20:30:00+00:00,0,0,0,0,True,True,False,24.040855894001844,-47.934001881777654,3.04570763167866,3.9460762306625825,0.0,0.0,0.0,on,connected,True,synthetic_device_spec_v11
synthetic_customer_008,cabinet_008,2026-09-02 20:40:00+00:00,0,0,0,0,True,True,False,23.73357243751186,-47.28754551993162,3.0382777103891145,4.002458357976617,0.2549889650294548,0.0,0.005499374164106651,on,connected,True,synthetic_device_spec_v11
synthetic_customer_008,cabinet_008,2026-09-02 20:50:00+00:00,0,0,0,0,True,True,False,23.961749103879335,-48.673998606807885,3.0157937358014424,4.112672500166955,0.0,0.0,0.00019555988311211253,on,connected,True,synthetic_device_spec_v11
synthetic_customer_008,cabinet_008,2026-09-02 21:00:00+00:00,0,0,0,0,True,True,False,23.854954751109656,-49.17696061966698,2.919503014930095,4.07770999143842,0.0,0.0,0.0,on,connected,True,synthetic_device_spec_v11
synthetic_customer_008,cabinet_008,2026-09-02 21:10:00+00:00,0,0,0,0,True,True,False,24.0691306210693,-47.765566208661056,2.9635797142101166,4.018094054691035,0.5160055322583865,0.0,0.0005374973761009231,on,connected,True,synthetic_device_spec_v11
synthetic_customer_008,cabinet_008,2026-09-02 21:20:00+00:00,0,0,0,0,True,True,False,23.97120032197215,-48.102824746911956,3.053350727643971,3.9716945038810776,0.0,0.0,0.021799440528031552,on,connected,True,synthetic_device_spec_v11
synthetic_customer_008,cabinet_008,2026-09-02 21:30:00+00:00,0,0,0,0,True,True,False,24.00474371308638,-47.70107403110774,3.0203166155418733,4.0381534952387605,0.0,0.0,0.0,on,connected,True,synthetic_device_spec_v11
synthetic_customer_008,cabinet_008,2026-09-02 21:40:00+00:00,0,0,0,0,True,True,False,23.91444994025866,-50.97763115429158,3.0210483429164556,4.036078557298936,0.0,0.02992214846084978,0.0,on,connected,True,synthetic_device_spec_v11
synthetic_customer_008,cabinet_008,2026-09-02 21:50:00+00:00,0,0,0,0,True,True,False,23.942294705674225,-49.293917736182486,3.013000122422393,4.048276986638414,0.10922076384593302,0.05703774990675651,0.0,on,connected,True,synthetic_device_spec_v11
synthetic_customer_008,cabinet_008,2026-09-02 22:00:00+00:00,0,0,0,0,True,True,False,24.02387099172202,-47.415649024348305,3.007818772106284,4.028530683313787,0.0,0.0,0.0,on,connected,True,synthetic_device_spec_v11
synthetic_customer_008,cabinet_008,2026-09-02 22:10:00+00:00,0,0,0,0,True,True,False,24.06494949273475,-48.27241742772061,2.982632319078959,4.058004260572737,0.0,0.0,0.0,on,connected,True,synthetic_device_spec_v11
synthetic_customer_008,cabinet_008,2026-09-02 22:20:00+00:00,0,0,0,0,True,True,False,24.242676681372625,-47.38326551821936,3.0639714525747346,4.006531947718851,0.0,0.020588112654265207,0.0,on,connected,True,synthetic_device_spec_v11
synthetic_customer_008,cabinet_008,2026-09-02 22:30:00+00:00,0,0,0,0,True,True,False,23.951401222682826,-47.99604058023647,2.9884947545192326,4.052830881762009,0.4926053133738701,0.0,0.0,on,connected,True,synthetic_device_spec_v11
synthetic_customer_008,cabinet_008,2026-09-02 22:40:00+00:00,0,0,0,0,True,True,False,24.007148229487864,-49.46042422092384,3.0069327507833052,3.9968216180826786,0.16667142022415044,0.0,0.0,on,connected,True,synthetic_device_spec_v11
synthetic_customer_008,cabinet_008,2026-09-02 22:50:00+00:00,0,0,0,0,True,True,False,24.19095531605399,-47.61885161607199,2.949690821794923,4.024187409016937,0.4177253896147388,0.02145828849932517,0.009478169322758663,on,connected,True,synthetic_device_spec_v11
synthetic_customer_008,cabinet_008,2026-09-02 23:00:00+00:00,0,0,0,0,True,True,False,24.042983605189725,-48.1507810961868,2.9970349552879885,3.9272286088784827,0.0,0.0,0.0,on,connected,True,synthetic_device_spec_v11
synthetic_customer_008,cabinet_008,2026-09-02 23:10:00+00:00,0,0,0,0,True,True,False,23.993778416054905,-47.94781004670912,3.010422308823509,3.985301406145979,0.2059118002587927,0.0,0.0,on,connected,True,synthetic_device_spec_v11
synthetic_customer_008,cabinet_008,2026-09-02 23:20:00+00:00,0,0,0,0,True,True,False,23.83165253301093,-48.858229859795216,2.9993995295013276,4.029619808597635,0.4071917717261675,0.0,0.0,on,connected,True,synthetic_device_spec_v11
synthetic_customer_008,cabinet_008,2026-09-02 23:30:00+00:00,0,0,0,0,True,True,False,23.928097198412082,-47.150919800963656,3.010034967079358,3.925673841900425,0.0,0.0,0.023519397601020765,on,connected,True,synthetic_device_spec_v11
synthetic_customer_008,cabinet_008,2026-09-02 23:40:00+00:00,0,0,0,0,True,True,False,23.827997744954242,-47.59483624910433,2.995146374560466,3.9591120120808023,0.0,0.0,0.0,on,connected,True,synthetic_device_spec_v11
synthetic_customer_008,cabinet_008,2026-09-02 23:50:00+00:00,0,0,0,0,True,True,False,24.218709749079327,-50.217886075153785,2.9757960747084184,4.012987685698317,0.9393023784047875,0.0,0.00023022274260458295,on,connected,True,synthetic_device_spec_v11
synthetic_customer_008,cabinet_008,2026-09-03 00:00:00+00:00,0,0,0,0,True,True,False,24.07771048768977,-48.79247985719525,2.974059828166398,4.045982409786061,0.0,0.036091344260043824,0.03781347887299613,on,connected,True,synthetic_device_spec_v11
synthetic_customer_008,cabinet_008,2026-09-03 00:10:00+00:00,1,1,1,1,True,True,False,23.959656552243906,-48.4869082779215,2.9860140372254507,4.110061374628786,0.0,0.0,0.004741065888010645,on,connected,True,synthetic_device_spec_v11
synthetic_customer_008,cabinet_008,2026-09-03 00:20:00+00:00,1,1,1,1,True,True,False,24.13715497665338,-47.70996187780632,3.018849939185192,4.057787572518373,0.19859344833917378,0.0,0.0021378474247152777,on,connected,True,synthetic_device_spec_v11
synthetic_customer_008,cabinet_008,2026-09-03 00:30:00+00:00,1,1,1,1,True,True,False,24.02282025844183,-49.53004246893557,3.017039749234182,4.071900752018828,0.22275841035195965,0.008813088457122465,0.00693731355536416,on,connected,True,synthetic_device_spec_v11
synthetic_customer_008,cabinet_008,2026-09-03 00:40:00+00:00,0,0,0,0,True,True,False,23.815648050946024,-48.04607378288407,2.9872717478269695,3.9753150706532234,0.0,0.014817033740934814,0.0,on,connected,True,synthetic_device_spec_v11
synthetic_customer_008,cabinet_008,2026-09-03 00:50:00+00:00,0,0,0,0,True,True,False,23.965514821210263,-49.62314619850322,3.0086498589277633,3.966048469875866,0.0,0.026979817522153088,0.02921856839257691,on,connected,True,synthetic_device_spec_v11
synthetic_customer_008,cabinet_008,2026-09-03 01:00:00+00:00,0,0,0,0,True,True,False,24.145886503046476,-46.55129615569429,3.0359029657837744,4.0272842651981975,0.575517239375108,0.009680006101937807,0.0008872269268184767,on,connected,True,synthetic_device_spec_v11
synthetic_customer_008,cabinet_008,2026-09-03 01:10:00+00:00,0,0,0,0,True,True,False,24.133953208965877,-47.80229924884111,2.922417043349034,4.031165859210694,0.0,0.009827052796183405,0.0,on,connected,True,synthetic_device_spec_v11
synthetic_customer_008,cabinet_008,2026-09-03 01:20:00+00:00,0,0,0,0,True,True,False,23.961830590090138,-47.119119927509594,3.0178299707487515,3.9609443206860497,0.0,0.0,0.0,on,connected,True,synthetic_device_spec_v11
synthetic_customer_008,cabinet_008,2026-09-03 01:30:00+00:00,0,0,0,0,True,True,False,24.09445589009298,-48.93027443964018,2.9471166744589117,4.058528877407886,0.45895432983191503,0.0,0.006478004656719467,on,connected,True,synthetic_device_spec_v11
synthetic_customer_008,cabinet_008,2026-09-03 01:40:00+00:00,0,0,0,0,True,True,False,23.97023109566044,-47.3256555265908,3.0527752789306155,4.075010314571531,0.1332485889503194,0.006330013946395788,0.026382020394603144,on,connected,True,synthetic_device_spec_v11
synthetic_customer_008,cabinet_008,2026-09-03 01:50:00+00:00,0,0,0,0,True,True,False,24.002080629242155,-50.83305998903973,3.045065863967781,3.937657702122253,0.03952789847647317,0.008280725397653965,0.0,on,connected,True,synthetic_device_spec_v11
synthetic_customer_008,cabinet_008,2026-09-03 02:00:00+00:00,0,0,0,0,True,True,False,23.94904247358346,-48.22929506335477,2.9608160352730746,3.9306562449545637,0.0,0.005623812961602602,0.0045918106018588015,on,connected,True,synthetic_device_spec_v11
synthetic_customer_008,cabinet_008,2026-09-03 02:10:00+00:00,0,0,0,0,True,True,False,23.875609400679576,-46.270105054912186,3.000457614382747,3.973838613787393,0.0,0.02788808134230434,0.0,on,connected,True,synthetic_device_spec_v11
synthetic_customer_008,cabinet_008,2026-09-03 02:20:00+00:00,0,0,0,0,True,True,False,23.91954123923972,-50.17756717787599,2.9746933632238037,3.930465737648125,0.39715523643422596,0.004299149324350871,0.0,on,connected,True,synthetic_device_spec_v11
synthetic_customer_008,cabinet_008,2026-09-03 02:30:00+00:00,0,0,0,0,True,True,False,24.128163687942475,-48.09539417367124,2.9876567292486427,4.003185161276158,0.0,0.0041314584067951585,0.012541458306141158,on,connected,True,synthetic_device_spec_v11
synthetic_customer_008,cabinet_008,2026-09-03 02:40:00+00:00,0,0,0,0,True,True,False,24.006096419833607,-47.5634103087805,2.975154394787928,3.974475483726525,0.0,0.007656863819946784,0.007634737599269953,on,connected,True,synthetic_device_spec_v11
synthetic_customer_008,cabinet_008,2026-09-03 02:50:00+00:00,0,0,0,0,True,True,False,23.87623317819894,-47.423670551972776,2.9318404361404244,4.010666726747927,0.9809501142939355,0.01334429639867919,0.007851422888438713,on,connected,True,synthetic_device_spec_v11
synthetic_customer_008,cabinet_008,2026-09-03 03:00:00+00:00,0,0,0,0,True,True,False,24.096993926848853,-47.83620524663749,2.9586648193186433,4.0011909672089185,0.0,0.0,0.003805061288238383,on,connected,True,synthetic_device_spec_v11
synthetic_customer_008,cabinet_008,2026-09-03 03:10:00+00:00,0,0,0,0,True,True,False,24.05671628717243,-48.50301180930763,3.0073326745358764,4.036365481325928,0.0,0.0,0.0,on,connected,True,synthetic_device_spec_v11
synthetic_customer_008,cabinet_008,2026-09-03 03:20:00+00:00,0,0,0,0,True,True,False,24.17076282071936,-47.22498204121104,2.9692440234388586,3.845283956264381,0.6649988023464383,0.0,0.019025955033072233,on,connected,True,synthetic_device_spec_v11
synthetic_customer_008,cabinet_008,2026-09-03 03:30:00+00:00,0,0,0,0,True,True,False,23.84574536102336,-48.39666139011435,3.011862729473691,3.9667915312284143,0.27438657255587107,0.0,0.003320629435171023,on,connected,True,synthetic_device_spec_v11
synthetic_customer_008,cabinet_008,2026-09-03 03:40:00+00:00,0,0,0,0,True,True,False,24.080649054728774,-47.67223835599436,3.075831537546773,4.009837306784568,0.21837666984238527,0.0,0.0,on,connected,True,synthetic_device_spec_v11
synthetic_customer_008,cabinet_008,2026-09-03 03:50:00+00:00,0,0,0,0,True,True,False,24.196897899858023,-50.54146937576474,2.9879104799004095,4.067235586601442,0.0,0.0,0.0,on,connected,True,synthetic_device_spec_v11
synthetic_customer_008,cabinet_008,2026-09-03 04:00:00+00:00,0,0,0,0,True,True,False,24.18191149323112,-46.25785677193641,2.973007999447023,4.0319319615936635,0.0,0.0,0.010746132508167002,on,connected,True,synthetic_device_spec_v11
synthetic_customer_008,cabinet_008,2026-09-03 04:10:00+00:00,0,0,0,0,True,True,False,23.99123963932704,-48.63947400467874,2.9130682658989895,4.019503318349605,0.0,0.0,0.0032345524407474693,on,connected,True,synthetic_device_spec_v11
synthetic_customer_008,cabinet_008,2026-09-03 04:20:00+00:00,0,0,0,0,True,True,False,23.93314170044561,-47.00749485388414,2.991782173107509,3.9534467771782293,0.0,0.0,0.0,on,connected,True,synthetic_device_spec_v11
synthetic_customer_008,cabinet_008,2026-09-03 04:30:00+00:00,0,0,0,0,True,True,False,24.129316350454353,-48.16066877101865,3.074970690027239,4.019238833633069,0.0,0.0,0.0,on,connected,True,synthetic_device_spec_v11
synthetic_customer_008,cabinet_008,2026-09-03 04:40:00+00:00,0,0,0,0,True,True,False,23.824204584084196,-47.38013023481827,2.9607777167040927,3.984085232895999,0.7203938905241148,0.0,0.023115791667685584,on,connected,True,synthetic_device_spec_v11
synthetic_customer_008,cabinet_008,2026-09-03 04:50:00+00:00,0,0,0,0,True,True,False,24.033779147306138,-48.47858036296629,2.9410825894011023,3.8749930582229046,0.447124984946979,0.027298878351955626,0.0008334879049812274,on,connected,True,synthetic_device_spec_v11
synthetic_customer_008,cabinet_008,2026-09-03 05:00:00+00:00,0,0,0,0,True,True,False,23.82000629962336,-48.939960827204736,3.088331082916341,3.9137006153654736,0.43114559550448533,0.004195307488281598,0.002847265743301592,on,connected,True,synthetic_device_spec_v11
synthetic_customer_008,cabinet_008,2026-09-03 05:10:00+00:00,0,0,0,0,True,True,False,23.800502287044715,-47.59985734362892,3.0388072395094436,3.943317052204049,0.024145923835481496,0.015021657182374132,0.01870768398870054,on,connected,True,synthetic_device_spec_v11
synthetic_customer_008,cabinet_008,2026-09-03 05:20:00+00:00,0,0,0,0,True,True,False,23.991846537815167,-47.36452395466591,3.000989164522749,3.9675977701222114,0.2635227618443169,0.0,0.019116005022355113,on,connected,True,synthetic_device_spec_v11
synthetic_customer_008,cabinet_008,2026-09-03 05:30:00+00:00,0,0,0,0,True,True,False,24.17362563744908,-48.93680708248386,2.9824637453168936,4.016350342246688,0.0,0.0038867044854367823,0.0,on,connected,True,synthetic_device_spec_v11
synthetic_customer_008,cabinet_008,2026-09-03 05:40:00+00:00,0,0,0,0,True,True,False,23.77595173531978,-47.27023713069478,2.9941877439460636,3.9508937055338933,0.0,0.0,0.01755128732178262,on,connected,True,synthetic_device_spec_v11
synthetic_customer_008,cabinet_008,2026-09-03 05:50:00+00:00,0,0,0,0,True,True,False,23.93339809933709,-46.92055916399514,2.990608643278406,3.9732362625660165,0.0018936837804308876,0.0,0.0028289662982131964,on,connected,True,synthetic_device_spec_v11
synthetic_customer_008,cabinet_008,2026-09-03 06:00:00+00:00,0,0,0,0,True,True,False,23.698680542683476,-47.931119752716505,3.03076708697318,4.017275027467147,0.5239454853769476,0.0,0.0,on,connected,True,synthetic_device_spec_v11
synthetic_customer_008,cabinet_008,2026-09-03 06:10:00+00:00,1,1,1,1,True,True,False,24.055659698300992,-48.654198767581676,3.0708844059458373,3.956830159163327,0.0,0.028047298439252563,0.011215357302564687,on,connected,True,synthetic_device_spec_v11
synthetic_customer_008,cabinet_008,2026-09-03 06:20:00+00:00,1,1,1,1,True,True,False,24.015993946881572,-48.67310405834148,3.0033105120908283,4.071045881255854,0.0,0.008855299812439975,0.0,on,connected,True,synthetic_device_spec_v11
synthetic_customer_008,cabinet_008,2026-09-03 06:30:00+00:00,1,1,1,1,True,True,False,24.01831946549844,-48.6662194758639,3.084653238400852,3.987004482680535,0.04065268468955345,0.0,0.004772450108893413,on,connected,True,synthetic_device_spec_v11
synthetic_customer_008,cabinet_008,2026-09-03 06:40:00+00:00,0,0,0,0,True,True,False,24.415081977804366,-48.17383647888146,3.105528680072164,3.9805999956642433,0.0,0.0,0.0,on,connected,True,synthetic_device_spec_v11
synthetic_customer_008,cabinet_008,2026-09-03 06:50:00+00:00,0,0,0,0,True,True,False,23.97035738278918,-47.68688884157839,3.0419574700502867,4.024435874113039,0.5550091790141118,0.04693099646125663,0.024780336051330874,on,connected,True,synthetic_device_spec_v11
synthetic_customer_008,cabinet_008,2026-09-03 07:00:00+00:00,0,0,0,0,True,True,False,24.05526716263914,-46.40097644510334,3.0103665498974355,4.077077123593207,0.3193372623254647,0.015560678144165653,0.0,on,connected,True,synthetic_device_spec_v11
synthetic_customer_008,cabinet_008,2026-09-03 07:10:00+00:00,0,0,0,0,True,True,False,23.908446083355255,-47.466892930364,3.002903316878152,4.017997776522645,0.0,0.029986471143606863,0.0,on,connected,True,synthetic_device_spec_v11
synthetic_customer_008,cabinet_008,2026-09-03 07:20:00+00:00,0,0,0,0,True,True,False,24.068069546047703,-48.437393507003016,2.9701754119874724,4.00869599108147,0.0,0.014968885606408827,0.004997844444415504,on,connected,True,synthetic_device_spec_v11
synthetic_customer_008,cabinet_008,2026-09-03 07:30:00+00:00,0,0,0,0,True,True,False,24.149198267111544,-47.89866213688977,2.8680154395844633,4.004481881209187,0.0,0.0,0.007819995199898146,on,connected,True,synthetic_device_spec_v11
synthetic_customer_008,cabinet_008,2026-09-03 07:40:00+00:00,0,0,0,0,True,True,False,24.183248127344523,-46.52082669671117,2.7351670179502476,3.887169964333744,0.0,0.0,0.021678665623047034,on,connected,True,synthetic_device_spec_v11
synthetic_customer_008,cabinet_008,2026-09-03 07:50:00+00:00,0,0,0,0,True,True,False,24.079638223762387,-47.459789121601666,2.5631121319287864,4.061178272672998,0.31325082235522944,0.0,9.547415619574089e-05,on,connected,True,synthetic_device_spec_v11
synthetic_customer_008,cabinet_008,2026-09-03 08:00:00+00:00,0,0,0,0,True,True,False,24.05420166260335,-47.205395956973476,2.644153590826102,4.040028849231151,0.1530001869214741,0.008736348376178314,0.0,on,connected,True,synthetic_device_spec_v11
synthetic_customer_008,cabinet_008,2026-09-03 08:10:00+00:00,0,0,0,0,True,True,False,23.614904540495118,-46.91127427937849,2.464661406664054,3.9762629840603694,0.0,0.0,0.015235699845134756,on,connected,True,synthetic_device_spec_v11
synthetic_customer_008,cabinet_008,2026-09-03 08:20:00+00:00,0,0,0,0,True,True,False,23.454977522818716,-48.062679097867004,2.4687362727300624,4.075416626194369,0.0,0.04498950330382993,0.01560632834944648,on,connected,True,synthetic_device_spec_v11
synthetic_customer_008,cabinet_008,2026-09-03 08:30:00+00:00,0,0,0,0,True,True,False,23.295733179568593,-48.67900764320447,2.398393395094529,3.976005776460159,0.0,0.03041700156540251,0.0,on,connected,True,synthetic_device_spec_v11
synthetic_customer_008,cabinet_008,2026-09-03 08:40:00+00:00,0,0,0,0,True,True,False,22.84933004496492,-48.52373400557342,2.2758298574635036,4.0090973682654365,0.0,0.010995503163335068,0.0,on,connected,True,synthetic_device_spec_v11
synthetic_customer_008,cabinet_008,2026-09-03 08:50:00+00:00,0,0,0,0,True,True,False,22.77689519304164,-48.496618479141944,2.2236495434646146,3.939539002143258,0.0,0.0,0.023817045980275228,on,connected,True,synthetic_device_spec_v11
synthetic_customer_008,cabinet_008,2026-09-03 09:00:00+00:00,0,0,0,0,True,True,False,22.509641454885333,-47.82622660446185,2.2022559401995303,4.035117260696822,0.4292500917226208,0.0,0.0,on,connected,True,synthetic_device_spec_v11
synthetic_customer_008,cabinet_008,2026-09-03 09:10:00+00:00,0,0,0,0,True,True,False,22.01658941052767,-49.18586931488087,2.2648773541664546,4.005554410367232,0.0,0.034337835471264525,0.02342200804713543,on,connected,True,synthetic_device_spec_v11
synthetic_customer_008,cabinet_008,2026-09-03 09:20:00+00:00,0,0,0,0,True,True,False,21.78197803270916,-47.394809534733795,2.1654512585976615,3.984817515038996,0.0,0.0,0.0,on,connected,True,synthetic_device_spec_v11
synthetic_customer_008,cabinet_008,2026-09-03 09:30:00+00:00,0,0,0,0,True,True,False,21.471928494749587,-48.49894528865986,2.1835623654546694,4.077123393270612,0.060549326131712516,0.03881250044341325,0.002623299837921925,on,connected,True,synthetic_device_spec_v11
synthetic_customer_008,cabinet_008,2026-09-03 09:40:00+00:00,0,0,0,0,True,True,False,21.276685277677778,-48.660343321782385,2.2262740487218826,3.9870421251577373,0.597215970282479,0.018085144753869735,0.0,on,connected,True,synthetic_device_spec_v11
synthetic_customer_008,cabinet_008,2026-09-03 09:50:00+00:00,0,0,0,0,True,True,False,21.132635808467317,-48.094216236567725,2.137614557710175,3.8930183762505903,0.02956150602996644,0.004276457802125254,0.0,on,connected,True,synthetic_device_spec_v11
synthetic_customer_008,cabinet_008,2026-09-03 10:00:00+00:00,0,0,0,0,True,True,False,20.811046717236263,-49.03741296264563,2.2355446215037325,3.9591686645933075,0.4353492091221342,0.0,0.009100013080440058,on,connected,True,synthetic_device_spec_v11
synthetic_customer_008,cabinet_008,2026-09-03 10:10:00+00:00,0,0,0,0,True,True,False,20.44877887731325,-48.17779124160085,3.061103371285859,3.957776057528854,0.814873780846149,0.017391234092623855,0.04679709600195771,on,connected,True,synthetic_device_spec_v11
synthetic_customer_008,cabinet_008,2026-09-03 10:20:00+00:00,0,0,0,0,True,True,False,20.089745686907516,-48.072343765121644,2.958109435659599,4.0296687020207695,0.0,0.01023914672914411,0.02033073792869861,on,connected,True,synthetic_device_spec_v11
synthetic_customer_008,cabinet_008,2026-09-03 10:30:00+00:00,0,0,0,0,True,True,False,19.608692507443106,-47.54190374271968,3.014978385382289,3.920764383663507,0.0,0.023839359298290168,0.0,on,connected,True,synthetic_device_spec_v11
synthetic_customer_008,cabinet_008,2026-09-03 10:40:00+00:00,0,0,0,0,True,True,False,19.36678239694163,-47.39874850606455,2.980287229609465,3.9450346873260616,0.15409282984912404,0.04236524274956088,0.0,on,connected,True,synthetic_device_spec_v11
synthetic_customer_008,cabinet_008,2026-09-03 10:50:00+00:00,0,0,0,0,True,True,False,19.26928272381628,-49.148646488139406,2.999625996228462,4.033656903324511,0.1494991372991004,0.002427917988505725,0.0,on,connected,True,synthetic_device_spec_v11
synthetic_customer_008,cabinet_008,2026-09-03 11:00:00+00:00,0,0,0,0,True,True,False,18.845296981307726,-47.17579049520643,2.9278532956666763,4.038159820906189,0.15205145311352553,0.0,0.0,on,connected,True,synthetic_device_spec_v11
synthetic_customer_008,cabinet_008,2026-09-03 11:10:00+00:00,0,0,0,0,True,True,False,18.533060602921328,-46.195066692819644,2.9751151596677854,4.028792053218347,0.0,0.040559804893010136,0.002669161079221414,on,connected,True,synthetic_device_spec_v11
synthetic_customer_008,cabinet_008,2026-09-03 11:50:00+00:00,0,0,0,0,True,True,False,23.996399655516512,-47.49352503557792,3.015670614866842,4.053987130995369,0.3414906171803158,0.0,0.0,on,connected,True,synthetic_device_spec_v11
synthetic_customer_008,cabinet_008,2026-09-03 12:00:00+00:00,0,0,0,0,True,True,False,23.93880591070672,-48.29886470811598,3.013579336367835,4.023076471523701,0.31770815462550883,0.016782498300771605,0.03029124582795567,on,connected,True,synthetic_device_spec_v11
synthetic_customer_008,cabinet_008,2026-09-03 12:10:00+00:00,1,1,1,1,True,True,False,23.80414808047927,-47.921728931600676,3.061009987917235,4.011993496033297,0.0,0.012988206425419951,0.003986957737982888,on,connected,True,synthetic_device_spec_v11
synthetic_customer_008,cabinet_008,2026-09-03 12:20:00+00:00,1,1,1,1,True,True,False,23.913865910354613,-47.313751123751615,2.9706863734795452,3.8326567094602257,0.21401036892908096,0.0,0.021549908091085316,on,connected,True,synthetic_device_spec_v11
synthetic_customer_008,cabinet_008,2026-09-03 12:30:00+00:00,1,1,1,1,True,True,False,23.89861408714213,-48.934814745840235,3.036048028380016,3.935657013628921,0.0,0.0,0.0,on,connected,True,synthetic_device_spec_v11
synthetic_customer_008,cabinet_008,2026-09-03 12:40:00+00:00,0,0,0,0,True,True,False,23.805987982450485,-47.98255290997486,2.9943932462831553,3.9149784694641916,0.030060042393898572,0.008200315253771885,0.00536067848908178,on,connected,True,synthetic_device_spec_v11
synthetic_customer_008,cabinet_008,2026-09-03 12:50:00+00:00,0,0,0,0,True,True,False,24.045799907879903,-46.32722163756029,3.026093848455488,3.954450188693081,0.5432070254086266,0.0,0.02424391847261968,on,connected,True,synthetic_device_spec_v11
synthetic_customer_008,cabinet_008,2026-09-03 13:00:00+00:00,0,0,0,0,True,True,False,23.830250561654527,-48.38052593215997,2.9959676558151367,3.9333949098561964,0.18196745763074407,0.010499579584696956,0.0246053202327506,on,connected,True,synthetic_device_spec_v11
synthetic_customer_008,cabinet_008,2026-09-03 13:10:00+00:00,0,0,0,0,True,True,False,24.00769423916733,-45.24482521594841,2.9139416890078804,3.940955838030391,0.0,0.029563995288405965,0.0,on,connected,True,synthetic_device_spec_v11
synthetic_customer_008,cabinet_008,2026-09-03 13:20:00+00:00,0,0,0,0,True,True,False,23.92001418110355,-47.49819973016086,2.9265576911902715,4.095788173883755,0.21719160080087063,0.007837833917626475,0.0,on,connected,True,synthetic_device_spec_v11
synthetic_customer_008,cabinet_008,2026-09-03 13:30:00+00:00,0,0,0,0,True,True,False,23.926528800501952,-49.333101557805726,2.998250674359555,4.10437229187419,0.5256255380855981,0.0,0.015249003631983662,on,connected,True,synthetic_device_spec_v11
synthetic_customer_008,cabinet_008,2026-09-03 13:40:00+00:00,0,0,0,0,True,True,False,24.19412373732154,-48.71176665094875,2.9375724009905215,3.977080876529964,0.03412634406354019,0.026043953855496623,0.0,on,connected,True,synthetic_device_spec_v11
synthetic_customer_008,cabinet_008,2026-09-03 13:50:00+00:00,0,0,0,0,True,True,False,23.95943737325506,-46.78880685572288,2.9983621629140713,4.071232046642998,0.6328764793970609,0.023501374512204496,0.0,on,connected,True,synthetic_device_spec_v11
synthetic_customer_008,cabinet_008,2026-09-03 14:00:00+00:00,0,0,0,0,True,True,False,23.850159923976342,-47.997090220296016,2.986908105302787,4.071030585932012,0.1630669287473295,0.02407601661401023,0.017317092966646543,on,connected,True,synthetic_device_spec_v11
synthetic_customer_008,cabinet_008,2026-09-03 14:10:00+00:00,0,0,0,0,True,True,False,23.801505505398296,-50.04012341646703,3.02436788512341,4.0100806012301895,0.0,0.023176374656704773,0.0,on,connected,True,synthetic_device_spec_v11
synthetic_customer_008,cabinet_008,2026-09-03 14:20:00+00:00,0,0,0,0,True,True,False,23.97854819832491,-47.273013172724646,3.0418784808565023,4.041827453222041,0.0,0.009970356609580747,0.010823703493432623,on,connected,True,synthetic_device_spec_v11
synthetic_customer_008,cabinet_008,2026-09-03 14:30:00+00:00,0,0,0,0,True,True,False,24.134882344667904,-47.183780361817,2.994782368961468,3.975517121291238,0.0,0.05195566443999125,0.00547368961801459,on,connected,True,synthetic_device_spec_v11
synthetic_customer_008,cabinet_008,2026-09-03 14:40:00+00:00,0,0,0,0,True,True,False,24.110513214330698,-47.482883765384,3.100447610618368,3.99443542531312,0.5919362249702644,0.042496215247273074,0.0,on,connected,True,synthetic_device_spec_v11
synthetic_customer_008,cabinet_008,2026-09-03 14:50:00+00:00,0,0,0,0,True,True,False,23.949627198355927,-47.17092631821532,2.961992406294048,4.029460585080196,0.3214600266981086,0.05739934230093065,0.0,on,connected,True,synthetic_device_spec_v11
synthetic_customer_008,cabinet_008,2026-09-03 15:00:00+00:00,0,0,0,0,True,True,False,24.15571500112906,-47.96138503179875,3.035430927769937,4.011237096515225,0.29009103202675673,0.0,0.0002658070601086001,on,connected,True,synthetic_device_spec_v11
synthetic_customer_008,cabinet_008,2026-09-03 15:10:00+00:00,0,0,0,0,True,True,False,24.023516961907223,-47.27462342053905,3.025620421100101,3.975112608109193,0.0,0.0,0.0,on,connected,True,synthetic_device_spec_v11
synthetic_customer_008,cabinet_008,2026-09-03 15:20:00+00:00,0,0,0,0,True,True,False,23.941773595493252,-49.22568256193597,2.9981694111073347,4.081918248847281,0.22662280682636093,0.0,0.0035803480655901485,on,connected,True,synthetic_device_spec_v11
synthetic_customer_008,cabinet_008,2026-09-03 15:30:00+00:00,0,0,0,0,True,True,False,24.081560830623793,-48.23818886022822,3.0209919301243935,4.107313304430354,0.3355076092147711,0.0,0.007128132116722009,on,connected,True,synthetic_device_spec_v11
synthetic_customer_008,cabinet_008,2026-09-03 15:40:00+00:00,0,0,0,0,True,True,False,23.944384604498943,-48.89034557159751,2.9768791551933704,4.055994826922148,0.2393428144576234,0.002131707649691892,0.0,on,connected,True,synthetic_device_spec_v11
synthetic_customer_008,cabinet_008,2026-09-03 15:50:00+00:00,0,0,0,0,True,True,False,24.026255993988986,-47.049164743545546,2.9794524726497804,3.925513727794147,0.0,0.0641604931945754,0.0,on,connected,True,synthetic_device_spec_v11
synthetic_customer_008,cabinet_008,2026-09-03 16:00:00+00:00,0,0,0,0,True,True,False,24.125972648841493,-48.04835853871406,2.9574269510009668,3.919062154669478,0.0,0.0,0.0,on,connected,True,synthetic_device_spec_v11
synthetic_customer_008,cabinet_008,2026-09-03 16:10:00+00:00,0,0,0,0,True,True,False,24.097671834523727,-47.972845656889305,2.9882185558608376,3.930595637642643,0.0,0.023092224084228685,0.01837465719155439,on,connected,True,synthetic_device_spec_v11
synthetic_customer_008,cabinet_008,2026-09-03 16:20:00+00:00,0,0,0,0,True,True,False,23.923527941750773,-47.814761013645956,2.9829644253822445,3.9220495157363073,0.0,0.006570800194999511,0.012060233982697685,on,connected,True,synthetic_device_spec_v11
synthetic_customer_008,cabinet_008,2026-09-03 16:30:00+00:00,0,0,0,0,True,True,False,23.792919872595522,-47.80587305153151,3.0154588683857715,3.9977246618950373,0.0,0.037036617627822475,0.0115699233219181,on,connected,True,synthetic_device_spec_v11
synthetic_customer_008,cabinet_008,2026-09-03 16:40:00+00:00,0,0,0,0,True,True,False,24.06244980556081,-48.86185871113998,2.9572299968246236,4.075093393002747,0.0,0.0,0.0,on,connected,True,synthetic_device_spec_v11
synthetic_customer_008,cabinet_008,2026-09-03 16:50:00+00:00,0,0,0,0,True,True,False,23.884668902134365,-47.57544573405595,3.0754660454152267,4.006273225636829,1.4015632733358045,0.029506948496435495,0.01649914216145009,on,connected,True,synthetic_device_spec_v11
synthetic_customer_008,cabinet_008,2026-09-03 17:00:00+00:00,0,0,0,0,True,True,False,24.048393558276597,-47.24416742357677,3.04585193820408,3.964650310902139,3.388102015283381,0.0,0.007857484060156709,on,connected,True,synthetic_device_spec_v11
synthetic_customer_008,cabinet_008,2026-09-03 17:10:00+00:00,0,0,0,0,True,True,False,23.859969090273697,-47.497996966114954,3.0509501588213417,4.172797944349221,5.902334798677531,0.005790681891783631,0.008565664026601026,on,connected,True,synthetic_device_spec_v11
synthetic_customer_008,cabinet_008,2026-09-03 17:20:00+00:00,0,0,0,0,True,True,False,24.011218788328016,-49.14175287922199,2.9599403643402207,3.981960254909629,8.580265389028318,0.0,0.0,on,connected,True,synthetic_device_spec_v11
synthetic_customer_008,cabinet_008,2026-09-03 17:30:00+00:00,0,0,0,0,True,True,False,23.902632628044618,-48.853747261130536,3.077177608373892,3.9568114495478897,11.855216217769295,0.0,0.01945943128531938,on,connected,True,synthetic_device_spec_v11
synthetic_customer_008,cabinet_008,2026-09-03 17:40:00+00:00,0,0,0,0,True,True,False,24.04832345740682,-47.776617804932464,2.949108546330494,4.214065098036481,13.902138923662042,0.028820928491650594,0.0,on,connected,True,synthetic_device_spec_v11
synthetic_customer_008,cabinet_008,2026-09-03 17:50:00+00:00,0,0,0,0,True,True,False,24.167771349554076,-48.97910728870427,2.977284989654627,4.055701081519261,17.095997777299033,0.0282272250197255,0.0,on,connected,True,synthetic_device_spec_v11
synthetic_customer_008,cabinet_008,2026-09-03 18:00:00+00:00,0,0,0,0,True,True,False,24.11338435700148,-47.573818537257246,3.0066576774928393,3.9557600143954397,20.06500592348697,0.0017464301893284932,0.0,on,connected,True,synthetic_device_spec_v11
synthetic_customer_008,cabinet_008,2026-09-03 18:10:00+00:00,1,1,1,1,True,True,False,24.216779257951288,-47.16176610098322,2.9907762854527173,4.01811161402477,22.4974782923991,0.03025448636058752,0.0,on,connected,True,synthetic_device_spec_v11
synthetic_customer_008,cabinet_008,2026-09-03 18:20:00+00:00,1,1,1,1,True,True,False,24.040670962129695,-48.904034598978235,2.855461662139089,3.97901300222019,24.677500234859295,0.0,0.024540062781526553,on,connected,True,synthetic_device_spec_v11
synthetic_customer_008,cabinet_008,2026-09-03 18:30:00+00:00,1,1,1,1,True,True,False,24.170656702580864,-49.01414146522294,2.6002305412619116,3.9381393297776097,25.70303956270117,0.0,0.0039553390687797,on,connected,True,synthetic_device_spec_v11
synthetic_customer_008,cabinet_008,2026-09-03 18:40:00+00:00,0,0,0,0,True,True,False,24.10443762025038,-48.56996706541227,2.618169479668127,4.0676614453877855,24.759771782010763,0.005760381790843792,0.018786170066162424,on,connected,True,synthetic_device_spec_v11
synthetic_customer_008,cabinet_008,2026-09-03 18:50:00+00:00,0,0,0,0,True,True,False,23.94367887852773,-48.475744618483326,2.3871804181265346,3.9822006379721233,24.968597233414346,0.027002732254545355,0.006098272843528698,on,connected,True,synthetic_device_spec_v11
synthetic_customer_008,cabinet_008,2026-09-03 19:00:00+00:00,0,0,0,0,True,True,False,24.131160140052003,-48.86949639383148,2.1061306692547577,3.9694090275418237,24.94854300772167,0.0,0.005561735175248689,on,connected,True,synthetic_device_spec_v11
synthetic_customer_008,cabinet_008,2026-09-03 19:10:00+00:00,0,0,0,0,True,True,False,24.187838169638436,-47.90282380528726,2.042208027440364,4.001893335677589,24.39288342534062,0.0,0.009918054001792973,on,connected,True,synthetic_device_spec_v11
synthetic_customer_008,cabinet_008,2026-09-03 19:20:00+00:00,0,0,0,0,True,True,False,23.840175201393837,-45.454285482718454,1.8487407966861549,4.000369399471255,24.841090938903566,0.037890793676729914,0.03953093744680976,on,connected,True,synthetic_device_spec_v11
synthetic_customer_008,cabinet_008,2026-09-03 19:30:00+00:00,0,0,0,0,True,True,False,23.94947986672297,-47.74842582644739,1.6886647266643064,4.005724817071999,0.7999301045531597,0.0,0.0,on,connected,True,synthetic_device_spec_v11
synthetic_customer_008,cabinet_008,2026-09-03 19:40:00+00:00,0,0,0,0,True,True,False,23.980025404122664,-46.381365788488814,1.4588401278190601,3.9280940573439356,0.9123855725737033,0.0,0.0,on,connected,True,synthetic_device_spec_v11
synthetic_customer_008,cabinet_008,2026-09-03 19:50:00+00:00,0,0,0,0,True,True,False,23.809417775539803,-50.62563433743064,1.3649183286360422,3.910035202365996,0.0,0.0,0.0,on,connected,True,synthetic_device_spec_v11
synthetic_customer_008,cabinet_008,2026-09-03 20:00:00+00:00,0,0,0,0,True,True,False,23.970478896476443,-49.14759057763916,1.2032479969463032,4.071701456675459,0.0,0.02133425291590179,0.0001826392493669886,on,connected,True,synthetic_device_spec_v11
synthetic_customer_008,cabinet_008,2026-09-03 20:10:00+00:00,0,0,0,0,True,True,False,23.93183152764165,-48.25553008624824,0.9758143807228717,3.9438199107773326,0.0,0.0,0.003401733078106168,on,connected,True,synthetic_device_spec_v11
synthetic_customer_008,cabinet_008,2026-09-03 20:20:00+00:00,0,0,0,0,True,True,False,24.03078250808238,-47.7974260424897,0.9348124444800406,3.9948120956109716,0.0439480656541596,0.0,0.014959816259398158,on,connected,True,synthetic_device_spec_v11
synthetic_customer_008,cabinet_008,2026-09-03 20:30:00+00:00,0,0,0,0,True,True,False,24.13776171617633,-47.82639250391621,1.0144053494033258,4.1151448859773545,0.0,0.02022468487501863,0.0,on,connected,True,synthetic_device_spec_v11
synthetic_customer_008,cabinet_008,2026-09-03 20:40:00+00:00,0,0,0,0,True,True,False,23.898630197867604,-48.62151783465903,0.9921317113985193,4.030676235868622,0.6791266933020017,0.05046260046726937,0.0,on,connected,True,synthetic_device_spec_v11
synthetic_customer_008,cabinet_008,2026-09-03 20:50:00+00:00,0,0,0,0,True,True,False,24.06385011149148,-48.41254814450675,0.887484929604713,4.072730237791109,0.6699637910414574,0.0,0.0,on,connected,True,synthetic_device_spec_v11
synthetic_customer_008,cabinet_008,2026-09-03 21:00:00+00:00,0,0,0,0,True,True,False,24.066259951967023,-48.89944401459234,0.9609616886560729,3.990589489652371,0.5425131961612514,0.0,0.027636031940309204,on,connected,True,synthetic_device_spec_v11
synthetic_customer_008,cabinet_008,2026-09-03 21:10:00+00:00,0,0,0,0,True,True,False,24.275803618972116,-46.96744849982509,0.9837208159856512,4.000168354920092,0.0,0.015084893468260505,0.0021996419377454633,on,connected,True,synthetic_device_spec_v11
synthetic_customer_008,cabinet_008,2026-09-03 21:20:00+00:00,0,0,0,0,True,True,False,24.019884607254696,-48.4433601127057,0.9724999918574707,4.015700370481832,0.41179420266302913,0.0,0.00363222562803074,on,connected,True,synthetic_device_spec_v11
synthetic_customer_008,cabinet_008,2026-09-03 21:30:00+00:00,0,0,0,0,True,True,False,24.138692248128365,-48.45636973141982,1.0274143863469336,3.876639114203522,0.1515268738256876,0.005563341871886385,0.0,on,connected,True,synthetic_device_spec_v11
synthetic_customer_008,cabinet_008,2026-09-03 21:40:00+00:00,0,0,0,0,True,True,False,24.07620942262278,-49.28230161538239,3.0454861768592427,3.992807045750727,0.5823351680049013,0.019645760338905985,0.012837628044669508,on,connected,True,synthetic_device_spec_v11
synthetic_customer_008,cabinet_008,2026-09-03 21:50:00+00:00,0,0,0,0,True,True,False,23.9581245606412,-48.22486358021359,2.990576600974801,3.9682419447692117,0.13738113197701696,0.0,0.007498751111664322,on,connected,True,synthetic_device_spec_v11
synthetic_customer_008,cabinet_008,2026-09-03 22:00:00+00:00,0,0,0,0,True,True,False,23.904678040034902,-47.93109292999096,2.9782851312767584,3.9925901720371746,0.3650003326581631,0.03285460095503418,0.0,on,connected,True,synthetic_device_spec_v11
synthetic_customer_008,cabinet_008,2026-09-03 22:10:00+00:00,0,0,0,0,True,True,False,24.136227432778554,-46.71512973434882,2.9693101264780983,3.9489453074012197,0.16185224720324767,0.01645643956984671,0.0,on,connected,True,synthetic_device_spec_v11
synthetic_customer_008,cabinet_008,2026-09-03 22:20:00+00:00,0,0,0,0,True,True,False,23.99788908964333,-48.86751030571684,2.9957685543328614,3.994455170151012,0.0,0.02069631609171764,0.0032648733706553148,on,connected,True,synthetic_device_spec_v11
synthetic_customer_008,cabinet_008,2026-09-03 22:30:00+00:00,0,0,0,0,True,True,False,24.063081276976337,-48.57408745302005,2.949989944178656,4.115233609915638,0.6287115608256139,0.0,0.01653328271631366,on,connected,True,synthetic_device_spec_v11
synthetic_customer_008,cabinet_008,2026-09-03 22:40:00+00:00,0,0,0,0,True,True,False,24.16285867632662,-47.242476783807476,2.993673029587676,3.964811228598523,0.0,0.0,0.0017348800522346507,on,connected,True,synthetic_device_spec_v11
synthetic_customer_008,cabinet_008,2026-09-03 22:50:00+00:00,0,0,0,0,True,True,False,23.736470174621488,-46.96187449932544,2.9526373663864978,3.8998005300699647,0.8200353681471707,0.0036691617742516907,0.0016167084398759537,on,connected,True,synthetic_device_spec_v11
synthetic_customer_008,cabinet_008,2026-09-03 23:00:00+00:00,0,0,0,0,True,True,False,24.10239495323474,-47.022921848571706,3.095953549424296,3.945432618854011,0.0036727070111206702,0.0042265743152946995,0.0,on,connected,True,synthetic_device_spec_v11
synthetic_customer_008,cabinet_008,2026-09-03 23:10:00+00:00,0,0,0,0,True,True,False,24.053327914687134,-50.134568598414916,2.908607766691266,3.990143794709845,0.330440277928457,0.0,0.013106214994658945,on,connected,True,synthetic_device_spec_v11
synthetic_customer_008,cabinet_008,2026-09-03 23:20:00+00:00,0,0,0,0,True,True,False,23.984414124790426,-49.003781935904264,3.024471222207934,3.9233726105738973,0.0,0.022144905340067713,0.0,on,connected,True,synthetic_device_spec_v11
synthetic_customer_008,cabinet_008,2026-09-03 23:30:00+00:00,0,0,0,0,True,True,False,24.01108397860145,-50.10953816247699,3.0038614536708095,3.999927579285896,0.6090005457156903,0.07471639978664715,0.0004234949246469384,on,connected,True,synthetic_device_spec_v11
synthetic_customer_008,cabinet_008,2026-09-03 23:40:00+00:00,0,0,0,0,True,True,False,24.165758312732343,-52.09641848445334,2.9793095932243325,4.081879140273572,0.0,0.044595403034075734,0.0,on,connected,True,synthetic_device_spec_v11
synthetic_customer_008,cabinet_008,2026-09-03 23:50:00+00:00,0,0,0,0,True,True,False,23.834043418028514,-54.11282340278413,3.0235350581339455,4.022391092837062,0.3077804117026659,0.13841809941125427,0.0,on,connected,True,synthetic_device_spec_v11
synthetic_customer_008,cabinet_008,2026-09-04 00:00:00+00:00,0,0,0,0,True,True,False,23.91822964968368,-58.4777161335694,3.039458022715849,4.127773626054818,0.2654382023663661,0.20020884687315932,0.0,on,connected,True,synthetic_device_spec_v11
synthetic_customer_008,cabinet_008,2026-09-04 00:10:00+00:00,1,1,1,1,True,True,False,23.946811752600798,-59.229477008238845,3.038588557456453,4.021577324992862,0.5788501317712351,0.1980875400611167,0.006452864386099171,on,connected,True,synthetic_device_spec_v11
synthetic_customer_008,cabinet_008,2026-09-04 00:20:00+00:00,1,1,1,1,True,True,False,23.88075663282862,-63.900594720163355,3.021602795922169,3.829939622728979,0.7897727581616478,0.2792064935550606,0.0,on,connected,True,synthetic_device_spec_v11
synthetic_customer_008,cabinet_008,2026-09-04 00:30:00+00:00,1,1,1,1,True,True,False,24.074931349800632,-65.23451824478045,3.0349559442375527,4.080081629555693,0.0,0.3155079123172159,0.0,on,connected,True,synthetic_device_spec_v11
synthetic_customer_008,cabinet_008,2026-09-04 00:40:00+00:00,0,0,0,0,True,True,False,24.047528434701178,-65.88793280160564,2.913546167996953,3.9623954786566804,0.0,0.329917076919565,0.0,on,connected,True,synthetic_device_spec_v11
synthetic_customer_008,cabinet_008,2026-09-04 00:50:00+00:00,0,0,0,0,True,True,False,23.962149435846463,-66.61392407802356,2.919375700043549,3.9944989287911707,0.11781344277403455,0.349091724858561,0.043441769595277104,on,connected,True,synthetic_device_spec_v11
synthetic_customer_008,cabinet_008,2026-09-04 01:00:00+00:00,0,0,0,0,True,True,False,24.021055938474785,-72.3754534648965,2.977504247289385,4.096021703643781,0.0,0.45978701821791895,0.0,on,connected,True,synthetic_device_spec_v11
synthetic_customer_008,cabinet_008,2026-09-04 01:10:00+00:00,0,0,0,0,True,True,False,24.063610581031586,-73.25514652590738,3.0698235836497156,3.9239995364917406,0.0,0.4486236344242633,0.0050605698836660015,on,connected,True,synthetic_device_spec_v11
synthetic_customer_008,cabinet_008,2026-09-04 01:20:00+00:00,0,0,0,0,True,True,False,23.975754975024802,-77.92919973260881,3.0120677480679503,4.025236264422766,0.0,0.49220794283981084,0.009183449159456942,on,connected,True,synthetic_device_spec_v11
synthetic_customer_008,cabinet_008,2026-09-04 01:30:00+00:00,0,0,0,0,True,True,False,24.062271549081697,-76.00629554573462,3.031542277199743,4.033323674486871,0.0,0.5122507261275061,0.0,on,connected,True,synthetic_device_spec_v11
synthetic_customer_008,cabinet_008,2026-09-04 01:40:00+00:00,0,0,0,0,True,True,False,23.867147909505647,-80.11774579989186,2.991773591572069,3.882040654324783,0.0,0.5869751300027247,0.0,on,connected,True,synthetic_device_spec_v11
synthetic_customer_008,cabinet_008,2026-09-04 01:50:00+00:00,0,0,0,0,True,True,False,23.712218909837528,-84.26538726856857,3.013620076779475,3.9462600704664776,0.0,0.668250294429666,0.0,on,connected,True,synthetic_device_spec_v11
synthetic_customer_008,cabinet_008,2026-09-04 02:40:00+00:00,0,0,0,0,True,True,False,23.93162035523522,-47.62175834111614,3.0070451358502033,4.2035679215709285,0.22797879754668254,0.0,0.0106685380218377,on,connected,True,synthetic_device_spec_v11
synthetic_customer_008,cabinet_008,2026-09-04 02:50:00+00:00,0,0,0,0,True,True,False,23.99399375622539,-46.41398248285572,3.0012543412917694,4.389579780876532,0.0,0.0,0.05950265853131141,on,connected,True,synthetic_device_spec_v11
synthetic_customer_008,cabinet_008,2026-09-04 03:00:00+00:00,0,0,0,0,True,True,False,23.77846196634513,-47.455318892428764,2.962947496680666,4.381133433563821,0.6487132968990825,0.010722001890263528,0.07746930129903948,on,connected,True,synthetic_device_spec_v11
synthetic_customer_008,cabinet_008,2026-09-04 03:10:00+00:00,0,0,0,0,True,True,False,24.028355652616096,-49.58252476643167,3.006261330924825,4.65013593795954,0.0,0.01852708703984897,0.07018382894869236,on,connected,True,synthetic_device_spec_v11
synthetic_customer_008,cabinet_008,2026-09-04 03:20:00+00:00,0,0,0,0,True,True,False,23.964925719694122,-48.81752436016349,2.92538020990033,4.755702663227599,0.0,0.03273652025433431,0.08368699469601487,on,connected,True,synthetic_device_spec_v11
synthetic_customer_008,cabinet_008,2026-09-04 03:30:00+00:00,0,0,0,0,True,True,False,24.140831089646564,-48.118786917888535,3.0285527508822265,4.9525695000294006,0.0,0.008375124263066197,0.1437325449899609,on,connected,True,synthetic_device_spec_v11
synthetic_customer_008,cabinet_008,2026-09-04 03:40:00+00:00,0,0,0,0,True,True,False,23.854708954514695,-47.51775715892134,2.9681455289926153,5.080761378214252,0.0,0.0,0.1319106562206762,on,connected,True,synthetic_device_spec_v11
synthetic_customer_008,cabinet_008,2026-09-04 03:50:00+00:00,0,0,0,0,True,True,False,23.86176796079338,-46.95324600516926,3.0245253711844566,5.183353019385564,0.0,0.0076867651080951525,0.17458140778256076,on,connected,True,synthetic_device_spec_v11
synthetic_customer_008,cabinet_008,2026-09-04 04:00:00+00:00,0,0,0,0,True,True,False,24.2118909618133,-49.524252133357535,3.001764169095601,5.311711922254353,0.5718638834040142,0.011097569332179614,0.19310163478704243,on,connected,True,synthetic_device_spec_v11
synthetic_customer_008,cabinet_008,2026-09-04 04:10:00+00:00,0,0,0,0,True,True,False,23.82171478762068,-48.79958003286639,3.0582319786381307,5.501129011957979,0.0,0.0,0.21610340556636093,on,connected,True,synthetic_device_spec_v11
synthetic_customer_008,cabinet_008,2026-09-04 04:20:00+00:00,0,0,0,0,True,True,False,24.054785860002198,-46.37171335145747,2.9514724801323453,5.648912419460464,0.12281544378896328,0.0,0.21599098034352382,on,connected,True,synthetic_device_spec_v11
synthetic_customer_008,cabinet_008,2026-09-04 04:30:00+00:00,0,0,0,0,True,True,False,23.865899551521245,-48.39150902756413,3.025094115216528,5.789464738455352,0.281095816912652,0.03786232220110327,0.23632911803134857,on,connected,True,synthetic_device_spec_v11
synthetic_customer_008,cabinet_008,2026-09-04 04:40:00+00:00,0,0,0,0,True,True,False,24.091190896286587,-49.10661451779082,3.0334100865527684,5.929275608189846,0.15549952147138826,0.03270831868486096,0.26435630776373364,on,connected,True,synthetic_device_spec_v11
synthetic_customer_008,cabinet_008,2026-09-04 04:50:00+00:00,0,0,0,0,True,True,False,23.646421654215423,-48.27775925972974,2.985561544177346,6.155181187651785,0.0,0.0,0.25318157339099157,on,connected,True,synthetic_device_spec_v11
synthetic_customer_008,cabinet_008,2026-09-04 05:00:00+00:00,0,0,0,0,True,True,False,23.931861416459352,-47.27577144775826,3.0075246073625155,6.2199140067024565,0.4477207294698375,0.0,0.30085235038778185,on,connected,True,synthetic_device_spec_v11
synthetic_customer_008,cabinet_008,2026-09-04 05:10:00+00:00,0,0,0,0,True,True,False,24.092754544844382,-47.54911852113338,2.9353741588695885,6.3397287379627905,0.4489307520132911,0.0006869625085996019,0.33789047225905444,on,connected,True,synthetic_device_spec_v11
synthetic_customer_008,cabinet_008,2026-09-04 05:20:00+00:00,0,0,0,0,True,True,False,23.931673943204302,-48.7389670058484,2.985579887369253,6.484015123107056,0.44951842341674464,0.026427125291960476,0.3099083796114677,on,connected,True,synthetic_device_spec_v11
synthetic_customer_008,cabinet_008,2026-09-04 05:30:00+00:00,0,0,0,0,True,True,False,24.022385552654185,-49.24975105362056,2.9885229084641964,6.637301813008743,0.0,0.0,0.3676389561405286,on,connected,True,synthetic_device_spec_v11
synthetic_customer_008,cabinet_008,2026-09-04 05:40:00+00:00,0,0,0,0,True,True,False,24.078149607457412,-49.72460550847881,2.991019592236027,6.884753277481974,0.0,0.041286494402116874,0.38576614697536526,on,connected,True,synthetic_device_spec_v11
synthetic_customer_008,cabinet_008,2026-09-04 05:50:00+00:00,0,0,0,0,True,True,False,23.94262991297679,-47.932022474598924,3.0604219447827083,7.008196199769924,0.40175137739882755,0.012446934687027102,0.3905982501139883,on,connected,True,synthetic_device_spec_v11
synthetic_customer_008,cabinet_008,2026-09-04 06:00:00+00:00,0,0,0,0,True,True,False,23.981288891593508,-46.85986094434779,3.0839526125955246,6.979933063620721,0.0,0.0268412706408252,0.39148374714345835,on,connected,True,synthetic_device_spec_v11
synthetic_customer_008,cabinet_008,2026-09-04 06:10:00+00:00,0,1,1,0,True,True,False,23.905788401740274,-49.42697903874181,3.0561478526591057,6.995743235415704,0.0,0.02221208268818273,0.3842658445590199,on,connected,True,synthetic_device_spec_v11
synthetic_customer_008,cabinet_008,2026-09-04 06:20:00+00:00,0,1,1,0,True,True,False,24.06765132127656,-48.649516235587505,2.9954686451470423,7.019721088925031,0.3147547074589892,0.0,0.40446595197195573,on,connected,True,synthetic_device_spec_v11
synthetic_customer_008,cabinet_008,2026-09-04 06:30:00+00:00,0,1,1,0,True,True,False,24.05629451488802,-48.710899716916586,2.9458796479461817,6.858479025470752,0.0,0.0,0.373081971719915,on,connected,True,synthetic_device_spec_v11
synthetic_customer_008,cabinet_008,2026-09-04 06:40:00+00:00,0,0,0,0,True,True,False,23.792172150131087,-48.79208758538309,2.9880192162115566,4.023394260576117,0.0,0.0,0.020468112235822674,on,connected,True,synthetic_device_spec_v11
synthetic_customer_008,cabinet_008,2026-09-04 06:50:00+00:00,0,0,0,0,True,True,False,24.04604419452679,-48.41650809880442,2.998568478824721,4.01581123772504,0.0,0.024677124548105125,0.0010260887521951452,on,connected,True,synthetic_device_spec_v11
synthetic_customer_008,cabinet_008,2026-09-04 07:00:00+00:00,0,0,0,0,True,True,False,24.25113152922645,-47.712846716857214,2.9639586493075556,3.929202794178765,0.09595466503936642,0.0,0.0,on,connected,True,synthetic_device_spec_v11
synthetic_customer_008,cabinet_008,2026-09-04 07:10:00+00:00,0,0,0,0,True,True,False,24.095923268985516,-48.28740406071022,2.9735975444568616,3.9157913141104164,0.6403113575601257,0.0,0.007379943615297687,on,connected,True,synthetic_device_spec_v11
synthetic_customer_008,cabinet_008,2026-09-04 07:20:00+00:00,0,0,0,0,True,True,False,24.005518038990967,-49.117682492972904,2.972815549783045,4.027901825022715,0.0,0.0,0.0,on,connected,True,synthetic_device_spec_v11
synthetic_customer_008,cabinet_008,2026-09-04 07:30:00+00:00,0,0,0,0,True,True,False,24.015758165378056,-49.131452297970434,2.968665559248495,3.967932742100786,0.0,0.0,0.0,on,connected,True,synthetic_device_spec_v11
synthetic_customer_008,cabinet_008,2026-09-04 07:40:00+00:00,0,0,0,0,True,True,False,24.03268576135987,-47.226178803076095,2.954848474657219,4.035319001619982,0.006362011522149974,0.0,0.0035277067192134182,on,connected,True,synthetic_device_spec_v11
synthetic_customer_008,cabinet_008,2026-09-04 07:50:00+00:00,0,0,0,0,True,True,False,24.060745636155204,-48.07217729610857,3.0173528916377643,4.063296108954399,0.1314978856016235,0.0007160255129140944,0.0,on,connected,True,synthetic_device_spec_v11
synthetic_customer_008,cabinet_008,2026-09-04 08:00:00+00:00,0,0,0,0,True,True,False,24.007568786829655,-47.373263091373865,2.982276907874521,4.015394236385615,0.0,0.02240812566175079,0.01605782152031193,on,connected,True,synthetic_device_spec_v11
synthetic_customer_008,cabinet_008,2026-09-04 08:10:00+00:00,0,0,0,0,True,True,False,24.156006045339428,-48.36374628399502,3.028778657929262,3.943981073667794,0.7728821421245257,0.0,0.0,on,connected,True,synthetic_device_spec_v11
synthetic_customer_008,cabinet_008,2026-09-04 08:20:00+00:00,0,0,0,0,True,True,False,24.133388117537002,-47.859495261750816,2.988979964444708,4.012124059551236,0.025317068600812315,0.0048284556948274444,0.0,on,connected,True,synthetic_device_spec_v11
synthetic_customer_008,cabinet_008,2026-09-04 08:30:00+00:00,0,0,0,0,True,True,False,24.02763438689303,-46.50601064255365,2.9306412843516054,4.0247665722166035,0.08812646589856532,0.0,0.0,on,connected,True,synthetic_device_spec_v11
synthetic_customer_008,cabinet_008,2026-09-04 08:40:00+00:00,0,0,0,0,True,True,False,23.79354518924028,-48.77876276649997,3.0251280097599813,3.9498469089523804,0.31631660863521155,0.016057725444368693,0.0,on,connected,True,synthetic_device_spec_v11
synthetic_customer_008,cabinet_008,2026-09-04 08:50:00+00:00,0,0,0,0,True,True,False,23.971390641093873,-47.79157696480955,3.0637511136523004,3.920452681419637,1.2205220057819717,0.0,0.026170681215220346,on,connected,True,synthetic_device_spec_v11
synthetic_customer_008,cabinet_008,2026-09-04 09:00:00+00:00,0,0,0,0,True,True,False,23.797834492787832,-49.072589046742266,3.003303528163084,3.951611699127643,0.0,0.030579535507449226,0.0036323990803368783,on,connected,True,synthetic_device_spec_v11
synthetic_customer_008,cabinet_008,2026-09-04 09:10:00+00:00,0,0,0,0,True,True,False,24.176479512919393,-49.66191247846549,2.959193266663829,3.9061850551245265,0.0,0.0,0.006541286958407095,on,connected,True,synthetic_device_spec_v11
synthetic_customer_008,cabinet_008,2026-09-04 09:20:00+00:00,0,0,0,0,True,True,False,23.91985722834021,-48.71470374983975,2.984564663953681,3.95497695864891,0.0,0.00460515066862384,0.009644882288378405,on,connected,True,synthetic_device_spec_v11
synthetic_customer_008,cabinet_008,2026-09-04 09:30:00+00:00,0,0,0,0,True,True,False,23.87741910159687,-46.940701249728214,3.0211399658032425,3.973923690571894,0.4140321473788471,0.0,0.030439255437854532,on,connected,True,synthetic_device_spec_v11
synthetic_customer_008,cabinet_008,2026-09-04 09:40:00+00:00,0,0,0,0,True,True,False,23.770691049817582,-47.86013183857363,3.0067013236345796,3.9121313140919307,0.12320153312756288,0.026620855755050243,0.0,on,connected,True,synthetic_device_spec_v11
synthetic_customer_008,cabinet_008,2026-09-04 09:50:00+00:00,0,0,0,0,True,True,False,23.93891943388466,-48.001449679881645,2.913223027960542,4.002107444184125,0.10054763686707491,0.0,0.0,on,connected,True,synthetic_device_spec_v11
synthetic_customer_008,cabinet_008,2026-09-04 10:00:00+00:00,0,0,0,0,True,True,False,24.10065943368862,-48.71013829891563,3.0653602559384185,3.9868507803641724,0.1038024173286704,0.018933903397411595,0.0,on,connected,True,synthetic_device_spec_v11
synthetic_customer_008,cabinet_008,2026-09-04 10:10:00+00:00,0,0,0,0,True,True,False,24.187761499262933,-47.612499589265035,2.9541086181538985,3.912784669159705,0.54731144965239,0.03203324703059432,0.0,on,connected,True,synthetic_device_spec_v11
synthetic_customer_008,cabinet_008,2026-09-04 10:20:00+00:00,0,0,0,0,True,True,False,23.797145448111415,-48.81489132551288,2.9790323002904637,3.925742115376099,0.0,0.0033061009837457925,0.0,on,connected,True,synthetic_device_spec_v11
synthetic_customer_008,cabinet_008,2026-09-04 10:30:00+00:00,0,0,0,0,True,True,False,24.065770330067842,-47.250178089312335,2.98680527027007,3.9982789372354786,0.22045648853735283,0.0,0.0,on,connected,True,synthetic_device_spec_v11
synthetic_customer_008,cabinet_008,2026-09-04 10:40:00+00:00,0,0,0,0,True,True,False,23.912023331792433,-47.53153905074785,3.001876843505636,3.854975496964643,0.0,0.0,0.0,on,connected,True,synthetic_device_spec_v11
synthetic_customer_008,cabinet_008,2026-09-04 10:50:00+00:00,0,0,0,0,True,True,False,23.981898619366127,-49.48203956221199,2.990846504741673,4.089970584590231,0.0,0.04419691599098996,0.0076540466682916,on,connected,True,synthetic_device_spec_v11
synthetic_customer_008,cabinet_008,2026-09-04 11:00:00+00:00,0,0,0,0,True,True,False,23.797857428236316,-47.35817501076962,2.999477905644043,3.9759611653206326,0.20367108599063008,0.014674014510590642,0.0,on,connected,True,synthetic_device_spec_v11
synthetic_customer_008,cabinet_008,2026-09-04 11:10:00+00:00,0,0,0,0,True,True,False,24.075809051746862,-49.564658970655216,3.0884113399160538,4.019385671727573,0.4312222420552156,0.0,0.0035721103185927857,on,connected,True,synthetic_device_spec_v11
synthetic_customer_008,cabinet_008,2026-09-04 11:20:00+00:00,0,0,0,0,True,True,False,23.926367253988403,-47.48126741490625,2.953172455169534,3.992999765638955,0.0,0.0,0.0,on,connected,True,synthetic_device_spec_v11
synthetic_customer_008,cabinet_008,2026-09-04 11:30:00+00:00,0,0,0,0,True,True,False,23.852691386944166,-49.41012229804031,3.010366005532346,4.031420576315352,0.384475064816748,0.0,0.0,on,connected,True,synthetic_device_spec_v11
synthetic_customer_008,cabinet_008,2026-09-04 11:40:00+00:00,0,0,0,0,True,True,False,24.126152522302657,-49.515835539301506,2.9651287274622073,3.888514352273462,0.10878779856799825,0.03275824664315139,0.033343445757579485,on,connected,True,synthetic_device_spec_v11
synthetic_customer_008,cabinet_008,2026-09-04 11:50:00+00:00,0,0,0,0,True,True,False,23.575681207321402,-48.110170524686204,2.9626532383290773,3.9241866993845127,0.15815400910888855,0.02280726751504773,0.009363438146609365,on,connected,True,synthetic_device_spec_v11
synthetic_customer_008,cabinet_008,2026-09-04 12:00:00+00:00,0,0,0,0,True,True,False,23.201104482151468,-48.842921561805916,3.051103453137818,4.041756779045091,0.03826133186503815,0.0,0.02592703738064192,on,connected,True,synthetic_device_spec_v11
synthetic_customer_008,cabinet_008,2026-09-04 12:10:00+00:00,1,1,1,1,True,True,False,22.62741736350744,-48.861371977297885,3.019457965877919,4.094056992343609,0.11884571485221254,0.0,0.0,on,connected,True,synthetic_device_spec_v11
synthetic_customer_008,cabinet_008,2026-09-04 12:20:00+00:00,1,1,1,1,True,True,False,22.241193133641893,-46.48526929013849,3.021437821483447,3.9590075541773615,0.0,0.0,0.0,on,connected,True,synthetic_device_spec_v11
synthetic_customer_008,cabinet_008,2026-09-04 12:30:00+00:00,1,1,1,1,True,True,False,22.156179662518586,-49.77748766616371,2.967143782966231,3.983457217208698,0.07982116027765201,0.014444774368229205,0.0,on,connected,True,synthetic_device_spec_v11
synthetic_customer_008,cabinet_008,2026-09-04 12:40:00+00:00,0,0,0,0,True,True,False,21.613480225107,-48.728235064680405,3.026340328083047,3.99074123472321,0.16810628007512554,0.0,0.017487582987477227,on,connected,True,synthetic_device_spec_v11
synthetic_customer_008,cabinet_008,2026-09-04 12:50:00+00:00,0,0,0,0,True,True,False,20.87809573689475,-47.14739197915549,2.9741222192723904,4.084998934696146,0.0,0.04089354366188769,0.0010623539424568316,on,connected,True,synthetic_device_spec_v11
synthetic_customer_008,cabinet_008,2026-09-04 13:00:00+00:00,0,0,0,0,True,True,False,20.564824757995787,-47.5778986432357,3.0078763797043186,3.979157019338368,1.0068413178721245,0.009748840122381615,0.019560901864789832,on,connected,True,synthetic_device_spec_v11
synthetic_customer_008,cabinet_008,2026-09-04 13:10:00+00:00,0,0,0,0,True,True,False,20.09496274004115,-48.298067771174985,3.082523493474985,4.1260048435134475,0.6320483900538474,0.04103278069192847,0.004741679150162444,on,connected,True,synthetic_device_spec_v11
synthetic_customer_008,cabinet_008,2026-09-04 13:20:00+00:00,0,0,0,0,True,True,False,19.48393813991899,-46.872242138648225,3.0087862653587587,4.116781779355671,0.6206745874748618,0.01530079703393619,0.0,on,connected,True,synthetic_device_spec_v11
synthetic_customer_008,cabinet_008,2026-09-04 13:30:00+00:00,0,0,0,0,True,True,False,19.299029219808887,-48.79564429118177,2.9625476325108706,4.029342041674828,0.0,0.0,0.0,on,connected,True,synthetic_device_spec_v11
synthetic_customer_008,cabinet_008,2026-09-04 13:40:00+00:00,0,0,0,0,True,True,False,18.492304187939514,-47.5696159599151,3.037698820508133,3.93749491887982,0.0,0.003981970402215725,0.0,on,connected,True,synthetic_device_spec_v11
synthetic_customer_008,cabinet_008,2026-09-04 15:10:00+00:00,0,0,0,0,True,True,False,24.030763690716892,-46.171524901847356,2.7092843937205213,3.9673181144566017,0.47822980623922706,0.0,0.007721715696038036,on,connected,True,synthetic_device_spec_v11
synthetic_customer_008,cabinet_008,2026-09-04 15:20:00+00:00,0,0,0,0,True,True,False,24.000266854278,-48.456817933325766,2.7551746434273903,3.919336219529206,0.0,0.0,0.0,on,connected,True,synthetic_device_spec_v11
synthetic_customer_008,cabinet_008,2026-09-04 15:30:00+00:00,0,0,0,0,True,True,False,24.088368259704147,-48.86025951305093,2.6000298313888472,3.9695798926807053,0.0,0.04301979088874819,0.0042684000012116925,on,connected,True,synthetic_device_spec_v11
synthetic_customer_008,cabinet_008,2026-09-04 15:40:00+00:00,0,0,0,0,True,True,False,23.985777488076707,-48.09343844566598,2.60465317624046,3.8750112505391523,0.0,0.004818675842623026,0.0,on,connected,True,synthetic_device_spec_v11
synthetic_customer_008,cabinet_008,2026-09-04 15:50:00+00:00,0,0,0,0,True,True,False,23.83268207291673,-47.971953354054584,2.5219457435548294,3.97005852270151,0.0,0.0,0.004996206014080228,on,connected,True,synthetic_device_spec_v11
synthetic_customer_008,cabinet_008,2026-09-04 16:00:00+00:00,0,0,0,0,True,True,False,23.984801577527964,-48.25456459119174,2.4378907956402007,3.9216688672815843,0.22888886548914505,0.0,0.0007672577804232984,on,connected,True,synthetic_device_spec_v11
synthetic_customer_008,cabinet_008,2026-09-04 16:10:00+00:00,0,0,0,0,True,True,False,23.8717820514824,-47.973896782304315,2.4233797564084245,4.052448630118619,0.0,0.014364386411041406,0.006791268914410317,on,connected,True,synthetic_device_spec_v11
synthetic_customer_008,cabinet_008,2026-09-04 16:20:00+00:00,0,0,0,0,True,True,False,23.81365973697873,-46.626180882196124,2.38784756421947,3.9867779776568977,0.12179215128611723,0.0,0.0,on,connected,True,synthetic_device_spec_v11
synthetic_customer_008,cabinet_008,2026-09-04 16:30:00+00:00,0,0,0,0,True,True,False,23.73431485680808,-45.55658716223486,2.2332018166803866,3.951483338971739,0.0,0.0,0.013136063308067929,on,connected,True,synthetic_device_spec_v11
synthetic_customer_008,cabinet_008,2026-09-04 16:40:00+00:00,0,0,0,0,True,True,False,23.85564630147244,-49.78190528543128,2.1644744255482937,4.061432946759918,0.3233405796763393,0.05147498421936034,0.0,on,connected,True,synthetic_device_spec_v11
synthetic_customer_008,cabinet_008,2026-09-04 16:50:00+00:00,0,0,0,0,True,True,False,24.27590255953978,-47.91782144403108,2.234524246333735,4.073173664159614,1.3872999860990989,0.005313600890593819,0.019337491478483165,on,connected,True,synthetic_device_spec_v11
synthetic_customer_008,cabinet_008,2026-09-04 17:00:00+00:00,0,0,0,0,True,True,False,23.993916961041656,-48.40305316172999,2.21219513838664,4.022290953394125,2.931922432968962,0.0,0.016093746170042906,on,connected,True,synthetic_device_spec_v11
synthetic_customer_008,cabinet_008,2026-09-04 17:10:00+00:00,0,0,0,0,True,True,False,23.88210842705565,-49.66341203174233,2.191980836833004,3.977631577125153,5.975061921068374,0.010158266590039438,0.007409215699300885,on,connected,True,synthetic_device_spec_v11
synthetic_customer_008,cabinet_008,2026-09-04 17:20:00+00:00,0,0,0,0,True,True,False,23.918918343295044,-48.15910992324258,2.194111652038598,4.045637537503766,7.410326553614672,0.03283676330746183,0.032034418217243066,on,connected,True,synthetic_device_spec_v11
synthetic_customer_008,cabinet_008,2026-09-04 17:30:00+00:00,0,0,0,0,True,True,False,23.964190747915755,-46.7979294516178,3.0245335719898145,3.9779656117566486,9.505226647788646,0.0,0.03199036805223597,on,connected,True,synthetic_device_spec_v11
synthetic_customer_008,cabinet_008,2026-09-04 17:40:00+00:00,0,0,0,0,True,True,False,24.236607649795285,-47.89145022930586,3.009988519307382,4.066335864395916,10.36232419517575,0.0,0.025749931749534796,on,connected,True,synthetic_device_spec_v11
synthetic_customer_008,cabinet_008,2026-09-04 17:50:00+00:00,0,0,0,0,True,True,False,23.893210551089975,-47.340525500052486,3.0327266092768492,4.037520503423748,13.521371988998187,0.0,0.024520364880276056,on,connected,True,synthetic_device_spec_v11
synthetic_customer_008,cabinet_008,2026-09-04 18:00:00+00:00,0,0,0,0,True,True,False,24.165199253072586,-46.93135980187019,3.0131123174412355,3.9628832293008154,14.578994981441058,0.0,0.0,on,connected,True,synthetic_device_spec_v11
synthetic_customer_008,cabinet_008,2026-09-04 18:10:00+00:00,1,1,1,1,True,True,False,23.847442137918804,-46.143398716854996,2.982617458096766,3.9826998876445043,17.51524967128499,0.02465716868694799,0.003547854962701006,on,connected,True,synthetic_device_spec_v11
synthetic_customer_008,cabinet_008,2026-09-04 18:20:00+00:00,1,1,1,1,True,True,False,23.954050125715632,-47.79057744848414,3.021936608132825,3.977920606151221,18.94273617214846,0.0,0.02629812765770043,on,connected,True,synthetic_device_spec_v11
synthetic_customer_008,cabinet_008,2026-09-04 18:30:00+00:00,1,1,1,1,True,True,False,23.999554482458148,-48.02221180738807,3.015133723329515,4.001572877387633,20.018247045358812,0.0,0.005074896133385838,on,connected,True,synthetic_device_spec_v11
synthetic_customer_008,cabinet_008,2026-09-04 18:40:00+00:00,0,0,0,0,True,True,False,24.095005556551992,-47.76606127218862,3.0441733512852767,3.9536162055062727,22.390585974106436,0.0,0.004626863198996781,on,connected,True,synthetic_device_spec_v11
synthetic_customer_008,cabinet_008,2026-09-04 18:50:00+00:00,0,0,0,0,True,True,False,23.844990742722633,-50.06375288598467,2.926235105988263,4.034099216300619,24.67799906129996,0.0,0.0,on,connected,True,synthetic_device_spec_v11
synthetic_customer_008,cabinet_008,2026-09-04 19:00:00+00:00,0,0,0,0,True,True,False,24.05926048591819,-49.079838843378866,2.9823910555726703,4.085928295371603,24.851457599329308,0.0,0.009697829609813323,on,connected,True,synthetic_device_spec_v11
synthetic_customer_008,cabinet_008,2026-09-04 19:10:00+00:00,0,0,0,0,True,True,False,24.07392787269045,-48.092627665595415,3.0535421419017745,3.997453122450856,24.094434556931212,0.0,0.005258052067415867,on,connected,True,synthetic_device_spec_v11
synthetic_customer_008,cabinet_008,2026-09-04 19:20:00+00:00,0,0,0,0,True,True,False,24.029216396299862,-49.04729389488327,2.942400009308634,3.9719144840555543,24.734284234000086,0.030336791249106123,0.01522602884407554,on,connected,True,synthetic_device_spec_v11
synthetic_customer_008,cabinet_008,2026-09-04 19:30:00+00:00,0,0,0,0,True,True,False,23.829217297836024,-48.03350042723232,3.0364732253891074,4.072016442442535,0.00985091105984905,0.0,0.0,on,connected,True,synthetic_device_spec_v11
synthetic_customer_008,cabinet_008,2026-09-04 19:40:00+00:00,0,0,0,0,True,True,False,24.0489470959169,-46.33937269602405,3.0391723896172205,4.003499618700269,0.4118147733906384,0.02448572974958979,0.0023874851500500197,on,connected,True,synthetic_device_spec_v11
synthetic_customer_008,cabinet_008,2026-09-04 19:50:00+00:00,0,0,0,0,True,True,False,24.03821579031366,-48.08381118752895,2.9335120223288884,3.9186877276739565,0.0,0.0,0.0,on,connected,True,synthetic_device_spec_v11
synthetic_customer_008,cabinet_008,2026-09-04 20:00:00+00:00,0,0,0,0,True,True,False,23.873225139506637,-47.49918847367437,3.043837617239724,4.009559304386762,0.0,0.014423070386879976,0.03731554827018119,on,connected,True,synthetic_device_spec_v11
synthetic_customer_008,cabinet_008,2026-09-04 20:10:00+00:00,0,0,0,0,True,True,False,23.854317905378107,-46.23835721200507,2.991943354166079,4.045054225609576,0.0,0.004281369532828084,0.0,on,connected,True,synthetic_device_spec_v11
synthetic_customer_008,cabinet_008,2026-09-04 20:20:00+00:00,0,0,0,0,True,True,False,24.24685855236067,-47.60685534112352,2.954577559237812,3.976257374886699,0.3895934595589042,0.001193775744971739,0.009737855087853551,on,connected,True,synthetic_device_spec_v11
synthetic_customer_008,cabinet_008,2026-09-04 20:30:00+00:00,0,0,0,0,True,True,False,23.890881693600875,-49.509442852389725,2.9957319980006427,3.825886204644044,0.5635663124976384,0.0,0.0,on,connected,True,synthetic_device_spec_v11
synthetic_customer_008,cabinet_008,2026-09-04 20:40:00+00:00,0,0,0,0,True,True,False,23.94546756528948,-48.98183508753367,2.946958253627942,3.9316028684413875,0.0,0.0,0.0,on,connected,True,synthetic_device_spec_v11
synthetic_customer_008,cabinet_008,2026-09-04 20:50:00+00:00,0,0,0,0,True,True,False,24.02765595637681,-47.10736976707562,2.944068253424244,4.0758347441601765,0.19750126050499603,0.0,0.010889060161588863,on,connected,True,synthetic_device_spec_v11
synthetic_customer_008,cabinet_008,2026-09-04 21:00:00+00:00,0,0,0,0,True,True,False,24.05800482067231,-46.69261595759337,3.0398138081240114,3.9873198739688283,0.0,0.0035594138839491318,0.0,on,connected,True,synthetic_device_spec_v11
synthetic_customer_008,cabinet_008,2026-09-04 21:10:00+00:00,0,0,0,0,True,True,False,23.981189150914624,-48.971200612469104,2.9554911305340577,4.098266943000502,0.05780651793513805,0.0,0.0,on,connected,True,synthetic_device_spec_v11
synthetic_customer_008,cabinet_008,2026-09-04 21:20:00+00:00,0,0,0,0,True,True,False,24.107273317085195,-47.71409510179335,2.9851461124024605,4.018308639602068,0.0,0.0,0.004152803007043034,on,connected,True,synthetic_device_spec_v11
synthetic_customer_008,cabinet_008,2026-09-04 21:30:00+00:00,0,0,0,0,True,True,False,23.833889380854323,-47.318939678441936,3.025104114021207,4.09322856669418,0.0,0.0,0.0,on,connected,True,synthetic_device_spec_v11
synthetic_customer_008,cabinet_008,2026-09-04 21:40:00+00:00,0,0,0,0,True,True,False,24.001173116136876,-49.156264993421054,3.037575359069718,4.1015496582677,0.0,0.037001413846797365,0.01626764593946899,on,connected,True,synthetic_device_spec_v11
synthetic_customer_008,cabinet_008,2026-09-04 21:50:00+00:00,0,0,0,0,True,True,False,23.730855551925686,-47.125810242413216,2.9957462131813366,4.058894961895439,0.25275679430353454,0.011996533328053956,0.0,on,connected,True,synthetic_device_spec_v11
synthetic_customer_008,cabinet_008,2026-09-04 22:00:00+00:00,0,0,0,0,True,True,False,23.984343179602693,-48.90897561213306,2.999909249021502,3.98457056270534,0.0,0.011530293927342249,0.0,on,connected,True,synthetic_device_spec_v11
synthetic_customer_008,cabinet_008,2026-09-04 22:10:00+00:00,0,0,0,0,True,True,False,23.995056914440006,-46.97678375336337,2.9686937217773517,4.111321447882916,1.1581442679257032,0.006293074317307464,0.03333254665060193,on,connected,True,synthetic_device_spec_v11
synthetic_customer_008,cabinet_008,2026-09-04 22:20:00+00:00,0,0,0,0,True,True,False,23.960960707277913,-47.07572823576143,2.9770147435582377,3.9368611180838413,0.0,0.004778657912540559,0.0,on,connected,True,synthetic_device_spec_v11
synthetic_customer_008,cabinet_008,2026-09-04 22:30:00+00:00,0,0,0,0,True,True,False,23.983140581449714,-47.57542295881194,3.0265581064070015,3.9596675320118284,0.014440483732449525,0.0,0.0,on,connected,True,synthetic_device_spec_v11
synthetic_customer_008,cabinet_008,2026-09-04 22:40:00+00:00,0,0,0,0,True,True,False,24.254279373550776,-48.22089676805477,3.0083021229707874,4.020019711964122,0.371357298087587,0.028000775391500372,0.0,on,connected,True,synthetic_device_spec_v11
synthetic_customer_008,cabinet_008,2026-09-04 22:50:00+00:00,0,0,0,0,True,True,False,23.972136239286485,-48.95067153909032,2.99335197786728,3.9202259907629875,0.2851094533649928,0.01041367580272165,0.0,on,connected,True,synthetic_device_spec_v11
synthetic_customer_008,cabinet_008,2026-09-04 23:00:00+00:00,0,0,0,0,True,True,False,23.837927320235465,-49.38565210326298,3.0421631598741206,4.053706704000103,0.0,0.0,0.0,on,connected,True,synthetic_device_spec_v11
synthetic_customer_008,cabinet_008,2026-09-04 23:10:00+00:00,0,0,0,0,True,True,False,23.890568863466857,-45.537868929300934,2.955653479980391,3.9961062167667163,0.0,0.0009337658374320492,0.016429642133968782,on,connected,True,synthetic_device_spec_v11
synthetic_customer_008,cabinet_008,2026-09-04 23:20:00+00:00,0,0,0,0,True,True,False,24.00048217675145,-48.33570302871004,3.0286752559713723,4.032930374554776,0.0,0.024597272027238534,0.0,on,connected,True,synthetic_device_spec_v11
synthetic_customer_008,cabinet_008,2026-09-04 23:30:00+00:00,0,0,0,0,True,True,False,24.079870199661553,-49.435279982986906,2.97253301973542,4.056225918228569,0.0,0.0,0.008164486212058602,on,connected,True,synthetic_device_spec_v11
synthetic_customer_008,cabinet_008,2026-09-04 23:40:00+00:00,0,0,0,0,True,True,False,24.110258377593034,-48.48277066805714,3.0413427566299407,3.8709110512694176,0.0,0.0029287260022779708,0.0,on,connected,True,synthetic_device_spec_v11
synthetic_customer_008,cabinet_008,2026-09-04 23:50:00+00:00,0,0,0,0,True,True,False,23.876631126306894,-48.357227703557385,2.981383922610928,4.009719166538961,0.07482893926058276,0.017010702908699625,0.006811668258953868,on,connected,True,synthetic_device_spec_v11
synthetic_customer_008,cabinet_008,2026-09-05 00:00:00+00:00,0,0,0,0,True,True,False,24.158645581800638,-48.765219117475134,3.010101048521284,3.9485470885327634,0.5835510782457834,0.0,0.0029560733397747153,on,connected,True,synthetic_device_spec_v11
synthetic_customer_008,cabinet_008,2026-09-05 00:10:00+00:00,1,1,1,1,True,True,False,24.07445595319542,-47.939647957235664,3.0114751099369506,3.9777715919837298,0.25832818971647775,0.0035421827698230318,0.002702702473699898,on,connected,True,synthetic_device_spec_v11
synthetic_customer_008,cabinet_008,2026-09-05 00:20:00+00:00,1,1,1,1,True,True,False,24.07484590874562,-47.263785670933515,2.95654092306648,4.0485362126397355,0.0,0.0,0.021218733638888897,on,connected,True,synthetic_device_spec_v11
synthetic_customer_008,cabinet_008,2026-09-05 00:30:00+00:00,1,1,1,1,True,True,False,23.68845729520613,-46.90945238502986,3.0085335495133507,4.049843864500477,0.0663905375863029,0.0,0.017393563933922607,on,connected,True,synthetic_device_spec_v11
synthetic_customer_008,cabinet_008,2026-09-05 00:40:00+00:00,0,0,0,0,True,True,False,24.13747622545786,-46.62799779142762,2.9939115412880923,4.084718387478577,0.018441716555851174,0.03906397476033485,0.0,on,connected,True,synthetic_device_spec_v11
synthetic_customer_008,cabinet_008,2026-09-05 00:50:00+00:00,0,0,0,0,True,True,False,23.991681700033013,-46.81999599070916,2.9942348573788036,3.958631049403985,0.08826385740997766,0.0077265489468884485,0.0,on,connected,True,synthetic_device_spec_v11
synthetic_customer_008,cabinet_008,2026-09-05 01:00:00+00:00,0,0,0,0,True,True,False,24.05947429748327,-47.709098050141506,2.996369676981366,3.9687014444127495,0.13011243006434578,0.0,0.0,on,connected,True,synthetic_device_spec_v11
synthetic_customer_008,cabinet_008,2026-09-05 01:10:00+00:00,0,0,0,0,True,True,False,24.160807047266832,-47.28254371423713,3.0638116242951057,3.9768027130495525,0.2785395518982821,0.0,0.0002914838890752984,on,connected,True,synthetic_device_spec_v11
synthetic_customer_008,cabinet_008,2026-09-05 01:20:00+00:00,0,0,0,0,True,True,False,23.976881013895767,-47.83731198465068,2.977869094802205,4.066020308290662,0.9333496807535304,0.0,0.003336897300000097,on,connected,True,synthetic_device_spec_v11
synthetic_customer_008,cabinet_008,2026-09-05 01:30:00+00:00,0,0,0,0,True,True,False,23.904948219033876,-46.90993447472381,2.9483138873378314,4.02592723493518,0.7311095615785569,0.02679551538226196,0.0005380860832621992,on,connected,True,synthetic_device_spec_v11
synthetic_customer_008,cabinet_008,2026-09-05 01:40:00+00:00,0,0,0,0,True,True,False,24.247019784016093,-47.2468129541569,3.048417789824621,4.027857579759152,0.0651359558510448,0.0,0.010098954213982683,on,connected,True,synthetic_device_spec_v11
synthetic_customer_008,cabinet_008,2026-09-05 01:50:00+00:00,0,0,0,0,True,True,False,24.058377712615876,-48.891962043906155,3.0277382525468606,3.980592554068062,0.0,0.0,0.0010543675364177013,on,connected,True,synthetic_device_spec_v11
synthetic_customer_008,cabinet_008,2026-09-05 02:00:00+00:00,0,0,0,0,True,True,False,24.234675266652392,-48.28273601168051,2.9057691934757464,3.9478020749370955,0.3528015110937062,0.0,0.0,on,connected,True,synthetic_device_spec_v11
synthetic_customer_008,cabinet_008,2026-09-05 02:10:00+00:00,0,0,0,0,True,True,False,24.005074978275292,-48.510343418230796,2.7665392154172874,3.975087897806496,1.250323411527069,0.02071816809649886,0.0,on,connected,True,synthetic_device_spec_v11
synthetic_customer_008,cabinet_008,2026-09-05 02:20:00+00:00,0,0,0,0,True,True,False,23.946258687278757,-46.688253130048096,2.597714399070058,4.002019808313663,0.0,0.03162744357816688,0.0,on,connected,True,synthetic_device_spec_v11
synthetic_customer_008,cabinet_008,2026-09-05 02:30:00+00:00,0,0,0,0,True,True,False,23.72012948266988,-47.674637602979445,2.398750722395599,4.035842505667447,0.0,0.0,0.003160865182291951,on,connected,True,synthetic_device_spec_v11
synthetic_customer_008,cabinet_008,2026-09-05 02:40:00+00:00,0,0,0,0,True,True,False,24.129484929619775,-48.01299317297859,2.3112672828835317,4.027059442208094,0.6104518193422487,0.03092268460027532,0.0,on,connected,True,synthetic_device_spec_v11
synthetic_customer_008,cabinet_008,2026-09-05 02:50:00+00:00,0,0,0,0,True,True,False,24.165300352856985,-49.110619309270504,2.0929749095324213,3.971145426966303,0.0,0.0,0.0,on,connected,True,synthetic_device_spec_v11
synthetic_customer_008,cabinet_008,2026-09-05 03:00:00+00:00,0,0,0,0,True,True,False,23.909191029103095,-49.82575139994433,1.9259265758959663,3.9682985380866547,0.0,0.0,0.01749794781036143,on,connected,True,synthetic_device_spec_v11
synthetic_customer_008,cabinet_008,2026-09-05 03:10:00+00:00,0,0,0,0,True,True,False,23.848927335564102,-47.500549035864836,1.8475225890633704,3.9713925607204574,0.0,0.03537452270321079,0.03072128556597445,on,connected,True,synthetic_device_spec_v11
synthetic_customer_008,cabinet_008,2026-09-05 03:20:00+00:00,0,0,0,0,True,True,False,24.030970970997917,-47.75087935036434,1.617210726326806,3.9013448742288994,0.2270478966061593,0.0,0.0,on,connected,True,synthetic_device_spec_v11
synthetic_customer_008,cabinet_008,2026-09-05 03:30:00+00:00,0,0,0,0,True,True,False,23.95881990665533,-48.73779814004226,1.4505730930549123,4.062600974659053,0.0,0.03139185769013539,0.00149708253066235,on,connected,True,synthetic_device_spec_v11
synthetic_customer_008,cabinet_008,2026-09-05 03:40:00+00:00,0,0,0,0,True,True,False,24.132462958466633,-47.967484307373255,1.2364887735958112,4.04719562430435,0.42072842092125007,0.003922409445635774,0.0,on,connected,True,synthetic_device_spec_v11
synthetic_customer_008,cabinet_008,2026-09-05 03:50:00+00:00,0,0,0,0,True,True,False,24.06654201365294,-48.75254085850272,1.2219396755884309,4.032302248464,0.09630874652606564,0.04290374792235693,0.0,on,connected,True,synthetic_device_spec_v11
synthetic_customer_008,cabinet_008,2026-09-05 04:00:00+00:00,0,0,0,0,True,True,False,24.007534390729397,-48.55150817089632,0.9749727687184264,3.9576515342711036,0.0,0.0,0.0,on,connected,True,synthetic_device_spec_v11
synthetic_customer_008,cabinet_008,2026-09-05 04:10:00+00:00,0,0,0,0,True,True,False,24.018596455600953,-47.12377134945312,0.9987218229351744,3.989457020852477,0.49998592257411517,0.0,0.0,on,connected,True,synthetic_device_spec_v11
synthetic_customer_008,cabinet_008,2026-09-05 04:20:00+00:00,0,0,0,0,True,True,False,23.97427785741883,-47.51912224161972,1.0433684496148408,4.002731531882716,0.6806499674824267,0.0,0.031533976465753455,on,connected,True,synthetic_device_spec_v11
synthetic_customer_008,cabinet_008,2026-09-05 04:30:00+00:00,0,0,0,0,True,True,False,23.909807916617545,-49.47133620680818,1.003768037953033,4.034506578070761,0.2147863833980131,0.028980020484873355,0.014162002277236721,on,connected,True,synthetic_device_spec_v11
synthetic_customer_008,cabinet_008,2026-09-05 04:40:00+00:00,0,0,0,0,True,True,False,24.046047133287644,-47.08955186021561,0.9578654440675574,3.984701153102839,0.0,0.05138915228425174,0.0,on,connected,True,synthetic_device_spec_v11
synthetic_customer_008,cabinet_008,2026-09-05 04:50:00+00:00,0,0,0,0,True,True,False,24.06918661844396,-47.54464868424813,2.938333883743615,4.082529296345753,0.010457807121273083,0.0,0.04355709584321646,on,connected,True,synthetic_device_spec_v11
synthetic_customer_008,cabinet_008,2026-09-05 05:00:00+00:00,0,0,0,0,True,True,False,23.864879700123502,-45.98047238144228,3.035698803342429,3.976331683543946,0.0,0.002693108222018622,0.02968891698284157,on,connected,True,synthetic_device_spec_v11
synthetic_customer_008,cabinet_008,2026-09-05 05:10:00+00:00,0,0,0,0,True,True,False,24.033168948685383,-48.424111792619875,3.058910130186809,4.032901079876603,0.4141171204876754,0.0,0.0,on,connected,True,synthetic_device_spec_v11
synthetic_customer_008,cabinet_008,2026-09-05 05:20:00+00:00,0,0,0,0,True,True,False,23.951914565751352,-46.05096008117945,2.9719789767237157,3.9754911226714693,0.5484501761030307,0.0,0.0,on,connected,True,synthetic_device_spec_v11
synthetic_customer_008,cabinet_008,2026-09-05 05:30:00+00:00,0,0,0,0,True,True,False,24.170174625892404,-48.09195797471444,2.975704050083995,4.000681143849071,0.0,0.01716622772377958,0.0,on,connected,True,synthetic_device_spec_v11
synthetic_customer_008,cabinet_008,2026-09-05 05:40:00+00:00,0,0,0,0,True,True,False,24.122853928777648,-48.57394935459204,3.0341812717320713,4.044993011956918,0.38076445160617756,0.0029247248911912055,0.0018530608932833782,on,connected,True,synthetic_device_spec_v11
synthetic_customer_008,cabinet_008,2026-09-05 05:50:00+00:00,0,0,0,0,True,True,False,24.095741262949844,-48.63726536792824,2.972684949863937,4.066681865923677,0.0,0.0,0.0,on,connected,True,synthetic_device_spec_v11
synthetic_customer_008,cabinet_008,2026-09-05 06:00:00+00:00,0,0,0,0,True,True,False,23.90280505719817,-48.00004715229987,3.028967919536191,3.848386050882983,0.29064948010844177,0.0,0.01086342599309855,on,connected,True,synthetic_device_spec_v11
synthetic_customer_008,cabinet_008,2026-09-05 06:10:00+00:00,1,1,1,1,True,True,False,24.19959942841399,-48.76204577823804,3.052767186384843,4.098632792721134,0.0,0.008407913045282855,0.0029776515755810806,on,connected,True,synthetic_device_spec_v11
synthetic_customer_008,cabinet_008,2026-09-05 06:20:00+00:00,1,1,1,1,True,True,False,24.143114434306277,-47.170229179950326,2.9888991459015446,4.001491157397838,0.805836441070437,0.018226738831378406,0.013592661615773457,on,connected,True,synthetic_device_spec_v11
synthetic_customer_008,cabinet_008,2026-09-05 06:30:00+00:00,1,1,1,1,True,True,False,24.000119849049078,-48.054487252352786,2.997570195892356,4.006031389397412,0.0,0.024357914404408335,0.03754991778140643,on,connected,True,synthetic_device_spec_v11
synthetic_customer_008,cabinet_008,2026-09-05 06:40:00+00:00,0,0,0,0,True,True,False,23.99841650332984,-46.209760622186636,3.0155331016843707,4.171505989669763,0.1873089208143527,0.0,0.0,on,connected,True,synthetic_device_spec_v11
synthetic_customer_008,cabinet_008,2026-09-05 06:50:00+00:00,0,0,0,0,True,True,False,24.113758996970972,-49.76228668600683,3.044535205647147,3.9683183482501603,0.0,0.09079569249647637,0.02927527291186499,on,connected,True,synthetic_device_spec_v11
synthetic_customer_008,cabinet_008,2026-09-05 07:00:00+00:00,0,0,0,0,True,True,False,24.008561306662482,-47.73710255690752,2.958191090022117,3.914224764316721,0.0,0.0,0.007017192193547728,on,connected,True,synthetic_device_spec_v11
synthetic_customer_008,cabinet_008,2026-09-05 07:10:00+00:00,0,0,0,0,True,True,False,23.88670852298533,-48.59270045966764,3.008995821736682,4.002187087818904,0.28671606446299486,0.006838435754943028,0.03402155231992022,on,connected,True,synthetic_device_spec_v11
synthetic_customer_008,cabinet_008,2026-09-05 07:20:00+00:00,0,0,0,0,True,True,False,24.07652396122945,-46.83141117150976,2.9926871900126013,3.9393961516461133,0.24929624085308935,0.025969353294933595,0.0,on,connected,True,synthetic_device_spec_v11
synthetic_customer_008,cabinet_008,2026-09-05 07:30:00+00:00,0,0,0,0,True,True,False,24.09152187224174,-47.746655021645566,3.0256601135418633,4.070423514448818,0.0,0.0403961413489167,0.0,on,connected,True,synthetic_device_spec_v11
synthetic_customer_008,cabinet_008,2026-09-05 07:40:00+00:00,0,0,0,0,True,True,False,23.953245629072885,-47.951008457875815,3.049383500718173,3.8472953817939093,0.0,0.0,0.017826972907866053,on,connected,True,synthetic_device_spec_v11
synthetic_customer_008,cabinet_008,2026-09-05 07:50:00+00:00,0,0,0,0,True,True,False,24.004261698750156,-48.836603549461586,2.970170777303422,4.076274291208008,0.0,0.006496223585298643,0.026948410820041378,on,connected,True,synthetic_device_spec_v11
synthetic_customer_008,cabinet_008,2026-09-05 08:00:00+00:00,0,0,0,0,True,True,False,24.15068923173304,-45.40132001094005,2.9958760212551403,4.032200189422661,0.0,0.016478664920703948,0.004272709768459796,on,connected,True,synthetic_device_spec_v11
synthetic_customer_008,cabinet_008,2026-09-05 08:10:00+00:00,0,0,0,0,True,True,False,24.197591029010912,-46.80099212543644,2.9696767447118844,3.871309326026424,0.4834962704597431,0.0,0.013027864788937592,on,connected,True,synthetic_device_spec_v11
synthetic_customer_008,cabinet_008,2026-09-05 08:20:00+00:00,0,0,0,0,True,True,False,23.916631926014276,-49.874230025043666,2.964902254237856,4.089101963114415,0.0,0.0,0.02178263074894645,on,connected,True,synthetic_device_spec_v11
synthetic_customer_008,cabinet_008,2026-09-05 08:30:00+00:00,0,0,0,0,True,True,False,24.248618490480897,-48.446936705873874,3.025145530570154,3.9889938668560965,0.5556586859823082,0.01283004286809429,0.0035378043870160267,on,connected,True,synthetic_device_spec_v11
synthetic_customer_008,cabinet_008,2026-09-05 08:40:00+00:00,0,0,0,0,True,True,False,24.035355295946808,-48.363485423208786,2.9961153560580063,3.9432864026727077,0.011396598106820097,0.04194939831585566,0.01841272520473272,on,connected,True,synthetic_device_spec_v11
synthetic_customer_008,cabinet_008,2026-09-05 08:50:00+00:00,0,0,0,0,True,True,False,24.08964856849711,-47.86373665394777,2.973903099185343,4.065566210098837,0.0,0.011452781147599988,0.021296558988158715,on,connected,True,synthetic_device_spec_v11
synthetic_customer_008,cabinet_008,2026-09-05 09:00:00+00:00,0,0,0,0,True,True,False,23.818279310387716,-50.882363181313075,2.978333202136973,4.0204984358178075,0.6659346826794167,0.017186534063467034,0.0034792830728528927,on,connected,True,synthetic_device_spec_v11
synthetic_customer_008,cabinet_008,2026-09-05 09:10:00+00:00,0,0,0,0,True,True,False,24.157004323748314,-51.5199853429733,3.0567739699372822,3.8952575199753023,0.07964403463803381,0.013844360630687579,0.0,on,connected,True,synthetic_device_spec_v11
synthetic_customer_008,cabinet_008,2026-09-05 09:20:00+00:00,0,0,0,0,True,True,False,24.272493023187643,-52.05936789500998,2.993444441125853,3.927196668012933,0.0,0.12570484703957502,0.0033465744994201963,on,connected,True,synthetic_device_spec_v11
synthetic_customer_008,cabinet_008,2026-09-05 09:30:00+00:00,0,0,0,0,True,True,False,23.943770663275824,-52.60733613522541,3.0186694411408257,3.983729767601061,0.6381409140610086,0.10174223016681443,0.0008667519182256,on,connected,True,synthetic_device_spec_v11
synthetic_customer_008,cabinet_008,2026-09-05 09:40:00+00:00,0,0,0,0,True,True,False,24.21561397919084,-57.37652570659996,2.979204341612504,4.070585897948268,0.0,0.16738711951298044,0.0,on,connected,True,synthetic_device_spec_v11
synthetic_customer_008,cabinet_008,2026-09-05 09:50:00+00:00,0,0,0,0,True,True,False,24.18108255077455,-58.121325351848355,3.0018002192503497,4.070584045256375,0.0,0.15984695100364033,0.0,on,connected,True,synthetic_device_spec_v11
synthetic_customer_008,cabinet_008,2026-09-05 10:00:00+00:00,0,0,0,0,True,True,False,23.961554352845564,-61.11874293588045,2.965960858181168,3.924241898731345,0.3968806316823127,0.24071386408545634,0.016122025576549782,on,connected,True,synthetic_device_spec_v11
synthetic_customer_008,cabinet_008,2026-09-05 10:10:00+00:00,0,0,0,0,True,True,False,24.12014842360606,-62.58396315215578,2.9966883316167343,3.9051890182716553,0.4923610298560414,0.2521332733935559,0.00892663011001699,on,connected,True,synthetic_device_spec_v11
synthetic_customer_008,cabinet_008,2026-09-05 10:20:00+00:00,0,0,0,0,True,True,False,23.75492893376391,-63.943205615596696,3.0667834012575605,3.9271969663899067,0.5411249010703346,0.30931290839316783,0.0,on,connected,True,synthetic_device_spec_v11
synthetic_customer_008,cabinet_008,2026-09-05 10:30:00+00:00,0,0,0,0,True,True,False,24.135162643839998,-67.52938611541656,3.0471095575959755,4.030114086677082,0.0,0.29282255878796437,0.0,on,connected,True,synthetic_device_spec_v11
synthetic_customer_008,cabinet_008,2026-09-05 10:40:00+00:00,0,0,0,0,True,True,False,23.990776757335546,-67.6415195997063,3.0368292156826184,4.016807789973408,0.8311969665985612,0.37916335444889226,0.0018120588168549381,on,connected,True,synthetic_device_spec_v11
synthetic_customer_008,cabinet_008,2026-09-05 10:50:00+00:00,0,0,0,0,True,True,False,24.056959172155683,-69.75030015887371,3.0292660799651157,3.9002686365866004,0.08206779151579491,0.38909239632788994,0.0,on,connected,True,synthetic_device_spec_v11
synthetic_customer_008,cabinet_008,2026-09-05 11:00:00+00:00,0,0,0,0,True,True,False,24.180065307025647,-70.78092524470962,3.0276477571827773,4.076357953302444,0.0,0.38910230962987796,0.027661124412396723,on,connected,True,synthetic_device_spec_v11
synthetic_customer_008,cabinet_008,2026-09-05 11:10:00+00:00,0,0,0,0,True,True,False,24.166721002160497,-72.57296252851052,2.962260139186488,4.034814454385836,1.0699515776431021,0.48090107275979826,0.02346810896870805,on,connected,True,synthetic_device_spec_v11
synthetic_customer_008,cabinet_008,2026-09-05 11:20:00+00:00,0,0,0,0,True,True,False,23.954470135797845,-75.18833576559344,2.997678726460431,4.0196138202827,0.0,0.4591190713741316,0.0,on,connected,True,synthetic_device_spec_v11
synthetic_customer_008,cabinet_008,2026-09-05 11:30:00+00:00,0,0,0,0,True,True,False,24.0926134502729,-76.30487159520074,2.964645320536515,3.9805316806435123,1.2148712438123677,0.531313988781676,0.0,on,connected,True,synthetic_device_spec_v11
synthetic_customer_008,cabinet_008,2026-09-05 11:40:00+00:00,0,0,0,0,True,True,False,24.038749685732878,-79.31750424312345,2.9861481770633063,3.969323438275067,0.6937543038530745,0.5361772213592038,0.007551019340165662,on,connected,True,synthetic_device_spec_v11
synthetic_customer_008,cabinet_008,2026-09-05 11:50:00+00:00,0,0,0,0,True,True,False,23.78430598651501,-80.96145374774923,3.0764307769475345,4.041139600292547,0.0,0.6071914307367567,0.005795879894067356,on,connected,True,synthetic_device_spec_v11
synthetic_customer_008,cabinet_008,2026-09-05 12:00:00+00:00,0,0,0,0,True,True,False,23.73571761507316,-82.44529600181636,3.0197537104112437,3.9790234293544073,0.0,0.6048578813974205,0.0,on,connected,True,synthetic_device_spec_v11
synthetic_customer_008,cabinet_008,2026-09-05 12:10:00+00:00,1,1,1,1,True,True,False,24.019738607048325,-85.76222570995273,3.012142425188901,3.9498682740833466,0.21088558403869342,0.6508369522009911,0.018121147774273767,on,connected,True,synthetic_device_spec_v11
synthetic_customer_008,cabinet_008,2026-09-05 13:40:00+00:00,0,0,0,0,True,True,False,23.920059468369605,-46.788679736914474,3.00235747609544,3.939377264857929,0.3559144088587651,0.0,0.002659601847638255,on,connected,True,synthetic_device_spec_v11
synthetic_customer_008,cabinet_008,2026-09-05 13:50:00+00:00,0,0,0,0,True,True,False,24.087322944785615,-48.559182968014085,2.9185672947946095,4.11142413559757,0.0,0.0,0.003307744904222652,on,connected,True,synthetic_device_spec_v11
synthetic_customer_008,cabinet_008,2026-09-05 14:00:00+00:00,0,0,0,0,True,True,False,24.022057137161006,-49.205788308659805,3.0689523768683302,3.985945120482401,0.64777917655404,0.0,0.0,on,connected,True,synthetic_device_spec_v11
synthetic_customer_008,cabinet_008,2026-09-05 14:10:00+00:00,0,0,0,0,True,True,False,23.959217499837766,-48.250602476324275,2.9809499643727695,4.0032077440087015,0.12090502732579261,0.0,0.0,on,connected,True,synthetic_device_spec_v11
synthetic_customer_008,cabinet_008,2026-09-05 14:20:00+00:00,0,0,0,0,True,True,False,23.87548040803333,-47.08334159776275,3.02080189121778,3.959422894913577,0.0,0.0,0.0,on,connected,True,synthetic_device_spec_v11
synthetic_customer_008,cabinet_008,2026-09-05 14:30:00+00:00,0,0,0,0,True,True,False,23.833007360565013,-47.67079351383422,3.056666682457748,4.043154030878255,0.0,0.0,0.0,on,connected,True,synthetic_device_spec_v11
synthetic_customer_008,cabinet_008,2026-09-05 14:40:00+00:00,0,0,0,0,True,True,False,23.80694661584839,-48.87413619645059,2.9993948018099106,4.072156219832868,0.0,0.011638395711390512,0.0,on,connected,True,synthetic_device_spec_v11
synthetic_customer_008,cabinet_008,2026-09-05 14:50:00+00:00,0,0,0,0,True,True,False,24.17586046361347,-46.41564977224364,3.091659894883439,3.9975058286206475,0.1466569690857656,0.0,0.0,on,connected,True,synthetic_device_spec_v11
synthetic_customer_008,cabinet_008,2026-09-05 15:00:00+00:00,0,0,0,0,True,True,False,23.98225932256975,-47.57273343832753,2.9629868088591067,3.979660856872845,0.23786531177021297,0.0,0.0,on,connected,True,synthetic_device_spec_v11
synthetic_customer_008,cabinet_008,2026-09-05 15:10:00+00:00,0,0,0,0,True,True,False,23.90817986341542,-48.008951026894245,2.9569423649379916,4.0926751958809255,0.0,0.0,0.0,on,connected,True,synthetic_device_spec_v11
synthetic_customer_008,cabinet_008,2026-09-05 15:20:00+00:00,0,0,0,0,True,True,False,24.02602806390025,-45.91374057030682,2.8995875954035277,3.9086756619313228,0.3257794088538163,0.0,0.0,on,connected,True,synthetic_device_spec_v11
synthetic_customer_008,cabinet_008,2026-09-05 15:30:00+00:00,0,0,0,0,True,True,False,23.959558646521504,-48.89609236261811,2.9798530980387565,4.004546173286199,0.02953253703053656,0.003945690454877826,0.03397427871732185,on,connected,True,synthetic_device_spec_v11
synthetic_customer_008,cabinet_008,2026-09-05 15:40:00+00:00,0,0,0,0,True,True,False,23.750202719360267,-48.59194700448316,3.025945399266677,3.9259719156275565,0.45039260570756695,0.0,0.034480563264704264,on,connected,True,synthetic_device_spec_v11
synthetic_customer_008,cabinet_008,2026-09-05 15:50:00+00:00,0,0,0,0,True,True,False,23.87621693279848,-47.039345362049566,2.998157591565023,3.949999219314063,0.0,0.03814340267374312,0.017583358889747012,on,connected,True,synthetic_device_spec_v11
synthetic_customer_008,cabinet_008,2026-09-05 16:00:00+00:00,0,0,0,0,True,True,False,23.91981699661272,-46.58746710481134,3.032941202561926,3.9850430366335123,0.6367148096133464,0.009795284980598888,0.0,on,connected,True,synthetic_device_spec_v11
synthetic_customer_008,cabinet_008,2026-09-05 16:10:00+00:00,0,0,0,0,True,True,False,24.10714093069076,-48.759763686079616,2.997211779349875,4.107857430138296,0.2921690886264191,0.0,0.0013539491704634813,on,connected,True,synthetic_device_spec_v11
synthetic_customer_008,cabinet_008,2026-09-05 16:20:00+00:00,0,0,0,0,True,True,False,23.794890924901853,-47.52525925119443,2.978857238409927,4.001987066408176,0.0,0.0,0.0,on,connected,True,synthetic_device_spec_v11
synthetic_customer_008,cabinet_008,2026-09-05 16:30:00+00:00,0,0,0,0,True,True,False,24.114650988593112,-48.72416895723391,2.836959624864067,3.9288412016155005,0.547733808509277,0.0,0.013290260389120314,on,connected,True,synthetic_device_spec_v11
synthetic_customer_008,cabinet_008,2026-09-05 16:40:00+00:00,0,0,0,0,True,True,False,24.037359948938406,-47.48244092012308,2.8561025224464283,4.084025732437691,0.0,0.011198969220671817,0.019171948253457027,on,connected,True,synthetic_device_spec_v11
synthetic_customer_008,cabinet_008,2026-09-05 16:50:00+00:00,0,0,0,0,True,True,False,24.017005996539435,-47.77550474210091,2.7752881322489156,3.93842116217633,0.5666436189961329,0.0,0.02195935330129714,on,connected,True,synthetic_device_spec_v11
synthetic_customer_008,cabinet_008,2026-09-05 17:00:00+00:00,0,0,0,0,True,True,False,23.924947120857787,-46.59852257394021,2.739589790986166,4.09107208225604,0.6081441070229964,0.0,0.03835966454955252,on,connected,True,synthetic_device_spec_v11
synthetic_customer_008,cabinet_008,2026-09-05 17:10:00+00:00,0,0,0,0,True,True,False,24.075600880503444,-48.445707389809535,2.748699828868006,3.927987543382853,0.0,0.0061900971905340255,0.033357036546279945,on,connected,True,synthetic_device_spec_v11
synthetic_customer_008,cabinet_008,2026-09-05 17:20:00+00:00,0,0,0,0,True,True,False,23.92465026554055,-48.597208972045586,2.724178920704054,4.104722484176204,0.1848401717706575,0.0,0.020091392963945277,on,connected,True,synthetic_device_spec_v11
synthetic_customer_008,cabinet_008,2026-09-05 17:30:00+00:00,0,0,0,0,True,True,False,24.033669303820027,-49.75384206207006,2.6384717051755313,4.020047694111774,1.7297743763972888,0.0,0.007948022682170791,on,connected,True,synthetic_device_spec_v11
synthetic_customer_008,cabinet_008,2026-09-05 17:40:00+00:00,0,0,0,0,True,True,False,24.07513217343401,-49.01322196219833,2.5765202349141014,3.9842187899629193,3.2381351756018524,0.0,0.0,on,connected,True,synthetic_device_spec_v11
synthetic_customer_008,cabinet_008,2026-09-05 17:50:00+00:00,0,0,0,0,True,True,False,23.961343811639605,-46.519911217029424,2.627623333386459,4.008984683648003,3.4745494774322494,0.0,0.00805523971086617,on,connected,True,synthetic_device_spec_v11
synthetic_customer_008,cabinet_008,2026-09-05 18:00:00+00:00,0,0,0,0,True,True,False,23.723024424760197,-49.32568977060304,2.594742483537482,3.9252268423581733,5.255079937415622,0.03877727123538017,0.017900792810729534,on,connected,True,synthetic_device_spec_v11
synthetic_customer_008,cabinet_008,2026-09-05 18:10:00+00:00,1,1,1,1,True,True,False,23.78773576942095,-48.38427942496498,2.5376999655573647,4.011850485053324,8.081408180845763,0.0,0.0,on,connected,True,synthetic_device_spec_v11
synthetic_customer_008,cabinet_008,2026-09-05 18:20:00+00:00,1,1,1,1,True,True,False,24.106995195197783,-48.10196008966812,2.501136735538912,3.98245282088356,8.539364384930966,0.0,0.0059275692886088605,on,connected,True,synthetic_device_spec_v11
synthetic_customer_008,cabinet_008,2026-09-05 18:30:00+00:00,1,1,1,1,True,True,False,24.255383958903618,-45.430301657150295,2.4896315329937697,3.8889078315835723,11.2712466962622,0.0,0.023561040994033947,on,connected,True,synthetic_device_spec_v11
synthetic_customer_008,cabinet_008,2026-09-05 18:40:00+00:00,0,0,0,0,True,True,False,23.932468367481285,-49.878765661088615,2.4188986289863696,3.9725344986540496,11.902899663077461,0.01403359356535555,0.004577286576206734,on,connected,True,synthetic_device_spec_v11
synthetic_customer_008,cabinet_008,2026-09-05 18:50:00+00:00,0,0,0,0,True,True,False,23.820758876728686,-48.35828513042245,2.3946292574709354,4.011515609082109,14.287925489569815,0.0,0.0,on,connected,True,synthetic_device_spec_v11
synthetic_customer_008,cabinet_008,2026-09-05 19:00:00+00:00,0,0,0,0,True,True,False,24.298469869586256,-48.1752818942824,2.340949618960223,4.110425631863832,15.26687160408437,0.0005348476808742321,0.024265063094540563,on,connected,True,synthetic_device_spec_v11
synthetic_customer_008,cabinet_008,2026-09-05 19:10:00+00:00,0,0,0,0,True,True,False,23.98476674289959,-46.654203301130316,2.318894062164435,3.9189996108705327,16.53019963536986,0.00676787335735759,0.008657989370592338,on,connected,True,synthetic_device_spec_v11
synthetic_customer_008,cabinet_008,2026-09-05 19:20:00+00:00,0,0,0,0,True,True,False,24.04403492451701,-46.6972266378972,2.26258556957059,3.9831709268580537,18.574609211512367,0.0,0.0027968818432864855,on,connected,True,synthetic_device_spec_v11
synthetic_customer_008,cabinet_008,2026-09-05 19:30:00+00:00,0,0,0,0,True,True,False,23.806818885042254,-47.9071078056344,2.228964079093394,4.074994811354653,19.716969296600578,0.0,0.0,on,connected,True,synthetic_device_spec_v11
synthetic_customer_008,cabinet_008,2026-09-05 19:40:00+00:00,0,0,0,0,True,True,False,23.809915674478496,-49.05902961594616,2.2560370710201054,3.9372780562241654,21.148130256135776,0.0,0.052205276126280516,on,connected,True,synthetic_device_spec_v11
synthetic_customer_008,cabinet_008,2026-09-05 19:50:00+00:00,0,0,0,0,True,True,False,23.94544600798349,-48.526391929118624,2.2057367859025008,4.044878931997175,23.806612507410613,0.0,0.01919015223391071,on,connected,True,synthetic_device_spec_v11
synthetic_customer_008,cabinet_008,2026-09-05 20:00:00+00:00,0,0,0,0,True,True,False,23.947856109511054,-48.821189343009,2.230140041798289,4.048980441508427,23.96982867753621,0.0,0.0,on,connected,True,synthetic_device_spec_v11
synthetic_customer_008,cabinet_008,2026-09-05 20:10:00+00:00,0,0,0,0,True,True,False,24.02589440452347,-47.486604495584814,2.265191213516846,4.124169272543237,25.559686488176478,0.002344552451744246,0.019143720347324724,on,connected,True,synthetic_device_spec_v11
synthetic_customer_008,cabinet_008,2026-09-05 20:20:00+00:00,0,0,0,0,True,True,False,23.953808710269676,-49.269670663303636,2.267608397819856,4.306768489315053,25.76309299417488,0.0,0.043761862195117275,on,connected,True,synthetic_device_spec_v11
synthetic_customer_008,cabinet_008,2026-09-05 20:30:00+00:00,0,0,0,0,True,True,False,24.000126494328814,-47.350760919109526,2.267889974045314,4.502018932361613,25.72075735927969,0.04989108112301377,0.04988225638565555,on,connected,True,synthetic_device_spec_v11
synthetic_customer_008,cabinet_008,2026-09-05 20:40:00+00:00,0,0,0,0,True,True,False,24.08073725454418,-48.50986958695781,2.969934165506343,4.64552177204072,0.0,0.0,0.07891216192881481,on,connected,True,synthetic_device_spec_v11
synthetic_customer_008,cabinet_008,2026-09-05 20:50:00+00:00,0,0,0,0,True,True,False,24.038242035140414,-47.63569911653877,3.046137040792237,4.838970834740254,0.09222143550969567,0.0,0.11962780823460936,on,connected,True,synthetic_device_spec_v11
synthetic_customer_008,cabinet_008,2026-09-05 21:00:00+00:00,0,0,0,0,True,True,False,24.10900423017985,-47.24349335762612,2.945590072696697,4.916511036616819,0.0,0.0030353921185224276,0.14321933561137334,on,connected,True,synthetic_device_spec_v11
synthetic_customer_008,cabinet_008,2026-09-05 21:10:00+00:00,0,0,0,0,True,True,False,24.24144443613373,-48.11649248712443,3.073666787434407,5.129838879721028,0.3842515434789437,0.00035798202180696787,0.13055246834744347,on,connected,True,synthetic_device_spec_v11
synthetic_customer_008,cabinet_008,2026-09-05 21:20:00+00:00,0,0,0,0,True,True,False,23.86047888688837,-47.1167616088457,2.9611517140091594,5.358579569887587,0.0,0.0,0.16293283921666382,on,connected,True,synthetic_device_spec_v11
synthetic_customer_008,cabinet_008,2026-09-05 21:30:00+00:00,0,0,0,0,True,True,False,23.78071460763351,-48.82896625768143,2.96176183442175,5.4892684115082595,0.4661510505621221,0.0,0.1709751210548335,on,connected,True,synthetic_device_spec_v11
synthetic_customer_008,cabinet_008,2026-09-05 21:40:00+00:00,0,0,0,0,True,True,False,24.08539987544871,-46.11618621312199,2.968479738852619,5.646490023704779,0.0,0.0,0.22333199850781868,on,connected,True,synthetic_device_spec_v11
synthetic_customer_008,cabinet_008,2026-09-05 21:50:00+00:00,0,0,0,0,True,True,False,23.99276986396505,-48.600724530616596,2.9824377398395367,5.687552263399101,0.5461163027417469,0.016024682478899554,0.26582290786324764,on,connected,True,synthetic_device_spec_v11
synthetic_customer_008,cabinet_008,2026-09-05 22:00:00+00:00,0,0,0,0,True,True,False,23.96129164389813,-48.12199272752757,2.9961458583780316,6.100085466971579,0.0,0.05479609485050373,0.2363398827739386,on,connected,True,synthetic_device_spec_v11
synthetic_customer_008,cabinet_008,2026-09-05 22:10:00+00:00,0,0,0,0,True,True,False,23.77110191646941,-46.52749700694087,2.9817748143472413,6.207967514894866,0.3002900491864046,0.0007066379385291571,0.28975144873282577,on,connected,True,synthetic_device_spec_v11
synthetic_customer_008,cabinet_008,2026-09-05 22:20:00+00:00,0,0,0,0,True,True,False,23.922659572565703,-46.84393349497329,2.9836302158915777,6.280945934181294,0.4386917794937464,0.0,0.2743504774992597,on,connected,True,synthetic_device_spec_v11
synthetic_customer_008,cabinet_008,2026-09-05 22:30:00+00:00,0,0,0,0,True,True,False,24.08807621634557,-47.90114665232994,3.008764538136082,6.468632761994211,0.2917900244924856,0.0,0.32156253190429285,on,connected,True,synthetic_device_spec_v11
synthetic_customer_008,cabinet_008,2026-09-05 22:40:00+00:00,0,0,0,0,True,True,False,23.845606499786342,-48.42807088427514,3.0091129886760446,6.508683970233921,0.0,0.03815874107536893,0.3652792756812036,on,connected,True,synthetic_device_spec_v11
synthetic_customer_008,cabinet_008,2026-09-05 22:50:00+00:00,0,0,0,0,True,True,False,24.104227152143576,-46.493495299752425,2.9130314085150757,6.843323427225817,0.28331668317135666,0.0,0.41432155829805334,on,connected,True,synthetic_device_spec_v11
synthetic_customer_008,cabinet_008,2026-09-05 23:00:00+00:00,0,0,0,0,True,True,False,24.047020105821584,-46.58704430261467,2.954635109509693,7.022967865191499,0.0,0.0,0.3901435887803282,on,connected,True,synthetic_device_spec_v11
synthetic_customer_008,cabinet_008,2026-09-05 23:10:00+00:00,0,0,0,0,True,True,False,24.083621454198745,-46.36386168028156,3.0137467134716966,6.996442087951453,0.0,0.018644018307881392,0.37513734407875077,on,connected,True,synthetic_device_spec_v11
synthetic_customer_008,cabinet_008,2026-09-05 23:20:00+00:00,0,0,0,0,True,True,False,23.990922902303037,-48.71329267134625,2.9624035894685044,7.022562219737178,0.2539852851333101,0.029665099624472786,0.36821031675485283,on,connected,True,synthetic_device_spec_v11
synthetic_customer_008,cabinet_008,2026-09-05 23:30:00+00:00,0,0,0,0,True,True,False,24.04738066397015,-48.05027924078321,2.984234807561806,7.051336812982754,0.060515898429611546,0.008356788460886262,0.4001093176582337,on,connected,True,synthetic_device_spec_v11
synthetic_customer_008,cabinet_008,2026-09-05 23:40:00+00:00,0,0,0,0,True,True,False,24.152434553623422,-48.2780769053728,2.9331660253385965,4.073423463490799,0.13572267399672353,0.012297871400931124,0.0,on,connected,True,synthetic_device_spec_v11
synthetic_customer_008,cabinet_008,2026-09-05 23:50:00+00:00,0,0,0,0,True,True,False,23.80956220060874,-47.192225411605136,2.984474358291033,3.9508436488889886,0.0,0.0,0.0,on,connected,True,synthetic_device_spec_v11
synthetic_customer_008,cabinet_008,2026-09-06 00:00:00+00:00,0,0,0,0,True,True,False,24.051887842629313,-46.192199993635874,2.9522137736221503,4.00467290668523,0.0,0.0,0.0,on,connected,True,synthetic_device_spec_v11
synthetic_customer_008,cabinet_008,2026-09-06 00:10:00+00:00,1,1,1,1,True,True,False,24.231757908680777,-48.607789462450576,3.010953394802622,4.015800428080955,0.0,0.014131804470983937,0.0,on,connected,True,synthetic_device_spec_v11
synthetic_customer_008,cabinet_008,2026-09-06 00:20:00+00:00,1,1,1,1,True,True,False,24.083103867628065,-48.78671390286645,2.9654064198367522,3.991723170850357,0.47453896243251487,0.0,0.0,on,connected,True,synthetic_device_spec_v11
synthetic_customer_008,cabinet_008,2026-09-06 00:30:00+00:00,1,1,1,1,True,True,False,24.261980496192326,-47.95690620304817,2.988278478128988,3.915198904207081,0.29502728677771745,0.0,0.01149088662798378,on,connected,True,synthetic_device_spec_v11
synthetic_customer_008,cabinet_008,2026-09-06 00:40:00+00:00,0,0,0,0,True,True,False,24.015251314210275,-49.18176225855108,3.041538652329785,4.011401407720715,0.0,0.04455755471014665,0.0,on,connected,True,synthetic_device_spec_v11
synthetic_customer_008,cabinet_008,2026-09-06 00:50:00+00:00,0,0,0,0,True,True,False,24.104286031480704,-47.81054584563701,2.9589230875689365,3.952315458883012,0.7731023813870863,0.0,0.0,on,connected,True,synthetic_device_spec_v11
synthetic_customer_008,cabinet_008,2026-09-06 01:00:00+00:00,0,0,0,0,True,True,False,23.999354066481317,-48.11710008770328,3.006743883008734,4.059495542981768,0.4890079047595456,0.0,0.0,on,connected,True,synthetic_device_spec_v11
synthetic_customer_008,cabinet_008,2026-09-06 01:10:00+00:00,0,0,0,0,True,True,False,23.842057241063,-48.9471677669822,2.999814513490591,4.0061858600194284,0.0,0.0,0.0,on,connected,True,synthetic_device_spec_v11
synthetic_customer_008,cabinet_008,2026-09-06 01:20:00+00:00,0,0,0,0,True,True,False,23.82470170470786,-47.1801673949252,2.982816519665555,4.067468668068936,0.0,0.011810879350473105,0.008263605850346979,on,connected,True,synthetic_device_spec_v11
synthetic_customer_008,cabinet_008,2026-09-06 01:30:00+00:00,0,0,0,0,True,True,False,23.934122858909454,-49.2598743145403,3.043016135642149,3.991988851746752,0.893077434642559,0.0,0.01683748485562258,on,connected,True,synthetic_device_spec_v11
synthetic_customer_008,cabinet_008,2026-09-06 01:40:00+00:00,0,0,0,0,True,True,False,23.936834384983893,-47.141480032911566,3.008039624131743,4.099354013055471,0.0,0.020591261168885846,0.03334280163911954,on,connected,True,synthetic_device_spec_v11
synthetic_customer_008,cabinet_008,2026-09-06 01:50:00+00:00,0,0,0,0,True,True,False,23.815349982770464,-48.2814725008129,2.9888933641791695,4.060173380100835,0.6043917175681476,0.030934071203269544,0.0,on,connected,True,synthetic_device_spec_v11
synthetic_customer_008,cabinet_008,2026-09-06 02:00:00+00:00,0,0,0,0,True,True,False,24.236842280156722,-48.6269169335728,2.949101597699309,3.921949754005456,0.2422361293514909,0.0,0.0,on,connected,True,synthetic_device_spec_v11
synthetic_customer_008,cabinet_008,2026-09-06 02:10:00+00:00,0,0,0,0,True,True,False,24.00705281398374,-46.93507286067714,3.063242923227593,4.030019755779039,0.0,0.0,0.0,on,connected,True,synthetic_device_spec_v11
synthetic_customer_008,cabinet_008,2026-09-06 02:20:00+00:00,0,0,0,0,True,True,False,24.02508366469011,-48.00674141586408,3.0020864821351467,4.027663288053555,0.4112003881331634,0.02348419027306755,0.0,on,connected,True,synthetic_device_spec_v11
synthetic_customer_008,cabinet_008,2026-09-06 02:30:00+00:00,0,0,0,0,True,True,False,23.894248335605077,-49.45794321441937,3.0532830331892065,4.021088813433859,0.9734336830409073,0.004071441805198606,0.0,on,connected,True,synthetic_device_spec_v11
synthetic_customer_008,cabinet_008,2026-09-06 02:40:00+00:00,0,0,0,0,True,True,False,23.879402064049078,-46.94006307523197,2.9859372346685973,3.942679161860055,0.0,0.006100184930654195,0.0,on,connected,True,synthetic_device_spec_v11
synthetic_customer_008,cabinet_008,2026-09-06 02:50:00+00:00,0,0,0,0,True,True,False,24.12345856464284,-47.06457229532519,2.903430209601294,3.995991104600328,0.0,0.00798376962128721,0.0010990745210502253,on,connected,True,synthetic_device_spec_v11
synthetic_customer_008,cabinet_008,2026-09-06 03:00:00+00:00,0,0,0,0,True,True,False,23.907286942810796,-46.40076981893104,3.016969252095659,3.9427110756220505,0.43223227078706783,0.04650151743404856,0.0,on,connected,True,synthetic_device_spec_v11
synthetic_customer_008,cabinet_008,2026-09-06 03:10:00+00:00,0,0,0,0,True,True,False,24.00328071879717,-48.42633895970586,2.953621744228912,3.899751193417713,0.15522271395000128,0.029824882940424582,0.0,on,connected,True,synthetic_device_spec_v11
synthetic_customer_008,cabinet_008,2026-09-06 03:20:00+00:00,0,0,0,0,True,True,False,24.106862457210156,-48.23961939268475,2.9887139993206127,3.9896305993897174,0.0,0.007443223741983015,0.0,on,connected,True,synthetic_device_spec_v11
synthetic_customer_008,cabinet_008,2026-09-06 03:30:00+00:00,0,0,0,0,True,True,False,24.189609236817876,-48.84806175554788,3.043364259093266,3.908580083368718,0.0,0.028038426805804713,0.005027207003834898,on,connected,True,synthetic_device_spec_v11
synthetic_customer_008,cabinet_008,2026-09-06 03:40:00+00:00,0,0,0,0,True,True,False,24.031649624202764,-48.08022719233667,2.996842610455366,3.99423901270518,0.0,0.011219567636942197,0.0,on,connected,True,synthetic_device_spec_v11
synthetic_customer_008,cabinet_008,2026-09-06 03:50:00+00:00,0,0,0,0,True,True,False,23.943265820240676,-48.77703974336109,2.9784615709851314,3.8946125876098483,0.32793238696953964,0.01103969665478832,0.017555819453329232,on,connected,True,synthetic_device_spec_v11
synthetic_customer_008,cabinet_008,2026-09-06 04:00:00+00:00,0,0,0,0,True,True,False,23.96730548470323,-48.25391787813007,3.010016388218418,4.018707791266426,0.0,0.0037520144628480803,0.013690100865415892,on,connected,True,synthetic_device_spec_v11
synthetic_customer_008,cabinet_008,2026-09-06 04:10:00+00:00,0,0,0,0,True,True,False,24.0141873392527,-46.2867008869551,3.0639013658780025,3.976875656525922,0.0,0.037071120424910856,0.011671428702900864,on,connected,True,synthetic_device_spec_v11
synthetic_customer_008,cabinet_008,2026-09-06 04:20:00+00:00,0,0,0,0,True,True,False,24.093431070133242,-47.43833510609751,2.993402641328572,4.0587061132612385,0.0,0.0,0.0,on,connected,True,synthetic_device_spec_v11
synthetic_customer_008,cabinet_008,2026-09-06 04:30:00+00:00,0,0,0,0,True,True,False,24.030750727462358,-48.045182448960894,2.929990303136543,4.0335729083590905,0.0,0.018311888652930215,0.0015387889116240496,on,connected,True,synthetic_device_spec_v11
synthetic_customer_008,cabinet_008,2026-09-06 04:40:00+00:00,0,0,0,0,True,True,False,23.923006173497026,-49.28961257392861,3.03497849415835,3.969301716732345,0.538115796636447,0.0,0.0,on,connected,True,synthetic_device_spec_v11
synthetic_customer_008,cabinet_008,2026-09-06 04:50:00+00:00,0,0,0,0,True,True,False,24.03207434818542,-48.203755152574814,3.0056489166128855,3.967747184675821,0.0,0.06115096170663741,0.0,on,connected,True,synthetic_device_spec_v11
synthetic_customer_008,cabinet_008,2026-09-06 05:00:00+00:00,0,0,0,0,True,True,False,24.1518753227153,-47.68566039390723,3.022907235149438,3.9787425360200532,0.3471842134581766,0.02792272723415519,0.0,on,connected,True,synthetic_device_spec_v11
synthetic_customer_008,cabinet_008,2026-09-06 05:10:00+00:00,0,0,0,0,True,True,False,24.00340004347549,-45.97746985375829,2.987700240384953,3.9832122105919683,0.0,0.0,0.0,on,connected,True,synthetic_device_spec_v11
synthetic_customer_008,cabinet_008,2026-09-06 05:20:00+00:00,0,0,0,0,True,True,False,24.281537238773026,-47.295686428215085,2.9004861223479614,4.107231307112232,0.3641171325694017,0.009007836165730233,0.0,on,connected,True,synthetic_device_spec_v11
synthetic_customer_008,cabinet_008,2026-09-06 05:30:00+00:00,0,0,0,0,True,True,False,23.83388440447799,-46.658187963914386,3.0296019119285593,4.049534766709962,0.06123500975986813,0.0,0.008475631932907108,on,connected,True,synthetic_device_spec_v11
synthetic_customer_008,cabinet_008,2026-09-06 05:40:00+00:00,0,0,0,0,True,True,False,23.538942169118727,-48.16333973675734,2.9909105190851473,4.079147140445558,0.2273058396148119,0.0,0.0,on,connected,True,synthetic_device_spec_v11
synthetic_customer_008,cabinet_008,2026-09-06 05:50:00+00:00,0,0,0,0,True,True,False,23.18613143448952,-47.49541671996586,2.984033497616569,3.9811942883824685,0.0,0.0,0.0,on,connected,True,synthetic_device_spec_v11
synthetic_customer_008,cabinet_008,2026-09-06 06:00:00+00:00,0,0,0,0,True,True,False,22.969823498995513,-49.04993494463928,3.0551527420482723,4.022654956294506,0.30155076111276496,0.01593539556220819,0.0,on,connected,True,synthetic_device_spec_v11
synthetic_customer_008,cabinet_008,2026-09-06 06:10:00+00:00,1,1,1,1,True,True,False,22.58447088995118,-47.67917375376697,2.990807705780195,3.890221044367676,0.07468868568441643,0.002299268115688286,0.0,on,connected,True,synthetic_device_spec_v11
synthetic_customer_008,cabinet_008,2026-09-06 06:20:00+00:00,1,1,1,1,True,True,False,22.287394043233167,-48.18077656994949,3.030546792162262,3.90717140659166,0.6305473177127744,0.0010752833785569581,0.0,on,connected,True,synthetic_device_spec_v11
synthetic_customer_008,cabinet_008,2026-09-06 06:30:00+00:00,1,1,1,1,True,True,False,22.123029243188398,-48.55065118739745,3.0119807775070044,4.11415285646545,0.36306383130344283,0.02499534036899723,0.042505490952162536,on,connected,True,synthetic_device_spec_v11
synthetic_customer_008,cabinet_008,2026-09-06 06:40:00+00:00,0,0,0,0,True,True,False,21.753627963054722,-48.62525762137557,3.055025333994764,3.9780256279086403,0.078728994814829,0.0009533075857701157,0.0,on,connected,True,synthetic_device_spec_v11
synthetic_customer_008,cabinet_008,2026-09-06 06:50:00+00:00,0,0,0,0,True,True,False,21.636673055467238,-46.81370226569078,2.8847591892274638,3.9465945083424456,0.621995570380489,0.0,0.0010572941152017692,on,connected,True,synthetic_device_spec_v11
synthetic_customer_008,cabinet_008,2026-09-06 07:00:00+00:00,0,0,0,0,True,True,False,21.400504593345783,-52.519879289597995,2.7908887894123575,3.952446969709381,0.2572521452481839,0.009698631269767406,0.0,on,connected,True,synthetic_device_spec_v11
synthetic_customer_008,cabinet_008,2026-09-06 07:10:00+00:00,0,0,0,0,True,True,False,21.109747740892537,-48.46652581552948,2.531260953471554,3.9677947754644163,0.0,0.016123467737158812,0.0035094705361886232,on,connected,True,synthetic_device_spec_v11
synthetic_customer_008,cabinet_008,2026-09-06 07:20:00+00:00,0,0,0,0,True,True,False,21.08433250568641,-47.13030639490758,2.4746945178376927,3.932638511008141,0.031024048762657526,0.0,0.0,on,connected,True,synthetic_device_spec_v11
synthetic_customer_008,cabinet_008,2026-09-06 07:30:00+00:00,0,0,0,0,True,True,False,20.712248330995436,-48.51768746165224,2.206537247887866,3.962848722292901,0.430027681526008,0.0,0.007626332102542854,on,connected,True,synthetic_device_spec_v11
synthetic_customer_008,cabinet_008,2026-09-06 07:40:00+00:00,0,0,0,0,True,True,False,20.528009244612065,-49.240234995919955,2.0660580965837516,4.137776622196035,0.0,0.0,0.01882186030911462,on,connected,True,synthetic_device_spec_v11
synthetic_customer_008,cabinet_008,2026-09-06 07:50:00+00:00,0,0,0,0,True,True,False,20.268491161944898,-48.389323872494124,1.9049426775356304,4.048163133597105,0.604557349643134,0.011319539171197046,0.0,on,connected,True,synthetic_device_spec_v11
synthetic_customer_008,cabinet_008,2026-09-06 08:00:00+00:00,0,0,0,0,True,True,False,19.866481429029164,-46.84053132785992,1.773212783373756,3.9898251429505907,0.0,0.0,0.0,on,connected,True,synthetic_device_spec_v11
synthetic_customer_008,cabinet_008,2026-09-06 08:10:00+00:00,0,0,0,0,True,True,False,19.497174777117742,-48.739783485497895,1.6100689460589135,3.9510737653753716,0.0,0.030994952099607388,0.0,on,connected,True,synthetic_device_spec_v11
synthetic_customer_008,cabinet_008,2026-09-06 08:20:00+00:00,0,0,0,0,True,True,False,19.363566517378928,-47.36753563677746,1.5015197826609281,4.068920206134425,0.0,0.015972431677648512,0.01437864168075368,on,connected,True,synthetic_device_spec_v11
synthetic_customer_008,cabinet_008,2026-09-06 08:30:00+00:00,0,0,0,0,True,True,False,19.05784916458771,-48.135864098278184,1.3114034764242342,4.002402676975478,0.0,0.00038672651005706646,0.0,on,connected,True,synthetic_device_spec_v11
synthetic_customer_008,cabinet_008,2026-09-06 08:40:00+00:00,0,0,0,0,True,True,False,18.654934246381558,-48.6180382938724,1.2046936061497266,3.973970905348568,0.21303122161898255,0.014365436666097839,0.0,on,connected,True,synthetic_device_spec_v11
synthetic_customer_008,cabinet_008,2026-09-06 10:10:00+00:00,0,0,0,0,True,True,False,24.166869754325212,-46.816036470468006,2.9895314708722736,4.026132632932713,0.0,0.0,0.008607563894828028,on,connected,True,synthetic_device_spec_v11
synthetic_customer_008,cabinet_008,2026-09-06 10:20:00+00:00,0,0,0,0,True,True,False,23.88403212159885,-48.458437003826596,3.0015254127200244,3.903487795139348,0.0,0.0,0.0,on,connected,True,synthetic_device_spec_v11
synthetic_customer_008,cabinet_008,2026-09-06 10:30:00+00:00,0,0,0,0,True,True,False,24.015026390036464,-48.364950645453945,2.9628490944534014,4.0055862493859165,0.0,0.013569152584934414,0.0,on,connected,True,synthetic_device_spec_v11
synthetic_customer_008,cabinet_008,2026-09-06 10:40:00+00:00,0,0,0,0,True,True,False,23.894033427904976,-49.414778005239825,2.887541973071635,4.056701314056662,0.0,0.0012008063544167585,0.012987043265929723,on,connected,True,synthetic_device_spec_v11
synthetic_customer_008,cabinet_008,2026-09-06 10:50:00+00:00,0,0,0,0,True,True,False,23.93029384422381,-48.66890964719971,2.946202633138717,3.988948875696174,0.0,0.0,0.01217027060416428,on,connected,True,synthetic_device_spec_v11
synthetic_customer_008,cabinet_008,2026-09-06 11:00:00+00:00,0,0,0,0,True,True,False,23.94761042820097,-50.21467748434603,2.9839864505861526,3.931572436495001,0.08314361123844492,0.0438317932755108,0.0,on,connected,True,synthetic_device_spec_v11
synthetic_customer_008,cabinet_008,2026-09-06 11:10:00+00:00,0,0,0,0,True,True,False,23.916226134016814,-50.64274276460016,2.9262383617254137,4.126001950735233,0.7353170591482365,0.08673433908019575,0.0,on,connected,True,synthetic_device_spec_v11
synthetic_customer_008,cabinet_008,2026-09-06 11:20:00+00:00,0,0,0,0,True,True,False,23.767155549012756,-56.14136912066178,3.0367722726239235,4.043022906236483,0.5758118176264727,0.1378770914126758,0.0,on,connected,True,synthetic_device_spec_v11
synthetic_customer_008,cabinet_008,2026-09-06 11:30:00+00:00,0,0,0,0,True,True,False,24.310910726514763,-59.94775501241504,3.0116325443643013,4.003230332823663,0.3033356596126189,0.12839345105136996,0.0,on,connected,True,synthetic_device_spec_v11
synthetic_customer_008,cabinet_008,2026-09-06 11:40:00+00:00,0,0,0,0,True,True,False,23.85837632068388,-60.52667564438512,2.9694285833321716,4.00313969659051,0.7492589444058971,0.18417645443348002,0.016957135450319002,on,connected,True,synthetic_device_spec_v11
synthetic_customer_008,cabinet_008,2026-09-06 11:50:00+00:00,0,0,0,0,True,True,False,24.04243173965668,-63.50758986012407,3.000195512111528,4.004043558183168,0.16025509634666546,0.2985017659039942,0.0,on,connected,True,synthetic_device_spec_v11
synthetic_customer_008,cabinet_008,2026-09-06 12:00:00+00:00,0,0,0,0,True,True,False,23.835940062915594,-67.46286200156908,3.001396884624361,4.010609533564649,0.058532177662785935,0.34362971897605765,0.0,on,connected,True,synthetic_device_spec_v11
synthetic_customer_008,cabinet_008,2026-09-06 12:10:00+00:00,1,1,1,1,True,True,False,23.928992603712864,-68.76321906308173,2.9834012698014023,4.012989441206846,0.23004111447966422,0.42089110041032063,0.0,on,connected,True,synthetic_device_spec_v11
synthetic_customer_008,cabinet_008,2026-09-06 12:20:00+00:00,1,1,1,1,True,True,False,24.205606606863277,-72.27956089942697,2.9467686533814197,4.031613844877502,0.0,0.41446562469524983,0.0,on,connected,True,synthetic_device_spec_v11
synthetic_customer_008,cabinet_008,2026-09-06 12:30:00+00:00,1,1,1,1,True,True,False,24.224652476495034,-75.6647073422158,2.9903312474772514,3.9306703124345552,0.18675373979400306,0.5049706982621186,0.0,on,connected,True,synthetic_device_spec_v11
synthetic_customer_008,cabinet_008,2026-09-06 12:40:00+00:00,0,0,0,0,True,True,False,23.845143172925937,-77.52577414236293,2.940611840775678,3.9843286667479765,0.0,0.5335393669181905,0.016339386418273448,on,connected,True,synthetic_device_spec_v11
synthetic_customer_008,cabinet_008,2026-09-06 12:50:00+00:00,0,0,0,0,True,True,False,23.99751029163488,-80.476927327102,2.9407217521195053,3.9262246043605304,0.46352278172748695,0.6122498702523191,0.011093335102640245,on,connected,True,synthetic_device_spec_v11
synthetic_customer_008,cabinet_008,2026-09-06 13:00:00+00:00,0,0,0,0,True,True,False,23.869033873929506,-84.27349155512275,2.976135839898989,4.064356989536229,1.0444277598931424,0.6811395281022941,0.0,on,connected,True,synthetic_device_spec_v11
synthetic_customer_008,cabinet_008,2026-09-06 14:20:00+00:00,0,0,0,0,True,True,False,23.98016179718229,-49.40798010871969,3.033700307482995,3.9574739569076507,0.7828355390032293,0.0,0.014915470982544336,on,connected,True,synthetic_device_spec_v11
synthetic_customer_008,cabinet_008,2026-09-06 14:30:00+00:00,0,0,0,0,True,True,False,23.960649714779272,-49.442629001702436,2.956183452692776,4.100156528291183,0.5648917577502964,0.0,0.0,on,connected,True,synthetic_device_spec_v11
synthetic_customer_008,cabinet_008,2026-09-06 14:40:00+00:00,0,0,0,0,True,True,False,24.010667840307796,-46.94398037915884,2.9150199196855993,3.955932454663158,0.5379746953385378,0.0,0.011095607258495593,on,connected,True,synthetic_device_spec_v11
synthetic_customer_008,cabinet_008,2026-09-06 14:50:00+00:00,0,0,0,0,True,True,False,23.98233887460524,-47.37503378608852,2.9839536176100996,3.9316986899668005,0.2832124739561343,0.008792675609378985,0.0,on,connected,True,synthetic_device_spec_v11
synthetic_customer_008,cabinet_008,2026-09-06 15:00:00+00:00,0,0,0,0,True,True,False,24.108538800092585,-48.03666470274054,3.0506343597975274,4.056382379426841,0.04577493910713779,0.0,0.0,on,connected,True,synthetic_device_spec_v11
synthetic_customer_008,cabinet_008,2026-09-06 15:10:00+00:00,0,0,0,0,True,True,False,23.969416707165326,-49.22174212932773,3.051867595351775,3.970680155393537,1.222470338423817,0.009069145603421513,0.015695625618370252,on,connected,True,synthetic_device_spec_v11
synthetic_customer_008,cabinet_008,2026-09-06 15:20:00+00:00,0,0,0,0,True,True,False,23.878022094349113,-49.013598679154526,2.940492531161198,3.9760234889534267,0.0,0.0,0.02575096982593667,on,connected,True,synthetic_device_spec_v11
synthetic_customer_008,cabinet_008,2026-09-06 15:30:00+00:00,0,0,0,0,True,True,False,23.98075060511972,-46.00000537367818,3.0480224751852103,3.9090998657156684,0.5417269332963179,0.0,0.005926443834092567,on,connected,True,synthetic_device_spec_v11
synthetic_customer_008,cabinet_008,2026-09-06 15:40:00+00:00,0,0,0,0,True,True,False,24.085944987778873,-47.0951974744197,3.0024415702657317,3.9433428077272583,0.0,0.005880587851350663,0.0,on,connected,True,synthetic_device_spec_v11
synthetic_customer_008,cabinet_008,2026-09-06 15:50:00+00:00,0,0,0,0,True,True,False,23.85298315528482,-46.78138269857805,2.97079068453923,4.0172825053327905,0.5861807701783087,0.020336421168135763,0.0,on,connected,True,synthetic_device_spec_v11
synthetic_customer_008,cabinet_008,2026-09-06 16:00:00+00:00,0,0,0,0,True,True,False,24.000551834878028,-49.542564310499074,2.955997908714855,4.077965434998004,0.0,0.01174181813532433,0.02375587634987201,on,connected,True,synthetic_device_spec_v11
synthetic_customer_008,cabinet_008,2026-09-06 16:10:00+00:00,0,0,0,0,True,True,False,24.19044028475574,-48.40135122731755,3.030825820406243,3.996664706775516,0.4776984879041868,0.0,0.019110313086051205,on,connected,True,synthetic_device_spec_v11
synthetic_customer_008,cabinet_008,2026-09-06 16:20:00+00:00,0,0,0,0,True,True,False,23.803061995849315,-46.94606664385855,3.011654679476492,3.952723679999082,0.0040606157357208055,0.011890767895577052,0.0,on,connected,True,synthetic_device_spec_v11
synthetic_customer_008,cabinet_008,2026-09-06 16:30:00+00:00,0,0,0,0,True,True,False,24.05184972873188,-49.95656052782499,2.979499492495135,4.0111249033376835,0.0,0.018099909134519636,0.0,on,connected,True,synthetic_device_spec_v11
synthetic_customer_008,cabinet_008,2026-09-06 16:40:00+00:00,0,0,0,0,True,True,False,23.910047632254578,-47.013120656432264,3.041356542360463,3.9100075833943193,0.0,0.0,0.0,on,connected,True,synthetic_device_spec_v11
synthetic_customer_008,cabinet_008,2026-09-06 16:50:00+00:00,0,0,0,0,True,True,False,24.05990344475224,-49.419158922686144,3.023570731891445,4.055316559992072,0.12508987249375728,0.025503374273414505,0.004261000608425508,on,connected,True,synthetic_device_spec_v11
synthetic_customer_008,cabinet_008,2026-09-06 17:00:00+00:00,0,0,0,0,True,True,False,24.26659531908345,-47.9743766225056,2.9772497218247596,3.9479633604195987,0.5839682168057314,0.003242055611190689,0.02709825417310649,on,connected,True,synthetic_device_spec_v11
synthetic_customer_008,cabinet_008,2026-09-06 17:10:00+00:00,0,0,0,0,True,True,False,23.86642844276651,-48.98191159516232,2.998077225846043,4.044722206737094,0.176426598219898,0.0,0.014741072002780653,on,connected,True,synthetic_device_spec_v11
synthetic_customer_008,cabinet_008,2026-09-06 17:20:00+00:00,0,0,0,0,True,True,False,23.876065524396463,-48.1859723578002,3.0996397099169686,4.064201215239079,0.0,0.0,0.02358499289259946,on,connected,True,synthetic_device_spec_v11
synthetic_customer_008,cabinet_008,2026-09-06 17:30:00+00:00,0,0,0,0,True,True,False,24.016025592774827,-46.49790035471715,3.0182776508301488,4.0226795457152855,0.0,0.016347700632348493,0.0295190011029119,on,connected,True,synthetic_device_spec_v11
synthetic_customer_008,cabinet_008,2026-09-06 17:40:00+00:00,0,0,0,0,True,True,False,24.064548110512206,-47.83574229666639,2.9909969628836293,3.9274067160427637,0.1688619015117364,0.009921542164186796,0.0,on,connected,True,synthetic_device_spec_v11
synthetic_customer_008,cabinet_008,2026-09-06 17:50:00+00:00,0,0,0,0,True,True,False,24.072102289973245,-47.517022242719136,3.006701110866337,4.014067462331074,0.4984725739761352,0.02084827116273537,0.00366938129560703,on,connected,True,synthetic_device_spec_v11
synthetic_customer_008,cabinet_008,2026-09-06 18:00:00+00:00,0,0,0,0,True,True,False,24.02264863651435,-48.371484713240356,3.008427732610659,4.0778768547276085,0.0,0.030552808793492064,0.015044366981027686,on,connected,True,synthetic_device_spec_v11
synthetic_customer_008,cabinet_008,2026-09-06 18:10:00+00:00,1,1,1,1,True,True,False,23.921040763146202,-47.966974825342454,2.9875153492010833,4.036890453701713,0.0,0.0419026139192394,0.0,on,connected,True,synthetic_device_spec_v11
synthetic_customer_008,cabinet_008,2026-09-06 18:20:00+00:00,1,1,1,1,True,True,False,24.05075668871006,-47.097349711867224,2.9849950874067224,4.044870047743665,0.5909681099931967,0.0,0.004798885492650244,on,connected,True,synthetic_device_spec_v11
synthetic_customer_008,cabinet_008,2026-09-06 18:30:00+00:00,1,1,1,1,True,True,False,24.127709478188986,-47.001402535492836,2.9733373549012763,4.078148918011101,0.0,0.020922270755835005,0.01045835277916708,on,connected,True,synthetic_device_spec_v11
synthetic_customer_008,cabinet_008,2026-09-06 18:40:00+00:00,0,0,0,0,True,True,False,24.07888231140779,-47.60094078878105,2.9874239126127997,4.005631773663826,1.0207767553000642,0.0,0.0,on,connected,True,synthetic_device_spec_v11
synthetic_customer_008,cabinet_008,2026-09-06 18:50:00+00:00,0,0,0,0,True,True,False,23.870563170546745,-49.66633991892428,3.0106843958730516,3.990851231621997,0.28326336340551306,0.0,0.0029514812878539787,on,connected,True,synthetic_device_spec_v11
synthetic_customer_008,cabinet_008,2026-09-06 19:00:00+00:00,0,0,0,0,True,True,False,24.033650571961804,-48.992612001107055,2.925463806375338,3.91380074056738,0.6654131929047511,0.0,0.0,on,connected,True,synthetic_device_spec_v11
synthetic_customer_008,cabinet_008,2026-09-06 19:10:00+00:00,0,0,0,0,True,True,False,23.91429417646712,-48.76100249785314,2.902321953674421,3.953061246610308,0.0,0.03618718518904009,0.019070187679198887,on,connected,True,synthetic_device_spec_v11
synthetic_customer_008,cabinet_008,2026-09-06 19:20:00+00:00,0,0,0,0,True,True,False,23.897487955446675,-47.75730818045141,2.947114459250139,4.229463547310704,0.5811233695285893,0.03160144999527971,0.01820638207909375,on,connected,True,synthetic_device_spec_v11
synthetic_customer_008,cabinet_008,2026-09-06 19:30:00+00:00,0,0,0,0,True,True,False,23.998758234396252,-50.34487198934477,2.927485819012903,3.826163775630127,0.0,0.018265109660645814,0.0,on,connected,True,synthetic_device_spec_v11
synthetic_customer_008,cabinet_008,2026-09-06 19:40:00+00:00,0,0,0,0,True,True,False,23.755204257881907,-48.10025748629708,2.943046272802787,4.104000989795205,0.7356795908102517,0.028164859325362376,0.0033498647984665005,on,connected,True,synthetic_device_spec_v11
synthetic_customer_008,cabinet_008,2026-09-06 19:50:00+00:00,0,0,0,0,True,True,False,23.945592492429565,-47.26500779853118,3.011077588153468,3.9670485941010596,0.0,0.0344902482252251,0.02591764280722138,on,connected,True,synthetic_device_spec_v11
synthetic_customer_008,cabinet_008,2026-09-06 20:00:00+00:00,0,0,0,0,True,True,False,24.041653038006114,-47.91714703961434,3.013931389328368,3.9551468577825037,0.5385233267568825,0.0034094872902568395,0.032037517583160056,on,connected,True,synthetic_device_spec_v11
synthetic_customer_008,cabinet_008,2026-09-06 20:10:00+00:00,0,0,0,0,True,True,False,23.734595550249217,-48.23607558578674,3.019192430855561,3.9492844223717007,0.0,0.05168525630519602,0.0,on,connected,True,synthetic_device_spec_v11
synthetic_customer_008,cabinet_008,2026-09-06 20:20:00+00:00,0,0,0,0,True,True,False,24.211162181212778,-47.55034229702161,2.9944056076076184,3.8990487416160358,0.0,0.03194637827556712,0.0,on,connected,True,synthetic_device_spec_v11
synthetic_customer_008,cabinet_008,2026-09-06 20:30:00+00:00,0,0,0,0,True,True,False,24.00746832762215,-47.72714836111454,2.9663356833803345,4.023638521510001,0.06639391137698487,0.0,0.0,on,connected,True,synthetic_device_spec_v11
synthetic_customer_008,cabinet_008,2026-09-06 20:40:00+00:00,0,0,0,0,True,True,False,24.104573164391397,-48.429009288660055,2.9856777021556216,4.036782691878256,0.8574173519031876,0.021028264283343312,0.0,on,connected,True,synthetic_device_spec_v11
synthetic_customer_008,cabinet_008,2026-09-06 20:50:00+00:00,0,0,0,0,True,True,False,23.96136108055183,-47.84249055748788,2.968517653111262,3.9515166668302943,0.0,0.0,0.0,on,connected,True,synthetic_device_spec_v11
synthetic_customer_008,cabinet_008,2026-09-06 21:00:00+00:00,0,0,0,0,True,True,False,24.065842544513384,-48.17193551799697,2.971922686753318,3.969976393574438,0.0,0.0,0.0,on,connected,True,synthetic_device_spec_v11
synthetic_customer_008,cabinet_008,2026-09-06 21:10:00+00:00,0,0,0,0,True,True,False,24.101436306365265,-46.56073273188787,2.9828575771852264,4.009228849830682,0.7383689424462316,0.0,0.0010814929587085688,on,connected,True,synthetic_device_spec_v11
synthetic_customer_008,cabinet_008,2026-09-06 21:20:00+00:00,0,0,0,0,True,True,False,24.17143355566974,-48.49867672487178,3.0479857106873114,4.142171818145192,0.34102751176495466,0.000721526344188057,0.0,on,connected,True,synthetic_device_spec_v11
synthetic_customer_008,cabinet_008,2026-09-06 21:30:00+00:00,0,0,0,0,True,True,False,23.984840449324437,-47.77458156556546,2.9721856247299607,3.9510537655233686,0.0,0.04070410204593383,0.00969425147360752,on,connected,True,synthetic_device_spec_v11
synthetic_customer_008,cabinet_008,2026-09-06 21:40:00+00:00,0,0,0,0,True,True,False,23.801930429147884,-46.5459979272841,3.0769293411160286,4.006714205486306,0.026370391512344677,0.0022120151800980254,0.0,on,connected,True,synthetic_device_spec_v11
synthetic_customer_008,cabinet_008,2026-09-06 21:50:00+00:00,0,0,0,0,True,True,False,24.105393903276585,-49.09488287868735,3.0229738354155082,4.0166700959537,0.0,0.031115227376548645,0.0,on,connected,True,synthetic_device_spec_v11
synthetic_customer_008,cabinet_008,2026-09-06 22:00:00+00:00,0,0,0,0,True,True,False,23.896348549686312,-48.11289132573347,2.9850712025814374,4.08224436979035,0.2884775706620589,0.01824169458152505,0.01865360828550115,on,connected,True,synthetic_device_spec_v11
synthetic_customer_008,cabinet_008,2026-09-06 22:10:00+00:00,0,0,0,0,True,True,False,23.92767591908897,-48.29469853860129,2.959581210804139,4.00335199704668,0.06722681071905987,0.0,0.0,on,connected,True,synthetic_device_spec_v11
synthetic_customer_008,cabinet_008,2026-09-06 22:20:00+00:00,0,0,0,0,True,True,False,23.919914622746024,-49.22851029773752,2.9338853825183873,3.9752817888944643,0.13914861641382,0.0,0.0,on,connected,True,synthetic_device_spec_v11
synthetic_customer_008,cabinet_008,2026-09-06 22:30:00+00:00,0,0,0,0,True,True,False,23.975485800623215,-46.9496663155195,2.849105136378623,3.9909423450020824,0.9685625564947059,0.0,0.0,on,connected,True,synthetic_device_spec_v11
synthetic_customer_008,cabinet_008,2026-09-06 22:40:00+00:00,0,0,0,0,True,True,False,23.75419339154256,-47.24542770537402,2.6795892161863804,4.0376961908878615,0.33291140943635134,0.0,0.006433269219279867,on,connected,True,synthetic_device_spec_v11
synthetic_customer_008,cabinet_008,2026-09-06 22:50:00+00:00,0,0,0,0,True,True,False,23.77922848020834,-47.99528814759799,2.735501592588842,4.076509706239444,0.15861816064802015,0.0,0.0,on,connected,True,synthetic_device_spec_v11
synthetic_customer_008,cabinet_008,2026-09-06 23:00:00+00:00,0,0,0,0,True,True,False,23.775820101272934,-47.8359156505202,2.569913521879493,3.996466964834023,0.0,0.0,0.03867280353660222,on,connected,True,synthetic_device_spec_v11
synthetic_customer_008,cabinet_008,2026-09-06 23:10:00+00:00,0,0,0,0,True,True,False,24.104590822150342,-49.15632799523333,2.552743179231565,4.043504036289031,0.7857815734120855,0.003488004778543413,0.0,on,connected,True,synthetic_device_spec_v11
synthetic_customer_008,cabinet_008,2026-09-06 23:20:00+00:00,0,0,0,0,True,True,False,23.92175634331689,-49.090305245642654,2.5377508248100593,4.020450549129437,0.8277146163516464,0.04899138091992747,0.05102716394616124,on,connected,True,synthetic_device_spec_v11
synthetic_customer_008,cabinet_008,2026-09-06 23:30:00+00:00,0,0,0,0,True,True,False,23.944390952337436,-47.95187543049501,2.367042675509172,3.982400416023433,0.45548519057397713,0.0,0.017700020797660327,on,connected,True,synthetic_device_spec_v11
synthetic_customer_008,cabinet_008,2026-09-06 23:40:00+00:00,0,0,0,0,True,True,False,23.926829922098584,-49.08175232360765,2.3247962511789906,4.230343184936395,0.4324695207223192,0.025380372310564427,0.00941054087230215,on,connected,True,synthetic_device_spec_v11
synthetic_customer_008,cabinet_008,2026-09-06 23:50:00+00:00,0,0,0,0,True,True,False,23.923723507333477,-47.71433483604578,2.2934282477108345,4.379620189870474,0.8975319075398221,0.0,0.03135472419227173,on,connected,True,synthetic_device_spec_v11
synthetic_customer_008,cabinet_008,2026-09-07 00:00:00+00:00,0,0,0,0,True,True,False,24.067676561035668,-48.628240671899285,2.1767111590752988,4.4616962517490375,0.15362197229106206,0.004275479832756921,0.06608090832702354,on,connected,True,synthetic_device_spec_v11
synthetic_customer_008,cabinet_008,2026-09-07 00:10:00+00:00,1,1,1,1,True,True,False,23.944897010492358,-49.20933857604395,2.1574158770281877,4.594497215907208,0.0,0.0,0.06907337395599834,on,connected,True,synthetic_device_spec_v11
synthetic_customer_008,cabinet_008,2026-09-07 00:20:00+00:00,1,1,1,1,True,True,False,23.881686717151183,-49.67563542298398,2.28518236419079,4.907647855914062,0.4442454183670151,0.020706086831845327,0.08487872365258124,on,connected,True,synthetic_device_spec_v11
synthetic_customer_008,cabinet_008,2026-09-07 00:30:00+00:00,1,1,1,1,True,True,False,23.934923212661324,-47.5369649507541,2.2208590266165475,4.923838307757004,0.0,0.00476201016811427,0.12097870889768576,on,connected,True,synthetic_device_spec_v11
synthetic_customer_008,cabinet_008,2026-09-07 00:40:00+00:00,0,0,0,0,True,True,False,24.173624567652237,-47.56129517520889,2.1846307255149817,5.074443965817219,0.11982900178452462,0.0,0.11468618724772056,on,connected,True,synthetic_device_spec_v11
synthetic_customer_008,cabinet_008,2026-09-07 00:50:00+00:00,0,0,0,0,True,True,False,24.124064830121927,-48.70407133911305,2.128439091302544,5.181755948715706,0.0,0.010688552550898504,0.14340450171357907,on,connected,True,synthetic_device_spec_v11
synthetic_customer_008,cabinet_008,2026-09-07 01:00:00+00:00,0,0,0,0,True,True,False,24.143974569771228,-49.50112737146347,2.189204171848213,5.2516176821462786,0.25037441731059207,0.0,0.12375751248320074,on,connected,True,synthetic_device_spec_v11
synthetic_customer_008,cabinet_008,2026-09-07 01:10:00+00:00,0,0,0,0,True,True,False,24.060766751831892,-48.47670855795521,2.175477727628387,5.552459006482838,0.0,0.0,0.18929763245358514,on,connected,True,synthetic_device_spec_v11
synthetic_customer_008,cabinet_008,2026-09-07 01:20:00+00:00,0,0,0,0,True,True,False,24.084033156137696,-46.81538506515541,2.2536565872417724,5.702790560215852,0.4073511103995933,0.0,0.1979168980688495,on,connected,True,synthetic_device_spec_v11
synthetic_customer_008,cabinet_008,2026-09-07 01:30:00+00:00,0,0,0,0,True,True,False,23.84311762675791,-47.171618959350305,2.9887836697231784,5.76250339688448,1.0966842604238798,0.0,0.17670499025747932,on,connected,True,synthetic_device_spec_v11
synthetic_customer_008,cabinet_008,2026-09-07 01:40:00+00:00,0,0,0,0,True,True,False,24.063858516927937,-48.297895441829226,3.011338541592366,5.767168587221829,0.9393850244891087,0.0,0.24486466389973363,on,connected,True,synthetic_device_spec_v11
synthetic_customer_008,cabinet_008,2026-09-07 01:50:00+00:00,0,0,0,0,True,True,False,23.995583583381617,-49.14271018827087,3.0015094300661547,5.9143792816018195,0.12883975660650893,0.023451674325367797,0.27217864398571706,on,connected,True,synthetic_device_spec_v11
synthetic_customer_008,cabinet_008,2026-09-07 02:00:00+00:00,0,0,0,0,True,True,False,23.977454162702323,-47.6749416312079,3.0188495319710853,6.407805211235916,0.8298100884970163,0.007743983236842143,0.3076307878371649,on,connected,True,synthetic_device_spec_v11
synthetic_customer_008,cabinet_008,2026-09-07 02:10:00+00:00,0,0,0,0,True,True,False,24.123557003544768,-48.09415605153098,2.9492896178970907,6.247984880112733,0.0,0.0,0.3068881122064732,on,connected,True,synthetic_device_spec_v11
synthetic_customer_008,cabinet_008,2026-09-07 02:20:00+00:00,0,0,0,0,True,True,False,24.055418513406583,-45.59753087447204,3.001604114607685,6.409758774277134,0.0,0.0,0.33175348133918925,on,connected,True,synthetic_device_spec_v11
synthetic_customer_008,cabinet_008,2026-09-07 02:30:00+00:00,0,0,0,0,True,True,False,23.939669367347108,-48.08590202120963,3.030027343925714,6.5007529846984955,0.11899312796924046,0.004066513718737927,0.34286910984721697,on,connected,True,synthetic_device_spec_v11
synthetic_customer_008,cabinet_008,2026-09-07 02:40:00+00:00,0,0,0,0,True,True,False,23.848929740054746,-46.059607526506824,2.910356988255557,6.720681018737203,0.0,0.0,0.3632840716028368,on,connected,True,synthetic_device_spec_v11
synthetic_customer_008,cabinet_008,2026-09-07 02:50:00+00:00,0,0,0,0,True,True,False,23.922376331295094,-46.93349460781984,3.0193028377676008,6.751602562775716,0.0,0.0,0.3777145387023389,on,connected,True,synthetic_device_spec_v11
synthetic_customer_008,cabinet_008,2026-09-07 03:00:00+00:00,0,0,0,0,True,True,False,23.805190530326456,-48.68674991119381,2.988470169140211,6.9504479791885965,0.177931947731777,0.04025558115236456,0.3745088395309594,on,connected,True,synthetic_device_spec_v11
synthetic_customer_008,cabinet_008,2026-09-07 03:10:00+00:00,0,0,0,0,True,True,False,23.874343079919615,-47.70595835142289,2.9397986582407114,7.020572587051852,0.0,0.017625396091215904,0.4059991655374,on,connected,True,synthetic_device_spec_v11
synthetic_customer_008,cabinet_008,2026-09-07 03:20:00+00:00,0,0,0,0,True,True,False,23.983740309702522,-48.8247617097911,2.9965540874898373,6.988377520832134,0.25306955430746125,0.05514687892906378,0.40424410830198726,on,connected,True,synthetic_device_spec_v11
synthetic_customer_008,cabinet_008,2026-09-07 03:30:00+00:00,0,0,0,0,True,True,False,24.20803046856071,-47.09476804181173,3.0020124326321413,7.022159573160372,0.42367973309525603,0.0,0.4010188929213161,on,connected,True,synthetic_device_spec_v11
synthetic_customer_008,cabinet_008,2026-09-07 03:40:00+00:00,0,0,0,0,True,True,False,24.06925248170528,-50.18146804797957,2.9947994374568223,6.9386886059940025,0.4789964762632022,0.017473814442695156,0.38114340640619654,on,connected,True,synthetic_device_spec_v11
synthetic_customer_008,cabinet_008,2026-09-07 03:50:00+00:00,0,0,0,0,True,True,False,24.00768932512452,-47.73475816460218,2.9965144354023114,7.00430864954982,0.0,0.0,0.4055928527895004,on,connected,True,synthetic_device_spec_v11
synthetic_customer_008,cabinet_008,2026-09-07 04:00:00+00:00,0,0,0,0,True,True,False,23.93404100454893,-48.251656945092996,2.9983223159834895,6.943598710203009,0.4205284182947178,0.024987575555170866,0.43029760441093445,on,connected,True,synthetic_device_spec_v11
synthetic_customer_008,cabinet_008,2026-09-07 04:10:00+00:00,0,0,0,0,True,True,False,24.188280873849024,-45.338306436587864,3.018013093588937,7.005647418394776,0.0,0.0,0.4267673297434192,on,connected,True,synthetic_device_spec_v11
synthetic_customer_008,cabinet_008,2026-09-07 04:20:00+00:00,0,0,0,0,True,True,False,24.027391836392752,-48.65035926441829,3.0426573497837905,4.064545143596855,0.4111609032545736,0.0,0.01653186346105456,on,connected,True,synthetic_device_spec_v11
synthetic_customer_008,cabinet_008,2026-09-07 04:30:00+00:00,0,0,0,0,True,True,False,24.05311109049433,-47.186767007650396,2.9647301511238644,3.919172530763924,0.0,0.00210338368696907,0.0,on,connected,True,synthetic_device_spec_v11
synthetic_customer_008,cabinet_008,2026-09-07 04:40:00+00:00,0,0,0,0,True,True,False,23.963999290673183,-47.59080123394233,2.994075876368542,4.022953878542398,0.7181104652382663,0.013866893789702961,0.0,on,connected,True,synthetic_device_spec_v11
synthetic_customer_008,cabinet_008,2026-09-07 04:50:00+00:00,0,0,0,0,True,True,False,23.805400565475065,-48.94618706613626,2.9618152501356616,4.075586687213293,0.5834476319384302,0.0,0.0,on,connected,True,synthetic_device_spec_v11
synthetic_customer_008,cabinet_008,2026-09-07 05:00:00+00:00,0,0,0,0,True,True,False,23.89695930748664,-49.307224293368094,2.873500113023857,4.100186027657586,0.34343315774403393,0.03477941081283031,0.0,on,connected,True,synthetic_device_spec_v11
synthetic_customer_008,cabinet_008,2026-09-07 05:10:00+00:00,0,0,0,0,True,True,False,24.029960924147588,-48.40759349813505,3.068241921027293,3.9378437161368542,0.33490102983937897,0.02193295363329367,0.0037079733180341956,on,connected,True,synthetic_device_spec_v11
synthetic_customer_008,cabinet_008,2026-09-07 05:20:00+00:00,0,0,0,0,True,True,False,23.974835803223574,-49.25644323907563,2.977120953949736,3.9221097815661046,1.1927876635411734,0.0,0.017362583923522773,on,connected,True,synthetic_device_spec_v11
synthetic_customer_008,cabinet_008,2026-09-07 05:30:00+00:00,0,0,0,0,True,True,False,24.036614795783635,-49.501675778491084,2.9186559755352164,3.998150720287353,0.0,0.0,0.0,on,connected,True,synthetic_device_spec_v11
synthetic_customer_008,cabinet_008,2026-09-07 05:40:00+00:00,0,0,0,0,True,True,False,23.944936815718282,-47.1383178698798,2.9469914207728563,3.9701328789582333,0.0,0.008509350248457141,0.020910188336034145,on,connected,True,synthetic_device_spec_v11
synthetic_customer_008,cabinet_008,2026-09-07 05:50:00+00:00,0,0,0,0,True,True,False,23.93484041858179,-48.073767016098614,3.040719743162646,3.9924476569575256,0.0,0.0,0.0,on,connected,True,synthetic_device_spec_v11
synthetic_customer_008,cabinet_008,2026-09-07 06:00:00+00:00,0,0,0,0,True,True,False,23.92629960498396,-47.8886206877705,3.0239687499271493,3.9436485737487765,0.7221477982125158,0.010678862481545077,0.0,on,connected,True,synthetic_device_spec_v11
synthetic_customer_008,cabinet_008,2026-09-07 06:10:00+00:00,1,1,1,1,True,True,False,24.020963391746626,-47.20543109070227,3.0022699098444803,3.9921278431456635,0.05266649651712202,0.030595880753819485,0.0,on,connected,True,synthetic_device_spec_v11
synthetic_customer_008,cabinet_008,2026-09-07 06:20:00+00:00,1,1,1,1,True,True,False,24.054395904182872,-48.48683756933819,2.9819055753905688,3.9551982865504334,0.0,0.0,0.0,on,connected,True,synthetic_device_spec_v11
synthetic_customer_008,cabinet_008,2026-09-07 06:30:00+00:00,1,1,1,1,True,True,False,23.865681223620506,-47.042108348766206,3.0150852804224337,3.929638263287389,0.0,0.0,0.023039437148385935,on,connected,True,synthetic_device_spec_v11
synthetic_customer_008,cabinet_008,2026-09-07 06:40:00+00:00,0,0,0,0,True,True,False,23.79180129447585,-48.71195563559838,2.993552212916911,4.029745467382843,0.12918945683111632,0.0,0.011020153559849998,on,connected,True,synthetic_device_spec_v11
synthetic_customer_008,cabinet_008,2026-09-07 06:50:00+00:00,0,0,0,0,True,True,False,24.110518788020492,-48.02630812437803,3.042102826491358,4.053801037096662,1.0993517420967676,0.0,0.0,on,connected,True,synthetic_device_spec_v11
synthetic_customer_008,cabinet_008,2026-09-07 07:00:00+00:00,0,0,0,0,True,True,False,23.998769480424325,-47.76804762867044,2.968398643465287,3.994649324590141,3.1046258593964757,0.0,0.03475978995084647,on,connected,True,synthetic_device_spec_v11
synthetic_customer_008,cabinet_008,2026-09-07 07:10:00+00:00,0,0,0,0,True,True,False,24.1140383295758,-49.06952327135357,3.0425743476251284,4.01251017219816,4.782661368127828,0.0,0.0,on,connected,True,synthetic_device_spec_v11
synthetic_customer_008,cabinet_008,2026-09-07 07:20:00+00:00,0,0,0,0,True,True,False,23.91505877575855,-48.820599900138085,3.0314159221134713,4.005342362698784,5.915363840573914,0.028228942422968153,0.0,on,connected,True,synthetic_device_spec_v11
synthetic_customer_008,cabinet_008,2026-09-07 07:30:00+00:00,0,0,0,0,True,True,False,24.170552615183,-46.92760915343418,3.038153318202741,3.9986808268614964,8.151624370593458,0.014096841668298206,0.004700194902175533,on,connected,True,synthetic_device_spec_v11
synthetic_customer_008,cabinet_008,2026-09-07 07:40:00+00:00,0,0,0,0,True,True,False,24.010926482988797,-49.68911183573421,2.9751418286557922,4.016078613212402,8.902171915379816,0.0,0.021830392551402858,on,connected,True,synthetic_device_spec_v11
synthetic_customer_008,cabinet_008,2026-09-07 07:50:00+00:00,0,0,0,0,True,True,False,24.092722640464217,-48.362632178233866,3.082635858505092,4.113108247056159,10.27319781758872,0.00928766412090333,0.0011278925398016909,on,connected,True,synthetic_device_spec_v11
synthetic_customer_008,cabinet_008,2026-09-07 08:00:00+00:00,0,0,0,0,True,True,False,24.12909529290459,-46.8835736097741,3.024205400047418,3.982909778099923,12.04418785522887,0.0,0.0,on,connected,True,synthetic_device_spec_v11
synthetic_customer_008,cabinet_008,2026-09-07 08:10:00+00:00,0,0,0,0,True,True,False,24.011679132151926,-47.71692572494459,2.960892387258312,4.007878030355887,12.747280224948398,0.0,0.0,on,connected,True,synthetic_device_spec_v11
synthetic_customer_008,cabinet_008,2026-09-07 08:20:00+00:00,0,0,0,0,True,True,False,23.910812534709784,-47.742172075196194,3.0301170154704087,4.125976266365274,15.671853987057728,0.0,0.046252289505403624,on,connected,True,synthetic_device_spec_v11
synthetic_customer_008,cabinet_008,2026-09-07 08:30:00+00:00,0,0,0,0,True,True,False,23.893092808841633,-46.74391134068568,2.986079456823827,3.978639911960177,16.79252213509391,0.0,0.0,on,connected,True,synthetic_device_spec_v11
synthetic_customer_008,cabinet_008,2026-09-07 08:40:00+00:00,0,0,0,0,True,True,False,23.78174740338498,-48.042782447556014,2.96075869112258,3.9488322875283144,19.19956509074327,0.058357102072668414,0.016042302627342946,on,connected,True,synthetic_device_spec_v11
synthetic_customer_008,cabinet_008,2026-09-07 08:50:00+00:00,0,0,0,0,True,True,False,24.070133031476633,-46.4242074691099,3.038621394410303,4.035443998916485,19.838765196615412,0.017558392047478055,0.0,on,connected,True,synthetic_device_spec_v11
synthetic_customer_008,cabinet_008,2026-09-07 09:00:00+00:00,0,0,0,0,True,True,False,23.842984636011103,-47.67999845347192,3.00558720606051,4.051793504054174,21.733293606151985,0.026950458351534402,0.0125485170603744,on,connected,True,synthetic_device_spec_v11
synthetic_customer_008,cabinet_008,2026-09-07 09:10:00+00:00,0,0,0,0,True,True,False,24.010766860893185,-46.59459382393403,3.03637189536837,3.9767299180994002,23.367481787123186,0.0,0.0,on,connected,True,synthetic_device_spec_v11
synthetic_customer_008,cabinet_008,2026-09-07 09:20:00+00:00,0,0,0,0,True,True,False,24.027189144016162,-46.327254319938895,2.962855876732665,3.976646821103243,24.287093162355696,0.0,0.025590091163350905,on,connected,True,synthetic_device_spec_v11
synthetic_customer_008,cabinet_008,2026-09-07 09:30:00+00:00,0,0,0,0,True,True,False,23.896486701547243,-47.503980554341595,2.961019318450881,3.9950572483454345,25.230091003566283,0.0,0.0,on,connected,True,synthetic_device_spec_v11
synthetic_customer_008,cabinet_008,2026-09-07 09:40:00+00:00,0,0,0,0,True,True,False,23.88938730763876,-46.34542329656476,2.9826137877885937,4.0386369540377975,24.801733711737953,0.015262492169413748,0.0,on,connected,True,synthetic_device_spec_v11
synthetic_customer_008,cabinet_008,2026-09-07 09:50:00+00:00,0,0,0,0,True,True,False,24.08763620301916,-50.281450257242646,3.1106411608139406,3.9464312890960866,25.647009456228652,0.08401821656989,0.0,on,connected,True,synthetic_device_spec_v11
synthetic_customer_008,cabinet_008,2026-09-07 10:00:00+00:00,0,0,0,0,True,True,False,23.938297210988313,-46.864373809434866,3.0593165275108714,4.045060069668246,24.90698114417935,0.0,0.0,on,connected,True,synthetic_device_spec_v11
synthetic_customer_008,cabinet_008,2026-09-07 10:10:00+00:00,0,0,0,0,True,True,False,23.943995910118158,-48.55341988539096,2.9779922778941184,3.9546407053463013,24.824150081116134,0.04598255086597658,0.017816968160457584,on,connected,True,synthetic_device_spec_v11
synthetic_customer_008,cabinet_008,2026-09-07 10:20:00+00:00,0,0,0,0,True,True,False,23.952707875831845,-47.76973704071747,3.012288564499317,4.1048464817618004,0.0,0.027638409883616634,0.0026797079466547025,on,connected,True,synthetic_device_spec_v11
synthetic_customer_008,cabinet_008,2026-09-07 10:30:00+00:00,0,0,0,0,True,True,False,23.928960064748118,-44.8063445906074,3.029068774143264,3.996832258004142,0.11935938790196053,0.011915494480205716,0.0,on,connected,True,synthetic_device_spec_v11
synthetic_customer_008,cabinet_008,2026-09-07 10:40:00+00:00,0,0,0,0,True,True,False,23.816923998975692,-48.22475068489999,3.0306210375172764,4.027964328517526,0.0,0.0,2.7862957140407003e-05,on,connected,True,synthetic_device_spec_v11
synthetic_customer_008,cabinet_008,2026-09-07 10:50:00+00:00,0,0,0,0,True,True,False,23.984382228700014,-44.946558071835554,2.9439301904404735,4.065420893925597,0.0,0.0,0.005457871209798361,on,connected,True,synthetic_device_spec_v11
synthetic_customer_008,cabinet_008,2026-09-07 11:00:00+00:00,0,0,0,0,True,True,False,23.853270099263955,-47.73516146073433,2.985204815208568,3.909056031092037,0.0,0.0,0.0,on,connected,True,synthetic_device_spec_v11
synthetic_customer_008,cabinet_008,2026-09-07 11:10:00+00:00,0,0,0,0,True,True,False,24.140113904747142,-47.20482489304965,3.0561940349235455,3.989048252356236,0.16370629135874942,0.0,0.0050979974280969155,on,connected,True,synthetic_device_spec_v11
synthetic_customer_008,cabinet_008,2026-09-07 11:20:00+00:00,0,0,0,0,True,True,False,24.123776816192166,-48.04133663692414,2.9874004517484547,4.013438685687253,0.0,0.0,0.011103584072298653,on,connected,True,synthetic_device_spec_v11
synthetic_customer_008,cabinet_008,2026-09-07 11:30:00+00:00,0,0,0,0,True,True,False,23.91829937781651,-46.28496498692664,3.059611144449768,3.9714513661083743,0.0,0.0,0.0,on,connected,True,synthetic_device_spec_v11
synthetic_customer_008,cabinet_008,2026-09-07 11:40:00+00:00,0,0,0,0,True,True,False,24.11608521833831,-46.794856566945185,2.9662233688315003,3.935001630421037,0.0,0.0,0.0006520806279933501,on,connected,True,synthetic_device_spec_v11
synthetic_customer_008,cabinet_008,2026-09-07 11:50:00+00:00,0,0,0,0,True,True,False,24.2925419184754,-47.251912303946646,3.0548803072797686,4.014004661331032,0.0,0.00040354283334757997,0.00013895679323812116,on,connected,True,synthetic_device_spec_v11
synthetic_customer_008,cabinet_008,2026-09-07 12:00:00+00:00,0,0,0,0,True,True,False,24.101317040713646,-47.98294116472902,2.938957890900057,3.8824507008474405,0.2888462515444813,0.0,0.02488803308741836,on,connected,True,synthetic_device_spec_v11
synthetic_customer_008,cabinet_008,2026-09-07 12:10:00+00:00,1,1,1,1,True,True,False,23.413099764898075,-48.47849080926244,3.079391002342519,4.023463363436149,0.0,0.008484823600495846,0.0,on,connected,True,synthetic_device_spec_v11
synthetic_customer_008,cabinet_008,2026-09-07 12:20:00+00:00,1,1,1,1,True,True,False,23.420110606327352,-48.67042241905626,2.985284247103758,4.053409231846348,0.0,0.03368416811384412,0.0,on,connected,True,synthetic_device_spec_v11
synthetic_customer_008,cabinet_008,2026-09-07 12:30:00+00:00,1,1,1,1,True,True,False,22.995282664807768,-48.48098962005103,2.936404416464238,3.9515248703087305,0.0,0.0,0.013944697390627524,on,connected,True,synthetic_device_spec_v11
synthetic_customer_008,cabinet_008,2026-09-07 12:40:00+00:00,0,0,0,0,True,True,False,22.95154332885258,-48.69501453774755,2.797364287442332,4.098499141850805,0.0,0.0027940193398231054,0.0,on,connected,True,synthetic_device_spec_v11
synthetic_customer_008,cabinet_008,2026-09-07 12:50:00+00:00,0,0,0,0,True,True,False,22.45376340665237,-47.83897289944433,2.645045002682438,4.011117413416718,0.0,0.0,0.0,on,connected,True,synthetic_device_spec_v11
synthetic_customer_008,cabinet_008,2026-09-07 13:00:00+00:00,0,0,0,0,True,True,False,21.79697956071154,-48.075834599160714,2.659614510699226,3.9165960530322876,0.0,0.031646769145968735,0.016450691703516013,on,connected,True,synthetic_device_spec_v11
synthetic_customer_008,cabinet_008,2026-09-07 13:10:00+00:00,0,0,0,0,True,True,False,21.36374618947045,-49.63502488039565,2.4708284029321286,3.9991454419875976,0.0,0.0,0.0,on,connected,True,synthetic_device_spec_v11
synthetic_customer_008,cabinet_008,2026-09-07 13:20:00+00:00,0,0,0,0,True,True,False,21.041998250770273,-47.1098082977525,2.423183055543208,3.9146061467498554,0.03343533187651491,0.0,0.022410710802628984,on,connected,True,synthetic_device_spec_v11
synthetic_customer_008,cabinet_008,2026-09-07 13:30:00+00:00,0,0,0,0,True,True,False,20.764148688814018,-46.7619099969769,2.278518330408231,4.04665745466712,0.5756824381098827,0.0,0.0,on,connected,True,synthetic_device_spec_v11
synthetic_customer_008,cabinet_008,2026-09-07 13:40:00+00:00,0,0,0,0,True,True,False,20.426956386136876,-47.65473669981735,2.223687937696508,4.099235779624454,0.9338527242912703,0.033937818212280826,0.005084540337880783,on,connected,True,synthetic_device_spec_v11
synthetic_customer_008,cabinet_008,2026-09-07 13:50:00+00:00,0,0,0,0,True,True,False,20.218141920008527,-47.478846876356165,2.103196633958606,3.9931750044863317,0.2049558683224869,0.0026700340017453625,0.0,on,connected,True,synthetic_device_spec_v11
synthetic_customer_008,cabinet_008,2026-09-07 14:00:00+00:00,0,0,0,0,True,True,False,19.696262293786987,-46.53424923822174,1.9451406204917479,4.015568024121256,0.0,0.0,0.0,on,connected,True,synthetic_device_spec_v11
synthetic_customer_008,cabinet_008,2026-09-07 14:10:00+00:00,0,0,0,0,True,True,False,19.515642814434088,-48.11359443687746,1.8802940541048303,4.02038436038223,0.2986477066456019,0.0,0.01919284516394173,on,connected,True,synthetic_device_spec_v11
synthetic_customer_008,cabinet_008,2026-09-07 14:20:00+00:00,0,0,0,0,True,True,False,19.025026647152984,-49.05016626861133,1.8140766329405282,3.9514039054830157,0.6501322052048837,0.009883170427056755,0.025409642846692913,on,connected,True,synthetic_device_spec_v11
synthetic_customer_008,cabinet_008,2026-09-07 14:30:00+00:00,0,0,0,0,True,True,False,18.855104960017172,-47.93354498376542,1.6950600396905116,4.064214112966822,0.3055943187824224,0.0,0.0,on,connected,True,synthetic_device_spec_v11
synthetic_customer_008,cabinet_008,2026-09-07 15:30:00+00:00,0,0,0,0,True,True,False,23.868003390211925,-47.540572885882966,1.069349030224888,4.061566574251316,0.0,0.009408627606709498,0.0038927530381901686,on,connected,True,synthetic_device_spec_v11
synthetic_customer_008,cabinet_008,2026-09-07 15:40:00+00:00,0,0,0,0,True,True,False,24.020017112169416,-48.861653468757055,0.9881344936225472,4.105667512285075,0.0,0.06241306903686553,0.0,on,connected,True,synthetic_device_spec_v11
synthetic_customer_008,cabinet_008,2026-09-07 15:50:00+00:00,0,0,0,0,True,True,False,24.032822762946687,-47.76404678341001,0.9599526232032032,4.000555285296072,0.0,0.010938543681668184,0.0,on,connected,True,synthetic_device_spec_v11
synthetic_customer_008,cabinet_008,2026-09-07 16:00:00+00:00,0,0,0,0,True,True,False,23.931983329797877,-48.00791460595913,1.0196814121901892,4.065183095269839,0.0,0.04035588837308568,0.03850133384405164,on,connected,True,synthetic_device_spec_v11
synthetic_customer_008,cabinet_008,2026-09-07 16:10:00+00:00,0,0,0,0,True,True,False,24.08070907118193,-47.73635996203825,0.989554603545467,3.921772290602554,0.0,0.0,0.0,on,connected,True,synthetic_device_spec_v11
synthetic_customer_008,cabinet_008,2026-09-07 16:20:00+00:00,0,0,0,0,True,True,False,24.058098784216885,-48.87214968134833,1.0204310891815702,3.9813655946809066,0.9308535490300945,0.0652198963931173,0.0,on,connected,True,synthetic_device_spec_v11
synthetic_customer_008,cabinet_008,2026-09-07 16:30:00+00:00,0,0,0,0,True,True,False,23.835751628118587,-48.45292600352528,0.9711514286984948,4.00135490677067,0.1879598620736988,0.0,0.013462877150417206,on,connected,True,synthetic_device_spec_v11
synthetic_customer_008,cabinet_008,2026-09-07 16:40:00+00:00,0,0,0,0,True,True,False,23.980680782444406,-50.86220483455143,3.031416778560946,3.9722820784155286,0.24585630248478296,0.0,0.0,on,connected,True,synthetic_device_spec_v11
synthetic_customer_008,cabinet_008,2026-09-07 16:50:00+00:00,0,0,0,0,True,True,False,23.889171206145903,-47.430410165940145,2.9745792477582613,3.9119421067254154,0.0,0.0,0.005813334155322592,on,connected,True,synthetic_device_spec_v11
synthetic_customer_008,cabinet_008,2026-09-07 17:00:00+00:00,0,0,0,0,True,True,False,23.77612665905081,-48.763282182509805,2.9591184675856734,3.993403227897219,0.011119699676502911,0.0047094938298544945,0.0,on,connected,True,synthetic_device_spec_v11
synthetic_customer_008,cabinet_008,2026-09-07 17:10:00+00:00,0,0,0,0,True,True,False,23.95481545038501,-48.04002346706979,2.9837224996769174,3.970003736722845,0.7322256882109892,0.002840354080890224,0.0,on,connected,True,synthetic_device_spec_v11
synthetic_customer_008,cabinet_008,2026-09-07 17:20:00+00:00,0,0,0,0,True,True,False,23.738851597422197,-48.45272565356112,3.0102751984136007,4.025321953571111,0.19488131923313756,0.0017229169373885443,0.0,on,connected,True,synthetic_device_spec_v11
synthetic_customer_008,cabinet_008,2026-09-07 17:30:00+00:00,0,0,0,0,True,True,False,24.107007005204533,-48.374048046079054,3.0410827650042305,3.9718041991707547,0.5564622192300321,0.0,0.0,on,connected,True,synthetic_device_spec_v11
synthetic_customer_008,cabinet_008,2026-09-07 17:40:00+00:00,0,0,0,0,True,True,False,24.26863382366468,-47.002481125694715,2.9847598630215866,3.9616229439318706,0.0,0.0,0.0,on,connected,True,synthetic_device_spec_v11
synthetic_customer_008,cabinet_008,2026-09-07 17:50:00+00:00,0,0,0,0,True,True,False,23.816705007955022,-49.06995947220812,3.0207956324434075,3.9943199271749315,0.42603303358774347,0.02964029071060489,0.013559467624882826,on,connected,True,synthetic_device_spec_v11
synthetic_customer_008,cabinet_008,2026-09-07 18:00:00+00:00,0,0,0,0,True,True,False,24.130299712435445,-46.81845073860487,2.9762803262458086,3.993362118471626,0.0,0.0024376264203378383,0.019590963770510478,on,connected,True,synthetic_device_spec_v11
synthetic_customer_008,cabinet_008,2026-09-07 18:10:00+00:00,1,1,1,1,True,True,False,23.96160100614885,-46.66368934059138,3.002901250539508,3.9515125817433754,0.0,0.0,0.0,on,connected,True,synthetic_device_spec_v11
synthetic_customer_008,cabinet_008,2026-09-07 18:20:00+00:00,1,1,1,1,True,True,False,24.048163655303362,-45.83728084610011,2.986911204309959,4.037656833398108,0.6106598191560407,0.007702410401767716,0.0,on,connected,True,synthetic_device_spec_v11
synthetic_customer_008,cabinet_008,2026-09-07 18:30:00+00:00,1,1,1,1,True,True,False,24.206269371215583,-48.792601342163046,2.9902748422765932,3.9216049853052946,0.0005715578006655302,0.0,0.009158047957970069,on,connected,True,synthetic_device_spec_v11
synthetic_customer_008,cabinet_008,2026-09-07 18:40:00+00:00,0,0,0,0,True,True,False,23.85933242107373,-49.174706316783016,3.002893639025826,3.895204196458957,0.7635137652692862,0.009888242226938466,0.012554654007665146,on,connected,True,synthetic_device_spec_v11
synthetic_customer_008,cabinet_008,2026-09-07 18:50:00+00:00,0,0,0,0,True,True,False,24.338247441971312,-47.89807002717181,2.969992575113667,4.040801004443226,0.007033825401411063,0.0,0.0,on,connected,True,synthetic_device_spec_v11
synthetic_customer_008,cabinet_008,2026-09-07 19:00:00+00:00,0,0,0,0,True,True,False,23.77542989051387,-49.74967052374601,3.004367125512636,3.996319526646143,0.0,0.0,0.011588205471133853,on,connected,True,synthetic_device_spec_v11
synthetic_customer_008,cabinet_008,2026-09-07 19:10:00+00:00,0,0,0,0,True,True,False,23.8819583946736,-47.54683128207572,3.0017121721083706,4.005501910379136,0.0,0.0,0.0,on,connected,True,synthetic_device_spec_v11
synthetic_customer_008,cabinet_008,2026-09-07 19:20:00+00:00,0,0,0,0,True,True,False,23.91343939889487,-47.71751885342427,2.964735161028784,3.9553445441161736,0.31904034278699145,0.020052495841604314,0.0,on,connected,True,synthetic_device_spec_v11
synthetic_customer_008,cabinet_008,2026-09-07 19:30:00+00:00,0,0,0,0,True,True,False,24.06235207493191,-48.479215884854106,2.971071878078426,3.9856314698690385,0.7431685667748196,0.0,0.0024202297333237874,on,connected,True,synthetic_device_spec_v11
synthetic_customer_008,cabinet_008,2026-09-07 19:40:00+00:00,0,0,0,0,True,True,False,24.121616868757375,-47.68736200590847,2.9990725881108244,3.958260386765891,0.662898468691733,0.0,0.0,on,connected,True,synthetic_device_spec_v11
synthetic_customer_008,cabinet_008,2026-09-07 19:50:00+00:00,0,0,0,0,True,True,False,23.923538502554667,-47.6811333423783,3.0465304846169636,4.000925159741145,0.9841645812106831,0.0,0.008570912762400433,on,connected,True,synthetic_device_spec_v11
synthetic_customer_008,cabinet_008,2026-09-07 20:00:00+00:00,0,0,0,0,True,True,False,23.90901172028176,-45.65827802518082,3.027454478390558,3.932496526784891,0.518749085548269,0.010495337351011099,0.004223982859652073,on,connected,True,synthetic_device_spec_v11
synthetic_customer_008,cabinet_008,2026-09-07 20:10:00+00:00,0,0,0,0,True,True,False,24.05306654986478,-48.58043449261805,3.0295400000600523,3.9333872650126374,0.0,0.09054424504478287,0.0031966770169662767,on,connected,True,synthetic_device_spec_v11
synthetic_customer_008,cabinet_008,2026-09-07 20:20:00+00:00,0,0,0,0,True,True,False,24.217691838378197,-51.59216322211963,3.0229292154766503,4.040229099311775,0.0,0.1171388635467082,0.0,on,connected,True,synthetic_device_spec_v11
synthetic_customer_008,cabinet_008,2026-09-07 20:30:00+00:00,0,0,0,0,True,True,False,24.179020767626675,-54.2789849465863,3.0350835994943326,4.097414055131828,0.0,0.10705045823831456,0.03679396846499279,on,connected,True,synthetic_device_spec_v11
synthetic_customer_008,cabinet_008,2026-09-07 20:40:00+00:00,0,0,0,0,True,True,False,23.935226048532435,-56.1793573176517,3.071102125029349,4.026507178541956,0.0,0.1310837439363678,0.006863603355242669,on,connected,True,synthetic_device_spec_v11
synthetic_customer_008,cabinet_008,2026-09-07 20:50:00+00:00,0,0,0,0,True,True,False,23.871686755909497,-58.807687779228296,3.0350293330186293,3.9802205643499593,0.4146502623552446,0.2084727534502404,0.0,on,connected,True,synthetic_device_spec_v11
synthetic_customer_008,cabinet_008,2026-09-07 21:00:00+00:00,0,0,0,0,True,True,False,23.944534310558772,-60.13306393174779,2.985008487151947,3.9317456785381864,0.1723334060583745,0.218807312117087,0.0,on,connected,True,synthetic_device_spec_v11
synthetic_customer_008,cabinet_008,2026-09-07 21:10:00+00:00,0,0,0,0,True,True,False,24.12337798793177,-63.26708510881328,3.007442624817537,3.9587016180997185,0.7709332771479646,0.29062449402009405,0.021719088283559042,on,connected,True,synthetic_device_spec_v11
synthetic_customer_008,cabinet_008,2026-09-07 21:20:00+00:00,0,0,0,0,True,True,False,24.1059458636529,-64.19346579146644,2.986893792787488,4.036226082663582,0.0,0.3023975058156117,0.002554957176970814,on,connected,True,synthetic_device_spec_v11
synthetic_customer_008,cabinet_008,2026-09-07 21:30:00+00:00,0,0,0,0,True,True,False,24.04298195859574,-67.21689493185762,3.0605671206382494,3.9930295222232175,0.0,0.3292410282565035,0.0244875466761886,on,connected,True,synthetic_device_spec_v11
synthetic_customer_008,cabinet_008,2026-09-07 21:40:00+00:00,0,0,0,0,True,True,False,23.83214333545738,-69.7015844063618,3.044639424062651,3.941145136133861,0.36684517246944554,0.3920148177698555,0.0,on,connected,True,synthetic_device_spec_v11
synthetic_customer_008,cabinet_008,2026-09-07 21:50:00+00:00,0,0,0,0,True,True,False,23.85287519108484,-69.30626165172337,3.0483127614974,3.9696863366670074,0.0,0.44391137403977465,0.0031678301356948694,on,connected,True,synthetic_device_spec_v11
synthetic_customer_008,cabinet_008,2026-09-07 22:00:00+00:00,0,0,0,0,True,True,False,24.056032815353745,-74.35475592217624,2.9591855545553942,4.004117626521218,0.0,0.4761319222284981,0.006501203548981466,on,connected,True,synthetic_device_spec_v11
synthetic_customer_008,cabinet_008,2026-09-07 22:10:00+00:00,0,0,0,0,True,True,False,23.983043296814223,-75.0596602446357,3.019776956571042,4.025413605036005,0.0,0.47209282038165434,0.0,on,connected,True,synthetic_device_spec_v11
synthetic_customer_008,cabinet_008,2026-09-07 22:20:00+00:00,0,0,0,0,True,True,False,24.019215002665796,-77.67173672067636,2.94580504416582,3.981342032517133,0.0,0.5171281055169037,0.0,on,connected,True,synthetic_device_spec_v11
synthetic_customer_008,cabinet_008,2026-09-07 22:30:00+00:00,0,0,0,0,True,True,False,24.07783252950587,-78.70861874779332,3.032259364859098,4.041267554294381,0.0,0.5520450666776594,0.022993086909171866,on,connected,True,synthetic_device_spec_v11
synthetic_customer_008,cabinet_008,2026-09-07 22:40:00+00:00,0,0,0,0,True,True,False,24.038572176749188,-83.4429721274216,3.0390164473139993,3.97524405530612,0.0,0.6204519263332199,0.0,on,connected,True,synthetic_device_spec_v11
synthetic_customer_008,cabinet_008,2026-09-07 22:50:00+00:00,0,0,0,0,True,True,False,24.110330043376614,-83.06825028954084,2.9828185902934043,4.039025766389082,0.0,0.6441922396805272,0.0,on,connected,True,synthetic_device_spec_v11
synthetic_customer_008,cabinet_008,2026-09-07 23:30:00+00:00,0,0,0,0,True,True,False,24.246282203869768,-45.875906312005675,2.9748748517297225,3.956970610071869,0.0,0.0,0.0,on,connected,True,synthetic_device_spec_v11
synthetic_customer_008,cabinet_008,2026-09-07 23:40:00+00:00,0,0,0,0,True,True,False,23.990539936754374,-49.471949461316754,3.000008541500718,3.9303494046869063,0.0,0.0,0.02097849990944737,on,connected,True,synthetic_device_spec_v11
synthetic_customer_008,cabinet_008,2026-09-07 23:50:00+00:00,0,0,0,0,True,True,False,24.17354772362016,-48.181445647212385,3.01902044542622,3.990724189619486,0.5353426369265705,0.0,0.036818600940432246,on,connected,True,synthetic_device_spec_v11
synthetic_customer_008,cabinet_008,2026-09-08 00:00:00+00:00,0,0,0,0,True,True,False,23.85387911913332,-50.687123526426454,3.01120791387381,3.986500542444471,0.5829615068003495,0.020270910400124954,0.019703693103713366,on,connected,True,synthetic_device_spec_v11
synthetic_customer_008,cabinet_008,2026-09-08 00:10:00+00:00,1,1,1,1,True,True,False,23.96609495295008,-47.47825122771603,2.9256794290124257,3.9968429650404382,0.8835239578806228,0.01026422123561939,0.008911761152336054,on,connected,True,synthetic_device_spec_v11
synthetic_customer_008,cabinet_008,2026-09-08 00:20:00+00:00,1,1,1,1,True,True,False,24.02639207421503,-47.60052753101276,3.036740407336711,3.973663437522654,0.0,0.0,0.010260968089242817,on,connected,True,synthetic_device_spec_v11
synthetic_customer_008,cabinet_008,2026-09-08 00:30:00+00:00,1,1,1,1,True,True,False,23.66471750466052,-49.46521599760553,3.0455979529781536,4.013011686139689,0.7994802426798178,0.0,0.0,on,connected,True,synthetic_device_spec_v11
synthetic_customer_008,cabinet_008,2026-09-08 00:40:00+00:00,0,0,0,0,True,True,False,23.717312078680106,-48.45006710566267,2.9924465953768444,3.9701821984735526,0.9502481601385843,0.0,0.0,on,connected,True,synthetic_device_spec_v11
synthetic_customer_008,cabinet_008,2026-09-08 00:50:00+00:00,0,0,0,0,True,True,False,23.846063286566004,-46.99707267578737,2.9394034794820003,3.974903120612247,0.0,0.03219691159042525,0.0,on,connected,True,synthetic_device_spec_v11
synthetic_customer_008,cabinet_008,2026-09-08 01:00:00+00:00,0,0,0,0,True,True,False,23.904239641338542,-50.51194983055965,2.9853797940067444,4.073231905817651,1.0009475802044905,0.009477069956276354,0.0,on,connected,True,synthetic_device_spec_v11
synthetic_customer_008,cabinet_008,2026-09-08 01:10:00+00:00,0,0,0,0,True,True,False,24.002079707457437,-46.58575784086395,2.887859337189175,3.960454371360351,0.8485482620318592,0.023664039767820767,0.0,on,connected,True,synthetic_device_spec_v11
synthetic_customer_008,cabinet_008,2026-09-08 01:20:00+00:00,0,0,0,0,True,True,False,24.233872151362398,-48.78008329744258,3.020994249679525,3.9984681579843464,0.21558127255283116,0.0,0.008171344947246409,on,connected,True,synthetic_device_spec_v11
synthetic_customer_008,cabinet_008,2026-09-08 01:30:00+00:00,0,0,0,0,True,True,False,24.030123301275122,-48.221301453866786,3.0228026638084535,4.081420154460081,0.0,0.0,0.05419988819695171,on,connected,True,synthetic_device_spec_v11
synthetic_customer_008,cabinet_008,2026-09-08 01:40:00+00:00,0,0,0,0,True,True,False,23.999222355466653,-48.23442156825919,3.0254958407490737,3.9967514670808,0.6301622433547266,0.03751544437584542,0.0,on,connected,True,synthetic_device_spec_v11
synthetic_customer_008,cabinet_008,2026-09-08 01:50:00+00:00,0,0,0,0,True,True,False,23.939575506012417,-47.31310455664879,3.0602658130734994,4.103822382237524,0.4402352344405461,0.0,0.0,on,connected,True,synthetic_device_spec_v11
synthetic_customer_008,cabinet_008,2026-09-08 02:00:00+00:00,0,0,0,0,True,True,False,23.873861789125453,-46.057976023176096,3.042344058940062,3.9657307375994337,0.11893546915575925,0.0061379618040294185,0.008725309905883818,on,connected,True,synthetic_device_spec_v11
synthetic_customer_008,cabinet_008,2026-09-08 02:10:00+00:00,0,0,0,0,True,True,False,23.924129789724375,-45.52561355847044,2.9498521233183164,4.000475086850034,0.0,0.0,0.006948963452876776,on,connected,True,synthetic_device_spec_v11
synthetic_customer_008,cabinet_008,2026-09-08 02:20:00+00:00,0,0,0,0,True,True,False,23.617868588703562,-47.26616173184631,2.9920600882555632,4.033194799268824,0.0,0.004257352825474981,0.0,on,connected,True,synthetic_device_spec_v11
synthetic_customer_008,cabinet_008,2026-09-08 02:30:00+00:00,0,0,0,0,True,True,False,24.141328468697985,-49.261580888466895,3.005662514180786,4.080463675629651,0.13834682652340288,0.0,0.0,on,connected,True,synthetic_device_spec_v11
synthetic_customer_008,cabinet_008,2026-09-08 02:40:00+00:00,0,0,0,0,True,True,False,24.0568752387021,-49.68568370599279,2.981832447617664,4.026987799789268,0.165499039820904,0.0,0.003377606435826571,on,connected,True,synthetic_device_spec_v11
synthetic_customer_008,cabinet_008,2026-09-08 02:50:00+00:00,0,0,0,0,True,True,False,24.23524625435737,-48.55669786586122,3.0255185913321365,3.96163671672252,0.0,0.0,0.0,on,connected,True,synthetic_device_spec_v11
synthetic_customer_008,cabinet_008,2026-09-08 03:00:00+00:00,0,0,0,0,True,True,False,23.83687477709623,-48.28601167236581,3.049546763214473,4.034699791742271,0.10463677665178606,0.000818262695117115,0.021999857049429958,on,connected,True,synthetic_device_spec_v11
synthetic_customer_008,cabinet_008,2026-09-08 03:10:00+00:00,0,0,0,0,True,True,False,24.352596235722782,-48.62736735523158,3.0214178627876924,3.920491316819589,0.3866776600934884,0.00837107308413228,0.0,on,connected,True,synthetic_device_spec_v11
synthetic_customer_008,cabinet_008,2026-09-08 03:20:00+00:00,0,0,0,0,True,True,False,24.216600182606452,-48.55455184477678,3.0528943019679953,3.976151671809662,0.0,0.0,0.02996892983349379,on,connected,True,synthetic_device_spec_v11
synthetic_customer_008,cabinet_008,2026-09-08 03:30:00+00:00,0,0,0,0,True,True,False,23.963631627792623,-47.92897268480839,3.0274759293104214,3.946439902492786,0.0,0.0011302475920891895,0.0,on,connected,True,synthetic_device_spec_v11
synthetic_customer_008,cabinet_008,2026-09-08 03:40:00+00:00,0,0,0,0,True,True,False,24.145392509883433,-48.743809653942094,3.0776574188434265,4.063911449552802,0.0,0.0,0.00017520278437642265,on,connected,True,synthetic_device_spec_v11
synthetic_customer_008,cabinet_008,2026-09-08 03:50:00+00:00,0,0,0,0,True,True,False,24.094139779064246,-47.85426565140757,2.9687830439185867,4.001669196982111,0.0,0.020237786140963193,0.0038112277139064053,on,connected,True,synthetic_device_spec_v11
synthetic_customer_008,cabinet_008,2026-09-08 04:00:00+00:00,0,0,0,0,True,True,False,23.940465219906102,-48.465602977762714,2.9818641648887874,4.025784227274437,0.16836738866323078,0.03686634229223008,0.011576643026770844,on,connected,True,synthetic_device_spec_v11
synthetic_customer_008,cabinet_008,2026-09-08 04:10:00+00:00,0,0,0,0,True,True,False,23.969353255071535,-49.13135986214802,2.9465592668229084,3.970814441549071,0.0,0.004204803791083228,0.0,on,connected,True,synthetic_device_spec_v11
synthetic_customer_008,cabinet_008,2026-09-08 04:20:00+00:00,0,0,0,0,True,True,False,24.204045799396678,-47.700422531879525,2.9709447663642115,3.9597477339467155,0.18235653850315284,0.008513130190693042,0.013350458983021648,on,connected,True,synthetic_device_spec_v11
synthetic_customer_008,cabinet_008,2026-09-08 04:30:00+00:00,0,0,0,0,True,True,False,24.112009794851463,-46.98651398559573,2.9950882459919264,3.968334145858022,0.5424353096325827,0.0,0.0,on,connected,True,synthetic_device_spec_v11
synthetic_customer_008,cabinet_008,2026-09-08 04:40:00+00:00,0,0,0,0,True,True,False,23.867526027400636,-48.436474951334276,2.962595872116309,4.0429077419731385,0.2185625134315248,0.0012949720698437741,0.0,on,connected,True,synthetic_device_spec_v11
synthetic_customer_008,cabinet_008,2026-09-08 04:50:00+00:00,0,0,0,0,True,True,False,24.071099547303028,-47.771372576487245,2.9675231898436354,3.8137539894510395,0.0,0.0,0.0,on,connected,True,synthetic_device_spec_v11
synthetic_customer_008,cabinet_008,2026-09-08 05:00:00+00:00,0,0,0,0,True,True,False,23.836121683725736,-50.43549579606605,2.9852526049862327,4.017517416608687,0.11908740133440777,0.0,0.0,on,connected,True,synthetic_device_spec_v11
synthetic_customer_008,cabinet_008,2026-09-08 05:10:00+00:00,0,0,0,0,True,True,False,24.022001835657345,-45.74922496949096,3.0252430526573595,4.039161637629223,0.8419303413457445,0.0,0.006280271010659129,on,connected,True,synthetic_device_spec_v11
synthetic_customer_008,cabinet_008,2026-09-08 05:20:00+00:00,0,0,0,0,True,True,False,23.985390054686743,-47.818200662221074,2.996985556775484,4.028409777446132,0.0,0.0,0.0,on,connected,True,synthetic_device_spec_v11
synthetic_customer_008,cabinet_008,2026-09-08 05:30:00+00:00,0,0,0,0,True,True,False,24.219951482844753,-49.23200980496965,3.041935228566384,4.050415117442949,1.320861510895551,0.007077185254797597,0.005031999532084133,on,connected,True,synthetic_device_spec_v11
synthetic_customer_008,cabinet_008,2026-09-08 05:40:00+00:00,0,0,0,0,True,True,False,23.913347006102278,-48.07636402707944,2.8949276879401076,3.8951043208543266,0.2714209887277569,0.005305985294833341,0.010333507919504263,on,connected,True,synthetic_device_spec_v11
synthetic_customer_008,cabinet_008,2026-09-08 05:50:00+00:00,0,0,0,0,True,True,False,24.08706552677026,-48.07193125652748,3.0217969829452587,3.9891079207195,0.0,0.006911898069309454,0.02569872036277431,on,connected,True,synthetic_device_spec_v11
synthetic_customer_008,cabinet_008,2026-09-08 06:00:00+00:00,0,0,0,0,True,True,False,23.949433515268684,-49.30874480640229,2.9688511887439226,3.985395558299257,0.01488899000009914,0.046589136362099964,0.018821806947967593,on,connected,True,synthetic_device_spec_v11
synthetic_customer_008,cabinet_008,2026-09-08 06:10:00+00:00,1,1,1,1,True,True,False,24.180055597222022,-47.072740989650164,3.052871772481596,4.141880638684657,0.06944890488322594,0.018096295427533774,0.003847823122619276,on,connected,True,synthetic_device_spec_v11
synthetic_customer_008,cabinet_008,2026-09-08 06:20:00+00:00,1,1,1,1,True,True,False,23.984193760932516,-48.779340755356316,3.006359449834814,4.25476158729943,0.5298278529672584,0.0016801510068729928,0.044846971171706725,on,connected,True,synthetic_device_spec_v11
synthetic_customer_008,cabinet_008,2026-09-08 06:30:00+00:00,1,1,1,1,True,True,False,24.010971551015306,-49.13959638511946,3.014608761982839,4.471977656061516,0.0,0.0,0.07509506981949551,on,connected,True,synthetic_device_spec_v11
synthetic_customer_008,cabinet_008,2026-09-08 06:40:00+00:00,0,0,0,0,True,True,False,24.15212247439188,-48.94707930186885,3.0354003076360043,4.653106306240286,0.0,0.0,0.08099068622180494,on,connected,True,synthetic_device_spec_v11
synthetic_customer_008,cabinet_008,2026-09-08 06:50:00+00:00,0,0,0,0,True,True,False,24.0529419842291,-47.59130843105321,2.9983866623214603,4.887016578604882,0.0,0.0,0.09742568071711262,on,connected,True,synthetic_device_spec_v11
synthetic_customer_008,cabinet_008,2026-09-08 07:00:00+00:00,0,0,0,0,True,True,False,23.948688641042114,-48.75682947857368,3.024529352575056,5.097161353040783,0.12316021762578283,0.0,0.11007029819990262,on,connected,True,synthetic_device_spec_v11
synthetic_customer_008,cabinet_008,2026-09-08 07:10:00+00:00,0,0,0,0,True,True,False,24.035439057981584,-50.222962394627714,2.9832346275685784,5.15305152024056,0.854140775644589,0.023712497154163997,0.18493339705874226,on,connected,True,synthetic_device_spec_v11
synthetic_customer_008,cabinet_008,2026-09-08 07:20:00+00:00,0,0,0,0,True,True,False,23.863702842910456,-47.43722455037442,2.965436820297283,5.39411411804873,0.5056091960570371,0.000984570959567105,0.18857234882924337,on,connected,True,synthetic_device_spec_v11
synthetic_customer_008,cabinet_008,2026-09-08 07:30:00+00:00,0,0,0,0,True,True,False,24.030397251614104,-45.944133779552224,2.9638856007720698,5.589516480619964,0.8681667354978284,0.0,0.21418231952407737,on,connected,True,synthetic_device_spec_v11
synthetic_customer_008,cabinet_008,2026-09-08 07:40:00+00:00,0,0,0,0,True,True,False,23.926234376549377,-48.07851562868871,2.9633968105220463,5.715084302837463,3.8522008015928435,0.0,0.2578491687078331,on,connected,True,synthetic_device_spec_v11
synthetic_customer_008,cabinet_008,2026-09-08 07:50:00+00:00,0,0,0,0,True,True,False,23.809731944719495,-46.44783426559573,2.993101120150216,5.979771541798769,6.115525068878264,0.002050544622025991,0.22910841535528598,on,connected,True,synthetic_device_spec_v11
synthetic_customer_008,cabinet_008,2026-09-08 08:00:00+00:00,0,0,0,0,True,True,False,24.105644836942666,-49.476649133750385,3.008795048182238,6.04963758736079,8.76975491972402,0.0,0.28829967971906156,on,connected,True,synthetic_device_spec_v11
synthetic_customer_008,cabinet_008,2026-09-08 08:10:00+00:00,0,0,0,0,True,True,False,23.918862125776876,-49.58257004555017,3.0101759408043427,6.345894172108922,10.438610529619389,0.014438719470114518,0.29695275027381624,on,connected,True,synthetic_device_spec_v11
synthetic_customer_008,cabinet_008,2026-09-08 08:20:00+00:00,0,0,0,0,True,True,False,24.193566173912636,-46.168782357451335,3.013684530992883,6.418880357500991,14.08081648907782,0.0,0.3430371660507768,on,connected,True,synthetic_device_spec_v11
synthetic_customer_008,cabinet_008,2026-09-08 08:30:00+00:00,0,0,0,0,True,True,False,23.89310399800323,-50.16705339217816,3.0301349035383667,6.649668279015863,15.42288786115888,0.0,0.351496855645726,on,connected,True,synthetic_device_spec_v11
synthetic_customer_008,cabinet_008,2026-09-08 08:40:00+00:00,0,0,0,0,True,True,False,23.9813847822491,-48.54383703602563,3.0222349802629176,6.985185950020043,18.517513169932286,0.0,0.35390580636379465,on,connected,True,synthetic_device_spec_v11
synthetic_customer_008,cabinet_008,2026-09-08 08:50:00+00:00,0,0,0,0,True,True,False,24.050594383309452,-46.67990072675056,3.0961028018126635,7.070786577784538,19.704394524379428,0.009722238165446496,0.3979551178369484,on,connected,True,synthetic_device_spec_v11
synthetic_customer_008,cabinet_008,2026-09-08 09:00:00+00:00,0,0,0,0,True,True,False,23.913403879315158,-46.623779640409,3.028275948920227,7.037811508778582,22.609630900076393,0.0,0.39614474872116184,on,connected,True,synthetic_device_spec_v11
synthetic_customer_008,cabinet_008,2026-09-08 09:10:00+00:00,0,0,0,0,True,True,False,23.725338601663747,-48.157182439044284,3.026080013239247,6.966393950868416,24.927581050542756,0.0,0.3705635545094889,on,connected,True,synthetic_device_spec_v11
synthetic_customer_008,cabinet_008,2026-09-08 09:20:00+00:00,0,0,0,0,True,True,False,23.998864721483915,-47.80311714012301,3.062748536043799,7.0098817666854725,24.265561168171974,0.0,0.37604200685780664,on,connected,True,synthetic_device_spec_v11
synthetic_customer_008,cabinet_008,2026-09-08 09:30:00+00:00,0,0,0,0,True,True,False,23.9451942273709,-48.19583214798446,3.0477808312018944,7.089334185515882,24.35494712660814,0.00887520715462133,0.3881207920819975,on,connected,True,synthetic_device_spec_v11
synthetic_customer_008,cabinet_008,2026-09-08 09:40:00+00:00,0,0,0,0,True,True,False,23.9308232460911,-49.271547989207065,2.9793965371356874,7.021756390165211,24.928464315832343,0.0,0.3886909561728689,on,connected,True,synthetic_device_spec_v11
synthetic_customer_008,cabinet_008,2026-09-08 09:50:00+00:00,0,0,0,0,True,True,False,23.803924626725866,-47.39377312952468,2.9415192671684176,7.053704096742816,0.08848256488097363,0.0,0.3985035355624383,on,connected,True,synthetic_device_spec_v11
synthetic_customer_008,cabinet_008,2026-09-08 10:00:00+00:00,0,0,0,0,True,True,False,23.386581558195385,-48.98697220229769,3.0756343670500876,4.009735099329126,0.0,0.0019908446425610134,0.0,on,connected,True,synthetic_device_spec_v11
synthetic_customer_008,cabinet_008,2026-09-08 10:10:00+00:00,0,0,0,0,True,True,False,22.932987900656094,-46.469237847599445,2.944898212466767,3.925562158793452,0.09808484770826449,0.04342279671552659,0.02925908130639735,on,connected,True,synthetic_device_spec_v11
synthetic_customer_008,cabinet_008,2026-09-08 10:20:00+00:00,0,0,0,0,True,True,False,22.079497894471135,-50.4049498759062,3.023475357718234,4.048916961486403,0.22341378311040233,0.0,0.008778259535674779,on,connected,True,synthetic_device_spec_v11
synthetic_customer_008,cabinet_008,2026-09-08 10:30:00+00:00,0,0,0,0,True,True,False,21.98585882619985,-48.03733061082226,2.9837658989807565,3.9338198743831736,0.7175988079232428,0.018367531985764515,0.0,on,connected,True,synthetic_device_spec_v11
synthetic_customer_008,cabinet_008,2026-09-08 10:40:00+00:00,0,0,0,0,True,True,False,21.293347389931906,-49.20418569124788,2.989509200121331,4.138197873064512,0.0,0.0,0.005991063831210359,on,connected,True,synthetic_device_spec_v11
synthetic_customer_008,cabinet_008,2026-09-08 10:50:00+00:00,0,0,0,0,True,True,False,21.08399177022783,-49.188976739491586,3.0651843434351664,4.093789563729573,0.5537172473241795,0.013288303300798127,0.0,on,connected,True,synthetic_device_spec_v11
synthetic_customer_008,cabinet_008,2026-09-08 11:00:00+00:00,0,0,0,0,True,True,False,20.33668407748024,-48.96129205606743,2.9800107878942477,3.893870477227068,1.6432565875801732,0.0,0.0,on,connected,True,synthetic_device_spec_v11
synthetic_customer_008,cabinet_008,2026-09-08 11:10:00+00:00,0,0,0,0,True,True,False,20.10803133018135,-47.526064609675444,3.0229507957987587,4.03286088062965,0.0,0.0,0.0,on,connected,True,synthetic_device_spec_v11
synthetic_customer_008,cabinet_008,2026-09-08 11:20:00+00:00,0,0,0,0,True,True,False,19.73669018854318,-48.9741086220199,3.0224015575878647,3.8525905747037754,0.0,0.0,0.0,on,connected,True,synthetic_device_spec_v11
synthetic_customer_008,cabinet_008,2026-09-08 11:30:00+00:00,0,0,0,0,True,True,False,19.18600067487452,-48.06016121519469,2.972668561673675,4.161971714407878,0.0,0.0,0.0,on,connected,True,synthetic_device_spec_v11
synthetic_customer_008,cabinet_008,2026-09-08 11:40:00+00:00,0,0,0,0,True,True,False,18.833222235024955,-46.81017542741366,3.114744972500935,4.039816669679851,0.0,0.0,0.03580517887796758,on,connected,True,synthetic_device_spec_v11
synthetic_customer_008,cabinet_008,2026-09-08 12:20:00+00:00,1,1,1,1,True,True,False,23.940216290302853,-49.0724610935326,2.8955743684577104,3.9556875230747957,0.5475758851723609,0.015577752283792818,0.0,on,connected,True,synthetic_device_spec_v11
synthetic_customer_008,cabinet_008,2026-09-08 12:30:00+00:00,1,1,1,1,True,True,False,24.049897666125588,-48.31414962102076,2.878733515465177,4.0496501579534945,0.36735078737177357,0.03057487455435498,0.01775347653780309,on,connected,True,synthetic_device_spec_v11
synthetic_customer_008,cabinet_008,2026-09-08 12:40:00+00:00,0,0,0,0,True,True,False,23.920304329464486,-48.16871364390541,2.8143140596210103,4.137626851668506,0.0,0.0,0.0,on,connected,True,synthetic_device_spec_v11
synthetic_customer_008,cabinet_008,2026-09-08 12:50:00+00:00,0,0,0,0,True,True,False,23.81004733517013,-47.67251182355073,2.7235045276371284,4.030307627213406,0.24002010840394705,0.06921081190996195,0.0,on,connected,True,synthetic_device_spec_v11
synthetic_customer_008,cabinet_008,2026-09-08 13:00:00+00:00,0,0,0,0,True,True,False,23.96273214239572,-48.18362468514482,2.730038422121452,3.991971559855614,0.008699266315891812,0.0,0.0,on,connected,True,synthetic_device_spec_v11
synthetic_customer_008,cabinet_008,2026-09-08 13:10:00+00:00,0,0,0,0,True,True,False,23.93029063297256,-48.9976536303582,2.644704682057413,4.037645275718552,0.23239226312341096,0.0,0.01840311668170388,on,connected,True,synthetic_device_spec_v11
synthetic_customer_008,cabinet_008,2026-09-08 13:20:00+00:00,0,0,0,0,True,True,False,23.643832354683717,-48.447880675627715,2.593041554251047,3.945469651873844,0.0,0.0,0.0,on,connected,True,synthetic_device_spec_v11
synthetic_customer_008,cabinet_008,2026-09-08 13:30:00+00:00,0,0,0,0,True,True,False,24.088903158924012,-47.10695829633898,2.5942366300665305,4.043969413260404,0.3169408697887456,0.0,0.0,on,connected,True,synthetic_device_spec_v11
synthetic_customer_008,cabinet_008,2026-09-08 13:40:00+00:00,0,0,0,0,True,True,False,23.896112758605184,-47.6106170931294,2.5757552871383824,4.097225796325836,0.35363703468590163,0.0,0.005227698321412164,on,connected,True,synthetic_device_spec_v11
synthetic_customer_008,cabinet_008,2026-09-08 13:50:00+00:00,0,0,0,0,True,True,False,24.14250924990232,-46.7555415954707,2.463109125226274,3.991463741756022,0.0,0.0,0.002540927144279944,on,connected,True,synthetic_device_spec_v11
synthetic_customer_008,cabinet_008,2026-09-08 14:00:00+00:00,0,0,0,0,True,True,False,24.064793293718008,-46.661493266450584,2.437082669536378,4.063466562889437,0.3302588640922272,0.013601065492467616,0.0,on,connected,True,synthetic_device_spec_v11
synthetic_customer_008,cabinet_008,2026-09-08 14:10:00+00:00,0,0,0,0,True,True,False,24.16529242333197,-47.99305444215217,2.390162487761535,4.043442190249682,0.0,0.0,0.0,on,connected,True,synthetic_device_spec_v11
synthetic_customer_008,cabinet_008,2026-09-08 14:20:00+00:00,0,0,0,0,True,True,False,23.985543242749866,-48.11878170676901,2.3459769146888494,3.95992726656859,0.0,0.018585487119706777,0.0027674719421739227,on,connected,True,synthetic_device_spec_v11
synthetic_customer_008,cabinet_008,2026-09-08 14:30:00+00:00,0,0,0,0,True,True,False,24.103598864435444,-48.42777108970216,2.258771917024399,3.9268414107201655,0.0,0.06256482768046362,0.0,on,connected,True,synthetic_device_spec_v11
synthetic_customer_008,cabinet_008,2026-09-08 14:40:00+00:00,0,0,0,0,True,True,False,23.995471376942717,-48.246922748272766,2.2238643901440973,3.933813234105849,0.0,0.01359114879568253,0.017070419772934494,on,connected,True,synthetic_device_spec_v11
synthetic_customer_008,cabinet_008,2026-09-08 14:50:00+00:00,0,0,0,0,True,True,False,23.675121090001422,-47.354213697019084,2.2262913180530375,3.9360061406289173,0.27542511467976905,0.01191849992315251,0.020335598584877008,on,connected,True,synthetic_device_spec_v11
synthetic_customer_008,cabinet_008,2026-09-08 15:00:00+00:00,0,0,0,0,True,True,False,23.927369594465688,-48.32057185650926,2.2065951284239422,4.03355635429109,0.7040137078743585,0.0,0.009540016160298119,on,connected,True,synthetic_device_spec_v11
synthetic_customer_008,cabinet_008,2026-09-08 15:10:00+00:00,0,0,0,0,True,True,False,23.962832303764372,-48.13222621261164,2.244361715284336,3.9959504802854937,0.0,0.036600021308860455,0.01088709461029386,on,connected,True,synthetic_device_spec_v11
synthetic_customer_008,cabinet_008,2026-09-08 15:20:00+00:00,0,0,0,0,True,True,False,24.020811015457987,-47.23737474400295,2.2073664642004633,4.006543350347696,0.0,0.038327558373815934,0.006160784394334194,on,connected,True,synthetic_device_spec_v11
synthetic_customer_008,cabinet_008,2026-09-08 15:30:00+00:00,0,0,0,0,True,True,False,23.91301081306112,-46.9259606177894,2.9504838043763764,4.064659377125552,0.12339342924952418,0.0,0.0,on,connected,True,synthetic_device_spec_v11
synthetic_customer_008,cabinet_008,2026-09-08 15:40:00+00:00,0,0,0,0,True,True,False,23.761449471904427,-48.30243794678935,2.9866559833315662,4.047090168596808,0.0,0.027896355456885114,0.0,on,connected,True,synthetic_device_spec_v11
synthetic_customer_008,cabinet_008,2026-09-08 15:50:00+00:00,0,0,0,0,True,True,False,23.983945882337295,-49.19150393194389,2.9905888478589895,4.015714878258954,0.0,0.017210711864193668,0.0057714543781357255,on,connected,True,synthetic_device_spec_v11
synthetic_customer_008,cabinet_008,2026-09-08 16:00:00+00:00,0,0,0,0,True,True,False,24.2721757815157,-48.54186388306195,2.9942065045030004,3.980359313039297,0.6830302780322515,0.04441714463862942,0.0,on,connected,True,synthetic_device_spec_v11
synthetic_customer_008,cabinet_008,2026-09-08 16:10:00+00:00,0,0,0,0,True,True,False,23.9609438203137,-47.014874968463985,2.945204422003932,4.039031023657503,0.0,0.0,0.031279512794585254,on,connected,True,synthetic_device_spec_v11
synthetic_customer_008,cabinet_008,2026-09-08 16:20:00+00:00,0,0,0,0,True,True,False,24.046412430078366,-49.07940625680485,2.990541711442034,3.990489665475575,0.7779903229153241,0.0,0.0012673230743831007,on,connected,True,synthetic_device_spec_v11
synthetic_customer_008,cabinet_008,2026-09-08 16:30:00+00:00,0,0,0,0,True,True,False,23.98509637548397,-45.78292472460945,2.967960351389103,3.987053105071322,0.0,0.057710360965434505,0.022489007999150237,on,connected,True,synthetic_device_spec_v11
synthetic_customer_008,cabinet_008,2026-09-08 16:40:00+00:00,0,0,0,0,True,True,False,23.893640442339045,-47.59142159683738,2.9731927655282133,3.9568746078558243,0.0,0.0,0.0,on,connected,True,synthetic_device_spec_v11
synthetic_customer_008,cabinet_008,2026-09-08 16:50:00+00:00,0,0,0,0,True,True,False,24.00341725358678,-48.105987775420274,2.980761170106516,3.9380743947322636,0.2555352816435512,0.035815621038899945,0.0,on,connected,True,synthetic_device_spec_v11
synthetic_customer_008,cabinet_008,2026-09-08 17:00:00+00:00,0,0,0,0,True,True,False,24.147031028206968,-48.809156912931314,2.9713420211400505,3.937003108274748,0.19140434967795528,0.0,0.030845520984504052,on,connected,True,synthetic_device_spec_v11
synthetic_customer_008,cabinet_008,2026-09-08 17:10:00+00:00,0,0,0,0,True,True,False,23.828096015389107,-46.04562068297112,3.0192387471739996,4.016892537345714,0.0,0.0,0.0,on,connected,True,synthetic_device_spec_v11
synthetic_customer_008,cabinet_008,2026-09-08 17:20:00+00:00,0,0,0,0,True,True,False,23.94246041670988,-49.214739946622444,3.0261673841321146,4.024365387884205,0.4301103318267849,0.0,0.0,on,connected,True,synthetic_device_spec_v11
synthetic_customer_008,cabinet_008,2026-09-08 17:30:00+00:00,0,0,0,0,True,True,False,23.99003940034228,-49.6566277971722,3.0373618919946765,4.134187819023073,0.7542708008067491,0.012985131363246225,0.012868361267817284,on,connected,True,synthetic_device_spec_v11
synthetic_customer_008,cabinet_008,2026-09-08 17:40:00+00:00,0,0,0,0,True,True,False,23.926463691284543,-48.18557919923411,2.860603739513396,3.9683966511165316,0.4394600756541538,0.009202366391353576,0.0,on,connected,True,synthetic_device_spec_v11
synthetic_customer_008,cabinet_008,2026-09-08 17:50:00+00:00,0,0,0,0,True,True,False,24.025839919875317,-47.45261178160735,2.820970907342777,3.886752652290369,0.6286660965251212,0.0,0.0,on,connected,True,synthetic_device_spec_v11
synthetic_customer_008,cabinet_008,2026-09-08 18:00:00+00:00,0,0,0,0,True,True,False,23.918520101487243,-46.8119246339017,2.656394560415646,3.986056483400815,0.0,0.0,0.0,on,connected,True,synthetic_device_spec_v11
synthetic_customer_008,cabinet_008,2026-09-08 18:10:00+00:00,1,1,1,1,True,True,False,23.876923657625213,-47.41385876666342,2.5565553268296224,4.023615300717445,0.0,0.0,0.0,on,connected,True,synthetic_device_spec_v11
synthetic_customer_008,cabinet_008,2026-09-08 18:20:00+00:00,1,1,1,1,True,True,False,23.822017806376845,-49.02005551737196,2.499174421707975,3.9893928302408255,0.0,0.0004192223182147046,0.0,on,connected,True,synthetic_device_spec_v11
synthetic_customer_008,cabinet_008,2026-09-08 18:30:00+00:00,1,1,1,1,True,True,False,23.69843463545541,-47.13523966995418,2.3789399488756535,4.038537573106366,0.0,0.012136297347870717,0.0034630769792982925,on,connected,True,synthetic_device_spec_v11
synthetic_customer_008,cabinet_008,2026-09-08 18:40:00+00:00,0,0,0,0,True,True,False,24.044749100445127,-48.340937065816185,2.1525071155878024,3.9029315697625093,0.0077411650433791696,0.0,0.0,on,connected,True,synthetic_device_spec_v11
synthetic_customer_008,cabinet_008,2026-09-08 18:50:00+00:00,0,0,0,0,True,True,False,23.953425657698038,-48.7169699940651,2.0304948638476588,3.9516233080855594,0.0,0.002703699188507295,0.010297816921993778,on,connected,True,synthetic_device_spec_v11
synthetic_customer_008,cabinet_008,2026-09-08 19:00:00+00:00,0,0,0,0,True,True,False,24.029857785449753,-47.87865916744958,2.042547697279327,3.9665116749138187,0.1657096882910921,0.0,0.010084551990311918,on,connected,True,synthetic_device_spec_v11
synthetic_customer_008,cabinet_008,2026-09-08 19:10:00+00:00,0,0,0,0,True,True,False,23.969518196455912,-48.22405629813593,1.8638254062230084,3.917950097277817,0.0,0.06689273686842422,0.0,on,connected,True,synthetic_device_spec_v11
synthetic_customer_008,cabinet_008,2026-09-08 19:20:00+00:00,0,0,0,0,True,True,False,23.909998807331807,-47.86701796212589,1.80041918286419,3.9700632589678944,0.0381059105930925,0.013326985245636441,0.0,on,connected,True,synthetic_device_spec_v11
synthetic_customer_008,cabinet_008,2026-09-08 19:30:00+00:00,0,0,0,0,True,True,False,23.885153769211446,-49.28060620606511,1.631464948684155,3.9539872749635196,0.34175524666182694,0.007839013295090229,0.0,on,connected,True,synthetic_device_spec_v11
synthetic_customer_008,cabinet_008,2026-09-08 19:40:00+00:00,0,0,0,0,True,True,False,23.86561874680097,-48.71378281620997,1.6248812933735122,3.9161889219881645,0.0,0.0,0.0,on,connected,True,synthetic_device_spec_v11
synthetic_customer_008,cabinet_008,2026-09-08 19:50:00+00:00,0,0,0,0,True,True,False,23.97971968030886,-47.680519178302085,1.4664825092351903,3.9432455869313543,0.810505968290329,0.0,0.0,on,connected,True,synthetic_device_spec_v11
synthetic_customer_008,cabinet_008,2026-09-08 20:00:00+00:00,0,0,0,0,True,True,False,24.036721148394843,-47.95695983508911,1.3333022220026474,3.930607639760037,0.6340850330197526,0.0,0.003626228385267737,on,connected,True,synthetic_device_spec_v11
synthetic_customer_008,cabinet_008,2026-09-08 20:10:00+00:00,0,0,0,0,True,True,False,23.71261225618179,-48.16864889957022,1.2514230586955815,3.9522597344731003,0.0,0.029400023945143402,0.0,on,connected,True,synthetic_device_spec_v11
synthetic_customer_008,cabinet_008,2026-09-08 20:20:00+00:00,0,0,0,0,True,True,False,24.08087901812757,-46.92939336364011,1.0874230710637578,4.005845516481167,0.0,0.0,0.0,on,connected,True,synthetic_device_spec_v11
synthetic_customer_008,cabinet_008,2026-09-08 20:30:00+00:00,0,0,0,0,True,True,False,23.920692798634352,-49.5458151450384,0.9916830314775077,4.03906570248995,0.23944031037779057,0.0,0.011495538029306748,on,connected,True,synthetic_device_spec_v11
synthetic_customer_008,cabinet_008,2026-09-08 20:40:00+00:00,0,0,0,0,True,True,False,23.954185584385417,-47.836787740390115,0.9946370076738392,3.971935396847527,0.42959189068470444,0.025542910608958632,0.0,on,connected,True,synthetic_device_spec_v11
synthetic_customer_008,cabinet_008,2026-09-08 20:50:00+00:00,0,0,0,0,True,True,False,23.696035693057592,-48.02460639578008,0.986002115522849,3.9993244525650513,0.0,0.0,0.0,on,connected,True,synthetic_device_spec_v11
synthetic_customer_008,cabinet_008,2026-09-08 21:00:00+00:00,0,0,0,0,True,True,False,23.88805564813185,-48.38410511366829,1.0093267227951885,4.011525956425791,0.0,0.003286938365938786,0.03825758740057344,on,connected,True,synthetic_device_spec_v11
synthetic_customer_008,cabinet_008,2026-09-08 21:10:00+00:00,0,0,0,0,True,True,False,23.88469779981103,-47.13468728325795,1.0286150703070565,4.008085378369636,0.24278396190774737,0.0,0.0009168808419301426,on,connected,True,synthetic_device_spec_v11
synthetic_customer_008,cabinet_008,2026-09-08 21:20:00+00:00,0,0,0,0,True,True,False,24.100163664727194,-47.87767401125247,1.0012841962655183,4.038792662055506,0.38558253584231905,0.0,0.0,on,connected,True,synthetic_device_spec_v11
synthetic_customer_008,cabinet_008,2026-09-08 21:30:00+00:00,0,0,0,0,True,True,False,23.923371256796738,-47.161707831686705,1.0132502614847931,3.9659083606446823,0.0,0.009065709754114087,0.004440229924224661,on,connected,True,synthetic_device_spec_v11
synthetic_customer_008,cabinet_008,2026-09-08 21:40:00+00:00,0,0,0,0,True,True,False,23.989904843732056,-46.95869268325121,1.0390260185933797,3.9187487527286424,0.0,0.041667458406020624,0.0046610236550759165,on,connected,True,synthetic_device_spec_v11
synthetic_customer_008,cabinet_008,2026-09-08 21:50:00+00:00,0,0,0,0,True,True,False,24.042816959523808,-48.983446883239445,2.989587017898754,4.007741023952754,0.19966341616955535,0.0870795419427215,0.0,on,connected,True,synthetic_device_spec_v11
synthetic_customer_008,cabinet_008,2026-09-08 22:00:00+00:00,0,0,0,0,True,True,False,23.8809392573744,-49.670812261295524,2.975131792195235,4.012411533824123,0.0,0.02969472512383746,0.016472731160939506,on,connected,True,synthetic_device_spec_v11
synthetic_customer_008,cabinet_008,2026-09-08 22:10:00+00:00,0,0,0,0,True,True,False,23.9701460956383,-48.27251697942493,3.0208127209318913,4.012469503632678,0.5460503160214285,0.0,0.0,on,connected,True,synthetic_device_spec_v11
synthetic_customer_008,cabinet_008,2026-09-08 22:20:00+00:00,0,0,0,0,True,True,False,23.913272194333675,-47.15869506643741,2.975968214382248,4.024004563521143,0.353136324495604,0.0,0.020653713421101876,on,connected,True,synthetic_device_spec_v11
synthetic_customer_008,cabinet_008,2026-09-08 22:30:00+00:00,0,0,0,0,True,True,False,24.016333277677923,-46.73807876054063,3.004867456207448,3.9778450767692255,0.6088528590868014,0.0,0.0,on,connected,True,synthetic_device_spec_v11
synthetic_customer_008,cabinet_008,2026-09-08 22:40:00+00:00,0,0,0,0,True,True,False,23.867153085363665,-48.69779108750053,3.023722228341437,3.9745712205240427,0.7507559325178287,0.0,0.0,on,connected,True,synthetic_device_spec_v11
synthetic_customer_008,cabinet_008,2026-09-08 22:50:00+00:00,0,0,0,0,True,True,False,23.857118222457608,-48.530963015261804,2.9341890075469967,4.166874176570982,0.18336347573756653,0.0,0.004128151147210867,on,connected,True,synthetic_device_spec_v11
synthetic_customer_008,cabinet_008,2026-09-08 23:00:00+00:00,0,0,0,0,True,True,False,24.1767311957298,-47.60450810610614,3.047053455690182,3.9634423215305477,0.0,0.0,0.0,on,connected,True,synthetic_device_spec_v11
synthetic_customer_008,cabinet_008,2026-09-08 23:10:00+00:00,0,0,0,0,True,True,False,23.85694367275253,-49.245587836145525,2.966646125451549,4.018871777368549,0.00059553924502844,0.008537563893287154,0.017439308429200842,on,connected,True,synthetic_device_spec_v11
synthetic_customer_008,cabinet_008,2026-09-08 23:20:00+00:00,0,0,0,0,True,True,False,24.063562777755905,-47.304071109817656,3.01123902336588,4.042346430298693,0.0,0.0,0.0,on,connected,True,synthetic_device_spec_v11
synthetic_customer_008,cabinet_008,2026-09-08 23:30:00+00:00,0,0,0,0,True,True,False,24.012840212868806,-46.40037739939464,3.047718129220019,3.9437931892988853,0.0,0.0,0.04542681053383264,on,connected,True,synthetic_device_spec_v11
synthetic_customer_008,cabinet_008,2026-09-08 23:40:00+00:00,0,0,0,0,True,True,False,23.84920011805258,-46.77829557352095,3.031018912088655,4.079445471885035,0.0,0.00511009614933755,0.0020519511090260727,on,connected,True,synthetic_device_spec_v11
synthetic_customer_008,cabinet_008,2026-09-08 23:50:00+00:00,0,0,0,0,True,True,False,23.85581660094646,-47.370370030539384,3.05698240007252,3.9759151137431097,0.0,0.0,0.0,on,connected,True,synthetic_device_spec_v11
synthetic_customer_008,cabinet_008,2026-09-09 00:00:00+00:00,0,0,0,0,True,True,False,23.945185255720574,-47.40872434287323,3.0278583400791543,4.010151347110384,0.0,0.017955344673380877,0.0,on,connected,True,synthetic_device_spec_v11
