customer_id,device_id,observed_at,pump_running,valve_running,fertilizer_requested,fertilizer_running,dosage_configured,meter_configured,emergency_stop,supply_voltage,rssi,pressure,pump_current,sensor_bus_errors,packet_loss_rate,command_failure_rate,power_state,mqtt_state,online,source
synthetic_customer_003,cabinet_003,2026-09-02 00:10:00+00:00,1,1,1,1,True,True,False,23.970922022979714,-49.390948401110066,3.0232882108788868,3.868973447824562,0.5241463144536181,0.021332064750487056,0.022695278740438276,on,connected,True,synthetic_device_spec_v11
synthetic_customer_003,cabinet_003,2026-09-02 00:20:00+00:00,1,1,1,1,True,True,False,23.85025722039523,-46.99718424340365,2.971190163688702,3.9194560210949128,0.0,0.0,0.011414312103634772,on,connected,True,synthetic_device_spec_v11
synthetic_customer_003,cabinet_003,2026-09-02 00:30:00+00:00,1,1,1,1,True,True,False,23.951236360978516,-48.058809225872736,3.0486244586801,4.033056005944063,0.19543378963336125,0.006228017605341803,0.0,on,connected,True,synthetic_device_spec_v11
synthetic_customer_003,cabinet_003,2026-09-02 00:40:00+00:00,0,0,0,0,True,True,False,24.17309589638624,-47.96593008656577,2.9768562163628927,4.014191847868586,0.04938853062976249,0.011092883684684534,0.0,on,connected,True,synthetic_device_spec_v11
synthetic_customer_003,cabinet_003,2026-09-02 00:50:00+00:00,0,0,0,0,True,True,False,23.902511114745675,-48.080214904658696,3.0152039623968605,3.9480255421125627,0.0,0.0,0.0,on,connected,True,synthetic_device_spec_v11
synthetic_customer_003,cabinet_003,2026-09-02 01:00:00+00:00,0,0,0,0,True,True,False,23.95457708474884,-47.87403468417652,3.032509251963228,3.945096250998454,0.0,0.0,0.0,on,connected,True,synthetic_device_spec_v11
synthetic_customer_003,cabinet_003,2026-09-02 01:10:00+00:00,0,0,0,0,True,True,False,24.194255480569876,-48.41489848489767,3.009489243528729,3.92882149377609,0.12143530586133948,0.0,0.03579468284363479,on,connected,True,synthetic_device_spec_v11
synthetic_customer_003,cabinet_003,2026-09-02 01:20:00+00:00,0,0,0,0,True,True,False,23.621858316804516,-47.44847208134695,3.012382440786061,3.9505723455003605,0.0,0.0,0.0033044487952292026,on,connected,True,synthetic_device_spec_v11
synthetic_customer_003,cabinet_003,2026-09-02 01:30:00+00:00,0,0,0,0,True,True,False,23.899519433683427,-48.99945982678561,2.9789003702232537,3.9460924617486075,0.0,0.012086649726536402,0.00978210320432044,on,connected,True,synthetic_device_spec_v11
synthetic_customer_003,cabinet_003,2026-09-02 01:40:00+00:00,0,0,0,0,True,True,False,23.973378025278766,-46.05842330044375,2.9863479498162926,4.0373843817503605,0.458290086593328,0.008955091473946969,0.0,on,connected,True,synthetic_device_spec_v11
synthetic_customer_003,cabinet_003,2026-09-02 01:50:00+00:00,0,0,0,0,True,True,False,23.76742281398873,-46.32426719413745,2.9910168899109855,3.986923079515754,0.5441022121096443,0.0,0.0,on,connected,True,synthetic_device_spec_v11
synthetic_customer_003,cabinet_003,2026-09-02 02:00:00+00:00,0,0,0,0,True,True,False,24.03673799718788,-47.705108190299285,2.9698042653003793,3.9038790712190643,0.0,0.0,0.0,on,connected,True,synthetic_device_spec_v11
synthetic_customer_003,cabinet_003,2026-09-02 02:10:00+00:00,0,0,0,0,True,True,False,24.009192875476035,-46.790542520817134,2.999203363930435,3.919770866971709,0.0,0.0,0.0,on,connected,True,synthetic_device_spec_v11
synthetic_customer_003,cabinet_003,2026-09-02 02:20:00+00:00,0,0,0,0,True,True,False,24.146558911406597,-47.01947759868912,3.0299109468697822,4.001026927898395,0.0,0.0,0.0,on,connected,True,synthetic_device_spec_v11
synthetic_customer_003,cabinet_003,2026-09-02 02:30:00+00:00,0,0,0,0,True,True,False,24.116133251391282,-47.636037511113045,3.00738485818745,3.919152512505982,0.0,0.0,0.0,on,connected,True,synthetic_device_spec_v11
synthetic_customer_003,cabinet_003,2026-09-02 02:40:00+00:00,0,0,0,0,True,True,False,23.98779245703437,-48.48209365307053,3.038338688352133,3.9244288922522967,0.5665862566280603,0.0,0.008871139586137031,on,connected,True,synthetic_device_spec_v11
synthetic_customer_003,cabinet_003,2026-09-02 02:50:00+00:00,0,0,0,0,True,True,False,23.87284201177191,-49.72922457372622,2.9562224261820824,3.9928963889472437,0.3815789978646737,0.0,0.0,on,connected,True,synthetic_device_spec_v11
synthetic_customer_003,cabinet_003,2026-09-02 03:00:00+00:00,0,0,0,0,True,True,False,23.976542336766936,-47.246834240926155,2.9305535177269033,3.9640961961168784,0.5031756960435022,0.011048965796909806,0.0,on,connected,True,synthetic_device_spec_v11
synthetic_customer_003,cabinet_003,2026-09-02 03:10:00+00:00,0,0,0,0,True,True,False,23.93717021688427,-47.59888939241744,3.0382669580205968,4.023895732914496,0.3106316866506478,0.005557518410043406,0.0,on,connected,True,synthetic_device_spec_v11
synthetic_customer_003,cabinet_003,2026-09-02 03:20:00+00:00,0,0,0,0,True,True,False,23.884722543539013,-48.146799321956735,2.9829183917945157,4.02084032145001,0.0,0.007987510886569966,0.0,on,connected,True,synthetic_device_spec_v11
synthetic_customer_003,cabinet_003,2026-09-02 03:30:00+00:00,0,0,0,0,True,True,False,24.24543413933366,-46.686437715966846,3.031758237284084,4.018287276799872,0.0,0.0,0.0,on,connected,True,synthetic_device_spec_v11
synthetic_customer_003,cabinet_003,2026-09-02 03:40:00+00:00,0,0,0,0,True,True,False,23.917893315454247,-47.36276186197849,2.983896817553626,4.0048717569691705,0.0,0.016603592136768645,0.0020300390608393635,on,connected,True,synthetic_device_spec_v11
synthetic_customer_003,cabinet_003,2026-09-02 03:50:00+00:00,0,0,0,0,True,True,False,23.9346986661787,-47.157465015713434,3.012535192388741,3.903684308632599,0.0,0.0,0.0,on,connected,True,synthetic_device_spec_v11
synthetic_customer_003,cabinet_003,2026-09-02 04:00:00+00:00,0,0,0,0,True,True,False,24.03257345293691,-48.72046309117608,3.0632599052138647,4.00777549901316,0.0,0.0,0.014849187378194075,on,connected,True,synthetic_device_spec_v11
synthetic_customer_003,cabinet_003,2026-09-02 04:10:00+00:00,0,0,0,0,True,True,False,24.16210240625198,-48.405861718475656,3.0294181914982787,4.001460351889905,0.25137882512333243,0.005785854366488834,0.0,on,connected,True,synthetic_device_spec_v11
synthetic_customer_003,cabinet_003,2026-09-02 04:20:00+00:00,0,0,0,0,True,True,False,24.1655639511286,-47.18001188205654,2.9534287017766303,3.926311926418286,0.0,0.0052717870606579075,0.0,on,connected,True,synthetic_device_spec_v11
synthetic_customer_003,cabinet_003,2026-09-02 04:30:00+00:00,0,0,0,0,True,True,False,23.963255911695597,-47.90974744670769,3.006932373825538,4.016108401388716,0.02183277541545249,0.04429522218286047,0.017914613569594968,on,connected,True,synthetic_device_spec_v11
synthetic_customer_003,cabinet_003,2026-09-02 04:40:00+00:00,0,0,0,0,True,True,False,24.036735130325805,-49.36243960517437,3.008603967838066,4.020842829412653,0.0,0.0,0.002879417072559599,on,connected,True,synthetic_device_spec_v11
synthetic_customer_003,cabinet_003,2026-09-02 04:50:00+00:00,0,0,0,0,True,True,False,24.126085324961238,-48.31412085779549,3.0109264692088797,3.9821502412591334,0.4747680385830709,0.029908918119750418,0.0,on,connected,True,synthetic_device_spec_v11
synthetic_customer_003,cabinet_003,2026-09-02 05:00:00+00:00,0,0,0,0,True,True,False,24.01264183496814,-48.9848249200778,2.9678278248071415,3.972293173931267,0.0,0.0,0.0,on,connected,True,synthetic_device_spec_v11
synthetic_customer_003,cabinet_003,2026-09-02 05:10:00+00:00,0,0,0,0,True,True,False,24.024123018536397,-50.06367754476622,2.9916240695343497,4.026293275022737,0.2881362505959451,0.0003532980056688613,0.0,on,connected,True,synthetic_device_spec_v11
synthetic_customer_003,cabinet_003,2026-09-02 05:20:00+00:00,0,0,0,0,True,True,False,23.898439721689765,-48.52466109531167,2.9899805916500264,3.98603236966195,0.0,0.027376158461263435,0.0,on,connected,True,synthetic_device_spec_v11
synthetic_customer_003,cabinet_003,2026-09-02 05:30:00+00:00,0,0,0,0,True,True,False,24.001070677958186,-47.93469376699032,2.9404318914752796,4.050195433206266,0.5297931745855201,0.013876316300307948,0.0,on,connected,True,synthetic_device_spec_v11
synthetic_customer_003,cabinet_003,2026-09-02 05:40:00+00:00,0,0,0,0,True,True,False,23.961402911301764,-48.80455396191101,2.8892108180437273,3.9906408983383623,0.0,0.0,0.0,on,connected,True,synthetic_device_spec_v11
synthetic_customer_003,cabinet_003,2026-09-02 05:50:00+00:00,0,0,0,0,True,True,False,24.073976539993275,-49.09849682665041,2.824241252473255,3.9179766463889574,0.0,0.009843907683406511,0.003731406600211236,on,connected,True,synthetic_device_spec_v11
synthetic_customer_003,cabinet_003,2026-09-02 06:00:00+00:00,0,0,0,0,True,True,False,23.939811125575584,-48.891041179088695,2.7825955753767553,4.071820143868258,0.0,0.00918246325560444,0.010380916331391545,on,connected,True,synthetic_device_spec_v11
synthetic_customer_003,cabinet_003,2026-09-02 06:10:00+00:00,1,1,1,1,True,True,False,24.219462093813487,-49.67325251980034,2.7729657763201887,4.07730193092862,0.0,0.0,0.0026990938144383775,on,connected,True,synthetic_device_spec_v11
synthetic_customer_003,cabinet_003,2026-09-02 06:20:00+00:00,1,1,1,1,True,True,False,23.80955322443031,-46.50265315248838,2.6760765385428296,4.052023430831893,0.6562335144113758,0.0,0.0,on,connected,True,synthetic_device_spec_v11
synthetic_customer_003,cabinet_003,2026-09-02 06:30:00+00:00,1,1,1,1,True,True,False,23.514684762907635,-48.72976520754512,2.6127672170738157,4.019376355680241,0.0,0.005231882562937722,0.015339415133709776,on,connected,True,synthetic_device_spec_v11
synthetic_customer_003,cabinet_003,2026-09-02 06:40:00+00:00,0,0,0,0,True,True,False,23.343832249603466,-48.960197112109405,2.6239368955458326,3.921250941053834,0.0,0.0,0.0,on,connected,True,synthetic_device_spec_v11
synthetic_customer_003,cabinet_003,2026-09-02 06:50:00+00:00,0,0,0,0,True,True,False,22.781844707517145,-48.91319085466126,2.5502447881363186,4.037312165035909,0.0,0.0,0.009247828267065753,on,connected,True,synthetic_device_spec_v11
synthetic_customer_003,cabinet_003,2026-09-02 07:00:00+00:00,0,0,0,0,True,True,False,22.698174104277523,-48.50847274051101,2.6066773859900305,3.9635733615431517,0.0,0.011623622139129187,0.06399542252327947,on,connected,True,synthetic_device_spec_v11
synthetic_customer_003,cabinet_003,2026-09-02 07:10:00+00:00,0,0,0,0,True,True,False,22.562946622203356,-49.15911557120656,2.429762345950193,3.976013169434428,0.0,0.03187023209034905,0.0,on,connected,True,synthetic_device_spec_v11
synthetic_customer_003,cabinet_003,2026-09-02 07:20:00+00:00,0,0,0,0,True,True,False,22.36925367765119,-49.234429426749394,2.4761493035363533,3.9921988892450715,1.4039090284930626,0.07076074563597072,0.0,on,connected,True,synthetic_device_spec_v11
synthetic_customer_003,cabinet_003,2026-09-02 07:30:00+00:00,0,0,0,0,True,True,False,22.081279168700103,-49.65561511966248,2.426845860979043,4.008565497789577,0.4344651081465311,0.01634879871743743,0.0,on,connected,True,synthetic_device_spec_v11
synthetic_customer_003,cabinet_003,2026-09-02 07:40:00+00:00,0,0,0,0,True,True,False,21.74355937707869,-49.03374753853084,2.373062889403597,3.9849894079081225,0.02693061167966113,0.0,0.012549873705150053,on,connected,True,synthetic_device_spec_v11
synthetic_customer_003,cabinet_003,2026-09-02 07:50:00+00:00,0,0,0,0,True,True,False,21.499939215179626,-45.79141489609164,2.2077732431918173,3.983971742583329,0.0,0.0026107855699830963,0.00880884612115636,on,connected,True,synthetic_device_spec_v11
synthetic_customer_003,cabinet_003,2026-09-02 08:00:00+00:00,0,0,0,0,True,True,False,21.134721978750736,-48.353620215860246,1.9894689752158043,4.021352986857546,0.3045021625251415,0.0,0.01894730193186459,on,connected,True,synthetic_device_spec_v11
synthetic_customer_003,cabinet_003,2026-09-02 08:10:00+00:00,0,0,0,0,True,True,False,20.881931594339335,-46.9597238637404,1.8141205624633168,3.982630157552948,0.0,0.0,0.011097982384985217,on,connected,True,synthetic_device_spec_v11
synthetic_customer_003,cabinet_003,2026-09-02 08:20:00+00:00,0,0,0,0,True,True,False,20.768712732873865,-49.55806091067455,1.8127481984779534,3.9093946091206364,0.0,0.0,0.0,on,connected,True,synthetic_device_spec_v11
synthetic_customer_003,cabinet_003,2026-09-02 08:30:00+00:00,0,0,0,0,True,True,False,20.44652616339803,-48.64477382278743,1.663474318941825,4.000802649976907,0.0,0.0,2.023513514718191e-05,on,connected,True,synthetic_device_spec_v11
synthetic_customer_003,cabinet_003,2026-09-02 08:40:00+00:00,0,0,0,0,True,True,False,20.004015948449133,-47.611629836950726,1.5531428349065866,4.0605599460527015,0.0,0.0,0.0,on,connected,True,synthetic_device_spec_v11
synthetic_customer_003,cabinet_003,2026-09-02 08:50:00+00:00,0,0,0,0,True,True,False,19.944519394605923,-47.68270659187983,1.435115825219205,4.0263494402980475,1.5078716041957931,0.0,0.008996249197293452,on,connected,True,synthetic_device_spec_v11
synthetic_customer_003,cabinet_003,2026-09-02 09:00:00+00:00,0,0,0,0,True,True,False,19.46421905403971,-48.37825441236479,2.136981540490227,4.0583108889448445,4.675625943697228,0.006001164560309951,0.01787332390266272,on,connected,True,synthetic_device_spec_v11
synthetic_customer_003,cabinet_003,2026-09-02 09:10:00+00:00,0,0,0,0,True,True,False,19.404106990554258,-49.088069002999646,1.9475199229289284,4.071072061453045,7.101054868497512,0.03295811819105562,0.017250149753950568,on,connected,True,synthetic_device_spec_v11
synthetic_customer_003,cabinet_003,2026-09-02 09:20:00+00:00,0,0,0,0,True,True,False,19.081393941321718,-46.95328608755089,1.9139690854553457,3.983181705136275,8.819811405231702,0.0,0.02491115453243483,on,connected,True,synthetic_device_spec_v11
synthetic_customer_003,cabinet_003,2026-09-02 09:30:00+00:00,0,0,0,0,True,True,False,19.001681921125677,-48.31150311093982,1.8083313954992493,4.028097864829388,12.328664703480792,0.0,0.00682206630443373,on,connected,True,synthetic_device_spec_v11
synthetic_customer_003,cabinet_003,2026-09-02 09:40:00+00:00,0,0,0,0,True,True,False,18.74210764294478,-47.50159954236931,1.6874347501864047,4.040293290575421,14.94488641151458,0.022247327827189172,0.029921393480841208,on,connected,True,synthetic_device_spec_v11
synthetic_customer_003,cabinet_003,2026-09-02 11:10:00+00:00,0,0,0,0,True,True,False,23.809339242700624,-52.06163972179428,0.9311660779703893,5.19541610810147,24.455210819103936,0.08567066035191984,0.18365918811767742,on,connected,True,synthetic_device_spec_v11
synthetic_customer_003,cabinet_003,2026-09-02 11:20:00+00:00,0,0,0,0,True,True,False,24.22593041946709,-51.564750170769095,1.0146385807416312,5.393130189685664,24.560441300519898,0.09541644889234267,0.15529245833268038,on,connected,True,synthetic_device_spec_v11
synthetic_customer_003,cabinet_003,2026-09-02 11:30:00+00:00,0,0,0,0,True,True,False,23.814892873303293,-54.31383573718332,0.9728649039840205,5.505515249781598,24.485605739552273,0.08679871069359381,0.1655037400926093,on,connected,True,synthetic_device_spec_v11
synthetic_customer_003,cabinet_003,2026-09-02 11:40:00+00:00,0,0,0,0,True,True,False,23.844124417504336,-54.73434895239529,1.066440527941423,5.679766240837012,0.0,0.18065865628308314,0.2396421949981779,on,connected,True,synthetic_device_spec_v11
synthetic_customer_003,cabinet_003,2026-09-02 11:50:00+00:00,0,0,0,0,True,True,False,23.873185464141574,-57.17334071186658,0.9290575374755001,5.749478525664293,0.22638782491434112,0.16734205108975514,0.21712058413084392,on,connected,True,synthetic_device_spec_v11
synthetic_customer_003,cabinet_003,2026-09-02 12:00:00+00:00,0,0,0,0,True,True,False,24.014043943602715,-59.18146330173469,1.056042850792095,5.876721721215384,0.0,0.23722218206952564,0.25870292487171875,on,connected,True,synthetic_device_spec_v11
synthetic_customer_003,cabinet_003,2026-09-02 12:10:00+00:00,1,1,1,1,True,True,False,24.08731931004185,-62.85341574456059,2.987544480154433,6.1045066322516455,0.0,0.24911570656034066,0.3066683402133195,on,connected,True,synthetic_device_spec_v11
synthetic_customer_003,cabinet_003,2026-09-02 12:20:00+00:00,1,1,1,1,True,True,False,24.12066511205865,-62.55772582540935,3.05387827407421,6.2169528405795305,0.3167238803147233,0.3135627663146654,0.30395640239770844,on,connected,True,synthetic_device_spec_v11
synthetic_customer_003,cabinet_003,2026-09-02 12:30:00+00:00,1,1,1,1,True,True,False,23.955542102329755,-66.14551487403952,3.0326007603467175,6.41799356318707,0.7052365391624722,0.30140800138128077,0.33510120917057756,on,connected,True,synthetic_device_spec_v11
synthetic_customer_003,cabinet_003,2026-09-02 12:40:00+00:00,0,0,0,0,True,True,False,23.87959335763205,-66.85636130536165,3.022319511959183,6.610360885498232,0.35189963436852006,0.3297760205485262,0.3287442914023956,on,connected,True,synthetic_device_spec_v11
synthetic_customer_003,cabinet_003,2026-09-02 12:50:00+00:00,0,0,0,0,True,True,False,24.019816898250905,-69.15699750673089,3.0013388875138904,6.67358324695855,0.6753659070501274,0.3902928391379295,0.36454033206751946,on,connected,True,synthetic_device_spec_v11
synthetic_customer_003,cabinet_003,2026-09-02 13:00:00+00:00,0,0,0,0,True,True,False,24.019165454214207,-71.86870997744727,2.9586804190677456,6.898347684511355,0.22655594817404778,0.4528940096909195,0.36464674820135023,on,connected,True,synthetic_device_spec_v11
synthetic_customer_003,cabinet_003,2026-09-02 13:10:00+00:00,0,0,0,0,True,True,False,24.26640066962223,-74.864425438741,3.056534270275459,6.94227763930198,0.0,0.46314751953163047,0.41010655831969767,on,connected,True,synthetic_device_spec_v11
synthetic_customer_003,cabinet_003,2026-09-02 13:20:00+00:00,0,0,0,0,True,True,False,23.84473133006546,-76.54775576959146,3.0643754447640688,7.013641248341207,0.0669329384879459,0.48265788364662354,0.42960228490450186,on,connected,True,synthetic_device_spec_v11
synthetic_customer_003,cabinet_003,2026-09-02 13:30:00+00:00,0,0,0,0,True,True,False,23.786889127744082,-77.3183328047609,2.9773949649945597,6.889945204479864,0.033578170069622354,0.5355185477286909,0.435968138034444,on,connected,True,synthetic_device_spec_v11
synthetic_customer_003,cabinet_003,2026-09-02 13:40:00+00:00,0,0,0,0,True,True,False,24.005014364788792,-79.45602352521105,2.9825858430395007,7.028818304977129,0.8644111081850293,0.5992441040639437,0.38434002909062237,on,connected,True,synthetic_device_spec_v11
synthetic_customer_003,cabinet_003,2026-09-02 13:50:00+00:00,0,0,0,0,True,True,False,23.99661840273578,-82.27071921208952,3.055720928388031,6.95459119284796,0.6961480273318986,0.6166683370273093,0.3890801615502661,on,connected,True,synthetic_device_spec_v11
synthetic_customer_003,cabinet_003,2026-09-02 14:00:00+00:00,0,0,0,0,True,True,False,23.973769497524252,-83.75138143681669,2.9701084628157304,7.147033575244808,0.08421467439234435,0.6681064157844414,0.40164777127071855,on,connected,True,synthetic_device_spec_v11
synthetic_customer_003,cabinet_003,2026-09-02 15:20:00+00:00,0,0,0,0,True,True,False,24.123414464890804,-47.65585904813719,3.0137168369288787,4.058328200212537,0.4093915061683453,0.0,0.01283492079954984,on,connected,True,synthetic_device_spec_v11
synthetic_customer_003,cabinet_003,2026-09-02 15:30:00+00:00,0,0,0,0,True,True,False,23.94162434840491,-50.35058772965568,2.9892506288251814,4.0096297488794415,0.35465042181062756,0.01937307270888798,0.0,on,connected,True,synthetic_device_spec_v11
synthetic_customer_003,cabinet_003,2026-09-02 15:40:00+00:00,0,0,0,0,True,True,False,23.983662638309912,-48.058209913190126,3.0263842096836977,4.029964211016688,0.0,0.04415948706292447,0.035757458694886494,on,connected,True,synthetic_device_spec_v11
synthetic_customer_003,cabinet_003,2026-09-02 15:50:00+00:00,0,0,0,0,True,True,False,23.920100287493888,-49.37913083864199,2.9819584110382054,3.882846225390307,0.0,0.004027098866030696,0.007206305913557273,on,connected,True,synthetic_device_spec_v11
synthetic_customer_003,cabinet_003,2026-09-02 16:00:00+00:00,0,0,0,0,True,True,False,24.108420962220332,-46.54118248314652,2.9918054850892686,4.008889688287924,0.36763103728620056,0.0,0.0,on,connected,True,synthetic_device_spec_v11
synthetic_customer_003,cabinet_003,2026-09-02 16:10:00+00:00,0,0,0,0,True,True,False,23.886966498167208,-48.24417663429323,3.020572423897414,3.976715602221365,0.6163927320945696,0.020769039117624614,0.0,on,connected,True,synthetic_device_spec_v11
synthetic_customer_003,cabinet_003,2026-09-02 16:20:00+00:00,0,0,0,0,True,True,False,23.647643244155635,-47.4755143616711,2.9584844972704807,3.8281572470369074,0.3753066244410412,0.0,0.012753411980068895,on,connected,True,synthetic_device_spec_v11
synthetic_customer_003,cabinet_003,2026-09-02 16:30:00+00:00,0,0,0,0,True,True,False,24.094054500467692,-50.79712752162087,2.9959939774539133,4.001468858754473,0.0,0.0,0.008427718456805617,on,connected,True,synthetic_device_spec_v11
synthetic_customer_003,cabinet_003,2026-09-02 16:40:00+00:00,0,0,0,0,True,True,False,23.951192285182,-47.770933814862545,2.962693526090975,3.954664865570785,0.0,0.0,0.0,on,connected,True,synthetic_device_spec_v11
synthetic_customer_003,cabinet_003,2026-09-02 16:50:00+00:00,0,0,0,0,True,True,False,23.987868844756242,-48.87787916924158,2.9535265415169567,3.9673103774840404,0.0,0.0384218990848843,0.001132667111673952,on,connected,True,synthetic_device_spec_v11
synthetic_customer_003,cabinet_003,2026-09-02 17:00:00+00:00,0,0,0,0,True,True,False,24.16213362743939,-47.777056905148754,3.0026483611431485,4.028803453513481,0.17294644765145187,0.0,0.01343620261010303,on,connected,True,synthetic_device_spec_v11
synthetic_customer_003,cabinet_003,2026-09-02 17:10:00+00:00,0,0,0,0,True,True,False,23.984749716477484,-48.90449821987881,3.0326783055320283,4.034951548891937,0.0,0.06343165626045155,0.02440087213836386,on,connected,True,synthetic_device_spec_v11
synthetic_customer_003,cabinet_003,2026-09-02 17:20:00+00:00,0,0,0,0,True,True,False,24.237105598076223,-49.06850841610358,3.002743715745815,3.953296221189681,0.25553092504398933,0.0,0.0,on,connected,True,synthetic_device_spec_v11
synthetic_customer_003,cabinet_003,2026-09-02 17:30:00+00:00,0,0,0,0,True,True,False,23.98321559104511,-48.80702346321092,3.0857085759876504,4.02047873209455,0.0,0.0,0.0,on,connected,True,synthetic_device_spec_v11
synthetic_customer_003,cabinet_003,2026-09-02 17:40:00+00:00,0,0,0,0,True,True,False,24.061244898566027,-48.16076900178725,2.9725363276024663,3.98335796388524,0.0,0.04682940115163174,0.019472257084442363,on,connected,True,synthetic_device_spec_v11
synthetic_customer_003,cabinet_003,2026-09-02 17:50:00+00:00,0,0,0,0,True,True,False,23.82435249466138,-47.94587026878882,2.911907983776533,4.01829881833371,0.0,0.003492082783547993,6.0027274876604205e-05,on,connected,True,synthetic_device_spec_v11
synthetic_customer_003,cabinet_003,2026-09-02 18:00:00+00:00,0,0,0,0,True,True,False,24.190972580563315,-46.57513564198728,2.972215962404489,3.9997157562794947,0.5144018208458457,0.0,0.036171480463919665,on,connected,True,synthetic_device_spec_v11
synthetic_customer_003,cabinet_003,2026-09-02 18:10:00+00:00,1,1,1,1,True,True,False,24.025777505194874,-48.69537272954403,2.9935754915796564,3.93617660154445,0.0,0.0,0.0,on,connected,True,synthetic_device_spec_v11
synthetic_customer_003,cabinet_003,2026-09-02 18:20:00+00:00,1,1,1,1,True,True,False,24.07139829855993,-48.62718977669357,3.0079769997840002,3.950092274250888,0.0,0.012556856091777029,0.0,on,connected,True,synthetic_device_spec_v11
synthetic_customer_003,cabinet_003,2026-09-02 18:30:00+00:00,1,1,1,1,True,True,False,24.019296301717375,-47.29051863873637,2.9603071171286084,4.0068895889205605,0.6285536795808735,0.007826015211553287,0.024514376496327726,on,connected,True,synthetic_device_spec_v11
synthetic_customer_003,cabinet_003,2026-09-02 18:40:00+00:00,0,0,0,0,True,True,False,24.045466026750965,-48.046832964088374,3.0288083381311948,3.954513536707068,0.30298542461222233,0.0,0.01719267539839008,on,connected,True,synthetic_device_spec_v11
synthetic_customer_003,cabinet_003,2026-09-02 18:50:00+00:00,0,0,0,0,True,True,False,24.07898982392455,-48.07699439228706,3.012049419507881,4.0381727862998575,0.0,0.0,0.0,on,connected,True,synthetic_device_spec_v11
synthetic_customer_003,cabinet_003,2026-09-02 19:00:00+00:00,0,0,0,0,True,True,False,23.833705677375278,-46.756306718272654,3.0091923882101757,3.90419074422125,0.5401446748152336,0.0,0.008923111793101745,on,connected,True,synthetic_device_spec_v11
synthetic_customer_003,cabinet_003,2026-09-02 19:10:00+00:00,0,0,0,0,True,True,False,24.213182494581524,-45.20191820231279,2.9640977839079423,4.031729680539032,0.6541011922397564,0.015704717471525315,0.004019968805879681,on,connected,True,synthetic_device_spec_v11
synthetic_customer_003,cabinet_003,2026-09-02 19:20:00+00:00,0,0,0,0,True,True,False,24.172087806258393,-48.90893672182139,3.009157620231363,3.9933633935454154,0.1778718239083236,0.018923726441606566,0.0,on,connected,True,synthetic_device_spec_v11
synthetic_customer_003,cabinet_003,2026-09-02 19:30:00+00:00,0,0,0,0,True,True,False,24.281664750894784,-48.8684151278737,2.9481645758051416,4.0731151163875365,0.08565778285672886,0.0010145045103262965,0.0,on,connected,True,synthetic_device_spec_v11
synthetic_customer_003,cabinet_003,2026-09-02 19:40:00+00:00,0,0,0,0,True,True,False,23.98358726994161,-46.960246846881255,2.9202636228772563,3.930084349577359,0.0,0.012399125222970884,0.0,on,connected,True,synthetic_device_spec_v11
synthetic_customer_003,cabinet_003,2026-09-02 19:50:00+00:00,0,0,0,0,True,True,False,24.027529512580447,-49.89482279070935,2.981866507884297,4.053009566045096,0.0,0.025975781885497234,0.0,on,connected,True,synthetic_device_spec_v11
synthetic_customer_003,cabinet_003,2026-09-02 20:00:00+00:00,0,0,0,0,True,True,False,24.02407071648133,-46.65346006494822,2.9954104491154916,3.961665853152418,0.052461062153016186,0.008233632357837991,0.00804565648110601,on,connected,True,synthetic_device_spec_v11
synthetic_customer_003,cabinet_003,2026-09-02 20:10:00+00:00,0,0,0,0,True,True,False,24.056096181069748,-46.6401943613336,3.0459880827346844,4.030530147675954,0.0,0.0,0.0026868013584871635,on,connected,True,synthetic_device_spec_v11
synthetic_customer_003,cabinet_003,2026-09-02 20:20:00+00:00,0,0,0,0,True,True,False,23.918429565902375,-47.58383403220219,3.0039980063960203,4.06771444822057,0.4292409807767992,0.00012572163582182062,0.0,on,connected,True,synthetic_device_spec_v11
synthetic_customer_003,cabinet_003,2026-09-02 20:30:00+00:00,0,0,0,0,True,True,False,24.004541294868318,-47.67101947709101,3.0616112958791537,4.025986684034948,0.042751356052128604,0.0,0.008344985300072667,on,connected,True,synthetic_device_spec_v11
synthetic_customer_003,cabinet_003,2026-09-02 20:40:00+00:00,0,0,0,0,True,True,False,23.969883265013735,-46.91377346049289,3.022559655662909,3.95081101799167,0.0,0.0,0.0,on,connected,True,synthetic_device_spec_v11
synthetic_customer_003,cabinet_003,2026-09-02 20:50:00+00:00,0,0,0,0,True,True,False,24.087999201208977,-48.07751681859904,3.0522330217396014,3.942470658287251,0.018248932812078945,0.031634331849970804,0.019985038896844394,on,connected,True,synthetic_device_spec_v11
synthetic_customer_003,cabinet_003,2026-09-02 21:00:00+00:00,0,0,0,0,True,True,False,23.91233373574407,-47.44110737609023,2.9520207976502655,4.0268298252910055,0.1647657452633746,0.0,0.0,on,connected,True,synthetic_device_spec_v11
synthetic_customer_003,cabinet_003,2026-09-02 21:10:00+00:00,0,0,0,0,True,True,False,24.003752246600452,-48.72734019289196,3.0249587751510587,4.0767953416094835,0.0,0.0,0.0,on,connected,True,synthetic_device_spec_v11
synthetic_customer_003,cabinet_003,2026-09-02 21:20:00+00:00,0,0,0,0,True,True,False,24.29456956574281,-48.4063899132577,3.0257338367131887,4.013850529120344,0.2868929119088709,0.006660977961830703,0.00795909241434652,on,connected,True,synthetic_device_spec_v11
synthetic_customer_003,cabinet_003,2026-09-02 21:30:00+00:00,0,0,0,0,True,True,False,23.981407111008004,-48.804385101756445,3.01062300618606,3.9807139409145953,0.0,0.0,0.013708306868320572,on,connected,True,synthetic_device_spec_v11
synthetic_customer_003,cabinet_003,2026-09-02 21:40:00+00:00,0,0,0,0,True,True,False,24.0221152829458,-50.72245471053678,3.0712451216800574,4.042169922860283,0.06697868422023982,0.017028657421524557,0.011503960025373693,on,connected,True,synthetic_device_spec_v11
synthetic_customer_003,cabinet_003,2026-09-02 21:50:00+00:00,0,0,0,0,True,True,False,23.821964685361184,-46.28476896925243,2.964109461156357,4.059174317727718,0.18577271282436383,0.012235654918954857,0.0,on,connected,True,synthetic_device_spec_v11
synthetic_customer_003,cabinet_003,2026-09-02 22:00:00+00:00,0,0,0,0,True,True,False,23.98395259972084,-49.1214544305961,2.964422509433402,4.0085418002630435,0.0,0.00998163613039268,0.0,on,connected,True,synthetic_device_spec_v11
synthetic_customer_003,cabinet_003,2026-09-02 22:10:00+00:00,0,0,0,0,True,True,False,23.840127749559166,-48.1760173001477,3.02315407351699,4.010018242083842,0.3920528446823444,0.005732068553647887,0.0,on,connected,True,synthetic_device_spec_v11
synthetic_customer_003,cabinet_003,2026-09-02 22:20:00+00:00,0,0,0,0,True,True,False,23.891304530124042,-48.47404876824278,2.9852623952870267,3.985598364673719,0.24015494506407364,0.0,0.0,on,connected,True,synthetic_device_spec_v11
synthetic_customer_003,cabinet_003,2026-09-02 22:30:00+00:00,0,0,0,0,True,True,False,24.20129916892876,-48.19185727771942,3.0214130394172876,4.087088963481925,0.0,0.0,0.04183110570952499,on,connected,True,synthetic_device_spec_v11
synthetic_customer_003,cabinet_003,2026-09-02 22:40:00+00:00,0,0,0,0,True,True,False,24.139717637580475,-45.71807347920791,2.9951758118347054,3.960457816924331,0.0,0.019062904608480008,0.002321745521143032,on,connected,True,synthetic_device_spec_v11
synthetic_customer_003,cabinet_003,2026-09-02 22:50:00+00:00,0,0,0,0,True,True,False,23.789689168040226,-47.873875350313405,3.056890456895702,3.9944729770165317,0.6698123480646766,0.0,0.013588504840360994,on,connected,True,synthetic_device_spec_v11
synthetic_customer_003,cabinet_003,2026-09-02 23:00:00+00:00,0,0,0,0,True,True,False,23.872748163230966,-47.38307597618758,2.9434639066168042,4.0116840489431995,0.0,0.0,0.0,on,connected,True,synthetic_device_spec_v11
synthetic_customer_003,cabinet_003,2026-09-02 23:10:00+00:00,0,0,0,0,True,True,False,24.07724410896873,-48.3912201563768,3.063038751579432,4.010810534601791,0.32950797577499863,0.0,0.03118832886590781,on,connected,True,synthetic_device_spec_v11
synthetic_customer_003,cabinet_003,2026-09-02 23:20:00+00:00,0,0,0,0,True,True,False,24.106529770429432,-49.45314520765831,3.017265803193913,4.023054974502812,0.4328351588275681,0.0073577655734507405,0.02559641618620342,on,connected,True,synthetic_device_spec_v11
synthetic_customer_003,cabinet_003,2026-09-02 23:30:00+00:00,0,0,0,0,True,True,False,23.99324931031096,-47.40695694759352,2.9143568162710936,4.034326997447455,0.606756856651516,0.0,0.0031736114661908886,on,connected,True,synthetic_device_spec_v11
synthetic_customer_003,cabinet_003,2026-09-02 23:40:00+00:00,0,0,0,0,True,True,False,24.111031766887162,-47.926178713991305,3.017041561192455,3.876035837180647,0.13493936058326014,0.0,0.0,on,connected,True,synthetic_device_spec_v11
synthetic_customer_003,cabinet_003,2026-09-02 23:50:00+00:00,0,0,0,0,True,True,False,23.791958052571456,-46.76922993215161,2.9879319532916444,3.9377436861391035,0.0,0.0,0.0,on,connected,True,synthetic_device_spec_v11
synthetic_customer_003,cabinet_003,2026-09-03 00:00:00+00:00,0,0,0,0,True,True,False,24.016842566683003,-47.59610821357733,2.975784974443425,3.99582443353976,0.4111264937728539,0.0,0.03303972386745718,on,connected,True,synthetic_device_spec_v11
synthetic_customer_003,cabinet_003,2026-09-03 00:10:00+00:00,1,1,1,1,True,True,False,24.056314423052562,-46.84729717709147,2.9288572896303497,3.9569459946851806,0.0,0.0,0.0,on,connected,True,synthetic_device_spec_v11
synthetic_customer_003,cabinet_003,2026-09-03 00:20:00+00:00,1,1,1,1,True,True,False,24.106969086203126,-49.73493291259322,2.992424304892877,3.919948062423979,0.22109562189037094,0.035801161081284685,0.0,on,connected,True,synthetic_device_spec_v11
synthetic_customer_003,cabinet_003,2026-09-03 00:30:00+00:00,1,1,1,1,True,True,False,24.011107981265088,-49.9282614217972,3.006288711073339,3.9113097129318035,0.16370525445279438,0.030156554390587755,0.0,on,connected,True,synthetic_device_spec_v11
synthetic_customer_003,cabinet_003,2026-09-03 00:40:00+00:00,0,0,0,0,True,True,False,24.13583108362385,-47.391282383348894,2.927792345132427,3.994458191360678,0.01784961367217217,0.0,0.0027711490845886613,on,connected,True,synthetic_device_spec_v11
synthetic_customer_003,cabinet_003,2026-09-03 00:50:00+00:00,0,0,0,0,True,True,False,23.922172212537458,-47.68851520561186,3.021094588313947,3.9892876549999476,0.0,0.014756867579432245,0.0,on,connected,True,synthetic_device_spec_v11
synthetic_customer_003,cabinet_003,2026-09-03 01:00:00+00:00,0,0,0,0,True,True,False,24.177928140925026,-50.65858814404138,3.0418387128287274,4.06014800032821,0.8342746310053142,0.025726353788505976,0.026339815622363153,on,connected,True,synthetic_device_spec_v11
synthetic_customer_003,cabinet_003,2026-09-03 01:10:00+00:00,0,0,0,0,True,True,False,23.789036538983332,-48.234068342872824,3.035540422214436,3.9399972941088977,0.19795832770259356,0.0,0.0,on,connected,True,synthetic_device_spec_v11
synthetic_customer_003,cabinet_003,2026-09-03 01:20:00+00:00,0,0,0,0,True,True,False,23.728925674325023,-48.384349820911936,2.948129019564893,3.9555673010089056,0.0,0.025658762144707966,0.016275837371276556,on,connected,True,synthetic_device_spec_v11
synthetic_customer_003,cabinet_003,2026-09-03 01:30:00+00:00,0,0,0,0,True,True,False,24.02906883801219,-48.77171947026819,2.97819006216597,3.9161188088334002,0.11580248740265436,0.0,0.0,on,connected,True,synthetic_device_spec_v11
synthetic_customer_003,cabinet_003,2026-09-03 01:40:00+00:00,0,0,0,0,True,True,False,24.071579934093776,-48.05339308476345,2.9413548003522005,4.024544760779128,0.0,0.0,0.0,on,connected,True,synthetic_device_spec_v11
synthetic_customer_003,cabinet_003,2026-09-03 01:50:00+00:00,0,0,0,0,True,True,False,23.864760951504127,-48.050951882075765,3.0444301650510086,3.9123785327997838,0.0,0.0,0.00969446518452102,on,connected,True,synthetic_device_spec_v11
synthetic_customer_003,cabinet_003,2026-09-03 02:00:00+00:00,0,0,0,0,True,True,False,23.71100801685649,-47.6866558498113,2.9413313997922637,3.9573997644936414,0.0,0.004285147545670695,0.0,on,connected,True,synthetic_device_spec_v11
synthetic_customer_003,cabinet_003,2026-09-03 02:10:00+00:00,0,0,0,0,True,True,False,23.79575423156421,-47.067984339628595,3.0466016463625185,3.967641277875562,0.5538823481527085,0.005327641494793399,0.0024608455311547804,on,connected,True,synthetic_device_spec_v11
synthetic_customer_003,cabinet_003,2026-09-03 02:20:00+00:00,0,0,0,0,True,True,False,24.200236746891893,-48.285348914754074,2.9952472576959615,4.066581761231589,0.5408669547113291,0.0,0.006655118288218612,on,connected,True,synthetic_device_spec_v11
synthetic_customer_003,cabinet_003,2026-09-03 02:30:00+00:00,0,0,0,0,True,True,False,23.982582927915907,-47.64495353750486,3.003442655920002,4.004972694719645,1.1241523792394381,0.022634050272110337,0.0,on,connected,True,synthetic_device_spec_v11
synthetic_customer_003,cabinet_003,2026-09-03 02:40:00+00:00,0,0,0,0,True,True,False,23.765539137411483,-47.275292270919,3.014801220992573,3.9988093098352384,0.0,0.0051847425944271785,0.0,on,connected,True,synthetic_device_spec_v11
synthetic_customer_003,cabinet_003,2026-09-03 02:50:00+00:00,0,0,0,0,True,True,False,24.084899979792517,-46.88411743382553,2.9293174494174474,3.9572786676977505,0.0,0.030523117075940923,0.0,on,connected,True,synthetic_device_spec_v11
synthetic_customer_003,cabinet_003,2026-09-03 03:00:00+00:00,0,0,0,0,True,True,False,23.948665233044537,-46.27489380067115,2.9890750558237125,4.077352530595174,0.06560899151092908,0.04708725635456712,0.01879669410933021,on,connected,True,synthetic_device_spec_v11
synthetic_customer_003,cabinet_003,2026-09-03 03:10:00+00:00,0,0,0,0,True,True,False,23.99526273864763,-47.210951050466676,3.0622564004932133,3.9308867823691056,0.3567505247269567,0.0039543454973217556,0.0,on,connected,True,synthetic_device_spec_v11
synthetic_customer_003,cabinet_003,2026-09-03 03:20:00+00:00,0,0,0,0,True,True,False,23.827324551692346,-45.957841119439955,2.92144935387737,3.948108339652789,0.0,0.03818433964184015,0.0,on,connected,True,synthetic_device_spec_v11
synthetic_customer_003,cabinet_003,2026-09-03 03:30:00+00:00,0,0,0,0,True,True,False,23.916475285892467,-48.79672057349406,2.9702088738354995,3.9999823034530246,0.0,0.0,0.0,on,connected,True,synthetic_device_spec_v11
synthetic_customer_003,cabinet_003,2026-09-03 03:40:00+00:00,0,0,0,0,True,True,False,23.788027671483107,-48.095661366319696,3.017001907317727,3.9241060578807936,0.0,0.03669806710349863,0.0005864126085230162,on,connected,True,synthetic_device_spec_v11
synthetic_customer_003,cabinet_003,2026-09-03 03:50:00+00:00,0,0,0,0,True,True,False,23.877452767731775,-47.74147813448832,2.931112543280933,4.084590395655875,0.0,0.0,0.0,on,connected,True,synthetic_device_spec_v11
synthetic_customer_003,cabinet_003,2026-09-03 04:00:00+00:00,0,0,0,0,True,True,False,24.03757224851625,-47.81835001881999,2.9987951118416336,4.039332191536415,0.0,0.0,0.0,on,connected,True,synthetic_device_spec_v11
synthetic_customer_003,cabinet_003,2026-09-03 04:10:00+00:00,0,0,0,0,True,True,False,23.816878661034206,-49.02006090361663,3.009814246355562,4.034285270424089,0.0,0.02113309685469406,0.0,on,connected,True,synthetic_device_spec_v11
synthetic_customer_003,cabinet_003,2026-09-03 04:20:00+00:00,0,0,0,0,True,True,False,23.975832739242044,-48.42321069598213,2.997741009361914,3.967922369434473,0.0,0.019130840753516256,0.005423306303342692,on,connected,True,synthetic_device_spec_v11
synthetic_customer_003,cabinet_003,2026-09-03 04:30:00+00:00,0,0,0,0,True,True,False,24.00809608532273,-46.19805320252862,3.079735716134163,3.9770174545680645,0.0,0.0,0.0,on,connected,True,synthetic_device_spec_v11
synthetic_customer_003,cabinet_003,2026-09-03 04:40:00+00:00,0,0,0,0,True,True,False,24.10805041585392,-48.47478224834336,3.0355761367000214,4.058505758999835,0.0,0.0,0.0039016751986829076,on,connected,True,synthetic_device_spec_v11
synthetic_customer_003,cabinet_003,2026-09-03 04:50:00+00:00,0,0,0,0,True,True,False,23.744844657375243,-48.06187979175942,3.0369852098681984,3.9672394864874794,0.6185366258348397,0.01992580048502395,0.0,on,connected,True,synthetic_device_spec_v11
synthetic_customer_003,cabinet_003,2026-09-03 05:00:00+00:00,0,0,0,0,True,True,False,23.944118704497658,-47.933351440318916,3.0527027495481494,3.909381538052771,0.0,0.0,0.0,on,connected,True,synthetic_device_spec_v11
synthetic_customer_003,cabinet_003,2026-09-03 05:10:00+00:00,0,0,0,0,True,True,False,24.071925245001356,-46.05806222852202,3.0104385286886215,3.9491587999725044,0.8496273679350823,0.0,0.008360446910509377,on,connected,True,synthetic_device_spec_v11
synthetic_customer_003,cabinet_003,2026-09-03 05:20:00+00:00,0,0,0,0,True,True,False,23.931626361499507,-48.473482784698156,2.988930742851638,4.156645154527204,0.0,0.0,0.0066849070985689225,on,connected,True,synthetic_device_spec_v11
synthetic_customer_003,cabinet_003,2026-09-03 05:30:00+00:00,0,0,0,0,True,True,False,24.130024427386434,-48.220854032544686,2.970162701094925,3.9689413491396026,0.0,0.024838543986429942,0.0,on,connected,True,synthetic_device_spec_v11
synthetic_customer_003,cabinet_003,2026-09-03 05:40:00+00:00,0,0,0,0,True,True,False,23.96537742854965,-48.624078243905586,2.978969094824071,4.0324395823676555,0.37627308923396907,0.013509049321388009,0.0,on,connected,True,synthetic_device_spec_v11
synthetic_customer_003,cabinet_003,2026-09-03 05:50:00+00:00,0,0,0,0,True,True,False,23.92467018380268,-47.94440551402372,2.988690824381337,3.9837846924305556,0.0,0.016106213578492356,0.0,on,connected,True,synthetic_device_spec_v11
synthetic_customer_003,cabinet_003,2026-09-03 06:00:00+00:00,0,0,0,0,True,True,False,24.045249242522438,-47.93487569223604,2.967084748469355,3.9915111438995683,0.0,0.0,0.03840040900856866,on,connected,True,synthetic_device_spec_v11
synthetic_customer_003,cabinet_003,2026-09-03 06:10:00+00:00,1,1,1,1,True,True,False,23.987953013947337,-46.867768276135486,3.002217917748059,4.024371451860272,0.0,0.0,0.0,on,connected,True,synthetic_device_spec_v11
synthetic_customer_003,cabinet_003,2026-09-03 06:20:00+00:00,1,1,1,1,True,True,False,23.956066111773076,-47.004943405249364,3.0418676703708343,3.87274178149662,0.06698330685343527,0.0,0.027406863629708542,on,connected,True,synthetic_device_spec_v11
synthetic_customer_003,cabinet_003,2026-09-03 06:30:00+00:00,1,1,1,1,True,True,False,23.975416227556007,-49.11333704203976,3.051478049979056,4.001553003820271,0.0,0.0,0.007080144934214755,on,connected,True,synthetic_device_spec_v11
synthetic_customer_003,cabinet_003,2026-09-03 06:40:00+00:00,0,0,0,0,True,True,False,24.013073964144226,-47.79427520555771,3.0259353469544767,3.9547695285214965,0.40858713153288706,0.0,0.0,on,connected,True,synthetic_device_spec_v11
synthetic_customer_003,cabinet_003,2026-09-03 06:50:00+00:00,0,0,0,0,True,True,False,23.832541697998327,-49.3587738459924,3.0196273051673006,4.042886703561325,0.0,0.02102927170867619,0.0037390293641586148,on,connected,True,synthetic_device_spec_v11
synthetic_customer_003,cabinet_003,2026-09-03 07:00:00+00:00,0,0,0,0,True,True,False,24.102677522513158,-48.431333219609954,2.990827074192668,3.975475267416164,0.8462712555438824,0.0,0.0,on,connected,True,synthetic_device_spec_v11
synthetic_customer_003,cabinet_003,2026-09-03 07:10:00+00:00,0,0,0,0,True,True,False,24.05742818990509,-47.33301630557124,3.004078555316826,4.000235157875577,0.5889635925939493,0.016934337131046393,0.01980741122346088,on,connected,True,synthetic_device_spec_v11
synthetic_customer_003,cabinet_003,2026-09-03 07:20:00+00:00,0,0,0,0,True,True,False,24.048814466733727,-48.16491807705256,2.9180781998518945,3.950783692700978,0.01533042940446281,0.009221260524417844,0.0,on,connected,True,synthetic_device_spec_v11
synthetic_customer_003,cabinet_003,2026-09-03 07:30:00+00:00,0,0,0,0,True,True,False,23.969126853826758,-48.93048825051244,2.986594902158222,4.1027515089086135,0.0,0.017146386291616002,0.0035846779156521722,on,connected,True,synthetic_device_spec_v11
synthetic_customer_003,cabinet_003,2026-09-03 07:40:00+00:00,0,0,0,0,True,True,False,23.95773457162121,-48.10880015281677,3.004980060596,3.9628014277869896,0.0,0.0,0.02830266312077544,on,connected,True,synthetic_device_spec_v11
synthetic_customer_003,cabinet_003,2026-09-03 07:50:00+00:00,0,0,0,0,True,True,False,23.99930406769525,-47.89803284350253,2.970130440206152,3.987633705652205,0.0,0.0,0.0,on,connected,True,synthetic_device_spec_v11
synthetic_customer_003,cabinet_003,2026-09-03 08:00:00+00:00,0,0,0,0,True,True,False,23.985378742985304,-47.94599561379891,2.9622667561372196,4.07931333845642,0.25068319886542423,0.03350316637334805,0.0,on,connected,True,synthetic_device_spec_v11
synthetic_customer_003,cabinet_003,2026-09-03 08:10:00+00:00,0,0,0,0,True,True,False,23.9948234222379,-47.51156138841355,3.0197312209867304,3.909343232481002,0.0,0.03181063951752678,0.0321447856027746,on,connected,True,synthetic_device_spec_v11
synthetic_customer_003,cabinet_003,2026-09-03 08:20:00+00:00,0,0,0,0,True,True,False,24.207322069041805,-49.04691073640906,2.9448207786661285,3.938371311593487,0.6717800510785569,0.03492959607901188,0.0,on,connected,True,synthetic_device_spec_v11
synthetic_customer_003,cabinet_003,2026-09-03 08:30:00+00:00,0,0,0,0,True,True,False,24.218232466973614,-47.424291246672276,2.9784471863945305,3.953526735421391,0.04045591885052957,0.0,0.0,on,connected,True,synthetic_device_spec_v11
synthetic_customer_003,cabinet_003,2026-09-03 08:40:00+00:00,0,0,0,0,True,True,False,24.1420437995228,-47.2686965437222,2.9945910835742247,3.9977161548543694,0.9052512768567278,0.0,0.017495284463943463,on,connected,True,synthetic_device_spec_v11
synthetic_customer_003,cabinet_003,2026-09-03 08:50:00+00:00,0,0,0,0,True,True,False,24.003291420168278,-46.71729251187325,2.939370436166718,3.9677036914393176,0.0,0.04987775975466907,0.0020774140241184872,on,connected,True,synthetic_device_spec_v11
synthetic_customer_003,cabinet_003,2026-09-03 09:00:00+00:00,0,0,0,0,True,True,False,23.945724325361095,-46.750029895374745,3.0581825725243283,3.9368096209801533,0.22985352114339488,0.0,0.0,on,connected,True,synthetic_device_spec_v11
synthetic_customer_003,cabinet_003,2026-09-03 09:10:00+00:00,0,0,0,0,True,True,False,24.190277323250502,-48.84040359983363,3.0203472056363214,4.000866550842502,1.0209550081148286,0.03789476755501191,0.011448173351535645,on,connected,True,synthetic_device_spec_v11
synthetic_customer_003,cabinet_003,2026-09-03 09:20:00+00:00,0,0,0,0,True,True,False,24.155576503664328,-49.54974611400773,3.023109405185161,4.019999772949629,0.0,0.024007495405851675,0.014418793857723607,on,connected,True,synthetic_device_spec_v11
synthetic_customer_003,cabinet_003,2026-09-03 09:30:00+00:00,0,0,0,0,True,True,False,23.8562807937293,-48.328812168898736,3.050441374862662,3.9328669567398706,0.0,0.0,0.0,on,connected,True,synthetic_device_spec_v11
synthetic_customer_003,cabinet_003,2026-09-03 09:40:00+00:00,0,0,0,0,True,True,False,24.0886751725612,-48.1569191631708,3.002456350367226,4.079139656877431,0.0,0.033928757123707985,0.00030489753430328525,on,connected,True,synthetic_device_spec_v11
synthetic_customer_003,cabinet_003,2026-09-03 09:50:00+00:00,0,0,0,0,True,True,False,24.171748987859054,-48.17048753722971,3.0502123494003794,4.130401778487331,0.138428807068924,0.0180960318049574,0.0,on,connected,True,synthetic_device_spec_v11
synthetic_customer_003,cabinet_003,2026-09-03 10:00:00+00:00,0,0,0,0,True,True,False,24.063335418197752,-46.7157494149325,3.0362380064961227,3.9534059944618125,0.7536422422614699,0.021058734139951088,0.0,on,connected,True,synthetic_device_spec_v11
synthetic_customer_003,cabinet_003,2026-09-03 10:10:00+00:00,0,0,0,0,True,True,False,24.108701586205896,-47.87673356289422,2.9134582334845485,4.064253432166109,3.4266884352798512,0.0,0.02948170481063368,on,connected,True,synthetic_device_spec_v11
synthetic_customer_003,cabinet_003,2026-09-03 10:20:00+00:00,0,0,0,0,True,True,False,23.932622880414655,-48.881921304034435,2.929292216867657,3.99347582235913,5.192927728079672,0.029389133533120972,0.0,on,connected,True,synthetic_device_spec_v11
synthetic_customer_003,cabinet_003,2026-09-03 10:30:00+00:00,0,0,0,0,True,True,False,24.042403300368257,-48.22498775500989,2.9742760260135768,4.0540955469401725,6.819209924084322,0.0035817767907839176,0.0,on,connected,True,synthetic_device_spec_v11
synthetic_customer_003,cabinet_003,2026-09-03 10:40:00+00:00,0,0,0,0,True,True,False,23.849113968427744,-48.70062554541123,2.9812329035798504,3.982147814362353,9.049394317384825,0.0,0.036963873452343,on,connected,True,synthetic_device_spec_v11
synthetic_customer_003,cabinet_003,2026-09-03 10:50:00+00:00,0,0,0,0,True,True,False,24.12720374893832,-48.725365487298696,3.0379212382463914,3.9076763475277407,10.61851450982691,0.0,0.02509902963353451,on,connected,True,synthetic_device_spec_v11
synthetic_customer_003,cabinet_003,2026-09-03 11:00:00+00:00,0,0,0,0,True,True,False,24.086081953091636,-46.65807919098087,3.006387619645447,3.9102731780738447,12.289108934184512,0.0,0.0,on,connected,True,synthetic_device_spec_v11
synthetic_customer_003,cabinet_003,2026-09-03 11:10:00+00:00,0,0,0,0,True,True,False,23.999640577668742,-46.72475066274127,3.032860269353846,4.075269865575312,13.460586391515953,0.0,0.0,on,connected,True,synthetic_device_spec_v11
synthetic_customer_003,cabinet_003,2026-09-03 11:20:00+00:00,0,0,0,0,True,True,False,23.73528558988729,-47.69495663410169,2.95143657554896,4.000652160620229,16.399007237782264,0.0,0.0,on,connected,True,synthetic_device_spec_v11
synthetic_customer_003,cabinet_003,2026-09-03 11:30:00+00:00,0,0,0,0,True,True,False,24.148907281131223,-47.07403000440895,2.973226654528096,3.986780137093872,17.805751375514507,0.01431426255260899,0.013025864218990869,on,connected,True,synthetic_device_spec_v11
synthetic_customer_003,cabinet_003,2026-09-03 11:40:00+00:00,0,0,0,0,True,True,False,23.807513181313514,-49.045317503253074,3.013314025308131,3.984865015012695,20.001596055414325,0.0,0.0,on,connected,True,synthetic_device_spec_v11
synthetic_customer_003,cabinet_003,2026-09-03 11:50:00+00:00,0,0,0,0,True,True,False,24.078409346921614,-49.35325468634149,3.027857399061246,4.028538922925129,21.03804112503736,0.0,0.025123808044755398,on,connected,True,synthetic_device_spec_v11
synthetic_customer_003,cabinet_003,2026-09-03 12:00:00+00:00,0,0,0,0,True,True,False,23.846507172266946,-47.18708433746354,3.0930668358988735,3.9628234420124646,23.55572709458261,0.026549787522431773,0.0,on,connected,True,synthetic_device_spec_v11
synthetic_customer_003,cabinet_003,2026-09-03 12:10:00+00:00,1,1,1,1,True,True,False,23.983944211903133,-47.771053949428165,2.9671178532832028,4.105468383912438,24.65299766829156,0.0,0.038907326469159245,on,connected,True,synthetic_device_spec_v11
synthetic_customer_003,cabinet_003,2026-09-03 12:20:00+00:00,1,1,1,1,True,True,False,24.096070682831023,-48.5439417582898,3.0041211096442506,3.953726768616611,24.961392262183587,0.035709005631869455,0.0,on,connected,True,synthetic_device_spec_v11
synthetic_customer_003,cabinet_003,2026-09-03 12:30:00+00:00,1,1,1,1,True,True,False,24.177779766331987,-47.74401311023024,2.9645147136458103,3.9622180291350095,24.21997532391712,0.028811176550316137,0.010612551314296418,on,connected,True,synthetic_device_spec_v11
synthetic_customer_003,cabinet_003,2026-09-03 12:40:00+00:00,0,0,0,0,True,True,False,23.937622999843835,-47.3834274546815,2.9779304323301417,3.993434697452366,25.17726832099331,0.0,0.008968748560761639,on,connected,True,synthetic_device_spec_v11
synthetic_customer_003,cabinet_003,2026-09-03 12:50:00+00:00,0,0,0,0,True,True,False,24.16419269649473,-49.11184761659456,2.9231285665409135,3.96420384267195,25.275131637187776,0.0,0.014854481955876065,on,connected,True,synthetic_device_spec_v11
synthetic_customer_003,cabinet_003,2026-09-03 13:00:00+00:00,0,0,0,0,True,True,False,23.7899603913875,-46.65827133776573,2.898697188550641,4.063261295976122,25.849838222799765,0.010122893186375008,0.014194616790387062,on,connected,True,synthetic_device_spec_v11
synthetic_customer_003,cabinet_003,2026-09-03 13:10:00+00:00,0,0,0,0,True,True,False,24.049773666127173,-47.48225389083773,2.800134613014999,4.123939739060289,25.93089338502091,0.0,0.00585052499227225,on,connected,True,synthetic_device_spec_v11
synthetic_customer_003,cabinet_003,2026-09-03 13:20:00+00:00,0,0,0,0,True,True,False,23.889272101415553,-46.75795263159804,2.879792938521457,4.019275317342132,25.769044444726447,0.0,0.0,on,connected,True,synthetic_device_spec_v11
synthetic_customer_003,cabinet_003,2026-09-03 13:30:00+00:00,0,0,0,0,True,True,False,24.181685385253907,-47.44860886296185,2.7897278895459556,4.0014597802085285,25.196018354381728,0.0,0.02618181918245229,on,connected,True,synthetic_device_spec_v11
synthetic_customer_003,cabinet_003,2026-09-03 13:40:00+00:00,0,0,0,0,True,True,False,24.01964500100534,-47.78174747167279,2.8288073052409755,3.9415315679052116,0.0,0.0,0.0017317578745870631,on,connected,True,synthetic_device_spec_v11
synthetic_customer_003,cabinet_003,2026-09-03 13:50:00+00:00,0,0,0,0,True,True,False,24.173402942737976,-49.58213737039225,2.640193222624949,4.04812266488385,0.0,0.006146067715370816,0.0,on,connected,True,synthetic_device_spec_v11
synthetic_customer_003,cabinet_003,2026-09-03 14:00:00+00:00,0,0,0,0,True,True,False,24.192294080647386,-48.196203710348364,2.627550885258978,3.963474557430109,0.0,0.01793751858083915,0.01237292032326445,on,connected,True,synthetic_device_spec_v11
synthetic_customer_003,cabinet_003,2026-09-03 14:10:00+00:00,0,0,0,0,True,True,False,23.833919308293193,-48.407672311586275,2.6281659978454757,4.003585844720214,0.0,0.03710232623187764,0.0,on,connected,True,synthetic_device_spec_v11
synthetic_customer_003,cabinet_003,2026-09-03 14:20:00+00:00,0,0,0,0,True,True,False,23.62040623490925,-48.283836554896645,2.509922115419552,4.083982056061483,0.0,0.0,0.009544375245870667,on,connected,True,synthetic_device_spec_v11
synthetic_customer_003,cabinet_003,2026-09-03 14:30:00+00:00,0,0,0,0,True,True,False,24.04175813366878,-48.36558614530908,2.5529977894316374,4.056351741199625,0.06219328964356561,0.05282678518231805,0.0,on,connected,True,synthetic_device_spec_v11
synthetic_customer_003,cabinet_003,2026-09-03 14:40:00+00:00,0,0,0,0,True,True,False,23.87635196640414,-48.97679987210189,2.495133382194353,4.068876364285114,0.0,0.0,0.0024123441071198116,on,connected,True,synthetic_device_spec_v11
synthetic_customer_003,cabinet_003,2026-09-03 14:50:00+00:00,0,0,0,0,True,True,False,23.92856662822619,-48.77853461544758,2.4814140590139706,4.061389970117727,0.654908475096419,0.03974431651949081,0.0,on,connected,True,synthetic_device_spec_v11
synthetic_customer_003,cabinet_003,2026-09-03 15:00:00+00:00,0,0,0,0,True,True,False,23.920409514826638,-48.41361982012068,2.497368455537724,3.917464051047036,0.0,0.017571935498109516,0.005989107607536095,on,connected,True,synthetic_device_spec_v11
synthetic_customer_003,cabinet_003,2026-09-03 15:10:00+00:00,0,0,0,0,True,True,False,24.11562784627705,-47.65205367316573,2.4014608695708404,3.9859071811786855,0.23471536534733667,0.003963676173731284,0.010433469208925366,on,connected,True,synthetic_device_spec_v11
synthetic_customer_003,cabinet_003,2026-09-03 15:20:00+00:00,0,0,0,0,True,True,False,24.003249667446823,-48.45598854963247,2.388980799017924,4.046073148693895,0.38550956393275215,0.003643457510628233,0.0,on,connected,True,synthetic_device_spec_v11
synthetic_customer_003,cabinet_003,2026-09-03 15:30:00+00:00,0,0,0,0,True,True,False,23.915503545176243,-48.52466046408258,2.3393552927176406,3.962638500020777,0.04566255450370136,0.008088388660182527,0.0,on,connected,True,synthetic_device_spec_v11
synthetic_customer_003,cabinet_003,2026-09-03 15:40:00+00:00,0,0,0,0,True,True,False,23.886335020901605,-47.757709662511054,2.318612979736258,3.931585264462943,1.2595215051512423,0.005306080814807575,0.010123331587016187,on,connected,True,synthetic_device_spec_v11
synthetic_customer_003,cabinet_003,2026-09-03 15:50:00+00:00,0,0,0,0,True,True,False,24.200277867911876,-47.745274714873474,2.2816667117983496,4.042727487468045,0.0,0.0023345983153201873,0.0,on,connected,True,synthetic_device_spec_v11
synthetic_customer_003,cabinet_003,2026-09-03 16:00:00+00:00,0,0,0,0,True,True,False,24.069997539320205,-48.97512991152447,2.301769676474816,3.972735414007398,1.111924765717905,0.0,0.0,on,connected,True,synthetic_device_spec_v11
synthetic_customer_003,cabinet_003,2026-09-03 16:10:00+00:00,0,0,0,0,True,True,False,23.995399258549917,-48.3184915178005,2.1222997708371274,3.9983474045927627,0.03295393078548015,0.0013294387574718566,0.0,on,connected,True,synthetic_device_spec_v11
synthetic_customer_003,cabinet_003,2026-09-03 16:20:00+00:00,0,0,0,0,True,True,False,23.941659354542463,-46.49452150836719,1.929499505427044,3.997156020282818,0.0,0.0,0.01519544385378688,on,connected,True,synthetic_device_spec_v11
synthetic_customer_003,cabinet_003,2026-09-03 16:30:00+00:00,0,0,0,0,True,True,False,23.88621191874985,-48.940478207245505,1.881450671428137,4.01239496131466,0.617425093151194,0.05865132110810987,0.014969644013444205,on,connected,True,synthetic_device_spec_v11
synthetic_customer_003,cabinet_003,2026-09-03 16:40:00+00:00,0,0,0,0,True,True,False,24.168323489987536,-48.37184995756352,1.8123733922686835,4.078981918011103,0.0,0.003694911629667697,0.024024290451165446,on,connected,True,synthetic_device_spec_v11
synthetic_customer_003,cabinet_003,2026-09-03 16:50:00+00:00,0,0,0,0,True,True,False,24.07948398158115,-48.81744312205377,1.7591357485327446,3.9347827317839377,0.309678663171875,0.030561165142175818,0.0,on,connected,True,synthetic_device_spec_v11
synthetic_customer_003,cabinet_003,2026-09-03 17:00:00+00:00,0,0,0,0,True,True,False,24.178472353191506,-48.47601656348968,1.5491184030040632,4.041622623210771,0.0,0.0,0.01937983802915771,on,connected,True,synthetic_device_spec_v11
synthetic_customer_003,cabinet_003,2026-09-03 17:10:00+00:00,0,0,0,0,True,True,False,23.971533114684043,-47.63263570364638,1.459450965325696,3.993913993043705,0.6119722841733708,0.0,0.005903238905650461,on,connected,True,synthetic_device_spec_v11
synthetic_customer_003,cabinet_003,2026-09-03 17:20:00+00:00,0,0,0,0,True,True,False,23.857237426339434,-49.11146197770858,1.3557813343810867,4.036597464714182,0.0,0.011207289329808202,0.00038489150141041877,on,connected,True,synthetic_device_spec_v11
synthetic_customer_003,cabinet_003,2026-09-03 17:30:00+00:00,0,0,0,0,True,True,False,23.844493334365215,-49.56991705796134,2.0609162105755785,3.9497538654585536,0.16075034565629556,0.00868726547398148,0.03278442733335675,on,connected,True,synthetic_device_spec_v11
synthetic_customer_003,cabinet_003,2026-09-03 17:40:00+00:00,0,0,0,0,True,True,False,23.997242849467753,-47.59296731678999,2.0289403253782976,4.105109654670724,0.5428101214939565,0.012206848402881687,0.0,on,connected,True,synthetic_device_spec_v11
synthetic_customer_003,cabinet_003,2026-09-03 17:50:00+00:00,0,0,0,0,True,True,False,23.801060738129983,-47.419984439799,1.8593082835086137,4.09053572847719,0.8131295773867308,0.0077230871403980205,0.00995691063016037,on,connected,True,synthetic_device_spec_v11
synthetic_customer_003,cabinet_003,2026-09-03 18:00:00+00:00,0,0,0,0,True,True,False,23.7209665808941,-47.336105087411624,1.7320500089826514,3.9904659639748203,0.0,0.0,0.008071660211852374,on,connected,True,synthetic_device_spec_v11
synthetic_customer_003,cabinet_003,2026-09-03 18:10:00+00:00,1,1,1,1,True,True,False,24.043612243938558,-47.65608269881819,1.5417455794925345,4.011922767614929,0.0,0.048457329620253294,0.015316755430855486,on,connected,True,synthetic_device_spec_v11
synthetic_customer_003,cabinet_003,2026-09-03 18:20:00+00:00,1,1,1,1,True,True,False,23.892389896440086,-47.24406900491965,1.5568544125904606,4.01037541429067,1.0147362158635762,0.0,0.0,on,connected,True,synthetic_device_spec_v11
synthetic_customer_003,cabinet_003,2026-09-03 18:30:00+00:00,1,1,1,1,True,True,False,24.104621817753305,-47.16854099951542,1.4312998467823401,3.9740222456938468,0.6311757027323063,0.0023965502877271207,0.0,on,connected,True,synthetic_device_spec_v11
synthetic_customer_003,cabinet_003,2026-09-03 18:40:00+00:00,0,0,0,0,True,True,False,24.212036630553772,-48.06410776759045,1.3237014468914077,3.9725342347639816,0.0,0.0,0.0,on,connected,True,synthetic_device_spec_v11
synthetic_customer_003,cabinet_003,2026-09-03 18:50:00+00:00,0,0,0,0,True,True,False,24.13264163379421,-47.43908611457952,1.2185930707314336,3.9532636215261516,0.0,0.0,0.0,on,connected,True,synthetic_device_spec_v11
synthetic_customer_003,cabinet_003,2026-09-03 19:00:00+00:00,0,0,0,0,True,True,False,24.042925051197475,-48.755987614461716,1.1173001579097108,3.913584818170068,0.0,0.0,0.0,on,connected,True,synthetic_device_spec_v11
synthetic_customer_003,cabinet_003,2026-09-03 19:10:00+00:00,0,0,0,0,True,True,False,23.947732029860855,-47.90897221472892,0.9735562367497061,4.023360078338889,0.0,0.0,0.0,on,connected,True,synthetic_device_spec_v11
synthetic_customer_003,cabinet_003,2026-09-03 19:20:00+00:00,0,0,0,0,True,True,False,23.7841374358132,-47.720790571427436,1.0426980610724665,3.9836844566541787,0.06364610932598211,0.02716048755152227,0.0,on,connected,True,synthetic_device_spec_v11
synthetic_customer_003,cabinet_003,2026-09-03 19:30:00+00:00,0,0,0,0,True,True,False,23.986795246950923,-48.97140834203394,1.0223521124694384,4.0782532341180655,0.0,0.0,0.0,on,connected,True,synthetic_device_spec_v11
synthetic_customer_003,cabinet_003,2026-09-03 19:40:00+00:00,0,0,0,0,True,True,False,23.893918411649327,-48.8981491918712,1.0060170578543826,3.969231776970707,0.22542541209520434,0.0,0.0,on,connected,True,synthetic_device_spec_v11
synthetic_customer_003,cabinet_003,2026-09-03 19:50:00+00:00,0,0,0,0,True,True,False,23.97778672937865,-46.52949951124822,1.0044696450641508,4.023155840159994,0.21840280337397877,0.0,0.0,on,connected,True,synthetic_device_spec_v11
synthetic_customer_003,cabinet_003,2026-09-03 20:00:00+00:00,0,0,0,0,True,True,False,24.158527924314832,-45.7306045739539,1.090889862402846,4.080820643753096,0.0,0.0,0.014194760632385164,on,connected,True,synthetic_device_spec_v11
synthetic_customer_003,cabinet_003,2026-09-03 20:10:00+00:00,0,0,0,0,True,True,False,24.164652517456485,-49.2641687955435,1.0308552773503896,3.986520750686101,0.23978469054242882,0.004260167078202275,0.004852143133420012,on,connected,True,synthetic_device_spec_v11
synthetic_customer_003,cabinet_003,2026-09-03 20:20:00+00:00,0,0,0,0,True,True,False,23.961044677568285,-49.057270141596014,0.996608740037212,3.8961516480537512,0.8021917712960102,0.0,0.026959345200419683,on,connected,True,synthetic_device_spec_v11
synthetic_customer_003,cabinet_003,2026-09-03 20:30:00+00:00,0,0,0,0,True,True,False,24.272160017321124,-47.89660149621577,2.9560597683875574,3.9934959980458387,0.0,0.0,0.011617312058114794,on,connected,True,synthetic_device_spec_v11
synthetic_customer_003,cabinet_003,2026-09-03 20:40:00+00:00,0,0,0,0,True,True,False,23.877544977238188,-49.011056093765305,3.004356011390034,3.9998308121092445,0.0,0.01580268817793359,0.013612379642486138,on,connected,True,synthetic_device_spec_v11
synthetic_customer_003,cabinet_003,2026-09-03 20:50:00+00:00,0,0,0,0,True,True,False,23.727336589626077,-48.25990017654168,2.9613680061283696,3.9833414920746244,0.0,0.0,0.0,on,connected,True,synthetic_device_spec_v11
synthetic_customer_003,cabinet_003,2026-09-03 21:00:00+00:00,0,0,0,0,True,True,False,23.794690696848786,-47.8333283575238,2.988887145361824,4.0254029421752335,0.0,0.0005440710986552182,0.0,on,connected,True,synthetic_device_spec_v11
synthetic_customer_003,cabinet_003,2026-09-03 21:10:00+00:00,0,0,0,0,True,True,False,23.157869102325822,-47.623924180756944,3.005513273171494,4.041903215600217,0.30658379724157603,0.0,0.03506633338129108,on,connected,True,synthetic_device_spec_v11
synthetic_customer_003,cabinet_003,2026-09-03 21:20:00+00:00,0,0,0,0,True,True,False,22.77764560409694,-47.81046533777067,2.962777942644883,4.092491733786331,1.016049151509844,0.056966161639729264,0.0,on,connected,True,synthetic_device_spec_v11
synthetic_customer_003,cabinet_003,2026-09-03 21:30:00+00:00,0,0,0,0,True,True,False,22.122511083286458,-47.51299498298935,3.018987188791313,4.057689377999003,0.0,0.0003133316477413315,0.0,on,connected,True,synthetic_device_spec_v11
synthetic_customer_003,cabinet_003,2026-09-03 21:40:00+00:00,0,0,0,0,True,True,False,21.858456858920377,-47.333174918473084,2.9467923516442753,4.065454982579286,0.0,0.03582060213982015,0.0,on,connected,True,synthetic_device_spec_v11
synthetic_customer_003,cabinet_003,2026-09-03 21:50:00+00:00,0,0,0,0,True,True,False,21.188020623835687,-49.71893313165965,2.9852449591326424,3.9781033113942694,0.5466839198208336,0.0,0.0,on,connected,True,synthetic_device_spec_v11
synthetic_customer_003,cabinet_003,2026-09-03 22:00:00+00:00,0,0,0,0,True,True,False,20.91695613481919,-48.67701373838019,3.0465903360690127,3.9952503081817063,0.0,0.0,0.0,on,connected,True,synthetic_device_spec_v11
synthetic_customer_003,cabinet_003,2026-09-03 22:10:00+00:00,0,0,0,0,True,True,False,20.175372356522278,-49.34016242719164,3.039294383674575,3.98119760070647,0.0,0.015513174098360581,0.0,on,connected,True,synthetic_device_spec_v11
synthetic_customer_003,cabinet_003,2026-09-03 22:20:00+00:00,0,0,0,0,True,True,False,19.964086341933793,-47.98765301713294,2.9668609670545276,3.9823974198355203,0.0,0.0,0.013577262438514068,on,connected,True,synthetic_device_spec_v11
synthetic_customer_003,cabinet_003,2026-09-03 22:30:00+00:00,0,0,0,0,True,True,False,19.396433844525887,-49.55926600838755,2.960002001288847,3.957808398929367,0.0,0.0234768626774772,0.0029724504165673685,on,connected,True,synthetic_device_spec_v11
synthetic_customer_003,cabinet_003,2026-09-03 22:40:00+00:00,0,0,0,0,True,True,False,18.735395356930507,-47.828099909292014,3.0063351692615345,4.002414356469778,0.1900612730203938,0.03080243112986345,0.009648977170485703,on,connected,True,synthetic_device_spec_v11
synthetic_customer_003,cabinet_003,2026-09-04 00:10:00+00:00,1,1,1,1,True,True,False,23.828617466915578,-49.644117273924195,2.9885618704171675,4.041600123914496,0.0,0.012538945630098173,0.0002717607094386218,on,connected,True,synthetic_device_spec_v11
synthetic_customer_003,cabinet_003,2026-09-04 00:20:00+00:00,1,1,1,1,True,True,False,23.94052398398103,-49.41066053872008,2.9733294212234966,3.9905428738864916,0.0,0.0,0.0,on,connected,True,synthetic_device_spec_v11
synthetic_customer_003,cabinet_003,2026-09-04 00:30:00+00:00,1,1,1,1,True,True,False,23.799389749492963,-47.62385794330809,2.992353206796716,3.9443579197701477,0.5107236189848443,0.0,0.0,on,connected,True,synthetic_device_spec_v11
synthetic_customer_003,cabinet_003,2026-09-04 00:40:00+00:00,0,0,0,0,True,True,False,24.042259952429575,-46.71553062361794,2.9752337435040355,4.0454281020444816,0.0,0.0,0.009397819813812963,on,connected,True,synthetic_device_spec_v11
synthetic_customer_003,cabinet_003,2026-09-04 00:50:00+00:00,0,0,0,0,True,True,False,23.903119894348055,-47.19613557479908,2.9384054243299262,3.969440962184373,0.6072985981633828,0.01637544595893759,0.008102577598439575,on,connected,True,synthetic_device_spec_v11
synthetic_customer_003,cabinet_003,2026-09-04 01:00:00+00:00,0,0,0,0,True,True,False,24.255180432535305,-49.699940742912595,2.973152758643643,4.006853560552559,0.0,0.0,0.0022600204047750834,on,connected,True,synthetic_device_spec_v11
synthetic_customer_003,cabinet_003,2026-09-04 01:10:00+00:00,0,0,0,0,True,True,False,23.955355246221767,-48.65382894904568,3.0071090543389474,3.9866460619337136,0.6336517771144503,0.01544823172198292,0.010471146628284632,on,connected,True,synthetic_device_spec_v11
synthetic_customer_003,cabinet_003,2026-09-04 01:20:00+00:00,0,0,0,0,True,True,False,23.991637549014555,-48.23037118430559,2.9502922813059693,3.9331364510200153,0.0,0.011590112858665822,0.0,on,connected,True,synthetic_device_spec_v11
synthetic_customer_003,cabinet_003,2026-09-04 01:30:00+00:00,0,0,0,0,True,True,False,24.199966644447635,-47.91301736740092,3.05100607708655,4.042449034969171,0.0,0.0,0.0,on,connected,True,synthetic_device_spec_v11
synthetic_customer_003,cabinet_003,2026-09-04 01:40:00+00:00,0,0,0,0,True,True,False,23.844561368428742,-49.91729426200492,3.0980338660071762,4.032128176734295,0.0,0.0,0.0,on,connected,True,synthetic_device_spec_v11
synthetic_customer_003,cabinet_003,2026-09-04 01:50:00+00:00,0,0,0,0,True,True,False,23.912060144321593,-49.23003157809918,2.985209505770269,3.997254064885932,0.0,0.0,0.0,on,connected,True,synthetic_device_spec_v11
synthetic_customer_003,cabinet_003,2026-09-04 02:00:00+00:00,0,0,0,0,True,True,False,23.772954589317866,-47.428240640569,3.010728706810707,4.04014871381483,0.0,0.0,0.005472009689499645,on,connected,True,synthetic_device_spec_v11
synthetic_customer_003,cabinet_003,2026-09-04 02:10:00+00:00,0,0,0,0,True,True,False,23.865423108629578,-48.38985200885081,3.0129291376042393,3.9304616072246663,0.25282935627083686,0.0,0.0,on,connected,True,synthetic_device_spec_v11
synthetic_customer_003,cabinet_003,2026-09-04 02:20:00+00:00,0,0,0,0,True,True,False,23.963093968310798,-46.53830958757169,2.9533472793523097,3.909709646310816,0.0,0.0,0.01755774538550758,on,connected,True,synthetic_device_spec_v11
synthetic_customer_003,cabinet_003,2026-09-04 02:30:00+00:00,0,0,0,0,True,True,False,23.93733411581626,-47.22545320501429,2.9998604603580485,4.0925277186466475,0.3503022230484912,0.0,0.00912146383552245,on,connected,True,synthetic_device_spec_v11
synthetic_customer_003,cabinet_003,2026-09-04 02:40:00+00:00,0,0,0,0,True,True,False,23.88863704275208,-48.857370042632986,2.9910654296842436,3.9436774274663566,0.0,0.0,0.0,on,connected,True,synthetic_device_spec_v11
synthetic_customer_003,cabinet_003,2026-09-04 02:50:00+00:00,0,0,0,0,True,True,False,24.028263141700254,-48.86461153258877,3.062550034718109,4.000834945553245,0.0,0.0,0.0023187380377161617,on,connected,True,synthetic_device_spec_v11
synthetic_customer_003,cabinet_003,2026-09-04 03:00:00+00:00,0,0,0,0,True,True,False,23.94548372637339,-48.55473591324594,3.0010617613170414,3.989622746384789,0.0,0.04739448758190977,0.00922829686684279,on,connected,True,synthetic_device_spec_v11
synthetic_customer_003,cabinet_003,2026-09-04 03:10:00+00:00,0,0,0,0,True,True,False,24.082622432138304,-49.019705952914876,3.0525992230929195,3.925827997031077,0.6999713003925205,0.04129072230611239,0.0018750916559464592,on,connected,True,synthetic_device_spec_v11
synthetic_customer_003,cabinet_003,2026-09-04 03:20:00+00:00,0,0,0,0,True,True,False,24.139868383732416,-48.07822173793207,3.0681785699343647,4.011303971769106,0.0,0.0,0.0,on,connected,True,synthetic_device_spec_v11
synthetic_customer_003,cabinet_003,2026-09-04 03:30:00+00:00,0,0,0,0,True,True,False,24.145764762974746,-48.07809198145045,2.962604039877505,3.977706735960852,0.9254718068388476,0.0009334752678454594,0.0,on,connected,True,synthetic_device_spec_v11
synthetic_customer_003,cabinet_003,2026-09-04 03:40:00+00:00,0,0,0,0,True,True,False,23.83926000903846,-47.8010835995566,3.0323700964234046,3.9336437989929425,0.0,0.0,0.0,on,connected,True,synthetic_device_spec_v11
synthetic_customer_003,cabinet_003,2026-09-04 03:50:00+00:00,0,0,0,0,True,True,False,24.068767316322205,-48.17675222783553,2.9858244135557848,4.0856113531935,0.028511766460681508,0.004102179819603337,0.027806336383553617,on,connected,True,synthetic_device_spec_v11
synthetic_customer_003,cabinet_003,2026-09-04 04:00:00+00:00,0,0,0,0,True,True,False,24.01453440464901,-48.42000579328687,2.9996827845547713,3.9861150740982114,0.0,0.007076517042238302,0.0,on,connected,True,synthetic_device_spec_v11
synthetic_customer_003,cabinet_003,2026-09-04 04:10:00+00:00,0,0,0,0,True,True,False,24.213812941349016,-48.85631073572803,2.967747801963742,4.036504770958412,0.0,0.014044886272018385,0.0,on,connected,True,synthetic_device_spec_v11
synthetic_customer_003,cabinet_003,2026-09-04 04:20:00+00:00,0,0,0,0,True,True,False,23.903166786686608,-46.84233250275936,3.0336947386179807,3.9355539999630915,0.0,0.0367204102490845,0.0,on,connected,True,synthetic_device_spec_v11
synthetic_customer_003,cabinet_003,2026-09-04 04:30:00+00:00,0,0,0,0,True,True,False,24.14440469231482,-48.18456839821542,3.017997726901688,3.987902365440301,0.0,0.02055926146133876,0.01689758571160797,on,connected,True,synthetic_device_spec_v11
synthetic_customer_003,cabinet_003,2026-09-04 04:40:00+00:00,0,0,0,0,True,True,False,23.953158900810585,-46.435856610528674,2.9908924701260586,4.015403780365089,0.0,0.0,0.003202988288076354,on,connected,True,synthetic_device_spec_v11
synthetic_customer_003,cabinet_003,2026-09-04 04:50:00+00:00,0,0,0,0,True,True,False,24.158218964854548,-46.06387108955561,2.9712118989736527,4.017877032992404,0.0,0.0,0.017962048425915353,on,connected,True,synthetic_device_spec_v11
synthetic_customer_003,cabinet_003,2026-09-04 05:00:00+00:00,0,0,0,0,True,True,False,23.760279068917146,-46.85009049919511,3.018062407357847,3.9565468120684124,0.0,0.0,0.0,on,connected,True,synthetic_device_spec_v11
synthetic_customer_003,cabinet_003,2026-09-04 05:10:00+00:00,0,0,0,0,True,True,False,24.005713694116125,-46.22461024643413,2.9940958171384384,4.020714593673115,0.015842731248518878,0.05166204700180952,0.004802276975000841,on,connected,True,synthetic_device_spec_v11
synthetic_customer_003,cabinet_003,2026-09-04 05:20:00+00:00,0,0,0,0,True,True,False,24.051281435447777,-47.17137654178036,3.0334765461768978,3.9418096129500273,0.0,0.026208634868810213,0.03352143546168906,on,connected,True,synthetic_device_spec_v11
synthetic_customer_003,cabinet_003,2026-09-04 05:30:00+00:00,0,0,0,0,True,True,False,24.03407058269768,-48.28238766844733,3.0672944198692185,3.966507197349187,0.13134052768845086,0.027623821947746305,0.0,on,connected,True,synthetic_device_spec_v11
synthetic_customer_003,cabinet_003,2026-09-04 05:40:00+00:00,0,0,0,0,True,True,False,24.18634568391047,-48.45466786556923,3.041310830461419,4.12171304369858,0.0,0.013565287453773448,0.013774436324718484,on,connected,True,synthetic_device_spec_v11
synthetic_customer_003,cabinet_003,2026-09-04 05:50:00+00:00,0,0,0,0,True,True,False,23.906029738960193,-46.76730780296718,2.99844828800615,3.997680151989587,0.0,0.0,0.0012014793774868646,on,connected,True,synthetic_device_spec_v11
synthetic_customer_003,cabinet_003,2026-09-04 06:00:00+00:00,0,0,0,0,True,True,False,23.97265004881461,-46.791447846795876,2.9395473542073343,4.07489698593241,0.20992790102204845,0.0,0.0,on,connected,True,synthetic_device_spec_v11
synthetic_customer_003,cabinet_003,2026-09-04 06:10:00+00:00,1,1,1,1,True,True,False,23.87447149240844,-50.23857123821064,2.999368097735072,4.128434647585498,0.0,0.03674534977437908,0.022667905257993497,on,connected,True,synthetic_device_spec_v11
synthetic_customer_003,cabinet_003,2026-09-04 06:20:00+00:00,1,1,1,1,True,True,False,24.005799570040825,-52.9177544450006,3.0335733792203596,4.349647838953036,0.0,0.0403263957609285,0.056639039143556696,on,connected,True,synthetic_device_spec_v11
synthetic_customer_003,cabinet_003,2026-09-04 06:30:00+00:00,1,1,1,1,True,True,False,23.93925514388251,-53.53355806776911,3.0760850821023475,4.609776804059033,0.600472967699284,0.09816420992294189,0.09787309250302949,on,connected,True,synthetic_device_spec_v11
synthetic_customer_003,cabinet_003,2026-09-04 06:40:00+00:00,0,0,0,0,True,True,False,24.108405199869935,-57.00692421311076,2.9697206722157667,4.621429363791384,0.9256557534361695,0.1551177900018671,0.1063452349209003,on,connected,True,synthetic_device_spec_v11
synthetic_customer_003,cabinet_003,2026-09-04 06:50:00+00:00,0,0,0,0,True,True,False,23.899669901864176,-59.3155099337589,2.9984268864898276,4.815621413770562,0.13187551603821066,0.23499064338070227,0.11640927427536356,on,connected,True,synthetic_device_spec_v11
synthetic_customer_003,cabinet_003,2026-09-04 07:00:00+00:00,0,0,0,0,True,True,False,24.019785080831337,-63.52967897098337,2.9989692060932676,5.006355513945591,0.0,0.25198683572331604,0.14493573137828725,on,connected,True,synthetic_device_spec_v11
synthetic_customer_003,cabinet_003,2026-09-04 07:10:00+00:00,0,0,0,0,True,True,False,23.974449827283635,-67.05506844380591,2.962618789349344,5.23663464255728,0.08552755543305333,0.29680432007578583,0.15161538518101303,on,connected,True,synthetic_device_spec_v11
synthetic_customer_003,cabinet_003,2026-09-04 07:20:00+00:00,0,0,0,0,True,True,False,23.89908908070168,-66.98222877145659,2.9894323269222074,5.5596539637888025,0.5737434763194382,0.32296461457984554,0.21353293974162346,on,connected,True,synthetic_device_spec_v11
synthetic_customer_003,cabinet_003,2026-09-04 07:30:00+00:00,0,0,0,0,True,True,False,24.14267101123779,-68.40343513076604,3.01647443993244,5.681522661143627,0.0,0.35047238281427406,0.19782188825711727,on,connected,True,synthetic_device_spec_v11
synthetic_customer_003,cabinet_003,2026-09-04 07:40:00+00:00,0,0,0,0,True,True,False,23.953288093400857,-70.31406758912068,3.021826064366047,5.851804420285705,0.0,0.44607767346141297,0.23931437203816724,on,connected,True,synthetic_device_spec_v11
synthetic_customer_003,cabinet_003,2026-09-04 07:50:00+00:00,0,0,0,0,True,True,False,23.92336633615735,-71.70991251648793,2.9564380674045103,5.8946881206360935,0.0,0.45435553975608134,0.2824670151547581,on,connected,True,synthetic_device_spec_v11
synthetic_customer_003,cabinet_003,2026-09-04 08:00:00+00:00,0,0,0,0,True,True,False,24.038534879635254,-74.97551110929885,2.9955709428897555,6.349203702335104,0.0,0.48788512649744303,0.30494577458270244,on,connected,True,synthetic_device_spec_v11
synthetic_customer_003,cabinet_003,2026-09-04 08:10:00+00:00,0,0,0,0,True,True,False,24.00517056275709,-79.51767567034109,3.0034879510643187,6.4359321237991685,0.011352125718957882,0.5446016741852299,0.33289632500150496,on,connected,True,synthetic_device_spec_v11
synthetic_customer_003,cabinet_003,2026-09-04 08:20:00+00:00,0,0,0,0,True,True,False,24.104799807200834,-82.29723798204472,2.9626090308565254,6.643586933585183,0.036818374580998556,0.6685256870384751,0.3271573024463846,on,connected,True,synthetic_device_spec_v11
synthetic_customer_003,cabinet_003,2026-09-04 08:30:00+00:00,0,0,0,0,True,True,False,23.984030616510005,-84.60853426204429,2.9301869834369048,6.777569848834318,0.7140319545786717,0.6659445475669037,0.3682434384246298,on,connected,True,synthetic_device_spec_v11
synthetic_customer_003,cabinet_003,2026-09-04 09:10:00+00:00,0,0,0,0,True,True,False,24.08704579633604,-47.69338645525379,2.985020322020086,6.968396146568559,0.0,0.0,0.41553931023367496,on,connected,True,synthetic_device_spec_v11
synthetic_customer_003,cabinet_003,2026-09-04 09:20:00+00:00,0,0,0,0,True,True,False,24.142147987700625,-49.83809819957779,3.0467257235727336,7.089049444255028,0.06207054816408485,0.0,0.4082399665246489,on,connected,True,synthetic_device_spec_v11
synthetic_customer_003,cabinet_003,2026-09-04 09:30:00+00:00,0,0,0,0,True,True,False,23.917045322333394,-47.88272841166054,2.987335328102337,7.014852490472105,0.4494628983553959,0.001172837504249891,0.46291620553761875,on,connected,True,synthetic_device_spec_v11
synthetic_customer_003,cabinet_003,2026-09-04 09:40:00+00:00,0,0,0,0,True,True,False,23.822927547889105,-48.68544010946455,2.9534075872763026,6.860298121770412,0.04776861654926691,0.0065131087119505385,0.37812970960091813,on,connected,True,synthetic_device_spec_v11
synthetic_customer_003,cabinet_003,2026-09-04 09:50:00+00:00,0,0,0,0,True,True,False,24.05335359052065,-47.60734220131666,3.030158835089758,4.096503419472349,0.022876733470279215,0.0733782271009012,0.0,on,connected,True,synthetic_device_spec_v11
synthetic_customer_003,cabinet_003,2026-09-04 10:00:00+00:00,0,0,0,0,True,True,False,23.778527964547482,-48.307861801652386,2.9662423468055965,3.8893878503231116,0.0,0.006762992991436852,0.006918054648745371,on,connected,True,synthetic_device_spec_v11
synthetic_customer_003,cabinet_003,2026-09-04 10:10:00+00:00,0,0,0,0,True,True,False,23.94677123759407,-46.58553921044926,2.9575190044275175,4.014320910840352,0.15657371670558926,0.0,0.0,on,connected,True,synthetic_device_spec_v11
synthetic_customer_003,cabinet_003,2026-09-04 10:20:00+00:00,0,0,0,0,True,True,False,23.984097003141798,-48.35636783308525,3.003266848980455,3.9916300913557747,0.0,0.024779629954792253,0.0,on,connected,True,synthetic_device_spec_v11
synthetic_customer_003,cabinet_003,2026-09-04 10:30:00+00:00,0,0,0,0,True,True,False,23.868477749038885,-48.574072581517676,2.9683695626441997,4.008504636344653,0.0,0.01909537381296602,0.01095575900223814,on,connected,True,synthetic_device_spec_v11
synthetic_customer_003,cabinet_003,2026-09-04 10:40:00+00:00,0,0,0,0,True,True,False,23.860711788909143,-47.70877332206479,2.9745338772298733,3.9800558700129263,0.0,0.0,0.006725925843403727,on,connected,True,synthetic_device_spec_v11
synthetic_customer_003,cabinet_003,2026-09-04 10:50:00+00:00,0,0,0,0,True,True,False,23.944208715503553,-47.65586216993695,3.053491882254244,3.984747212250002,0.0006276033598746399,0.0,0.004887931210780496,on,connected,True,synthetic_device_spec_v11
synthetic_customer_003,cabinet_003,2026-09-04 11:00:00+00:00,0,0,0,0,True,True,False,24.014601174341962,-47.57372646367091,3.022150528882512,3.8375695215229872,0.0,0.019313455697700474,0.0,on,connected,True,synthetic_device_spec_v11
synthetic_customer_003,cabinet_003,2026-09-04 11:10:00+00:00,0,0,0,0,True,True,False,23.914550204497882,-48.95520206540915,2.993400418861123,4.073788536653597,0.13849909661494872,0.0,0.0,on,connected,True,synthetic_device_spec_v11
synthetic_customer_003,cabinet_003,2026-09-04 11:20:00+00:00,0,0,0,0,True,True,False,23.9769200552459,-47.836276414437656,2.9854026385348535,4.060447427591403,0.0,0.0,0.021845731687316735,on,connected,True,synthetic_device_spec_v11
synthetic_customer_003,cabinet_003,2026-09-04 11:30:00+00:00,0,0,0,0,True,True,False,24.00675037409562,-47.81680061399054,3.0534824399067335,4.007322721020657,0.17634518680878086,0.0,0.0,on,connected,True,synthetic_device_spec_v11
synthetic_customer_003,cabinet_003,2026-09-04 11:40:00+00:00,0,0,0,0,True,True,False,23.862506504134938,-48.059750281095646,3.0275887312038474,4.0461313126166525,0.006491937967376685,0.0,0.008361201222352349,on,connected,True,synthetic_device_spec_v11
synthetic_customer_003,cabinet_003,2026-09-04 11:50:00+00:00,0,0,0,0,True,True,False,24.06852338178892,-48.35455643120336,2.9752330000286937,3.9957406775265696,0.0,0.0,0.0306086959801266,on,connected,True,synthetic_device_spec_v11
synthetic_customer_003,cabinet_003,2026-09-04 12:00:00+00:00,0,0,0,0,True,True,False,23.95815130559247,-45.738476288446826,3.001489898996155,3.9347514328728015,0.19361319577625025,0.0,0.0,on,connected,True,synthetic_device_spec_v11
synthetic_customer_003,cabinet_003,2026-09-04 12:10:00+00:00,1,1,1,1,True,True,False,23.96746024382967,-47.30930498274438,3.0380596847980397,3.959665525595662,0.0,0.0,0.03317610092310781,on,connected,True,synthetic_device_spec_v11
synthetic_customer_003,cabinet_003,2026-09-04 12:20:00+00:00,1,1,1,1,True,True,False,24.006630705315455,-47.09433343463558,3.064431605707021,4.040602107062354,0.0,0.0,0.00416071545504615,on,connected,True,synthetic_device_spec_v11
synthetic_customer_003,cabinet_003,2026-09-04 12:30:00+00:00,1,1,1,1,True,True,False,23.919500751432853,-48.503159416963605,2.984678415183903,4.042202768326083,0.3029748801974259,0.010266782300136418,0.026978814290074957,on,connected,True,synthetic_device_spec_v11
synthetic_customer_003,cabinet_003,2026-09-04 12:40:00+00:00,0,0,0,0,True,True,False,24.142785383185462,-47.078289633026564,3.0218413307613394,4.068984859685079,0.0,0.042318728190007086,0.0,on,connected,True,synthetic_device_spec_v11
synthetic_customer_003,cabinet_003,2026-09-04 12:50:00+00:00,0,0,0,0,True,True,False,24.05830183795962,-48.7257072543557,2.9767160572456195,3.9460922092426367,0.670000300648065,0.013358573047111072,0.03388976856883755,on,connected,True,synthetic_device_spec_v11
synthetic_customer_003,cabinet_003,2026-09-04 13:00:00+00:00,0,0,0,0,True,True,False,23.932993032484138,-47.596740566864625,3.01150443881349,4.021505998177152,0.13982961246123043,0.022396784807949193,0.0,on,connected,True,synthetic_device_spec_v11
synthetic_customer_003,cabinet_003,2026-09-04 13:10:00+00:00,0,0,0,0,True,True,False,24.062820072082463,-48.01002114473961,2.980602289905839,3.859766898697576,0.0,0.0,0.0,on,connected,True,synthetic_device_spec_v11
synthetic_customer_003,cabinet_003,2026-09-04 13:20:00+00:00,0,0,0,0,True,True,False,23.953309470292336,-48.49664712712565,3.022685272313912,3.8922639004581274,0.6202867783316749,0.0,0.018588899220072612,on,connected,True,synthetic_device_spec_v11
synthetic_customer_003,cabinet_003,2026-09-04 13:30:00+00:00,0,0,0,0,True,True,False,23.994334645043427,-47.044149210141725,3.060000481503397,3.975969066604711,0.0,0.0,0.0,on,connected,True,synthetic_device_spec_v11
synthetic_customer_003,cabinet_003,2026-09-04 13:40:00+00:00,0,0,0,0,True,True,False,24.14999413715059,-46.705478272817004,3.031187995974159,4.037359187781374,0.12397136980394458,0.0,0.026960428643791116,on,connected,True,synthetic_device_spec_v11
synthetic_customer_003,cabinet_003,2026-09-04 13:50:00+00:00,0,0,0,0,True,True,False,24.046529778439,-48.79603436963556,2.9322956048088265,4.012406555622254,0.6577545201134277,0.0021211595253865377,0.0,on,connected,True,synthetic_device_spec_v11
synthetic_customer_003,cabinet_003,2026-09-04 14:00:00+00:00,0,0,0,0,True,True,False,23.814977041519104,-48.2336344402773,3.0231853133039213,3.9503375469440316,0.0,0.04204357386270348,0.029259169223176673,on,connected,True,synthetic_device_spec_v11
synthetic_customer_003,cabinet_003,2026-09-04 14:10:00+00:00,0,0,0,0,True,True,False,24.06219624495745,-47.82453978857346,3.0040159886506475,3.961987416959825,0.4493187785085998,0.014428452855987622,0.028434381488753893,on,connected,True,synthetic_device_spec_v11
synthetic_customer_003,cabinet_003,2026-09-04 14:20:00+00:00,0,0,0,0,True,True,False,23.971227491761258,-48.381573505716105,2.955674544349208,4.022918217953923,0.23443230500113432,0.019477230723137152,0.0,on,connected,True,synthetic_device_spec_v11
synthetic_customer_003,cabinet_003,2026-09-04 14:30:00+00:00,0,0,0,0,True,True,False,23.961868606634994,-47.575989988193186,3.0059655667221326,3.8950078652868796,0.41912441334761,0.006437877171663534,0.0,on,connected,True,synthetic_device_spec_v11
synthetic_customer_003,cabinet_003,2026-09-04 14:40:00+00:00,0,0,0,0,True,True,False,23.824963401786857,-44.81285406254807,2.9828683978657033,4.088099937693351,0.8002499079123759,0.0,0.0,on,connected,True,synthetic_device_spec_v11
synthetic_customer_003,cabinet_003,2026-09-04 14:50:00+00:00,0,0,0,0,True,True,False,23.91857058836114,-47.82873470735629,3.013997917133693,4.028892927359926,0.8120936539116589,0.014259852263405063,0.0,on,connected,True,synthetic_device_spec_v11
synthetic_customer_003,cabinet_003,2026-09-04 15:00:00+00:00,0,0,0,0,True,True,False,24.154609615421364,-48.15723934150707,3.047703239892822,4.06808629584774,0.0,0.0,0.0,on,connected,True,synthetic_device_spec_v11
synthetic_customer_003,cabinet_003,2026-09-04 15:10:00+00:00,0,0,0,0,True,True,False,24.015677667170912,-47.248595690459595,3.0494596936143497,3.9985193212710333,0.0,0.0,0.01866791674079914,on,connected,True,synthetic_device_spec_v11
synthetic_customer_003,cabinet_003,2026-09-04 15:20:00+00:00,0,0,0,0,True,True,False,24.05351993112594,-47.65444497244869,2.906175429612675,4.010999208406895,0.31117803540158256,0.04840894266940479,0.02346916485212788,on,connected,True,synthetic_device_spec_v11
synthetic_customer_003,cabinet_003,2026-09-04 15:30:00+00:00,0,0,0,0,True,True,False,24.0217768074175,-50.09398039985573,3.041466728192415,3.9964453462156375,0.0,0.017845385346302308,0.0209222697465779,on,connected,True,synthetic_device_spec_v11
synthetic_customer_003,cabinet_003,2026-09-04 15:40:00+00:00,0,0,0,0,True,True,False,23.939576531774726,-48.44650353472013,3.035156269800975,4.0123318839490345,1.0249690308784232,0.018668771333708905,0.0,on,connected,True,synthetic_device_spec_v11
synthetic_customer_003,cabinet_003,2026-09-04 15:50:00+00:00,0,0,0,0,True,True,False,24.040803328831768,-44.86885125176516,3.066019161107958,3.9111860973149852,0.6088919963919804,0.025030069807507233,0.0,on,connected,True,synthetic_device_spec_v11
synthetic_customer_003,cabinet_003,2026-09-04 16:00:00+00:00,0,0,0,0,True,True,False,23.87975950675092,-48.34374211600156,2.964951196636579,4.0145611650383906,0.263855194050357,0.024525781962936935,0.0,on,connected,True,synthetic_device_spec_v11
synthetic_customer_003,cabinet_003,2026-09-04 16:10:00+00:00,0,0,0,0,True,True,False,23.892356021968496,-47.70877270852903,2.9989324181339785,3.920159575910467,0.6928823046979695,0.0,0.012163754440518426,on,connected,True,synthetic_device_spec_v11
synthetic_customer_003,cabinet_003,2026-09-04 16:20:00+00:00,0,0,0,0,True,True,False,24.120245350508867,-47.79355266522879,2.9757168899694055,4.1138151147429625,0.2464364273519204,0.0153279863706382,0.006840133357705484,on,connected,True,synthetic_device_spec_v11
synthetic_customer_003,cabinet_003,2026-09-04 16:30:00+00:00,0,0,0,0,True,True,False,24.216178219520305,-49.325161879512656,2.969458299913658,3.9999585463465275,0.0,0.01966000050761984,0.008743640059828067,on,connected,True,synthetic_device_spec_v11
synthetic_customer_003,cabinet_003,2026-09-04 16:40:00+00:00,0,0,0,0,True,True,False,24.24393973829469,-46.886008600806676,3.0419845860875245,4.10602003113838,0.0,0.0,0.003528261793623837,on,connected,True,synthetic_device_spec_v11
synthetic_customer_003,cabinet_003,2026-09-04 16:50:00+00:00,0,0,0,0,True,True,False,23.834753041194702,-47.60904643175069,3.026412076181842,3.9112951137276477,0.21473787057813304,0.0044564546083646316,0.0,on,connected,True,synthetic_device_spec_v11
synthetic_customer_003,cabinet_003,2026-09-04 17:00:00+00:00,0,0,0,0,True,True,False,23.980525196804013,-47.186170073639026,3.0358072636279414,4.014604756611756,0.6868842038397753,0.000785867571143197,0.007169229699720902,on,connected,True,synthetic_device_spec_v11
synthetic_customer_003,cabinet_003,2026-09-04 17:10:00+00:00,0,0,0,0,True,True,False,23.868078662530262,-49.298640278680445,2.996915828237141,3.941672284657629,0.0,0.001066788466216094,0.0,on,connected,True,synthetic_device_spec_v11
synthetic_customer_003,cabinet_003,2026-09-04 17:20:00+00:00,0,0,0,0,True,True,False,23.94250620995342,-48.32849991226073,3.0735249053825826,3.9798461347538883,0.0,0.0,0.021278119644683045,on,connected,True,synthetic_device_spec_v11
synthetic_customer_003,cabinet_003,2026-09-04 17:30:00+00:00,0,0,0,0,True,True,False,24.033743868700356,-49.366020065866884,3.037494540946415,3.9719329388302134,0.7591507140673691,0.044698483168538396,0.0,on,connected,True,synthetic_device_spec_v11
synthetic_customer_003,cabinet_003,2026-09-04 17:40:00+00:00,0,0,0,0,True,True,False,24.003762752864347,-49.03383031514522,2.9824080015769474,3.975465838542108,0.0,0.0,0.04247632915817017,on,connected,True,synthetic_device_spec_v11
synthetic_customer_003,cabinet_003,2026-09-04 17:50:00+00:00,0,0,0,0,True,True,False,23.986630606327797,-49.08290195536719,3.0237639978398487,4.038522133027983,0.0,0.023426908086166175,0.0,on,connected,True,synthetic_device_spec_v11
synthetic_customer_003,cabinet_003,2026-09-04 18:00:00+00:00,0,0,0,0,True,True,False,24.034742143443,-47.63285687686346,2.9988844554591463,4.000654644147569,0.5064244728549888,0.0,0.01658952753832581,on,connected,True,synthetic_device_spec_v11
synthetic_customer_003,cabinet_003,2026-09-04 18:10:00+00:00,1,1,1,1,True,True,False,23.9001607132285,-47.96818849861054,2.9850848143616937,3.9190763900410803,0.0,0.0,0.008971390958927865,on,connected,True,synthetic_device_spec_v11
synthetic_customer_003,cabinet_003,2026-09-04 18:20:00+00:00,1,1,1,1,True,True,False,23.907842289825613,-48.263895175735726,3.0585513818468204,3.975504993038593,0.0,0.017320586735547143,0.011938485171752078,on,connected,True,synthetic_device_spec_v11
synthetic_customer_003,cabinet_003,2026-09-04 18:30:00+00:00,1,1,1,1,True,True,False,23.936917793661845,-48.8989770613484,3.0669157122622064,4.0557076858869525,0.0,0.0,0.0,on,connected,True,synthetic_device_spec_v11
synthetic_customer_003,cabinet_003,2026-09-04 18:40:00+00:00,0,0,0,0,True,True,False,24.074517361200005,-46.166851430229,2.9505215833243255,4.011278196233988,0.5428850735309979,0.030564232619076787,0.0,on,connected,True,synthetic_device_spec_v11
synthetic_customer_003,cabinet_003,2026-09-04 18:50:00+00:00,0,0,0,0,True,True,False,23.894517582543344,-48.818963908446406,2.9529611655732126,3.965184409677663,0.0,0.0,0.0,on,connected,True,synthetic_device_spec_v11
synthetic_customer_003,cabinet_003,2026-09-04 19:00:00+00:00,0,0,0,0,True,True,False,24.109264932805708,-47.60811774178766,3.0437470141773284,3.9844578879771686,0.35666871384295334,0.0060014169522970735,0.018674409346209706,on,connected,True,synthetic_device_spec_v11
synthetic_customer_003,cabinet_003,2026-09-04 19:10:00+00:00,0,0,0,0,True,True,False,24.121376949313756,-49.759950478370875,2.9840660959146246,3.9287357327828203,0.0,0.0011820781162670073,0.0025795007623505323,on,connected,True,synthetic_device_spec_v11
synthetic_customer_003,cabinet_003,2026-09-04 19:20:00+00:00,0,0,0,0,True,True,False,24.03577514019237,-46.77350420381564,3.004006230760278,4.008490379208686,0.0,0.009604364776122254,0.0,on,connected,True,synthetic_device_spec_v11
synthetic_customer_003,cabinet_003,2026-09-04 19:30:00+00:00,0,0,0,0,True,True,False,24.072946787553217,-48.25594795627805,3.0436361339649665,3.9229421526354846,0.3618749038242722,0.0,0.027042106676642978,on,connected,True,synthetic_device_spec_v11
synthetic_customer_003,cabinet_003,2026-09-04 19:40:00+00:00,0,0,0,0,True,True,False,23.955639262077725,-47.99443949554718,2.992084196159639,3.9520051538885514,0.0,0.0,0.0,on,connected,True,synthetic_device_spec_v11
synthetic_customer_003,cabinet_003,2026-09-04 19:50:00+00:00,0,0,0,0,True,True,False,23.98412546496731,-47.32770633258998,2.97370354454237,4.066636403129938,0.0,0.0069387913529802645,0.0,on,connected,True,synthetic_device_spec_v11
synthetic_customer_003,cabinet_003,2026-09-04 20:00:00+00:00,0,0,0,0,True,True,False,23.953894970966488,-48.765773384533304,2.9892581819970907,3.886009860378266,0.512261163700319,0.0,0.0,on,connected,True,synthetic_device_spec_v11
synthetic_customer_003,cabinet_003,2026-09-04 20:10:00+00:00,0,0,0,0,True,True,False,23.86125079433589,-47.86498432497815,3.008862813030031,3.977289301389284,0.07757317223280849,0.0273920769584329,0.0,on,connected,True,synthetic_device_spec_v11
synthetic_customer_003,cabinet_003,2026-09-04 20:20:00+00:00,0,0,0,0,True,True,False,23.875653272500575,-49.346924714673534,2.8886117990027445,4.02440421638141,0.0,0.009917782667963495,0.0,on,connected,True,synthetic_device_spec_v11
synthetic_customer_003,cabinet_003,2026-09-04 20:30:00+00:00,0,0,0,0,True,True,False,23.891471389060808,-47.23214240292307,2.8401922551439154,4.095128143388068,0.0,0.0,0.0026149452622102735,on,connected,True,synthetic_device_spec_v11
synthetic_customer_003,cabinet_003,2026-09-04 20:40:00+00:00,0,0,0,0,True,True,False,23.637674297221647,-46.68549894779049,2.802699351654247,3.9871171808964365,0.0,0.0,0.017905963941646653,on,connected,True,synthetic_device_spec_v11
synthetic_customer_003,cabinet_003,2026-09-04 20:50:00+00:00,0,0,0,0,True,True,False,23.89425233726129,-48.06743746041328,2.7273731146268605,3.908340258222633,0.0,0.0,0.0,on,connected,True,synthetic_device_spec_v11
synthetic_customer_003,cabinet_003,2026-09-04 21:00:00+00:00,0,0,0,0,True,True,False,23.97737918354273,-46.77252105111223,2.6754619691587007,4.038411781492258,0.13068659429181576,0.0,0.011469070012418417,on,connected,True,synthetic_device_spec_v11
synthetic_customer_003,cabinet_003,2026-09-04 21:10:00+00:00,0,0,0,0,True,True,False,23.959908890225336,-48.08625717387408,2.587005071403447,3.9907263055166577,0.0,0.004341365933391027,0.003674419372300196,on,connected,True,synthetic_device_spec_v11
synthetic_customer_003,cabinet_003,2026-09-04 21:20:00+00:00,0,0,0,0,True,True,False,23.959199526946147,-48.099536932875004,2.5688791266298066,4.101071823940499,0.27820840733620655,0.0,0.0,on,connected,True,synthetic_device_spec_v11
synthetic_customer_003,cabinet_003,2026-09-04 21:30:00+00:00,0,0,0,0,True,True,False,24.0902165487605,-48.43726981979063,2.5137472232626377,4.024234440004617,0.0,0.02051099774690325,0.0,on,connected,True,synthetic_device_spec_v11
synthetic_customer_003,cabinet_003,2026-09-04 21:40:00+00:00,0,0,0,0,True,True,False,24.101798482948322,-47.86309970888504,2.420030550868077,3.9964927939748476,0.3180363936037401,0.0,0.0,on,connected,True,synthetic_device_spec_v11
synthetic_customer_003,cabinet_003,2026-09-04 21:50:00+00:00,0,0,0,0,True,True,False,23.960258863816765,-47.62410399784554,2.3438966949160758,4.041901785200608,0.0,0.0,0.00022647343851720506,on,connected,True,synthetic_device_spec_v11
synthetic_customer_003,cabinet_003,2026-09-04 22:00:00+00:00,0,0,0,0,True,True,False,23.684155948311375,-48.25554044970599,2.362659307312108,4.0998413181816575,0.560183642915928,0.015396542489149394,0.012646474385925012,on,connected,True,synthetic_device_spec_v11
synthetic_customer_003,cabinet_003,2026-09-04 22:10:00+00:00,0,0,0,0,True,True,False,23.93398963066179,-47.979341755701455,2.2207560785472875,4.107460079774527,1.1224801017724182,0.01892644582633304,0.005946343869825903,on,connected,True,synthetic_device_spec_v11
synthetic_customer_003,cabinet_003,2026-09-04 22:20:00+00:00,0,0,0,0,True,True,False,23.981674309561466,-46.68451940320647,2.1679778351418624,3.9433317929263345,0.11166772504725181,0.029855417502452433,0.0,on,connected,True,synthetic_device_spec_v11
synthetic_customer_003,cabinet_003,2026-09-04 22:30:00+00:00,0,0,0,0,True,True,False,24.09443696431965,-47.012347888460155,2.167063869216966,3.9767367354633723,0.0,0.0,0.011974702259687933,on,connected,True,synthetic_device_spec_v11
synthetic_customer_003,cabinet_003,2026-09-04 22:40:00+00:00,0,0,0,0,True,True,False,24.081268548289074,-46.78705144099684,2.2055647504486835,3.9511236506337926,0.49008928605742164,0.0,0.03665807023853565,on,connected,True,synthetic_device_spec_v11
synthetic_customer_003,cabinet_003,2026-09-04 22:50:00+00:00,0,0,0,0,True,True,False,23.99957947395015,-47.79665593639817,2.1907338058303587,4.049388096867829,0.508464489643043,0.022444999054987196,0.007570336748037544,on,connected,True,synthetic_device_spec_v11
synthetic_customer_003,cabinet_003,2026-09-04 23:00:00+00:00,0,0,0,0,True,True,False,24.029524210401423,-46.85005894591554,2.211227645093827,3.986799559406252,0.39438671109130474,0.01242014101570262,0.011800210059251217,on,connected,True,synthetic_device_spec_v11
synthetic_customer_003,cabinet_003,2026-09-04 23:10:00+00:00,0,0,0,0,True,True,False,24.029337029339214,-45.978356923419824,2.169206592759297,3.9154664063358955,0.0,0.024744874171362997,0.0,on,connected,True,synthetic_device_spec_v11
synthetic_customer_003,cabinet_003,2026-09-04 23:20:00+00:00,0,0,0,0,True,True,False,23.924124770922514,-48.524497735083294,2.205929642595925,4.099463785897221,0.0,0.015155090556632356,0.0074766927609237754,on,connected,True,synthetic_device_spec_v11
synthetic_customer_003,cabinet_003,2026-09-04 23:30:00+00:00,0,0,0,0,True,True,False,23.902656474514867,-45.83258470111568,3.0373257808184984,3.983867429314141,0.7455410270159084,0.0,0.014026363640671549,on,connected,True,synthetic_device_spec_v11
synthetic_customer_003,cabinet_003,2026-09-04 23:40:00+00:00,0,0,0,0,True,True,False,24.074270228751125,-45.564147471668484,3.0122388329130927,4.057299614413321,0.0,0.03141991357132678,0.0018886782825484139,on,connected,True,synthetic_device_spec_v11
synthetic_customer_003,cabinet_003,2026-09-04 23:50:00+00:00,0,0,0,0,True,True,False,23.88975943464936,-47.50649201680757,2.988727920936968,3.94355046091253,0.054382276607128355,0.03178389636817285,0.02007071558057212,on,connected,True,synthetic_device_spec_v11
synthetic_customer_003,cabinet_003,2026-09-05 00:00:00+00:00,0,0,0,0,True,True,False,24.002954840993436,-49.15123817620218,2.896709186364344,3.916484655575928,0.0,0.034653108563798725,0.0,on,connected,True,synthetic_device_spec_v11
synthetic_customer_003,cabinet_003,2026-09-05 00:10:00+00:00,1,1,1,1,True,True,False,24.055138557018772,-48.872043717525656,3.0087355264525635,3.9010378499535543,0.03960972702981822,0.020463259349256108,0.0,on,connected,True,synthetic_device_spec_v11
synthetic_customer_003,cabinet_003,2026-09-05 00:20:00+00:00,1,1,1,1,True,True,False,23.754459495904456,-47.869992821767674,2.977264481782477,4.034533050870293,0.0,0.014257387609538092,0.0,on,connected,True,synthetic_device_spec_v11
synthetic_customer_003,cabinet_003,2026-09-05 00:30:00+00:00,1,1,1,1,True,True,False,23.969130906414414,-49.464951747450435,2.9540579590966978,4.016000287874814,0.5351898393396795,0.002205057446968197,0.0,on,connected,True,synthetic_device_spec_v11
synthetic_customer_003,cabinet_003,2026-09-05 00:40:00+00:00,0,0,0,0,True,True,False,23.93589028434567,-46.62668736861752,3.0240261249686795,4.030346403981205,0.0,0.0034639108993355194,0.0,on,connected,True,synthetic_device_spec_v11
synthetic_customer_003,cabinet_003,2026-09-05 00:50:00+00:00,0,0,0,0,True,True,False,23.96856137348246,-45.994768261638555,3.013619056057368,4.075926605744215,0.0,0.011486817827518644,0.017390273631849803,on,connected,True,synthetic_device_spec_v11
synthetic_customer_003,cabinet_003,2026-09-05 01:00:00+00:00,0,0,0,0,True,True,False,24.027561302553917,-47.90221035485969,2.951134619158145,3.9794386459766184,0.0,0.0,0.0,on,connected,True,synthetic_device_spec_v11
synthetic_customer_003,cabinet_003,2026-09-05 01:10:00+00:00,0,0,0,0,True,True,False,24.039389381721865,-48.163590838743225,3.0777932823326117,4.044975327172589,0.3705302380638741,0.0,0.02828971337131639,on,connected,True,synthetic_device_spec_v11
synthetic_customer_003,cabinet_003,2026-09-05 01:20:00+00:00,0,0,0,0,True,True,False,23.81261275371699,-45.883904989536006,2.907668063025471,4.006978375301413,0.0,0.03531362197737815,0.016412915543308912,on,connected,True,synthetic_device_spec_v11
synthetic_customer_003,cabinet_003,2026-09-05 01:30:00+00:00,0,0,0,0,True,True,False,24.26734595682239,-49.672409291127565,3.0307105134517833,4.068187582578431,0.0,0.03592690071506419,0.0,on,connected,True,synthetic_device_spec_v11
synthetic_customer_003,cabinet_003,2026-09-05 01:40:00+00:00,0,0,0,0,True,True,False,24.213424477758643,-47.034343151486794,2.97686648004099,4.014788963210636,0.06002022763571004,0.01514239447539503,0.012683705885443824,on,connected,True,synthetic_device_spec_v11
synthetic_customer_003,cabinet_003,2026-09-05 01:50:00+00:00,0,0,0,0,True,True,False,24.12510552249881,-48.698757869895374,3.018683783547184,4.025776822112998,0.4776138693077927,0.003238422476710984,0.0,on,connected,True,synthetic_device_spec_v11
synthetic_customer_003,cabinet_003,2026-09-05 02:00:00+00:00,0,0,0,0,True,True,False,23.87466554099725,-48.37301803263026,3.037137069717806,3.916246583396308,0.01825110186148016,0.02685257430196035,0.00020716734277428066,on,connected,True,synthetic_device_spec_v11
synthetic_customer_003,cabinet_003,2026-09-05 02:10:00+00:00,0,0,0,0,True,True,False,24.061907668664663,-47.64230200245958,2.9706812119295787,4.011359635744546,0.22716246209084592,0.0,0.0011361692296036991,on,connected,True,synthetic_device_spec_v11
synthetic_customer_003,cabinet_003,2026-09-05 02:20:00+00:00,0,0,0,0,True,True,False,24.0539633493617,-47.92395474613025,3.095268992693962,3.9519037451538623,0.15501285461826553,0.0,0.011523796614310711,on,connected,True,synthetic_device_spec_v11
synthetic_customer_003,cabinet_003,2026-09-05 02:30:00+00:00,0,0,0,0,True,True,False,23.911024432241724,-46.64863397698462,2.986443027912106,3.894324777934328,0.0,0.006729883048659226,0.0,on,connected,True,synthetic_device_spec_v11
synthetic_customer_003,cabinet_003,2026-09-05 02:40:00+00:00,0,0,0,0,True,True,False,24.097996428714747,-47.7959898048545,3.0420725728414317,4.0364459616610615,0.0,0.02039260319197435,0.0,on,connected,True,synthetic_device_spec_v11
synthetic_customer_003,cabinet_003,2026-09-05 02:50:00+00:00,0,0,0,0,True,True,False,23.958020326395133,-48.912369078090734,3.050007664594892,3.9153200925898854,0.26010536883590907,0.02602713464212334,0.024837203568641743,on,connected,True,synthetic_device_spec_v11
synthetic_customer_003,cabinet_003,2026-09-05 03:00:00+00:00,0,0,0,0,True,True,False,23.99641237406586,-46.487375875423176,2.973913752712335,3.8493297872435908,0.022580384550639456,0.021782984812015304,0.0010205094643596212,on,connected,True,synthetic_device_spec_v11
synthetic_customer_003,cabinet_003,2026-09-05 03:10:00+00:00,0,0,0,0,True,True,False,24.259672750534953,-45.722670139050265,2.9518034788878564,4.057994415496247,0.7015528931066484,0.002745728341676863,0.001169734363865782,on,connected,True,synthetic_device_spec_v11
synthetic_customer_003,cabinet_003,2026-09-05 03:20:00+00:00,0,0,0,0,True,True,False,23.78346913377087,-47.189485180990815,3.0326170569474162,4.015795619691585,0.0,0.0,0.03657912551089337,on,connected,True,synthetic_device_spec_v11
synthetic_customer_003,cabinet_003,2026-09-05 03:30:00+00:00,0,0,0,0,True,True,False,24.020086771233682,-47.78037255991054,3.0859845330499245,3.98734081526042,0.0,0.006547040063297461,0.001317262661011331,on,connected,True,synthetic_device_spec_v11
synthetic_customer_003,cabinet_003,2026-09-05 03:40:00+00:00,0,0,0,0,True,True,False,23.960391973340112,-48.428848292489036,3.0479392760362,4.030862821364275,0.0,0.023145863973614223,0.0,on,connected,True,synthetic_device_spec_v11
synthetic_customer_003,cabinet_003,2026-09-05 03:50:00+00:00,0,0,0,0,True,True,False,24.13985141243371,-47.74545149952301,2.9443199003556404,4.117298905750346,0.0,0.012244826056748051,0.020730443561935295,on,connected,True,synthetic_device_spec_v11
synthetic_customer_003,cabinet_003,2026-09-05 04:00:00+00:00,0,0,0,0,True,True,False,24.239261323211206,-46.402343443074,2.9695843300903677,3.9651292978420636,0.0,0.0,0.003063074055708835,on,connected,True,synthetic_device_spec_v11
synthetic_customer_003,cabinet_003,2026-09-05 04:10:00+00:00,0,0,0,0,True,True,False,24.008783068870766,-49.76770202431684,2.9622878531966093,4.0364025952369165,0.3667341690564737,0.0006937648246361835,0.00845277074532949,on,connected,True,synthetic_device_spec_v11
synthetic_customer_003,cabinet_003,2026-09-05 04:20:00+00:00,0,0,0,0,True,True,False,24.147115192753624,-47.1554428641612,2.957106515486512,3.974814296140107,1.5090075728217673,0.0,0.006627635393399133,on,connected,True,synthetic_device_spec_v11
synthetic_customer_003,cabinet_003,2026-09-05 04:30:00+00:00,0,0,0,0,True,True,False,24.275030553885546,-50.17157299434979,2.982600609650364,3.9726909174730958,3.5253623160997947,0.0,0.0,on,connected,True,synthetic_device_spec_v11
synthetic_customer_003,cabinet_003,2026-09-05 04:40:00+00:00,0,0,0,0,True,True,False,24.127654429619003,-48.08232476427591,2.999952098850196,4.013875411585912,5.964835958790189,0.0063988163077842,0.0,on,connected,True,synthetic_device_spec_v11
synthetic_customer_003,cabinet_003,2026-09-05 04:50:00+00:00,0,0,0,0,True,True,False,23.292734821123453,-49.231614145770266,2.977802317782027,3.908080309023477,8.539897977481944,0.0,0.0,on,connected,True,synthetic_device_spec_v11
synthetic_customer_003,cabinet_003,2026-09-05 05:00:00+00:00,0,0,0,0,True,True,False,23.235135568299476,-47.566186230309356,2.9842987955087144,4.02168626535538,10.926541658801108,0.01573355939474603,0.0,on,connected,True,synthetic_device_spec_v11
synthetic_customer_003,cabinet_003,2026-09-05 05:10:00+00:00,0,0,0,0,True,True,False,22.846653694380347,-48.42700609273606,3.0087187505614623,3.9467856377600956,12.539106151814215,0.0,0.0055399285073023125,on,connected,True,synthetic_device_spec_v11
synthetic_customer_003,cabinet_003,2026-09-05 05:20:00+00:00,0,0,0,0,True,True,False,22.4842693643733,-47.67826615248024,3.00256103978977,3.96037413232654,15.706269998934381,0.027336690865195065,0.0,on,connected,True,synthetic_device_spec_v11
synthetic_customer_003,cabinet_003,2026-09-05 05:30:00+00:00,0,0,0,0,True,True,False,22.214284590277522,-45.358959929036146,2.9158467221957474,3.9267297463312576,17.949429867121335,0.016509028208000164,0.021311489988603143,on,connected,True,synthetic_device_spec_v11
synthetic_customer_003,cabinet_003,2026-09-05 05:40:00+00:00,0,0,0,0,True,True,False,22.017084064127737,-46.946855253193405,2.998330357219758,4.060853463076378,20.77722041761476,0.023388924922557675,0.01265047822734894,on,connected,True,synthetic_device_spec_v11
synthetic_customer_003,cabinet_003,2026-09-05 05:50:00+00:00,0,0,0,0,True,True,False,21.741264832536938,-48.48637120284079,3.0731699549463327,3.8853778791909233,23.054001020083355,0.0,0.0081345433616915,on,connected,True,synthetic_device_spec_v11
synthetic_customer_003,cabinet_003,2026-09-05 06:00:00+00:00,0,0,0,0,True,True,False,21.564388611358414,-48.423915044289345,2.96629873806001,3.9979065511450766,24.84376154631795,0.009490583813435764,0.012823353714881051,on,connected,True,synthetic_device_spec_v11
synthetic_customer_003,cabinet_003,2026-09-05 06:10:00+00:00,1,1,1,1,True,True,False,21.00414680983669,-48.723131140042355,2.964868040160267,4.1295559411974985,24.60835836318306,0.010300951594596645,0.0,on,connected,True,synthetic_device_spec_v11
synthetic_customer_003,cabinet_003,2026-09-05 06:20:00+00:00,1,1,1,1,True,True,False,20.97072901061506,-46.8736995464652,3.0105889860874386,4.022189139653473,24.54985352061914,0.01608998290923033,0.024982205353604812,on,connected,True,synthetic_device_spec_v11
synthetic_customer_003,cabinet_003,2026-09-05 06:30:00+00:00,1,1,1,1,True,True,False,20.543022289172338,-47.1742866793645,2.9598135997068815,3.9756766709400253,24.56247945224247,0.024149391431231102,0.025548813132212356,on,connected,True,synthetic_device_spec_v11
synthetic_customer_003,cabinet_003,2026-09-05 06:40:00+00:00,0,0,0,0,True,True,False,20.42370223175093,-48.27945457153972,2.9918764684730843,4.10878465960103,0.0,0.0,0.0,on,connected,True,synthetic_device_spec_v11
synthetic_customer_003,cabinet_003,2026-09-05 06:50:00+00:00,0,0,0,0,True,True,False,19.729834839395192,-47.31865271293794,3.0274460482732435,3.955485304980255,0.9926066860134998,0.0023293228528439686,0.0,on,connected,True,synthetic_device_spec_v11
synthetic_customer_003,cabinet_003,2026-09-05 07:00:00+00:00,0,0,0,0,True,True,False,19.868374989476376,-46.710680442600186,2.9909538033477325,4.01879010262445,0.8723877419305673,0.0,0.0,on,connected,True,synthetic_device_spec_v11
synthetic_customer_003,cabinet_003,2026-09-05 07:10:00+00:00,0,0,0,0,True,True,False,19.441994340409284,-47.76924791428656,2.9508654900275832,4.019620827243157,0.22586372948213873,0.0047498926194836765,0.0,on,connected,True,synthetic_device_spec_v11
synthetic_customer_003,cabinet_003,2026-09-05 07:20:00+00:00,0,0,0,0,True,True,False,19.073595778372617,-47.62670597066769,2.9922790630672025,3.948996625560652,0.4595483102410015,0.0,0.0018099024386882395,on,connected,True,synthetic_device_spec_v11
synthetic_customer_003,cabinet_003,2026-09-05 07:30:00+00:00,0,0,0,0,True,True,False,18.670841968965487,-49.52262625421316,3.0419896695849467,3.972800853368967,0.4193683126209056,0.0,0.02426869955463958,on,connected,True,synthetic_device_spec_v11
synthetic_customer_003,cabinet_003,2026-09-05 08:20:00+00:00,0,0,0,0,True,True,False,23.831419416487655,-46.862371967422625,2.9960593122037644,3.99451783485845,0.5833611109796351,0.007449090305162802,0.0,on,connected,True,synthetic_device_spec_v11
synthetic_customer_003,cabinet_003,2026-09-05 08:30:00+00:00,0,0,0,0,True,True,False,24.25074659874188,-47.507484551873326,3.080640472653782,4.04505382316043,0.0,0.009166559588273004,0.004704277870762217,on,connected,True,synthetic_device_spec_v11
synthetic_customer_003,cabinet_003,2026-09-05 08:40:00+00:00,0,0,0,0,True,True,False,24.023342823764708,-48.683140534640756,3.0518172219668624,3.9347545584386054,1.0985316809856147,0.021072436761179196,0.01938969867460471,on,connected,True,synthetic_device_spec_v11
synthetic_customer_003,cabinet_003,2026-09-05 08:50:00+00:00,0,0,0,0,True,True,False,23.953567140374304,-48.776035071079974,3.0592876675540492,3.95819632358015,0.10246843535780487,0.024703330582671906,0.006785571175455995,on,connected,True,synthetic_device_spec_v11
synthetic_customer_003,cabinet_003,2026-09-05 09:00:00+00:00,0,0,0,0,True,True,False,24.247148671417843,-45.44500641366464,3.0434652112822707,4.081886729966981,0.601010680067601,0.0,0.047666814263760404,on,connected,True,synthetic_device_spec_v11
synthetic_customer_003,cabinet_003,2026-09-05 09:10:00+00:00,0,0,0,0,True,True,False,24.068541431856342,-48.7995219448,3.0241111948330905,4.0898072212177015,0.5501902096193881,0.0,0.0,on,connected,True,synthetic_device_spec_v11
synthetic_customer_003,cabinet_003,2026-09-05 09:20:00+00:00,0,0,0,0,True,True,False,24.0126403676274,-48.49186799668641,2.961087657865333,4.0215267682304425,0.0,0.03828239091012715,0.0,on,connected,True,synthetic_device_spec_v11
synthetic_customer_003,cabinet_003,2026-09-05 09:30:00+00:00,0,0,0,0,True,True,False,23.969415839209642,-48.420526563555086,3.035872202946481,4.006186618239716,0.1555749892945074,0.06691607142813315,0.006307490717085034,on,connected,True,synthetic_device_spec_v11
synthetic_customer_003,cabinet_003,2026-09-05 09:40:00+00:00,0,0,0,0,True,True,False,23.954318388770655,-47.234091689537976,2.9985925994155473,3.9733852004571792,0.19349201458715248,0.009969432227359284,0.018197761092032833,on,connected,True,synthetic_device_spec_v11
synthetic_customer_003,cabinet_003,2026-09-05 09:50:00+00:00,0,0,0,0,True,True,False,24.232700778507564,-45.28500189434485,2.9911110275709887,3.9540063757692625,0.005922519114842055,0.035021075157494426,0.0019234637124995026,on,connected,True,synthetic_device_spec_v11
synthetic_customer_003,cabinet_003,2026-09-05 10:00:00+00:00,0,0,0,0,True,True,False,23.991976276158045,-46.34750104575066,3.009787918472919,4.047128466338743,0.0,0.0,0.010836719027784228,on,connected,True,synthetic_device_spec_v11
synthetic_customer_003,cabinet_003,2026-09-05 10:10:00+00:00,0,0,0,0,True,True,False,23.96174303641795,-47.89522964092519,3.030471464658299,3.968771389909807,0.0,0.0,0.0,on,connected,True,synthetic_device_spec_v11
synthetic_customer_003,cabinet_003,2026-09-05 10:20:00+00:00,0,0,0,0,True,True,False,24.210549489111504,-48.13492887734112,2.9947801210430796,3.9992180740461087,0.0,0.029603046823949597,0.022023393284629166,on,connected,True,synthetic_device_spec_v11
synthetic_customer_003,cabinet_003,2026-09-05 10:30:00+00:00,0,0,0,0,True,True,False,24.007118781906,-47.05822251166002,2.853321349050966,3.851668211104209,0.0800828108490646,0.007546034834359843,0.0,on,connected,True,synthetic_device_spec_v11
synthetic_customer_003,cabinet_003,2026-09-05 10:40:00+00:00,0,0,0,0,True,True,False,24.276082394791377,-45.99023069519869,2.756331351322668,3.9848988487153476,0.10414486053624837,0.0,0.020432665768035624,on,connected,True,synthetic_device_spec_v11
synthetic_customer_003,cabinet_003,2026-09-05 10:50:00+00:00,0,0,0,0,True,True,False,24.00373601450958,-47.910653483855214,2.6309491809674195,3.91193929464607,0.12474203300685015,0.0,0.02740305206451447,on,connected,True,synthetic_device_spec_v11
synthetic_customer_003,cabinet_003,2026-09-05 11:00:00+00:00,0,0,0,0,True,True,False,24.027674009317842,-48.07256336795343,2.489494615614552,3.9560504812411823,0.5951610234374037,0.013676794095023837,0.0,on,connected,True,synthetic_device_spec_v11
synthetic_customer_003,cabinet_003,2026-09-05 11:10:00+00:00,0,0,0,0,True,True,False,23.928283652140472,-48.83045973234145,2.388785928989556,4.133179402923586,0.0,0.012557928237563038,0.0,on,connected,True,synthetic_device_spec_v11
synthetic_customer_003,cabinet_003,2026-09-05 11:20:00+00:00,0,0,0,0,True,True,False,23.914005988599286,-48.66053158813673,2.2334782544223937,3.9633728195385793,0.5458825390571964,0.0,0.0,on,connected,True,synthetic_device_spec_v11
synthetic_customer_003,cabinet_003,2026-09-05 11:30:00+00:00,0,0,0,0,True,True,False,24.1546573584953,-49.593273450981464,2.1417838851853124,3.940256782511347,0.0,0.0,0.0,on,connected,True,synthetic_device_spec_v11
synthetic_customer_003,cabinet_003,2026-09-05 11:40:00+00:00,0,0,0,0,True,True,False,24.142617687453086,-49.32556326649533,1.9953824652006549,3.948325898119981,0.37920898349476884,0.0,0.0,on,connected,True,synthetic_device_spec_v11
synthetic_customer_003,cabinet_003,2026-09-05 11:50:00+00:00,0,0,0,0,True,True,False,23.83025232798021,-48.779071691724155,1.803186454286866,4.013331971067817,0.0,0.01811942765248374,0.0,on,connected,True,synthetic_device_spec_v11
synthetic_customer_003,cabinet_003,2026-09-05 12:00:00+00:00,0,0,0,0,True,True,False,23.998043034398467,-46.718465855520776,1.6390187194915447,4.023596738324641,0.0,0.0,0.0030029453562531038,on,connected,True,synthetic_device_spec_v11
synthetic_customer_003,cabinet_003,2026-09-05 12:10:00+00:00,1,1,1,1,True,True,False,23.88490762556483,-46.90635718948771,1.5967212666399766,3.9289149675476285,0.672019461300177,0.0,0.0,on,connected,True,synthetic_device_spec_v11
synthetic_customer_003,cabinet_003,2026-09-05 12:20:00+00:00,1,1,1,1,True,True,False,24.043065945564837,-47.41296470515988,1.3952614437434467,4.04988346592087,0.0,0.0,0.04021928545171379,on,connected,True,synthetic_device_spec_v11
synthetic_customer_003,cabinet_003,2026-09-05 12:30:00+00:00,1,1,1,1,True,True,False,23.89731622997148,-47.41365502049922,1.2635071235747255,4.1034797390770565,0.09401941900186667,0.002775600609967904,0.0,on,connected,True,synthetic_device_spec_v11
synthetic_customer_003,cabinet_003,2026-09-05 12:40:00+00:00,0,0,0,0,True,True,False,23.989375814185628,-49.09564067932343,1.1273851733893325,4.017577959581095,0.0,0.018109389489874877,0.0,on,connected,True,synthetic_device_spec_v11
synthetic_customer_003,cabinet_003,2026-09-05 12:50:00+00:00,0,0,0,0,True,True,False,23.90928978718301,-48.35790559036495,1.0114102917201055,3.988415737054937,0.0,0.0,0.025045864289263805,on,connected,True,synthetic_device_spec_v11
synthetic_customer_003,cabinet_003,2026-09-05 13:00:00+00:00,0,0,0,0,True,True,False,23.99568773642613,-47.95197264479506,0.9992470412772788,3.9752234783863383,0.0,0.004290584622409047,0.0,on,connected,True,synthetic_device_spec_v11
synthetic_customer_003,cabinet_003,2026-09-05 13:10:00+00:00,0,0,0,0,True,True,False,24.042516097056925,-49.480865159703235,0.9879595638330805,3.9674077476192475,0.29832771824806487,0.00558426950648486,0.007254831918556605,on,connected,True,synthetic_device_spec_v11
synthetic_customer_003,cabinet_003,2026-09-05 13:20:00+00:00,0,0,0,0,True,True,False,24.169730093790932,-50.660667049253405,1.0323424378592883,3.9956025406689104,0.0,0.03905160434012614,0.0,on,connected,True,synthetic_device_spec_v11
synthetic_customer_003,cabinet_003,2026-09-05 13:30:00+00:00,0,0,0,0,True,True,False,24.18319654066929,-51.56728558747245,0.9794424398149251,4.059821882529469,0.0,0.09591787988943032,0.0,on,connected,True,synthetic_device_spec_v11
synthetic_customer_003,cabinet_003,2026-09-05 13:40:00+00:00,0,0,0,0,True,True,False,24.25065604297267,-54.64463568982532,0.9938580024235559,3.929103551490878,0.0,0.17990783426820067,0.0,on,connected,True,synthetic_device_spec_v11
synthetic_customer_003,cabinet_003,2026-09-05 13:50:00+00:00,0,0,0,0,True,True,False,24.005305972927772,-58.093112903874385,1.044644291648457,4.086849174119661,0.0,0.18230245750043544,0.020634081787029888,on,connected,True,synthetic_device_spec_v11
synthetic_customer_003,cabinet_003,2026-09-05 14:00:00+00:00,0,0,0,0,True,True,False,23.953593372433758,-58.68022758476229,1.0349564350225617,3.986145987494214,0.0,0.18767566983844378,0.0,on,connected,True,synthetic_device_spec_v11
synthetic_customer_003,cabinet_003,2026-09-05 14:10:00+00:00,0,0,0,0,True,True,False,23.8918623265008,-60.80288512210147,2.969781596331586,3.9623501369763447,0.004755949499984424,0.2597958444649269,0.03864069309024451,on,connected,True,synthetic_device_spec_v11
synthetic_customer_003,cabinet_003,2026-09-05 14:20:00+00:00,0,0,0,0,True,True,False,24.127615106919226,-64.15283163583696,2.9879042786356838,4.042091468027843,0.09921636933828079,0.3140166936868043,0.02378929012912942,on,connected,True,synthetic_device_spec_v11
synthetic_customer_003,cabinet_003,2026-09-05 14:30:00+00:00,0,0,0,0,True,True,False,24.043697764978816,-67.08923527996878,3.0452369801705204,3.9658937696535848,0.0,0.33758886627706347,0.0,on,connected,True,synthetic_device_spec_v11
synthetic_customer_003,cabinet_003,2026-09-05 14:40:00+00:00,0,0,0,0,True,True,False,23.927521768409868,-67.51556005950647,2.960051278927289,4.01690512829034,0.0,0.3435868027844079,0.0,on,connected,True,synthetic_device_spec_v11
synthetic_customer_003,cabinet_003,2026-09-05 14:50:00+00:00,0,0,0,0,True,True,False,23.966038308543382,-71.16239184335802,3.023799922535323,4.035138409239855,0.021166037612939878,0.3970828946108342,0.0007266304298225255,on,connected,True,synthetic_device_spec_v11
synthetic_customer_003,cabinet_003,2026-09-05 15:00:00+00:00,0,0,0,0,True,True,False,23.760014960346737,-71.12462541101104,3.045202679320258,3.9662989672470848,1.0356203264734343,0.44443462951191703,0.001710709423331708,on,connected,True,synthetic_device_spec_v11
synthetic_customer_003,cabinet_003,2026-09-05 15:10:00+00:00,0,0,0,0,True,True,False,24.066198444019392,-76.49661999375974,2.997697976975081,3.9804534915709757,0.0,0.5045723155135114,0.010612078407150772,on,connected,True,synthetic_device_spec_v11
synthetic_customer_003,cabinet_003,2026-09-05 15:20:00+00:00,0,0,0,0,True,True,False,23.91601369396548,-75.95799965771371,2.96426367167842,4.114776417714528,0.0,0.5023565424210023,0.0,on,connected,True,synthetic_device_spec_v11
synthetic_customer_003,cabinet_003,2026-09-05 15:30:00+00:00,0,0,0,0,True,True,False,24.02573093272946,-78.01387537805924,3.056809944394818,4.000282698557588,0.0,0.5608965900052645,0.0,on,connected,True,synthetic_device_spec_v11
synthetic_customer_003,cabinet_003,2026-09-05 15:40:00+00:00,0,0,0,0,True,True,False,24.156608799291224,-80.5708354237481,2.9984749427491058,3.973702341546323,0.2713010760691799,0.5700640241433644,0.0,on,connected,True,synthetic_device_spec_v11
synthetic_customer_003,cabinet_003,2026-09-05 15:50:00+00:00,0,0,0,0,True,True,False,24.0841561017103,-81.76791749879412,2.960183071459603,3.9847490860154577,0.0,0.6234876636679721,0.0,on,connected,True,synthetic_device_spec_v11
synthetic_customer_003,cabinet_003,2026-09-05 16:00:00+00:00,0,0,0,0,True,True,False,24.030787868646392,-84.57744734921155,3.0110832010819726,4.08502163431129,0.5900626591119845,0.6664824603000694,0.0458461531825391,on,connected,True,synthetic_device_spec_v11
synthetic_customer_003,cabinet_003,2026-09-05 17:20:00+00:00,0,0,0,0,True,True,False,23.967160150199916,-48.25357284510745,3.033096319529574,3.9490733534515874,0.06486735720435069,0.0,0.015370525218595079,on,connected,True,synthetic_device_spec_v11
synthetic_customer_003,cabinet_003,2026-09-05 17:30:00+00:00,0,0,0,0,True,True,False,23.98798255256831,-46.12593045713692,3.013346926792759,3.9869848702330506,0.0,0.0,0.003425613237923363,on,connected,True,synthetic_device_spec_v11
synthetic_customer_003,cabinet_003,2026-09-05 17:40:00+00:00,0,0,0,0,True,True,False,23.990985335310754,-48.70684563615923,3.110629044986882,3.9763375077023495,0.1734994052148261,0.0,0.0,on,connected,True,synthetic_device_spec_v11
synthetic_customer_003,cabinet_003,2026-09-05 17:50:00+00:00,0,0,0,0,True,True,False,23.973629750926662,-46.585674749942,3.025381862464946,3.9845627191444644,0.0,0.0,0.008374780328289151,on,connected,True,synthetic_device_spec_v11
synthetic_customer_003,cabinet_003,2026-09-05 18:00:00+00:00,0,0,0,0,True,True,False,24.11916145715788,-47.30621234110116,3.0136193064360923,3.992091776628295,0.0,0.0,0.0,on,connected,True,synthetic_device_spec_v11
synthetic_customer_003,cabinet_003,2026-09-05 18:10:00+00:00,1,1,1,1,True,True,False,23.896831315416893,-47.4250148998557,2.972630528196607,4.0659881307983,0.0,0.0,0.006007794974392038,on,connected,True,synthetic_device_spec_v11
synthetic_customer_003,cabinet_003,2026-09-05 18:20:00+00:00,1,1,1,1,True,True,False,23.922659857323417,-49.044730344580756,2.9653146769555985,4.057776176192792,0.4044664475254084,0.01497996275154227,0.013766957935671871,on,connected,True,synthetic_device_spec_v11
synthetic_customer_003,cabinet_003,2026-09-05 18:30:00+00:00,1,1,1,1,True,True,False,23.98322277143851,-47.614827072963735,2.9991694165103704,4.108291542578783,0.1251100515988386,0.048095128949065626,0.02323801074141302,on,connected,True,synthetic_device_spec_v11
synthetic_customer_003,cabinet_003,2026-09-05 18:40:00+00:00,0,0,0,0,True,True,False,24.040687600078837,-47.13038862117944,3.0060943100874957,4.018970360684613,0.7023538335268205,0.0,0.024567054146747397,on,connected,True,synthetic_device_spec_v11
synthetic_customer_003,cabinet_003,2026-09-05 18:50:00+00:00,0,0,0,0,True,True,False,24.123213913894983,-49.11076709221741,2.9660961015991067,4.0486856745347675,0.0,0.024727086983811878,0.0,on,connected,True,synthetic_device_spec_v11
synthetic_customer_003,cabinet_003,2026-09-05 19:00:00+00:00,0,0,0,0,True,True,False,23.955372138864064,-48.11072756110346,3.0838348238454003,3.9964120453558447,0.0,0.0,0.0,on,connected,True,synthetic_device_spec_v11
synthetic_customer_003,cabinet_003,2026-09-05 19:10:00+00:00,0,0,0,0,True,True,False,24.136138542151865,-47.41805619522695,2.968240147540503,4.073956178796656,0.0,0.010132364051606002,0.0,on,connected,True,synthetic_device_spec_v11
synthetic_customer_003,cabinet_003,2026-09-05 19:20:00+00:00,0,0,0,0,True,True,False,23.78933369583242,-47.95532508709686,2.9849478977563146,3.945221547553033,0.0,0.02648581049734003,0.0,on,connected,True,synthetic_device_spec_v11
synthetic_customer_003,cabinet_003,2026-09-05 19:30:00+00:00,0,0,0,0,True,True,False,23.84133732954399,-49.125040348909494,2.9821440118190607,3.9623684162923323,0.008498562078651817,0.0,0.0,on,connected,True,synthetic_device_spec_v11
synthetic_customer_003,cabinet_003,2026-09-05 19:40:00+00:00,0,0,0,0,True,True,False,23.99346071317547,-47.65268876773067,2.9564784741431733,4.1082144277434995,0.6381110414089852,0.027286127220907487,0.04812006809810904,on,connected,True,synthetic_device_spec_v11
synthetic_customer_003,cabinet_003,2026-09-05 19:50:00+00:00,0,0,0,0,True,True,False,24.175520463502053,-48.344353060951164,3.035856056716921,4.118918301595879,0.6393593204596302,0.013322841789462248,0.010088605453974326,on,connected,True,synthetic_device_spec_v11
synthetic_customer_003,cabinet_003,2026-09-05 20:00:00+00:00,0,0,0,0,True,True,False,24.087609858437254,-48.53223593308984,2.958720634658275,4.255569645644279,0.0,0.0,0.04797182249816805,on,connected,True,synthetic_device_spec_v11
synthetic_customer_003,cabinet_003,2026-09-05 20:10:00+00:00,0,0,0,0,True,True,False,23.841501327887023,-48.57899043541405,3.0465531924154408,4.474308398662503,0.34659444045624416,0.0,0.04925884150746704,on,connected,True,synthetic_device_spec_v11
synthetic_customer_003,cabinet_003,2026-09-05 20:20:00+00:00,0,0,0,0,True,True,False,24.073339527210997,-47.117991028533254,3.009455302795503,4.656242129415298,0.0,0.0,0.09954679835602219,on,connected,True,synthetic_device_spec_v11
synthetic_customer_003,cabinet_003,2026-09-05 20:30:00+00:00,0,0,0,0,True,True,False,23.93549520456479,-48.99866153662721,2.991980142941765,4.832342705501747,0.0,0.03581778569086292,0.11285797093245031,on,connected,True,synthetic_device_spec_v11
synthetic_customer_003,cabinet_003,2026-09-05 20:40:00+00:00,0,0,0,0,True,True,False,23.956258518940245,-47.473651174530914,2.9828067436403867,4.982688826434015,0.8871716517328883,0.0,0.1378291967741156,on,connected,True,synthetic_device_spec_v11
synthetic_customer_003,cabinet_003,2026-09-05 20:50:00+00:00,0,0,0,0,True,True,False,23.991705062823954,-47.314870159804414,2.989265356253616,5.108772761844255,0.0,0.0,0.1896324378445178,on,connected,True,synthetic_device_spec_v11
synthetic_customer_003,cabinet_003,2026-09-05 21:00:00+00:00,0,0,0,0,True,True,False,23.99488042852847,-47.956781060765046,2.947468108116665,5.51341974010483,0.19591141886314484,0.0,0.1675751615107068,on,connected,True,synthetic_device_spec_v11
synthetic_customer_003,cabinet_003,2026-09-05 21:10:00+00:00,0,0,0,0,True,True,False,24.035695476931828,-46.4417577931489,2.996179428393014,5.561532369168188,0.0,0.0,0.2424075776049045,on,connected,True,synthetic_device_spec_v11
synthetic_customer_003,cabinet_003,2026-09-05 21:20:00+00:00,0,0,0,0,True,True,False,23.87234076030559,-46.56703346190647,2.973249046732689,5.695151986535202,0.0,0.028461339340383973,0.2093570265507628,on,connected,True,synthetic_device_spec_v11
synthetic_customer_003,cabinet_003,2026-09-05 21:30:00+00:00,0,0,0,0,True,True,False,24.027596081743017,-47.87288498320165,2.9796732698922663,5.998586002834977,0.0,0.0,0.2510695051844266,on,connected,True,synthetic_device_spec_v11
synthetic_customer_003,cabinet_003,2026-09-05 21:40:00+00:00,0,0,0,0,True,True,False,23.929025853836166,-47.89148441804485,2.9851663226535554,6.13428741785389,0.0,0.0,0.25852684664047915,on,connected,True,synthetic_device_spec_v11
synthetic_customer_003,cabinet_003,2026-09-05 21:50:00+00:00,0,0,0,0,True,True,False,24.022537993553446,-48.32461837495503,2.9716678129975036,6.312177257488319,0.06475131193448189,0.0,0.2835325720981755,on,connected,True,synthetic_device_spec_v11
synthetic_customer_003,cabinet_003,2026-09-05 22:00:00+00:00,0,0,0,0,True,True,False,23.942959188163467,-47.001714587982086,3.066605328175319,6.3724310285035735,0.0,0.0037527053060765585,0.3178607002803193,on,connected,True,synthetic_device_spec_v11
synthetic_customer_003,cabinet_003,2026-09-05 22:10:00+00:00,0,0,0,0,True,True,False,24.186684470436298,-48.491421433185664,2.998473005664902,6.583310798228969,0.0,0.007070280802754009,0.3780139092289574,on,connected,True,synthetic_device_spec_v11
synthetic_customer_003,cabinet_003,2026-09-05 22:20:00+00:00,0,0,0,0,True,True,False,24.199488386774753,-48.905695500551715,2.9889985971019626,6.935458380182732,0.0,0.0,0.39545440756106914,on,connected,True,synthetic_device_spec_v11
synthetic_customer_003,cabinet_003,2026-09-05 22:30:00+00:00,0,0,0,0,True,True,False,23.896624027129782,-49.12915404796342,3.0388892547996527,6.93976212680677,0.0,0.03128159783898177,0.40113899990109536,on,connected,True,synthetic_device_spec_v11
synthetic_customer_003,cabinet_003,2026-09-05 22:40:00+00:00,0,0,0,0,True,True,False,23.96782144616771,-47.19465760533053,3.0309765877343207,7.051261715309434,0.0,0.054551221145552824,0.40748490690701045,on,connected,True,synthetic_device_spec_v11
synthetic_customer_003,cabinet_003,2026-09-05 22:50:00+00:00,0,0,0,0,True,True,False,23.910518791135175,-47.16605829260852,2.9848285435355764,7.0273285546160755,0.119682326248992,0.0,0.3935383762123631,on,connected,True,synthetic_device_spec_v11
synthetic_customer_003,cabinet_003,2026-09-05 23:00:00+00:00,0,0,0,0,True,True,False,24.029311460765335,-47.14127414476444,3.031824468836359,7.042584372635957,0.1686738699898988,0.0,0.40591515277491,on,connected,True,synthetic_device_spec_v11
synthetic_customer_003,cabinet_003,2026-09-05 23:10:00+00:00,0,0,0,0,True,True,False,23.98794205756457,-48.069021494254066,3.0101960045427822,6.962186940344259,0.0,0.0,0.3894006532230765,on,connected,True,synthetic_device_spec_v11
synthetic_customer_003,cabinet_003,2026-09-05 23:20:00+00:00,0,0,0,0,True,True,False,23.967244894356202,-49.04725392355773,2.9727811821562766,7.086197389489276,0.0,0.0,0.3879790560208936,on,connected,True,synthetic_device_spec_v11
synthetic_customer_003,cabinet_003,2026-09-05 23:30:00+00:00,0,0,0,0,True,True,False,24.12112383613295,-47.93084873055709,2.9719887591523797,6.978595397893131,0.0,0.0,0.3704697976501343,on,connected,True,synthetic_device_spec_v11
synthetic_customer_003,cabinet_003,2026-09-05 23:40:00+00:00,0,0,0,0,True,True,False,23.888163932436974,-49.088073552012155,2.956651285633633,3.984355512580388,0.0,0.03522281579067704,0.006443493919279493,on,connected,True,synthetic_device_spec_v11
synthetic_customer_003,cabinet_003,2026-09-05 23:50:00+00:00,0,0,0,0,True,True,False,23.86375003028649,-48.76062546774382,2.989588699494594,4.035197533487936,1.2866817192364535,0.015410404778105957,0.0,on,connected,True,synthetic_device_spec_v11
synthetic_customer_003,cabinet_003,2026-09-06 00:00:00+00:00,0,0,0,0,True,True,False,24.30175888763746,-47.98311094514418,2.952232426368513,3.960284144684444,0.0,0.0,0.006004827665813979,on,connected,True,synthetic_device_spec_v11
synthetic_customer_003,cabinet_003,2026-09-06 00:10:00+00:00,1,1,1,1,True,True,False,24.028260616910547,-47.89519738481836,2.982921779857489,4.018215955264522,0.0,0.0,0.0,on,connected,True,synthetic_device_spec_v11
synthetic_customer_003,cabinet_003,2026-09-06 00:20:00+00:00,1,1,1,1,True,True,False,23.826961999600204,-47.273722117789056,2.9416585417520213,3.908061914626602,0.21966573060752428,0.0,0.0,on,connected,True,synthetic_device_spec_v11
synthetic_customer_003,cabinet_003,2026-09-06 00:30:00+00:00,1,1,1,1,True,True,False,24.105903876314144,-46.80289110167413,3.0337422695754896,4.03405438284256,1.0338880038510816,0.0019613737726010163,0.025995019934871,on,connected,True,synthetic_device_spec_v11
synthetic_customer_003,cabinet_003,2026-09-06 00:40:00+00:00,0,0,0,0,True,True,False,24.119575890522555,-48.2224227063362,2.9972754423327976,3.951191706895728,0.0,0.0,0.0,on,connected,True,synthetic_device_spec_v11
synthetic_customer_003,cabinet_003,2026-09-06 00:50:00+00:00,0,0,0,0,True,True,False,24.02146972355026,-48.9928706939762,3.0048617684156578,4.024021475454199,0.22905840561496701,0.08480218565056732,0.016012951892980586,on,connected,True,synthetic_device_spec_v11
synthetic_customer_003,cabinet_003,2026-09-06 01:00:00+00:00,0,0,0,0,True,True,False,23.772681971113183,-47.01231778280212,2.964947277906582,3.999025018560294,0.2046827918626985,0.02096685656576114,0.028479276965815554,on,connected,True,synthetic_device_spec_v11
synthetic_customer_003,cabinet_003,2026-09-06 01:10:00+00:00,0,0,0,0,True,True,False,23.836828901171373,-47.97439755562262,3.0545390106604797,4.046433529699004,0.6034773016162115,0.0,0.0,on,connected,True,synthetic_device_spec_v11
synthetic_customer_003,cabinet_003,2026-09-06 01:20:00+00:00,0,0,0,0,True,True,False,24.100221180216426,-49.43509901044601,2.99393587672171,3.938806961573598,0.0,0.0,0.0,on,connected,True,synthetic_device_spec_v11
synthetic_customer_003,cabinet_003,2026-09-06 01:30:00+00:00,0,0,0,0,True,True,False,24.173277373290663,-48.407178762934585,2.95971610517545,3.8860371533452343,1.412079719431832,0.005502220784985374,0.012968804159351803,on,connected,True,synthetic_device_spec_v11
synthetic_customer_003,cabinet_003,2026-09-06 01:40:00+00:00,0,0,0,0,True,True,False,24.009633009777634,-47.007554167522,3.064362304635275,4.008256615103265,2.162124191257994,0.06252284727247556,0.021657814164142603,on,connected,True,synthetic_device_spec_v11
synthetic_customer_003,cabinet_003,2026-09-06 01:50:00+00:00,0,0,0,0,True,True,False,23.979783947566553,-47.944685419169815,3.014421535438585,3.957688494093198,3.8815282446686625,0.0,0.005071503847986326,on,connected,True,synthetic_device_spec_v11
synthetic_customer_003,cabinet_003,2026-09-06 02:00:00+00:00,0,0,0,0,True,True,False,24.137339539821806,-48.371225929451,2.9680939182558577,3.993824197558474,7.233896218329798,0.011218967340490306,0.0,on,connected,True,synthetic_device_spec_v11
synthetic_customer_003,cabinet_003,2026-09-06 02:10:00+00:00,0,0,0,0,True,True,False,23.91046689919897,-49.91313119401922,3.049543416820416,4.044180960030749,7.8795005732046794,0.0,0.0,on,connected,True,synthetic_device_spec_v11
synthetic_customer_003,cabinet_003,2026-09-06 02:20:00+00:00,0,0,0,0,True,True,False,24.142028563480338,-48.63748635186901,3.0458125728619168,4.10408889173332,10.300071992030793,0.0,0.0,on,connected,True,synthetic_device_spec_v11
synthetic_customer_003,cabinet_003,2026-09-06 02:30:00+00:00,0,0,0,0,True,True,False,23.96352778405276,-48.02952962053556,2.9865256614543525,3.958446634271726,12.137038046209646,0.01179954050751996,0.0,on,connected,True,synthetic_device_spec_v11
synthetic_customer_003,cabinet_003,2026-09-06 02:40:00+00:00,0,0,0,0,True,True,False,23.926201918063917,-47.62288115413494,2.9635144053227407,4.0326400318304385,13.244734934460995,0.0,0.0,on,connected,True,synthetic_device_spec_v11
synthetic_customer_003,cabinet_003,2026-09-06 02:50:00+00:00,0,0,0,0,True,True,False,23.896355238179407,-48.76909864027866,2.9711369760521475,3.978697814724734,15.1067189602115,0.0,0.0,on,connected,True,synthetic_device_spec_v11
synthetic_customer_003,cabinet_003,2026-09-06 03:00:00+00:00,0,0,0,0,True,True,False,23.87169205706235,-47.87655986777968,3.000428823003871,4.04711806596438,15.915901468331613,0.0,0.010484511299700747,on,connected,True,synthetic_device_spec_v11
synthetic_customer_003,cabinet_003,2026-09-06 03:10:00+00:00,0,0,0,0,True,True,False,23.86579844861403,-48.21859391602712,3.0143557915886836,4.063215788537444,18.33745398638588,0.0,0.0057173667245195,on,connected,True,synthetic_device_spec_v11
synthetic_customer_003,cabinet_003,2026-09-06 03:20:00+00:00,0,0,0,0,True,True,False,23.924636919605852,-48.336114139632116,2.977450798630954,3.990635578577226,20.25072918168048,0.0,0.00021642903238304825,on,connected,True,synthetic_device_spec_v11
synthetic_customer_003,cabinet_003,2026-09-06 03:30:00+00:00,0,0,0,0,True,True,False,23.86322749483917,-48.7945769481468,2.9823528011471807,3.9628151322087573,21.593782522014212,0.0019219279127285608,0.0,on,connected,True,synthetic_device_spec_v11
synthetic_customer_003,cabinet_003,2026-09-06 03:40:00+00:00,0,0,0,0,True,True,False,23.994235384723314,-47.55334387290835,3.0116721808836484,3.9561295047948604,23.193963237658366,0.005657872013029053,0.017601137362082162,on,connected,True,synthetic_device_spec_v11
synthetic_customer_003,cabinet_003,2026-09-06 03:50:00+00:00,0,0,0,0,True,True,False,24.066847861668553,-47.95323396386657,3.007412776949433,3.9759998087176767,25.196038691421144,0.0,0.012370060164150794,on,connected,True,synthetic_device_spec_v11
synthetic_customer_003,cabinet_003,2026-09-06 04:00:00+00:00,0,0,0,0,True,True,False,24.172637060941238,-48.499239719996346,2.990389671174839,4.025765632602784,25.666205425460763,0.023241736003111746,0.04105553952858054,on,connected,True,synthetic_device_spec_v11
synthetic_customer_003,cabinet_003,2026-09-06 04:10:00+00:00,0,0,0,0,True,True,False,23.919775326657412,-49.494673522459294,3.0407545732454206,4.071486979964182,24.723674942636656,0.0,0.010337300344830281,on,connected,True,synthetic_device_spec_v11
synthetic_customer_003,cabinet_003,2026-09-06 04:20:00+00:00,0,0,0,0,True,True,False,23.688491916542837,-48.91932200884159,2.991239526090175,3.9910880001198348,24.783529486903166,0.03273287550585698,0.0,on,connected,True,synthetic_device_spec_v11
synthetic_customer_003,cabinet_003,2026-09-06 04:30:00+00:00,0,0,0,0,True,True,False,23.404421869715122,-47.908303003436814,2.9587361752834704,3.9777962790502763,24.98923243694162,0.009332694527182108,0.004486735710209243,on,connected,True,synthetic_device_spec_v11
synthetic_customer_003,cabinet_003,2026-09-06 04:40:00+00:00,0,0,0,0,True,True,False,22.978903366148234,-48.41406625981679,2.9910722863378982,4.010886575436568,24.078363307365205,0.0047684245645481715,0.014092902017838483,on,connected,True,synthetic_device_spec_v11
synthetic_customer_003,cabinet_003,2026-09-06 04:50:00+00:00,0,0,0,0,True,True,False,22.16084966049916,-48.73598887873123,3.016732121891692,4.070336190842575,25.07704358595558,0.0,0.0,on,connected,True,synthetic_device_spec_v11
synthetic_customer_003,cabinet_003,2026-09-06 05:00:00+00:00,0,0,0,0,True,True,False,21.86636220408112,-48.10890267594337,2.958450562556111,4.028314968856068,24.998367166612752,0.001132852557731689,0.0,on,connected,True,synthetic_device_spec_v11
synthetic_customer_003,cabinet_003,2026-09-06 05:10:00+00:00,0,0,0,0,True,True,False,21.544445143191215,-48.62520440106078,3.0266399510585256,4.023308828731889,0.0,0.0,0.0,on,connected,True,synthetic_device_spec_v11
synthetic_customer_003,cabinet_003,2026-09-06 05:20:00+00:00,0,0,0,0,True,True,False,20.792823219645243,-47.06851963406351,2.974830937931177,4.111659235400827,0.993698455697392,0.007063066007863682,0.0,on,connected,True,synthetic_device_spec_v11
synthetic_customer_003,cabinet_003,2026-09-06 05:30:00+00:00,0,0,0,0,True,True,False,20.49659892311631,-46.82737988406479,2.9256921773274507,4.0052591074523525,0.040379253812022425,0.0,0.008676302101881956,on,connected,True,synthetic_device_spec_v11
synthetic_customer_003,cabinet_003,2026-09-06 05:40:00+00:00,0,0,0,0,True,True,False,19.920732710372278,-48.29384467583231,3.0569043419127295,3.9946740255045476,0.08520996290103286,0.0,0.0,on,connected,True,synthetic_device_spec_v11
synthetic_customer_003,cabinet_003,2026-09-06 05:50:00+00:00,0,0,0,0,True,True,False,19.581869043175086,-48.85235699075842,2.9507089009066596,4.039714181192252,0.0,0.0,0.0,on,connected,True,synthetic_device_spec_v11
synthetic_customer_003,cabinet_003,2026-09-06 06:00:00+00:00,0,0,0,0,True,True,False,19.14610175587964,-45.94603249151695,3.0189659675133003,4.017903587248739,0.08656768837783331,0.0,0.014107426381065729,on,connected,True,synthetic_device_spec_v11
synthetic_customer_003,cabinet_003,2026-09-06 06:10:00+00:00,1,1,1,1,True,True,False,18.74108541318778,-48.668696009688404,3.045302755659206,3.9253009234962453,0.29609252052272167,0.010584549838806943,0.0,on,connected,True,synthetic_device_spec_v11
synthetic_customer_003,cabinet_003,2026-09-06 06:50:00+00:00,0,0,0,0,True,True,False,24.00013817358058,-46.38883236122734,3.017034360536234,3.935893976391006,0.0,0.0,0.0,on,connected,True,synthetic_device_spec_v11
synthetic_customer_003,cabinet_003,2026-09-06 07:00:00+00:00,0,0,0,0,True,True,False,24.21157564618357,-45.51836027126396,2.9450063561376947,3.9529393681851124,0.0,0.0,0.0,on,connected,True,synthetic_device_spec_v11
synthetic_customer_003,cabinet_003,2026-09-06 07:10:00+00:00,0,0,0,0,True,True,False,23.973187142982244,-47.936437429030256,2.9709926017963557,4.036390202971845,0.0,0.009932600320308377,0.0,on,connected,True,synthetic_device_spec_v11
synthetic_customer_003,cabinet_003,2026-09-06 07:20:00+00:00,0,0,0,0,True,True,False,24.023080536866093,-47.874247027050686,2.9457379271609385,3.9247837686043314,0.0,0.03545569560887242,0.0070396320549786255,on,connected,True,synthetic_device_spec_v11
synthetic_customer_003,cabinet_003,2026-09-06 07:30:00+00:00,0,0,0,0,True,True,False,24.09864102130217,-46.93162990768456,3.0527590866490386,4.066188916196398,0.5395874808069486,0.016611753193940402,0.0,on,connected,True,synthetic_device_spec_v11
synthetic_customer_003,cabinet_003,2026-09-06 07:40:00+00:00,0,0,0,0,True,True,False,24.195856126371257,-48.76090682959373,2.956112997824081,4.036657358507368,1.0037196149653829,0.007488902585013359,0.0,on,connected,True,synthetic_device_spec_v11
synthetic_customer_003,cabinet_003,2026-09-06 07:50:00+00:00,0,0,0,0,True,True,False,23.64571219641334,-48.02158967262173,2.9726757216432187,4.072481775272733,0.5698012021524119,0.042686706810895717,0.0,on,connected,True,synthetic_device_spec_v11
synthetic_customer_003,cabinet_003,2026-09-06 08:00:00+00:00,0,0,0,0,True,True,False,23.857726682601896,-48.16819177151155,3.02068728355563,3.92844137330189,0.4100166007377694,0.0,0.0020228020889777707,on,connected,True,synthetic_device_spec_v11
synthetic_customer_003,cabinet_003,2026-09-06 08:10:00+00:00,0,0,0,0,True,True,False,23.943482263073214,-47.809428252112305,2.9558467587644937,4.078213857111164,0.2384148550082886,0.0,0.0,on,connected,True,synthetic_device_spec_v11
synthetic_customer_003,cabinet_003,2026-09-06 08:20:00+00:00,0,0,0,0,True,True,False,24.23859958860608,-47.61307988503361,3.091410744636463,3.90144232013336,0.0,0.0,0.0,on,connected,True,synthetic_device_spec_v11
synthetic_customer_003,cabinet_003,2026-09-06 08:30:00+00:00,0,0,0,0,True,True,False,24.027071208081168,-46.38868092171148,3.0382435050957515,3.95498916202747,0.07758115442232329,0.0,0.0,on,connected,True,synthetic_device_spec_v11
synthetic_customer_003,cabinet_003,2026-09-06 08:40:00+00:00,0,0,0,0,True,True,False,24.15289798566012,-46.73625746124181,2.9937275007864206,4.011605938699773,0.0,0.012820651366347417,0.0,on,connected,True,synthetic_device_spec_v11
synthetic_customer_003,cabinet_003,2026-09-06 08:50:00+00:00,0,0,0,0,True,True,False,23.936411651037986,-46.538262077340114,2.9663480507590267,4.083163502689454,0.35258782239033487,0.0,0.013363521726251753,on,connected,True,synthetic_device_spec_v11
synthetic_customer_003,cabinet_003,2026-09-06 09:00:00+00:00,0,0,0,0,True,True,False,23.885869163361875,-47.735543517262606,3.0226305785074703,4.055038694293952,0.08710300104224418,0.0,0.0,on,connected,True,synthetic_device_spec_v11
synthetic_customer_003,cabinet_003,2026-09-06 09:10:00+00:00,0,0,0,0,True,True,False,23.97725588572571,-47.75149613236186,2.960969633087852,3.9939503499627347,0.0,0.025252654521753695,0.0,on,connected,True,synthetic_device_spec_v11
synthetic_customer_003,cabinet_003,2026-09-06 09:20:00+00:00,0,0,0,0,True,True,False,24.03276734770653,-46.950271825920375,3.0145591007151133,4.002010312165868,0.0,0.0,0.0,on,connected,True,synthetic_device_spec_v11
synthetic_customer_003,cabinet_003,2026-09-06 09:30:00+00:00,0,0,0,0,True,True,False,24.001918435954536,-47.72290951972244,3.048616797336066,3.9251710529729,0.1509792633497257,0.0,0.0,on,connected,True,synthetic_device_spec_v11
synthetic_customer_003,cabinet_003,2026-09-06 09:40:00+00:00,0,0,0,0,True,True,False,23.977549749579893,-50.7296452087448,3.009333426111579,3.990255489467157,0.0,0.019191393219498584,0.013664320426549012,on,connected,True,synthetic_device_spec_v11
synthetic_customer_003,cabinet_003,2026-09-06 09:50:00+00:00,0,0,0,0,True,True,False,23.997549399130968,-45.170988316740534,3.0214988555324642,4.030719366481153,0.0,0.0,0.021744844138772253,on,connected,True,synthetic_device_spec_v11
synthetic_customer_003,cabinet_003,2026-09-06 10:00:00+00:00,0,0,0,0,True,True,False,23.9164674164448,-47.00971602046929,3.0373807774377726,3.966609954713267,0.0,0.0,0.0,on,connected,True,synthetic_device_spec_v11
synthetic_customer_003,cabinet_003,2026-09-06 10:10:00+00:00,0,0,0,0,True,True,False,24.01109076417078,-47.11816293458466,3.0364075912985453,3.907467138274077,0.37576840347453744,0.0,0.003887357626234555,on,connected,True,synthetic_device_spec_v11
synthetic_customer_003,cabinet_003,2026-09-06 10:20:00+00:00,0,0,0,0,True,True,False,24.13437841051085,-47.37189638110694,3.093238572413194,4.015285683541545,0.0,0.0,0.033101849830486675,on,connected,True,synthetic_device_spec_v11
synthetic_customer_003,cabinet_003,2026-09-06 10:30:00+00:00,0,0,0,0,True,True,False,24.199475636965296,-47.17851977078368,3.020585771711263,4.03174314651292,0.0,0.01954935703290109,0.0,on,connected,True,synthetic_device_spec_v11
synthetic_customer_003,cabinet_003,2026-09-06 10:40:00+00:00,0,0,0,0,True,True,False,24.04881159767173,-45.637558787293386,3.0040670502628313,3.879314821993971,0.0,0.0,0.009833669053191857,on,connected,True,synthetic_device_spec_v11
synthetic_customer_003,cabinet_003,2026-09-06 10:50:00+00:00,0,0,0,0,True,True,False,23.824333300063863,-47.58680381096013,2.905326392153186,4.030679651097507,0.0,0.0176855699032865,0.026652583281492146,on,connected,True,synthetic_device_spec_v11
synthetic_customer_003,cabinet_003,2026-09-06 11:00:00+00:00,0,0,0,0,True,True,False,24.086257005663057,-48.576950877224895,3.074649324245771,4.012178310831501,0.0,0.0,0.0,on,connected,True,synthetic_device_spec_v11
synthetic_customer_003,cabinet_003,2026-09-06 11:10:00+00:00,0,0,0,0,True,True,False,24.062592190350816,-48.624196242132065,3.006877701188049,3.9628116678400014,0.021810026801697382,0.0,0.016631034532535553,on,connected,True,synthetic_device_spec_v11
synthetic_customer_003,cabinet_003,2026-09-06 11:20:00+00:00,0,0,0,0,True,True,False,23.88428786128847,-48.960712173735274,3.020610884824568,3.94887804644751,0.05106466979530117,0.028020911087005967,0.003598433624047293,on,connected,True,synthetic_device_spec_v11
synthetic_customer_003,cabinet_003,2026-09-06 11:30:00+00:00,0,0,0,0,True,True,False,23.826943916018074,-48.56519825627777,3.0554997674402444,4.03083380821674,0.0,0.028241911680508092,0.0,on,connected,True,synthetic_device_spec_v11
synthetic_customer_003,cabinet_003,2026-09-06 11:40:00+00:00,0,0,0,0,True,True,False,23.97435808056763,-47.001677848356735,3.045063573599925,3.9635277358665495,0.14187412309161357,0.01846809446319291,0.0,on,connected,True,synthetic_device_spec_v11
synthetic_customer_003,cabinet_003,2026-09-06 11:50:00+00:00,0,0,0,0,True,True,False,23.872878032546822,-46.60068744719549,2.9306332141719955,3.9948576045155337,0.0,0.021395997677169116,0.007243998674929005,on,connected,True,synthetic_device_spec_v11
synthetic_customer_003,cabinet_003,2026-09-06 12:00:00+00:00,0,0,0,0,True,True,False,24.1698236749684,-48.26906749719288,2.9472536138625327,3.997779928299936,0.0,0.007614622187908225,0.0,on,connected,True,synthetic_device_spec_v11
synthetic_customer_003,cabinet_003,2026-09-06 12:10:00+00:00,1,1,1,1,True,True,False,23.937753529470218,-48.490286389858454,2.90199417249283,4.024169033755414,0.1530295597219212,0.039486959602882794,0.0,on,connected,True,synthetic_device_spec_v11
synthetic_customer_003,cabinet_003,2026-09-06 12:20:00+00:00,1,1,1,1,True,True,False,23.88327664433513,-48.24009868747317,2.8512052137358195,3.998981292374377,0.0,0.0,0.03301191822515806,on,connected,True,synthetic_device_spec_v11
synthetic_customer_003,cabinet_003,2026-09-06 12:30:00+00:00,1,1,1,1,True,True,False,24.009936212025796,-48.00270909965442,2.7120759512871104,4.035106947502608,0.0,0.0,0.005450157438604281,on,connected,True,synthetic_device_spec_v11
synthetic_customer_003,cabinet_003,2026-09-06 12:40:00+00:00,0,0,0,0,True,True,False,24.03257809048518,-48.129376198713196,2.675702768271965,4.00450900518688,0.0,0.03028434384368796,0.010511723708016283,on,connected,True,synthetic_device_spec_v11
synthetic_customer_003,cabinet_003,2026-09-06 12:50:00+00:00,0,0,0,0,True,True,False,23.921459268796713,-47.291026261760386,2.62558888272199,3.936192496489029,0.0,0.0,0.0,on,connected,True,synthetic_device_spec_v11
synthetic_customer_003,cabinet_003,2026-09-06 13:00:00+00:00,0,0,0,0,True,True,False,23.918007986670155,-45.380768008932506,2.5426266215316486,4.0785218276488875,0.29354211267215663,0.009295624993058332,0.0,on,connected,True,synthetic_device_spec_v11
synthetic_customer_003,cabinet_003,2026-09-06 13:10:00+00:00,0,0,0,0,True,True,False,23.991560185570712,-47.58009405713891,2.3963850113569665,3.9605838826249458,0.0,0.0,0.0,on,connected,True,synthetic_device_spec_v11
synthetic_customer_003,cabinet_003,2026-09-06 13:20:00+00:00,0,0,0,0,True,True,False,23.981653111252292,-47.52932805109078,2.4595666226082784,3.934808848305223,0.0,0.0,0.0,on,connected,True,synthetic_device_spec_v11
synthetic_customer_003,cabinet_003,2026-09-06 13:30:00+00:00,0,0,0,0,True,True,False,23.938750456412702,-47.65367508144122,2.3099033649279903,4.1264027577520235,0.0,0.006183842218168179,0.0003651669146216728,on,connected,True,synthetic_device_spec_v11
synthetic_customer_003,cabinet_003,2026-09-06 13:40:00+00:00,0,0,0,0,True,True,False,24.017923900214154,-46.44683399945147,2.3128233428384473,4.030977319213918,0.0,0.0,0.0,on,connected,True,synthetic_device_spec_v11
synthetic_customer_003,cabinet_003,2026-09-06 13:50:00+00:00,0,0,0,0,True,True,False,23.967715777510342,-49.47485304815349,2.1323583931896395,4.008031310993379,0.21265392154446827,0.006495922125173118,0.027910402833638874,on,connected,True,synthetic_device_spec_v11
synthetic_customer_003,cabinet_003,2026-09-06 14:00:00+00:00,0,0,0,0,True,True,False,23.996304889439582,-48.33486619684338,2.178249793611253,4.007727392832466,0.0,0.0014383920652997256,0.0,on,connected,True,synthetic_device_spec_v11
synthetic_customer_003,cabinet_003,2026-09-06 14:10:00+00:00,0,0,0,0,True,True,False,23.640069519925408,-47.781229592352396,2.1526611706659864,4.062761435059667,0.0,0.009775692467731127,0.0,on,connected,True,synthetic_device_spec_v11
synthetic_customer_003,cabinet_003,2026-09-06 14:20:00+00:00,0,0,0,0,True,True,False,24.050781013394367,-47.85876036071145,2.101088904578566,3.9060966256870735,0.7463536773443673,0.0224725655164643,0.0,on,connected,True,synthetic_device_spec_v11
synthetic_customer_003,cabinet_003,2026-09-06 14:30:00+00:00,0,0,0,0,True,True,False,24.06193130773958,-48.458682602917676,1.9731563333493771,3.865102767155337,0.0,0.04683800344462367,0.012529976531807534,on,connected,True,synthetic_device_spec_v11
synthetic_customer_003,cabinet_003,2026-09-06 14:40:00+00:00,0,0,0,0,True,True,False,23.85224465805217,-50.01519903574571,1.8493892241293224,3.9930327925123743,0.6773188367546301,0.0,0.0,on,connected,True,synthetic_device_spec_v11
synthetic_customer_003,cabinet_003,2026-09-06 14:50:00+00:00,0,0,0,0,True,True,False,24.12831284232117,-46.229903234750786,2.650616017793623,3.9661405131426255,0.5117825824659771,0.013316280612285188,0.0034931810519699454,on,connected,True,synthetic_device_spec_v11
synthetic_customer_003,cabinet_003,2026-09-06 15:00:00+00:00,0,0,0,0,True,True,False,23.931231314036797,-48.69445106523064,2.4807588052769143,3.992949069222186,0.8129136193380844,0.0,0.0,on,connected,True,synthetic_device_spec_v11
synthetic_customer_003,cabinet_003,2026-09-06 15:10:00+00:00,0,0,0,0,True,True,False,24.041721513854103,-48.40316825451514,2.394803592413664,4.014602996353475,0.1252061503515481,0.0,0.0,on,connected,True,synthetic_device_spec_v11
synthetic_customer_003,cabinet_003,2026-09-06 15:20:00+00:00,0,0,0,0,True,True,False,23.845020044944235,-47.71900022097084,2.2689255551761387,4.016354595869059,0.0,0.03955107934792359,0.009134728561079714,on,connected,True,synthetic_device_spec_v11
synthetic_customer_003,cabinet_003,2026-09-06 15:30:00+00:00,0,0,0,0,True,True,False,24.191090843571093,-48.579618529156804,2.2317306390833953,4.017755186784807,0.7529642165947382,0.0,0.0,on,connected,True,synthetic_device_spec_v11
synthetic_customer_003,cabinet_003,2026-09-06 15:40:00+00:00,0,0,0,0,True,True,False,24.148358056579813,-47.574634343436244,2.108558511610103,4.002422114657296,0.5753612394300361,0.0,0.0049244491468557776,on,connected,True,synthetic_device_spec_v11
synthetic_customer_003,cabinet_003,2026-09-06 15:50:00+00:00,0,0,0,0,True,True,False,23.989054807678286,-48.17338970726524,1.9421037174295033,4.049511861809706,0.4868071764335683,0.0,0.0,on,connected,True,synthetic_device_spec_v11
synthetic_customer_003,cabinet_003,2026-09-06 16:00:00+00:00,0,0,0,0,True,True,False,23.783431725168022,-45.608110995428525,1.8724542771208035,4.001285247357577,0.006259125158483326,0.015609593097169179,0.0,on,connected,True,synthetic_device_spec_v11
synthetic_customer_003,cabinet_003,2026-09-06 16:10:00+00:00,0,0,0,0,True,True,False,24.232201311756864,-49.0300713001563,1.7590711541833988,3.9228090826522344,0.388926209781751,0.0,0.0,on,connected,True,synthetic_device_spec_v11
synthetic_customer_003,cabinet_003,2026-09-06 16:20:00+00:00,0,0,0,0,True,True,False,23.972298585814315,-46.58958380847778,1.6629068577626387,4.082074584785892,0.2677131885980567,0.018373766575049147,0.0,on,connected,True,synthetic_device_spec_v11
synthetic_customer_003,cabinet_003,2026-09-06 16:30:00+00:00,0,0,0,0,True,True,False,24.11492657605497,-50.655811826278416,1.527162978524913,4.045229067129057,0.4221645806354416,0.0,0.0018493012667820355,on,connected,True,synthetic_device_spec_v11
synthetic_customer_003,cabinet_003,2026-09-06 16:40:00+00:00,0,0,0,0,True,True,False,24.03200252688675,-47.68128800386851,1.460492484102965,4.000917894302412,0.0,0.0,0.0,on,connected,True,synthetic_device_spec_v11
synthetic_customer_003,cabinet_003,2026-09-06 16:50:00+00:00,0,0,0,0,True,True,False,24.17636617164018,-50.06487667462311,1.3455510335259255,4.021589908839663,0.0,0.0,0.02522154113035729,on,connected,True,synthetic_device_spec_v11
synthetic_customer_003,cabinet_003,2026-09-06 17:00:00+00:00,0,0,0,0,True,True,False,24.04333245802728,-49.119748305232726,1.1839881759899284,3.9515516439672043,0.0,0.0,0.01112799927978717,on,connected,True,synthetic_device_spec_v11
synthetic_customer_003,cabinet_003,2026-09-06 17:10:00+00:00,0,0,0,0,True,True,False,24.2108645057597,-49.16973011314588,1.1147140788560197,3.902105014034473,0.0,0.030491543823093555,0.00039658281593156274,on,connected,True,synthetic_device_spec_v11
synthetic_customer_003,cabinet_003,2026-09-06 17:20:00+00:00,0,0,0,0,True,True,False,24.0473956700063,-48.43521231525192,0.9820387193677858,4.005627597810018,0.0,0.0,0.024001992550214457,on,connected,True,synthetic_device_spec_v11
synthetic_customer_003,cabinet_003,2026-09-06 17:30:00+00:00,0,0,0,0,True,True,False,24.155803445816844,-49.13904502354329,1.0053294125506267,4.053033033921294,0.0,0.002275149704861594,0.0,on,connected,True,synthetic_device_spec_v11
synthetic_customer_003,cabinet_003,2026-09-06 17:40:00+00:00,0,0,0,0,True,True,False,24.115211070027932,-48.50901343374726,0.9348810877474995,3.9589943390225,0.0,0.02178132750340073,0.0,on,connected,True,synthetic_device_spec_v11
synthetic_customer_003,cabinet_003,2026-09-06 17:50:00+00:00,0,0,0,0,True,True,False,23.995947348028672,-49.98093984427362,1.0102450834613963,4.030553632791384,0.0031585234800863213,0.0552164361941783,0.0,on,connected,True,synthetic_device_spec_v11
synthetic_customer_003,cabinet_003,2026-09-06 18:00:00+00:00,0,0,0,0,True,True,False,23.92292375453288,-49.20279582520709,1.02468490692411,3.9589814929769394,0.0,0.021516026532376862,0.030396622949749003,on,connected,True,synthetic_device_spec_v11
synthetic_customer_003,cabinet_003,2026-09-06 18:10:00+00:00,1,1,1,0,True,True,False,23.94050452413761,-49.9107596658613,0.9086388191096675,3.994466724896807,0.3095142602321185,0.0017418337605946384,0.0,on,connected,True,synthetic_device_spec_v11
synthetic_customer_003,cabinet_003,2026-09-06 18:20:00+00:00,1,1,1,0,True,True,False,23.847671041982938,-47.14618544462511,0.9959219270169184,3.9773255639917706,0.0,0.0,0.009611165796263612,on,connected,True,synthetic_device_spec_v11
synthetic_customer_003,cabinet_003,2026-09-06 18:30:00+00:00,1,1,1,0,True,True,False,23.938624318744797,-49.83772438085849,1.0716702658344714,3.9756959478225453,0.2805920095213527,0.04900176389566744,0.0,on,connected,True,synthetic_device_spec_v11
synthetic_customer_003,cabinet_003,2026-09-06 18:40:00+00:00,0,0,0,0,True,True,False,24.059721008427196,-48.770656370437734,2.9587326830731278,3.981979757599963,0.7731867557014815,0.007429300998010324,0.023781655952205473,on,connected,True,synthetic_device_spec_v11
synthetic_customer_003,cabinet_003,2026-09-06 18:50:00+00:00,0,0,0,0,True,True,False,24.250222471180148,-48.086504259982604,3.013974594132013,4.047512903007757,0.0,0.0016143152455852937,0.0,on,connected,True,synthetic_device_spec_v11
synthetic_customer_003,cabinet_003,2026-09-06 19:00:00+00:00,0,0,0,0,True,True,False,24.09050095095625,-48.76385950859097,3.027458810122107,4.015936896379971,0.0,0.0,0.0,on,connected,True,synthetic_device_spec_v11
synthetic_customer_003,cabinet_003,2026-09-06 19:10:00+00:00,0,0,0,0,True,True,False,23.92259447593479,-46.99614492953957,2.965586391912441,3.9789036223820813,0.0,0.0,0.0,on,connected,True,synthetic_device_spec_v11
synthetic_customer_003,cabinet_003,2026-09-06 19:20:00+00:00,0,0,0,0,True,True,False,23.950339753032367,-47.320724377216095,3.001992835077738,3.976882732804172,0.05839417067852338,0.0,0.0,on,connected,True,synthetic_device_spec_v11
synthetic_customer_003,cabinet_003,2026-09-06 19:30:00+00:00,0,0,0,0,True,True,False,23.825567803224256,-48.02102468559663,2.9927363387064436,4.051148081091639,0.11029245564953621,0.0,0.014563364459419087,on,connected,True,synthetic_device_spec_v11
synthetic_customer_003,cabinet_003,2026-09-06 19:40:00+00:00,0,0,0,0,True,True,False,23.728040892893976,-48.11309354875359,3.0307829976726732,4.022085067193601,0.0,0.0,0.06043900713508313,on,connected,True,synthetic_device_spec_v11
synthetic_customer_003,cabinet_003,2026-09-06 19:50:00+00:00,0,0,0,0,True,True,False,24.11095010649903,-46.12498132500436,3.04985648398528,4.00715950420991,0.4039898239324019,0.00858430751940492,0.008749447022877332,on,connected,True,synthetic_device_spec_v11
synthetic_customer_003,cabinet_003,2026-09-06 20:00:00+00:00,0,0,0,0,True,True,False,24.172600285176845,-47.55748906248511,3.0109542818794655,4.021861274605713,0.5487954301826666,0.0,0.014665888879288373,on,connected,True,synthetic_device_spec_v11
synthetic_customer_003,cabinet_003,2026-09-06 20:10:00+00:00,0,0,0,0,True,True,False,23.97974227279072,-48.8687171860234,3.0609763236890712,3.9372901495077333,0.0,0.0,0.0,on,connected,True,synthetic_device_spec_v11
synthetic_customer_003,cabinet_003,2026-09-06 20:20:00+00:00,0,0,0,0,True,True,False,24.059510639472276,-48.07632224449125,3.0274597008293798,3.9735606442314837,0.03521150675977963,0.0,0.0027815029807303757,on,connected,True,synthetic_device_spec_v11
synthetic_customer_003,cabinet_003,2026-09-06 20:30:00+00:00,0,0,0,0,True,True,False,24.10877106890271,-49.025843361737635,3.0726230933425858,4.060588126556242,0.0,0.0,0.0,on,connected,True,synthetic_device_spec_v11
synthetic_customer_003,cabinet_003,2026-09-06 20:40:00+00:00,0,0,0,0,True,True,False,24.192100118721278,-47.85653635226248,2.940968780691647,3.9744530774226536,0.0,0.004563331202852375,0.004666515695725118,on,connected,True,synthetic_device_spec_v11
synthetic_customer_003,cabinet_003,2026-09-06 20:50:00+00:00,0,0,0,0,True,True,False,24.03454827726779,-48.63968172905342,3.025168514954894,3.899044605942504,0.0,0.0,0.0,on,connected,True,synthetic_device_spec_v11
synthetic_customer_003,cabinet_003,2026-09-06 21:00:00+00:00,0,0,0,0,True,True,False,23.888346397023085,-45.051137139327814,2.9913822134618098,4.014396712785418,0.8068668216493311,0.0,0.007359691932973237,on,connected,True,synthetic_device_spec_v11
synthetic_customer_003,cabinet_003,2026-09-06 21:10:00+00:00,0,0,0,0,True,True,False,24.043135691617703,-46.185800191501876,3.00493559505908,3.9141749363289327,0.0,0.0,0.0,on,connected,True,synthetic_device_spec_v11
synthetic_customer_003,cabinet_003,2026-09-06 21:20:00+00:00,0,0,0,0,True,True,False,24.304693309490823,-47.678151076180804,2.9841161405476715,3.9954379692780546,0.0,0.00011577348752332227,0.0021616490800839463,on,connected,True,synthetic_device_spec_v11
synthetic_customer_003,cabinet_003,2026-09-06 21:30:00+00:00,0,0,0,0,True,True,False,24.066756239578666,-48.95776982808638,2.961987906262084,4.04918588507329,0.19743916669726505,0.03196298845257392,0.002764285427769017,on,connected,True,synthetic_device_spec_v11
synthetic_customer_003,cabinet_003,2026-09-06 21:40:00+00:00,0,0,0,0,True,True,False,23.891707292929393,-48.33854150585355,3.0803902470072595,3.9504715064847553,0.0,0.0006104615363426104,0.006730330650755938,on,connected,True,synthetic_device_spec_v11
synthetic_customer_003,cabinet_003,2026-09-06 21:50:00+00:00,0,0,0,0,True,True,False,24.024343440213183,-47.36214608310248,3.0130728016303805,3.9586688913685943,1.3577499857343194,0.0,0.0,on,connected,True,synthetic_device_spec_v11
synthetic_customer_003,cabinet_003,2026-09-06 22:00:00+00:00,0,0,0,0,True,True,False,23.957008399264797,-47.931252943149914,2.978755488900292,3.903626055159601,0.0,0.013777605793432249,0.0,on,connected,True,synthetic_device_spec_v11
synthetic_customer_003,cabinet_003,2026-09-06 22:10:00+00:00,0,0,0,0,True,True,False,24.015589592764034,-48.50381321541558,3.0709695996982833,4.093750872484453,0.42670194392683464,0.0,0.0,on,connected,True,synthetic_device_spec_v11
synthetic_customer_003,cabinet_003,2026-09-06 22:20:00+00:00,0,0,0,0,True,True,False,24.138227413060726,-47.80057444317139,3.0496300052840986,4.037653260846688,0.13421445158156387,0.0,0.024023132262402557,on,connected,True,synthetic_device_spec_v11
synthetic_customer_003,cabinet_003,2026-09-06 22:30:00+00:00,0,0,0,0,True,True,False,23.995979679480612,-48.95672213486435,2.9746109010313058,3.970327456415817,0.0,0.013733579365394297,0.03023004674372026,on,connected,True,synthetic_device_spec_v11
synthetic_customer_003,cabinet_003,2026-09-06 22:40:00+00:00,0,0,0,0,True,True,False,24.20318576547271,-48.80945816429922,2.951251550762652,3.935080193350544,0.0,0.0,0.0,on,connected,True,synthetic_device_spec_v11
synthetic_customer_003,cabinet_003,2026-09-06 22:50:00+00:00,0,0,0,0,True,True,False,23.88493413057933,-48.29721804632813,3.0027848949773412,4.078713587528477,0.0,0.0,0.0,on,connected,True,synthetic_device_spec_v11
synthetic_customer_003,cabinet_003,2026-09-06 23:00:00+00:00,0,0,0,0,True,True,False,23.984922288473797,-48.499005922248344,3.031979967535769,3.9758620350774136,0.0,0.009894565854118145,0.007240118521778873,on,connected,True,synthetic_device_spec_v11
synthetic_customer_003,cabinet_003,2026-09-06 23:10:00+00:00,0,0,0,0,True,True,False,23.92627636103099,-46.61057865241054,2.9031816850565564,3.9756872907899483,0.09300118763079682,0.0,0.00956047860351666,on,connected,True,synthetic_device_spec_v11
synthetic_customer_003,cabinet_003,2026-09-06 23:20:00+00:00,0,0,0,0,True,True,False,24.001900038616434,-49.10732096408564,2.8416256484002678,3.960697826814592,0.0,0.010968598018565093,0.011433100825942432,on,connected,True,synthetic_device_spec_v11
synthetic_customer_003,cabinet_003,2026-09-06 23:30:00+00:00,0,0,0,0,True,True,False,24.195324079483218,-49.29133709309224,3.051196457791266,3.9351515374855004,0.0,0.0,0.018188457932779387,on,connected,True,synthetic_device_spec_v11
synthetic_customer_003,cabinet_003,2026-09-06 23:40:00+00:00,0,0,0,0,True,True,False,23.976270914762164,-46.39221542463214,3.014233293070501,3.9643904877427634,0.0,0.008214243571754164,0.0005306475067962864,on,connected,True,synthetic_device_spec_v11
synthetic_customer_003,cabinet_003,2026-09-06 23:50:00+00:00,0,0,0,0,True,True,False,23.9770752508887,-48.570471385449196,2.9930804326086613,4.049161812416517,0.0,0.0,0.004270046233899041,on,connected,True,synthetic_device_spec_v11
synthetic_customer_003,cabinet_003,2026-09-07 00:00:00+00:00,0,0,0,0,True,True,False,23.870217363274868,-48.16251001348399,2.983994749394947,3.937849875167261,0.0,0.0,0.0,on,connected,True,synthetic_device_spec_v11
synthetic_customer_003,cabinet_003,2026-09-07 00:10:00+00:00,1,1,1,1,True,True,False,24.133608237687024,-47.99488005506682,2.9650322918038343,4.006135873800926,0.8363671558899254,0.0,0.008986751844477885,on,connected,True,synthetic_device_spec_v11
synthetic_customer_003,cabinet_003,2026-09-07 00:20:00+00:00,1,1,1,1,True,True,False,23.803857403106175,-44.603580053599366,2.969703430857265,4.003988363892554,0.0,0.0,0.010155561829508762,on,connected,True,synthetic_device_spec_v11
synthetic_customer_003,cabinet_003,2026-09-07 00:30:00+00:00,1,1,1,1,True,True,False,23.829532120903387,-46.819347559066976,3.00839321274694,4.101716641167594,0.0,0.0,0.01977216627909377,on,connected,True,synthetic_device_spec_v11
synthetic_customer_003,cabinet_003,2026-09-07 00:40:00+00:00,0,0,0,0,True,True,False,23.959786566084382,-50.514713295374065,2.9952730311880162,4.064177321629939,0.3384110039506247,0.01951213943549758,0.015744796218743102,on,connected,True,synthetic_device_spec_v11
synthetic_customer_003,cabinet_003,2026-09-07 00:50:00+00:00,0,0,0,0,True,True,False,24.067427087140864,-46.8278147789209,2.9712026845669417,4.148615388999284,0.0,0.0,0.006113244918285004,on,connected,True,synthetic_device_spec_v11
synthetic_customer_003,cabinet_003,2026-09-07 01:00:00+00:00,0,0,0,0,True,True,False,23.893145380232035,-47.35850645285596,2.9700444209061483,4.081351721112129,0.12314173722350137,0.0,0.0,on,connected,True,synthetic_device_spec_v11
synthetic_customer_003,cabinet_003,2026-09-07 01:10:00+00:00,0,0,0,0,True,True,False,23.898613103673544,-48.97447532923433,2.972570446359148,4.063894774001344,0.26099335386015626,0.04693270869127019,0.0,on,connected,True,synthetic_device_spec_v11
synthetic_customer_003,cabinet_003,2026-09-07 01:20:00+00:00,0,0,0,0,True,True,False,23.87551482708065,-47.410456266693494,3.0672129409776425,4.085879791744089,0.0,0.03242126876299866,0.0,on,connected,True,synthetic_device_spec_v11
synthetic_customer_003,cabinet_003,2026-09-07 01:30:00+00:00,0,0,0,0,True,True,False,24.105192870485503,-47.75083705654611,3.0155069465807607,3.9994132811729393,0.3441608266475556,0.04679887779386188,0.0,on,connected,True,synthetic_device_spec_v11
synthetic_customer_003,cabinet_003,2026-09-07 01:40:00+00:00,0,0,0,0,True,True,False,23.986908032243385,-46.8467237421698,3.07550669768106,3.9571041604595814,0.0,0.0,0.0,on,connected,True,synthetic_device_spec_v11
synthetic_customer_003,cabinet_003,2026-09-07 01:50:00+00:00,0,0,0,0,True,True,False,23.82195032319928,-46.637124430091724,2.976252608184347,3.9971063774993842,0.0,0.0,0.0,on,connected,True,synthetic_device_spec_v11
synthetic_customer_003,cabinet_003,2026-09-07 02:00:00+00:00,0,0,0,0,True,True,False,23.902502516594193,-47.888751061620574,2.9483116511117604,3.922250649335886,0.0,0.0051729794175344405,0.0,on,connected,True,synthetic_device_spec_v11
synthetic_customer_003,cabinet_003,2026-09-07 02:10:00+00:00,0,0,0,0,True,True,False,23.948942317482892,-47.877224377783854,2.987464598551984,4.046046161689832,0.0,0.04017471308236514,0.0013660551457007352,on,connected,True,synthetic_device_spec_v11
synthetic_customer_003,cabinet_003,2026-09-07 02:20:00+00:00,0,0,0,0,True,True,False,23.81919739987524,-47.70874210183377,2.9176558768384346,4.021479797339204,0.0,0.027500471538904166,0.013376744706671257,on,connected,True,synthetic_device_spec_v11
synthetic_customer_003,cabinet_003,2026-09-07 02:30:00+00:00,0,0,0,0,True,True,False,23.824546000371633,-48.37299746999468,3.024388041549869,3.973494543737653,0.025003169256848836,0.0,0.0,on,connected,True,synthetic_device_spec_v11
synthetic_customer_003,cabinet_003,2026-09-07 02:40:00+00:00,0,0,0,0,True,True,False,23.856959405519852,-49.0476466737728,3.059156963884435,3.9773776116760455,0.0,0.05423179704603576,0.012574368699236876,on,connected,True,synthetic_device_spec_v11
synthetic_customer_003,cabinet_003,2026-09-07 02:50:00+00:00,0,0,0,0,True,True,False,23.799313637840662,-48.96634117156469,3.000896586870527,3.99301553238706,0.26497378477957373,0.0,0.006017018053550912,on,connected,True,synthetic_device_spec_v11
synthetic_customer_003,cabinet_003,2026-09-07 03:00:00+00:00,0,0,0,0,True,True,False,23.97935017986803,-46.69784527569888,3.043420542078364,3.979559392966419,0.0,0.0,0.004360626310536097,on,connected,True,synthetic_device_spec_v11
synthetic_customer_003,cabinet_003,2026-09-07 03:10:00+00:00,0,0,0,0,True,True,False,23.974851786469195,-46.655329114848115,3.042178068200456,4.127000578833617,0.8815784992845459,0.023953508458577036,0.030803681915288317,on,connected,True,synthetic_device_spec_v11
synthetic_customer_003,cabinet_003,2026-09-07 03:20:00+00:00,0,0,0,0,True,True,False,23.802101570959987,-47.34064906532624,3.0023738671599425,3.916386197069714,0.02630361852089977,0.014770211838819375,0.024834267303017247,on,connected,True,synthetic_device_spec_v11
synthetic_customer_003,cabinet_003,2026-09-07 03:30:00+00:00,0,0,0,0,True,True,False,23.878975663504264,-47.06272723671456,2.990752868630902,4.038207590769338,0.0,0.06473938571107522,0.01629674847428939,on,connected,True,synthetic_device_spec_v11
synthetic_customer_003,cabinet_003,2026-09-07 03:40:00+00:00,0,0,0,0,True,True,False,24.013726727900124,-47.11439326426114,2.94367941528475,3.963805077001977,0.0,0.0,0.003619840381266026,on,connected,True,synthetic_device_spec_v11
synthetic_customer_003,cabinet_003,2026-09-07 03:50:00+00:00,0,0,0,0,True,True,False,23.983431200356645,-48.94832858414274,3.0749429539898796,4.00758370071497,0.674876547276837,0.0,0.0015048023715868418,on,connected,True,synthetic_device_spec_v11
synthetic_customer_003,cabinet_003,2026-09-07 04:00:00+00:00,0,0,0,0,True,True,False,23.967529970934233,-47.597129622628195,3.0177643731530117,3.980294838517196,0.09830306647049615,0.0,0.0,on,connected,True,synthetic_device_spec_v11
synthetic_customer_003,cabinet_003,2026-09-07 04:10:00+00:00,0,0,0,0,True,True,False,23.997303412643543,-48.77191785906044,2.9877185760120946,4.020035832437307,0.0,0.007881071459371794,0.0,on,connected,True,synthetic_device_spec_v11
synthetic_customer_003,cabinet_003,2026-09-07 04:20:00+00:00,0,0,0,0,True,True,False,24.066636944391433,-48.82782094884227,2.980169073988679,3.918191541331361,0.8338205763768687,0.0,0.0,on,connected,True,synthetic_device_spec_v11
synthetic_customer_003,cabinet_003,2026-09-07 04:30:00+00:00,0,0,0,0,True,True,False,24.023060225825425,-48.42414621525417,2.9884370465488925,3.975590674042544,0.327557832239532,0.017458289749351038,0.01913944590608123,on,connected,True,synthetic_device_spec_v11
synthetic_customer_003,cabinet_003,2026-09-07 04:40:00+00:00,0,0,0,0,True,True,False,23.9908197710511,-48.4917190877793,3.007930991283297,4.021047230082252,0.15458230565447378,0.02629441747916201,0.027640211677724704,on,connected,True,synthetic_device_spec_v11
synthetic_customer_003,cabinet_003,2026-09-07 04:50:00+00:00,0,0,0,0,True,True,False,24.05057044764199,-47.28491376172556,2.978561690018024,3.980431726400847,0.0,0.019841740291128,0.010724018222894528,on,connected,True,synthetic_device_spec_v11
synthetic_customer_003,cabinet_003,2026-09-07 05:00:00+00:00,0,0,0,0,True,True,False,23.895604143006913,-49.14184024158532,3.039873922531221,3.975408195530495,0.30048695644593154,0.038129546933205305,0.014438327737529462,on,connected,True,synthetic_device_spec_v11
synthetic_customer_003,cabinet_003,2026-09-07 05:10:00+00:00,0,0,0,0,True,True,False,24.102644224729783,-49.62918845953076,3.045085300371803,4.013299690050479,0.2858440733153966,0.0,0.0,on,connected,True,synthetic_device_spec_v11
synthetic_customer_003,cabinet_003,2026-09-07 05:20:00+00:00,0,0,0,0,True,True,False,23.909386732244393,-47.33590958368862,3.0350854120334074,3.9612482151598547,0.0,0.0,0.022666932863968724,on,connected,True,synthetic_device_spec_v11
synthetic_customer_003,cabinet_003,2026-09-07 05:30:00+00:00,0,0,0,0,True,True,False,23.95744650998533,-48.84989298894675,3.0384860511661818,4.133200882247898,0.46442072931575246,0.002561251735147511,0.0,on,connected,True,synthetic_device_spec_v11
synthetic_customer_003,cabinet_003,2026-09-07 05:40:00+00:00,0,0,0,0,True,True,False,24.10875686292672,-47.70842919114848,2.9337740829870955,4.036665277453433,0.22551917649501685,0.0,0.0,on,connected,True,synthetic_device_spec_v11
synthetic_customer_003,cabinet_003,2026-09-07 05:50:00+00:00,0,0,0,0,True,True,False,24.09362480110766,-50.24785277539689,2.9799650734138687,4.092895451371686,0.0,0.008833910537403098,0.003981854924031647,on,connected,True,synthetic_device_spec_v11
synthetic_customer_003,cabinet_003,2026-09-07 06:00:00+00:00,0,0,0,0,True,True,False,24.00795930790397,-52.13842174517766,2.9671833625090174,4.103280380553916,0.014022216276381639,0.10138515558621053,0.0,on,connected,True,synthetic_device_spec_v11
synthetic_customer_003,cabinet_003,2026-09-07 06:10:00+00:00,1,1,1,1,True,True,False,23.921118704260394,-56.356907505206685,3.040468584308851,3.980697486180346,0.0,0.12004534956366188,0.0,on,connected,True,synthetic_device_spec_v11
synthetic_customer_003,cabinet_003,2026-09-07 06:20:00+00:00,1,1,1,1,True,True,False,24.135234341044388,-58.81023794516863,3.0558776062168644,3.882050656220699,0.009506120258065905,0.1665910785878207,0.010840980577084007,on,connected,True,synthetic_device_spec_v11
synthetic_customer_003,cabinet_003,2026-09-07 06:30:00+00:00,1,1,1,1,True,True,False,23.79291060339422,-60.52239948631639,3.0327468385358367,3.9526257117609154,0.762334522688557,0.26650870394852216,0.013134828673699053,on,connected,True,synthetic_device_spec_v11
synthetic_customer_003,cabinet_003,2026-09-07 06:40:00+00:00,0,0,0,0,True,True,False,23.748490104925413,-61.537086631385826,3.018309177870566,4.091296749868932,0.0,0.24663151532841712,0.04933756296225669,on,connected,True,synthetic_device_spec_v11
synthetic_customer_003,cabinet_003,2026-09-07 06:50:00+00:00,0,0,0,0,True,True,False,24.066940893281306,-64.71470849140094,2.9269610388876353,4.304887951250199,0.22067436597217743,0.333999383908419,0.04548030648425452,on,connected,True,synthetic_device_spec_v11
synthetic_customer_003,cabinet_003,2026-09-07 07:00:00+00:00,0,0,0,0,True,True,False,24.032480112289807,-66.40149316623452,2.9674496067549256,4.434648709115357,0.7723821385914135,0.3827405968961348,0.05702833353195725,on,connected,True,synthetic_device_spec_v11
synthetic_customer_003,cabinet_003,2026-09-07 07:10:00+00:00,0,0,0,0,True,True,False,23.906293597307002,-72.10456726708072,2.937980443569306,4.552187014137895,0.0,0.4346841939252847,0.06653337947482443,on,connected,True,synthetic_device_spec_v11
synthetic_customer_003,cabinet_003,2026-09-07 07:20:00+00:00,0,0,0,0,True,True,False,24.236902677025512,-73.09292014679079,3.0526296954887897,4.79870061668743,0.0,0.450145379435448,0.09878464710970902,on,connected,True,synthetic_device_spec_v11
synthetic_customer_003,cabinet_003,2026-09-07 07:30:00+00:00,0,0,0,0,True,True,False,23.898037273954554,-75.48962329145157,2.979564848021747,4.807419336502631,1.2706970356274283,0.5169815470278837,0.12359503976308418,on,connected,True,synthetic_device_spec_v11
synthetic_customer_003,cabinet_003,2026-09-07 07:40:00+00:00,0,0,0,0,True,True,False,23.80241276968111,-79.47186303745784,2.9324054286654855,5.05915787576799,0.0,0.5669655161834279,0.11807340375190521,on,connected,True,synthetic_device_spec_v11
synthetic_customer_003,cabinet_003,2026-09-07 07:50:00+00:00,0,0,0,0,True,True,False,24.0675441121027,-80.77916305653416,2.987413846410906,5.221116550118328,0.0,0.620104985925854,0.1645121145476437,on,connected,True,synthetic_device_spec_v11
synthetic_customer_003,cabinet_003,2026-09-07 08:00:00+00:00,0,0,0,0,True,True,False,24.099531346032812,-82.87455916015574,2.9426533581816114,5.396595823677115,0.1671819454036576,0.7014627326868154,0.17128397010441102,on,connected,True,synthetic_device_spec_v11
synthetic_customer_003,cabinet_003,2026-09-07 09:30:00+00:00,0,0,0,0,True,True,False,23.986899729591237,-45.83493571089732,3.060274065175797,6.703902998367159,0.0,0.02986021229025473,0.3571841835439219,on,connected,True,synthetic_device_spec_v11
synthetic_customer_003,cabinet_003,2026-09-07 09:40:00+00:00,0,0,0,0,True,True,False,24.15838453791313,-48.366146916173626,3.0036144328576837,6.827036234888211,0.0,0.0,0.3696201273418359,on,connected,True,synthetic_device_spec_v11
synthetic_customer_003,cabinet_003,2026-09-07 09:50:00+00:00,0,0,0,0,True,True,False,24.090473598924543,-48.24598629164582,3.0043270842881236,6.952123107530711,0.0,0.00021681672262062988,0.3868010703539765,on,connected,True,synthetic_device_spec_v11
synthetic_customer_003,cabinet_003,2026-09-07 10:00:00+00:00,0,0,0,0,True,True,False,24.063857378031315,-49.461706088437886,3.0639295631222625,7.065581816216965,0.0,0.029062330204596316,0.37704120312433487,on,connected,True,synthetic_device_spec_v11
synthetic_customer_003,cabinet_003,2026-09-07 10:10:00+00:00,0,0,0,0,True,True,False,23.969725965008944,-47.67776796703002,2.9603184175489528,7.0150480431222295,1.041304060444545,0.0,0.39200846653714067,on,connected,True,synthetic_device_spec_v11
synthetic_customer_003,cabinet_003,2026-09-07 10:20:00+00:00,0,0,0,0,True,True,False,24.058648764553876,-46.869187626818245,2.9445642152139584,6.969437741738016,0.9463533721895986,0.004127443572530562,0.39637578857463657,on,connected,True,synthetic_device_spec_v11
synthetic_customer_003,cabinet_003,2026-09-07 10:30:00+00:00,0,0,0,0,True,True,False,23.9143629955808,-49.281923761271095,3.0029608212896686,6.956172432045335,0.7122720393270103,0.04002178118669875,0.4081527313808021,on,connected,True,synthetic_device_spec_v11
synthetic_customer_003,cabinet_003,2026-09-07 10:40:00+00:00,0,0,0,0,True,True,False,24.099375885606552,-48.308509087339836,3.0153703810779477,7.000522569117952,0.248354153186877,0.0018393685583573396,0.38620996309169553,on,connected,True,synthetic_device_spec_v11
synthetic_customer_003,cabinet_003,2026-09-07 10:50:00+00:00,0,0,0,0,True,True,False,24.009609415583537,-47.20473248383055,2.9332801291040456,6.942110637320405,0.1534304720166608,0.0,0.38378701562571654,on,connected,True,synthetic_device_spec_v11
synthetic_customer_003,cabinet_003,2026-09-07 11:00:00+00:00,0,0,0,0,True,True,False,23.833177032321124,-46.992565042310034,2.9946181847784734,7.007840321631382,0.3728455504907092,0.005376980007404615,0.3810552169721989,on,connected,True,synthetic_device_spec_v11
synthetic_customer_003,cabinet_003,2026-09-07 11:10:00+00:00,0,0,0,0,True,True,False,23.893808167966082,-47.40774330449488,2.9872509821184483,3.951573751158365,0.0,0.010235113574877554,0.0,on,connected,True,synthetic_device_spec_v11
synthetic_customer_003,cabinet_003,2026-09-07 11:20:00+00:00,0,0,0,0,True,True,False,23.84159849817551,-47.82675853128093,3.0566137572430474,3.8670699708667113,0.0,0.0012494108078277824,0.0,on,connected,True,synthetic_device_spec_v11
synthetic_customer_003,cabinet_003,2026-09-07 11:30:00+00:00,0,0,0,0,True,True,False,23.4209217680691,-48.13927776742116,3.0182366315755984,4.01111438672912,0.5752731570047165,0.01997487066200124,0.0,on,connected,True,synthetic_device_spec_v11
synthetic_customer_003,cabinet_003,2026-09-07 11:40:00+00:00,0,0,0,0,True,True,False,23.285043340454003,-48.46015988164051,3.054343835733675,3.9915995221965184,0.0,0.005144966699300466,0.0038971683799206326,on,connected,True,synthetic_device_spec_v11
synthetic_customer_003,cabinet_003,2026-09-07 11:50:00+00:00,0,0,0,0,True,True,False,22.980251539957447,-46.87210985690975,3.0081549374821837,3.8351258137066626,0.0,0.0030934835323342767,0.0,on,connected,True,synthetic_device_spec_v11
synthetic_customer_003,cabinet_003,2026-09-07 12:00:00+00:00,0,0,0,0,True,True,False,22.768067658218374,-48.12289143318385,2.9557078263107086,3.952839772972152,0.15429087010541293,0.020232557214933028,0.0,on,connected,True,synthetic_device_spec_v11
synthetic_customer_003,cabinet_003,2026-09-07 12:10:00+00:00,1,1,1,1,True,True,False,22.178117382466922,-49.24783646181492,2.957581467888362,4.032973502759463,0.0,0.0,0.0,on,connected,True,synthetic_device_spec_v11
synthetic_customer_003,cabinet_003,2026-09-07 12:20:00+00:00,1,1,1,1,True,True,False,22.15719158316406,-48.725941668114224,3.038238107440862,4.075600439445999,0.0,0.0,0.011705213007113234,on,connected,True,synthetic_device_spec_v11
synthetic_customer_003,cabinet_003,2026-09-07 12:30:00+00:00,1,1,1,1,True,True,False,22.21436508675552,-48.20373278787244,3.010860023980456,4.031866251349449,0.8593965081066394,0.020105072505237985,0.0,on,connected,True,synthetic_device_spec_v11
synthetic_customer_003,cabinet_003,2026-09-07 12:40:00+00:00,0,0,0,0,True,True,False,21.45739323555053,-49.293393383372695,2.9496412715998526,4.041826543782553,0.09012680515554358,0.022413444198082957,0.0205344694055665,on,connected,True,synthetic_device_spec_v11
synthetic_customer_003,cabinet_003,2026-09-07 12:50:00+00:00,0,0,0,0,True,True,False,21.369984208185798,-49.127470267172065,2.9983021214547168,4.096161701456549,1.2602777306843498,0.0,0.0,on,connected,True,synthetic_device_spec_v11
synthetic_customer_003,cabinet_003,2026-09-07 13:00:00+00:00,0,0,0,0,True,True,False,21.089702459078936,-47.9604619578821,3.020226785079452,4.069787708880182,0.4271922270777437,0.0,0.01662303503933423,on,connected,True,synthetic_device_spec_v11
synthetic_customer_003,cabinet_003,2026-09-07 13:10:00+00:00,0,0,0,0,True,True,False,20.91967601343295,-47.59850415548298,3.058210912533921,3.9532078381917857,0.0,0.021221369541671767,0.005690933055793586,on,connected,True,synthetic_device_spec_v11
synthetic_customer_003,cabinet_003,2026-09-07 13:20:00+00:00,0,0,0,0,True,True,False,20.605270098084286,-49.87157078301097,3.0589796436663805,3.99350592491309,0.6135749617817721,0.038232197724401486,0.017974035955691036,on,connected,True,synthetic_device_spec_v11
synthetic_customer_003,cabinet_003,2026-09-07 13:30:00+00:00,0,0,0,0,True,True,False,20.357746273451927,-47.363164567257435,3.0239506783065906,4.070932049096165,0.0600799356185669,0.0026169487941320505,0.023689578160520457,on,connected,True,synthetic_device_spec_v11
synthetic_customer_003,cabinet_003,2026-09-07 13:40:00+00:00,0,0,0,0,True,True,False,19.72012768715531,-49.170684533586744,3.032327018762553,4.013030416338336,0.7172213185677908,0.00990255213422606,0.014191082430596295,on,connected,True,synthetic_device_spec_v11
synthetic_customer_003,cabinet_003,2026-09-07 13:50:00+00:00,0,0,0,0,True,True,False,19.926899787082576,-48.8236608751915,2.9856887132798,4.022212220736766,2.804582094236668,0.037707552815674755,0.0,on,connected,True,synthetic_device_spec_v11
synthetic_customer_003,cabinet_003,2026-09-07 14:00:00+00:00,0,0,0,0,True,True,False,19.6465700341711,-47.93665541374835,2.9911847927546713,4.094131045906284,4.590396888403423,0.0,0.0014161257169182765,on,connected,True,synthetic_device_spec_v11
synthetic_customer_003,cabinet_003,2026-09-07 14:10:00+00:00,0,0,0,0,True,True,False,19.074223282660952,-48.41867252111562,3.0620715774405056,4.076490482674655,6.433394024405726,0.07283226050271166,0.002869643803667139,on,connected,True,synthetic_device_spec_v11
synthetic_customer_003,cabinet_003,2026-09-07 14:20:00+00:00,0,0,0,0,True,True,False,18.989428392825218,-47.6739014383151,2.966950383752772,4.029928379786315,7.23794390873058,0.0,0.018257725271061703,on,connected,True,synthetic_device_spec_v11
synthetic_customer_003,cabinet_003,2026-09-07 14:30:00+00:00,0,0,0,0,True,True,False,18.70034565450401,-49.35059665695161,3.0400132248255436,3.9621233436728414,8.405661698171146,0.0,0.0,on,connected,True,synthetic_device_spec_v11
synthetic_customer_003,cabinet_003,2026-09-07 15:40:00+00:00,0,0,0,0,True,True,False,24.08381831811322,-46.22703665085654,3.02968034657775,4.029892374444964,19.73450908045231,0.06558487438440563,0.0,on,connected,True,synthetic_device_spec_v11
synthetic_customer_003,cabinet_003,2026-09-07 15:50:00+00:00,0,0,0,0,True,True,False,24.02554591943756,-47.797475997660825,3.028096172397855,3.9548979195067675,22.101656707538808,0.0,0.0,on,connected,True,synthetic_device_spec_v11
synthetic_customer_003,cabinet_003,2026-09-07 16:00:00+00:00,0,0,0,0,True,True,False,23.8148819290782,-47.83957337533334,2.9805480918094664,3.9682109606568856,23.401102340123376,0.015999060415551148,0.0,on,connected,True,synthetic_device_spec_v11
synthetic_customer_003,cabinet_003,2026-09-07 16:10:00+00:00,0,0,0,0,True,True,False,24.32437441181734,-49.39274760741289,2.986078508065083,4.0575506274136695,24.69779129962122,0.006414326163463821,0.004778231227641672,on,connected,True,synthetic_device_spec_v11
synthetic_customer_003,cabinet_003,2026-09-07 16:20:00+00:00,0,0,0,0,True,True,False,23.84228620707426,-48.24835265108663,2.9406327726683488,4.044176187858541,24.977979092416902,0.0,0.0,on,connected,True,synthetic_device_spec_v11
synthetic_customer_003,cabinet_003,2026-09-07 16:30:00+00:00,0,0,0,0,True,True,False,24.063178765080657,-48.84984986433404,3.026246478193283,3.9995963200263263,24.011030482483772,0.0,0.011132804257386934,on,connected,True,synthetic_device_spec_v11
synthetic_customer_003,cabinet_003,2026-09-07 16:40:00+00:00,0,0,0,0,True,True,False,24.14530103318317,-49.21188807146812,3.008001621823493,4.008042357931559,24.37763071749778,0.052562594421150126,0.00989028600518747,on,connected,True,synthetic_device_spec_v11
synthetic_customer_003,cabinet_003,2026-09-07 16:50:00+00:00,0,0,0,0,True,True,False,23.90095324668861,-48.26653008377505,2.999698089841109,4.001739701316849,0.26694202555193985,0.023506913708624913,0.0,on,connected,True,synthetic_device_spec_v11
synthetic_customer_003,cabinet_003,2026-09-07 17:00:00+00:00,0,0,0,0,True,True,False,24.151750012700557,-47.87580948123767,2.9493289158993665,3.8986274428049867,0.0,0.0,0.013469061380495737,on,connected,True,synthetic_device_spec_v11
synthetic_customer_003,cabinet_003,2026-09-07 17:10:00+00:00,0,0,0,0,True,True,False,23.955937167741528,-48.13737419413891,2.9926812693887324,3.9578934023683363,0.01147273963176083,0.0,0.0,on,connected,True,synthetic_device_spec_v11
synthetic_customer_003,cabinet_003,2026-09-07 17:20:00+00:00,0,0,0,0,True,True,False,23.980463431114003,-47.436922604093255,2.982011513302269,3.8752473269655705,0.021344295529932014,0.0,0.0186867399587011,on,connected,True,synthetic_device_spec_v11
synthetic_customer_003,cabinet_003,2026-09-07 17:30:00+00:00,0,0,0,0,True,True,False,23.913963993191018,-48.64586353271941,3.0207265069792366,4.006513014006007,0.4246061726756142,0.0,0.009386949540027714,on,connected,True,synthetic_device_spec_v11
synthetic_customer_003,cabinet_003,2026-09-07 17:40:00+00:00,0,0,0,0,True,True,False,24.077257769768693,-47.533557676774095,2.974862965324048,3.9927137130740102,0.1569974330334482,0.014498872517365114,0.00025138336723786554,on,connected,True,synthetic_device_spec_v11
synthetic_customer_003,cabinet_003,2026-09-07 17:50:00+00:00,0,0,0,0,True,True,False,23.95727990063501,-48.19695213296604,3.015120595788508,4.067485553235266,0.5878317910746126,0.0,0.03290396739923255,on,connected,True,synthetic_device_spec_v11
synthetic_customer_003,cabinet_003,2026-09-07 18:00:00+00:00,0,0,0,0,True,True,False,23.894715653317988,-47.723803850357186,2.971818962422123,4.011279067001681,0.0,0.0,0.0,on,connected,True,synthetic_device_spec_v11
synthetic_customer_003,cabinet_003,2026-09-07 18:10:00+00:00,1,1,1,1,True,True,False,23.907780965723337,-45.79860903740285,2.975387155706301,3.9383379144610857,0.0,0.0,0.03147437670796823,on,connected,True,synthetic_device_spec_v11
synthetic_customer_003,cabinet_003,2026-09-07 18:20:00+00:00,1,1,1,1,True,True,False,24.119726330903557,-49.44668403912966,2.996386464000674,3.953653855579356,0.09844463232128366,0.0,0.004755252745783105,on,connected,True,synthetic_device_spec_v11
synthetic_customer_003,cabinet_003,2026-09-07 18:30:00+00:00,1,1,1,1,True,True,False,23.862241538608902,-47.0327303573786,3.0131781834458766,4.0290071202446365,0.0,0.0,0.0,on,connected,True,synthetic_device_spec_v11
synthetic_customer_003,cabinet_003,2026-09-07 18:40:00+00:00,0,0,0,0,True,True,False,23.990184463209445,-47.12795896443279,2.868497764644483,4.040370407458684,0.07172527334311735,0.0,0.012255129224019331,on,connected,True,synthetic_device_spec_v11
synthetic_customer_003,cabinet_003,2026-09-07 18:50:00+00:00,0,0,0,0,True,True,False,24.341300646311776,-47.20251740515762,2.7929102931018748,4.013735765262154,0.0,0.03289012580135705,0.0,on,connected,True,synthetic_device_spec_v11
synthetic_customer_003,cabinet_003,2026-09-07 19:00:00+00:00,0,0,0,0,True,True,False,23.940886171560173,-47.085468412161426,2.6528320495533584,4.0576288286700235,0.0,0.0,0.0,on,connected,True,synthetic_device_spec_v11
synthetic_customer_003,cabinet_003,2026-09-07 19:10:00+00:00,0,0,0,0,True,True,False,23.96330255807317,-47.555362814434474,2.5752412139958194,4.016283598371823,0.2816672914544584,0.0,0.0,on,connected,True,synthetic_device_spec_v11
synthetic_customer_003,cabinet_003,2026-09-07 19:20:00+00:00,0,0,0,0,True,True,False,24.223494075813978,-47.2531387556088,2.5252457230137173,4.061360530811998,0.0,0.008754139129972931,0.016398192004320793,on,connected,True,synthetic_device_spec_v11
synthetic_customer_003,cabinet_003,2026-09-07 19:30:00+00:00,0,0,0,0,True,True,False,24.141279291334246,-48.11956003425775,2.401180993956393,4.045628449247904,0.16857108564741985,0.013500119567187963,0.00797847139857933,on,connected,True,synthetic_device_spec_v11
synthetic_customer_003,cabinet_003,2026-09-07 19:40:00+00:00,0,0,0,0,True,True,False,24.087129161090797,-47.809053582831034,2.352694720455929,3.9242094657718107,0.30973744949281967,0.0223959083221655,0.013533040757762266,on,connected,True,synthetic_device_spec_v11
synthetic_customer_003,cabinet_003,2026-09-07 19:50:00+00:00,0,0,0,0,True,True,False,23.947459415608005,-46.9158391776226,2.1427233707061704,3.9543407323223674,0.0,0.02811730346414288,0.006171387671660104,on,connected,True,synthetic_device_spec_v11
synthetic_customer_003,cabinet_003,2026-09-07 20:00:00+00:00,0,0,0,0,True,True,False,24.064386836886506,-49.558771134641226,2.091713818511612,4.051275867902757,0.6039967497957343,0.004910743581561125,0.0,on,connected,True,synthetic_device_spec_v11
synthetic_customer_003,cabinet_003,2026-09-07 20:10:00+00:00,0,0,0,0,True,True,False,23.90342537769633,-47.76566532811267,2.004537729441776,4.082086951508258,0.816402342925114,0.031810941082127966,0.0,on,connected,True,synthetic_device_spec_v11
synthetic_customer_003,cabinet_003,2026-09-07 20:20:00+00:00,0,0,0,0,True,True,False,24.166637505223658,-48.25987202083163,1.9030107459539456,3.879623302725275,0.07728461387405712,0.0,0.0,on,connected,True,synthetic_device_spec_v11
synthetic_customer_003,cabinet_003,2026-09-07 20:30:00+00:00,0,0,0,0,True,True,False,24.185592948770275,-48.22241406234142,1.8179166111963636,3.9165341445719246,0.25295922137201504,0.0,0.0,on,connected,True,synthetic_device_spec_v11
synthetic_customer_003,cabinet_003,2026-09-07 20:40:00+00:00,0,0,0,0,True,True,False,23.829388905997824,-49.44382897461744,1.650843592310106,4.1240606229453505,0.0,0.0,0.0,on,connected,True,synthetic_device_spec_v11
synthetic_customer_003,cabinet_003,2026-09-07 20:50:00+00:00,0,0,0,0,True,True,False,23.984705656649393,-46.60023304681994,1.6730580767001153,4.1039977809851935,0.0,0.006532760880581365,0.03697867563833657,on,connected,True,synthetic_device_spec_v11
synthetic_customer_003,cabinet_003,2026-09-07 21:00:00+00:00,0,0,0,0,True,True,False,23.97204993686519,-46.991049809143924,1.5117112244863595,4.109093421399253,0.0,0.019699841709833486,0.0,on,connected,True,synthetic_device_spec_v11
synthetic_customer_003,cabinet_003,2026-09-07 21:10:00+00:00,0,0,0,0,True,True,False,23.94920002558562,-49.20196856181603,1.430684598915929,3.9705098952226785,0.32409334901348147,0.00864571177505843,0.0,on,connected,True,synthetic_device_spec_v11
synthetic_customer_003,cabinet_003,2026-09-07 21:20:00+00:00,0,0,0,0,True,True,False,23.880474594859336,-47.31482165313861,1.268454971901984,3.9572759959842716,0.6521956283108191,0.03630006122338081,0.01917707265478016,on,connected,True,synthetic_device_spec_v11
synthetic_customer_003,cabinet_003,2026-09-07 21:30:00+00:00,0,0,0,0,True,True,False,24.0149795654955,-47.84043090154277,1.2191912216215983,3.9384769140961216,0.012477379099004166,0.0011361844427568125,0.010357535898294063,on,connected,True,synthetic_device_spec_v11
synthetic_customer_003,cabinet_003,2026-09-07 21:40:00+00:00,0,0,0,0,True,True,False,23.91449376503355,-49.36938626266828,1.111601241356641,4.01605294025994,0.28684851470834644,0.0,0.0,on,connected,True,synthetic_device_spec_v11
synthetic_customer_003,cabinet_003,2026-09-07 21:50:00+00:00,0,0,0,0,True,True,False,24.071855104176603,-47.39414103991619,0.9932203167622631,3.933444226401094,0.3116427712085143,0.02581038712626156,0.007949034159649399,on,connected,True,synthetic_device_spec_v11
synthetic_customer_003,cabinet_003,2026-09-07 22:00:00+00:00,0,0,0,0,True,True,False,24.111836247272244,-47.72431829263387,0.9921028677730734,4.070715616174329,0.5703885090801237,0.0,0.003990543948791157,on,connected,True,synthetic_device_spec_v11
synthetic_customer_003,cabinet_003,2026-09-07 22:10:00+00:00,0,0,0,0,True,True,False,24.202043535233674,-48.89007960595503,0.9102282913764483,4.058906249695645,0.037778337932235576,0.013464076362869068,0.025857722264344032,on,connected,True,synthetic_device_spec_v11
synthetic_customer_003,cabinet_003,2026-09-07 22:20:00+00:00,0,0,0,0,True,True,False,23.814930989874593,-49.78215386191121,0.9906203889729178,4.00921690792693,0.0,0.0,0.002464005861208118,on,connected,True,synthetic_device_spec_v11
synthetic_customer_003,cabinet_003,2026-09-07 22:30:00+00:00,0,0,0,0,True,True,False,23.93460413033996,-47.43355431818976,1.0134736213212392,3.966221923031085,0.0,0.0,0.0,on,connected,True,synthetic_device_spec_v11
synthetic_customer_003,cabinet_003,2026-09-07 22:40:00+00:00,0,0,0,0,True,True,False,24.08726611467378,-48.283559666463034,0.9710703401716941,3.9974581653087413,0.3560631226727703,0.007047213109036995,0.009775089484075244,on,connected,True,synthetic_device_spec_v11
synthetic_customer_003,cabinet_003,2026-09-07 22:50:00+00:00,0,0,0,0,True,True,False,24.048752313751375,-48.73598432205585,0.9525911624428194,4.009167513720031,0.0,0.0,0.0,on,connected,True,synthetic_device_spec_v11
synthetic_customer_003,cabinet_003,2026-09-07 23:00:00+00:00,0,0,0,0,True,True,False,23.99796011304458,-48.88811363012414,0.9313348500728335,3.9576105240904447,0.0,0.0,5.9925264877685784e-05,on,connected,True,synthetic_device_spec_v11
synthetic_customer_003,cabinet_003,2026-09-07 23:10:00+00:00,0,0,0,0,True,True,False,24.02831498199125,-46.47632231965769,2.9738377871236183,3.866774917232485,0.0,0.0,0.0,on,connected,True,synthetic_device_spec_v11
synthetic_customer_003,cabinet_003,2026-09-07 23:20:00+00:00,0,0,0,0,True,True,False,24.038354150434873,-48.85151219756984,2.9941372777970563,4.042087405560667,0.0,0.0027436691014338325,0.008051132416968833,on,connected,True,synthetic_device_spec_v11
synthetic_customer_003,cabinet_003,2026-09-07 23:30:00+00:00,0,0,0,0,True,True,False,24.011470911732047,-47.83229158193536,3.0744571444676128,3.974642050548681,0.6763388781102047,0.0,0.014436543820154728,on,connected,True,synthetic_device_spec_v11
synthetic_customer_003,cabinet_003,2026-09-07 23:40:00+00:00,0,0,0,0,True,True,False,23.922173749808852,-47.91724571716016,2.9819075990186152,3.998208869781229,0.16568429715059724,0.00617702733842482,0.0,on,connected,True,synthetic_device_spec_v11
synthetic_customer_003,cabinet_003,2026-09-07 23:50:00+00:00,0,0,0,0,True,True,False,23.92069898120538,-47.825838918014114,3.0264056971521076,4.12538530612829,0.0,0.0219593581193885,0.0,on,connected,True,synthetic_device_spec_v11
synthetic_customer_003,cabinet_003,2026-09-08 00:00:00+00:00,0,0,0,0,True,True,False,23.9662015295309,-49.08211194967475,2.9940377246807484,4.0086791065107406,0.22519832301285778,0.013435996121856265,0.0,on,connected,True,synthetic_device_spec_v11
synthetic_customer_003,cabinet_003,2026-09-08 00:10:00+00:00,1,1,1,1,True,True,False,24.204856917483113,-47.451988591121285,3.044221600896816,4.068273904965471,0.0,0.00569787860228155,0.0,on,connected,True,synthetic_device_spec_v11
synthetic_customer_003,cabinet_003,2026-09-08 00:20:00+00:00,1,1,1,1,True,True,False,24.04671449253577,-48.17613241731302,3.0332982416640015,4.100646773355104,0.024064974770322708,0.004399691163657393,0.0164630395758123,on,connected,True,synthetic_device_spec_v11
synthetic_customer_003,cabinet_003,2026-09-08 00:30:00+00:00,1,1,1,1,True,True,False,24.02634106367851,-47.37739509352792,3.067581301958,4.02981240644676,0.5792678285180258,0.026474500104049538,0.0,on,connected,True,synthetic_device_spec_v11
synthetic_customer_003,cabinet_003,2026-09-08 00:40:00+00:00,0,0,0,0,True,True,False,24.063976231313667,-48.20835518055818,2.9683854537544656,3.9599376663509944,0.3833199355153069,0.0,0.0,on,connected,True,synthetic_device_spec_v11
synthetic_customer_003,cabinet_003,2026-09-08 00:50:00+00:00,0,0,0,0,True,True,False,24.06906121844442,-47.44508657959988,3.020097117971813,3.9139435844785266,0.3516558947681559,0.0,0.0,on,connected,True,synthetic_device_spec_v11
synthetic_customer_003,cabinet_003,2026-09-08 01:00:00+00:00,0,0,0,0,True,True,False,24.04930345234627,-48.06413646681617,2.9574414636363,3.9653808473576384,1.1805641845711534,0.018948424665296337,0.023397512400777844,on,connected,True,synthetic_device_spec_v11
synthetic_customer_003,cabinet_003,2026-09-08 01:10:00+00:00,0,0,0,0,True,True,False,23.929436844652354,-48.48608622989265,3.011450620875805,4.085205326486621,0.0,0.05328616392466206,0.004434427577043576,on,connected,True,synthetic_device_spec_v11
synthetic_customer_003,cabinet_003,2026-09-08 01:20:00+00:00,0,0,0,0,True,True,False,23.96868888959579,-48.64557281368458,2.9534188933522794,4.079625957440065,0.5861067878103231,0.0,0.02037177076018602,on,connected,True,synthetic_device_spec_v11
synthetic_customer_003,cabinet_003,2026-09-08 01:30:00+00:00,0,0,0,0,True,True,False,24.070837665826108,-46.98829073978249,3.0144591770001807,4.033300646854005,0.06104571806734614,0.05078798805738516,0.0,on,connected,True,synthetic_device_spec_v11
synthetic_customer_003,cabinet_003,2026-09-08 01:40:00+00:00,0,0,0,0,True,True,False,23.980536903506362,-47.69718557136208,3.077152438708556,4.00874010151902,0.2666733745714785,0.010933262610685165,0.015465710709974021,on,connected,True,synthetic_device_spec_v11
synthetic_customer_003,cabinet_003,2026-09-08 01:50:00+00:00,0,0,0,0,True,True,False,24.190089379382563,-48.306112798918285,2.911056206629683,4.0106577296939525,0.33975225857188035,0.018274488690658272,0.0,on,connected,True,synthetic_device_spec_v11
synthetic_customer_003,cabinet_003,2026-09-08 02:00:00+00:00,0,0,0,0,True,True,False,24.01116289003032,-46.21682556737694,2.956543821001465,4.131937709416122,0.30182975231890635,0.0,0.030068665015317582,on,connected,True,synthetic_device_spec_v11
synthetic_customer_003,cabinet_003,2026-09-08 02:10:00+00:00,0,0,0,0,True,True,False,24.006995004312362,-49.13835054818653,3.035628829544854,4.086180053185872,0.4202105611299551,0.0,0.0,on,connected,True,synthetic_device_spec_v11
synthetic_customer_003,cabinet_003,2026-09-08 02:20:00+00:00,0,0,0,0,True,True,False,24.049372028779835,-48.42760869025684,2.9532400916759123,4.048945359268257,0.4569957864545179,0.02875106253521134,0.0,on,connected,True,synthetic_device_spec_v11
synthetic_customer_003,cabinet_003,2026-09-08 02:30:00+00:00,0,0,0,0,True,True,False,24.058993403612355,-49.22450648741608,3.0224320071411666,4.0022931258940515,0.023709297942664267,0.0,0.0,on,connected,True,synthetic_device_spec_v11
synthetic_customer_003,cabinet_003,2026-09-08 02:40:00+00:00,0,0,0,0,True,True,False,23.949605401871942,-48.11436605872769,2.9771206147351754,3.9156564090311603,0.0,0.009789017815421302,0.0,on,connected,True,synthetic_device_spec_v11
synthetic_customer_003,cabinet_003,2026-09-08 02:50:00+00:00,0,0,0,0,True,True,False,24.219136272591783,-48.17639089349246,2.9371785060686033,3.935645716647758,0.0,0.008875693557155942,0.00872803598372387,on,connected,True,synthetic_device_spec_v11
synthetic_customer_003,cabinet_003,2026-09-08 03:00:00+00:00,0,0,0,0,True,True,False,23.987701417465686,-47.73089339376144,3.0613500229494086,4.074402291441625,0.21985486627789627,0.0,0.0,on,connected,True,synthetic_device_spec_v11
synthetic_customer_003,cabinet_003,2026-09-08 03:10:00+00:00,0,0,0,0,True,True,False,23.886377266187342,-48.26526179762072,2.9655134749191903,4.146138062954206,0.0,0.03479380385632764,0.0,on,connected,True,synthetic_device_spec_v11
synthetic_customer_003,cabinet_003,2026-09-08 03:20:00+00:00,0,0,0,0,True,True,False,24.051490950407683,-47.76295810172561,2.9562716767729427,3.983562555349396,0.0,0.006910889057650993,0.0,on,connected,True,synthetic_device_spec_v11
synthetic_customer_003,cabinet_003,2026-09-08 03:30:00+00:00,0,0,0,0,True,True,False,24.029197764095535,-47.53384529477008,3.052674298168179,3.8851011349318836,0.5167672131539923,0.04635113842863081,0.014521902357140208,on,connected,True,synthetic_device_spec_v11
synthetic_customer_003,cabinet_003,2026-09-08 03:40:00+00:00,0,0,0,0,True,True,False,24.09133066826965,-49.7678019832635,2.999863077940043,4.047647220488612,0.28777918973902217,0.03417058881459311,0.0,on,connected,True,synthetic_device_spec_v11
synthetic_customer_003,cabinet_003,2026-09-08 03:50:00+00:00,0,0,0,0,True,True,False,24.13712600439527,-48.592691163360186,3.0849957938805743,3.968943249534111,0.0,0.0005887394408582631,0.0,on,connected,True,synthetic_device_spec_v11
synthetic_customer_003,cabinet_003,2026-09-08 04:00:00+00:00,0,0,0,0,True,True,False,23.888875617562185,-46.79612692557295,3.0466049673997375,3.966323093359804,0.0,0.04120298135142532,0.0,on,connected,True,synthetic_device_spec_v11
synthetic_customer_003,cabinet_003,2026-09-08 04:10:00+00:00,0,0,0,0,True,True,False,23.778961829731575,-48.14504837057404,2.9298896958185723,3.983571985388486,0.0,0.009611525347761668,0.00018017463026664967,on,connected,True,synthetic_device_spec_v11
synthetic_customer_003,cabinet_003,2026-09-08 04:20:00+00:00,0,0,0,0,True,True,False,23.950741482343513,-47.100219751399344,2.8743225483349097,4.076384338372226,0.14059721921064042,0.0022844961652460144,0.01124700893766224,on,connected,True,synthetic_device_spec_v11
synthetic_customer_003,cabinet_003,2026-09-08 04:30:00+00:00,0,0,0,0,True,True,False,23.78268872079979,-47.52589735568406,2.902118807283719,4.003186519660728,0.0,0.005500802098712371,0.0,on,connected,True,synthetic_device_spec_v11
synthetic_customer_003,cabinet_003,2026-09-08 04:40:00+00:00,0,0,0,0,True,True,False,24.0094709006956,-49.27718661590526,2.7450917580631584,3.995116525358557,0.06456409710821182,0.01266884018797123,0.0,on,connected,True,synthetic_device_spec_v11
synthetic_customer_003,cabinet_003,2026-09-08 04:50:00+00:00,0,0,0,0,True,True,False,23.805455354198077,-47.72331862712516,2.750174567427186,4.054820725069211,0.0,0.02064946956140068,0.0,on,connected,True,synthetic_device_spec_v11
synthetic_customer_003,cabinet_003,2026-09-08 05:00:00+00:00,0,0,0,0,True,True,False,23.9902614463137,-48.89999734920654,2.6578874453365806,3.992044022203048,0.944447012455071,0.003859806481590675,0.005728692507679705,on,connected,True,synthetic_device_spec_v11
synthetic_customer_003,cabinet_003,2026-09-08 05:10:00+00:00,0,0,0,0,True,True,False,24.118285123100087,-48.05388582393831,2.4962142778985053,3.8930567620609047,0.0,0.0,0.0,on,connected,True,synthetic_device_spec_v11
synthetic_customer_003,cabinet_003,2026-09-08 05:20:00+00:00,0,0,0,0,True,True,False,24.096300950914177,-48.499088577633096,2.4256320256934947,3.8889749006350307,1.6029579234394096,0.0027546766759992698,0.005275894411209639,on,connected,True,synthetic_device_spec_v11
synthetic_customer_003,cabinet_003,2026-09-08 05:30:00+00:00,0,0,0,0,True,True,False,23.95113589231198,-46.796881079299226,2.398361854520813,3.96478926602758,0.0,0.013914723041545677,0.013153145133259447,on,connected,True,synthetic_device_spec_v11
synthetic_customer_003,cabinet_003,2026-09-08 05:40:00+00:00,0,0,0,0,True,True,False,23.83506466735035,-49.79992501795891,2.2763951404647758,4.026777075736115,0.0,0.0,0.016716443962051814,on,connected,True,synthetic_device_spec_v11
synthetic_customer_003,cabinet_003,2026-09-08 05:50:00+00:00,0,0,0,0,True,True,False,23.98102443288669,-47.564397850796404,2.142236395570075,4.03467086868779,0.0,0.010522684576462051,0.0,on,connected,True,synthetic_device_spec_v11
synthetic_customer_003,cabinet_003,2026-09-08 06:00:00+00:00,0,0,0,0,True,True,False,23.91810676348296,-48.843450684117535,2.110622413008447,3.972462230535832,0.0,0.0,0.0,on,connected,True,synthetic_device_spec_v11
synthetic_customer_003,cabinet_003,2026-09-08 06:10:00+00:00,1,1,1,1,True,True,False,23.94082473382333,-47.31076747412137,2.197580291524443,4.031472488975711,0.0,0.019197516854420702,0.017879634131068713,on,connected,True,synthetic_device_spec_v11
synthetic_customer_003,cabinet_003,2026-09-08 06:20:00+00:00,1,1,1,1,True,True,False,24.078879142098124,-48.4885607002498,2.1189123866414032,3.9772347234387175,0.0,0.0017946322809895448,0.026873644967350376,on,connected,True,synthetic_device_spec_v11
synthetic_customer_003,cabinet_003,2026-09-08 06:30:00+00:00,1,1,1,1,True,True,False,23.877029937777202,-46.38059461266275,2.130214132102454,3.9922490957288783,0.2480328738597126,0.0,0.00410745840894967,on,connected,True,synthetic_device_spec_v11
synthetic_customer_003,cabinet_003,2026-09-08 06:40:00+00:00,0,0,0,0,True,True,False,24.103462247047307,-48.6584036051995,2.176379132104934,4.004349627739794,0.7038041256745963,0.010461510242187205,0.0,on,connected,True,synthetic_device_spec_v11
synthetic_customer_003,cabinet_003,2026-09-08 06:50:00+00:00,0,0,0,0,True,True,False,24.02008046265527,-48.938807559896226,2.9251185045399186,3.975910226323896,0.4549856412906738,0.0,0.002523367144874147,on,connected,True,synthetic_device_spec_v11
synthetic_customer_003,cabinet_003,2026-09-08 07:00:00+00:00,0,0,0,0,True,True,False,24.099715672388463,-49.95893864691565,2.9402639780031885,3.9671210114711766,0.13572917838095905,0.031948846906813905,0.008204446367163977,on,connected,True,synthetic_device_spec_v11
synthetic_customer_003,cabinet_003,2026-09-08 07:10:00+00:00,0,0,0,0,True,True,False,24.00849387761786,-48.43467244847672,3.052098768615973,3.979812973026452,0.35278379145535094,0.0,0.0,on,connected,True,synthetic_device_spec_v11
synthetic_customer_003,cabinet_003,2026-09-08 07:20:00+00:00,0,0,0,0,True,True,False,23.96861496695841,-48.71226381454035,3.00912835359527,3.9623757938180666,0.5760774157850671,0.0,0.005461321017510563,on,connected,True,synthetic_device_spec_v11
synthetic_customer_003,cabinet_003,2026-09-08 07:30:00+00:00,0,0,0,0,True,True,False,23.865623909662094,-49.26652860172419,3.063709829405821,4.095861516617231,0.8394489325241578,0.0,0.0,on,connected,True,synthetic_device_spec_v11
synthetic_customer_003,cabinet_003,2026-09-08 07:40:00+00:00,0,0,0,0,True,True,False,24.190914471235065,-49.06560487417307,3.042947891304619,4.018989516028237,0.0,0.0511407503449893,0.0,on,connected,True,synthetic_device_spec_v11
synthetic_customer_003,cabinet_003,2026-09-08 07:50:00+00:00,0,0,0,0,True,True,False,24.16532283651231,-47.682209177177164,2.9887004096066287,3.942182111993519,0.0,0.0,0.019789436579547626,on,connected,True,synthetic_device_spec_v11
synthetic_customer_003,cabinet_003,2026-09-08 08:00:00+00:00,0,0,0,0,True,True,False,23.921971296945227,-49.37374075068679,3.051927528359244,4.0805557747119074,0.0,0.0,0.0,on,connected,True,synthetic_device_spec_v11
synthetic_customer_003,cabinet_003,2026-09-08 08:10:00+00:00,0,0,0,0,True,True,False,23.9983987057081,-46.724620605575375,3.0067607011632194,3.959688340668857,0.0,0.0006907345478892415,0.016844794123729308,on,connected,True,synthetic_device_spec_v11
synthetic_customer_003,cabinet_003,2026-09-08 08:20:00+00:00,0,0,0,0,True,True,False,24.009018309786423,-47.62187905440976,3.0700322354916594,4.010035727102522,0.0,0.03175929520626635,0.0,on,connected,True,synthetic_device_spec_v11
synthetic_customer_003,cabinet_003,2026-09-08 08:30:00+00:00,0,0,0,0,True,True,False,24.03013903195508,-47.78758675691064,3.0696604470952904,4.0453814208554375,0.0,0.0,0.004677967245104224,on,connected,True,synthetic_device_spec_v11
synthetic_customer_003,cabinet_003,2026-09-08 08:40:00+00:00,0,0,0,0,True,True,False,24.075344820656728,-47.640299805438204,3.0502934006778024,4.027255854408099,0.0,0.007473040046187299,0.008775245933448054,on,connected,True,synthetic_device_spec_v11
synthetic_customer_003,cabinet_003,2026-09-08 08:50:00+00:00,0,0,0,0,True,True,False,23.980258253381372,-48.93214640699924,3.044249711082823,3.991150389187745,0.3515163667987915,0.04993266667137721,0.029541617435686594,on,connected,True,synthetic_device_spec_v11
synthetic_customer_003,cabinet_003,2026-09-08 09:00:00+00:00,0,0,0,0,True,True,False,24.02579463918357,-48.38344315040568,3.0334209657530424,3.946870480420372,0.23766282146303006,0.030837215712895702,0.007890771157278932,on,connected,True,synthetic_device_spec_v11
synthetic_customer_003,cabinet_003,2026-09-08 09:10:00+00:00,0,0,0,0,True,True,False,23.866786420479432,-48.083196610812415,3.022769718917694,4.0089810427294506,0.3199762889304185,0.0,0.0033012549214851876,on,connected,True,synthetic_device_spec_v11
synthetic_customer_003,cabinet_003,2026-09-08 09:20:00+00:00,0,0,0,0,True,True,False,24.094973910297657,-48.497929009505256,2.958332750278836,3.9764747730175865,0.3418633251681746,0.021510069183240263,0.015897106203472178,on,connected,True,synthetic_device_spec_v11
synthetic_customer_003,cabinet_003,2026-09-08 09:30:00+00:00,0,0,0,0,True,True,False,23.94693802557998,-47.15456648207145,3.0376436964207953,4.049985848597081,0.0,0.013651803801870373,0.0,on,connected,True,synthetic_device_spec_v11
synthetic_customer_003,cabinet_003,2026-09-08 09:40:00+00:00,0,0,0,0,True,True,False,23.910653353800523,-47.40033736981705,3.0213395580024347,3.860681127295183,0.0,0.009452882512811648,0.01755367724529725,on,connected,True,synthetic_device_spec_v11
synthetic_customer_003,cabinet_003,2026-09-08 09:50:00+00:00,0,0,0,0,True,True,False,24.014359838340784,-47.31399784516345,2.970560536201413,3.951068442335071,0.013083929029313459,0.0,0.003931577205928706,on,connected,True,synthetic_device_spec_v11
synthetic_customer_003,cabinet_003,2026-09-08 10:00:00+00:00,0,0,0,0,True,True,False,23.92524062880592,-49.16453455839969,2.969339348375572,4.040587565844984,0.5354897684205915,0.0,0.009408267777901857,on,connected,True,synthetic_device_spec_v11
synthetic_customer_003,cabinet_003,2026-09-08 10:10:00+00:00,0,0,0,0,True,True,False,24.039381741962156,-46.54616540908739,3.0135062960234804,3.9655703474574384,0.0,0.0,0.008199907217853707,on,connected,True,synthetic_device_spec_v11
synthetic_customer_003,cabinet_003,2026-09-08 10:20:00+00:00,0,0,0,0,True,True,False,24.10705720966379,-45.04030052992923,3.0288414781980606,3.9487244857342985,0.0,0.0,0.0,on,connected,True,synthetic_device_spec_v11
synthetic_customer_003,cabinet_003,2026-09-08 10:30:00+00:00,0,0,0,0,True,True,False,24.00422143899149,-47.26758237396813,2.975452217659407,3.939391017254722,0.0,0.013156108317616927,0.0,on,connected,True,synthetic_device_spec_v11
synthetic_customer_003,cabinet_003,2026-09-08 10:40:00+00:00,0,0,0,0,True,True,False,24.0969203946504,-47.51143309009883,2.9817553148739777,4.0289550761335295,0.7801239400609467,0.0,0.018725086084215036,on,connected,True,synthetic_device_spec_v11
synthetic_customer_003,cabinet_003,2026-09-08 10:50:00+00:00,0,0,0,0,True,True,False,23.891867095671305,-49.047355787779544,3.0127106276726754,4.097122500883853,0.0,0.0,0.03026737249221998,on,connected,True,synthetic_device_spec_v11
synthetic_customer_003,cabinet_003,2026-09-08 11:00:00+00:00,0,0,0,0,True,True,False,23.99412781068286,-48.254320303057796,3.009728667366259,4.077929841063834,0.5487424157555957,0.003639342405382148,0.004591372461495703,on,connected,True,synthetic_device_spec_v11
synthetic_customer_003,cabinet_003,2026-09-08 11:10:00+00:00,0,0,0,0,True,True,False,24.062049950438592,-48.594461518779795,2.991675463144176,4.020511732480624,0.0,0.0,0.005605826474462937,on,connected,True,synthetic_device_spec_v11
synthetic_customer_003,cabinet_003,2026-09-08 11:20:00+00:00,0,0,0,0,True,True,False,23.96376372209575,-47.790099769821424,3.0289931188185033,4.04692824976236,0.0,0.018450072621367726,0.007633257011427431,on,connected,True,synthetic_device_spec_v11
synthetic_customer_003,cabinet_003,2026-09-08 11:30:00+00:00,0,0,0,0,True,True,False,24.128059324836325,-47.274036180129755,2.9731087413749324,3.981418970366376,0.0,0.0,0.006429996232775591,on,connected,True,synthetic_device_spec_v11
synthetic_customer_003,cabinet_003,2026-09-08 11:40:00+00:00,0,0,0,0,True,True,False,24.13918489871668,-48.09518863494125,3.005294670150665,3.9299039715307105,0.1867281292387252,0.0,0.001565335320668285,on,connected,True,synthetic_device_spec_v11
synthetic_customer_003,cabinet_003,2026-09-08 11:50:00+00:00,0,0,0,0,True,True,False,23.97842332805296,-49.638785782670624,2.96449264980869,4.079427163554647,0.2923293269229699,0.017562701879744673,0.0,on,connected,True,synthetic_device_spec_v11
synthetic_customer_003,cabinet_003,2026-09-08 12:00:00+00:00,0,0,0,0,True,True,False,24.19232744438475,-46.64952024874861,3.0345390145965596,3.9430649278861445,0.0,0.0,0.0011436960806652898,on,connected,True,synthetic_device_spec_v11
synthetic_customer_003,cabinet_003,2026-09-08 12:10:00+00:00,1,1,1,1,True,True,False,24.01193939660689,-47.16077297200432,3.0305757564690206,4.056792288068121,0.0,0.012970265257187983,0.00021017287421868364,on,connected,True,synthetic_device_spec_v11
synthetic_customer_003,cabinet_003,2026-09-08 12:20:00+00:00,1,1,1,1,True,True,False,24.008415987344456,-49.01841287413829,3.0063745678388947,3.9698269601758858,0.3573516027222815,0.0,0.0,on,connected,True,synthetic_device_spec_v11
synthetic_customer_003,cabinet_003,2026-09-08 12:30:00+00:00,1,1,1,1,True,True,False,24.047047350174644,-48.63614044871885,2.9763089627429866,3.9853612599412247,0.4269473524524166,0.012728808175374855,0.0,on,connected,True,synthetic_device_spec_v11
synthetic_customer_003,cabinet_003,2026-09-08 12:40:00+00:00,0,0,0,0,True,True,False,24.26162067950647,-46.21931503057029,2.973392771722847,4.016587154949732,0.3900420818395422,0.030843061666545504,0.002673659786134636,on,connected,True,synthetic_device_spec_v11
synthetic_customer_003,cabinet_003,2026-09-08 12:50:00+00:00,0,0,0,0,True,True,False,23.96841949815853,-47.79575334941715,2.9863336342759323,4.008867161300012,0.0,0.02730918874645771,0.0,on,connected,True,synthetic_device_spec_v11
synthetic_customer_003,cabinet_003,2026-09-08 13:00:00+00:00,0,0,0,0,True,True,False,24.061190505443975,-47.94367170680964,2.9618681022750017,4.017351373485386,0.14869439649280808,0.0,0.022159204229750824,on,connected,True,synthetic_device_spec_v11
synthetic_customer_003,cabinet_003,2026-09-08 13:10:00+00:00,0,0,0,0,True,True,False,24.14440119427108,-45.36361292008684,2.906878711259716,4.027860828023017,0.3345371169979603,0.0,0.0,on,connected,True,synthetic_device_spec_v11
synthetic_customer_003,cabinet_003,2026-09-08 13:20:00+00:00,0,0,0,0,True,True,False,23.997622532297495,-48.13055161055048,3.0206323542120863,4.01610566928347,1.2026364175877469,0.011674103770107622,0.018754244622796713,on,connected,True,synthetic_device_spec_v11
synthetic_customer_003,cabinet_003,2026-09-08 13:30:00+00:00,0,0,0,0,True,True,False,23.981791932764338,-47.749651358631056,2.9370578302690733,3.9818815431806778,0.0,0.008809215385477558,0.03551282528654236,on,connected,True,synthetic_device_spec_v11
synthetic_customer_003,cabinet_003,2026-09-08 13:40:00+00:00,0,0,0,0,True,True,False,24.10448312186808,-48.29140823090623,3.0604165774765453,3.962091602523019,0.0,0.009865036139364135,0.0,on,connected,True,synthetic_device_spec_v11
synthetic_customer_003,cabinet_003,2026-09-08 13:50:00+00:00,0,0,0,0,True,True,False,23.924105493586467,-47.948601463510904,2.966703969658099,3.9261948957086545,0.0,0.0029970503179684717,0.0,on,connected,True,synthetic_device_spec_v11
synthetic_customer_003,cabinet_003,2026-09-08 14:00:00+00:00,0,0,0,0,True,True,False,23.92542782398023,-47.44367782463321,3.052642605247681,3.96042652871705,0.0,0.030573698597768345,0.0,on,connected,True,synthetic_device_spec_v11
synthetic_customer_003,cabinet_003,2026-09-08 14:10:00+00:00,0,0,0,0,True,True,False,23.966188325750824,-48.75070027525464,3.069223964876481,4.050804098528222,0.0,0.011416464240202366,0.0,on,connected,True,synthetic_device_spec_v11
synthetic_customer_003,cabinet_003,2026-09-08 14:20:00+00:00,0,0,0,0,True,True,False,24.053783149348863,-50.04666125676646,2.9924847478156233,3.8836598485657703,0.1540003401202338,0.0,0.0017577013908231475,on,connected,True,synthetic_device_spec_v11
synthetic_customer_003,cabinet_003,2026-09-08 14:30:00+00:00,0,0,0,0,True,True,False,24.028564518814676,-48.35438236857676,3.0601325794205936,4.190760896702207,0.0,0.007492653231446832,0.05061542646517936,on,connected,True,synthetic_device_spec_v11
synthetic_customer_003,cabinet_003,2026-09-08 14:40:00+00:00,0,0,0,0,True,True,False,24.133580402263014,-49.62943513333899,2.976301410184716,4.39822974270114,0.0,0.0018731479334820511,0.06392189661847088,on,connected,True,synthetic_device_spec_v11
synthetic_customer_003,cabinet_003,2026-09-08 14:50:00+00:00,0,0,0,0,True,True,False,24.075762999286614,-48.08101249476675,3.040041339615149,4.669492079938374,0.8242243060035266,0.0,0.06856712768790858,on,connected,True,synthetic_device_spec_v11
synthetic_customer_003,cabinet_003,2026-09-08 15:00:00+00:00,0,0,0,0,True,True,False,24.10098097347528,-47.9479627945376,3.0262710172091283,4.886522685898483,0.04865909576483807,0.014208884389337144,0.12072242083586705,on,connected,True,synthetic_device_spec_v11
synthetic_customer_003,cabinet_003,2026-09-08 15:10:00+00:00,0,0,0,0,True,True,False,23.8607278720391,-47.84034517521417,3.0158963160043384,5.210283335686264,0.0,0.0008449221898798013,0.1685137934996915,on,connected,True,synthetic_device_spec_v11
synthetic_customer_003,cabinet_003,2026-09-08 15:20:00+00:00,0,0,0,0,True,True,False,24.05881307943851,-48.16925699979658,2.976462099500745,5.45234445633795,0.0,0.020653153686204725,0.20812626399101228,on,connected,True,synthetic_device_spec_v11
synthetic_customer_003,cabinet_003,2026-09-08 15:30:00+00:00,0,0,0,0,True,True,False,23.952736559584842,-49.65656819323433,3.011687898232196,5.66937941012921,0.0,0.0,0.21436357285748456,on,connected,True,synthetic_device_spec_v11
synthetic_customer_003,cabinet_003,2026-09-08 15:40:00+00:00,0,0,0,0,True,True,False,23.884063466776293,-47.71005502986627,3.0044269062846434,6.076045723759127,0.2990554339542888,0.0,0.24902271373801083,on,connected,True,synthetic_device_spec_v11
synthetic_customer_003,cabinet_003,2026-09-08 15:50:00+00:00,0,0,0,0,True,True,False,24.19503280478197,-48.27908337509095,2.9716241160226544,6.174092840526337,0.04352748162498289,0.01725734065078013,0.28055442417044724,on,connected,True,synthetic_device_spec_v11
synthetic_customer_003,cabinet_003,2026-09-08 16:00:00+00:00,0,0,0,0,True,True,False,24.007781481103137,-48.18308698197212,2.984803099798842,6.4584429780762616,0.8527041268815433,0.0,0.3170368045253811,on,connected,True,synthetic_device_spec_v11
synthetic_customer_003,cabinet_003,2026-09-08 16:10:00+00:00,0,0,0,0,True,True,False,24.073276785445895,-48.16915565337168,2.9960413237203047,6.662989231877123,0.20116827069619966,0.0,0.36325098920967186,on,connected,True,synthetic_device_spec_v11
synthetic_customer_003,cabinet_003,2026-09-08 16:20:00+00:00,0,0,0,0,True,True,False,24.209051953782232,-49.31132336237116,3.032069438964384,7.070012913186579,0.0,0.0,0.42216657700557453,on,connected,True,synthetic_device_spec_v11
synthetic_customer_003,cabinet_003,2026-09-08 16:30:00+00:00,0,0,0,0,True,True,False,24.109568726045445,-46.493318013655625,2.9801132213432178,7.005359032406156,0.1422348233574717,0.008287004699935747,0.4038180380748063,on,connected,True,synthetic_device_spec_v11
synthetic_customer_003,cabinet_003,2026-09-08 16:40:00+00:00,0,0,0,0,True,True,False,24.08957639816156,-47.40788250981625,2.9300173864685255,7.052908032941421,0.0,0.020838301178650733,0.39338247412555477,on,connected,True,synthetic_device_spec_v11
synthetic_customer_003,cabinet_003,2026-09-08 16:50:00+00:00,0,0,0,0,True,True,False,24.102115421021377,-48.24506283807437,3.046139580753434,6.972463049454311,0.004288801190337563,0.03587667154222938,0.3633938818942086,on,connected,True,synthetic_device_spec_v11
synthetic_customer_003,cabinet_003,2026-09-08 17:00:00+00:00,0,0,0,0,True,True,False,24.127893397439525,-46.36118799453342,3.031731398025746,3.9342807479845954,0.0,0.05367560354502167,0.0,on,connected,True,synthetic_device_spec_v11
synthetic_customer_003,cabinet_003,2026-09-08 17:10:00+00:00,0,0,0,0,True,True,False,24.172676102129586,-48.84568315718705,2.989070717703674,3.9888862356650363,1.1186290724617163,0.0,0.0013375197612403905,on,connected,True,synthetic_device_spec_v11
synthetic_customer_003,cabinet_003,2026-09-08 17:20:00+00:00,0,0,0,0,True,True,False,24.045646140526138,-47.805295112176005,3.026090282552501,4.027062849414543,0.0,0.015670809498234555,0.0077051308009410254,on,connected,True,synthetic_device_spec_v11
synthetic_customer_003,cabinet_003,2026-09-08 17:30:00+00:00,0,0,0,0,True,True,False,24.059070362172687,-48.99755740423191,2.980924045743565,3.9448060619818506,0.0,0.022381969672534047,0.0,on,connected,True,synthetic_device_spec_v11
synthetic_customer_003,cabinet_003,2026-09-08 17:40:00+00:00,0,0,0,0,True,True,False,23.791245443560978,-47.19230051759347,2.97280122164249,4.015248730329398,0.0,0.0035747701384646266,0.0,on,connected,True,synthetic_device_spec_v11
synthetic_customer_003,cabinet_003,2026-09-08 17:50:00+00:00,0,0,0,0,True,True,False,23.93104980483491,-48.12402393772973,2.9691540278701956,4.0813286780273454,0.0,0.06252136015030411,0.00821685578935893,on,connected,True,synthetic_device_spec_v11
synthetic_customer_003,cabinet_003,2026-09-08 18:00:00+00:00,0,0,0,0,True,True,False,23.928030171240316,-47.6975513580212,3.0044811182518845,3.9477136608219023,0.0,0.038820056468046336,0.004237186753541035,on,connected,True,synthetic_device_spec_v11
synthetic_customer_003,cabinet_003,2026-09-08 18:10:00+00:00,1,1,1,1,True,True,False,23.941554972836645,-48.082506341766,3.0524045185200466,3.8964332471955037,0.0,0.0,0.0,on,connected,True,synthetic_device_spec_v11
synthetic_customer_003,cabinet_003,2026-09-08 18:20:00+00:00,1,1,1,1,True,True,False,23.998224539851186,-48.171609446829194,3.0234304788055897,3.893984330720027,0.5633421830135013,0.01198971706169153,0.004793056289564088,on,connected,True,synthetic_device_spec_v11
synthetic_customer_003,cabinet_003,2026-09-08 18:30:00+00:00,1,1,1,1,True,True,False,23.854449993086078,-47.82145628772916,3.0471938380432984,3.9827644456600453,0.0,0.00516213268756165,0.036340455367700045,on,connected,True,synthetic_device_spec_v11
synthetic_customer_003,cabinet_003,2026-09-08 18:40:00+00:00,0,0,0,0,True,True,False,24.11330697534408,-49.21672343953836,2.9927709365997544,3.9913821480909455,0.0,0.0,0.0,on,connected,True,synthetic_device_spec_v11
synthetic_customer_003,cabinet_003,2026-09-08 18:50:00+00:00,0,0,0,0,True,True,False,23.965207188660365,-48.674499036617505,3.051499815944029,3.9486969817711826,0.11575587127976496,0.0,0.005412187753188485,on,connected,True,synthetic_device_spec_v11
synthetic_customer_003,cabinet_003,2026-09-08 19:00:00+00:00,0,0,0,0,True,True,False,24.081387810073014,-48.73320433289054,3.0523495348877745,4.029950030891427,0.49550645024939133,0.0,0.01774819618943615,on,connected,True,synthetic_device_spec_v11
synthetic_customer_003,cabinet_003,2026-09-08 19:10:00+00:00,0,0,0,0,True,True,False,23.869130831347505,-48.95148749746946,2.9396038390427273,4.042218064839495,0.3807381217979803,0.0,0.024395144392212662,on,connected,True,synthetic_device_spec_v11
synthetic_customer_003,cabinet_003,2026-09-08 19:20:00+00:00,0,0,0,0,True,True,False,24.014790552472373,-48.688163306833694,2.9189361154892954,3.9696057287891953,0.0,0.0575119515491968,0.034350171763491595,on,connected,True,synthetic_device_spec_v11
synthetic_customer_003,cabinet_003,2026-09-08 19:30:00+00:00,0,0,0,0,True,True,False,24.03923642615067,-47.92941839462628,2.9427125787660278,3.984570203471471,0.0,0.010399599780154298,0.0020979190928732483,on,connected,True,synthetic_device_spec_v11
synthetic_customer_003,cabinet_003,2026-09-08 19:40:00+00:00,0,0,0,0,True,True,False,23.992599224214906,-48.97949156312619,2.950868284197734,3.87704976641713,0.0,0.04230631471956332,0.004775753996601742,on,connected,True,synthetic_device_spec_v11
synthetic_customer_003,cabinet_003,2026-09-08 19:50:00+00:00,0,0,0,0,True,True,False,24.11389731839542,-50.047047235242694,2.990415099168574,4.03673576320066,0.0,0.02116013328386509,0.0,on,connected,True,synthetic_device_spec_v11
synthetic_customer_003,cabinet_003,2026-09-08 20:00:00+00:00,0,0,0,0,True,True,False,24.077703974469514,-53.28178708680751,3.0248180099055397,3.9710541750333435,0.35118667052755137,0.06190114097745543,0.004171679279045606,on,connected,True,synthetic_device_spec_v11
synthetic_customer_003,cabinet_003,2026-09-08 20:10:00+00:00,0,0,0,0,True,True,False,23.77464340806779,-53.32457031533389,2.968213823071184,3.91157510006714,0.0,0.18016005706942112,0.010083689420551791,on,connected,True,synthetic_device_spec_v11
synthetic_customer_003,cabinet_003,2026-09-08 20:20:00+00:00,0,0,0,0,True,True,False,23.965882391979907,-53.45859137593632,3.0447062370478606,3.981806518796851,0.3928971780872297,0.1324199626619301,0.0,on,connected,True,synthetic_device_spec_v11
synthetic_customer_003,cabinet_003,2026-09-08 20:30:00+00:00,0,0,0,0,True,True,False,24.074270853457456,-57.84064636898604,2.9667259905994348,4.014576284207568,0.0,0.18951679012812717,0.0015412512246814345,on,connected,True,synthetic_device_spec_v11
synthetic_customer_003,cabinet_003,2026-09-08 20:40:00+00:00,0,0,0,0,True,True,False,23.843902135283884,-60.38075130525194,3.0265494351058213,3.9926237464999335,0.3426449668507507,0.15813975531665453,0.0018490775393188448,on,connected,True,synthetic_device_spec_v11
synthetic_customer_003,cabinet_003,2026-09-08 20:50:00+00:00,0,0,0,0,True,True,False,24.08711424345393,-59.47743266287112,2.9765892003800984,4.04194318593706,0.3735807780292593,0.22373465396341807,0.010357538386523773,on,connected,True,synthetic_device_spec_v11
synthetic_customer_003,cabinet_003,2026-09-08 21:00:00+00:00,0,0,0,0,True,True,False,24.13734062015932,-62.181001663902904,3.0422113098267456,4.152269874722682,0.9990439296560887,0.2684534955903935,0.0,on,connected,True,synthetic_device_spec_v11
synthetic_customer_003,cabinet_003,2026-09-08 21:10:00+00:00,0,0,0,0,True,True,False,24.115748311982944,-64.04447115801464,3.028504377366772,3.949174187085755,0.0,0.27570988838409877,0.0,on,connected,True,synthetic_device_spec_v11
synthetic_customer_003,cabinet_003,2026-09-08 21:20:00+00:00,0,0,0,0,True,True,False,24.12280209196681,-67.88697077480664,3.0186016606077986,3.974789151305526,0.0,0.35413366038031097,0.007065181191222445,on,connected,True,synthetic_device_spec_v11
synthetic_customer_003,cabinet_003,2026-09-08 21:30:00+00:00,0,0,0,0,True,True,False,24.0736932430454,-68.33029824392726,3.032484926904971,4.040737416319651,0.6125365272603618,0.3607147424015341,0.0043095790109824485,on,connected,True,synthetic_device_spec_v11
synthetic_customer_003,cabinet_003,2026-09-08 21:40:00+00:00,0,0,0,0,True,True,False,23.986194110519452,-70.96770736910801,3.0211718723913936,3.9822643342796074,0.29054596707482994,0.4196094674587109,0.0,on,connected,True,synthetic_device_spec_v11
synthetic_customer_003,cabinet_003,2026-09-08 21:50:00+00:00,0,0,0,0,True,True,False,24.20686077363902,-73.69202669222815,2.962115594748728,3.9742087595112605,0.0,0.41344650642881753,0.01654555514648933,on,connected,True,synthetic_device_spec_v11
synthetic_customer_003,cabinet_003,2026-09-08 22:00:00+00:00,0,0,0,0,True,True,False,24.193394113639123,-76.32405293984667,2.97796917162549,3.934924328491626,0.0,0.46850873534682214,0.0,on,connected,True,synthetic_device_spec_v11
synthetic_customer_003,cabinet_003,2026-09-08 22:10:00+00:00,0,0,0,0,True,True,False,23.774654057644142,-76.80570536497123,3.049406148392467,3.9346645887561777,0.030742551780300432,0.5385790464125187,0.0012366043910415163,on,connected,True,synthetic_device_spec_v11
synthetic_customer_003,cabinet_003,2026-09-08 22:20:00+00:00,0,0,0,0,True,True,False,24.09149896228121,-78.70867174327897,3.002504197888893,3.9170329031279967,0.8988959049588198,0.5387240971443373,0.0,on,connected,True,synthetic_device_spec_v11
synthetic_customer_003,cabinet_003,2026-09-08 22:30:00+00:00,0,0,0,0,True,True,False,24.00554336499902,-80.79333650015077,3.0599539820075963,4.032610927053632,0.10289125058157099,0.5536193359165837,0.0,on,connected,True,synthetic_device_spec_v11
synthetic_customer_003,cabinet_003,2026-09-08 22:40:00+00:00,0,0,0,0,True,True,False,23.884072090553445,-82.05178489387791,2.950206271293679,4.0395172889900675,0.0,0.6155456620548242,0.01394340047146238,on,connected,True,synthetic_device_spec_v11
synthetic_customer_003,cabinet_003,2026-09-08 22:50:00+00:00,0,0,0,0,True,True,False,24.11940427585162,-83.83144684769249,2.9829759205455675,3.986274316064766,0.0,0.6569881757902069,0.032421570064056805,on,connected,True,synthetic_device_spec_v11
synthetic_customer_003,cabinet_003,2026-09-08 23:30:00+00:00,0,0,0,0,True,True,False,24.074845880408105,-46.99671091166857,3.007358220374564,3.9049589779601823,0.0,0.0034308857651100875,0.024205659738583865,on,connected,True,synthetic_device_spec_v11
synthetic_customer_003,cabinet_003,2026-09-08 23:40:00+00:00,0,0,0,0,True,True,False,24.165841600351254,-47.60815983881011,2.9730292040790562,4.080113854292688,0.07979010311435648,0.01887939517974213,0.0,on,connected,True,synthetic_device_spec_v11
synthetic_customer_003,cabinet_003,2026-09-08 23:50:00+00:00,0,0,0,0,True,True,False,23.696422728766446,-47.65453842213778,3.022237775228653,3.9689046816017157,0.13191350791433062,0.0,0.011778429553793027,on,connected,True,synthetic_device_spec_v11
synthetic_customer_003,cabinet_003,2026-09-09 00:00:00+00:00,0,0,0,0,True,True,False,23.947446377037945,-46.04837225984255,2.991587717957109,4.029859886190956,0.35843520604637685,0.0,0.011510294760733699,on,connected,True,synthetic_device_spec_v11
