customer_id,device_id,observed_at,pump_running,valve_running,fertilizer_requested,fertilizer_running,dosage_configured,meter_configured,emergency_stop,supply_voltage,rssi,pressure,pump_current,sensor_bus_errors,packet_loss_rate,command_failure_rate,power_state,mqtt_state,online,source
synthetic_customer_005,cabinet_005,2026-08-10 00:10:00+00:00,1,1,1,1,True,True,False,24.06467488239332,-46.825211085041346,2.9352460984767244,4.005375139732659,0.0,0.0,0.004497522434536101,on,connected,True,synthetic_device_spec_v11
synthetic_customer_005,cabinet_005,2026-08-10 00:20:00+00:00,1,1,1,1,True,True,False,23.87747078021266,-47.74716326335022,2.9637656072896057,3.9435622178765195,0.0,0.0,0.00912721446467098,on,connected,True,synthetic_device_spec_v11
synthetic_customer_005,cabinet_005,2026-08-10 00:30:00+00:00,1,1,1,1,True,True,False,24.111623980093533,-47.59279933534776,3.017391931912587,4.011543528160691,0.0,0.002788016300350549,0.008321996313951783,on,connected,True,synthetic_device_spec_v11
synthetic_customer_005,cabinet_005,2026-08-10 00:40:00+00:00,0,0,0,0,True,True,False,23.95727597008443,-47.908856403921625,2.9946723431497255,3.9065313267112565,0.028170297996342124,0.0,0.02006958518301714,on,connected,True,synthetic_device_spec_v11
synthetic_customer_005,cabinet_005,2026-08-10 00:50:00+00:00,0,0,0,0,True,True,False,24.122841950080943,-47.26322171861239,3.0118177449753225,3.9881413367092495,0.0,0.0,0.007353913856088192,on,connected,True,synthetic_device_spec_v11
synthetic_customer_005,cabinet_005,2026-08-10 01:00:00+00:00,0,0,0,0,True,True,False,23.98989504528283,-50.053517560866354,3.0370005608298185,4.022563553163841,0.0,0.0,0.004812496264816397,on,connected,True,synthetic_device_spec_v11
synthetic_customer_005,cabinet_005,2026-08-10 01:10:00+00:00,0,0,0,0,True,True,False,23.872230860908793,-48.49564276899634,3.0272769053190656,4.030988797469366,0.0,0.02930364680993859,0.0,on,connected,True,synthetic_device_spec_v11
synthetic_customer_005,cabinet_005,2026-08-10 01:20:00+00:00,0,0,0,0,True,True,False,23.966683643322973,-48.63734112402449,3.01419785592985,3.9296167001758553,0.0,0.0,0.010758536000453837,on,connected,True,synthetic_device_spec_v11
synthetic_customer_005,cabinet_005,2026-08-10 01:30:00+00:00,0,0,0,0,True,True,False,24.07867045642456,-47.57791798371482,3.019748209219169,4.033812808987515,0.4492805332836872,0.0,0.0,on,connected,True,synthetic_device_spec_v11
synthetic_customer_005,cabinet_005,2026-08-10 01:40:00+00:00,0,0,0,0,True,True,False,23.889276903990318,-47.07180763920118,3.0181809931871197,3.9793659035696645,0.20158724980270235,0.0014871413668206515,0.02227406780370284,on,connected,True,synthetic_device_spec_v11
synthetic_customer_005,cabinet_005,2026-08-10 01:50:00+00:00,0,0,0,0,True,True,False,24.231898262992484,-47.36800838460686,2.9824986189784335,3.9396723877843933,0.0,0.055641157087433835,0.0,on,connected,True,synthetic_device_spec_v11
synthetic_customer_005,cabinet_005,2026-08-10 02:00:00+00:00,0,0,0,0,True,True,False,23.985505874300134,-49.69795893191765,2.9573382207030616,4.004443531703565,0.32236296765470235,0.002603105294389719,0.0,on,connected,True,synthetic_device_spec_v11
synthetic_customer_005,cabinet_005,2026-08-10 02:10:00+00:00,0,0,0,0,True,True,False,24.072499024355857,-47.98196027606213,3.016533196304698,3.8679671366995567,0.0,0.0,0.008548019640349744,on,connected,True,synthetic_device_spec_v11
synthetic_customer_005,cabinet_005,2026-08-10 02:20:00+00:00,0,0,0,0,True,True,False,23.901951546776292,-47.06207360188351,2.989371835025305,3.9252127878272907,0.0,0.0,0.005260821292799957,on,connected,True,synthetic_device_spec_v11
synthetic_customer_005,cabinet_005,2026-08-10 02:30:00+00:00,0,0,0,0,True,True,False,24.236144195326727,-48.78932354072119,3.054606015090293,4.024658913478379,0.7360919545346479,0.002109319557283068,0.0,on,connected,True,synthetic_device_spec_v11
synthetic_customer_005,cabinet_005,2026-08-10 02:40:00+00:00,0,0,0,0,True,True,False,24.02606743996991,-48.319209501901625,2.9646055961475315,3.8650181969256536,0.0,0.0,0.04552892390270973,on,connected,True,synthetic_device_spec_v11
synthetic_customer_005,cabinet_005,2026-08-10 02:50:00+00:00,0,0,0,0,True,True,False,23.93074937019527,-47.61594670853891,2.9966204378729073,3.9790740476789286,0.0,0.00793376869719126,0.008838300294792241,on,connected,True,synthetic_device_spec_v11
synthetic_customer_005,cabinet_005,2026-08-10 03:00:00+00:00,0,0,0,0,True,True,False,24.047674098264736,-47.520810091394054,3.0253973953579583,3.9636265009203377,0.8547692514679587,0.0,0.0,on,connected,True,synthetic_device_spec_v11
synthetic_customer_005,cabinet_005,2026-08-10 03:10:00+00:00,0,0,0,0,True,True,False,23.862606694534254,-48.16944988841484,3.0097476234357687,3.9771717531192188,0.0,0.045790784891567425,0.0,on,connected,True,synthetic_device_spec_v11
synthetic_customer_005,cabinet_005,2026-08-10 03:20:00+00:00,0,0,0,0,True,True,False,24.052349099228255,-46.46460562539506,3.0439298023443913,4.021341242042238,0.17319205678652172,0.01747936041804533,0.0,on,connected,True,synthetic_device_spec_v11
synthetic_customer_005,cabinet_005,2026-08-10 03:30:00+00:00,0,0,0,0,True,True,False,23.996933269778182,-47.06429991153739,2.9607606457422455,3.911031478909622,0.6063538415376017,0.017161143193923076,0.0,on,connected,True,synthetic_device_spec_v11
synthetic_customer_005,cabinet_005,2026-08-10 03:40:00+00:00,0,0,0,0,True,True,False,24.125766296965356,-49.732815809496216,2.9947556405181652,3.9501614742029383,0.8676090746658752,0.0,0.0,on,connected,True,synthetic_device_spec_v11
synthetic_customer_005,cabinet_005,2026-08-10 03:50:00+00:00,0,0,0,0,True,True,False,24.055585501094313,-47.89171688964882,3.0231465414391328,4.0745887172162085,0.0,0.01799252197980702,0.0,on,connected,True,synthetic_device_spec_v11
synthetic_customer_005,cabinet_005,2026-08-10 04:00:00+00:00,0,0,0,0,True,True,False,24.04900309274844,-49.31099335470636,2.9913406029113987,4.078510176745221,0.0,0.002001866331646425,0.0,on,connected,True,synthetic_device_spec_v11
synthetic_customer_005,cabinet_005,2026-08-10 04:10:00+00:00,0,0,0,0,True,True,False,23.912614199988116,-47.00422218226684,2.977594070730314,4.013959279687963,0.0,0.019493676108021347,0.0,on,connected,True,synthetic_device_spec_v11
synthetic_customer_005,cabinet_005,2026-08-10 04:20:00+00:00,0,0,0,0,True,True,False,23.892649075788473,-48.22131151177732,3.01530371367172,4.088907799963696,0.0,0.0,0.0,on,connected,True,synthetic_device_spec_v11
synthetic_customer_005,cabinet_005,2026-08-10 04:30:00+00:00,0,0,0,0,True,True,False,24.130436454609445,-46.9110193138446,3.0094294079769286,3.9542153882290476,0.14934264613962217,0.0,0.0,on,connected,True,synthetic_device_spec_v11
synthetic_customer_005,cabinet_005,2026-08-10 04:40:00+00:00,0,0,0,0,True,True,False,23.895979857645177,-47.54791518347998,2.9207743229100336,3.984189120079938,0.0,0.04258849297810355,0.0023292664973019674,on,connected,True,synthetic_device_spec_v11
synthetic_customer_005,cabinet_005,2026-08-10 04:50:00+00:00,0,0,0,0,True,True,False,23.662726408190075,-48.0690434955503,3.0063236923214953,3.9110722856187166,0.0,0.0,0.022181026344757878,on,connected,True,synthetic_device_spec_v11
synthetic_customer_005,cabinet_005,2026-08-10 05:00:00+00:00,0,0,0,0,True,True,False,23.168307940264462,-45.77666519533983,3.0164129693908674,4.047306526593647,0.7918669599728422,0.0,0.0,on,connected,True,synthetic_device_spec_v11
synthetic_customer_005,cabinet_005,2026-08-10 05:10:00+00:00,0,0,0,0,True,True,False,23.10878644217512,-48.13012477895181,3.0446074620154495,3.933404221643838,0.49128073633757585,0.01811227518870403,0.001423516089236054,on,connected,True,synthetic_device_spec_v11
synthetic_customer_005,cabinet_005,2026-08-10 05:20:00+00:00,0,0,0,0,True,True,False,22.919390660025254,-48.05699111742891,3.080051779044432,3.895682034646784,0.4622055877229945,0.0,0.0,on,connected,True,synthetic_device_spec_v11
synthetic_customer_005,cabinet_005,2026-08-10 05:30:00+00:00,0,0,0,0,True,True,False,22.409843940961984,-48.62253083353049,2.887401447084872,3.9371615595920955,0.2652262078449795,0.0,0.0018827921296354223,on,connected,True,synthetic_device_spec_v11
synthetic_customer_005,cabinet_005,2026-08-10 05:40:00+00:00,0,0,0,0,True,True,False,22.2383574997921,-46.95351739836892,2.9998166010988294,4.015546325831365,0.0,0.010707102071123908,0.010671153897235327,on,connected,True,synthetic_device_spec_v11
synthetic_customer_005,cabinet_005,2026-08-10 05:50:00+00:00,0,0,0,0,True,True,False,22.108833176080115,-49.577914653320676,2.9999970385794796,3.8788419743524294,0.06131351446344935,0.0050528254829604454,0.0,on,connected,True,synthetic_device_spec_v11
synthetic_customer_005,cabinet_005,2026-08-10 06:00:00+00:00,0,0,0,0,True,True,False,21.808884111210265,-46.713176337042476,3.043285326016061,4.055762977006834,0.10932651614872413,0.021595073083483504,0.009949031037047371,on,connected,True,synthetic_device_spec_v11
synthetic_customer_005,cabinet_005,2026-08-10 06:10:00+00:00,1,1,1,1,True,True,False,21.414303186493054,-47.09477118860819,2.9742949566695533,4.056141193226909,0.5283125253926972,0.0,0.0,on,connected,True,synthetic_device_spec_v11
synthetic_customer_005,cabinet_005,2026-08-10 06:20:00+00:00,1,1,1,1,True,True,False,21.08388899294855,-48.207422296424205,2.9781366326382734,3.915867332387508,0.13518348827869686,0.0,0.0,on,connected,True,synthetic_device_spec_v11
synthetic_customer_005,cabinet_005,2026-08-10 06:30:00+00:00,1,1,1,1,True,True,False,20.946074833251952,-46.881519982696645,2.9850517135380894,3.950821913937508,0.026471032871312455,0.0,0.0,on,connected,True,synthetic_device_spec_v11
synthetic_customer_005,cabinet_005,2026-08-10 06:40:00+00:00,0,0,0,0,True,True,False,20.59140061799884,-48.10776340351197,2.9872862489231604,4.030235235818384,0.8279962868821544,0.010216626476668506,0.007452933178097785,on,connected,True,synthetic_device_spec_v11
synthetic_customer_005,cabinet_005,2026-08-10 06:50:00+00:00,0,0,0,0,True,True,False,20.1699364521187,-45.55140988823765,3.048828591370131,4.009699538864881,3.0947825931738655,0.0,0.016896820422256213,on,connected,True,synthetic_device_spec_v11
synthetic_customer_005,cabinet_005,2026-08-10 07:00:00+00:00,0,0,0,0,True,True,False,19.98560598567207,-47.358729314421424,2.981299605159506,4.0806048618395945,5.172659779081123,0.045813000613717514,0.0,on,connected,True,synthetic_device_spec_v11
synthetic_customer_005,cabinet_005,2026-08-10 07:10:00+00:00,0,0,0,0,True,True,False,20.053244934442553,-49.14877672417936,2.9986385683920536,3.983876900167087,8.353777611053957,0.0,0.007818699827646705,on,connected,True,synthetic_device_spec_v11
synthetic_customer_005,cabinet_005,2026-08-10 07:20:00+00:00,0,0,0,0,True,True,False,19.727266036263433,-46.72165232876999,3.010808090469289,4.0823113911305375,10.746311028391416,0.026338733251586723,0.0,on,connected,True,synthetic_device_spec_v11
synthetic_customer_005,cabinet_005,2026-08-10 07:30:00+00:00,0,0,0,0,True,True,False,19.34971399500666,-47.56969559038273,3.002553922665766,4.083110752831515,13.266336350954203,0.0,0.016282255104424645,on,connected,True,synthetic_device_spec_v11
synthetic_customer_005,cabinet_005,2026-08-10 07:40:00+00:00,0,0,0,0,True,True,False,19.29050320855376,-48.99021309769324,3.009490856009881,4.063492533800868,15.730086496636542,0.0,0.016164844806363047,on,connected,True,synthetic_device_spec_v11
synthetic_customer_005,cabinet_005,2026-08-10 07:50:00+00:00,0,0,0,0,True,True,False,18.97313139970164,-47.71562440258135,3.0333857102519017,3.9802977893751037,18.064501515998902,0.0,0.0,on,connected,True,synthetic_device_spec_v11
synthetic_customer_005,cabinet_005,2026-08-10 08:00:00+00:00,0,0,0,0,True,True,False,18.649000187205495,-48.424006590849494,3.0084964279544297,4.085567082617156,19.312832077171862,0.0,0.0,on,connected,True,synthetic_device_spec_v11
synthetic_customer_005,cabinet_005,2026-08-10 09:00:00+00:00,0,0,0,0,True,True,False,23.83380468744772,-47.16759193416362,2.961897100318873,3.964078855993806,24.564972757516646,0.0,0.0,on,connected,True,synthetic_device_spec_v11
synthetic_customer_005,cabinet_005,2026-08-10 09:10:00+00:00,0,0,0,0,True,True,False,24.211719433068865,-48.29376489772276,3.0040566670520477,4.039902419028954,0.0,0.0,0.0,on,connected,True,synthetic_device_spec_v11
synthetic_customer_005,cabinet_005,2026-08-10 09:20:00+00:00,0,0,0,0,True,True,False,23.999351381496634,-48.49854363235198,2.9834582947370976,4.057262291074114,0.019404323104906453,0.0344793016733646,0.0,on,connected,True,synthetic_device_spec_v11
synthetic_customer_005,cabinet_005,2026-08-10 09:30:00+00:00,0,0,0,0,True,True,False,23.833134031867466,-49.98022655532644,3.052994820038053,4.003159898852385,0.16587667965625708,0.0,0.001925177016921204,on,connected,True,synthetic_device_spec_v11
synthetic_customer_005,cabinet_005,2026-08-10 09:40:00+00:00,0,0,0,0,True,True,False,23.901781150998115,-48.618235612827874,2.9428103173596116,3.86255044998177,0.0,0.0,0.0,on,connected,True,synthetic_device_spec_v11
synthetic_customer_005,cabinet_005,2026-08-10 09:50:00+00:00,0,0,0,0,True,True,False,24.10913005287677,-49.437764998027845,2.9847787892044226,3.964617626815823,0.0,0.0,0.030833602956219865,on,connected,True,synthetic_device_spec_v11
synthetic_customer_005,cabinet_005,2026-08-10 10:00:00+00:00,0,0,0,0,True,True,False,24.012681630533727,-48.018480426330335,3.045462928598285,4.013488735510969,0.0,0.011903266910437946,0.0,on,connected,True,synthetic_device_spec_v11
synthetic_customer_005,cabinet_005,2026-08-10 10:10:00+00:00,0,0,0,0,True,True,False,23.937378678403377,-48.76095009278907,3.035019606219431,4.040088644914809,0.0,0.0,0.0,on,connected,True,synthetic_device_spec_v11
synthetic_customer_005,cabinet_005,2026-08-10 10:20:00+00:00,0,0,0,0,True,True,False,23.86330191748624,-48.04104834825055,3.021004788344072,3.9853272005385683,0.03384260954839942,0.031592643623575715,0.018453137297677464,on,connected,True,synthetic_device_spec_v11
synthetic_customer_005,cabinet_005,2026-08-10 10:30:00+00:00,0,0,0,0,True,True,False,23.900385323661393,-47.146627363347996,3.0729694734518405,4.010605157985046,0.45343277530801784,0.0,0.0,on,connected,True,synthetic_device_spec_v11
synthetic_customer_005,cabinet_005,2026-08-10 10:40:00+00:00,0,0,0,0,True,True,False,24.053769133890214,-46.11772594409409,2.989939634668973,4.123684269975128,0.14200855611076707,4.51185431864511e-05,0.0,on,connected,True,synthetic_device_spec_v11
synthetic_customer_005,cabinet_005,2026-08-10 10:50:00+00:00,0,0,0,0,True,True,False,23.987088998894897,-49.87905933235912,2.98843363048454,4.494227653705695,0.0,0.0,0.06234329493056135,on,connected,True,synthetic_device_spec_v11
synthetic_customer_005,cabinet_005,2026-08-10 11:00:00+00:00,0,0,0,0,True,True,False,23.83178048498892,-46.650561709786956,3.0907555606324766,4.857057666971848,0.0,0.0018973645015347334,0.07693480573237747,on,connected,True,synthetic_device_spec_v11
synthetic_customer_005,cabinet_005,2026-08-10 11:10:00+00:00,0,0,0,0,True,True,False,23.807104598412106,-49.02001436598148,2.988556380323476,5.1794315325974205,0.0,0.0,0.13276479722750828,on,connected,True,synthetic_device_spec_v11
synthetic_customer_005,cabinet_005,2026-08-10 11:20:00+00:00,0,0,0,0,True,True,False,23.94740354064617,-49.276909076640436,3.023774191737154,5.389802533152808,0.0,0.0,0.1999291747490823,on,connected,True,synthetic_device_spec_v11
synthetic_customer_005,cabinet_005,2026-08-10 11:30:00+00:00,0,0,0,0,True,True,False,24.01719024309964,-49.1284394011212,2.951975163671017,5.695676369949392,0.0,0.03579544716426799,0.21987750340778606,on,connected,True,synthetic_device_spec_v11
synthetic_customer_005,cabinet_005,2026-08-10 11:40:00+00:00,0,0,0,0,True,True,False,24.094450426818884,-48.39906703492975,3.007754687854401,6.030414733449345,0.24488295713054667,0.02791148654722371,0.2699881800497795,on,connected,True,synthetic_device_spec_v11
synthetic_customer_005,cabinet_005,2026-08-10 11:50:00+00:00,0,0,0,0,True,True,False,23.81259210537352,-48.98817768551952,3.028714586366209,6.251237893958832,0.0,0.0,0.3309426426427382,on,connected,True,synthetic_device_spec_v11
synthetic_customer_005,cabinet_005,2026-08-10 12:00:00+00:00,0,0,0,0,True,True,False,24.164994269390654,-48.84370327018584,3.0099615625528067,6.629113765089367,0.0,0.0038125148337446926,0.345200999987723,on,connected,True,synthetic_device_spec_v11
synthetic_customer_005,cabinet_005,2026-08-10 12:10:00+00:00,1,1,1,1,True,True,False,23.98675054184065,-47.16414326522269,2.9617117104655484,7.035941843286584,0.3911758303937961,0.0,0.40807705482520074,on,connected,True,synthetic_device_spec_v11
synthetic_customer_005,cabinet_005,2026-08-10 12:20:00+00:00,0,1,1,0,True,True,False,23.763315406498915,-49.168790184141145,2.9239790753018897,6.995523711562554,0.25023860219430455,0.03691534280640135,0.3961000781173565,on,connected,True,synthetic_device_spec_v11
synthetic_customer_005,cabinet_005,2026-08-10 12:30:00+00:00,0,1,1,0,True,True,False,23.993488013534847,-53.384610940985226,2.995155345060811,7.068255620103996,0.7152120725798464,0.06953781118540711,0.3997630230624872,on,connected,True,synthetic_device_spec_v11
synthetic_customer_005,cabinet_005,2026-08-10 12:40:00+00:00,0,0,0,0,True,True,False,24.000718918269023,-57.451665770758034,3.03152759911379,7.068115363308963,0.0,0.1564209183685665,0.397198035625723,on,connected,True,synthetic_device_spec_v11
synthetic_customer_005,cabinet_005,2026-08-10 12:50:00+00:00,0,0,0,0,True,True,False,24.037144769197536,-57.97422867054122,2.9494662837715224,6.982542592019191,0.6542012524141957,0.15065259804881742,0.3921936329371254,on,connected,True,synthetic_device_spec_v11
synthetic_customer_005,cabinet_005,2026-08-10 13:00:00+00:00,0,0,0,0,True,True,False,23.97876532782775,-63.00410172496471,2.9644519011460977,4.029307721939312,0.7342455863514997,0.2782158595162232,0.0,on,connected,True,synthetic_device_spec_v11
synthetic_customer_005,cabinet_005,2026-08-10 13:10:00+00:00,0,0,0,0,True,True,False,24.27382812954653,-66.7657492725165,2.982616748771657,3.969085378765019,1.1748018508709162,0.36475399391902985,0.0,on,connected,True,synthetic_device_spec_v11
synthetic_customer_005,cabinet_005,2026-08-10 13:20:00+00:00,0,0,0,0,True,True,False,24.01484556955325,-70.25878445504401,3.0426692443133176,3.9973420384994602,0.048367166559968144,0.3934380238365895,0.0,on,connected,True,synthetic_device_spec_v11
synthetic_customer_005,cabinet_005,2026-08-10 13:30:00+00:00,0,0,0,0,True,True,False,23.99842519920511,-73.16720237574864,2.995090418549391,3.9868064011883706,0.35357645822938355,0.45925222458012865,0.00456094119705202,on,connected,True,synthetic_device_spec_v11
synthetic_customer_005,cabinet_005,2026-08-10 13:40:00+00:00,0,0,0,0,True,True,False,24.086377531801684,-77.17985881066474,3.0205361736639857,4.048822469231294,0.0,0.49899981717095904,0.0,on,connected,True,synthetic_device_spec_v11
synthetic_customer_005,cabinet_005,2026-08-10 13:50:00+00:00,0,0,0,0,True,True,False,24.157575272432805,-81.7634960609668,3.0279228385986743,3.996437788428253,0.0,0.5971013774422227,0.021836884150270103,on,connected,True,synthetic_device_spec_v11
synthetic_customer_005,cabinet_005,2026-08-10 14:00:00+00:00,0,0,0,0,True,True,False,23.98866447995214,-84.61855071466681,3.006518408681731,4.0148398266283305,0.4041456593961523,0.6343520882783417,0.013764851317077489,on,connected,True,synthetic_device_spec_v11
synthetic_customer_005,cabinet_005,2026-08-10 14:40:00+00:00,0,0,0,0,True,True,False,23.856681653054363,-49.826951285917595,2.58709846620116,3.9472059855160855,0.05887027553487576,0.0,0.0,on,connected,True,synthetic_device_spec_v11
synthetic_customer_005,cabinet_005,2026-08-10 14:50:00+00:00,0,0,0,0,True,True,False,23.904989660262316,-49.039162100221866,2.544929117651652,4.014741082261439,0.0,0.0,0.0,on,connected,True,synthetic_device_spec_v11
synthetic_customer_005,cabinet_005,2026-08-10 15:00:00+00:00,0,0,0,0,True,True,False,24.042321095823727,-47.15908729731514,2.4501087478882475,4.138007055160107,0.07275997845609332,0.011828257526805148,0.017238760722381154,on,connected,True,synthetic_device_spec_v11
synthetic_customer_005,cabinet_005,2026-08-10 15:10:00+00:00,0,0,0,0,True,True,False,23.833728766006477,-47.004944586667364,2.2816975547663714,3.9248377542242197,0.0,0.0,0.010714455067315234,on,connected,True,synthetic_device_spec_v11
synthetic_customer_005,cabinet_005,2026-08-10 15:20:00+00:00,0,0,0,0,True,True,False,23.995136067103303,-47.87926832415862,2.1978020535537257,3.9557208200084437,0.8323405603405275,0.021460071557193823,0.01736541588136089,on,connected,True,synthetic_device_spec_v11
synthetic_customer_005,cabinet_005,2026-08-10 15:30:00+00:00,0,0,0,0,True,True,False,24.091553616820473,-47.859936158863746,2.1309584429756883,3.967110470809363,0.3620872159133329,0.021111566914268746,0.00851637688827486,on,connected,True,synthetic_device_spec_v11
synthetic_customer_005,cabinet_005,2026-08-10 15:40:00+00:00,0,0,0,0,True,True,False,24.08272293505832,-46.746941714128724,2.0831772669101967,3.9769297903789282,0.0,0.0,0.014543868198029724,on,connected,True,synthetic_device_spec_v11
synthetic_customer_005,cabinet_005,2026-08-10 15:50:00+00:00,0,0,0,0,True,True,False,23.888862009312707,-48.159909123251374,1.9466278860270652,3.9792187764424245,0.0,0.00512810886109949,0.0,on,connected,True,synthetic_device_spec_v11
synthetic_customer_005,cabinet_005,2026-08-10 16:00:00+00:00,0,0,0,0,True,True,False,23.94003457581825,-48.027780473775024,1.8163900495298835,3.9575989447158824,1.0740912137851366,0.0,0.024156636172839367,on,connected,True,synthetic_device_spec_v11
synthetic_customer_005,cabinet_005,2026-08-10 16:10:00+00:00,0,0,0,0,True,True,False,24.104688545663503,-49.09900160425877,1.7235647479565026,3.9596185526324694,0.04583150134142033,0.01362458552484574,0.0,on,connected,True,synthetic_device_spec_v11
synthetic_customer_005,cabinet_005,2026-08-10 16:20:00+00:00,0,0,0,0,True,True,False,23.99619799816396,-46.628865157966054,1.6106795605545288,4.053370475602485,0.0,0.0,0.0,on,connected,True,synthetic_device_spec_v11
synthetic_customer_005,cabinet_005,2026-08-10 16:30:00+00:00,0,0,0,0,True,True,False,24.0820818609551,-47.48905633948817,1.5644873933602803,3.9812585280416406,0.08774763365585145,0.0,0.0,on,connected,True,synthetic_device_spec_v11
synthetic_customer_005,cabinet_005,2026-08-10 16:40:00+00:00,0,0,0,0,True,True,False,23.942691495909596,-49.15918791322944,1.3153938911385776,3.915399757800458,0.0,0.013991630727167987,0.019991420960026575,on,connected,True,synthetic_device_spec_v11
synthetic_customer_005,cabinet_005,2026-08-10 16:50:00+00:00,0,0,0,0,True,True,False,24.03813388865638,-48.43404738603194,1.2598510220613468,4.021503276348368,0.0,0.029171536811410256,0.007408007042702458,on,connected,True,synthetic_device_spec_v11
synthetic_customer_005,cabinet_005,2026-08-10 17:00:00+00:00,0,0,0,0,True,True,False,24.05521418612941,-47.43727734311698,1.0923954938247622,3.925683077254739,0.0,0.0,0.0,on,connected,True,synthetic_device_spec_v11
synthetic_customer_005,cabinet_005,2026-08-10 17:10:00+00:00,0,0,0,0,True,True,False,24.160498683496492,-48.18643084809308,1.0793472119110736,4.072992602642598,0.05460886550982117,0.0,0.0010225224104193405,on,connected,True,synthetic_device_spec_v11
synthetic_customer_005,cabinet_005,2026-08-10 17:20:00+00:00,0,0,0,0,True,True,False,23.964585839207324,-48.15764727702333,0.7862388668934853,3.990119721892405,0.174425675073868,0.03265048954815813,0.017652112395934227,on,connected,True,synthetic_device_spec_v11
synthetic_customer_005,cabinet_005,2026-08-10 17:30:00+00:00,0,0,0,0,True,True,False,23.934105539629293,-48.67924523140529,0.6921787420693678,3.9185423582597436,0.8417271920916597,0.0,0.0,on,connected,True,synthetic_device_spec_v11
synthetic_customer_005,cabinet_005,2026-08-10 17:40:00+00:00,0,0,0,0,True,True,False,23.91905732692255,-49.013107836769315,0.5613699890075792,4.012700861420425,0.0,0.0,0.0,on,connected,True,synthetic_device_spec_v11
synthetic_customer_005,cabinet_005,2026-08-10 17:50:00+00:00,0,0,0,0,True,True,False,23.95645487218618,-47.694362870006614,0.5748225869766445,4.025378881657595,0.26828936542208265,0.007538344460114955,0.015295831754864316,on,connected,True,synthetic_device_spec_v11
synthetic_customer_005,cabinet_005,2026-08-10 18:00:00+00:00,0,0,0,0,True,True,False,23.961240017810155,-47.06890644926789,0.5247341379108871,3.9793282776621504,0.7227033035529576,0.007030343024789155,0.0,on,connected,True,synthetic_device_spec_v11
synthetic_customer_005,cabinet_005,2026-08-10 18:10:00+00:00,1,1,1,0,True,True,False,24.122137964585477,-47.296957196974446,0.4295982794326869,4.095454094117687,0.0,0.030810347196894225,0.0,on,connected,True,synthetic_device_spec_v11
synthetic_customer_005,cabinet_005,2026-08-10 18:20:00+00:00,1,1,1,0,True,True,False,23.806980903289396,-47.431428640694214,0.3801605100346195,4.023452844797653,0.0,0.0,0.018521067652563998,on,connected,True,synthetic_device_spec_v11
synthetic_customer_005,cabinet_005,2026-08-10 18:30:00+00:00,1,1,1,1,True,True,False,24.15898965007371,-48.59984065106562,2.3722743077819115,4.008517362727391,0.0,0.01623066369336799,0.0,on,connected,True,synthetic_device_spec_v11
synthetic_customer_005,cabinet_005,2026-08-10 18:40:00+00:00,0,0,0,0,True,True,False,24.045853497344993,-48.22425884602974,2.3676160926769367,3.995895613530737,0.0,0.0,0.02754915563577565,on,connected,True,synthetic_device_spec_v11
synthetic_customer_005,cabinet_005,2026-08-10 18:50:00+00:00,0,0,0,0,True,True,False,23.74900848967579,-48.302591671211935,2.2714281148598356,3.9871377602658034,0.0,0.011747055829253223,0.012294618153245805,on,connected,True,synthetic_device_spec_v11
synthetic_customer_005,cabinet_005,2026-08-10 19:00:00+00:00,0,0,0,0,True,True,False,23.976700089713766,-46.91938650067375,2.2392525957299285,3.9807795534298713,0.0,0.0,0.004669223028292852,on,connected,True,synthetic_device_spec_v11
synthetic_customer_005,cabinet_005,2026-08-10 19:10:00+00:00,0,0,0,0,True,True,False,24.152571507412844,-47.313873428136,2.2424216707513667,4.035634737571397,0.020791174420728028,0.0,0.0,on,connected,True,synthetic_device_spec_v11
synthetic_customer_005,cabinet_005,2026-08-10 19:20:00+00:00,0,0,0,0,True,True,False,24.12166360743603,-49.95519864997963,2.1985649789207513,3.9086667653431544,0.0,0.0,0.00913209455879797,on,connected,True,synthetic_device_spec_v11
synthetic_customer_005,cabinet_005,2026-08-10 19:30:00+00:00,0,0,0,0,True,True,False,24.04156920922175,-47.815962499213185,2.171279922204385,3.9916561866724227,0.0,0.0011668482705675246,0.0,on,connected,True,synthetic_device_spec_v11
synthetic_customer_005,cabinet_005,2026-08-10 19:40:00+00:00,0,0,0,0,True,True,False,23.858889529306403,-46.65080328143476,2.184033703045098,4.033669785991686,0.0,0.004772379825530058,0.012983717222474303,on,connected,True,synthetic_device_spec_v11
synthetic_customer_005,cabinet_005,2026-08-10 19:50:00+00:00,0,0,0,0,True,True,False,23.958199264983836,-47.74881665202237,2.961142699500055,4.00279624433071,0.0,0.005080817759228735,0.001073452055040806,on,connected,True,synthetic_device_spec_v11
synthetic_customer_005,cabinet_005,2026-08-10 20:00:00+00:00,0,0,0,0,True,True,False,24.074286770961294,-48.44589245990764,2.966284994631643,4.079428012970744,0.9920474483723752,0.025947238576207333,0.006925891874347136,on,connected,True,synthetic_device_spec_v11
synthetic_customer_005,cabinet_005,2026-08-10 20:10:00+00:00,0,0,0,0,True,True,False,23.879600068169225,-48.696290115248885,3.003987228608708,3.9021123979035055,0.0,0.012754478863434678,0.0,on,connected,True,synthetic_device_spec_v11
synthetic_customer_005,cabinet_005,2026-08-10 20:20:00+00:00,0,0,0,0,True,True,False,24.11459497297111,-50.00239294517212,2.956193111042297,4.151971870639121,0.0,0.0,0.011991927767529439,on,connected,True,synthetic_device_spec_v11
synthetic_customer_005,cabinet_005,2026-08-10 20:30:00+00:00,0,0,0,0,True,True,False,23.871933929306486,-47.59314128795393,2.9992702316337394,3.9947856018846264,0.0,0.004275159218572294,0.0,on,connected,True,synthetic_device_spec_v11
synthetic_customer_005,cabinet_005,2026-08-10 20:40:00+00:00,0,0,0,0,True,True,False,23.983734208755074,-48.40195061628808,2.9642286154712143,4.031083043575265,0.0,0.03173043905107132,0.0,on,connected,True,synthetic_device_spec_v11
synthetic_customer_005,cabinet_005,2026-08-10 20:50:00+00:00,0,0,0,0,True,True,False,23.944679007112487,-48.112819249118076,2.969494955245009,3.9850576358104326,0.72608729777673,0.023506403574623073,0.0,on,connected,True,synthetic_device_spec_v11
synthetic_customer_005,cabinet_005,2026-08-10 21:00:00+00:00,0,0,0,0,True,True,False,24.02850591778082,-46.39151220911122,2.9454449139003374,3.991498396963497,0.11341343092597925,0.0,0.0,on,connected,True,synthetic_device_spec_v11
synthetic_customer_005,cabinet_005,2026-08-10 21:10:00+00:00,0,0,0,0,True,True,False,24.191675414837178,-48.79034003082252,2.9443782516162393,4.020648454082604,0.0,0.009716784637881393,0.002952369173251828,on,connected,True,synthetic_device_spec_v11
synthetic_customer_005,cabinet_005,2026-08-10 21:20:00+00:00,0,0,0,0,True,True,False,24.107475345620824,-45.83813087766604,2.9823688546025844,3.8504186318201077,0.0,0.0,0.00225887967755328,on,connected,True,synthetic_device_spec_v11
synthetic_customer_005,cabinet_005,2026-08-10 21:30:00+00:00,0,0,0,0,True,True,False,24.209573824763005,-48.169708086173735,2.9649142187011828,3.9279215103743588,0.21617235931164136,0.001384915856443166,0.0,on,connected,True,synthetic_device_spec_v11
synthetic_customer_005,cabinet_005,2026-08-10 21:40:00+00:00,0,0,0,0,True,True,False,23.901887026353375,-45.18046917707762,2.9869483537253516,3.9007227328863,0.0,0.0,0.011234841875465008,on,connected,True,synthetic_device_spec_v11
synthetic_customer_005,cabinet_005,2026-08-10 21:50:00+00:00,0,0,0,0,True,True,False,23.90467871436073,-48.45022458563473,2.9381967650572123,3.966526366196947,0.6513876401287522,0.0024535916811453517,0.0,on,connected,True,synthetic_device_spec_v11
synthetic_customer_005,cabinet_005,2026-08-10 22:00:00+00:00,0,0,0,0,True,True,False,24.013081938479505,-48.36154023720857,3.0351186266458203,3.9315037210024935,0.0,0.015124530713232137,0.0,on,connected,True,synthetic_device_spec_v11
synthetic_customer_005,cabinet_005,2026-08-10 22:10:00+00:00,0,0,0,0,True,True,False,23.948571284090548,-48.1795694983629,2.9469980615235536,3.9788886709206746,0.8133532423533522,0.0,0.0,on,connected,True,synthetic_device_spec_v11
synthetic_customer_005,cabinet_005,2026-08-10 22:20:00+00:00,0,0,0,0,True,True,False,24.18269993013543,-47.83400962365556,3.0467749435844667,3.961795716728997,0.0,0.0,0.0016298084625992533,on,connected,True,synthetic_device_spec_v11
synthetic_customer_005,cabinet_005,2026-08-10 22:30:00+00:00,0,0,0,0,True,True,False,24.04082098640155,-46.602861848408125,2.9914403646900487,4.0033088911113754,0.6735368086561161,0.016019888638108336,0.007469642720496489,on,connected,True,synthetic_device_spec_v11
synthetic_customer_005,cabinet_005,2026-08-10 22:40:00+00:00,0,0,0,0,True,True,False,23.700072015610782,-46.947383787962096,2.9749060299092105,4.02972797974105,0.10396594858907193,0.023028038399526066,0.0,on,connected,True,synthetic_device_spec_v11
synthetic_customer_005,cabinet_005,2026-08-10 22:50:00+00:00,0,0,0,0,True,True,False,24.326719252303175,-47.72053174578943,2.9655806591547877,3.992681431912909,0.6832486412987798,0.0,0.003955450651298414,on,connected,True,synthetic_device_spec_v11
synthetic_customer_005,cabinet_005,2026-08-10 23:00:00+00:00,0,0,0,0,True,True,False,23.905565355573554,-47.527766603340474,2.9975526259627028,3.961867869217775,0.38958372585123585,0.00889650935913146,0.020645071726801086,on,connected,True,synthetic_device_spec_v11
synthetic_customer_005,cabinet_005,2026-08-10 23:10:00+00:00,0,0,0,0,True,True,False,24.150323378528398,-46.194650201724535,2.9807764927137392,4.005894951586494,0.0,0.0,0.0036901836745298075,on,connected,True,synthetic_device_spec_v11
synthetic_customer_005,cabinet_005,2026-08-10 23:20:00+00:00,0,0,0,0,True,True,False,24.117073409448263,-47.07814250507181,2.9884039445740784,4.049270494940555,0.0,0.0,0.0,on,connected,True,synthetic_device_spec_v11
synthetic_customer_005,cabinet_005,2026-08-10 23:30:00+00:00,0,0,0,0,True,True,False,24.083990618854788,-48.25785458225194,2.975957686578324,3.907534193244573,0.0,0.0,0.017359634360615116,on,connected,True,synthetic_device_spec_v11
synthetic_customer_005,cabinet_005,2026-08-10 23:40:00+00:00,0,0,0,0,True,True,False,23.969012775216196,-48.70765770825051,3.0428950132606754,3.916387109680783,0.0,0.006277515029015442,0.0,on,connected,True,synthetic_device_spec_v11
synthetic_customer_005,cabinet_005,2026-08-10 23:50:00+00:00,0,0,0,0,True,True,False,24.198325423589413,-47.329088541639976,3.0254085904698313,4.016217381872843,0.0,0.007482008934369489,0.0,on,connected,True,synthetic_device_spec_v11
synthetic_customer_005,cabinet_005,2026-08-11 00:00:00+00:00,0,0,0,0,True,True,False,23.857620217107236,-45.686413632748085,3.039134469891826,3.9586102837262085,0.44640946878113735,0.0,0.01479864275064528,on,connected,True,synthetic_device_spec_v11
synthetic_customer_005,cabinet_005,2026-08-11 00:10:00+00:00,1,1,1,1,True,True,False,23.83077296735141,-47.31885283758216,2.9773571869010533,3.941822182276066,0.0,0.015208000244479887,0.0,on,connected,True,synthetic_device_spec_v11
synthetic_customer_005,cabinet_005,2026-08-11 00:20:00+00:00,1,1,1,1,True,True,False,23.960577932270713,-46.318796552199494,2.9735007122063437,3.9778374921996793,0.7633611175967202,0.0,0.004041612722489478,on,connected,True,synthetic_device_spec_v11
synthetic_customer_005,cabinet_005,2026-08-11 00:30:00+00:00,1,1,1,1,True,True,False,24.213130377445747,-48.44434539719376,3.004874815805766,3.9927391533514633,0.026317403507706394,0.0,0.0,on,connected,True,synthetic_device_spec_v11
synthetic_customer_005,cabinet_005,2026-08-11 00:40:00+00:00,0,0,0,0,True,True,False,23.765125563266665,-48.141491705892996,3.0038152885141782,4.053809253538687,0.22239545850712306,0.0,0.0,on,connected,True,synthetic_device_spec_v11
synthetic_customer_005,cabinet_005,2026-08-11 00:50:00+00:00,0,0,0,0,True,True,False,23.988768155790762,-48.584570944937475,2.968375157986897,4.000261115504931,0.0,0.02285988893045514,0.0,on,connected,True,synthetic_device_spec_v11
synthetic_customer_005,cabinet_005,2026-08-11 01:00:00+00:00,0,0,0,0,True,True,False,24.013020248018723,-48.829259831886475,2.9213498925991574,3.929335937193509,0.0,0.0,0.0,on,connected,True,synthetic_device_spec_v11
synthetic_customer_005,cabinet_005,2026-08-11 01:10:00+00:00,0,0,0,0,True,True,False,23.82103453326791,-48.57031018719814,2.990548711671688,3.927803764043731,0.0,0.004284111889749832,0.028717144055802047,on,connected,True,synthetic_device_spec_v11
synthetic_customer_005,cabinet_005,2026-08-11 01:20:00+00:00,0,0,0,0,True,True,False,24.02328156129811,-47.79518484756438,3.0486497139025226,3.926044246479597,0.1508818522851269,0.0,0.015019215915344936,on,connected,True,synthetic_device_spec_v11
synthetic_customer_005,cabinet_005,2026-08-11 01:30:00+00:00,0,0,0,0,True,True,False,24.032977713988455,-49.84854925435757,3.0708158851839027,4.036900233732739,0.0,0.0,0.008894102793506326,on,connected,True,synthetic_device_spec_v11
synthetic_customer_005,cabinet_005,2026-08-11 01:40:00+00:00,0,0,0,0,True,True,False,24.02589306565633,-48.158484635562345,3.03545691406224,3.9989947236716725,0.0,0.005353835440465134,0.009005406858446413,on,connected,True,synthetic_device_spec_v11
synthetic_customer_005,cabinet_005,2026-08-11 01:50:00+00:00,0,0,0,0,True,True,False,24.000637844192713,-47.38344345231129,2.9713651915453747,4.102619050212981,0.28003176261186397,0.015144644098857095,0.03832928537063227,on,connected,True,synthetic_device_spec_v11
synthetic_customer_005,cabinet_005,2026-08-11 02:00:00+00:00,0,0,0,0,True,True,False,24.024958929833325,-49.424079880594434,2.975915281875925,3.890981199775847,0.18057342301552887,0.0,0.0,on,connected,True,synthetic_device_spec_v11
synthetic_customer_005,cabinet_005,2026-08-11 02:10:00+00:00,0,0,0,0,True,True,False,23.844450651013364,-47.67952427298728,2.981886806713527,4.005351322637454,0.0,0.004325160052714193,0.0,on,connected,True,synthetic_device_spec_v11
synthetic_customer_005,cabinet_005,2026-08-11 02:20:00+00:00,0,0,0,0,True,True,False,23.96075085908674,-47.39012376883607,3.0457033705902123,4.053069981552618,0.3856979088574762,0.0,0.0,on,connected,True,synthetic_device_spec_v11
synthetic_customer_005,cabinet_005,2026-08-11 02:30:00+00:00,0,0,0,0,True,True,False,23.900963060979823,-47.2118601054817,2.951382727887798,3.9707161380123046,0.5801018987741385,0.05195986400820886,0.0,on,connected,True,synthetic_device_spec_v11
synthetic_customer_005,cabinet_005,2026-08-11 02:40:00+00:00,0,0,0,0,True,True,False,24.21292208454569,-47.721545072552196,2.967059733880646,3.914767373859973,0.0,0.0,0.011103099483990575,on,connected,True,synthetic_device_spec_v11
synthetic_customer_005,cabinet_005,2026-08-11 02:50:00+00:00,0,0,0,0,True,True,False,23.836383916321083,-46.46637887416052,3.018798679983753,4.057797151933246,0.0,0.003570154689353302,0.0,on,connected,True,synthetic_device_spec_v11
synthetic_customer_005,cabinet_005,2026-08-11 03:00:00+00:00,0,0,0,0,True,True,False,24.165603692273123,-47.660929146568634,3.0047301253550915,3.986693463199213,0.5651178537900603,0.0017568922323925016,0.0,on,connected,True,synthetic_device_spec_v11
synthetic_customer_005,cabinet_005,2026-08-11 03:10:00+00:00,0,0,0,0,True,True,False,24.174706911677234,-48.01919243810826,3.0308358031362177,3.9288581362723853,0.0,0.0,0.0,on,connected,True,synthetic_device_spec_v11
synthetic_customer_005,cabinet_005,2026-08-11 03:20:00+00:00,0,0,0,0,True,True,False,24.070283998036206,-47.97889011550427,3.069579460697581,3.9813619035682835,0.0,0.013327919621762661,0.0,on,connected,True,synthetic_device_spec_v11
synthetic_customer_005,cabinet_005,2026-08-11 03:30:00+00:00,0,0,0,0,True,True,False,23.845338134810287,-47.16556557644337,2.9706321676268215,3.9875558978409926,0.0,0.0,0.0032231918989300765,on,connected,True,synthetic_device_spec_v11
synthetic_customer_005,cabinet_005,2026-08-11 03:40:00+00:00,0,0,0,0,True,True,False,23.953809159122144,-47.59609966249267,2.9619524265160555,3.93559709489647,0.21991946838098014,0.0,0.039842871675339286,on,connected,True,synthetic_device_spec_v11
synthetic_customer_005,cabinet_005,2026-08-11 03:50:00+00:00,0,0,0,0,True,True,False,23.981234722426784,-47.39144359348608,3.0186604076665757,3.940374020555036,0.0,0.0,0.015876961671939725,on,connected,True,synthetic_device_spec_v11
synthetic_customer_005,cabinet_005,2026-08-11 04:00:00+00:00,0,0,0,0,True,True,False,23.737119619808244,-46.30634983952036,3.0175711448958342,4.035365196209575,0.19040910695666657,0.013879494505754833,0.002142891959065576,on,connected,True,synthetic_device_spec_v11
synthetic_customer_005,cabinet_005,2026-08-11 04:10:00+00:00,0,0,0,0,True,True,False,23.885068115265764,-46.32623853870863,3.0445764320921906,4.040957902998805,0.0,0.01683314307600371,0.0,on,connected,True,synthetic_device_spec_v11
synthetic_customer_005,cabinet_005,2026-08-11 04:20:00+00:00,0,0,0,0,True,True,False,23.822925818579673,-47.01724690655137,2.961952889613098,4.073157413724279,0.3946853002871667,0.0038059827583801827,0.01146240613984096,on,connected,True,synthetic_device_spec_v11
synthetic_customer_005,cabinet_005,2026-08-11 04:30:00+00:00,0,0,0,0,True,True,False,23.79419020520288,-48.52825659012709,3.036864246947577,4.054017669743288,0.0,0.030306726185526413,0.0,on,connected,True,synthetic_device_spec_v11
synthetic_customer_005,cabinet_005,2026-08-11 04:40:00+00:00,0,0,0,0,True,True,False,23.975184545230416,-48.35231021971798,2.9918224816860817,4.029334608827241,0.0,0.0,0.0,on,connected,True,synthetic_device_spec_v11
synthetic_customer_005,cabinet_005,2026-08-11 04:50:00+00:00,0,0,0,0,True,True,False,23.890439598621562,-47.19243005851892,2.964341903869414,3.981645709843911,0.34889826437428406,0.007856078102999427,0.0023246096916940033,on,connected,True,synthetic_device_spec_v11
synthetic_customer_005,cabinet_005,2026-08-11 05:00:00+00:00,0,0,0,0,True,True,False,24.243446661703782,-48.224542431058566,2.963749279917784,3.921833801736052,0.31797191128606395,0.009109940388253227,0.0037171771118937355,on,connected,True,synthetic_device_spec_v11
synthetic_customer_005,cabinet_005,2026-08-11 05:10:00+00:00,0,0,0,0,True,True,False,24.015913127574972,-47.98833445739876,2.9777329427939434,3.876748612379639,0.0,0.0,0.01321128483845337,on,connected,True,synthetic_device_spec_v11
synthetic_customer_005,cabinet_005,2026-08-11 05:20:00+00:00,0,0,0,0,True,True,False,24.30481289849012,-48.777242372520746,3.0466067592486032,3.954709257397281,0.09684517366024373,0.0,0.016073783830973153,on,connected,True,synthetic_device_spec_v11
synthetic_customer_005,cabinet_005,2026-08-11 05:30:00+00:00,0,0,0,0,True,True,False,23.808314943996404,-48.12519589427642,3.03043120858538,3.982594067636781,0.0,0.0,0.0,on,connected,True,synthetic_device_spec_v11
synthetic_customer_005,cabinet_005,2026-08-11 05:40:00+00:00,0,0,0,0,True,True,False,23.92300077806805,-47.90091103381339,3.0439854794796917,3.9957817812006122,0.4861925802399065,0.0,0.0,on,connected,True,synthetic_device_spec_v11
synthetic_customer_005,cabinet_005,2026-08-11 05:50:00+00:00,0,0,0,0,True,True,False,24.053542504987288,-48.5713138910021,2.9958464475693782,4.0012096648903785,0.521315167002234,0.0,0.0,on,connected,True,synthetic_device_spec_v11
synthetic_customer_005,cabinet_005,2026-08-11 06:00:00+00:00,0,0,0,0,True,True,False,24.021308610593362,-47.16330137312524,2.942380994175598,4.0098266282390895,0.0,0.03113585951861292,0.01894916607978573,on,connected,True,synthetic_device_spec_v11
synthetic_customer_005,cabinet_005,2026-08-11 06:10:00+00:00,1,1,1,1,True,True,False,24.01399687868338,-47.91738069597777,3.0311063894141728,4.071835088289759,0.0,0.0,0.0,on,connected,True,synthetic_device_spec_v11
synthetic_customer_005,cabinet_005,2026-08-11 06:20:00+00:00,1,1,1,1,True,True,False,23.737787906938074,-48.23265804299222,2.9663693682094996,3.9484003198227136,0.18361544441625216,0.0,0.0016069277178539377,on,connected,True,synthetic_device_spec_v11
synthetic_customer_005,cabinet_005,2026-08-11 06:30:00+00:00,1,1,1,1,True,True,False,23.59993099568643,-47.70322256271784,3.0150821323139523,3.9274285056959926,0.0,0.0,0.0023274227663020114,on,connected,True,synthetic_device_spec_v11
synthetic_customer_005,cabinet_005,2026-08-11 06:40:00+00:00,0,0,0,0,True,True,False,23.06346725880862,-48.503127575046896,3.017278099880667,4.069438358224356,0.11447445498402373,0.014884116377053941,0.0,on,connected,True,synthetic_device_spec_v11
synthetic_customer_005,cabinet_005,2026-08-11 06:50:00+00:00,0,0,0,0,True,True,False,22.998000961625404,-49.13152490778953,3.127570909070713,4.003715932101754,0.0,0.0,0.0,on,connected,True,synthetic_device_spec_v11
synthetic_customer_005,cabinet_005,2026-08-11 07:00:00+00:00,0,0,0,0,True,True,False,22.429695825271427,-46.919821016204224,3.0607864129535014,4.094701976644714,0.0,0.0,0.00802992563598321,on,connected,True,synthetic_device_spec_v11
synthetic_customer_005,cabinet_005,2026-08-11 07:10:00+00:00,0,0,0,0,True,True,False,22.548781477313973,-47.82881749130341,3.0383064058032687,4.019194725822534,0.0,0.0062165742450359,0.0,on,connected,True,synthetic_device_spec_v11
synthetic_customer_005,cabinet_005,2026-08-11 07:20:00+00:00,0,0,0,0,True,True,False,22.162203835170992,-47.289154820228305,3.064495412827962,3.922418955859184,0.0,0.013666660172513462,0.0,on,connected,True,synthetic_device_spec_v11
synthetic_customer_005,cabinet_005,2026-08-11 07:30:00+00:00,0,0,0,0,True,True,False,21.832849694065697,-48.95294205587058,3.0480672715430517,3.95683948536798,0.12876191861521885,0.00029346294162196684,0.011730047769006944,on,connected,True,synthetic_device_spec_v11
synthetic_customer_005,cabinet_005,2026-08-11 07:40:00+00:00,0,0,0,0,True,True,False,21.781693164858968,-46.58246514806679,3.0327206098955672,4.010041688423891,0.0,0.0,0.0,on,connected,True,synthetic_device_spec_v11
synthetic_customer_005,cabinet_005,2026-08-11 07:50:00+00:00,0,0,0,0,True,True,False,21.41681673776172,-49.11411306642312,3.024315369396175,4.0215591853808625,0.8978607694174752,0.011043493293464445,0.0,on,connected,True,synthetic_device_spec_v11
synthetic_customer_005,cabinet_005,2026-08-11 08:00:00+00:00,0,0,0,0,True,True,False,21.133004736401453,-45.962793172204606,3.0020009416361244,3.989361535513453,0.0,0.013256311653327624,0.0,on,connected,True,synthetic_device_spec_v11
synthetic_customer_005,cabinet_005,2026-08-11 08:10:00+00:00,0,0,0,0,True,True,False,20.900076261350986,-48.541356582613034,2.998914620599237,4.090486979269898,0.0,0.0,0.016187637407292305,on,connected,True,synthetic_device_spec_v11
synthetic_customer_005,cabinet_005,2026-08-11 08:20:00+00:00,0,0,0,0,True,True,False,20.52328241393634,-48.49138839479428,2.9879246593276463,3.983912552226368,0.26645610511089657,0.00935283601091842,0.022511477118530212,on,connected,True,synthetic_device_spec_v11
synthetic_customer_005,cabinet_005,2026-08-11 08:30:00+00:00,0,0,0,0,True,True,False,20.521252757149796,-48.32692882601606,2.972604894544538,3.9746330055523424,0.016392763603756366,0.0,0.0010638070920599662,on,connected,True,synthetic_device_spec_v11
synthetic_customer_005,cabinet_005,2026-08-11 08:40:00+00:00,0,0,0,0,True,True,False,19.864703984881668,-49.54524096041688,2.984464560652007,4.10193121990758,0.27180768687685575,0.017532300251306053,0.0,on,connected,True,synthetic_device_spec_v11
synthetic_customer_005,cabinet_005,2026-08-11 08:50:00+00:00,0,0,0,0,True,True,False,19.76589436135489,-48.288229617180804,3.0122613495434374,3.9331639338622386,0.14744845624212966,0.003438386524955805,0.0,on,connected,True,synthetic_device_spec_v11
synthetic_customer_005,cabinet_005,2026-08-11 09:00:00+00:00,0,0,0,0,True,True,False,19.494404421589447,-47.48713421387909,3.007274748849042,4.046004381177764,0.07966585986077591,0.041944752072242415,0.02334226557462826,on,connected,True,synthetic_device_spec_v11
synthetic_customer_005,cabinet_005,2026-08-11 09:10:00+00:00,0,0,0,0,True,True,False,19.14648587989432,-48.98519735044639,2.969874823366282,4.002991980234861,0.6948669132744046,0.018555302492841794,0.016056691501819074,on,connected,True,synthetic_device_spec_v11
synthetic_customer_005,cabinet_005,2026-08-11 09:20:00+00:00,0,0,0,0,True,True,False,18.566748253273854,-46.320479640783965,2.97648001767619,3.946088722463897,0.0,0.014704838361750154,0.0005449678678579614,on,connected,True,synthetic_device_spec_v11
synthetic_customer_005,cabinet_005,2026-08-11 09:30:00+00:00,0,0,0,0,True,True,False,18.45750357026655,-48.668480091333855,2.8956736203228797,3.9708535769593487,0.1724952603794846,0.007451203676957351,0.0,on,connected,True,synthetic_device_spec_v11
synthetic_customer_005,cabinet_005,2026-08-11 10:50:00+00:00,0,0,0,0,True,True,False,23.918274962380053,-48.8778033715336,2.9990508906007536,4.020018279354043,0.6031160072018881,0.029073284037486255,0.0,on,connected,True,synthetic_device_spec_v11
synthetic_customer_005,cabinet_005,2026-08-11 11:00:00+00:00,0,0,0,0,True,True,False,24.22896416285654,-47.71557684964218,2.937450826770035,4.088984216487511,0.0,0.0,0.0,on,connected,True,synthetic_device_spec_v11
synthetic_customer_005,cabinet_005,2026-08-11 11:10:00+00:00,0,0,0,0,True,True,False,24.020766701275374,-47.77463047753681,3.0104100433355896,4.039823631640865,0.0,0.0,0.06929147923802696,on,connected,True,synthetic_device_spec_v11
synthetic_customer_005,cabinet_005,2026-08-11 11:20:00+00:00,0,0,0,0,True,True,False,24.0793398525483,-49.583212009371636,2.952254780904891,4.056619636342661,0.0,0.04979800423031128,0.009321387055796226,on,connected,True,synthetic_device_spec_v11
synthetic_customer_005,cabinet_005,2026-08-11 11:30:00+00:00,0,0,0,0,True,True,False,23.805280990851294,-48.92771020050152,2.915793331001493,3.9801957869139692,0.0,0.029648217675419104,0.017096127454932643,on,connected,True,synthetic_device_spec_v11
synthetic_customer_005,cabinet_005,2026-08-11 11:40:00+00:00,0,0,0,0,True,True,False,23.77904120513134,-47.33962729207338,3.034581800965361,3.9195595764382194,0.0,0.03039401751157892,0.0,on,connected,True,synthetic_device_spec_v11
synthetic_customer_005,cabinet_005,2026-08-11 11:50:00+00:00,0,0,0,0,True,True,False,24.13978407245482,-48.7943923548051,3.004454492232896,3.9847347523080368,0.0,0.016031865813504666,0.037287650403153114,on,connected,True,synthetic_device_spec_v11
synthetic_customer_005,cabinet_005,2026-08-11 12:00:00+00:00,0,0,0,0,True,True,False,23.991612956474956,-47.54278165922581,2.9314613605492164,4.131374393842569,0.6953498371546895,0.01908476840805068,0.0,on,connected,True,synthetic_device_spec_v11
synthetic_customer_005,cabinet_005,2026-08-11 12:10:00+00:00,1,1,1,1,True,True,False,24.09487037540148,-46.132045192853866,2.9643741277744216,3.88196498699522,1.5370220119147198,0.04406927623996685,0.022356122407134665,on,connected,True,synthetic_device_spec_v11
synthetic_customer_005,cabinet_005,2026-08-11 12:20:00+00:00,1,1,1,1,True,True,False,23.908745621774134,-48.68512323817978,3.0016396397015566,3.9717701312851057,3.3111371447492086,0.0,0.0,on,connected,True,synthetic_device_spec_v11
synthetic_customer_005,cabinet_005,2026-08-11 12:30:00+00:00,1,1,1,1,True,True,False,24.07002687929002,-46.873388658553594,2.945344247100498,3.9749476573957216,5.9514938197582,0.0,0.0,on,connected,True,synthetic_device_spec_v11
synthetic_customer_005,cabinet_005,2026-08-11 12:40:00+00:00,0,0,0,0,True,True,False,23.73063801683998,-48.546697434627305,3.049074559211283,4.0609368031852195,7.6231060816787455,0.0,0.007922031243667612,on,connected,True,synthetic_device_spec_v11
synthetic_customer_005,cabinet_005,2026-08-11 12:50:00+00:00,0,0,0,0,True,True,False,24.229327242823572,-47.26062176890705,2.972331975886525,3.944940250789035,11.113229570858056,0.0,0.0,on,connected,True,synthetic_device_spec_v11
synthetic_customer_005,cabinet_005,2026-08-11 13:00:00+00:00,0,0,0,0,True,True,False,24.07136727424861,-47.30521881630515,2.9801970269342584,4.010281425001417,13.629994703061422,0.0,0.016524294001574513,on,connected,True,synthetic_device_spec_v11
synthetic_customer_005,cabinet_005,2026-08-11 13:10:00+00:00,0,0,0,0,True,True,False,24.254845543409182,-48.985598893286856,3.004037626834894,4.035626649525399,16.584624401204863,0.05114692156018355,0.0,on,connected,True,synthetic_device_spec_v11
synthetic_customer_005,cabinet_005,2026-08-11 13:20:00+00:00,0,0,0,0,True,True,False,24.243262284919503,-48.83998246421,3.0186164694472244,4.056533128748484,18.17217563197815,0.010417422098900373,0.0,on,connected,True,synthetic_device_spec_v11
synthetic_customer_005,cabinet_005,2026-08-11 13:30:00+00:00,0,0,0,0,True,True,False,23.705278548132497,-47.159450598362646,3.0284777287692854,3.8957481367678883,20.01986516372645,0.018016698062267755,0.0,on,connected,True,synthetic_device_spec_v11
synthetic_customer_005,cabinet_005,2026-08-11 13:40:00+00:00,0,0,0,0,True,True,False,24.14708859320894,-49.87970176600403,2.945642893776169,4.094318601224013,22.812507611874523,0.0,0.01926524422192267,on,connected,True,synthetic_device_spec_v11
synthetic_customer_005,cabinet_005,2026-08-11 13:50:00+00:00,0,0,0,0,True,True,False,23.84203761078583,-47.43677558173593,2.9816253873209657,4.041433211828472,25.352191817296568,0.0,0.02252103097183758,on,connected,True,synthetic_device_spec_v11
synthetic_customer_005,cabinet_005,2026-08-11 14:00:00+00:00,0,0,0,0,True,True,False,24.073422635054882,-49.1928230750918,3.0358541246682598,4.045591589559607,24.856705792950752,0.04255162732709064,0.00835295781791081,on,connected,True,synthetic_device_spec_v11
synthetic_customer_005,cabinet_005,2026-08-11 14:10:00+00:00,0,0,0,0,True,True,False,24.1392070530705,-50.58017239129805,2.9709732447856108,3.981707192441519,25.716680429747967,0.01684012402273661,0.010263258915467836,on,connected,True,synthetic_device_spec_v11
synthetic_customer_005,cabinet_005,2026-08-11 14:20:00+00:00,0,0,0,0,True,True,False,23.80963841414394,-47.50719373772757,3.0369387894021247,3.9494476551665327,25.594332161034593,0.0,0.01270540691081498,on,connected,True,synthetic_device_spec_v11
synthetic_customer_005,cabinet_005,2026-08-11 14:30:00+00:00,0,0,0,0,True,True,False,23.932727561666685,-48.467398924142834,3.0320028579742515,4.137219612572006,25.54667541718228,0.0019103413922104157,0.0,on,connected,True,synthetic_device_spec_v11
synthetic_customer_005,cabinet_005,2026-08-11 14:40:00+00:00,0,0,0,0,True,True,False,24.06507389866036,-47.06542618574577,2.976100222929548,3.9367075654492294,24.454404225882712,0.0,0.0,on,connected,True,synthetic_device_spec_v11
synthetic_customer_005,cabinet_005,2026-08-11 14:50:00+00:00,0,0,0,0,True,True,False,24.121859095475713,-47.829169476730755,3.003550625008726,4.054676571383322,24.94151153060241,0.02191809002669458,0.012722788526043815,on,connected,True,synthetic_device_spec_v11
synthetic_customer_005,cabinet_005,2026-08-11 15:00:00+00:00,0,0,0,0,True,True,False,24.083028902328138,-47.398681047303405,2.9849918826905952,3.963944070746702,0.10929391654218798,0.00327646652630633,0.03728074175433715,on,connected,True,synthetic_device_spec_v11
synthetic_customer_005,cabinet_005,2026-08-11 15:10:00+00:00,0,0,0,0,True,True,False,23.876791656128006,-49.31480769528903,3.047966003154515,4.091074692981431,0.0,0.0004171222714403922,0.01642097763879472,on,connected,True,synthetic_device_spec_v11
synthetic_customer_005,cabinet_005,2026-08-11 15:20:00+00:00,0,0,0,0,True,True,False,24.04704939093838,-47.816395014445334,3.0704164269575696,3.9535520884005706,0.22005405799003894,0.004379963711768284,0.005175071340298506,on,connected,True,synthetic_device_spec_v11
synthetic_customer_005,cabinet_005,2026-08-11 15:30:00+00:00,0,0,0,0,True,True,False,24.05256431502068,-47.636857133966025,3.0391007089520614,3.969229760739146,1.649147061120304,0.0054529182343161465,0.0,on,connected,True,synthetic_device_spec_v11
synthetic_customer_005,cabinet_005,2026-08-11 15:40:00+00:00,0,0,0,0,True,True,False,24.082112397214583,-49.095156776162334,2.989059821560453,4.017256919074168,0.25627220101840525,9.207535087346107e-05,0.039125152806029795,on,connected,True,synthetic_device_spec_v11
synthetic_customer_005,cabinet_005,2026-08-11 15:50:00+00:00,0,0,0,0,True,True,False,23.970331854600463,-48.73319723169646,2.9779133549353545,3.996906854978792,0.10709787815580522,0.011848602312696984,0.0,on,connected,True,synthetic_device_spec_v11
synthetic_customer_005,cabinet_005,2026-08-11 16:00:00+00:00,0,0,0,0,True,True,False,23.921911005517824,-47.78978293223284,2.9682813648054807,4.03277306222412,0.0,0.014344210321894854,0.02540322791118003,on,connected,True,synthetic_device_spec_v11
synthetic_customer_005,cabinet_005,2026-08-11 16:10:00+00:00,0,0,0,0,True,True,False,23.79791005762551,-48.31532934706011,2.993628858154414,4.028531996431494,0.0,0.014411818486533485,0.035191452811739,on,connected,True,synthetic_device_spec_v11
synthetic_customer_005,cabinet_005,2026-08-11 16:20:00+00:00,0,0,0,0,True,True,False,23.97994238217404,-45.93393673015286,2.932891094390239,4.02735296643624,0.0,0.022606485069888462,0.0,on,connected,True,synthetic_device_spec_v11
synthetic_customer_005,cabinet_005,2026-08-11 16:30:00+00:00,0,0,0,0,True,True,False,24.047035349273493,-46.404286953699284,3.024255288532307,3.950332528891947,0.037449425364451006,0.027200044042188717,0.014729763176657307,on,connected,True,synthetic_device_spec_v11
synthetic_customer_005,cabinet_005,2026-08-11 16:40:00+00:00,0,0,0,0,True,True,False,23.712125842438038,-48.87508283370657,3.037154686408392,3.966859820005106,0.0221546664003647,0.0,0.0028605170874743935,on,connected,True,synthetic_device_spec_v11
synthetic_customer_005,cabinet_005,2026-08-11 16:50:00+00:00,0,0,0,0,True,True,False,23.994785749826086,-47.83380902369844,2.9993740128059905,4.0634115466844145,0.0,0.0,0.0102205272239128,on,connected,True,synthetic_device_spec_v11
synthetic_customer_005,cabinet_005,2026-08-11 17:00:00+00:00,0,0,0,0,True,True,False,23.9839565531025,-47.50308521544483,3.0108134728454443,3.9681818612374866,0.0,0.028422908294136507,0.0,on,connected,True,synthetic_device_spec_v11
synthetic_customer_005,cabinet_005,2026-08-11 17:10:00+00:00,0,0,0,0,True,True,False,23.687276603353194,-47.60035614000157,3.0021011068045254,3.9568481561861297,0.0,0.007922383581430601,0.0,on,connected,True,synthetic_device_spec_v11
synthetic_customer_005,cabinet_005,2026-08-11 17:20:00+00:00,0,0,0,0,True,True,False,24.111536080827413,-48.825095302822994,2.9579459846817926,4.035648116751109,0.9349154294746876,0.016105506311975947,0.011864115396107941,on,connected,True,synthetic_device_spec_v11
synthetic_customer_005,cabinet_005,2026-08-11 17:30:00+00:00,0,0,0,0,True,True,False,23.892709366697332,-47.69654463144601,2.921898334558589,4.14461636142435,0.837757948671257,0.0,0.0,on,connected,True,synthetic_device_spec_v11
synthetic_customer_005,cabinet_005,2026-08-11 17:40:00+00:00,0,0,0,0,True,True,False,24.025369482398354,-48.78692806196335,2.9765010965317398,3.9690576369390906,0.11167194927915212,0.0,0.0,on,connected,True,synthetic_device_spec_v11
synthetic_customer_005,cabinet_005,2026-08-11 17:50:00+00:00,0,0,0,0,True,True,False,24.127700824985503,-47.335752761822846,3.0287517957352335,4.072736045821767,0.01261691764255868,0.019253038016854004,0.0,on,connected,True,synthetic_device_spec_v11
synthetic_customer_005,cabinet_005,2026-08-11 18:00:00+00:00,0,0,0,0,True,True,False,23.965401823457483,-49.39256081899098,2.9359114247127125,4.003752396861391,0.17563743472100038,0.0,0.016208695375885245,on,connected,True,synthetic_device_spec_v11
synthetic_customer_005,cabinet_005,2026-08-11 18:10:00+00:00,1,1,1,1,True,True,False,24.067759973148817,-48.056897453248325,2.9617193114562146,3.9812027854136294,0.0,0.0,0.007166506380174021,on,connected,True,synthetic_device_spec_v11
synthetic_customer_005,cabinet_005,2026-08-11 18:20:00+00:00,1,1,1,1,True,True,False,23.95061796255227,-49.81477914119766,2.996615646428613,4.06077507081851,0.49986037770480435,0.08334602293141155,0.0249384758110509,on,connected,True,synthetic_device_spec_v11
synthetic_customer_005,cabinet_005,2026-08-11 18:30:00+00:00,1,1,1,1,True,True,False,24.304299398533225,-52.89324620465092,2.947757133179584,3.9844567200403116,1.0507215173481714,0.09878886015778109,0.014723485107081668,on,connected,True,synthetic_device_spec_v11
synthetic_customer_005,cabinet_005,2026-08-11 18:40:00+00:00,0,0,0,0,True,True,False,23.941555761761215,-55.286971637952966,3.056281579566767,4.0515507571984575,0.0,0.15317304034621199,0.0,on,connected,True,synthetic_device_spec_v11
synthetic_customer_005,cabinet_005,2026-08-11 18:50:00+00:00,0,0,0,0,True,True,False,23.943740033865673,-57.810657544853996,2.953755549665117,4.018300863292869,0.0,0.158233239256324,0.0,on,connected,True,synthetic_device_spec_v11
synthetic_customer_005,cabinet_005,2026-08-11 19:00:00+00:00,0,0,0,0,True,True,False,23.986558881977167,-59.821548638341916,3.0482743690950516,3.973254129672624,0.0,0.22389888721738954,0.0,on,connected,True,synthetic_device_spec_v11
synthetic_customer_005,cabinet_005,2026-08-11 19:10:00+00:00,0,0,0,0,True,True,False,24.108243487345135,-61.07208455963337,2.9992341599587666,4.036250633713031,0.0,0.26995652167301326,0.0,on,connected,True,synthetic_device_spec_v11
synthetic_customer_005,cabinet_005,2026-08-11 19:20:00+00:00,0,0,0,0,True,True,False,24.05299016396635,-66.04063118588574,3.051586198220916,4.010920117521996,0.0,0.2930223067016382,0.0018942540995461124,on,connected,True,synthetic_device_spec_v11
synthetic_customer_005,cabinet_005,2026-08-11 19:30:00+00:00,0,0,0,0,True,True,False,23.91763922508414,-68.00733656838091,2.9914155304496375,4.211773061064912,0.0,0.3604358084247085,0.025451970890070456,on,connected,True,synthetic_device_spec_v11
synthetic_customer_005,cabinet_005,2026-08-11 19:40:00+00:00,0,0,0,0,True,True,False,24.157487330705717,-71.01834565347187,3.001164129995339,4.32655419875417,0.0,0.439663824687554,0.07867820130250489,on,connected,True,synthetic_device_spec_v11
synthetic_customer_005,cabinet_005,2026-08-11 19:50:00+00:00,0,0,0,0,True,True,False,23.828840893423525,-71.8530341838792,2.9652764613147338,4.634371847261648,0.1038013616143852,0.42907850105646045,0.05904359651889586,on,connected,True,synthetic_device_spec_v11
synthetic_customer_005,cabinet_005,2026-08-11 20:00:00+00:00,0,0,0,0,True,True,False,24.013785325168328,-75.34326641849913,2.9918635663426834,4.957743029127635,0.0,0.5559323076292746,0.07949641531780519,on,connected,True,synthetic_device_spec_v11
synthetic_customer_005,cabinet_005,2026-08-11 20:10:00+00:00,0,0,0,0,True,True,False,24.026177890853827,-77.74588731970134,2.8889290531702008,5.14512787087626,0.0,0.5202077416580559,0.11865111184223906,on,connected,True,synthetic_device_spec_v11
synthetic_customer_005,cabinet_005,2026-08-11 20:20:00+00:00,0,0,0,0,True,True,False,24.019008336884227,-81.92153661214464,3.030238419414464,5.311112966429797,0.1538930850903912,0.5881380936238334,0.17062728338975905,on,connected,True,synthetic_device_spec_v11
synthetic_customer_005,cabinet_005,2026-08-11 20:30:00+00:00,0,0,0,0,True,True,False,23.89564523757985,-83.63703011675601,3.000749839656584,5.633710962682342,0.0,0.6675934180332432,0.1947982120146475,on,connected,True,synthetic_device_spec_v11
synthetic_customer_005,cabinet_005,2026-08-11 21:50:00+00:00,0,0,0,0,True,True,False,23.920616454995347,-49.67404472622501,2.9276634890056865,6.97486002812801,0.1821341999310143,0.0,0.3879986139863799,on,connected,True,synthetic_device_spec_v11
synthetic_customer_005,cabinet_005,2026-08-11 22:00:00+00:00,0,0,0,0,True,True,False,24.019302666499826,-47.15652290472026,3.1105640084797304,6.977125117266908,0.19990297574582838,0.0,0.4013352222686481,on,connected,True,synthetic_device_spec_v11
synthetic_customer_005,cabinet_005,2026-08-11 22:10:00+00:00,0,0,0,0,True,True,False,23.90459776874553,-47.985647172386024,3.039082120869802,7.060283598719245,0.0,0.03806974056743357,0.38774230829947276,on,connected,True,synthetic_device_spec_v11
synthetic_customer_005,cabinet_005,2026-08-11 22:20:00+00:00,0,0,0,0,True,True,False,23.94658992439547,-48.743464585476445,2.976643185245781,7.08797398461059,0.0,0.0,0.39000899097353886,on,connected,True,synthetic_device_spec_v11
synthetic_customer_005,cabinet_005,2026-08-11 22:30:00+00:00,0,0,0,0,True,True,False,24.29316278808474,-49.13150005521938,2.9791511228110195,4.005906199023209,0.0,0.0,0.0,on,connected,True,synthetic_device_spec_v11
synthetic_customer_005,cabinet_005,2026-08-11 22:40:00+00:00,0,0,0,0,True,True,False,23.762712989282743,-47.28939897633207,2.9430502441975115,3.9243931224684028,0.0,0.0,0.004527783770941922,on,connected,True,synthetic_device_spec_v11
synthetic_customer_005,cabinet_005,2026-08-11 22:50:00+00:00,0,0,0,0,True,True,False,23.901959336373988,-46.430369240228046,2.9476230421001266,4.016706310134518,0.0,0.0,0.0,on,connected,True,synthetic_device_spec_v11
synthetic_customer_005,cabinet_005,2026-08-11 23:00:00+00:00,0,0,0,0,True,True,False,23.955880662345116,-48.20974029319684,2.9645534070369655,3.992534570803744,0.3692810536253868,0.0,0.0,on,connected,True,synthetic_device_spec_v11
synthetic_customer_005,cabinet_005,2026-08-11 23:10:00+00:00,0,0,0,0,True,True,False,23.83503742734283,-47.996833371193,3.013536135553091,3.923386512770358,0.7648801517623351,0.0,0.005520509528960937,on,connected,True,synthetic_device_spec_v11
synthetic_customer_005,cabinet_005,2026-08-11 23:20:00+00:00,0,0,0,0,True,True,False,24.159763517650756,-47.9371075190322,2.9446899562245834,3.963732840574332,0.33515178120337485,0.0,0.002044325307029527,on,connected,True,synthetic_device_spec_v11
synthetic_customer_005,cabinet_005,2026-08-11 23:30:00+00:00,0,0,0,0,True,True,False,24.0498616044452,-46.79020970812964,2.8399960980195393,4.013695461015511,1.0344045606884626,0.0,0.008218667688782313,on,connected,True,synthetic_device_spec_v11
synthetic_customer_005,cabinet_005,2026-08-11 23:40:00+00:00,0,0,0,0,True,True,False,24.026737323621102,-48.3379499554263,2.733520334443023,4.009618078918125,0.41389606988473654,0.02699838091531136,0.022904098872772703,on,connected,True,synthetic_device_spec_v11
synthetic_customer_005,cabinet_005,2026-08-11 23:50:00+00:00,0,0,0,0,True,True,False,23.855471177571587,-48.366350537132384,2.8444941259353107,3.9512235558141398,0.0,0.0,0.018915399507649356,on,connected,True,synthetic_device_spec_v11
synthetic_customer_005,cabinet_005,2026-08-12 00:00:00+00:00,0,0,0,0,True,True,False,23.637415784040837,-48.80945111225102,2.7655946715437647,4.04772846181447,0.0,0.006135939089800626,0.0,on,connected,True,synthetic_device_spec_v11
synthetic_customer_005,cabinet_005,2026-08-12 00:10:00+00:00,1,1,1,1,True,True,False,24.073285934863744,-48.196925349031474,2.6082666095242804,3.96696823326797,0.0,0.028963054970926584,0.0,on,connected,True,synthetic_device_spec_v11
synthetic_customer_005,cabinet_005,2026-08-12 00:20:00+00:00,1,1,1,1,True,True,False,23.870328588818637,-48.54643847771587,2.6347355278368383,3.9965780861118736,0.9989444520854783,0.0,0.010457022757745568,on,connected,True,synthetic_device_spec_v11
synthetic_customer_005,cabinet_005,2026-08-12 00:30:00+00:00,1,1,1,1,True,True,False,23.76432056208245,-46.83493350217845,2.460865754560757,4.050183045024438,1.2724960221269035,0.0,0.03021201239659642,on,connected,True,synthetic_device_spec_v11
synthetic_customer_005,cabinet_005,2026-08-12 00:40:00+00:00,0,0,0,0,True,True,False,24.042561803334706,-48.66853540503224,2.365826830750573,4.037280715716056,0.21649913871639723,0.0,0.03014655575570686,on,connected,True,synthetic_device_spec_v11
synthetic_customer_005,cabinet_005,2026-08-12 00:50:00+00:00,0,0,0,0,True,True,False,23.91785441428907,-48.1428239344335,2.29931469220813,3.8944397972249436,0.0,0.020603384501103737,0.0,on,connected,True,synthetic_device_spec_v11
synthetic_customer_005,cabinet_005,2026-08-12 01:00:00+00:00,0,0,0,0,True,True,False,24.144572474542617,-46.17732831800373,2.2849257270635634,3.956094345258284,0.22850514415116197,0.0,0.0,on,connected,True,synthetic_device_spec_v11
synthetic_customer_005,cabinet_005,2026-08-12 01:10:00+00:00,0,0,0,0,True,True,False,24.0346662984451,-47.01257240616073,2.1726189166248027,3.9887207221452043,0.38875925849297804,0.017978434889563723,0.01289813114091513,on,connected,True,synthetic_device_spec_v11
synthetic_customer_005,cabinet_005,2026-08-12 01:20:00+00:00,0,0,0,0,True,True,False,23.93858416008767,-47.698454544613384,2.1573434112858356,3.967119513830173,0.6883514376120495,0.0,0.009243007065367997,on,connected,True,synthetic_device_spec_v11
synthetic_customer_005,cabinet_005,2026-08-12 01:30:00+00:00,0,0,0,0,True,True,False,24.20077003288466,-48.32778569753439,2.2064772849947274,3.9918516821255685,0.5749706881283426,0.0,0.0,on,connected,True,synthetic_device_spec_v11
synthetic_customer_005,cabinet_005,2026-08-12 01:40:00+00:00,0,0,0,0,True,True,False,23.982801192249227,-47.481560423282005,2.2154120996818296,3.9689220742328692,0.36586541580180426,0.038554970826204606,0.0,on,connected,True,synthetic_device_spec_v11
synthetic_customer_005,cabinet_005,2026-08-12 01:50:00+00:00,0,0,0,0,True,True,False,23.94706384281025,-50.20435355676663,2.1705975220731686,3.9126012299954454,0.0,0.0,0.012945709820244,on,connected,True,synthetic_device_spec_v11
synthetic_customer_005,cabinet_005,2026-08-12 02:00:00+00:00,0,0,0,0,True,True,False,23.825966182534327,-47.99050189426639,2.9466243504496394,3.962453118495049,0.1618557247655071,0.0,0.0016006980374833973,on,connected,True,synthetic_device_spec_v11
synthetic_customer_005,cabinet_005,2026-08-12 02:10:00+00:00,0,0,0,0,True,True,False,24.125285228004223,-49.62127302305704,2.967970941929665,4.029919259229227,0.3730392554339985,0.0,0.0,on,connected,True,synthetic_device_spec_v11
synthetic_customer_005,cabinet_005,2026-08-12 02:20:00+00:00,0,0,0,0,True,True,False,23.82303253917498,-49.17252313337319,3.010390987187777,3.9240530672817853,0.0,0.0012797904708943494,0.006609615921558796,on,connected,True,synthetic_device_spec_v11
synthetic_customer_005,cabinet_005,2026-08-12 02:30:00+00:00,0,0,0,0,True,True,False,24.01789967653621,-50.181603588644165,3.0061529868195707,3.912190386717081,0.0,0.0,0.0,on,connected,True,synthetic_device_spec_v11
synthetic_customer_005,cabinet_005,2026-08-12 02:40:00+00:00,0,0,0,0,True,True,False,24.005623816949452,-48.543481223306415,2.9683621366170163,3.9701583541177965,0.3238053553095097,0.006892933222187966,0.0,on,connected,True,synthetic_device_spec_v11
synthetic_customer_005,cabinet_005,2026-08-12 02:50:00+00:00,0,0,0,0,True,True,False,23.956109462476384,-46.90833981045473,3.0528470224037854,3.9207388272022228,0.0,0.024861669966898432,0.0,on,connected,True,synthetic_device_spec_v11
synthetic_customer_005,cabinet_005,2026-08-12 03:00:00+00:00,0,0,0,0,True,True,False,23.729983902178468,-48.59919686605684,3.003016535195233,4.025126996441559,0.0,0.01915528174067633,0.0006008613169824053,on,connected,True,synthetic_device_spec_v11
synthetic_customer_005,cabinet_005,2026-08-12 03:10:00+00:00,0,0,0,0,True,True,False,24.168182032295952,-45.755455777675394,3.0441109939612203,4.111251824628837,0.0,0.0,0.0,on,connected,True,synthetic_device_spec_v11
synthetic_customer_005,cabinet_005,2026-08-12 03:20:00+00:00,0,0,0,0,True,True,False,24.09749350358997,-47.87123599981483,2.9403160978019867,3.90877459480328,0.07063173165397503,0.056678729526743216,0.0,on,connected,True,synthetic_device_spec_v11
synthetic_customer_005,cabinet_005,2026-08-12 03:30:00+00:00,0,0,0,0,True,True,False,23.905902212280086,-48.419410901740335,2.9745930977351525,4.049874772663587,0.11655581474541482,0.025157858104679638,0.005093183757632825,on,connected,True,synthetic_device_spec_v11
synthetic_customer_005,cabinet_005,2026-08-12 03:40:00+00:00,0,0,0,0,True,True,False,24.214112583283192,-47.29183264165829,3.03073086811662,4.108364798788572,0.0,0.018480313230878585,0.0,on,connected,True,synthetic_device_spec_v11
synthetic_customer_005,cabinet_005,2026-08-12 03:50:00+00:00,0,0,0,0,True,True,False,23.900099711665582,-48.8109110548459,2.995901551361591,3.943910464498873,0.2660283421881172,0.0,0.0,on,connected,True,synthetic_device_spec_v11
synthetic_customer_005,cabinet_005,2026-08-12 04:00:00+00:00,0,0,0,0,True,True,False,23.986280939875456,-45.474023800816845,3.036242846071118,4.063767733016973,0.0,0.0,0.0,on,connected,True,synthetic_device_spec_v11
synthetic_customer_005,cabinet_005,2026-08-12 04:10:00+00:00,0,0,0,0,True,True,False,23.91602966485221,-48.111291402756,2.98966678921658,4.05728044165933,0.2900011124283177,7.319784364111432e-05,0.0,on,connected,True,synthetic_device_spec_v11
synthetic_customer_005,cabinet_005,2026-08-12 04:20:00+00:00,0,0,0,0,True,True,False,23.853146355473456,-47.35528920022731,3.030862889577034,3.997323820887935,0.887590863383725,0.01959604760196103,0.0021678088966565314,on,connected,True,synthetic_device_spec_v11
synthetic_customer_005,cabinet_005,2026-08-12 04:30:00+00:00,0,0,0,0,True,True,False,23.867937631167344,-46.84110699826372,3.054480186201636,4.030440832283591,0.0,0.0,0.0,on,connected,True,synthetic_device_spec_v11
synthetic_customer_005,cabinet_005,2026-08-12 04:40:00+00:00,0,0,0,0,True,True,False,23.89799070400321,-48.930968842974764,2.9925685026953084,3.943302734476119,1.0181428103353674,0.02249185555263087,0.0029106970138613737,on,connected,True,synthetic_device_spec_v11
synthetic_customer_005,cabinet_005,2026-08-12 04:50:00+00:00,0,0,0,0,True,True,False,24.235240409102015,-46.86341557023841,3.0047189016475446,3.9855807006369277,0.30609853652926233,0.034653662200837175,0.0325072998449519,on,connected,True,synthetic_device_spec_v11
synthetic_customer_005,cabinet_005,2026-08-12 05:00:00+00:00,0,0,0,0,True,True,False,24.06596577682598,-47.71931474526705,2.9873720385300535,3.9682591327279466,0.31944831631310483,0.024084282962444407,0.0,on,connected,True,synthetic_device_spec_v11
synthetic_customer_005,cabinet_005,2026-08-12 05:10:00+00:00,0,0,0,0,True,True,False,24.009869574071203,-47.712868732099984,2.9968566220591013,3.9746260002272447,0.30683204161176014,0.0149767643092927,0.0050174375893753155,on,connected,True,synthetic_device_spec_v11
synthetic_customer_005,cabinet_005,2026-08-12 05:20:00+00:00,0,0,0,0,True,True,False,23.886088733781513,-48.7758409516233,3.023353937077486,3.902326147511155,0.4959945003252863,0.0,0.02729609526280378,on,connected,True,synthetic_device_spec_v11
synthetic_customer_005,cabinet_005,2026-08-12 05:30:00+00:00,0,0,0,0,True,True,False,24.065781812617992,-47.51497286777357,2.9842624199801118,3.980338959347792,1.4278655434624408,0.0009985790267451184,0.0,on,connected,True,synthetic_device_spec_v11
synthetic_customer_005,cabinet_005,2026-08-12 05:40:00+00:00,0,0,0,0,True,True,False,23.942172910744706,-47.54869543894117,3.017546448956392,3.9747863712881455,0.0,0.052880253375108814,0.02832038584445603,on,connected,True,synthetic_device_spec_v11
synthetic_customer_005,cabinet_005,2026-08-12 05:50:00+00:00,0,0,0,0,True,True,False,24.158394179053023,-48.57982258075553,3.071160456149855,3.925986660438398,0.0,0.0,0.015530837789312916,on,connected,True,synthetic_device_spec_v11
synthetic_customer_005,cabinet_005,2026-08-12 06:00:00+00:00,0,0,0,0,True,True,False,24.127787928102794,-46.593871796677035,2.983586479306272,4.052663394873464,1.0617444195811292,0.007147156723315376,0.013537752225246204,on,connected,True,synthetic_device_spec_v11
synthetic_customer_005,cabinet_005,2026-08-12 06:10:00+00:00,1,1,1,1,True,True,False,23.939264758508404,-49.120196545878116,3.011697712609941,3.921918151729951,0.07910163698555117,0.010559333504024602,0.0,on,connected,True,synthetic_device_spec_v11
synthetic_customer_005,cabinet_005,2026-08-12 06:20:00+00:00,1,1,1,1,True,True,False,24.13527945078879,-47.54342035875025,2.9772984709379773,3.9850109053831115,0.22026924447245488,0.020241051734863933,0.01225913708342466,on,connected,True,synthetic_device_spec_v11
synthetic_customer_005,cabinet_005,2026-08-12 06:30:00+00:00,1,1,1,1,True,True,False,24.028302276607267,-49.25758531600617,2.9669228906589424,4.073987488307435,0.0,0.0,0.0,on,connected,True,synthetic_device_spec_v11
synthetic_customer_005,cabinet_005,2026-08-12 06:40:00+00:00,0,0,0,0,True,True,False,24.024604634527577,-47.76314175045062,2.951591554002323,4.002957837967516,0.0,0.020650721912900346,0.036013753369786496,on,connected,True,synthetic_device_spec_v11
synthetic_customer_005,cabinet_005,2026-08-12 06:50:00+00:00,0,0,0,0,True,True,False,24.014681983910243,-47.959269829365546,3.045555416308843,3.9743389604875263,0.8877597170765318,0.0,0.0,on,connected,True,synthetic_device_spec_v11
synthetic_customer_005,cabinet_005,2026-08-12 07:00:00+00:00,0,0,0,0,True,True,False,23.937116316186202,-51.09826467964575,3.017422057092379,3.928735283359622,0.0,0.0,0.011428509039832977,on,connected,True,synthetic_device_spec_v11
synthetic_customer_005,cabinet_005,2026-08-12 07:10:00+00:00,0,0,0,0,True,True,False,24.024235133253352,-48.857846805798424,2.912468182529767,3.9283692409873656,0.0,0.005421081509296075,0.0,on,connected,True,synthetic_device_spec_v11
synthetic_customer_005,cabinet_005,2026-08-12 07:20:00+00:00,0,0,0,0,True,True,False,23.965053943061914,-46.73950981640404,3.0903315935733313,3.959941850250564,0.0,0.0,0.023115154380506018,on,connected,True,synthetic_device_spec_v11
synthetic_customer_005,cabinet_005,2026-08-12 07:30:00+00:00,0,0,0,0,True,True,False,23.884911444799783,-47.86256196562057,2.998260377007034,4.038624405250506,0.3562898888956169,0.01996311849017552,0.0,on,connected,True,synthetic_device_spec_v11
synthetic_customer_005,cabinet_005,2026-08-12 07:40:00+00:00,0,0,0,0,True,True,False,23.887263461616776,-48.358435488935115,3.085014087797837,4.011737623204057,0.0,0.0,0.0,on,connected,True,synthetic_device_spec_v11
synthetic_customer_005,cabinet_005,2026-08-12 07:50:00+00:00,0,0,0,0,True,True,False,23.96108798521849,-48.901114754473646,3.002542372689544,4.022468532709428,0.0,0.0013092539773131037,0.04872170539415857,on,connected,True,synthetic_device_spec_v11
synthetic_customer_005,cabinet_005,2026-08-12 08:00:00+00:00,0,0,0,0,True,True,False,23.88293971203393,-49.24188794348131,2.949940777757496,4.043767831384762,0.12710814797867728,0.0,0.0,on,connected,True,synthetic_device_spec_v11
synthetic_customer_005,cabinet_005,2026-08-12 08:10:00+00:00,0,0,0,0,True,True,False,24.117097310882663,-46.48501441343156,3.0085297676183607,4.027216273907874,0.3099228822133244,0.0,0.015598299202621086,on,connected,True,synthetic_device_spec_v11
synthetic_customer_005,cabinet_005,2026-08-12 08:20:00+00:00,0,0,0,0,True,True,False,24.17755961231154,-48.79818266105122,2.9792175425813743,4.015409806740281,0.056864819258723505,0.033126960844195856,0.0,on,connected,True,synthetic_device_spec_v11
synthetic_customer_005,cabinet_005,2026-08-12 08:30:00+00:00,0,0,0,0,True,True,False,24.132668049693923,-48.65864494930309,2.9741082016404823,4.033174417820915,0.480792427874762,0.0,0.006537252726918998,on,connected,True,synthetic_device_spec_v11
synthetic_customer_005,cabinet_005,2026-08-12 08:40:00+00:00,0,0,0,0,True,True,False,23.902012972433727,-47.86540052750662,2.9814387151884816,4.006830588924036,0.4572210122430923,0.0,0.013233572536258351,on,connected,True,synthetic_device_spec_v11
synthetic_customer_005,cabinet_005,2026-08-12 08:50:00+00:00,0,0,0,0,True,True,False,23.85448458729712,-48.49012261579392,2.9303300735633124,4.031554314453955,0.2515660827801927,0.0,0.006417362073934338,on,connected,True,synthetic_device_spec_v11
synthetic_customer_005,cabinet_005,2026-08-12 09:00:00+00:00,0,0,0,0,True,True,False,23.963279679160035,-47.681809360726895,3.017358053529565,3.815011302287649,0.0,0.0,0.0,on,connected,True,synthetic_device_spec_v11
synthetic_customer_005,cabinet_005,2026-08-12 09:10:00+00:00,0,0,0,0,True,True,False,23.838657987085806,-48.44745125301556,2.9341545702586442,3.9490563442339135,0.4861847096962043,0.011810192335342673,0.014327301224901393,on,connected,True,synthetic_device_spec_v11
synthetic_customer_005,cabinet_005,2026-08-12 09:20:00+00:00,0,0,0,0,True,True,False,23.91960885720539,-49.377642627517915,3.001093875550128,4.033805424653146,0.15333021031158378,0.0,0.0,on,connected,True,synthetic_device_spec_v11
synthetic_customer_005,cabinet_005,2026-08-12 09:30:00+00:00,0,0,0,0,True,True,False,24.066378712067806,-48.397384433839115,3.0145790910388333,3.990974630181397,0.5133228626169901,0.030631781494517937,0.0,on,connected,True,synthetic_device_spec_v11
synthetic_customer_005,cabinet_005,2026-08-12 09:40:00+00:00,0,0,0,0,True,True,False,24.07952014032551,-48.97289264708609,2.977114658570903,4.030622010852929,0.26046377744427973,0.0,0.010593107954453946,on,connected,True,synthetic_device_spec_v11
synthetic_customer_005,cabinet_005,2026-08-12 09:50:00+00:00,0,0,0,0,True,True,False,23.999573236325656,-48.95373888179717,2.870134409673372,4.066050567892314,0.19750531164401183,0.0,0.026619862354177428,on,connected,True,synthetic_device_spec_v11
synthetic_customer_005,cabinet_005,2026-08-12 10:00:00+00:00,0,0,0,0,True,True,False,23.764886247500886,-49.24643179887484,2.6736040485642603,4.015466727846748,0.0,0.0,0.0041429743674861646,on,connected,True,synthetic_device_spec_v11
synthetic_customer_005,cabinet_005,2026-08-12 10:10:00+00:00,0,0,0,0,True,True,False,23.947729816791878,-46.79493885206621,2.4453575786015502,3.99487245780205,1.192135640914974,0.032282355409843866,0.0,on,connected,True,synthetic_device_spec_v11
synthetic_customer_005,cabinet_005,2026-08-12 10:20:00+00:00,0,0,0,0,True,True,False,23.933256929702598,-50.299377329914115,2.2031858403632363,4.0812363950487,0.0,0.0007132743413462979,0.0169352131411126,on,connected,True,synthetic_device_spec_v11
synthetic_customer_005,cabinet_005,2026-08-12 10:30:00+00:00,0,0,0,0,True,True,False,23.99793675387169,-47.24264224440579,2.0463351206936347,3.9951623545666717,0.07988300165581547,0.0,0.0,on,connected,True,synthetic_device_spec_v11
synthetic_customer_005,cabinet_005,2026-08-12 10:40:00+00:00,0,0,0,0,True,True,False,24.139968307631207,-47.48045902802724,1.8554411114247535,3.915991591762068,0.0,0.001993780364409881,0.0035153719599353033,on,connected,True,synthetic_device_spec_v11
synthetic_customer_005,cabinet_005,2026-08-12 10:50:00+00:00,0,0,0,0,True,True,False,24.03962661611022,-46.15293106612601,1.6981844183120862,4.121995845024737,0.0,0.0,0.004119036317529274,on,connected,True,synthetic_device_spec_v11
synthetic_customer_005,cabinet_005,2026-08-12 11:00:00+00:00,0,0,0,0,True,True,False,23.803371734568834,-49.127706524643095,1.4241736962104978,4.075658340637828,0.0,0.0,0.0,on,connected,True,synthetic_device_spec_v11
synthetic_customer_005,cabinet_005,2026-08-12 11:10:00+00:00,0,0,0,0,True,True,False,24.01368364641317,-48.79181428341204,1.227547179838541,3.956213657214796,0.20990162806403578,0.0,0.0,on,connected,True,synthetic_device_spec_v11
synthetic_customer_005,cabinet_005,2026-08-12 11:20:00+00:00,0,0,0,0,True,True,False,24.24759086192485,-47.634511650331284,1.045515983377753,3.983635684029421,0.33516872431160427,0.0076343331567158765,0.015109303462539627,on,connected,True,synthetic_device_spec_v11
synthetic_customer_005,cabinet_005,2026-08-12 11:30:00+00:00,0,0,0,0,True,True,False,23.84202286014499,-46.766211644483725,0.9306651038672656,3.9613831562968396,0.0,0.0,0.03121265347231491,on,connected,True,synthetic_device_spec_v11
synthetic_customer_005,cabinet_005,2026-08-12 11:40:00+00:00,0,0,0,0,True,True,False,23.94547809127811,-49.20921220631433,1.0235952121373286,3.9314473371065803,0.0,0.0,0.03191118963371168,on,connected,True,synthetic_device_spec_v11
synthetic_customer_005,cabinet_005,2026-08-12 11:50:00+00:00,0,0,0,0,True,True,False,24.154421916585946,-46.60428262902531,1.0396991539776763,4.020328695792292,0.055865684404945916,0.0,0.0,on,connected,True,synthetic_device_spec_v11
synthetic_customer_005,cabinet_005,2026-08-12 12:00:00+00:00,0,0,0,0,True,True,False,23.987787091879657,-47.706512541163356,1.0513366096945909,3.978040043490013,0.778809420578044,0.0,0.02346943361303457,on,connected,True,synthetic_device_spec_v11
synthetic_customer_005,cabinet_005,2026-08-12 12:10:00+00:00,1,1,1,0,True,True,False,23.773548967578947,-46.9961357068025,0.9875732533537578,3.8569584508984547,0.0,0.0,0.0,on,connected,True,synthetic_device_spec_v11
synthetic_customer_005,cabinet_005,2026-08-12 12:20:00+00:00,1,1,1,1,True,True,False,23.915567924394544,-48.77703881050702,3.0015364055440403,4.010939764118839,0.0,0.0,0.0,on,connected,True,synthetic_device_spec_v11
synthetic_customer_005,cabinet_005,2026-08-12 12:30:00+00:00,1,1,1,1,True,True,False,24.061209691128933,-48.919616814141115,2.958389757999206,4.071872949927988,0.5996806530074233,0.0038983832195413795,0.004132281638368133,on,connected,True,synthetic_device_spec_v11
synthetic_customer_005,cabinet_005,2026-08-12 12:40:00+00:00,0,0,0,0,True,True,False,23.96542888339187,-47.46534973757237,2.9959924610027273,4.013016055777157,0.0,0.0,0.010597637994896342,on,connected,True,synthetic_device_spec_v11
synthetic_customer_005,cabinet_005,2026-08-12 12:50:00+00:00,0,0,0,0,True,True,False,24.023604823475367,-47.27518890798798,2.9564768970670703,3.9206286748763737,0.914064043261461,0.007831815469589857,0.001390098222024597,on,connected,True,synthetic_device_spec_v11
synthetic_customer_005,cabinet_005,2026-08-12 13:00:00+00:00,0,0,0,0,True,True,False,24.287038759921465,-49.97858101202941,2.929925111623627,4.0324039501704725,0.0,0.0,0.0,on,connected,True,synthetic_device_spec_v11
synthetic_customer_005,cabinet_005,2026-08-12 13:10:00+00:00,0,0,0,0,True,True,False,24.06597442715532,-44.84334833613814,3.0190903213453133,4.073058540190768,0.0,0.0,0.001372272684808211,on,connected,True,synthetic_device_spec_v11
synthetic_customer_005,cabinet_005,2026-08-12 13:20:00+00:00,0,0,0,0,True,True,False,24.10838339539343,-47.73390829293504,3.023564568334264,4.011722133255456,0.4909335114226245,0.0,0.0,on,connected,True,synthetic_device_spec_v11
synthetic_customer_005,cabinet_005,2026-08-12 13:30:00+00:00,0,0,0,0,True,True,False,23.88489085905006,-48.29491189968046,3.063214204805282,3.9684186262197696,0.0,0.06750631429241509,0.0,on,connected,True,synthetic_device_spec_v11
synthetic_customer_005,cabinet_005,2026-08-12 13:40:00+00:00,0,0,0,0,True,True,False,24.08035063387031,-46.96952944450094,3.0247998661810445,3.8994535200778286,0.20553633835777188,0.037473963881976956,0.0,on,connected,True,synthetic_device_spec_v11
synthetic_customer_005,cabinet_005,2026-08-12 13:50:00+00:00,0,0,0,0,True,True,False,24.085974090007767,-49.137715303554714,2.9864443869730417,4.126081472141473,0.20978084738618394,0.03430319959101784,0.028304538548685577,on,connected,True,synthetic_device_spec_v11
synthetic_customer_005,cabinet_005,2026-08-12 14:00:00+00:00,0,0,0,0,True,True,False,23.63167860569665,-49.7253311698182,2.9599790620287867,4.041578263455553,0.038021358042006514,0.012747281537502759,0.0010765901976509111,on,connected,True,synthetic_device_spec_v11
synthetic_customer_005,cabinet_005,2026-08-12 14:10:00+00:00,0,0,0,0,True,True,False,23.311493627411505,-49.98728692710341,2.9483694854196854,4.018894853053733,0.08676166856205139,0.0,0.0,on,connected,True,synthetic_device_spec_v11
synthetic_customer_005,cabinet_005,2026-08-12 14:20:00+00:00,0,0,0,0,True,True,False,22.87060746967118,-49.47765010645189,2.939702038879407,3.9207347845370597,0.0,0.033967530909928365,0.034432805402309676,on,connected,True,synthetic_device_spec_v11
synthetic_customer_005,cabinet_005,2026-08-12 14:30:00+00:00,0,0,0,0,True,True,False,22.21171124880794,-47.92322042500434,3.027979740058945,4.091297418506177,0.0,0.050309859756675436,0.028736433909600623,on,connected,True,synthetic_device_spec_v11
synthetic_customer_005,cabinet_005,2026-08-12 14:40:00+00:00,0,0,0,0,True,True,False,21.754104958995637,-47.9073682578164,2.930964672153378,4.0437510014647735,0.0,0.03179985566966006,0.0,on,connected,True,synthetic_device_spec_v11
synthetic_customer_005,cabinet_005,2026-08-12 14:50:00+00:00,0,0,0,0,True,True,False,21.513252154267658,-47.20649474261541,2.9660929020353475,3.8931051230961202,0.4522198651552542,0.009785853750014312,0.014723742017690056,on,connected,True,synthetic_device_spec_v11
synthetic_customer_005,cabinet_005,2026-08-12 15:00:00+00:00,0,0,0,0,True,True,False,20.864334722609176,-48.20745111829353,2.9362488888746117,4.006646230057421,0.5758508479620649,0.022698318489463326,0.0,on,connected,True,synthetic_device_spec_v11
synthetic_customer_005,cabinet_005,2026-08-12 15:10:00+00:00,0,0,0,0,True,True,False,20.22993522117592,-48.52393078947326,2.9951221639605916,4.0042177832904065,0.0,0.03099204374834835,0.0,on,connected,True,synthetic_device_spec_v11
synthetic_customer_005,cabinet_005,2026-08-12 15:20:00+00:00,0,0,0,0,True,True,False,19.87288291840394,-49.13596389637401,3.0092120871430934,4.008037953368621,0.0,0.0,0.006239968430178685,on,connected,True,synthetic_device_spec_v11
synthetic_customer_005,cabinet_005,2026-08-12 15:30:00+00:00,0,0,0,0,True,True,False,19.117869597466974,-46.69567353160923,3.00786521743865,4.000132507283979,0.0,0.0012392800748426494,0.0,on,connected,True,synthetic_device_spec_v11
synthetic_customer_005,cabinet_005,2026-08-12 15:40:00+00:00,0,0,0,0,True,True,False,18.478224556080733,-48.15962019150509,3.072094431110215,3.8992485791294094,0.0,0.0,0.0,on,connected,True,synthetic_device_spec_v11
synthetic_customer_005,cabinet_005,2026-08-12 17:10:00+00:00,0,0,0,0,True,True,False,23.90303233335895,-48.306069156431114,2.9556345095763614,3.9417311441916727,0.22199612644321917,0.027369605443160774,0.027951532419548637,on,connected,True,synthetic_device_spec_v11
synthetic_customer_005,cabinet_005,2026-08-12 17:20:00+00:00,0,0,0,0,True,True,False,24.018189694317424,-48.51799849762166,3.0266342440892924,3.9417210056795398,0.0,0.001362816369123077,0.020373708876727542,on,connected,True,synthetic_device_spec_v11
synthetic_customer_005,cabinet_005,2026-08-12 17:30:00+00:00,0,0,0,0,True,True,False,23.96281328212565,-48.030259450111785,2.9130456648706775,4.0255911599811585,0.0,0.0,0.0,on,connected,True,synthetic_device_spec_v11
synthetic_customer_005,cabinet_005,2026-08-12 17:40:00+00:00,0,0,0,0,True,True,False,23.942455008537916,-49.206980688190185,3.012321866805632,4.049360535820731,0.0,0.0,0.0,on,connected,True,synthetic_device_spec_v11
synthetic_customer_005,cabinet_005,2026-08-12 17:50:00+00:00,0,0,0,0,True,True,False,23.935390953452263,-45.381043654662065,2.9984055485926584,3.9559479146766856,0.42275389421017856,0.0,0.0,on,connected,True,synthetic_device_spec_v11
synthetic_customer_005,cabinet_005,2026-08-12 18:00:00+00:00,0,0,0,0,True,True,False,24.000582187432563,-47.284611404753406,3.012152511471184,3.9646589013640137,0.2945384259103562,0.0,0.011365520099000478,on,connected,True,synthetic_device_spec_v11
synthetic_customer_005,cabinet_005,2026-08-12 18:10:00+00:00,1,1,1,1,True,True,False,24.011579920608614,-47.55771792305139,3.0287264840775006,3.9445600351113015,0.0,0.0,0.006335131904107266,on,connected,True,synthetic_device_spec_v11
synthetic_customer_005,cabinet_005,2026-08-12 18:20:00+00:00,1,1,1,1,True,True,False,23.795240446009593,-48.84737520102415,2.973002489279351,3.9282309148800194,0.001978240090572047,0.014924733624356357,0.0,on,connected,True,synthetic_device_spec_v11
synthetic_customer_005,cabinet_005,2026-08-12 18:30:00+00:00,1,1,1,1,True,True,False,24.170802272233313,-47.67585851537651,2.9897882575876418,4.097142902409303,0.0,0.01580930597467932,0.017598968441583537,on,connected,True,synthetic_device_spec_v11
synthetic_customer_005,cabinet_005,2026-08-12 18:40:00+00:00,0,0,0,0,True,True,False,23.919049291578133,-47.59921079701111,3.0259048810540454,3.940875088977339,0.0,0.0,0.0,on,connected,True,synthetic_device_spec_v11
synthetic_customer_005,cabinet_005,2026-08-12 18:50:00+00:00,0,0,0,0,True,True,False,24.12086350494325,-47.28930741015162,3.0317618242278157,3.973323057981552,0.0,0.0,0.02260171109609954,on,connected,True,synthetic_device_spec_v11
synthetic_customer_005,cabinet_005,2026-08-12 19:00:00+00:00,0,0,0,0,True,True,False,23.89644037845535,-47.89016275087541,3.035827839405509,4.0426852901478245,0.0,0.014727674201713082,0.0,on,connected,True,synthetic_device_spec_v11
synthetic_customer_005,cabinet_005,2026-08-12 19:10:00+00:00,0,0,0,0,True,True,False,24.09380260777744,-49.43297998636955,2.984582491893314,4.05488846299635,0.943771572890849,0.0,0.0,on,connected,True,synthetic_device_spec_v11
synthetic_customer_005,cabinet_005,2026-08-12 19:20:00+00:00,0,0,0,0,True,True,False,23.860435489551215,-47.60395530841328,3.0274093920170864,3.97601366597867,0.03307461558377488,0.0,0.0008428301622206621,on,connected,True,synthetic_device_spec_v11
synthetic_customer_005,cabinet_005,2026-08-12 19:30:00+00:00,0,0,0,0,True,True,False,24.10818163877792,-48.317078321131476,3.0284947916940244,3.9337762980414532,0.0,0.0,0.0,on,connected,True,synthetic_device_spec_v11
synthetic_customer_005,cabinet_005,2026-08-12 19:40:00+00:00,0,0,0,0,True,True,False,23.79694824857575,-47.256874921305666,3.0341078871792715,4.018637727825618,0.0,0.0,0.0,on,connected,True,synthetic_device_spec_v11
synthetic_customer_005,cabinet_005,2026-08-12 19:50:00+00:00,0,0,0,0,True,True,False,23.89726859115855,-47.938487686659435,2.9977429677956438,4.065425405476583,0.0,0.02156294651305615,0.0,on,connected,True,synthetic_device_spec_v11
synthetic_customer_005,cabinet_005,2026-08-12 20:00:00+00:00,0,0,0,0,True,True,False,23.85337762967928,-49.32693867666057,3.0059060356245104,4.0399431205730405,0.0,0.0173036800608458,0.011766278727939254,on,connected,True,synthetic_device_spec_v11
synthetic_customer_005,cabinet_005,2026-08-12 20:10:00+00:00,0,0,0,0,True,True,False,24.114847958497634,-46.75497810752022,2.9628532313005604,3.9773962040094357,0.2053988126775502,0.020497407929859518,0.0,on,connected,True,synthetic_device_spec_v11
synthetic_customer_005,cabinet_005,2026-08-12 20:20:00+00:00,0,0,0,0,True,True,False,23.96606838694526,-49.01245844725758,3.023283194584575,3.9875794481928324,0.1526155535107831,0.0,0.0,on,connected,True,synthetic_device_spec_v11
synthetic_customer_005,cabinet_005,2026-08-12 20:30:00+00:00,0,0,0,0,True,True,False,23.97937332510469,-47.32054400290023,2.9853571963420014,4.000208958017153,0.0,0.0545673733102087,0.0,on,connected,True,synthetic_device_spec_v11
synthetic_customer_005,cabinet_005,2026-08-12 20:40:00+00:00,0,0,0,0,True,True,False,23.910835879436313,-47.63648039129734,3.0195952023248718,3.948494406729417,0.0,0.02174517886331654,0.0,on,connected,True,synthetic_device_spec_v11
synthetic_customer_005,cabinet_005,2026-08-12 20:50:00+00:00,0,0,0,0,True,True,False,23.736740433408134,-48.820372513360546,2.9829522969711304,3.913727303823033,0.0,0.0,0.0,on,connected,True,synthetic_device_spec_v11
synthetic_customer_005,cabinet_005,2026-08-12 21:00:00+00:00,0,0,0,0,True,True,False,23.73561764236403,-49.46201282158633,2.997330214109308,3.924437848197497,0.626952024454674,0.0,0.004943817318149718,on,connected,True,synthetic_device_spec_v11
synthetic_customer_005,cabinet_005,2026-08-12 21:10:00+00:00,0,0,0,0,True,True,False,23.986070817007437,-47.70276778330315,2.91757054295651,3.943046862260698,0.5086444066282586,0.0,0.00412109890131406,on,connected,True,synthetic_device_spec_v11
synthetic_customer_005,cabinet_005,2026-08-12 21:20:00+00:00,0,0,0,0,True,True,False,24.055231834932254,-47.381277339391914,3.023868357306863,3.905729251831697,0.2738886318075492,0.0038666518278845847,0.0,on,connected,True,synthetic_device_spec_v11
synthetic_customer_005,cabinet_005,2026-08-12 21:30:00+00:00,0,0,0,0,True,True,False,24.284730203622935,-46.41516791579512,3.0074127714542507,3.9796402040584207,0.0,0.02460283308764853,0.0,on,connected,True,synthetic_device_spec_v11
synthetic_customer_005,cabinet_005,2026-08-12 21:40:00+00:00,0,0,0,0,True,True,False,23.931896377962083,-47.22977939324594,3.098889127117597,4.011764216836458,0.0,0.0,0.012013865881749798,on,connected,True,synthetic_device_spec_v11
synthetic_customer_005,cabinet_005,2026-08-12 21:50:00+00:00,0,0,0,0,True,True,False,23.941223843882852,-49.98407552959156,2.9955123260535865,3.952216083328428,0.6233103120865608,0.0274462125282033,0.0,on,connected,True,synthetic_device_spec_v11
synthetic_customer_005,cabinet_005,2026-08-12 22:00:00+00:00,0,0,0,0,True,True,False,24.142480148007817,-48.035605763553534,3.020197752530983,3.971748723294184,0.4291031132837747,0.0,0.0,on,connected,True,synthetic_device_spec_v11
synthetic_customer_005,cabinet_005,2026-08-12 22:10:00+00:00,0,0,0,0,True,True,False,24.139343505090913,-47.90211321989503,3.0449891133052405,4.085076853984314,0.0,0.04717374001718977,0.0,on,connected,True,synthetic_device_spec_v11
synthetic_customer_005,cabinet_005,2026-08-12 22:20:00+00:00,0,0,0,0,True,True,False,24.04145968892588,-49.41132434556065,3.0225813034904294,4.031603179745916,0.14927814180741938,0.004311167466967268,0.0,on,connected,True,synthetic_device_spec_v11
synthetic_customer_005,cabinet_005,2026-08-12 22:30:00+00:00,0,0,0,0,True,True,False,23.638733580247337,-48.94842434316503,3.0021185317641743,3.953862908968636,0.0,0.0031905008526334766,0.0,on,connected,True,synthetic_device_spec_v11
synthetic_customer_005,cabinet_005,2026-08-12 22:40:00+00:00,0,0,0,0,True,True,False,24.074205381808213,-47.701898912704046,2.963641302492079,3.9912229252668636,0.6530921588942769,0.010254595600567499,0.0,on,connected,True,synthetic_device_spec_v11
synthetic_customer_005,cabinet_005,2026-08-12 22:50:00+00:00,0,0,0,0,True,True,False,23.911222592541314,-49.19457250042467,3.056087934041839,3.857634303729406,0.0,0.02974064232579282,0.022153780591522124,on,connected,True,synthetic_device_spec_v11
synthetic_customer_005,cabinet_005,2026-08-12 23:00:00+00:00,0,0,0,0,True,True,False,24.037496556733203,-47.82459654318405,3.089502517241844,4.037261064736839,0.0,0.00676475474427441,0.01686154763404281,on,connected,True,synthetic_device_spec_v11
synthetic_customer_005,cabinet_005,2026-08-12 23:10:00+00:00,0,0,0,0,True,True,False,23.93161376902253,-49.59786984302152,2.958518129480944,4.039496769539509,0.0,0.0,0.03374150518881165,on,connected,True,synthetic_device_spec_v11
synthetic_customer_005,cabinet_005,2026-08-12 23:20:00+00:00,0,0,0,0,True,True,False,23.983098245856624,-47.29478281015791,3.042551269174004,4.038857321165776,0.0,0.0,0.0025750902921926424,on,connected,True,synthetic_device_spec_v11
synthetic_customer_005,cabinet_005,2026-08-12 23:30:00+00:00,0,0,0,0,True,True,False,23.932939868526073,-47.77984301249207,2.9605182084162793,4.026851863227173,0.0,0.023115371922048086,0.022854276252366693,on,connected,True,synthetic_device_spec_v11
synthetic_customer_005,cabinet_005,2026-08-12 23:40:00+00:00,0,0,0,0,True,True,False,23.91087998253662,-48.241052818596664,3.0447448659006593,3.989166974501708,0.481049767670922,0.023950931857925777,0.0,on,connected,True,synthetic_device_spec_v11
synthetic_customer_005,cabinet_005,2026-08-12 23:50:00+00:00,0,0,0,0,True,True,False,23.980049430749776,-47.49774948398092,3.0227235416639346,3.968607713305725,0.3534038952166631,0.01715735427823786,0.010701008152843172,on,connected,True,synthetic_device_spec_v11
synthetic_customer_005,cabinet_005,2026-08-13 00:00:00+00:00,0,0,0,0,True,True,False,23.92267355516828,-45.739701350701075,3.029461475373957,3.9612543003484544,0.282326343506124,0.0,0.0,on,connected,True,synthetic_device_spec_v11
synthetic_customer_005,cabinet_005,2026-08-13 00:10:00+00:00,1,1,1,1,True,True,False,24.01014548232493,-48.57071231532492,2.9893652131239987,3.9981086996340345,0.0,0.0,0.0,on,connected,True,synthetic_device_spec_v11
synthetic_customer_005,cabinet_005,2026-08-13 00:20:00+00:00,1,1,1,1,True,True,False,23.88214660379414,-47.561577063772624,2.9969093201436827,3.9510483464226525,0.17708892902413692,0.0,0.04063215849981933,on,connected,True,synthetic_device_spec_v11
synthetic_customer_005,cabinet_005,2026-08-13 00:30:00+00:00,1,1,1,1,True,True,False,23.812385627975626,-47.56285221693791,3.0233930440313337,3.9717733572950444,0.5341629380066948,0.0,0.0,on,connected,True,synthetic_device_spec_v11
synthetic_customer_005,cabinet_005,2026-08-13 00:40:00+00:00,0,0,0,0,True,True,False,24.25642547688439,-46.19289508010494,3.082708168035296,3.9833396136080985,0.0,0.017746296928427024,0.0,on,connected,True,synthetic_device_spec_v11
synthetic_customer_005,cabinet_005,2026-08-13 00:50:00+00:00,0,0,0,0,True,True,False,24.215827394933388,-46.42601398300543,2.970243787939521,4.0657112175749495,0.49409517284379517,0.017197122587522706,0.007592557381191359,on,connected,True,synthetic_device_spec_v11
synthetic_customer_005,cabinet_005,2026-08-13 01:00:00+00:00,0,0,0,0,True,True,False,24.12693140412738,-47.365174086156685,2.9534408897502384,3.971189816288343,0.0,0.011549842162019147,0.025293800423204654,on,connected,True,synthetic_device_spec_v11
synthetic_customer_005,cabinet_005,2026-08-13 01:10:00+00:00,0,0,0,0,True,True,False,23.840232884101674,-49.017852315812206,2.951121497430674,3.9590685030007347,0.8109381498900374,0.05251933103896122,0.0,on,connected,True,synthetic_device_spec_v11
synthetic_customer_005,cabinet_005,2026-08-13 01:20:00+00:00,0,0,0,0,True,True,False,24.13058478619373,-49.282699950274456,3.033293354001131,3.995934462954603,0.0,0.012107264550860202,0.0,on,connected,True,synthetic_device_spec_v11
synthetic_customer_005,cabinet_005,2026-08-13 01:30:00+00:00,0,0,0,0,True,True,False,23.90553046278508,-49.04555206050587,2.9828935748847902,3.957586761584807,0.21371792619421362,0.03169717581982895,0.020049566437800852,on,connected,True,synthetic_device_spec_v11
synthetic_customer_005,cabinet_005,2026-08-13 01:40:00+00:00,0,0,0,0,True,True,False,23.983418306874086,-50.666175690211695,3.1018750871344096,4.0165334313132295,0.0,0.005399719841083183,0.0,on,connected,True,synthetic_device_spec_v11
synthetic_customer_005,cabinet_005,2026-08-13 01:50:00+00:00,0,0,0,0,True,True,False,24.122277052079895,-51.52999330529546,2.9617774971944293,3.9514827757295112,0.4127151160885774,0.047227241228653224,0.014977320061779736,on,connected,True,synthetic_device_spec_v11
synthetic_customer_005,cabinet_005,2026-08-13 02:00:00+00:00,0,0,0,0,True,True,False,23.967869740432334,-54.72513635851461,2.966265135999975,4.040648618991855,0.22243994976494738,0.15524768328164518,0.0,on,connected,True,synthetic_device_spec_v11
synthetic_customer_005,cabinet_005,2026-08-13 02:10:00+00:00,0,0,0,0,True,True,False,23.958267118880975,-56.537650596863216,2.999836551885776,4.0170766291042845,0.0,0.18007884530174098,0.021891955181159987,on,connected,True,synthetic_device_spec_v11
synthetic_customer_005,cabinet_005,2026-08-13 02:20:00+00:00,0,0,0,0,True,True,False,23.866996447696522,-59.99505073275129,3.0498240248742587,3.988673894413411,0.5342515949366952,0.20837374733422626,0.011734424394822302,on,connected,True,synthetic_device_spec_v11
synthetic_customer_005,cabinet_005,2026-08-13 02:30:00+00:00,0,0,0,0,True,True,False,23.89949664883695,-59.25574858487811,2.9721145106471774,4.075948169034215,1.4229253005348514,0.2259030838687981,0.0,on,connected,True,synthetic_device_spec_v11
synthetic_customer_005,cabinet_005,2026-08-13 02:40:00+00:00,0,0,0,0,True,True,False,24.0637361616702,-64.59499006937068,2.981318800702487,4.0262245996321075,0.0,0.27178248223820645,0.0,on,connected,True,synthetic_device_spec_v11
synthetic_customer_005,cabinet_005,2026-08-13 02:50:00+00:00,0,0,0,0,True,True,False,23.94736908277241,-66.45682368809472,3.002965368181147,3.96379560820695,0.13821564978280096,0.3603028924530191,0.0346500797913148,on,connected,True,synthetic_device_spec_v11
synthetic_customer_005,cabinet_005,2026-08-13 03:00:00+00:00,0,0,0,0,True,True,False,23.98242224461773,-67.95522137750231,2.9809535360018504,4.0662507885252825,0.3962519932812879,0.3894518140162515,0.02696791551414432,on,connected,True,synthetic_device_spec_v11
synthetic_customer_005,cabinet_005,2026-08-13 03:10:00+00:00,0,0,0,0,True,True,False,23.79790260441499,-72.04312065837517,2.9312112556643135,4.088248749763888,0.0,0.4313549315306194,0.0,on,connected,True,synthetic_device_spec_v11
synthetic_customer_005,cabinet_005,2026-08-13 03:20:00+00:00,0,0,0,0,True,True,False,23.793538421341204,-73.45550386998586,3.057524405480992,3.9786323877751277,1.171276367947459,0.4590061493732418,0.0,on,connected,True,synthetic_device_spec_v11
synthetic_customer_005,cabinet_005,2026-08-13 03:30:00+00:00,0,0,0,0,True,True,False,24.090835640020735,-76.16943268121511,3.0365283095234896,4.049909655282472,0.5354383700352102,0.5347687830122796,0.0,on,connected,True,synthetic_device_spec_v11
synthetic_customer_005,cabinet_005,2026-08-13 03:40:00+00:00,0,0,0,0,True,True,False,23.96061907923536,-80.92921284236031,2.987748442345204,3.8700409934505435,0.5052906373363493,0.5687043340674375,0.0,on,connected,True,synthetic_device_spec_v11
synthetic_customer_005,cabinet_005,2026-08-13 03:50:00+00:00,0,0,0,0,True,True,False,23.926146043362035,-82.04917722330855,2.9771136801486815,3.9259665751351416,0.9129188215868433,0.6095010836161371,0.0,on,connected,True,synthetic_device_spec_v11
synthetic_customer_005,cabinet_005,2026-08-13 04:00:00+00:00,0,0,0,0,True,True,False,23.929535222878844,-83.2237844208165,3.0043129294641835,4.067523931596769,2.2938015469008386,0.6519788520854425,0.0,on,connected,True,synthetic_device_spec_v11
synthetic_customer_005,cabinet_005,2026-08-13 05:10:00+00:00,0,0,0,0,True,True,False,24.145307465446734,-47.66485734707928,2.9778913065212858,4.038376782990282,15.260231850632955,0.0,0.0,on,connected,True,synthetic_device_spec_v11
synthetic_customer_005,cabinet_005,2026-08-13 05:20:00+00:00,0,0,0,0,True,True,False,23.98808323969752,-47.126495618337955,2.9770512587808398,3.9714311327812504,15.401538367900233,0.0,0.0,on,connected,True,synthetic_device_spec_v11
synthetic_customer_005,cabinet_005,2026-08-13 05:30:00+00:00,0,0,0,0,True,True,False,24.06364965975471,-47.87658165712558,3.093033664487708,3.892044113150239,18.80525695723966,0.0,0.0,on,connected,True,synthetic_device_spec_v11
synthetic_customer_005,cabinet_005,2026-08-13 05:40:00+00:00,0,0,0,0,True,True,False,23.860621908502385,-46.682297754250214,2.979351951268634,3.9852668613637,19.624919383081494,0.0,0.0,on,connected,True,synthetic_device_spec_v11
synthetic_customer_005,cabinet_005,2026-08-13 05:50:00+00:00,0,0,0,0,True,True,False,24.140557347813026,-46.83683371272719,3.023766031320934,3.978425870249727,21.64804353819306,0.01817215860400639,0.0,on,connected,True,synthetic_device_spec_v11
synthetic_customer_005,cabinet_005,2026-08-13 06:00:00+00:00,0,0,0,0,True,True,False,24.06958909774763,-47.98362036368793,3.010667593269269,3.903648560747746,23.003300161388726,0.0,0.010672577364664017,on,connected,True,synthetic_device_spec_v11
synthetic_customer_005,cabinet_005,2026-08-13 06:10:00+00:00,1,1,1,1,True,True,False,23.76418249493531,-47.927130286502354,2.988728542430967,4.020698708040099,25.023608874986113,0.0,0.0005338529782755233,on,connected,True,synthetic_device_spec_v11
synthetic_customer_005,cabinet_005,2026-08-13 06:20:00+00:00,1,1,1,1,True,True,False,24.104059844397156,-48.15888444554445,3.0215359210411235,4.093520895300498,25.578888958647607,0.012752631958397181,0.0,on,connected,True,synthetic_device_spec_v11
synthetic_customer_005,cabinet_005,2026-08-13 06:30:00+00:00,1,1,1,1,True,True,False,23.955750596979694,-47.386420558230476,2.9955943849960356,4.0619367131324315,25.21223801633289,0.017899786856192305,0.0020987869202759727,on,connected,True,synthetic_device_spec_v11
synthetic_customer_005,cabinet_005,2026-08-13 06:40:00+00:00,0,0,0,0,True,True,False,24.178916289576392,-49.150708994503475,2.9915591549363816,3.9633537711669082,25.545537036516375,0.0,0.02184448892715753,on,connected,True,synthetic_device_spec_v11
synthetic_customer_005,cabinet_005,2026-08-13 06:50:00+00:00,0,0,0,0,True,True,False,24.134749127737358,-47.46064042979728,3.025660007259837,3.9538791884125537,25.419985915650226,0.048033763999268786,0.029869963840308215,on,connected,True,synthetic_device_spec_v11
synthetic_customer_005,cabinet_005,2026-08-13 07:00:00+00:00,0,0,0,0,True,True,False,23.852840498782772,-47.69063086321605,2.974693109078583,4.044700146138972,0.0,0.0,0.0,on,connected,True,synthetic_device_spec_v11
synthetic_customer_005,cabinet_005,2026-08-13 07:10:00+00:00,0,0,0,0,True,True,False,23.859993536341015,-46.711163981412966,2.971065901316391,4.066104151053808,0.3709916771211255,0.0022078740118044254,0.0,on,connected,True,synthetic_device_spec_v11
synthetic_customer_005,cabinet_005,2026-08-13 07:20:00+00:00,0,0,0,0,True,True,False,23.94757216688889,-47.65486759610855,3.0089734015507092,4.0475481862987035,0.0,0.0,0.04818617567160205,on,connected,True,synthetic_device_spec_v11
synthetic_customer_005,cabinet_005,2026-08-13 07:30:00+00:00,0,0,0,0,True,True,False,24.270007509017105,-48.02972580245535,2.9525919161378096,4.007628302084359,0.0,0.01701532808113612,0.0,on,connected,True,synthetic_device_spec_v11
synthetic_customer_005,cabinet_005,2026-08-13 07:40:00+00:00,0,0,0,0,True,True,False,23.89913479643443,-47.56689222974454,2.835806744689368,4.017746643723166,0.0,0.0,0.0,on,connected,True,synthetic_device_spec_v11
synthetic_customer_005,cabinet_005,2026-08-13 07:50:00+00:00,0,0,0,0,True,True,False,23.698855139136363,-46.87857768684714,2.820640102025511,3.959239577615935,0.0,0.0,0.0007532781914390029,on,connected,True,synthetic_device_spec_v11
synthetic_customer_005,cabinet_005,2026-08-13 08:00:00+00:00,0,0,0,0,True,True,False,23.889516139160513,-45.7969058502542,2.755507570482745,3.899713041815983,0.1342205328154759,0.0,0.0,on,connected,True,synthetic_device_spec_v11
synthetic_customer_005,cabinet_005,2026-08-13 08:10:00+00:00,0,0,0,0,True,True,False,23.97368802242218,-48.10720695639963,2.788621217076944,3.969038570989443,0.2654014579214712,0.0,0.012780143298017202,on,connected,True,synthetic_device_spec_v11
synthetic_customer_005,cabinet_005,2026-08-13 08:20:00+00:00,0,0,0,0,True,True,False,23.751409614575085,-47.32381874862437,2.6527344707954437,4.096893723787522,0.0,0.02903451234382369,0.012434114226307266,on,connected,True,synthetic_device_spec_v11
synthetic_customer_005,cabinet_005,2026-08-13 08:30:00+00:00,0,0,0,0,True,True,False,24.264029435967462,-45.04343184958116,2.7003991260599367,3.9550304659084814,0.0,0.0,0.007441770768588078,on,connected,True,synthetic_device_spec_v11
synthetic_customer_005,cabinet_005,2026-08-13 08:40:00+00:00,0,0,0,0,True,True,False,24.15034709219249,-47.940848269949015,2.6443180933250505,4.01147425155458,0.4180009976907757,0.02160115134389827,0.0,on,connected,True,synthetic_device_spec_v11
synthetic_customer_005,cabinet_005,2026-08-13 08:50:00+00:00,0,0,0,0,True,True,False,23.994482596498305,-48.64795410984298,2.5656234374468556,4.001663973153715,0.0,0.0,0.0472725113850007,on,connected,True,synthetic_device_spec_v11
synthetic_customer_005,cabinet_005,2026-08-13 09:00:00+00:00,0,0,0,0,True,True,False,23.907337838848544,-46.15915271451353,2.629414239126277,4.022197711901898,0.0,0.001892551521996138,0.0,on,connected,True,synthetic_device_spec_v11
synthetic_customer_005,cabinet_005,2026-08-13 09:10:00+00:00,0,0,0,0,True,True,False,24.122618392731365,-46.905642964491335,2.5106517194665656,4.081588672195464,0.18479762708417308,0.018787854335748838,0.0010713357551683361,on,connected,True,synthetic_device_spec_v11
synthetic_customer_005,cabinet_005,2026-08-13 09:20:00+00:00,0,0,0,0,True,True,False,24.10356256877129,-47.49891804405595,2.5736919134824254,4.023154972663912,0.0,0.006847478577560464,0.0,on,connected,True,synthetic_device_spec_v11
synthetic_customer_005,cabinet_005,2026-08-13 09:30:00+00:00,0,0,0,0,True,True,False,24.052305565269876,-47.783676616701676,2.400555963005357,4.1328968378559985,0.0,0.0,0.014108657189667303,on,connected,True,synthetic_device_spec_v11
synthetic_customer_005,cabinet_005,2026-08-13 09:40:00+00:00,0,0,0,0,True,True,False,24.13122556069091,-48.35365959191466,2.285274964721451,3.9823815504675624,0.0,0.020928870451113534,0.011087476649751935,on,connected,True,synthetic_device_spec_v11
synthetic_customer_005,cabinet_005,2026-08-13 09:50:00+00:00,0,0,0,0,True,True,False,23.901573306841197,-48.31438899000671,2.3969492374712495,4.059170667735375,0.5649872207931188,0.0,0.0,on,connected,True,synthetic_device_spec_v11
synthetic_customer_005,cabinet_005,2026-08-13 10:00:00+00:00,0,0,0,0,True,True,False,24.061555923560835,-47.50304541231603,2.3561064870139976,4.073218793433454,0.0,0.007636768102319807,0.0,on,connected,True,synthetic_device_spec_v11
synthetic_customer_005,cabinet_005,2026-08-13 10:10:00+00:00,0,0,0,0,True,True,False,23.971772266964056,-48.29067570150698,2.298094808462841,4.067911334299094,0.21929504545846518,0.042721240684268615,0.032997596619266885,on,connected,True,synthetic_device_spec_v11
synthetic_customer_005,cabinet_005,2026-08-13 10:20:00+00:00,0,0,0,0,True,True,False,24.25561852808442,-46.391439964122874,2.2407408624787584,3.9322073696243542,0.0,0.0,0.008266018155946908,on,connected,True,synthetic_device_spec_v11
synthetic_customer_005,cabinet_005,2026-08-13 10:30:00+00:00,0,0,0,0,True,True,False,23.955279735773125,-48.53087547771114,2.243827590866412,4.0101509137132245,0.0,0.0,0.0,on,connected,True,synthetic_device_spec_v11
synthetic_customer_005,cabinet_005,2026-08-13 10:40:00+00:00,0,0,0,0,True,True,False,24.065623042039157,-47.10337721260353,2.1628786593248193,3.8981977253589797,0.4500369975849688,0.0,0.0,on,connected,True,synthetic_device_spec_v11
synthetic_customer_005,cabinet_005,2026-08-13 10:50:00+00:00,0,0,0,0,True,True,False,23.95715401543096,-45.672232559955724,2.2253010858290008,3.992804712393378,0.0,0.0,0.04194412842378745,on,connected,True,synthetic_device_spec_v11
synthetic_customer_005,cabinet_005,2026-08-13 11:00:00+00:00,0,0,0,0,True,True,False,24.024537923910977,-47.17851713356447,2.1969254041691357,4.036631267610535,0.0,0.03610130194967154,0.0,on,connected,True,synthetic_device_spec_v11
synthetic_customer_005,cabinet_005,2026-08-13 11:10:00+00:00,0,0,0,0,True,True,False,24.04761019322357,-46.95102953835395,2.179238170230098,4.057409748621346,0.5626074757589121,0.0024987794563272833,0.03135891394454918,on,connected,True,synthetic_device_spec_v11
synthetic_customer_005,cabinet_005,2026-08-13 11:20:00+00:00,0,0,0,0,True,True,False,24.166610354950112,-48.36385468237309,3.0023306866831305,4.061394048996024,0.32754425007463156,0.0008273965154096822,0.036312355208053,on,connected,True,synthetic_device_spec_v11
synthetic_customer_005,cabinet_005,2026-08-13 11:30:00+00:00,0,0,0,0,True,True,False,23.907135398406268,-47.133992440976414,2.9639807572421426,4.2425314285827564,0.0,0.0,0.03990086873376891,on,connected,True,synthetic_device_spec_v11
synthetic_customer_005,cabinet_005,2026-08-13 11:40:00+00:00,0,0,0,0,True,True,False,23.997673773143482,-45.42398909097285,3.033481191193452,4.585799135013116,0.4069148044694166,0.0,0.09885977013019062,on,connected,True,synthetic_device_spec_v11
synthetic_customer_005,cabinet_005,2026-08-13 11:50:00+00:00,0,0,0,0,True,True,False,24.009438884757124,-48.94908338787538,3.05049024826181,4.691521486461584,0.0,0.0,0.12194829751947833,on,connected,True,synthetic_device_spec_v11
synthetic_customer_005,cabinet_005,2026-08-13 12:00:00+00:00,0,0,0,0,True,True,False,24.210718720733574,-48.3599747253161,2.984539167160214,4.939415597597496,0.3002751566582483,0.0,0.1617658194475763,on,connected,True,synthetic_device_spec_v11
synthetic_customer_005,cabinet_005,2026-08-13 12:10:00+00:00,1,1,1,1,True,True,False,23.709153960629184,-48.78480090147191,3.0279648871953477,5.125448702784736,0.35365347043255724,0.004637777870727145,0.1312388093037811,on,connected,True,synthetic_device_spec_v11
synthetic_customer_005,cabinet_005,2026-08-13 12:20:00+00:00,1,1,1,1,True,True,False,24.040873520249686,-48.3834155474523,3.0029118355660716,5.286483344636295,0.3352532884354313,0.005871296493065033,0.18830813704130547,on,connected,True,synthetic_device_spec_v11
synthetic_customer_005,cabinet_005,2026-08-13 12:30:00+00:00,1,1,1,1,True,True,False,23.750612548986638,-46.39251600947747,3.0396756916011918,5.64640877929858,0.0,0.0,0.21741809003857449,on,connected,True,synthetic_device_spec_v11
synthetic_customer_005,cabinet_005,2026-08-13 12:40:00+00:00,0,0,0,0,True,True,False,23.264658802683147,-47.479338759418695,3.005245831823066,5.854998634444645,0.029472781049470275,0.045497377936449895,0.22161656923617473,on,connected,True,synthetic_device_spec_v11
synthetic_customer_005,cabinet_005,2026-08-13 12:50:00+00:00,0,0,0,0,True,True,False,22.620558385102505,-48.21840819188508,2.9229425130577975,6.017400855159243,0.0,0.0,0.2420180348732864,on,connected,True,synthetic_device_spec_v11
synthetic_customer_005,cabinet_005,2026-08-13 13:00:00+00:00,0,0,0,0,True,True,False,22.26895186480073,-49.01606617914046,3.0402224497197103,6.314222407147737,0.0,0.004457455695412354,0.34404451404715297,on,connected,True,synthetic_device_spec_v11
synthetic_customer_005,cabinet_005,2026-08-13 13:10:00+00:00,0,0,0,0,True,True,False,22.064533912922347,-48.32122627340883,3.007400415414822,6.3115408510568,0.7116139355074034,0.0,0.3173091001509725,on,connected,True,synthetic_device_spec_v11
synthetic_customer_005,cabinet_005,2026-08-13 13:20:00+00:00,0,0,0,0,True,True,False,21.749727837507397,-46.64427485599479,3.018645030685823,6.634891787018567,0.3384162862276867,0.010450352306736879,0.3244389855475304,on,connected,True,synthetic_device_spec_v11
synthetic_customer_005,cabinet_005,2026-08-13 13:30:00+00:00,0,0,0,0,True,True,False,20.947108031671586,-47.90612551422724,3.0467231023071895,6.847620391476928,0.25129413697644143,0.003723881625810509,0.33557020640216445,on,connected,True,synthetic_device_spec_v11
synthetic_customer_005,cabinet_005,2026-08-13 13:40:00+00:00,0,0,0,0,True,True,False,20.44303763174401,-48.80439006965586,2.9493944390124027,6.894235678399093,0.0,0.0036632598863173163,0.37860256075957055,on,connected,True,synthetic_device_spec_v11
synthetic_customer_005,cabinet_005,2026-08-13 13:50:00+00:00,0,0,0,0,True,True,False,19.997556735871743,-49.267515286758744,2.9069392762876682,7.083951861937819,0.3489311154258306,0.05184216646938396,0.39928389549027754,on,connected,True,synthetic_device_spec_v11
synthetic_customer_005,cabinet_005,2026-08-13 14:00:00+00:00,0,0,0,0,True,True,False,19.792342632364306,-49.324883491970965,2.975981437864051,6.887476516269175,0.0,0.04079330691071612,0.41711818808946166,on,connected,True,synthetic_device_spec_v11
synthetic_customer_005,cabinet_005,2026-08-13 14:10:00+00:00,0,0,0,0,True,True,False,19.199074153460696,-46.832919764650974,3.043502630502925,7.011947624071075,0.6344201674921275,0.0,0.42349111426636166,on,connected,True,synthetic_device_spec_v11
synthetic_customer_005,cabinet_005,2026-08-13 14:20:00+00:00,0,0,0,0,True,True,False,18.6964446983123,-47.79788751537388,3.0755135527582453,4.023821478087618,0.40675403387176823,0.0,0.0,on,connected,True,synthetic_device_spec_v11
synthetic_customer_005,cabinet_005,2026-08-13 15:00:00+00:00,0,0,0,0,True,True,False,23.824931408397184,-46.94817555014462,2.9804704496189487,4.088830921086888,0.0,0.0,0.0,on,connected,True,synthetic_device_spec_v11
synthetic_customer_005,cabinet_005,2026-08-13 15:10:00+00:00,0,0,0,0,True,True,False,23.837743447469606,-47.36423731079169,2.9528874180029017,4.0039456399427635,0.0,0.005205687830729948,0.0,on,connected,True,synthetic_device_spec_v11
synthetic_customer_005,cabinet_005,2026-08-13 15:20:00+00:00,0,0,0,0,True,True,False,23.918387321808055,-46.60344621743369,3.027478815703306,3.9990049636517777,0.0,0.0,0.0,on,connected,True,synthetic_device_spec_v11
synthetic_customer_005,cabinet_005,2026-08-13 15:30:00+00:00,0,0,0,0,True,True,False,24.19016576044786,-45.98662037749285,2.9407222461144613,4.057676392351247,0.21053373160828617,0.0,0.0,on,connected,True,synthetic_device_spec_v11
synthetic_customer_005,cabinet_005,2026-08-13 15:40:00+00:00,0,0,0,0,True,True,False,24.08581206965748,-48.16992782156105,3.011999231742691,3.865740869363678,0.0,0.03773083610514925,0.025796266265404856,on,connected,True,synthetic_device_spec_v11
synthetic_customer_005,cabinet_005,2026-08-13 15:50:00+00:00,0,0,0,0,True,True,False,24.009956843986515,-47.19153053837945,3.027595111304273,4.019261482613765,0.779324261062095,0.0,0.03516824703041164,on,connected,True,synthetic_device_spec_v11
synthetic_customer_005,cabinet_005,2026-08-13 16:00:00+00:00,0,0,0,0,True,True,False,24.09782795570133,-47.01284853938484,2.9457690811530552,4.079439932189212,0.0,0.0,0.014788311979845956,on,connected,True,synthetic_device_spec_v11
synthetic_customer_005,cabinet_005,2026-08-13 16:10:00+00:00,0,0,0,0,True,True,False,23.98669985493281,-47.34866743793135,2.961324166883416,3.887161875511954,0.0,0.0,0.04285158303600619,on,connected,True,synthetic_device_spec_v11
synthetic_customer_005,cabinet_005,2026-08-13 16:20:00+00:00,0,0,0,0,True,True,False,24.02995417505168,-48.944974595003394,2.9951233112135704,4.017430851728767,0.7756374671317013,0.001980522617248436,0.0,on,connected,True,synthetic_device_spec_v11
synthetic_customer_005,cabinet_005,2026-08-13 16:30:00+00:00,0,0,0,0,True,True,False,24.024521546439015,-47.293451832484784,3.008678498576291,4.04171470338417,0.12609931472856187,0.0,0.0,on,connected,True,synthetic_device_spec_v11
synthetic_customer_005,cabinet_005,2026-08-13 16:40:00+00:00,0,0,0,0,True,True,False,23.87910119513875,-45.96737831939734,3.028270793850457,4.01695193453122,0.11281334429392208,0.010420202610129712,0.0,on,connected,True,synthetic_device_spec_v11
synthetic_customer_005,cabinet_005,2026-08-13 16:50:00+00:00,0,0,0,0,True,True,False,24.159413518834047,-47.93281338190941,2.992501495664818,4.08747865600104,0.3323958812486364,0.0,0.023446731452151193,on,connected,True,synthetic_device_spec_v11
synthetic_customer_005,cabinet_005,2026-08-13 17:00:00+00:00,0,0,0,0,True,True,False,23.864575656127055,-47.8902429622393,3.0696039129486783,3.9997333549754663,0.0,0.05384955532308642,0.0,on,connected,True,synthetic_device_spec_v11
synthetic_customer_005,cabinet_005,2026-08-13 17:10:00+00:00,0,0,0,0,True,True,False,23.82727159849823,-47.1492308064237,3.0199162993940805,3.9709445380340513,0.3533089838836844,0.029760761701231403,0.0,on,connected,True,synthetic_device_spec_v11
synthetic_customer_005,cabinet_005,2026-08-13 17:20:00+00:00,0,0,0,0,True,True,False,24.096955873078215,-49.40723490781821,3.0357465264580528,4.01748366949811,0.8708799378260242,0.0,0.03591470639533705,on,connected,True,synthetic_device_spec_v11
synthetic_customer_005,cabinet_005,2026-08-13 17:30:00+00:00,0,0,0,0,True,True,False,23.946882354131866,-49.088660324330775,2.9447674135160145,4.011473461094677,0.0,0.0001615389059874515,0.01803198344596026,on,connected,True,synthetic_device_spec_v11
synthetic_customer_005,cabinet_005,2026-08-13 17:40:00+00:00,0,0,0,0,True,True,False,24.081113397575468,-47.10469818778965,3.0536041294833582,3.990058684608751,0.0,0.015052561305812909,0.0,on,connected,True,synthetic_device_spec_v11
synthetic_customer_005,cabinet_005,2026-08-13 17:50:00+00:00,0,0,0,0,True,True,False,24.28860066111597,-49.7917447034272,3.0307120717819704,3.9848531040805737,0.0,0.0,0.04154618514338614,on,connected,True,synthetic_device_spec_v11
synthetic_customer_005,cabinet_005,2026-08-13 18:00:00+00:00,0,0,0,0,True,True,False,24.229961255903206,-48.79572473993799,3.0436383727439025,3.950577244479018,0.12468844026434366,0.0,0.0,on,connected,True,synthetic_device_spec_v11
synthetic_customer_005,cabinet_005,2026-08-13 18:10:00+00:00,1,1,1,1,True,True,False,23.957288834340265,-47.94604348186364,3.018188343515176,4.00133089683793,0.11925162388317095,0.01096158744682475,0.013835107401162559,on,connected,True,synthetic_device_spec_v11
synthetic_customer_005,cabinet_005,2026-08-13 18:20:00+00:00,1,1,1,1,True,True,False,24.023371650370166,-47.00475437295043,2.9562884881474822,3.9300956247948613,0.1563536613015535,0.0,0.019941797093367228,on,connected,True,synthetic_device_spec_v11
synthetic_customer_005,cabinet_005,2026-08-13 18:30:00+00:00,1,1,1,1,True,True,False,24.185184589967676,-48.381112533717406,3.056317033513398,4.039074995743788,0.0,0.018645072120322095,0.0,on,connected,True,synthetic_device_spec_v11
synthetic_customer_005,cabinet_005,2026-08-13 18:40:00+00:00,0,0,0,0,True,True,False,23.886438197964004,-48.200252372862536,3.0447348998836046,3.9815998357120943,0.0,0.0069635236692186,0.0,on,connected,True,synthetic_device_spec_v11
synthetic_customer_005,cabinet_005,2026-08-13 18:50:00+00:00,0,0,0,0,True,True,False,23.84677217824853,-50.25396498492479,2.9736386076746766,4.065527978532682,0.15023826775723634,0.0,0.0,on,connected,True,synthetic_device_spec_v11
synthetic_customer_005,cabinet_005,2026-08-13 19:00:00+00:00,0,0,0,0,True,True,False,24.215686972271204,-48.26265967867927,3.0228792507336255,3.952999002027044,0.0,0.0,0.014727586116483853,on,connected,True,synthetic_device_spec_v11
synthetic_customer_005,cabinet_005,2026-08-13 19:10:00+00:00,0,0,0,0,True,True,False,23.912670643319963,-48.550780655033066,2.965998118067437,3.962522277129086,0.3993980184566542,0.0,0.016984963729275934,on,connected,True,synthetic_device_spec_v11
synthetic_customer_005,cabinet_005,2026-08-13 19:20:00+00:00,0,0,0,0,True,True,False,23.756273122440277,-47.39410120721427,3.0153308321702608,3.9506090091287382,0.17790808133523325,0.01568581760379005,8.927567802542687e-05,on,connected,True,synthetic_device_spec_v11
synthetic_customer_005,cabinet_005,2026-08-13 19:30:00+00:00,0,0,0,0,True,True,False,24.341772914498268,-48.03175425551307,3.080942499323601,3.9947504895466066,0.0,0.0,0.0,on,connected,True,synthetic_device_spec_v11
synthetic_customer_005,cabinet_005,2026-08-13 19:40:00+00:00,0,0,0,0,True,True,False,24.157661640405845,-46.736874080903156,2.9970512760941546,3.882797586824857,0.6295512401618767,0.0,0.0024133800194168463,on,connected,True,synthetic_device_spec_v11
synthetic_customer_005,cabinet_005,2026-08-13 19:50:00+00:00,0,0,0,0,True,True,False,24.002103836891685,-46.131028011306164,3.040668014331843,4.163038196826925,0.16799791709406983,0.0169671597632045,0.06261236973637634,on,connected,True,synthetic_device_spec_v11
synthetic_customer_005,cabinet_005,2026-08-13 20:00:00+00:00,0,0,0,0,True,True,False,24.169465938179023,-47.24644149942109,2.9917908850736126,3.9627708816704117,0.0,0.0,0.03183041365534773,on,connected,True,synthetic_device_spec_v11
synthetic_customer_005,cabinet_005,2026-08-13 20:10:00+00:00,0,0,0,0,True,True,False,23.857282303122894,-49.39205400194527,3.0103018255386775,3.918399181470436,0.0,0.03596109708950642,0.0,on,connected,True,synthetic_device_spec_v11
synthetic_customer_005,cabinet_005,2026-08-13 20:20:00+00:00,0,0,0,0,True,True,False,23.753224655433343,-48.41185224504006,2.9409787363472937,3.9129532418221564,0.0,0.0,0.016826124008663446,on,connected,True,synthetic_device_spec_v11
synthetic_customer_005,cabinet_005,2026-08-13 20:30:00+00:00,0,0,0,0,True,True,False,23.97198819591078,-47.261803878685846,2.982590670799182,3.9901699224327816,0.4543746370827321,0.03035904580173477,0.018838274736401567,on,connected,True,synthetic_device_spec_v11
synthetic_customer_005,cabinet_005,2026-08-13 20:40:00+00:00,0,0,0,0,True,True,False,23.993432852661844,-47.70902248552286,2.977798527160338,3.8876382861535443,0.0,0.03165914414387305,0.03048500784401324,on,connected,True,synthetic_device_spec_v11
synthetic_customer_005,cabinet_005,2026-08-13 20:50:00+00:00,0,0,0,0,True,True,False,24.10532758554614,-49.561985575413,2.9431230743878634,4.0250877761660275,0.0,0.009992232772497115,0.0,on,connected,True,synthetic_device_spec_v11
synthetic_customer_005,cabinet_005,2026-08-13 21:00:00+00:00,0,0,0,0,True,True,False,23.998407651243383,-48.40307401491488,2.9792744811580305,3.947830722716905,0.37684684453480144,0.0,0.00906395331703184,on,connected,True,synthetic_device_spec_v11
synthetic_customer_005,cabinet_005,2026-08-13 21:10:00+00:00,0,0,0,0,True,True,False,24.199752732832692,-48.89836005039067,3.0445117761487612,4.138140023434783,0.0,0.025262140254889598,0.0,on,connected,True,synthetic_device_spec_v11
synthetic_customer_005,cabinet_005,2026-08-13 21:20:00+00:00,0,0,0,0,True,True,False,23.957963234483376,-47.487022694219384,2.963291354889797,4.003451104092474,1.393173460819791,0.0,0.02376275809366317,on,connected,True,synthetic_device_spec_v11
synthetic_customer_005,cabinet_005,2026-08-13 21:30:00+00:00,0,0,0,0,True,True,False,23.860599993336184,-47.687928063823854,2.9765610594736245,4.122575917808077,0.11550592954309405,0.0,0.0,on,connected,True,synthetic_device_spec_v11
synthetic_customer_005,cabinet_005,2026-08-13 21:40:00+00:00,0,0,0,0,True,True,False,24.264629718733968,-47.29064297939494,2.9813311973076857,4.120704137545062,0.0,0.0,0.0,on,connected,True,synthetic_device_spec_v11
synthetic_customer_005,cabinet_005,2026-08-13 21:50:00+00:00,0,0,0,0,True,True,False,24.132798704471345,-48.60788884764004,2.9875247387311266,4.0439336033967574,0.4252756038484186,0.0,0.007861056658596745,on,connected,True,synthetic_device_spec_v11
synthetic_customer_005,cabinet_005,2026-08-13 22:00:00+00:00,0,0,0,0,True,True,False,24.013143241554378,-48.83692183065385,3.027728427227885,3.9808364090047563,0.44130434365578647,0.00904851314585009,0.0,on,connected,True,synthetic_device_spec_v11
synthetic_customer_005,cabinet_005,2026-08-13 22:10:00+00:00,0,0,0,0,True,True,False,23.8789708389516,-49.1982699724727,2.991671851523981,4.041054998611822,0.08437799096001596,0.0,0.01620867353688469,on,connected,True,synthetic_device_spec_v11
synthetic_customer_005,cabinet_005,2026-08-13 22:20:00+00:00,0,0,0,0,True,True,False,24.08565072460983,-46.818166599682854,2.982304827999022,3.9165561818143066,0.0,0.0,0.014237162393984122,on,connected,True,synthetic_device_spec_v11
synthetic_customer_005,cabinet_005,2026-08-13 22:30:00+00:00,0,0,0,0,True,True,False,24.012626474351382,-47.769808187173304,3.006789707864453,3.9642760212812935,0.0,0.0,0.0,on,connected,True,synthetic_device_spec_v11
synthetic_customer_005,cabinet_005,2026-08-13 22:40:00+00:00,0,0,0,0,True,True,False,24.032660776448566,-49.00916588345116,2.9859409236243453,3.9854415894414226,0.10486246602889819,0.0,0.030174106412192314,on,connected,True,synthetic_device_spec_v11
synthetic_customer_005,cabinet_005,2026-08-13 22:50:00+00:00,0,0,0,0,True,True,False,23.968588464197,-47.66416760420731,2.9657581085617495,3.9747942904616034,0.09945544680963007,0.0037599570834265027,0.011890929118329934,on,connected,True,synthetic_device_spec_v11
synthetic_customer_005,cabinet_005,2026-08-13 23:00:00+00:00,0,0,0,0,True,True,False,24.066218706342724,-47.76628028169416,3.003983544059077,4.102752819181655,0.0,0.0012460363421973692,0.0,on,connected,True,synthetic_device_spec_v11
synthetic_customer_005,cabinet_005,2026-08-13 23:10:00+00:00,0,0,0,0,True,True,False,23.938938434134013,-48.224989495515445,2.9830281308881728,3.9776494447688315,0.0,0.007175899647271467,0.024168927792708628,on,connected,True,synthetic_device_spec_v11
synthetic_customer_005,cabinet_005,2026-08-13 23:20:00+00:00,0,0,0,0,True,True,False,23.73463667330521,-47.18198216774134,3.060790666678355,3.9879612705887157,0.0973248499757594,0.02184729891025547,0.0,on,connected,True,synthetic_device_spec_v11
synthetic_customer_005,cabinet_005,2026-08-13 23:30:00+00:00,0,0,0,0,True,True,False,24.108540559490653,-47.56769510016501,2.9483916507648606,3.893890556888336,0.670713524711347,0.0,0.001912754232327332,on,connected,True,synthetic_device_spec_v11
synthetic_customer_005,cabinet_005,2026-08-13 23:40:00+00:00,0,0,0,0,True,True,False,23.994846887433436,-50.57023292523834,2.992176341002198,3.9632834559935386,0.38147112708533587,0.056306418143713205,0.0,on,connected,True,synthetic_device_spec_v11
synthetic_customer_005,cabinet_005,2026-08-13 23:50:00+00:00,0,0,0,0,True,True,False,23.871583686965003,-48.54226027341573,3.0143338114674028,3.999734854055134,0.29632470641068914,0.0,0.006339827405226081,on,connected,True,synthetic_device_spec_v11
synthetic_customer_005,cabinet_005,2026-08-14 00:00:00+00:00,0,0,0,0,True,True,False,24.087449058203415,-47.92041336200845,2.9816605677322268,4.022933137732896,0.0,0.0,0.03878927343110289,on,connected,True,synthetic_device_spec_v11
synthetic_customer_005,cabinet_005,2026-08-14 00:10:00+00:00,1,1,1,1,True,True,False,23.871324356096917,-49.448960097455625,3.017227430725614,3.978872990798683,0.0,0.0,0.0,on,connected,True,synthetic_device_spec_v11
synthetic_customer_005,cabinet_005,2026-08-14 00:20:00+00:00,1,1,1,1,True,True,False,24.128344846958914,-47.47829258830839,3.0051860723965698,4.015157588852615,0.014579126314616024,0.0,0.0,on,connected,True,synthetic_device_spec_v11
synthetic_customer_005,cabinet_005,2026-08-14 00:30:00+00:00,1,1,1,1,True,True,False,24.123810450801837,-46.07992175557317,3.0083962011383414,3.9314212849811603,0.0,0.06882697524471675,0.0016810352412523237,on,connected,True,synthetic_device_spec_v11
synthetic_customer_005,cabinet_005,2026-08-14 00:40:00+00:00,0,0,0,0,True,True,False,24.168224852178366,-47.19402319308537,3.0233011604226045,4.041587617894386,0.0,0.0,0.0,on,connected,True,synthetic_device_spec_v11
synthetic_customer_005,cabinet_005,2026-08-14 00:50:00+00:00,0,0,0,0,True,True,False,23.868677132293154,-48.98707961923342,3.0208089905405258,3.9141532452169128,0.0,0.0,0.0,on,connected,True,synthetic_device_spec_v11
synthetic_customer_005,cabinet_005,2026-08-14 01:00:00+00:00,0,0,0,0,True,True,False,24.06931598420441,-47.59419554818692,2.991382710251741,4.006834193971838,0.66731215461018,0.06400357689775521,0.017616139687307075,on,connected,True,synthetic_device_spec_v11
synthetic_customer_005,cabinet_005,2026-08-14 01:10:00+00:00,0,0,0,0,True,True,False,24.09582303342264,-48.48831137429327,3.008862094049804,4.050171830553243,0.12086215618958354,0.0035636912884491247,0.0045974801119298475,on,connected,True,synthetic_device_spec_v11
synthetic_customer_005,cabinet_005,2026-08-14 01:20:00+00:00,0,0,0,0,True,True,False,23.903914038771777,-47.73695267209765,2.963667234205117,4.017038018521737,0.020183341478191535,0.03612291566914967,0.0,on,connected,True,synthetic_device_spec_v11
synthetic_customer_005,cabinet_005,2026-08-14 01:30:00+00:00,0,0,0,0,True,True,False,23.859487707751658,-46.92943295002968,3.0079821830633593,4.065348718453626,0.6782645469574828,0.0,0.0,on,connected,True,synthetic_device_spec_v11
synthetic_customer_005,cabinet_005,2026-08-14 01:40:00+00:00,0,0,0,0,True,True,False,23.837684715196552,-49.7789464024062,3.0410197454431382,3.9923511950698827,0.0,0.020790799957867007,0.0011953904868271862,on,connected,True,synthetic_device_spec_v11
synthetic_customer_005,cabinet_005,2026-08-14 01:50:00+00:00,0,0,0,0,True,True,False,23.97543138956249,-48.16753515647081,3.0097859907918014,3.9686487824932013,0.0,0.0007193656363720968,0.0,on,connected,True,synthetic_device_spec_v11
synthetic_customer_005,cabinet_005,2026-08-14 02:00:00+00:00,0,0,0,0,True,True,False,24.085614216413727,-48.16626981272758,3.010125778618498,4.03600313889118,0.14695721278426654,0.0,0.0,on,connected,True,synthetic_device_spec_v11
synthetic_customer_005,cabinet_005,2026-08-14 02:10:00+00:00,0,0,0,0,True,True,False,23.92069879611354,-48.51432620860618,2.90279144496093,4.0221047945587145,1.2775714327414993,0.0,0.036262809476146796,on,connected,True,synthetic_device_spec_v11
synthetic_customer_005,cabinet_005,2026-08-14 02:20:00+00:00,0,0,0,0,True,True,False,24.054695934636037,-47.97698511054346,2.6663505341963427,4.07721330722441,0.0,0.00963082412998613,0.0,on,connected,True,synthetic_device_spec_v11
synthetic_customer_005,cabinet_005,2026-08-14 02:30:00+00:00,0,0,0,0,True,True,False,23.86024963248624,-48.464757441519275,2.452750542826517,4.039840733837063,0.4025104290076736,0.04237341811917749,0.009514194717799955,on,connected,True,synthetic_device_spec_v11
synthetic_customer_005,cabinet_005,2026-08-14 02:40:00+00:00,0,0,0,0,True,True,False,23.869568225987845,-48.161925339467466,2.306102130816674,3.943917112974784,0.0,0.0,0.034040609289438827,on,connected,True,synthetic_device_spec_v11
synthetic_customer_005,cabinet_005,2026-08-14 02:50:00+00:00,0,0,0,0,True,True,False,24.013379367991384,-46.092546445921336,2.0490443721945897,3.919386902182723,0.6848981349682058,0.013484408781832642,0.0,on,connected,True,synthetic_device_spec_v11
synthetic_customer_005,cabinet_005,2026-08-14 03:00:00+00:00,0,0,0,0,True,True,False,23.950910270384803,-49.25270423733317,1.8501585532174,4.000353891404469,0.21676695633778237,0.0,0.0,on,connected,True,synthetic_device_spec_v11
synthetic_customer_005,cabinet_005,2026-08-14 03:10:00+00:00,0,0,0,0,True,True,False,23.845453118042123,-47.90177350461099,1.6111172586108775,4.035077340044717,0.3600763745341057,0.0,0.0,on,connected,True,synthetic_device_spec_v11
synthetic_customer_005,cabinet_005,2026-08-14 03:20:00+00:00,0,0,0,0,True,True,False,23.8821505405712,-47.14791352344867,1.3504421966376718,4.0644329087834965,0.3367725525448829,0.017776882021025155,0.012983551246888062,on,connected,True,synthetic_device_spec_v11
synthetic_customer_005,cabinet_005,2026-08-14 03:30:00+00:00,0,0,0,0,True,True,False,23.882902454528846,-46.421518079509774,1.2308854058346783,3.903709649486021,0.3977464702274211,0.0,0.0,on,connected,True,synthetic_device_spec_v11
synthetic_customer_005,cabinet_005,2026-08-14 03:40:00+00:00,0,0,0,0,True,True,False,23.95652375603673,-48.17284370082586,1.068719050878995,4.03340257129634,0.3222489176587229,0.0,0.023321587272103955,on,connected,True,synthetic_device_spec_v11
synthetic_customer_005,cabinet_005,2026-08-14 03:50:00+00:00,0,0,0,0,True,True,False,23.848268160850292,-48.698965382311705,1.030160992748951,3.9727419076982167,0.7188270081243952,0.0,0.02244201030610189,on,connected,True,synthetic_device_spec_v11
synthetic_customer_005,cabinet_005,2026-08-14 04:00:00+00:00,0,0,0,0,True,True,False,23.987268839829802,-47.41463913418869,1.106663004737456,4.097918436693129,0.0,0.0,0.050134018583677,on,connected,True,synthetic_device_spec_v11
synthetic_customer_005,cabinet_005,2026-08-14 04:10:00+00:00,0,0,0,0,True,True,False,23.89041091760954,-47.86684682142679,0.9541411559392495,3.9389879622975013,0.0,0.0,0.0031263482174041634,on,connected,True,synthetic_device_spec_v11
synthetic_customer_005,cabinet_005,2026-08-14 04:20:00+00:00,0,0,0,0,True,True,False,24.107384039263184,-49.002055755985296,0.9606032919334003,4.006240708582569,0.5455408044961269,0.0,0.0,on,connected,True,synthetic_device_spec_v11
synthetic_customer_005,cabinet_005,2026-08-14 04:30:00+00:00,0,0,0,0,True,True,False,23.949792500077248,-47.52028128851186,1.0216980607233952,4.097349261446148,0.0,0.0,0.0,on,connected,True,synthetic_device_spec_v11
synthetic_customer_005,cabinet_005,2026-08-14 04:40:00+00:00,0,0,0,0,True,True,False,24.0663485542625,-48.063594785785,0.960308299308879,4.036599511867188,0.21870817906678214,0.0,0.0,on,connected,True,synthetic_device_spec_v11
synthetic_customer_005,cabinet_005,2026-08-14 04:50:00+00:00,0,0,0,0,True,True,False,24.184923376410556,-48.07332579138028,1.01988985477668,4.076240825371303,0.37271668552654624,0.029789830221098608,0.0,on,connected,True,synthetic_device_spec_v11
synthetic_customer_005,cabinet_005,2026-08-14 05:00:00+00:00,0,0,0,0,True,True,False,24.059491968699803,-48.15684401587126,1.0221874903865096,3.9665379045800853,0.0,0.0,0.009259740128163456,on,connected,True,synthetic_device_spec_v11
synthetic_customer_005,cabinet_005,2026-08-14 05:10:00+00:00,0,0,0,0,True,True,False,24.11207322456911,-45.98088473125067,3.009679727238819,4.045496977444732,0.32230698644354483,0.0,0.0,on,connected,True,synthetic_device_spec_v11
synthetic_customer_005,cabinet_005,2026-08-14 05:20:00+00:00,0,0,0,0,True,True,False,24.051429315578567,-48.06287322863021,3.014079812891238,4.018058076396633,0.0,0.01746460103768207,0.0,on,connected,True,synthetic_device_spec_v11
synthetic_customer_005,cabinet_005,2026-08-14 05:30:00+00:00,0,0,0,0,True,True,False,23.74061252567378,-48.15154452422018,3.013334149097195,4.085593195117908,0.0,0.0,0.0,on,connected,True,synthetic_device_spec_v11
synthetic_customer_005,cabinet_005,2026-08-14 05:40:00+00:00,0,0,0,0,True,True,False,23.91659106846646,-50.46917197786578,3.049380596530403,4.019415574123982,0.2665711588574872,0.0071349759530219235,0.0,on,connected,True,synthetic_device_spec_v11
synthetic_customer_005,cabinet_005,2026-08-14 05:50:00+00:00,0,0,0,0,True,True,False,24.105650211105672,-47.32169123892844,3.039489021407153,3.924162416101937,0.0,0.008183465593504023,0.0001765022763872826,on,connected,True,synthetic_device_spec_v11
synthetic_customer_005,cabinet_005,2026-08-14 06:00:00+00:00,0,0,0,0,True,True,False,24.12105684912471,-47.3437885795361,2.987647904912613,3.980226046312991,0.5794752590469995,0.0,0.0,on,connected,True,synthetic_device_spec_v11
synthetic_customer_005,cabinet_005,2026-08-14 06:10:00+00:00,1,1,1,1,True,True,False,23.865028642870996,-48.1326435680302,2.975771330767676,4.034454691532852,0.0,0.0,0.01949262069105431,on,connected,True,synthetic_device_spec_v11
synthetic_customer_005,cabinet_005,2026-08-14 06:20:00+00:00,1,1,1,1,True,True,False,24.102457743037537,-47.95199677843757,3.017695764799645,3.943701886937976,0.0,0.0,0.026096249950892103,on,connected,True,synthetic_device_spec_v11
synthetic_customer_005,cabinet_005,2026-08-14 06:30:00+00:00,1,1,1,1,True,True,False,23.83470688910769,-48.96045060719963,3.069011133847772,3.980464109524087,0.6638795850053721,0.002725062049214729,0.0,on,connected,True,synthetic_device_spec_v11
synthetic_customer_005,cabinet_005,2026-08-14 06:40:00+00:00,0,0,0,0,True,True,False,24.141772800902046,-48.320190458733265,2.978405630067943,3.97430035667199,0.0013182549494595514,0.006415733854696612,0.0004888001179193336,on,connected,True,synthetic_device_spec_v11
synthetic_customer_005,cabinet_005,2026-08-14 06:50:00+00:00,0,0,0,0,True,True,False,23.807948599963296,-46.89963555956811,3.0132488170597966,3.9312208370172987,0.0,0.0,0.0,on,connected,True,synthetic_device_spec_v11
synthetic_customer_005,cabinet_005,2026-08-14 07:00:00+00:00,0,0,0,0,True,True,False,24.0424624814,-48.40016116426807,2.9653164982700235,4.046788358275725,0.0,0.014409571635457653,0.0342681328720054,on,connected,True,synthetic_device_spec_v11
synthetic_customer_005,cabinet_005,2026-08-14 07:10:00+00:00,0,0,0,0,True,True,False,24.216380899810662,-48.26471081003508,3.075933317766586,3.983195579684124,0.0,0.0,0.005680426551192416,on,connected,True,synthetic_device_spec_v11
synthetic_customer_005,cabinet_005,2026-08-14 07:20:00+00:00,0,0,0,0,True,True,False,23.843301436060802,-48.41937471761264,2.985699154506151,4.067028172412836,0.38442628457522154,0.0,0.0,on,connected,True,synthetic_device_spec_v11
synthetic_customer_005,cabinet_005,2026-08-14 07:30:00+00:00,0,0,0,0,True,True,False,24.180805993515744,-45.97127366505386,2.9751320558155996,3.923057374879671,0.0,0.010715748849402164,0.014302993568622333,on,connected,True,synthetic_device_spec_v11
synthetic_customer_005,cabinet_005,2026-08-14 07:40:00+00:00,0,0,0,0,True,True,False,24.04705420486468,-47.96342998725792,2.9795983998685904,4.0777093954362815,0.0,0.0,0.0,on,connected,True,synthetic_device_spec_v11
synthetic_customer_005,cabinet_005,2026-08-14 07:50:00+00:00,0,0,0,0,True,True,False,23.916330846530904,-49.54740983318165,3.00945914685907,4.084251996359863,0.0735791111864772,0.033035493884100035,0.02345670826499868,on,connected,True,synthetic_device_spec_v11
synthetic_customer_005,cabinet_005,2026-08-14 08:00:00+00:00,0,0,0,0,True,True,False,24.109577499339995,-48.903878596499894,3.0006796753883824,4.0154338414360975,0.6615856944506119,0.0,0.0,on,connected,True,synthetic_device_spec_v11
synthetic_customer_005,cabinet_005,2026-08-14 08:10:00+00:00,0,0,0,0,True,True,False,24.052047603587198,-48.0874031442553,3.021400558124326,4.032429622655477,0.0,0.0026818746840761875,0.0010125752051609218,on,connected,True,synthetic_device_spec_v11
synthetic_customer_005,cabinet_005,2026-08-14 08:20:00+00:00,0,0,0,0,True,True,False,24.234116218906472,-47.48276589370274,2.9659861288539067,4.008207849572077,0.0,0.0,0.0,on,connected,True,synthetic_device_spec_v11
synthetic_customer_005,cabinet_005,2026-08-14 08:30:00+00:00,0,0,0,0,True,True,False,23.880882744217416,-47.39909879783226,2.979042105436622,3.9278896847278153,0.0,0.0,0.02315928140554662,on,connected,True,synthetic_device_spec_v11
synthetic_customer_005,cabinet_005,2026-08-14 08:40:00+00:00,0,0,0,0,True,True,False,23.970637129603315,-48.42513760811814,3.0539505738509045,3.8753949072529057,0.0,0.0,0.0,on,connected,True,synthetic_device_spec_v11
synthetic_customer_005,cabinet_005,2026-08-14 08:50:00+00:00,0,0,0,0,True,True,False,23.934931275081727,-48.129810640561786,3.008048291261899,4.004536069231903,0.0,0.0,0.0,on,connected,True,synthetic_device_spec_v11
synthetic_customer_005,cabinet_005,2026-08-14 09:00:00+00:00,0,0,0,0,True,True,False,24.049654277671664,-48.676585361687444,2.9575928285348985,4.074585127287529,0.0,0.0,0.011150813602399823,on,connected,True,synthetic_device_spec_v11
synthetic_customer_005,cabinet_005,2026-08-14 09:10:00+00:00,0,0,0,0,True,True,False,24.065746651313304,-47.57451561536348,3.0402837841825265,4.0267964676393495,0.14735297391008784,0.025273097540276436,0.024723198957664283,on,connected,True,synthetic_device_spec_v11
synthetic_customer_005,cabinet_005,2026-08-14 09:20:00+00:00,0,0,0,0,True,True,False,24.134381523642592,-46.582269786620934,2.975343349586398,3.998145339910864,0.1568274482248003,0.0,0.01913610814697718,on,connected,True,synthetic_device_spec_v11
synthetic_customer_005,cabinet_005,2026-08-14 09:30:00+00:00,0,0,0,0,True,True,False,24.240433102391005,-49.51271086207317,3.0491263929633465,3.959078502198111,0.0,0.0,0.002377836876720773,on,connected,True,synthetic_device_spec_v11
synthetic_customer_005,cabinet_005,2026-08-14 09:40:00+00:00,0,0,0,0,True,True,False,24.076348140556966,-49.8794643229517,2.9826424881539486,3.985315438034346,0.0,0.0,0.011171051742300177,on,connected,True,synthetic_device_spec_v11
synthetic_customer_005,cabinet_005,2026-08-14 09:50:00+00:00,0,0,0,0,True,True,False,23.97629327844629,-48.94049075041798,3.011112427267964,4.013812529357657,0.0,0.03885637198382988,0.0,on,connected,True,synthetic_device_spec_v11
synthetic_customer_005,cabinet_005,2026-08-14 10:00:00+00:00,0,0,0,0,True,True,False,24.232606991585012,-49.79433409727627,2.999496170373754,4.016351288674382,0.0,0.0,0.010955144156174946,on,connected,True,synthetic_device_spec_v11
synthetic_customer_005,cabinet_005,2026-08-14 10:10:00+00:00,0,0,0,0,True,True,False,23.79608406503913,-49.193776470954596,3.0073338047282285,4.064776028704172,0.0,0.0,0.0,on,connected,True,synthetic_device_spec_v11
synthetic_customer_005,cabinet_005,2026-08-14 10:20:00+00:00,0,0,0,0,True,True,False,23.88057455934286,-48.5296750806959,2.9549694590926654,4.043970502513874,0.016938759852785267,0.0,0.0,on,connected,True,synthetic_device_spec_v11
synthetic_customer_005,cabinet_005,2026-08-14 10:30:00+00:00,0,0,0,0,True,True,False,23.980617349554002,-47.26721534188713,2.977599784878963,4.024789955702063,0.0,0.02084384185162988,0.007313726466112359,on,connected,True,synthetic_device_spec_v11
synthetic_customer_005,cabinet_005,2026-08-14 10:40:00+00:00,0,0,0,0,True,True,False,24.123596546269162,-49.04400528779481,3.037061419787703,3.9366598865601996,0.43358105921786866,0.0,0.0,on,connected,True,synthetic_device_spec_v11
synthetic_customer_005,cabinet_005,2026-08-14 10:50:00+00:00,0,0,0,0,True,True,False,23.884427050269135,-48.54705543405326,2.9627799163815403,3.997458333335004,0.0,0.03544647167942989,0.000419174676499959,on,connected,True,synthetic_device_spec_v11
synthetic_customer_005,cabinet_005,2026-08-14 11:00:00+00:00,0,0,0,0,True,True,False,23.82091047822765,-46.67972044097137,2.9959320867339807,3.975374867164561,0.0,0.0,0.0,on,connected,True,synthetic_device_spec_v11
synthetic_customer_005,cabinet_005,2026-08-14 11:10:00+00:00,0,0,0,0,True,True,False,23.89525852206085,-49.62952848424034,3.014888280826984,3.875493651793292,0.0,0.0,0.006576048316181732,on,connected,True,synthetic_device_spec_v11
synthetic_customer_005,cabinet_005,2026-08-14 11:20:00+00:00,0,0,0,0,True,True,False,23.81907973383645,-48.457119873227484,3.0115209742487123,3.8625022133405165,0.7649763436990126,0.03623468757200545,0.0,on,connected,True,synthetic_device_spec_v11
synthetic_customer_005,cabinet_005,2026-08-14 11:30:00+00:00,0,0,0,0,True,True,False,24.049460971513756,-46.51456962972468,3.0407860316678175,4.055286869545422,2.5490328966714264,0.0,0.0,on,connected,True,synthetic_device_spec_v11
synthetic_customer_005,cabinet_005,2026-08-14 11:40:00+00:00,0,0,0,0,True,True,False,24.271775886061093,-48.56717379021764,3.005234201222805,3.9907017106584193,5.363155169382008,0.0,0.0,on,connected,True,synthetic_device_spec_v11
synthetic_customer_005,cabinet_005,2026-08-14 11:50:00+00:00,0,0,0,0,True,True,False,23.795546608355668,-48.08037309463082,2.9986015228948064,4.103583004451268,5.321467647009222,0.010705038056906353,0.0,on,connected,True,synthetic_device_spec_v11
synthetic_customer_005,cabinet_005,2026-08-14 12:00:00+00:00,0,0,0,0,True,True,False,24.002679629514713,-47.255323085417956,3.0424088014695916,4.070419718812267,6.637660918777456,0.05393202221640847,0.01305233340083277,on,connected,True,synthetic_device_spec_v11
synthetic_customer_005,cabinet_005,2026-08-14 12:10:00+00:00,1,1,1,1,True,True,False,24.017315568918427,-48.479175282937156,2.995952158345482,3.9102216008619015,7.657400669868905,0.0,0.0,on,connected,True,synthetic_device_spec_v11
synthetic_customer_005,cabinet_005,2026-08-14 12:20:00+00:00,1,1,1,1,True,True,False,24.148207105015214,-48.47610181772161,2.946386714845516,3.988413000054552,11.355006003241057,0.039128199596197094,0.0,on,connected,True,synthetic_device_spec_v11
synthetic_customer_005,cabinet_005,2026-08-14 12:30:00+00:00,1,1,1,1,True,True,False,23.923950346627883,-47.98946583874696,2.941664680272383,3.9572823194752798,11.2843814184083,0.0,0.007906481909355254,on,connected,True,synthetic_device_spec_v11
synthetic_customer_005,cabinet_005,2026-08-14 12:40:00+00:00,0,0,0,0,True,True,False,24.04599574666897,-47.13555287549885,2.967012514776949,3.996466340259564,13.604076646647682,0.011363562804479845,0.003264008044373161,on,connected,True,synthetic_device_spec_v11
synthetic_customer_005,cabinet_005,2026-08-14 12:50:00+00:00,0,0,0,0,True,True,False,24.089063654998498,-49.538685490968376,3.006333228539904,3.875726393721634,15.154407852860173,0.03437280319955388,0.01751099773909787,on,connected,True,synthetic_device_spec_v11
synthetic_customer_005,cabinet_005,2026-08-14 13:00:00+00:00,0,0,0,0,True,True,False,23.768871785435906,-50.07927875006891,3.0261034728991727,4.03834325028125,16.296105931735074,0.0,0.0,on,connected,True,synthetic_device_spec_v11
synthetic_customer_005,cabinet_005,2026-08-14 13:10:00+00:00,0,0,0,0,True,True,False,23.913766979145333,-49.76462010971072,3.0500416688114633,4.059223123336306,16.669847929577013,0.023477030305104556,0.026124237336034983,on,connected,True,synthetic_device_spec_v11
synthetic_customer_005,cabinet_005,2026-08-14 13:20:00+00:00,0,0,0,0,True,True,False,24.067197638125986,-48.377904590854314,3.0171489143716856,3.957168731369153,19.413479586863303,0.018942396884848455,0.006344644373991388,on,connected,True,synthetic_device_spec_v11
synthetic_customer_005,cabinet_005,2026-08-14 13:30:00+00:00,0,0,0,0,True,True,False,23.8601728651813,-47.08332486996979,3.0043202091649213,4.054399337961125,20.49366009618348,0.033617692331816,0.002507117227878624,on,connected,True,synthetic_device_spec_v11
synthetic_customer_005,cabinet_005,2026-08-14 13:40:00+00:00,0,0,0,0,True,True,False,23.881421716943414,-46.97498808638476,3.0167769890683473,4.082145652690654,21.320767120157026,0.011769348877292682,0.0,on,connected,True,synthetic_device_spec_v11
synthetic_customer_005,cabinet_005,2026-08-14 13:50:00+00:00,0,0,0,0,True,True,False,23.942867188506213,-47.909886414851854,3.0174736365746626,3.9676514836849486,23.302210674089658,0.0,0.0,on,connected,True,synthetic_device_spec_v11
synthetic_customer_005,cabinet_005,2026-08-14 14:00:00+00:00,0,0,0,0,True,True,False,23.928236775078823,-46.63684335606493,2.9852114208221616,3.910933184941636,24.81538953941318,0.04867750286000416,0.0,on,connected,True,synthetic_device_spec_v11
synthetic_customer_005,cabinet_005,2026-08-14 14:10:00+00:00,0,0,0,0,True,True,False,24.114849406239188,-46.47570626263198,3.007170700540809,3.9783862786538418,24.94130920355001,0.0,0.006375020627916552,on,connected,True,synthetic_device_spec_v11
synthetic_customer_005,cabinet_005,2026-08-14 14:20:00+00:00,0,0,0,0,True,True,False,24.12060243289469,-46.77093643339572,3.1204999253703805,3.948103006575974,25.827135745763595,0.016511742792964284,0.0,on,connected,True,synthetic_device_spec_v11
synthetic_customer_005,cabinet_005,2026-08-14 14:30:00+00:00,0,0,0,0,True,True,False,24.123061786780095,-48.27932366308469,2.9693096418966634,3.9044791020319103,24.788636733797702,0.0,0.015283903789749132,on,connected,True,synthetic_device_spec_v11
synthetic_customer_005,cabinet_005,2026-08-14 14:40:00+00:00,0,0,0,0,True,True,False,23.904925998299106,-49.659746521929186,3.016303741500346,4.042870391834733,0.0,0.0,0.0,on,connected,True,synthetic_device_spec_v11
synthetic_customer_005,cabinet_005,2026-08-14 14:50:00+00:00,0,0,0,0,True,True,False,23.801955116376384,-48.077656780981464,2.989043862370807,3.9399318820294646,0.0,0.007064357497947109,0.007435316820673686,on,connected,True,synthetic_device_spec_v11
synthetic_customer_005,cabinet_005,2026-08-14 15:00:00+00:00,0,0,0,0,True,True,False,23.958492845585813,-47.60283129014386,2.972379988726645,4.017671423891841,0.0,0.00808160659100018,0.030076344177667656,on,connected,True,synthetic_device_spec_v11
synthetic_customer_005,cabinet_005,2026-08-14 15:10:00+00:00,0,0,0,0,True,True,False,23.802187982057976,-48.127312148597674,3.018886239028665,3.9562106086265985,0.4034062080250494,0.013091959811898007,0.0,on,connected,True,synthetic_device_spec_v11
synthetic_customer_005,cabinet_005,2026-08-14 15:20:00+00:00,0,0,0,0,True,True,False,23.93446916866622,-47.38229587222463,2.9626944818088874,4.009948144201898,0.08172979316585328,0.04606771039426287,0.011855959934477045,on,connected,True,synthetic_device_spec_v11
synthetic_customer_005,cabinet_005,2026-08-14 15:30:00+00:00,0,0,0,0,True,True,False,23.935556386784132,-47.77998796232775,3.031411890414713,4.07009475840457,0.07656633333860913,0.012399800280450783,0.0,on,connected,True,synthetic_device_spec_v11
synthetic_customer_005,cabinet_005,2026-08-14 15:40:00+00:00,0,0,0,0,True,True,False,23.772893226555137,-48.434790715170905,2.984328657655242,3.9830336862298186,0.0,0.04380050517433715,0.0,on,connected,True,synthetic_device_spec_v11
synthetic_customer_005,cabinet_005,2026-08-14 15:50:00+00:00,0,0,0,0,True,True,False,23.816203334075613,-46.922086275502494,2.9753356369047976,4.024699469268996,0.27535021882940774,0.0,0.0,on,connected,True,synthetic_device_spec_v11
synthetic_customer_005,cabinet_005,2026-08-14 16:00:00+00:00,0,0,0,0,True,True,False,23.92613135577067,-46.29601800792446,3.017165751231166,4.024717219512922,0.31952140106045296,0.0,0.0,on,connected,True,synthetic_device_spec_v11
synthetic_customer_005,cabinet_005,2026-08-14 16:10:00+00:00,0,0,0,0,True,True,False,24.003206584279965,-47.0767426865945,3.0199833721825042,4.0272861174441035,0.35976731640181675,0.0,0.0,on,connected,True,synthetic_device_spec_v11
synthetic_customer_005,cabinet_005,2026-08-14 16:20:00+00:00,0,0,0,0,True,True,False,23.772541375301522,-48.05526494904373,2.99832165098066,3.8582433084320713,0.0,0.030267363021502222,0.0054448658555860275,on,connected,True,synthetic_device_spec_v11
synthetic_customer_005,cabinet_005,2026-08-14 16:30:00+00:00,0,0,0,0,True,True,False,23.96633498558621,-49.091023823662844,3.0925992152233954,3.989698116469133,0.3533323628361576,0.0,0.011156269201837826,on,connected,True,synthetic_device_spec_v11
synthetic_customer_005,cabinet_005,2026-08-14 16:40:00+00:00,0,0,0,0,True,True,False,23.872045692913428,-49.56246332891298,2.9893601212426217,3.9359666306987613,0.23212084243930947,0.002496948610890337,0.0,on,connected,True,synthetic_device_spec_v11
synthetic_customer_005,cabinet_005,2026-08-14 16:50:00+00:00,0,0,0,0,True,True,False,23.961499090010236,-49.34338543550783,2.991297923640064,4.09285966754994,0.0,0.0,0.0,on,connected,True,synthetic_device_spec_v11
synthetic_customer_005,cabinet_005,2026-08-14 17:00:00+00:00,0,0,0,0,True,True,False,24.126138752179404,-47.72626851159235,3.0020679247786113,3.8477915425762443,0.5353774751844043,0.0,0.0,on,connected,True,synthetic_device_spec_v11
synthetic_customer_005,cabinet_005,2026-08-14 17:10:00+00:00,0,0,0,0,True,True,False,24.173879069091267,-48.356693467227736,3.014947314965041,3.956195508300698,0.5240634306416848,0.08257474129348985,0.0,on,connected,True,synthetic_device_spec_v11
synthetic_customer_005,cabinet_005,2026-08-14 17:20:00+00:00,0,0,0,0,True,True,False,23.967926686646837,-50.01437432760509,2.9111593255649764,3.9380179376273214,0.0,0.09792054029142483,0.0,on,connected,True,synthetic_device_spec_v11
synthetic_customer_005,cabinet_005,2026-08-14 17:30:00+00:00,0,0,0,0,True,True,False,24.368680304577012,-56.065327247548296,3.009013800960675,4.013008135236583,0.0,0.15815705393038682,0.011142949756250077,on,connected,True,synthetic_device_spec_v11
synthetic_customer_005,cabinet_005,2026-08-14 17:40:00+00:00,0,0,0,0,True,True,False,24.116538121199333,-56.43554818139538,3.04208510498291,4.057122549076748,0.0242793231452529,0.18802837957219576,0.016437963668128667,on,connected,True,synthetic_device_spec_v11
synthetic_customer_005,cabinet_005,2026-08-14 17:50:00+00:00,0,0,0,0,True,True,False,24.05259853749605,-58.70806995057856,2.966622964065375,3.992174570452519,0.06975065224031245,0.2185000313291127,0.009466574898419802,on,connected,True,synthetic_device_spec_v11
synthetic_customer_005,cabinet_005,2026-08-14 18:00:00+00:00,0,0,0,0,True,True,False,24.028393628976843,-62.95402633340747,2.8864830659676914,4.05712465240188,0.1618238774899218,0.2314763022854814,0.010120683380823272,on,connected,True,synthetic_device_spec_v11
synthetic_customer_005,cabinet_005,2026-08-14 18:10:00+00:00,1,1,1,1,True,True,False,23.873783934734185,-64.79225423217169,2.9278739653704124,4.036917380748922,0.0,0.30311067624192867,0.018680595011775495,on,connected,True,synthetic_device_spec_v11
synthetic_customer_005,cabinet_005,2026-08-14 18:20:00+00:00,1,1,1,1,True,True,False,23.908970250486124,-68.16458612671018,2.861216135114038,4.077464350826555,0.18292659532364505,0.403646869610542,0.009049933192394038,on,connected,True,synthetic_device_spec_v11
synthetic_customer_005,cabinet_005,2026-08-14 18:30:00+00:00,1,1,1,1,True,True,False,23.919082988231555,-69.22977701095222,2.802136791645063,3.9100061330703544,0.1097836499570105,0.3989415987461293,0.016705919277918393,on,connected,True,synthetic_device_spec_v11
synthetic_customer_005,cabinet_005,2026-08-14 18:40:00+00:00,0,0,0,0,True,True,False,24.11759645486245,-76.15210956182092,2.850839904585517,4.0392730155778915,0.27795782763320903,0.4277036854413695,0.0,on,connected,True,synthetic_device_spec_v11
synthetic_customer_005,cabinet_005,2026-08-14 18:50:00+00:00,0,0,0,0,True,True,False,23.817091348629678,-75.80409125404975,2.7697533512324064,3.9748411925141993,0.0,0.5076924973400933,0.0,on,connected,True,synthetic_device_spec_v11
synthetic_customer_005,cabinet_005,2026-08-14 19:00:00+00:00,0,0,0,0,True,True,False,23.80942626448097,-80.38670318486737,2.7153173277210807,4.1048697604653706,0.9303605933988766,0.5818053904442121,0.0034974676727491318,on,connected,True,synthetic_device_spec_v11
synthetic_customer_005,cabinet_005,2026-08-14 19:10:00+00:00,0,0,0,0,True,True,False,23.927083006767308,-80.46062442212197,2.594014614087367,3.9464605684237712,0.0,0.5879123143589335,0.0,on,connected,True,synthetic_device_spec_v11
synthetic_customer_005,cabinet_005,2026-08-14 19:20:00+00:00,0,0,0,0,True,True,False,23.860007719207434,-83.50498747141081,2.624171867219818,4.019616886122632,0.0448512395788354,0.6691014508958637,0.0,on,connected,True,synthetic_device_spec_v11
synthetic_customer_005,cabinet_005,2026-08-14 20:30:00+00:00,0,0,0,0,True,True,False,23.951163492475587,-47.51691429167976,2.3620051625764256,3.9895587422992267,0.8063249165013631,0.030385725256222292,0.0,on,connected,True,synthetic_device_spec_v11
synthetic_customer_005,cabinet_005,2026-08-14 20:40:00+00:00,0,0,0,0,True,True,False,23.81724234415721,-47.70264719137719,2.2649126732151355,3.9552186617133325,0.0,0.028670554341266988,0.0,on,connected,True,synthetic_device_spec_v11
synthetic_customer_005,cabinet_005,2026-08-14 20:50:00+00:00,0,0,0,0,True,True,False,23.85608573091425,-48.05104466100752,2.295831779852633,4.020501685577423,0.6601505585812912,0.02027471287098452,0.02727952756584292,on,connected,True,synthetic_device_spec_v11
synthetic_customer_005,cabinet_005,2026-08-14 21:00:00+00:00,0,0,0,0,True,True,False,24.083892927324715,-47.49461506938781,2.1137475760403404,4.157024654836434,0.12349255331880613,0.0,0.011396215814477584,on,connected,True,synthetic_device_spec_v11
synthetic_customer_005,cabinet_005,2026-08-14 21:10:00+00:00,0,0,0,0,True,True,False,23.909437784756225,-49.04108245334291,2.202151258374674,4.409724227798288,0.0,0.000247551732120863,0.06850630203034364,on,connected,True,synthetic_device_spec_v11
synthetic_customer_005,cabinet_005,2026-08-14 21:20:00+00:00,0,0,0,0,True,True,False,23.940430110815168,-47.49467294085559,2.2778177229738388,4.598330139012538,0.6179380539996501,0.00847829415182359,0.10169165249126684,on,connected,True,synthetic_device_spec_v11
synthetic_customer_005,cabinet_005,2026-08-14 21:30:00+00:00,0,0,0,0,True,True,False,23.96871498281259,-48.1773789713216,2.2285765175535985,4.911156638126286,0.0,0.015018211754347425,0.12478957606669788,on,connected,True,synthetic_device_spec_v11
synthetic_customer_005,cabinet_005,2026-08-14 21:40:00+00:00,0,0,0,0,True,True,False,24.082735802848568,-48.35387918221536,2.2252969317512865,5.122882334997841,0.0,0.0,0.14964230578394652,on,connected,True,synthetic_device_spec_v11
synthetic_customer_005,cabinet_005,2026-08-14 21:50:00+00:00,0,0,0,0,True,True,False,24.10157668656859,-48.39304613059515,2.1953918508205996,5.388394344680418,0.0,0.023903687406698536,0.15132342281890931,on,connected,True,synthetic_device_spec_v11
synthetic_customer_005,cabinet_005,2026-08-14 22:00:00+00:00,0,0,0,0,True,True,False,23.983325658860778,-48.63405702996654,2.2080593056311075,5.658420136486235,0.0,0.005854938813401047,0.1889442533381605,on,connected,True,synthetic_device_spec_v11
synthetic_customer_005,cabinet_005,2026-08-14 22:10:00+00:00,0,0,0,0,True,True,False,24.100952300660477,-47.34957271822734,2.181969724115284,5.80217551824593,0.0,0.0,0.24286701554554066,on,connected,True,synthetic_device_spec_v11
synthetic_customer_005,cabinet_005,2026-08-14 22:20:00+00:00,0,0,0,0,True,True,False,23.99263553431819,-49.782368092959196,2.2345248339609984,6.111672358606616,0.0,0.0,0.25967635010308376,on,connected,True,synthetic_device_spec_v11
synthetic_customer_005,cabinet_005,2026-08-14 22:30:00+00:00,0,0,0,0,True,True,False,24.034320214554974,-48.522601185933574,2.9959335747219575,6.340936053315893,0.0,0.0,0.26543444498753377,on,connected,True,synthetic_device_spec_v11
synthetic_customer_005,cabinet_005,2026-08-14 22:40:00+00:00,0,0,0,0,True,True,False,23.945776718945375,-50.26318576329689,2.8859865783545664,6.591123988811386,0.9336191763845139,0.0,0.3691088192195623,on,connected,True,synthetic_device_spec_v11
synthetic_customer_005,cabinet_005,2026-08-14 22:50:00+00:00,0,0,0,0,True,True,False,23.97972976691294,-48.15384480549181,2.588291494385367,6.849503088923944,0.7661846322784034,0.0,0.3764911972020044,on,connected,True,synthetic_device_spec_v11
synthetic_customer_005,cabinet_005,2026-08-14 23:00:00+00:00,0,0,0,0,True,True,False,23.939247936424266,-47.578989470890676,2.423015979496975,6.967138679866373,0.0,0.010901554616579545,0.41042500489369865,on,connected,True,synthetic_device_spec_v11
synthetic_customer_005,cabinet_005,2026-08-14 23:10:00+00:00,0,0,0,0,True,True,False,24.16016171648953,-49.05779367799797,2.3370683551248055,6.879905076464424,0.0,0.0,0.422499017135285,on,connected,True,synthetic_device_spec_v11
synthetic_customer_005,cabinet_005,2026-08-14 23:20:00+00:00,0,0,0,0,True,True,False,24.213593621627215,-46.1841610595796,2.046052680171214,6.891782459321418,0.3874319353771845,0.05122061200034633,0.39363739357421207,on,connected,True,synthetic_device_spec_v11
synthetic_customer_005,cabinet_005,2026-08-14 23:30:00+00:00,0,0,0,0,True,True,False,24.052452707895,-47.25214109659228,1.858917903571656,7.023857648132723,0.0,0.0,0.37204932314024836,on,connected,True,synthetic_device_spec_v11
synthetic_customer_005,cabinet_005,2026-08-14 23:40:00+00:00,0,0,0,0,True,True,False,24.222413994085603,-47.94248730477419,1.6171257760059172,7.029758573413831,0.0,0.0,0.36123006250903056,on,connected,True,synthetic_device_spec_v11
synthetic_customer_005,cabinet_005,2026-08-14 23:50:00+00:00,0,0,0,0,True,True,False,24.119580614117865,-46.10513879451454,1.4002317549709364,6.920714365443813,0.0,0.0,0.4013244250081976,on,connected,True,synthetic_device_spec_v11
synthetic_customer_005,cabinet_005,2026-08-15 00:00:00+00:00,0,0,0,0,True,True,False,23.816313584598806,-46.362385568515094,1.1856959353428151,7.045265785731327,0.891752027538129,0.0,0.40652864661314686,on,connected,True,synthetic_device_spec_v11
synthetic_customer_005,cabinet_005,2026-08-15 00:10:00+00:00,0,1,1,0,True,True,False,24.13837520802678,-45.74237262963373,1.0313776938170285,6.984828454086503,0.21519896366426897,0.0,0.4013906583604292,on,connected,True,synthetic_device_spec_v11
synthetic_customer_005,cabinet_005,2026-08-15 00:20:00+00:00,0,1,1,0,True,True,False,23.94688804346802,-47.6834028846031,1.0702946584099695,7.047210342887456,0.12974242287258753,0.02117505787452285,0.38621760787067316,on,connected,True,synthetic_device_spec_v11
synthetic_customer_005,cabinet_005,2026-08-15 00:30:00+00:00,1,1,1,0,True,True,False,24.25560813914636,-47.959699758481825,1.0265249300909722,4.026404914540982,0.0,0.0,0.005006072653958986,on,connected,True,synthetic_device_spec_v11
synthetic_customer_005,cabinet_005,2026-08-15 00:40:00+00:00,0,0,0,0,True,True,False,24.15340853723418,-48.962284562653885,0.999972367550014,3.9640953756560977,0.0,0.03328571645243884,0.0,on,connected,True,synthetic_device_spec_v11
synthetic_customer_005,cabinet_005,2026-08-15 00:50:00+00:00,0,0,0,0,True,True,False,24.008460010776233,-48.42187011556782,0.9327278023657508,3.9639266007748892,0.0,0.0224004256421815,0.0,on,connected,True,synthetic_device_spec_v11
synthetic_customer_005,cabinet_005,2026-08-15 01:00:00+00:00,0,0,0,0,True,True,False,24.120702825731946,-49.06652843859813,0.986776888555023,4.020517868017471,0.28546296727788506,0.023647147465354817,4.404984735266926e-06,on,connected,True,synthetic_device_spec_v11
synthetic_customer_005,cabinet_005,2026-08-15 01:10:00+00:00,0,0,0,0,True,True,False,23.848100141950738,-48.09162740542753,0.9335478687129575,3.917823866422416,0.6137643693585568,0.008226186031697919,0.0,on,connected,True,synthetic_device_spec_v11
synthetic_customer_005,cabinet_005,2026-08-15 01:20:00+00:00,0,0,0,0,True,True,False,24.005007149482996,-47.37557737275638,0.9972447439853808,4.027865667415832,0.23755155333163086,0.0333445129714476,0.01868653381990924,on,connected,True,synthetic_device_spec_v11
synthetic_customer_005,cabinet_005,2026-08-15 01:30:00+00:00,0,0,0,0,True,True,False,23.74677106409264,-47.697149444069154,3.0476857007278886,3.9914295599182834,0.11461510358610272,0.013192955646162519,0.0,on,connected,True,synthetic_device_spec_v11
synthetic_customer_005,cabinet_005,2026-08-15 01:40:00+00:00,0,0,0,0,True,True,False,23.897028454711805,-48.36597885070797,3.0220536808854384,3.909234302216352,0.2606468055724038,0.0,0.013491469073513687,on,connected,True,synthetic_device_spec_v11
synthetic_customer_005,cabinet_005,2026-08-15 01:50:00+00:00,0,0,0,0,True,True,False,24.161639452413105,-47.544783950030315,3.045217804075343,3.938061948574167,0.45146436802644735,0.0010719498684793854,0.0,on,connected,True,synthetic_device_spec_v11
synthetic_customer_005,cabinet_005,2026-08-15 02:00:00+00:00,0,0,0,0,True,True,False,23.967471438922992,-47.30562246260748,2.975429744505835,3.9517929044684235,0.0,0.024618762062388132,0.026552105785271323,on,connected,True,synthetic_device_spec_v11
synthetic_customer_005,cabinet_005,2026-08-15 02:10:00+00:00,0,0,0,0,True,True,False,24.03447117291449,-48.07905000333273,2.999794593595985,4.005676279620642,0.5368815250259857,0.0,0.03631994294109897,on,connected,True,synthetic_device_spec_v11
synthetic_customer_005,cabinet_005,2026-08-15 02:20:00+00:00,0,0,0,0,True,True,False,23.86612205722497,-46.81939046790311,3.009610639733577,3.9908011495032105,0.0,0.0,0.03491236483861078,on,connected,True,synthetic_device_spec_v11
synthetic_customer_005,cabinet_005,2026-08-15 02:30:00+00:00,0,0,0,0,True,True,False,24.017095045583293,-47.658782254213726,3.006657374171985,4.055564007095614,0.0,0.03244056061337771,0.0,on,connected,True,synthetic_device_spec_v11
synthetic_customer_005,cabinet_005,2026-08-15 02:40:00+00:00,0,0,0,0,True,True,False,24.127785878991048,-48.12478556943394,3.006504484994811,3.9683779105674284,0.035177532972059805,0.011982985014497793,0.006735849241756695,on,connected,True,synthetic_device_spec_v11
synthetic_customer_005,cabinet_005,2026-08-15 02:50:00+00:00,0,0,0,0,True,True,False,24.01163208039983,-48.281734526078765,2.949556166277841,3.961278124252669,0.0,0.02301746451190133,0.0,on,connected,True,synthetic_device_spec_v11
synthetic_customer_005,cabinet_005,2026-08-15 03:00:00+00:00,0,0,0,0,True,True,False,23.978445821797337,-49.3152664034013,3.05356008340005,3.9595375575259784,0.0,0.0,0.0005403127793237685,on,connected,True,synthetic_device_spec_v11
synthetic_customer_005,cabinet_005,2026-08-15 03:10:00+00:00,0,0,0,0,True,True,False,24.03921855536027,-48.15431678290675,2.98901004526309,3.9692879718383334,0.7272739587139406,0.01938267068758591,0.01250262096774346,on,connected,True,synthetic_device_spec_v11
synthetic_customer_005,cabinet_005,2026-08-15 03:20:00+00:00,0,0,0,0,True,True,False,23.874373473141578,-49.09859357950111,2.958160933322686,3.971254914326476,0.49743138533084713,0.0,0.0016302441318407999,on,connected,True,synthetic_device_spec_v11
synthetic_customer_005,cabinet_005,2026-08-15 03:30:00+00:00,0,0,0,0,True,True,False,23.920520005752962,-47.93698406721821,2.997432629456339,4.078812692497122,0.0,0.0,0.003099750123961917,on,connected,True,synthetic_device_spec_v11
synthetic_customer_005,cabinet_005,2026-08-15 03:40:00+00:00,0,0,0,0,True,True,False,23.820951522969306,-49.035907887737594,3.0084779676511997,4.036595458597386,0.0,0.005494197426396164,0.0,on,connected,True,synthetic_device_spec_v11
synthetic_customer_005,cabinet_005,2026-08-15 03:50:00+00:00,0,0,0,0,True,True,False,23.908295304663792,-47.65690144673694,3.0726319203866153,4.049836881726171,0.0,0.0,0.0,on,connected,True,synthetic_device_spec_v11
synthetic_customer_005,cabinet_005,2026-08-15 04:00:00+00:00,0,0,0,0,True,True,False,23.98401992743778,-48.06322245346069,3.0032812883689854,3.9878897193268936,0.0,0.0009532953479042426,0.0016144871153633683,on,connected,True,synthetic_device_spec_v11
synthetic_customer_005,cabinet_005,2026-08-15 04:10:00+00:00,0,0,0,0,True,True,False,24.042796528685617,-46.9971172877698,3.001756929216743,3.9834362525818685,0.0,0.0,0.0,on,connected,True,synthetic_device_spec_v11
synthetic_customer_005,cabinet_005,2026-08-15 04:20:00+00:00,0,0,0,0,True,True,False,23.96869345383144,-46.35569350705264,3.0107492056494993,3.9370110046841096,0.0,0.0028884055969689406,0.001262628859575595,on,connected,True,synthetic_device_spec_v11
synthetic_customer_005,cabinet_005,2026-08-15 04:30:00+00:00,0,0,0,0,True,True,False,24.02783911947455,-47.29233342337888,2.9973697242611923,4.0357872617458845,0.06584303708534575,0.0,0.0,on,connected,True,synthetic_device_spec_v11
synthetic_customer_005,cabinet_005,2026-08-15 04:40:00+00:00,0,0,0,0,True,True,False,23.92874503526398,-47.278275469888,2.980779330135809,3.9906404857783384,0.6064540966904093,0.018585825209403502,0.0,on,connected,True,synthetic_device_spec_v11
synthetic_customer_005,cabinet_005,2026-08-15 04:50:00+00:00,0,0,0,0,True,True,False,24.06350423247831,-48.885149451652765,2.9988627417439067,3.9978153690202327,0.2715648042267286,0.0,0.017123711792527807,on,connected,True,synthetic_device_spec_v11
synthetic_customer_005,cabinet_005,2026-08-15 05:00:00+00:00,0,0,0,0,True,True,False,24.056222590356597,-48.79641949642227,3.0023608614431985,3.984560256148236,0.0,0.013928391803876564,0.0,on,connected,True,synthetic_device_spec_v11
synthetic_customer_005,cabinet_005,2026-08-15 05:10:00+00:00,0,0,0,0,True,True,False,24.035402950338163,-48.174736868863796,3.0139017412599776,4.0096934063068685,0.02708351468060365,0.0,0.0,on,connected,True,synthetic_device_spec_v11
synthetic_customer_005,cabinet_005,2026-08-15 05:20:00+00:00,0,0,0,0,True,True,False,24.187144856963428,-50.25562129578724,2.959799424984128,4.0322756228157095,0.17244906974632476,0.0,0.0,on,connected,True,synthetic_device_spec_v11
synthetic_customer_005,cabinet_005,2026-08-15 05:30:00+00:00,0,0,0,0,True,True,False,24.05354104132886,-48.00554690221559,3.0424316798192006,4.030970632501075,0.02642345720450973,0.0,0.0,on,connected,True,synthetic_device_spec_v11
synthetic_customer_005,cabinet_005,2026-08-15 05:40:00+00:00,0,0,0,0,True,True,False,23.97262243660586,-47.68351176976183,2.9478982939153364,4.020243990466229,0.24356391929671897,0.0,0.022682878286838914,on,connected,True,synthetic_device_spec_v11
synthetic_customer_005,cabinet_005,2026-08-15 05:50:00+00:00,0,0,0,0,True,True,False,24.253165187832078,-48.39562086145342,2.9469960812194063,3.9615388112021224,0.678977279402015,0.025804036879150213,0.010420445135334704,on,connected,True,synthetic_device_spec_v11
synthetic_customer_005,cabinet_005,2026-08-15 06:00:00+00:00,0,0,0,0,True,True,False,24.001511308415814,-48.09916673982625,2.9963639168753433,4.041497745452491,0.0,0.019454288639892278,0.0,on,connected,True,synthetic_device_spec_v11
synthetic_customer_005,cabinet_005,2026-08-15 06:10:00+00:00,1,1,1,1,True,True,False,23.81407072303771,-49.23044335754163,3.0169845790381684,3.939171736844338,0.0,0.0,0.037422924149603604,on,connected,True,synthetic_device_spec_v11
synthetic_customer_005,cabinet_005,2026-08-15 06:20:00+00:00,1,1,1,1,True,True,False,24.0330924382892,-48.154914152992276,2.9099655066540406,4.030555235637687,1.144198121526233,0.0,0.010232236415065769,on,connected,True,synthetic_device_spec_v11
synthetic_customer_005,cabinet_005,2026-08-15 06:30:00+00:00,1,1,1,1,True,True,False,23.704335683299814,-50.38689106467459,3.0405688576831946,3.976061358217574,0.0,0.0,0.0,on,connected,True,synthetic_device_spec_v11
synthetic_customer_005,cabinet_005,2026-08-15 06:40:00+00:00,0,0,0,0,True,True,False,23.477316029769728,-47.628796514889466,2.984184661974007,4.020479723224565,0.41455595852207955,0.0,0.0,on,connected,True,synthetic_device_spec_v11
synthetic_customer_005,cabinet_005,2026-08-15 06:50:00+00:00,0,0,0,0,True,True,False,23.26536929817259,-48.88691513725952,2.9836422652958716,4.0417962486012415,0.0,0.0009497472136527125,0.0,on,connected,True,synthetic_device_spec_v11
synthetic_customer_005,cabinet_005,2026-08-15 07:00:00+00:00,0,0,0,0,True,True,False,22.610791276097334,-48.239181971220965,2.96121333594984,4.047814900251619,0.0,0.025067064797382008,0.0,on,connected,True,synthetic_device_spec_v11
synthetic_customer_005,cabinet_005,2026-08-15 07:10:00+00:00,0,0,0,0,True,True,False,22.753065654746365,-46.812049303068854,3.0161232719836306,3.929993860715138,0.15149469546100242,0.049494387841313714,0.0,on,connected,True,synthetic_device_spec_v11
synthetic_customer_005,cabinet_005,2026-08-15 07:20:00+00:00,0,0,0,0,True,True,False,22.257053198915838,-48.80141159726822,3.0129173668980256,3.9611115768852017,0.7129830301305666,0.0,0.028711595029960266,on,connected,True,synthetic_device_spec_v11
synthetic_customer_005,cabinet_005,2026-08-15 07:30:00+00:00,0,0,0,0,True,True,False,22.055514450579203,-47.889946076953024,2.910530085940769,3.9679245867760526,0.5771902188538757,0.03218563550488259,0.026558734010859193,on,connected,True,synthetic_device_spec_v11
synthetic_customer_005,cabinet_005,2026-08-15 07:40:00+00:00,0,0,0,0,True,True,False,21.583947790932744,-50.78339633621003,2.956359388511212,4.026296436120171,0.0,0.0,0.0,on,connected,True,synthetic_device_spec_v11
synthetic_customer_005,cabinet_005,2026-08-15 07:50:00+00:00,0,0,0,0,True,True,False,21.03613273373805,-49.31441684958112,2.983383097641477,4.020907354677815,0.0,0.038653076642192453,0.011949462885193437,on,connected,True,synthetic_device_spec_v11
synthetic_customer_005,cabinet_005,2026-08-15 08:00:00+00:00,0,0,0,0,True,True,False,20.777362669456075,-48.11624823615576,3.0155273120056543,3.8943607085134824,0.0,0.01734964305223728,0.004981563744104981,on,connected,True,synthetic_device_spec_v11
synthetic_customer_005,cabinet_005,2026-08-15 08:10:00+00:00,0,0,0,0,True,True,False,20.49896090900425,-45.5557631928386,3.016120741993704,4.042825097551221,0.5029330200437815,0.0,0.01271358670200896,on,connected,True,synthetic_device_spec_v11
synthetic_customer_005,cabinet_005,2026-08-15 08:20:00+00:00,0,0,0,0,True,True,False,20.118209802237658,-46.30101037861814,2.9477553869463224,4.011759380901692,0.0,0.018960263722745622,0.024058577404891205,on,connected,True,synthetic_device_spec_v11
synthetic_customer_005,cabinet_005,2026-08-15 08:30:00+00:00,0,0,0,0,True,True,False,20.04058224947628,-48.51812795656322,2.935233855289855,4.016849337339285,0.0,0.0004922837174941263,0.020870460887004724,on,connected,True,synthetic_device_spec_v11
synthetic_customer_005,cabinet_005,2026-08-15 08:40:00+00:00,0,0,0,0,True,True,False,19.66892625264896,-47.035980037988,3.065046438305715,4.00133008531604,0.17411055911153142,0.0,0.0,on,connected,True,synthetic_device_spec_v11
synthetic_customer_005,cabinet_005,2026-08-15 08:50:00+00:00,0,0,0,0,True,True,False,19.146806169851974,-48.50035104396814,3.072875090027034,3.993176885249636,0.28524145924711886,0.0,0.0,on,connected,True,synthetic_device_spec_v11
synthetic_customer_005,cabinet_005,2026-08-15 09:00:00+00:00,0,0,0,0,True,True,False,19.183841390117333,-47.161497734086254,2.9826137724497213,4.052734289562184,0.002734272730486624,0.0,0.020895227966852847,on,connected,True,synthetic_device_spec_v11
synthetic_customer_005,cabinet_005,2026-08-15 09:10:00+00:00,0,0,0,0,True,True,False,18.769997504201108,-47.9627785278159,2.9859191156769556,4.018593506620122,0.3268961373019483,0.010717095335593133,0.02815404954441886,on,connected,True,synthetic_device_spec_v11
synthetic_customer_005,cabinet_005,2026-08-15 10:00:00+00:00,0,0,0,0,True,True,False,23.96657372346236,-47.37808632041031,3.031299252945077,3.982991056094829,0.06296720496336207,0.0,0.004270572665157978,on,connected,True,synthetic_device_spec_v11
synthetic_customer_005,cabinet_005,2026-08-15 10:10:00+00:00,0,0,0,0,True,True,False,23.95676043617311,-47.02750463593849,3.0522611291713178,3.9771699447995155,0.0,0.008454476895801293,0.013874700954031665,on,connected,True,synthetic_device_spec_v11
synthetic_customer_005,cabinet_005,2026-08-15 10:20:00+00:00,0,0,0,0,True,True,False,24.09782285530228,-49.04167862006267,3.0107768771438224,3.9429372670268314,0.0,0.0,0.0,on,connected,True,synthetic_device_spec_v11
synthetic_customer_005,cabinet_005,2026-08-15 10:30:00+00:00,0,0,0,0,True,True,False,23.975001682952367,-45.90374017543158,2.912492290665983,4.014605049597254,0.0,0.010851776918680625,0.0,on,connected,True,synthetic_device_spec_v11
synthetic_customer_005,cabinet_005,2026-08-15 10:40:00+00:00,0,0,0,0,True,True,False,24.18346674223009,-46.57245669303539,3.066297647348665,4.005938383176543,0.29961294770610036,0.01095197128630973,0.0,on,connected,True,synthetic_device_spec_v11
synthetic_customer_005,cabinet_005,2026-08-15 10:50:00+00:00,0,0,0,0,True,True,False,24.01709788374664,-48.13722393165524,2.9467199346330464,3.9582090217598536,0.0,0.0,0.0,on,connected,True,synthetic_device_spec_v11
synthetic_customer_005,cabinet_005,2026-08-15 11:00:00+00:00,0,0,0,0,True,True,False,24.00361650195038,-48.64700040149915,3.013258240111702,4.056628104250865,0.0,0.0,0.0,on,connected,True,synthetic_device_spec_v11
synthetic_customer_005,cabinet_005,2026-08-15 11:10:00+00:00,0,0,0,0,True,True,False,24.414118499261328,-48.08628203399437,3.015418449525818,4.022670316024529,0.0,0.0,0.0,on,connected,True,synthetic_device_spec_v11
synthetic_customer_005,cabinet_005,2026-08-15 11:20:00+00:00,0,0,0,0,True,True,False,24.070076701211043,-48.735176966841664,3.0530945973385317,4.05909132838891,0.0,0.003318606847674262,0.021292979183148663,on,connected,True,synthetic_device_spec_v11
synthetic_customer_005,cabinet_005,2026-08-15 11:30:00+00:00,0,0,0,0,True,True,False,23.96271946018326,-48.88388983434991,2.9803543681976543,3.9407843674485097,0.18686202648959685,0.022714128772333482,0.0,on,connected,True,synthetic_device_spec_v11
synthetic_customer_005,cabinet_005,2026-08-15 11:40:00+00:00,0,0,0,0,True,True,False,23.979370330216792,-47.55911514652765,2.9623720460861356,4.028724939225091,0.0,0.0,0.00946814946285267,on,connected,True,synthetic_device_spec_v11
synthetic_customer_005,cabinet_005,2026-08-15 11:50:00+00:00,0,0,0,0,True,True,False,24.177770142232784,-46.57936718312759,3.000838078972712,4.005419973306167,0.4352673880349859,0.0,0.004275438252309214,on,connected,True,synthetic_device_spec_v11
synthetic_customer_005,cabinet_005,2026-08-15 12:00:00+00:00,0,0,0,0,True,True,False,24.166607040999878,-49.229864630369505,3.040258730346696,3.9272171299131875,0.0,0.0,0.015228228400828095,on,connected,True,synthetic_device_spec_v11
synthetic_customer_005,cabinet_005,2026-08-15 12:10:00+00:00,1,1,1,1,True,True,False,24.035986070723155,-47.555738603336415,3.0620161080887436,4.0064025444759475,0.0,0.0,0.002256509299721242,on,connected,True,synthetic_device_spec_v11
synthetic_customer_005,cabinet_005,2026-08-15 12:20:00+00:00,1,1,1,1,True,True,False,24.046294791519315,-48.38390637737979,2.9805023361062726,3.9910870877945817,0.0,0.01306990291154235,0.0,on,connected,True,synthetic_device_spec_v11
synthetic_customer_005,cabinet_005,2026-08-15 12:30:00+00:00,1,1,1,1,True,True,False,23.97499555173049,-48.24503288639753,3.0104935485886823,4.122181696965885,0.0,0.01950896735671722,0.014876372677648901,on,connected,True,synthetic_device_spec_v11
synthetic_customer_005,cabinet_005,2026-08-15 12:40:00+00:00,0,0,0,0,True,True,False,23.902899155410434,-48.98445293723078,3.0697244949932103,3.9430369768218654,0.0,0.0,0.0,on,connected,True,synthetic_device_spec_v11
synthetic_customer_005,cabinet_005,2026-08-15 12:50:00+00:00,0,0,0,0,True,True,False,23.955532655089918,-47.340358372648595,3.0140389674102392,3.9151055553877754,0.0,0.0,0.0,on,connected,True,synthetic_device_spec_v11
synthetic_customer_005,cabinet_005,2026-08-15 13:00:00+00:00,0,0,0,0,True,True,False,24.019607388117873,-47.497944935079914,3.0604841773552347,3.9354054118332087,0.29499001859972335,0.01523145314720114,0.0,on,connected,True,synthetic_device_spec_v11
synthetic_customer_005,cabinet_005,2026-08-15 13:10:00+00:00,0,0,0,0,True,True,False,23.911421439967715,-45.66378933560898,2.9781983794203084,4.048864578438037,0.13057049122371642,0.0,0.0,on,connected,True,synthetic_device_spec_v11
synthetic_customer_005,cabinet_005,2026-08-15 13:20:00+00:00,0,0,0,0,True,True,False,23.902542351582344,-47.14381134840979,3.00812235621326,4.090314830960012,0.19825908833598735,0.0,0.0319433609913375,on,connected,True,synthetic_device_spec_v11
synthetic_customer_005,cabinet_005,2026-08-15 13:30:00+00:00,0,0,0,0,True,True,False,24.06161771346237,-48.90007805023946,3.023990152444332,4.098727911882405,0.0,0.03216279999790446,0.0,on,connected,True,synthetic_device_spec_v11
synthetic_customer_005,cabinet_005,2026-08-15 13:40:00+00:00,0,0,0,0,True,True,False,23.83924170571752,-47.841138886808956,2.991929828430219,3.81033135100682,0.0,0.03874590379038166,0.008917491956534133,on,connected,True,synthetic_device_spec_v11
synthetic_customer_005,cabinet_005,2026-08-15 13:50:00+00:00,0,0,0,0,True,True,False,24.14432618489795,-46.61692876218843,2.9580315940964383,4.008763409874216,0.7511202188801787,0.0,0.0,on,connected,True,synthetic_device_spec_v11
synthetic_customer_005,cabinet_005,2026-08-15 14:00:00+00:00,0,0,0,0,True,True,False,23.77815646077321,-48.039339806930705,3.0903545764586218,4.028568840876115,0.0,0.03394561565224581,0.0,on,connected,True,synthetic_device_spec_v11
synthetic_customer_005,cabinet_005,2026-08-15 14:10:00+00:00,0,0,0,0,True,True,False,23.966156840248264,-49.149574351565576,2.9744389656540675,3.97461154198726,0.4425976481366087,0.00010157662408649012,0.0,on,connected,True,synthetic_device_spec_v11
synthetic_customer_005,cabinet_005,2026-08-15 14:20:00+00:00,0,0,0,0,True,True,False,23.80992432948424,-46.66788282033899,3.0107785092550507,4.0289694583577775,0.2656541414995509,0.0,0.02976395986447686,on,connected,True,synthetic_device_spec_v11
synthetic_customer_005,cabinet_005,2026-08-15 14:30:00+00:00,0,0,0,0,True,True,False,24.046748547147423,-47.60635374065957,2.9505154220624954,3.893703549249226,0.26935917888315986,0.0007972251607221864,0.00885841564159747,on,connected,True,synthetic_device_spec_v11
synthetic_customer_005,cabinet_005,2026-08-15 14:40:00+00:00,0,0,0,0,True,True,False,24.23153938849662,-47.523521519465675,3.0159217892959496,3.9896335072543723,0.0,0.0,0.040453016499065665,on,connected,True,synthetic_device_spec_v11
synthetic_customer_005,cabinet_005,2026-08-15 14:50:00+00:00,0,0,0,0,True,True,False,24.23919908706979,-48.48300205849329,3.0013369578707834,3.9825826920129166,0.0,0.0,0.0,on,connected,True,synthetic_device_spec_v11
synthetic_customer_005,cabinet_005,2026-08-15 15:00:00+00:00,0,0,0,0,True,True,False,23.84335756419745,-49.47259971920144,3.01991498203057,3.9272778810149775,0.15168758652702038,0.0,0.0,on,connected,True,synthetic_device_spec_v11
synthetic_customer_005,cabinet_005,2026-08-15 15:10:00+00:00,0,0,0,0,True,True,False,23.993572449469205,-48.16048153450457,2.9923446730026284,3.9995060315678184,0.0,0.011608276275029769,0.001182048885968132,on,connected,True,synthetic_device_spec_v11
synthetic_customer_005,cabinet_005,2026-08-15 15:20:00+00:00,0,0,0,0,True,True,False,23.810352925665004,-50.038044461149994,2.9875530700426953,3.9578394130147596,0.2733349466795349,0.028634219585035044,0.011906137584177537,on,connected,True,synthetic_device_spec_v11
synthetic_customer_005,cabinet_005,2026-08-15 15:30:00+00:00,0,0,0,0,True,True,False,23.906189363569048,-47.1207922531177,2.9025416584729666,4.008307662853118,0.0,0.0,0.0,on,connected,True,synthetic_device_spec_v11
synthetic_customer_005,cabinet_005,2026-08-15 15:40:00+00:00,0,0,0,0,True,True,False,24.0343466116358,-47.46423516080651,2.988658893342921,4.0107486030248705,0.34891743159617095,0.013243866490275058,0.0,on,connected,True,synthetic_device_spec_v11
synthetic_customer_005,cabinet_005,2026-08-15 15:50:00+00:00,0,0,0,0,True,True,False,23.886226439513116,-47.16964340293396,2.934217208004749,3.895331480276173,0.7252056333417836,0.0,0.012847227148157461,on,connected,True,synthetic_device_spec_v11
synthetic_customer_005,cabinet_005,2026-08-15 16:00:00+00:00,0,0,0,0,True,True,False,23.98304514263286,-48.00387582279863,2.959116666193375,4.019786301325144,0.4058150031950064,0.00607533740291509,0.0,on,connected,True,synthetic_device_spec_v11
synthetic_customer_005,cabinet_005,2026-08-15 16:10:00+00:00,0,0,0,0,True,True,False,24.11967926518674,-48.71597766621146,3.012368314531781,4.1713650278731675,0.0,0.009322681337213512,0.00818983673116874,on,connected,True,synthetic_device_spec_v11
synthetic_customer_005,cabinet_005,2026-08-15 16:20:00+00:00,0,0,0,0,True,True,False,24.05720298970853,-49.20114663249486,3.054406859111943,3.9126273607808915,0.6479973398260906,0.0,0.0,on,connected,True,synthetic_device_spec_v11
synthetic_customer_005,cabinet_005,2026-08-15 16:30:00+00:00,0,0,0,0,True,True,False,23.81331415751644,-48.048271935208945,3.0009613880889474,3.9750248336328986,0.0,0.022921735081888456,0.0,on,connected,True,synthetic_device_spec_v11
synthetic_customer_005,cabinet_005,2026-08-15 16:40:00+00:00,0,0,0,0,True,True,False,24.062061869056024,-48.32443372996351,3.0252712494469236,3.968010083353492,0.4586528673270245,0.0016902222369247787,0.0,on,connected,True,synthetic_device_spec_v11
synthetic_customer_005,cabinet_005,2026-08-15 16:50:00+00:00,0,0,0,0,True,True,False,24.14998500221008,-50.012660224996786,3.0342776086634324,3.92129324739447,1.0619609599376059,0.0,0.0,on,connected,True,synthetic_device_spec_v11
synthetic_customer_005,cabinet_005,2026-08-15 17:00:00+00:00,0,0,0,0,True,True,False,23.927159848675675,-48.92039995013907,3.0450151299197943,3.9596739834842145,0.10063309232149913,0.0,0.014602445735660058,on,connected,True,synthetic_device_spec_v11
synthetic_customer_005,cabinet_005,2026-08-15 17:10:00+00:00,0,0,0,0,True,True,False,24.028638544980524,-46.38107787932261,3.0919263183868884,3.923783581449939,0.5080307443841064,0.013809457281858478,0.0,on,connected,True,synthetic_device_spec_v11
synthetic_customer_005,cabinet_005,2026-08-15 17:20:00+00:00,0,0,0,0,True,True,False,24.11136055316229,-49.13258041807423,3.047639853653984,3.8722105564696587,0.0,0.05249308990211238,0.0,on,connected,True,synthetic_device_spec_v11
synthetic_customer_005,cabinet_005,2026-08-15 17:30:00+00:00,0,0,0,0,True,True,False,23.93196900657664,-53.365136079157246,3.0401629221346234,4.05443143455596,0.6120348852896517,0.09445183614097913,0.021580368591128055,on,connected,True,synthetic_device_spec_v11
synthetic_customer_005,cabinet_005,2026-08-15 17:40:00+00:00,0,0,0,0,True,True,False,23.83027544015873,-58.17312339617922,3.035751825594926,4.064752515364477,0.0,0.20233076001098985,0.0,on,connected,True,synthetic_device_spec_v11
synthetic_customer_005,cabinet_005,2026-08-15 17:50:00+00:00,0,0,0,0,True,True,False,23.856929721311058,-61.25988177503701,2.977004064192122,3.9827071899237447,0.36269193487214474,0.2213503059571194,0.0,on,connected,True,synthetic_device_spec_v11
synthetic_customer_005,cabinet_005,2026-08-15 18:00:00+00:00,0,0,0,0,True,True,False,23.89203609918869,-66.20115217947806,3.0440818033777224,3.9206170955906368,0.6680171243574533,0.3128370665511285,0.0,on,connected,True,synthetic_device_spec_v11
synthetic_customer_005,cabinet_005,2026-08-15 18:10:00+00:00,1,1,1,1,True,True,False,24.24810274359581,-71.25832716744557,2.981550807503361,4.010554170019013,0.4127653531496033,0.3628089531840723,0.012646161188586854,on,connected,True,synthetic_device_spec_v11
synthetic_customer_005,cabinet_005,2026-08-15 18:20:00+00:00,1,1,1,1,True,True,False,24.137203633149678,-73.18217103350585,3.0531817391458254,4.101936357995889,0.1286178462771983,0.40516551586088984,0.007885860755086155,on,connected,True,synthetic_device_spec_v11
synthetic_customer_005,cabinet_005,2026-08-15 18:30:00+00:00,1,1,1,1,True,True,False,24.130501900648966,-76.43602537662547,2.9576291060802977,3.9300105063363664,0.28298966356915156,0.4975916179369794,0.024708951740465786,on,connected,True,synthetic_device_spec_v11
synthetic_customer_005,cabinet_005,2026-08-15 18:40:00+00:00,0,0,0,0,True,True,False,23.92216079906604,-80.98765339796802,3.0098657751525733,3.922663422385356,0.0,0.6037829937318625,0.0,on,connected,True,synthetic_device_spec_v11
synthetic_customer_005,cabinet_005,2026-08-15 18:50:00+00:00,0,0,0,0,True,True,False,23.941874867781326,-86.98767302468484,3.0261355561870933,4.0992386047402665,0.1427843778247886,0.6319374430008109,0.018062733909024062,on,connected,True,synthetic_device_spec_v11
synthetic_customer_005,cabinet_005,2026-08-15 19:30:00+00:00,0,0,0,0,True,True,False,23.781358487891058,-47.055770635215275,2.9957062977268993,3.966201552254951,0.25550186464506075,0.0,0.0,on,connected,True,synthetic_device_spec_v11
synthetic_customer_005,cabinet_005,2026-08-15 19:40:00+00:00,0,0,0,0,True,True,False,24.130163880968574,-48.398852333915826,3.0187733583863503,4.045541206169346,0.4727223630044802,0.0,0.005156730013947905,on,connected,True,synthetic_device_spec_v11
synthetic_customer_005,cabinet_005,2026-08-15 19:50:00+00:00,0,0,0,0,True,True,False,23.935751548872812,-46.78133836656448,2.9954104428196437,3.8222670133258134,0.0,0.03179850265101774,0.02687602934580153,on,connected,True,synthetic_device_spec_v11
synthetic_customer_005,cabinet_005,2026-08-15 20:00:00+00:00,0,0,0,0,True,True,False,24.036733495551758,-48.04938849129047,3.041777901244332,4.0598445653151645,0.0,0.025662332684377023,0.0,on,connected,True,synthetic_device_spec_v11
synthetic_customer_005,cabinet_005,2026-08-15 20:10:00+00:00,0,0,0,0,True,True,False,23.902709875659426,-47.22949955971025,3.055865536796048,3.9745345770296403,0.7248468923036017,0.0,0.0,on,connected,True,synthetic_device_spec_v11
synthetic_customer_005,cabinet_005,2026-08-15 20:20:00+00:00,0,0,0,0,True,True,False,23.89955341623228,-47.78343562996127,3.0298268052103325,4.041794385974683,0.0,0.008968864688269382,0.0,on,connected,True,synthetic_device_spec_v11
synthetic_customer_005,cabinet_005,2026-08-15 20:30:00+00:00,0,0,0,0,True,True,False,23.80127939524441,-48.89791002062123,3.0404220577824708,4.025318249981904,0.06739642465083734,0.003054497152428303,0.024010614501189107,on,connected,True,synthetic_device_spec_v11
synthetic_customer_005,cabinet_005,2026-08-15 20:40:00+00:00,0,0,0,0,True,True,False,24.211962943254786,-47.08768593427999,2.948709660521701,4.099241504246718,0.20954978608708072,0.0,0.007707082016130798,on,connected,True,synthetic_device_spec_v11
synthetic_customer_005,cabinet_005,2026-08-15 20:50:00+00:00,0,0,0,0,True,True,False,23.830029749118204,-48.11135405091933,3.0071694545550702,3.966777427556775,0.0,0.0,0.0,on,connected,True,synthetic_device_spec_v11
synthetic_customer_005,cabinet_005,2026-08-15 21:00:00+00:00,0,0,0,0,True,True,False,23.979890149806238,-47.1960236012589,2.9601750933444166,3.9228118694685783,0.0,0.0,0.011047283424230607,on,connected,True,synthetic_device_spec_v11
synthetic_customer_005,cabinet_005,2026-08-15 21:10:00+00:00,0,0,0,0,True,True,False,23.91653536269008,-48.02832636005967,2.9453440180283676,3.988274892935148,0.2796775598441335,0.010674404642842673,0.015516387344321758,on,connected,True,synthetic_device_spec_v11
synthetic_customer_005,cabinet_005,2026-08-15 21:20:00+00:00,0,0,0,0,True,True,False,23.889200909873228,-47.3055635008567,2.910177653655587,3.8447469708023574,0.0,0.011804942136951008,0.017733548343978247,on,connected,True,synthetic_device_spec_v11
synthetic_customer_005,cabinet_005,2026-08-15 21:30:00+00:00,0,0,0,0,True,True,False,23.89843531980021,-47.64662584465961,2.9742274438750576,3.96897986991477,0.0,0.0,0.0,on,connected,True,synthetic_device_spec_v11
synthetic_customer_005,cabinet_005,2026-08-15 21:40:00+00:00,0,0,0,0,True,True,False,23.95210779125442,-47.33350130253684,3.015478598036964,3.9614932188873127,0.5332128268302001,0.0,0.007791098163665123,on,connected,True,synthetic_device_spec_v11
synthetic_customer_005,cabinet_005,2026-08-15 21:50:00+00:00,0,0,0,0,True,True,False,24.066984072821562,-47.25025162650254,3.07030887502586,4.121948762335616,0.4708664807622163,0.013123495192062878,0.016255682928287447,on,connected,True,synthetic_device_spec_v11
synthetic_customer_005,cabinet_005,2026-08-15 22:00:00+00:00,0,0,0,0,True,True,False,24.121671758496774,-49.549514554055655,3.0460138394988294,3.9993362594043056,0.0,0.0,0.006581160264685771,on,connected,True,synthetic_device_spec_v11
synthetic_customer_005,cabinet_005,2026-08-15 22:10:00+00:00,0,0,0,0,True,True,False,23.783964278079555,-49.53016573784952,2.9900259728584855,4.051450665000138,0.0,0.0,0.0002959316840061011,on,connected,True,synthetic_device_spec_v11
synthetic_customer_005,cabinet_005,2026-08-15 22:20:00+00:00,0,0,0,0,True,True,False,23.619487996775707,-48.13719137931512,3.0264765982298054,3.9978819081688535,0.312474538585871,0.0,0.0,on,connected,True,synthetic_device_spec_v11
synthetic_customer_005,cabinet_005,2026-08-15 22:30:00+00:00,0,0,0,0,True,True,False,23.9356597527599,-48.09026351374767,2.9829321034659024,4.026310762660403,0.09802228665597967,0.0,0.03190680186821714,on,connected,True,synthetic_device_spec_v11
synthetic_customer_005,cabinet_005,2026-08-15 22:40:00+00:00,0,0,0,0,True,True,False,24.05522277810175,-46.50422868745819,3.142993443859911,3.9960249338210834,0.0,0.0,0.0,on,connected,True,synthetic_device_spec_v11
synthetic_customer_005,cabinet_005,2026-08-15 22:50:00+00:00,0,0,0,0,True,True,False,24.047957359922304,-48.145703783127935,3.0457332307519476,4.080252704107758,0.3126394304633025,0.0,0.015419156074331444,on,connected,True,synthetic_device_spec_v11
synthetic_customer_005,cabinet_005,2026-08-15 23:00:00+00:00,0,0,0,0,True,True,False,24.138324497506055,-46.49629419293217,3.025352123424709,3.9566009458674447,0.0,0.0,0.0,on,connected,True,synthetic_device_spec_v11
synthetic_customer_005,cabinet_005,2026-08-15 23:10:00+00:00,0,0,0,0,True,True,False,23.86203163103617,-48.02199239783376,3.000834431152226,4.004800254381601,0.6581590134959261,0.02789122065171458,0.03387143245860069,on,connected,True,synthetic_device_spec_v11
synthetic_customer_005,cabinet_005,2026-08-15 23:20:00+00:00,0,0,0,0,True,True,False,23.895557514620418,-45.41627339855883,2.9894559607108975,3.951935983630743,0.35617018260124494,0.03144983715445284,0.0,on,connected,True,synthetic_device_spec_v11
synthetic_customer_005,cabinet_005,2026-08-15 23:30:00+00:00,0,0,0,0,True,True,False,24.064862184007072,-48.781270562547135,3.0416965697701426,4.057895169110442,0.0,0.0,0.024468660668089236,on,connected,True,synthetic_device_spec_v11
synthetic_customer_005,cabinet_005,2026-08-15 23:40:00+00:00,0,0,0,0,True,True,False,24.18039221351279,-46.92870765632585,3.0252298623421616,4.024726865703691,0.0,0.013690151717727729,0.010972132143143049,on,connected,True,synthetic_device_spec_v11
synthetic_customer_005,cabinet_005,2026-08-15 23:50:00+00:00,0,0,0,0,True,True,False,24.14475747771679,-47.04935409962613,2.9927095651536124,4.000943202571082,1.444032162037606,0.020949410617138436,0.03437926414235003,on,connected,True,synthetic_device_spec_v11
synthetic_customer_005,cabinet_005,2026-08-16 00:00:00+00:00,0,0,0,0,True,True,False,23.95399388199699,-47.5858453119792,2.91269738555438,4.003260063002641,0.21607352355166382,0.0,0.012208397872237625,on,connected,True,synthetic_device_spec_v11
synthetic_customer_005,cabinet_005,2026-08-16 00:10:00+00:00,1,1,1,1,True,True,False,24.09327985452557,-47.624353661736485,3.0238448938927607,3.970838296772467,0.23038877311884207,0.0,0.0,on,connected,True,synthetic_device_spec_v11
synthetic_customer_005,cabinet_005,2026-08-16 00:20:00+00:00,1,1,1,1,True,True,False,24.01352093043495,-48.750369059036565,2.9502515306328245,3.9479465096934314,0.0,0.0,0.0,on,connected,True,synthetic_device_spec_v11
synthetic_customer_005,cabinet_005,2026-08-16 00:30:00+00:00,1,1,1,1,True,True,False,23.732588354539274,-47.59700395699684,3.0053859679036394,4.019618459952586,0.30421135031417107,0.0,0.00626390707872552,on,connected,True,synthetic_device_spec_v11
synthetic_customer_005,cabinet_005,2026-08-16 00:40:00+00:00,0,0,0,0,True,True,False,23.812244052581814,-47.81023778172466,2.9951584636970425,4.115076815286507,0.0,0.0,0.0037075228423195587,on,connected,True,synthetic_device_spec_v11
synthetic_customer_005,cabinet_005,2026-08-16 00:50:00+00:00,0,0,0,0,True,True,False,23.841680955908352,-48.63635763093354,3.0287357748189376,4.031825790950048,0.0,0.030491738897836726,0.009928562640401319,on,connected,True,synthetic_device_spec_v11
synthetic_customer_005,cabinet_005,2026-08-16 01:00:00+00:00,0,0,0,0,True,True,False,24.10681838642586,-47.28694678640377,2.990170327205528,4.061802367755904,0.8743736582972219,0.0,0.013848561659277968,on,connected,True,synthetic_device_spec_v11
synthetic_customer_005,cabinet_005,2026-08-16 01:10:00+00:00,0,0,0,0,True,True,False,24.131233370429786,-48.54800731931381,3.010143664310743,4.034888505495319,0.0,0.015999024549696907,0.0183556634894688,on,connected,True,synthetic_device_spec_v11
synthetic_customer_005,cabinet_005,2026-08-16 01:20:00+00:00,0,0,0,0,True,True,False,23.88538280353722,-47.77123591575433,3.0036296056915255,4.00181329985051,0.0,0.0,0.0,on,connected,True,synthetic_device_spec_v11
synthetic_customer_005,cabinet_005,2026-08-16 01:30:00+00:00,0,0,0,0,True,True,False,24.255197704646438,-48.091173085252045,3.022166597408798,3.918855836165509,0.7174552255524,0.0,0.006695909847708435,on,connected,True,synthetic_device_spec_v11
synthetic_customer_005,cabinet_005,2026-08-16 01:40:00+00:00,0,0,0,0,True,True,False,24.181366052270832,-47.0786928997723,3.0255132033702528,4.102973488675831,0.0,0.0,0.004876937114257566,on,connected,True,synthetic_device_spec_v11
synthetic_customer_005,cabinet_005,2026-08-16 01:50:00+00:00,0,0,0,0,True,True,False,23.949331214346515,-48.264376713957255,3.0687429185114237,4.027571847160014,0.0,0.0,0.006236124508313072,on,connected,True,synthetic_device_spec_v11
synthetic_customer_005,cabinet_005,2026-08-16 02:00:00+00:00,0,0,0,0,True,True,False,23.906292446768813,-48.20349556973033,2.99936745920002,3.922118807866225,0.0,0.0,0.0,on,connected,True,synthetic_device_spec_v11
synthetic_customer_005,cabinet_005,2026-08-16 02:10:00+00:00,0,0,0,0,True,True,False,23.811059314163508,-49.783383071719676,2.9990633602935928,3.8402567451941714,0.0,0.04238212508717082,0.0,on,connected,True,synthetic_device_spec_v11
synthetic_customer_005,cabinet_005,2026-08-16 02:20:00+00:00,0,0,0,0,True,True,False,24.092535239036664,-47.90020061103743,2.9597632894562116,4.046067159136238,0.2562600288043119,0.0,0.0,on,connected,True,synthetic_device_spec_v11
synthetic_customer_005,cabinet_005,2026-08-16 02:30:00+00:00,0,0,0,0,True,True,False,23.719569952159155,-46.221866502057836,2.9842996090732896,3.9844611537586494,0.0,0.007307005744923509,0.0011363493349102012,on,connected,True,synthetic_device_spec_v11
synthetic_customer_005,cabinet_005,2026-08-16 02:40:00+00:00,0,0,0,0,True,True,False,23.935169090423738,-48.02339229982891,3.0309254427282046,4.0551735282129115,0.0,0.04597519665841945,0.0,on,connected,True,synthetic_device_spec_v11
synthetic_customer_005,cabinet_005,2026-08-16 02:50:00+00:00,0,0,0,0,True,True,False,23.886773897720868,-47.29217543832112,3.0612945098218387,3.9093883047426052,0.002196543060718085,0.0,0.0,on,connected,True,synthetic_device_spec_v11
synthetic_customer_005,cabinet_005,2026-08-16 03:00:00+00:00,0,0,0,0,True,True,False,23.937919627875463,-47.43449093549564,2.9623184249031254,4.012923171038832,0.41151638855408756,0.0,0.0,on,connected,True,synthetic_device_spec_v11
synthetic_customer_005,cabinet_005,2026-08-16 03:10:00+00:00,0,0,0,0,True,True,False,24.167279745907386,-48.83674309459282,2.9707334035043353,4.008420960449523,0.858230646995488,0.045978922211074656,0.007684390298437987,on,connected,True,synthetic_device_spec_v11
synthetic_customer_005,cabinet_005,2026-08-16 03:20:00+00:00,0,0,0,0,True,True,False,24.062493544383024,-47.79780275690635,2.9993283016630463,4.033375744836767,0.14385335467283666,0.0009845100527374885,0.0,on,connected,True,synthetic_device_spec_v11
synthetic_customer_005,cabinet_005,2026-08-16 03:30:00+00:00,0,0,0,0,True,True,False,24.173420452344526,-46.758842854325785,3.008998635669818,4.056779516839701,0.1151353693699258,0.0,0.00953365416934295,on,connected,True,synthetic_device_spec_v11
synthetic_customer_005,cabinet_005,2026-08-16 03:40:00+00:00,0,0,0,0,True,True,False,23.97617290321273,-48.673987329756635,2.9852656480276765,3.9991230468167687,0.04789630306216031,0.0,0.02892883850888488,on,connected,True,synthetic_device_spec_v11
synthetic_customer_005,cabinet_005,2026-08-16 03:50:00+00:00,0,0,0,0,True,True,False,24.094535999548057,-47.37380637126632,2.9484510081285205,3.9257277998051783,0.0,0.0,0.0,on,connected,True,synthetic_device_spec_v11
synthetic_customer_005,cabinet_005,2026-08-16 04:00:00+00:00,0,0,0,0,True,True,False,24.210944188047506,-46.42154729332206,2.958406608866889,4.030679604392497,1.6050486050534816,0.0,0.0,on,connected,True,synthetic_device_spec_v11
synthetic_customer_005,cabinet_005,2026-08-16 04:10:00+00:00,0,0,0,0,True,True,False,24.06660729441873,-47.53703031596734,2.990638967689834,4.1185022688615005,3.6008059134368136,0.0,0.0,on,connected,True,synthetic_device_spec_v11
synthetic_customer_005,cabinet_005,2026-08-16 04:20:00+00:00,0,0,0,0,True,True,False,24.024434193529885,-45.96183509692122,2.974055913301819,4.035242422957367,4.944483361980084,0.0,0.0032590135691403913,on,connected,True,synthetic_device_spec_v11
synthetic_customer_005,cabinet_005,2026-08-16 04:30:00+00:00,0,0,0,0,True,True,False,24.124669979269637,-49.22188088242042,2.8994797368360925,4.072930700453318,7.478421866318083,0.006957637505474331,0.013465197973861082,on,connected,True,synthetic_device_spec_v11
synthetic_customer_005,cabinet_005,2026-08-16 04:40:00+00:00,0,0,0,0,True,True,False,23.89596134017769,-47.24974519042969,2.755267883535192,4.056894669548057,8.973281387213285,0.0,0.0,on,connected,True,synthetic_device_spec_v11
synthetic_customer_005,cabinet_005,2026-08-16 04:50:00+00:00,0,0,0,0,True,True,False,24.12889221657943,-47.23555951532377,2.6131815424263243,3.965341273326268,10.925468534257874,0.01154694273075877,0.0,on,connected,True,synthetic_device_spec_v11
synthetic_customer_005,cabinet_005,2026-08-16 05:00:00+00:00,0,0,0,0,True,True,False,23.91673505764856,-46.657719134322186,2.5298480570274524,4.024225278731822,12.947724689286954,0.02355130418209385,0.01396800020797499,on,connected,True,synthetic_device_spec_v11
synthetic_customer_005,cabinet_005,2026-08-16 05:10:00+00:00,0,0,0,0,True,True,False,24.067744624196287,-49.01426214716098,2.383881642328449,3.986993495848371,14.349993650743855,0.008832865049191957,0.023486261065364982,on,connected,True,synthetic_device_spec_v11
synthetic_customer_005,cabinet_005,2026-08-16 05:20:00+00:00,0,0,0,0,True,True,False,24.068829345672263,-47.910439051183765,2.2521539172672336,3.9267087463070363,17.82784470805966,0.0805975528658261,0.004513395592638237,on,connected,True,synthetic_device_spec_v11
synthetic_customer_005,cabinet_005,2026-08-16 05:30:00+00:00,0,0,0,0,True,True,False,24.083512356527944,-48.30890296481899,2.084505737279802,4.005136412000715,18.214750361162267,0.0,0.00012445070840457154,on,connected,True,synthetic_device_spec_v11
synthetic_customer_005,cabinet_005,2026-08-16 05:40:00+00:00,0,0,0,0,True,True,False,23.974782269614195,-47.39474504349907,1.986948978560918,4.075491212572912,21.392118497087502,0.0,0.008545149498523849,on,connected,True,synthetic_device_spec_v11
synthetic_customer_005,cabinet_005,2026-08-16 05:50:00+00:00,0,0,0,0,True,True,False,23.859096627718383,-47.96025250437727,1.9310070708238591,4.0668496236814935,22.72323810593347,0.0013052184442276793,0.0,on,connected,True,synthetic_device_spec_v11
synthetic_customer_005,cabinet_005,2026-08-16 06:00:00+00:00,0,0,0,0,True,True,False,24.024451108948675,-47.720963825881206,1.7538427958941847,4.010370131048037,25.99001427028105,0.0,0.0,on,connected,True,synthetic_device_spec_v11
synthetic_customer_005,cabinet_005,2026-08-16 06:10:00+00:00,1,1,1,1,True,True,False,24.179200529235583,-47.07934328737673,1.6165233317015666,3.967521215748384,24.541204211501388,0.023094856751218577,0.01774568763314239,on,connected,True,synthetic_device_spec_v11
synthetic_customer_005,cabinet_005,2026-08-16 06:20:00+00:00,1,1,1,1,True,True,False,24.01494125684314,-48.690553588698066,1.4716365893614347,4.013337285044826,24.629569155550293,0.0,0.016850573326532333,on,connected,True,synthetic_device_spec_v11
synthetic_customer_005,cabinet_005,2026-08-16 06:30:00+00:00,1,1,1,1,True,True,False,23.91362945055802,-46.81148127328506,1.42348406729813,3.939035888582598,24.654783709920896,0.02991958125144167,0.0064873954387379695,on,connected,True,synthetic_device_spec_v11
synthetic_customer_005,cabinet_005,2026-08-16 06:40:00+00:00,0,0,0,0,True,True,False,24.13789595658025,-48.65327205333662,1.3069945163296242,4.0286531526842015,25.698142835536984,0.0,0.018192325355701946,on,connected,True,synthetic_device_spec_v11
synthetic_customer_005,cabinet_005,2026-08-16 06:50:00+00:00,0,0,0,0,True,True,False,24.007916404941216,-47.49562021405486,1.1469089662078649,4.018786445919474,25.318220194613577,0.017646763874841837,0.005365869356773383,on,connected,True,synthetic_device_spec_v11
synthetic_customer_005,cabinet_005,2026-08-16 07:00:00+00:00,0,0,0,0,True,True,False,24.276497253780203,-48.47594746245619,1.0072367044946993,4.020992713720414,0.0,0.023849707742968646,0.0,on,connected,True,synthetic_device_spec_v11
synthetic_customer_005,cabinet_005,2026-08-16 07:10:00+00:00,0,0,0,0,True,True,False,24.211464572370637,-48.233450055178494,1.0116551325854264,3.951287466063135,0.9760607897035012,0.0,0.0,on,connected,True,synthetic_device_spec_v11
synthetic_customer_005,cabinet_005,2026-08-16 07:20:00+00:00,0,0,0,0,True,True,False,23.79300553579158,-48.649875326002224,0.9375863933673996,4.020741840833201,0.14634741697632778,0.034180156846756356,0.009429378501073317,on,connected,True,synthetic_device_spec_v11
synthetic_customer_005,cabinet_005,2026-08-16 07:30:00+00:00,0,0,0,0,True,True,False,23.988777623444935,-48.59899854045697,1.041180548907549,4.039394719726007,0.0,0.02618640306120004,0.004996775243734942,on,connected,True,synthetic_device_spec_v11
synthetic_customer_005,cabinet_005,2026-08-16 07:40:00+00:00,0,0,0,0,True,True,False,24.086853342936838,-47.97595975832361,1.0010974760264943,3.9184246305278525,0.3416249706118219,0.0,0.0,on,connected,True,synthetic_device_spec_v11
synthetic_customer_005,cabinet_005,2026-08-16 07:50:00+00:00,0,0,0,0,True,True,False,24.07082956388778,-47.108337666861566,1.0394964805747078,4.035242644238783,0.07053978363723358,0.0,0.0,on,connected,True,synthetic_device_spec_v11
synthetic_customer_005,cabinet_005,2026-08-16 08:00:00+00:00,0,0,0,0,True,True,False,23.965230224761065,-48.93800739347102,0.9520365289508633,4.010020340508701,0.02532409443594517,0.0,0.005412130479018924,on,connected,True,synthetic_device_spec_v11
synthetic_customer_005,cabinet_005,2026-08-16 08:10:00+00:00,0,0,0,0,True,True,False,23.76948974678501,-48.975312037385095,0.9668002900512451,4.109315142166745,0.5886215761660709,0.0,0.0,on,connected,True,synthetic_device_spec_v11
synthetic_customer_005,cabinet_005,2026-08-16 08:20:00+00:00,0,0,0,0,True,True,False,23.897359842145164,-48.61223977464774,2.917601241619703,3.8643110712439652,0.0,0.0,0.0,on,connected,True,synthetic_device_spec_v11
synthetic_customer_005,cabinet_005,2026-08-16 08:30:00+00:00,0,0,0,0,True,True,False,23.87403680266786,-47.36097756268622,2.965740638552834,3.960723410908792,0.0,0.0021029347183141186,0.0,on,connected,True,synthetic_device_spec_v11
synthetic_customer_005,cabinet_005,2026-08-16 08:40:00+00:00,0,0,0,0,True,True,False,24.01073110183394,-48.74196790624854,2.8275004894866242,3.9923181621498176,0.0,0.0,0.0,on,connected,True,synthetic_device_spec_v11
synthetic_customer_005,cabinet_005,2026-08-16 08:50:00+00:00,0,0,0,0,True,True,False,23.94726069752261,-47.65969440296945,2.785248937997473,3.945394304359857,0.5208081185281579,0.010973773258355161,0.0,on,connected,True,synthetic_device_spec_v11
synthetic_customer_005,cabinet_005,2026-08-16 09:00:00+00:00,0,0,0,0,True,True,False,23.964198064826405,-47.86094976041323,2.77438304510407,3.9923751919334807,0.7671235333822892,0.03624403306890874,0.016817178299537276,on,connected,True,synthetic_device_spec_v11
synthetic_customer_005,cabinet_005,2026-08-16 09:10:00+00:00,0,0,0,0,True,True,False,23.88714893268889,-48.00889873381735,2.647968354845631,4.036940663904264,0.5389378865699954,0.0,0.04671407748528653,on,connected,True,synthetic_device_spec_v11
synthetic_customer_005,cabinet_005,2026-08-16 09:20:00+00:00,0,0,0,0,True,True,False,24.231751022305975,-47.23847986776536,2.7193785199028633,3.9841460676570346,0.1259206464908167,0.014465640492210894,0.042737810254609036,on,connected,True,synthetic_device_spec_v11
synthetic_customer_005,cabinet_005,2026-08-16 09:30:00+00:00,0,0,0,0,True,True,False,23.806299601386385,-48.26417017043698,2.7073258024359204,3.9772267930606655,0.8493433275284143,0.013251009529470035,0.0,on,connected,True,synthetic_device_spec_v11
synthetic_customer_005,cabinet_005,2026-08-16 09:40:00+00:00,0,0,0,0,True,True,False,23.834558386162346,-48.99463551804946,2.6387908234098,4.0272920877495775,0.0,0.0010810601397264784,0.04045189144762685,on,connected,True,synthetic_device_spec_v11
synthetic_customer_005,cabinet_005,2026-08-16 09:50:00+00:00,0,0,0,0,True,True,False,24.006789381370343,-45.343486023437215,2.5809209565923914,4.0213234941940215,0.0,0.0,0.004902908436066806,on,connected,True,synthetic_device_spec_v11
synthetic_customer_005,cabinet_005,2026-08-16 10:00:00+00:00,0,0,0,0,True,True,False,23.965247831950336,-48.85139004519749,2.5143667859637806,4.077496919694787,0.22493406400519225,0.0,0.0,on,connected,True,synthetic_device_spec_v11
synthetic_customer_005,cabinet_005,2026-08-16 10:10:00+00:00,0,0,0,0,True,True,False,23.85125623755714,-47.56845033202267,2.4490011254056716,3.9519074432552554,0.0,0.018090797844412507,0.0,on,connected,True,synthetic_device_spec_v11
synthetic_customer_005,cabinet_005,2026-08-16 10:20:00+00:00,0,0,0,0,True,True,False,24.00669825126796,-47.6587796080636,2.453280045105987,4.025094237712433,0.018360975151643723,0.010511101188256107,0.009185745922907593,on,connected,True,synthetic_device_spec_v11
synthetic_customer_005,cabinet_005,2026-08-16 10:30:00+00:00,0,0,0,0,True,True,False,23.9332330684367,-48.322939665438646,2.4388081953986562,4.095208182947315,0.44203711057450373,0.030902327260633834,0.0,on,connected,True,synthetic_device_spec_v11
synthetic_customer_005,cabinet_005,2026-08-16 10:40:00+00:00,0,0,0,0,True,True,False,24.112340707124165,-48.02869020749892,2.43374829154633,4.030204325570746,0.0,0.0,0.024852926533964006,on,connected,True,synthetic_device_spec_v11
synthetic_customer_005,cabinet_005,2026-08-16 10:50:00+00:00,0,0,0,0,True,True,False,24.147960303629297,-48.7081199652982,2.3311000510808677,4.089922162201558,0.06748984787748526,0.0,0.007977574599686205,on,connected,True,synthetic_device_spec_v11
synthetic_customer_005,cabinet_005,2026-08-16 11:00:00+00:00,0,0,0,0,True,True,False,23.790815646724386,-48.341704440953144,2.315954870088242,4.0175703413272865,0.36134804234824036,0.00832485023040872,0.015552974534804627,on,connected,True,synthetic_device_spec_v11
synthetic_customer_005,cabinet_005,2026-08-16 11:10:00+00:00,0,0,0,0,True,True,False,23.856857698418978,-49.29015400151183,2.2282438161699303,3.883564220481231,0.4721212782438081,0.009101874594395603,0.0,on,connected,True,synthetic_device_spec_v11
synthetic_customer_005,cabinet_005,2026-08-16 11:20:00+00:00,0,0,0,0,True,True,False,24.08790439077427,-47.671391970442755,2.175459340923554,4.178691204691795,0.0,0.0,0.018662893993440344,on,connected,True,synthetic_device_spec_v11
synthetic_customer_005,cabinet_005,2026-08-16 11:30:00+00:00,0,0,0,0,True,True,False,24.014923474385842,-47.65670948219259,2.147648047413381,4.404100294259015,0.0,0.0,0.024321982290430692,on,connected,True,synthetic_device_spec_v11
synthetic_customer_005,cabinet_005,2026-08-16 11:40:00+00:00,0,0,0,0,True,True,False,24.106772086674862,-48.10203067827985,2.238506161460165,4.677759039565195,0.2944709484815319,0.004955351058426754,0.06718207474953963,on,connected,True,synthetic_device_spec_v11
synthetic_customer_005,cabinet_005,2026-08-16 11:50:00+00:00,0,0,0,0,True,True,False,24.068741094281695,-47.761881791054556,2.202680629128959,4.902105419099173,0.0,0.028500716567573012,0.09871684096238632,on,connected,True,synthetic_device_spec_v11
synthetic_customer_005,cabinet_005,2026-08-16 12:00:00+00:00,0,0,0,0,True,True,False,23.872095404062478,-44.997652179011176,2.1823723931691252,5.197024755883435,0.0,0.05135797534682979,0.16302715673315135,on,connected,True,synthetic_device_spec_v11
synthetic_customer_005,cabinet_005,2026-08-16 12:10:00+00:00,1,1,1,1,True,True,False,24.062511984064777,-47.43241164193944,2.257471570430761,5.499281862362975,0.0,0.03497229805819916,0.19921521671732903,on,connected,True,synthetic_device_spec_v11
synthetic_customer_005,cabinet_005,2026-08-16 12:20:00+00:00,1,1,1,1,True,True,False,24.135653894790753,-47.63636879971381,2.175518118526046,5.714330374779696,0.2615448710364428,0.045949894258892565,0.21823917687444627,on,connected,True,synthetic_device_spec_v11
synthetic_customer_005,cabinet_005,2026-08-16 12:30:00+00:00,1,1,1,1,True,True,False,23.768875364621003,-49.54773052186034,2.146625771171203,5.7950543712246265,0.07037313717655141,0.025888160608829987,0.28589923901098024,on,connected,True,synthetic_device_spec_v11
synthetic_customer_005,cabinet_005,2026-08-16 12:40:00+00:00,0,0,0,0,True,True,False,23.192024262929184,-47.79529402257343,2.1437107356608505,6.171523390360288,0.0,0.0,0.32316845066668437,on,connected,True,synthetic_device_spec_v11
synthetic_customer_005,cabinet_005,2026-08-16 12:50:00+00:00,0,0,0,0,True,True,False,23.214886842013083,-46.35813313604365,2.9534443155378063,6.48242756489712,0.30026969636672024,0.0,0.31657220380547074,on,connected,True,synthetic_device_spec_v11
synthetic_customer_005,cabinet_005,2026-08-16 13:00:00+00:00,0,0,0,0,True,True,False,22.90133329290556,-49.28527211354894,3.050776204982264,6.667061990290136,0.18383749634065194,0.0,0.36188099456929096,on,connected,True,synthetic_device_spec_v11
synthetic_customer_005,cabinet_005,2026-08-16 13:10:00+00:00,0,0,0,0,True,True,False,22.370512015281587,-47.76902334090819,2.9900257150567233,6.979759974613996,0.0,0.0,0.3975790275453026,on,connected,True,synthetic_device_spec_v11
synthetic_customer_005,cabinet_005,2026-08-16 13:20:00+00:00,0,0,0,0,True,True,False,21.90011172163211,-47.95872724060773,3.0231675988546294,6.973636468917595,0.6690626302268484,0.0,0.39250688069192324,on,connected,True,synthetic_device_spec_v11
synthetic_customer_005,cabinet_005,2026-08-16 13:30:00+00:00,0,0,0,0,True,True,False,21.70076482773435,-49.136108705253406,3.0279201294775944,7.038095325456177,0.659593314662504,0.03529339085033716,0.35674508650916076,on,connected,True,synthetic_device_spec_v11
synthetic_customer_005,cabinet_005,2026-08-16 13:40:00+00:00,0,0,0,0,True,True,False,21.419194324649027,-48.161473201136694,3.009600632524322,7.076154471868159,0.0,0.022818997001495433,0.40926573818300427,on,connected,True,synthetic_device_spec_v11
synthetic_customer_005,cabinet_005,2026-08-16 13:50:00+00:00,0,0,0,0,True,True,False,21.068788563681853,-48.210880627673475,2.996149422971205,4.00305658858162,0.13120592069315204,0.0,0.0187149849715373,on,connected,True,synthetic_device_spec_v11
synthetic_customer_005,cabinet_005,2026-08-16 14:00:00+00:00,0,0,0,0,True,True,False,20.598206446818345,-49.396443694502715,2.9694111470283278,3.9124797513701335,0.0,0.03663232926680093,0.0,on,connected,True,synthetic_device_spec_v11
synthetic_customer_005,cabinet_005,2026-08-16 14:10:00+00:00,0,0,0,0,True,True,False,20.473710775131817,-46.579365840822994,2.8730124552710303,3.9285049464283714,0.0,0.0,0.0,on,connected,True,synthetic_device_spec_v11
synthetic_customer_005,cabinet_005,2026-08-16 14:20:00+00:00,0,0,0,0,True,True,False,20.00601642951347,-48.11696713228886,3.0078076729971026,3.96667867219228,0.0,0.0,0.022030130112417046,on,connected,True,synthetic_device_spec_v11
synthetic_customer_005,cabinet_005,2026-08-16 14:30:00+00:00,0,0,0,0,True,True,False,19.525068124698446,-49.419158021545044,2.977391601361831,3.975025128029664,0.17525823519633071,0.0022003847280213846,0.014818352559761404,on,connected,True,synthetic_device_spec_v11
synthetic_customer_005,cabinet_005,2026-08-16 14:40:00+00:00,0,0,0,0,True,True,False,19.41243316395389,-47.09355490943269,2.913133390683284,4.006035226584243,0.0,0.006829877604914665,0.000166013220831188,on,connected,True,synthetic_device_spec_v11
synthetic_customer_005,cabinet_005,2026-08-16 14:50:00+00:00,0,0,0,0,True,True,False,18.92119028372713,-50.073563262616716,2.9360498302105364,3.997541106682259,0.6340316609119544,0.0,0.0,on,connected,True,synthetic_device_spec_v11
synthetic_customer_005,cabinet_005,2026-08-16 15:00:00+00:00,0,0,0,0,True,True,False,18.90046857885779,-49.04881952004475,2.976076718345758,3.9574111798158755,0.0,0.0,0.0,on,connected,True,synthetic_device_spec_v11
synthetic_customer_005,cabinet_005,2026-08-16 16:20:00+00:00,0,0,0,0,True,True,False,24.237363501083117,-47.79469672355455,3.0628032270062437,4.0068027928155825,0.0,0.0014831363195066552,0.00917363462318176,on,connected,True,synthetic_device_spec_v11
synthetic_customer_005,cabinet_005,2026-08-16 16:30:00+00:00,0,0,0,0,True,True,False,23.92469757709779,-47.79160378681852,2.976685859271451,3.9583256920465795,0.0,0.0,0.009117832840615497,on,connected,True,synthetic_device_spec_v11
synthetic_customer_005,cabinet_005,2026-08-16 16:40:00+00:00,0,0,0,0,True,True,False,24.174807962163122,-47.826821002216626,3.0009725511054963,3.9452384101948206,0.0,0.0,0.010123757747360636,on,connected,True,synthetic_device_spec_v11
synthetic_customer_005,cabinet_005,2026-08-16 16:50:00+00:00,0,0,0,0,True,True,False,24.19434526813091,-50.343397184946824,2.9954114985980653,4.027816258987042,0.0,0.025602016579004457,0.0,on,connected,True,synthetic_device_spec_v11
synthetic_customer_005,cabinet_005,2026-08-16 17:00:00+00:00,0,0,0,0,True,True,False,24.04486667107355,-52.68615106348114,3.0144061985210757,4.115804497318663,0.0,0.0839062225110682,0.02654767966717411,on,connected,True,synthetic_device_spec_v11
synthetic_customer_005,cabinet_005,2026-08-16 17:10:00+00:00,0,0,0,0,True,True,False,24.066252453301043,-53.454123331442155,3.012736895437346,3.983129767586453,0.288678323435011,0.11249980723035409,0.0,on,connected,True,synthetic_device_spec_v11
synthetic_customer_005,cabinet_005,2026-08-16 17:20:00+00:00,0,0,0,0,True,True,False,24.085995470842644,-55.78259669767946,2.969535919579297,4.035020277390962,0.0,0.14609315170361678,0.0,on,connected,True,synthetic_device_spec_v11
synthetic_customer_005,cabinet_005,2026-08-16 17:30:00+00:00,0,0,0,0,True,True,False,23.957173293443496,-57.05270066668618,2.9948971571859113,4.01539041010934,0.0,0.1737293210245518,0.014841025554872149,on,connected,True,synthetic_device_spec_v11
synthetic_customer_005,cabinet_005,2026-08-16 17:40:00+00:00,0,0,0,0,True,True,False,24.06724077158875,-59.81895083106171,2.9725624888138507,4.02792308695855,0.0,0.23860508364733357,8.086132282634896e-05,on,connected,True,synthetic_device_spec_v11
synthetic_customer_005,cabinet_005,2026-08-16 17:50:00+00:00,0,0,0,0,True,True,False,24.088585979670242,-61.349541779520834,3.041892061110022,4.0582001152948886,0.6777892530223454,0.245942538976836,0.0,on,connected,True,synthetic_device_spec_v11
synthetic_customer_005,cabinet_005,2026-08-16 18:00:00+00:00,0,0,0,0,True,True,False,24.046446452774006,-64.54580467376486,3.0187283751249043,4.0153428612624396,0.19145007069025635,0.2527446424087461,0.0,on,connected,True,synthetic_device_spec_v11
synthetic_customer_005,cabinet_005,2026-08-16 18:10:00+00:00,1,1,1,1,True,True,False,23.9923422052923,-66.21787488600111,3.047727942633203,3.995542671567831,0.0,0.3142138920732214,0.0,on,connected,True,synthetic_device_spec_v11
synthetic_customer_005,cabinet_005,2026-08-16 18:20:00+00:00,1,1,1,1,True,True,False,23.963578874407023,-66.33948911835897,3.0400833592024097,4.062041837546946,0.27473950374620765,0.3367913016942366,0.003672473543153806,on,connected,True,synthetic_device_spec_v11
synthetic_customer_005,cabinet_005,2026-08-16 18:30:00+00:00,1,1,1,1,True,True,False,23.938265189713167,-68.88328378342023,3.0432007096429183,4.069727844625514,0.0,0.3642545114040831,0.0009009062022437553,on,connected,True,synthetic_device_spec_v11
synthetic_customer_005,cabinet_005,2026-08-16 18:40:00+00:00,0,0,0,0,True,True,False,24.057381785843038,-71.36034755004412,2.9924451845054656,4.053086307877134,0.0,0.47636417311149654,0.002309802749283655,on,connected,True,synthetic_device_spec_v11
synthetic_customer_005,cabinet_005,2026-08-16 18:50:00+00:00,0,0,0,0,True,True,False,23.798304186824737,-72.21778437630286,2.966368881022355,4.001662938581799,0.2046060792728405,0.4710256721789656,0.0,on,connected,True,synthetic_device_spec_v11
synthetic_customer_005,cabinet_005,2026-08-16 19:00:00+00:00,0,0,0,0,True,True,False,23.90030200762959,-75.38611368744655,2.966601448963044,4.049164342432755,0.4509260305410903,0.5101617318983149,0.0,on,connected,True,synthetic_device_spec_v11
synthetic_customer_005,cabinet_005,2026-08-16 19:10:00+00:00,0,0,0,0,True,True,False,24.05479825734331,-77.74028047476695,2.9961975559878424,4.016382053742916,0.3100340620340167,0.5322270631375977,0.0,on,connected,True,synthetic_device_spec_v11
synthetic_customer_005,cabinet_005,2026-08-16 19:20:00+00:00,0,0,0,0,True,True,False,24.194903345343256,-78.55348646772029,2.966345299081555,3.9802753790567116,0.1208028298388479,0.5997702895554561,0.0,on,connected,True,synthetic_device_spec_v11
synthetic_customer_005,cabinet_005,2026-08-16 19:30:00+00:00,0,0,0,0,True,True,False,23.888307955025013,-80.88364085745688,3.001033303969986,3.9722368266683703,0.0,0.6425216566734231,0.018200128360994484,on,connected,True,synthetic_device_spec_v11
synthetic_customer_005,cabinet_005,2026-08-16 19:40:00+00:00,0,0,0,0,True,True,False,24.19625330120659,-85.14281567017476,2.9313463852554187,3.872656298687329,0.0,0.6242602151996204,0.0,on,connected,True,synthetic_device_spec_v11
synthetic_customer_005,cabinet_005,2026-08-16 20:50:00+00:00,0,0,0,0,True,True,False,24.032695940630063,-48.4087261242303,2.8941227364814917,3.902673982408796,0.0,0.0108864812861451,0.021956864001541364,on,connected,True,synthetic_device_spec_v11
synthetic_customer_005,cabinet_005,2026-08-16 21:00:00+00:00,0,0,0,0,True,True,False,24.201366533978376,-47.252428777480894,2.970650958646603,4.088441952420223,0.26457736914431346,0.00012206683372780863,0.0,on,connected,True,synthetic_device_spec_v11
synthetic_customer_005,cabinet_005,2026-08-16 21:10:00+00:00,0,0,0,0,True,True,False,24.05701791633137,-47.61628130341041,2.9639484197161297,4.02645658880599,0.6741337774441117,0.029728038669261433,0.0,on,connected,True,synthetic_device_spec_v11
synthetic_customer_005,cabinet_005,2026-08-16 21:20:00+00:00,0,0,0,0,True,True,False,23.946474014828837,-48.462940411528734,2.9331085631471274,3.94348502479818,0.2444384785917446,0.0,0.0,on,connected,True,synthetic_device_spec_v11
synthetic_customer_005,cabinet_005,2026-08-16 21:30:00+00:00,0,0,0,0,True,True,False,23.85495685342636,-47.93733658542741,3.053859207457773,3.9809132856730858,0.0,0.0,0.0019441816067073685,on,connected,True,synthetic_device_spec_v11
synthetic_customer_005,cabinet_005,2026-08-16 21:40:00+00:00,0,0,0,0,True,True,False,23.98605026955185,-47.53246899702206,2.9953512289391284,4.024771411568519,0.24794088890216903,0.04365818335108739,0.0,on,connected,True,synthetic_device_spec_v11
synthetic_customer_005,cabinet_005,2026-08-16 21:50:00+00:00,0,0,0,0,True,True,False,23.906122550286366,-48.38402904567397,2.9952706132792764,3.956809025715475,0.0,0.0,0.0,on,connected,True,synthetic_device_spec_v11
synthetic_customer_005,cabinet_005,2026-08-16 22:00:00+00:00,0,0,0,0,True,True,False,24.103253739861344,-48.388111918827214,3.077790884783077,4.0301553679474695,0.0,0.0,0.009224029520736273,on,connected,True,synthetic_device_spec_v11
synthetic_customer_005,cabinet_005,2026-08-16 22:10:00+00:00,0,0,0,0,True,True,False,23.85450061650177,-47.701858460283376,2.9637382811702464,3.9762069655148755,0.0738176746016323,0.0,0.0006540429891573378,on,connected,True,synthetic_device_spec_v11
synthetic_customer_005,cabinet_005,2026-08-16 22:20:00+00:00,0,0,0,0,True,True,False,23.976075642744824,-49.59730121070346,2.9946942898743463,4.004093029375331,0.5589933790623918,0.0040751062178821735,0.006543758021245778,on,connected,True,synthetic_device_spec_v11
synthetic_customer_005,cabinet_005,2026-08-16 22:30:00+00:00,0,0,0,0,True,True,False,24.301131554193372,-49.25357374612484,3.0004561001014367,3.979741029996086,0.620474521054421,0.0,0.0,on,connected,True,synthetic_device_spec_v11
synthetic_customer_005,cabinet_005,2026-08-16 22:40:00+00:00,0,0,0,0,True,True,False,24.135502319259846,-47.39367744991039,3.0473447742021915,4.088286674625674,0.7135182185243373,0.009465406679384664,0.0,on,connected,True,synthetic_device_spec_v11
synthetic_customer_005,cabinet_005,2026-08-16 22:50:00+00:00,0,0,0,0,True,True,False,24.02287848464916,-49.140929396245596,3.032714745147154,3.910484643854358,0.0,0.0044520074265690214,0.012885173799106147,on,connected,True,synthetic_device_spec_v11
synthetic_customer_005,cabinet_005,2026-08-16 23:00:00+00:00,0,0,0,0,True,True,False,24.064436769411294,-48.72830469674291,2.99701470502243,4.01175888848885,1.560098575891456,0.0,0.0,on,connected,True,synthetic_device_spec_v11
synthetic_customer_005,cabinet_005,2026-08-16 23:10:00+00:00,0,0,0,0,True,True,False,23.892916101928588,-47.93833095005358,3.005665677043182,3.973159405484269,0.0,0.007840191343999603,0.014579520340813912,on,connected,True,synthetic_device_spec_v11
synthetic_customer_005,cabinet_005,2026-08-16 23:20:00+00:00,0,0,0,0,True,True,False,23.73882101071065,-47.91226224912004,2.960710162467623,4.088907856953471,0.0,0.0,0.0,on,connected,True,synthetic_device_spec_v11
synthetic_customer_005,cabinet_005,2026-08-16 23:30:00+00:00,0,0,0,0,True,True,False,23.863916263224883,-48.245375811416835,2.8998029900980478,4.038844813321107,0.00684895414813855,0.009625691968926304,0.013045810096073546,on,connected,True,synthetic_device_spec_v11
synthetic_customer_005,cabinet_005,2026-08-16 23:40:00+00:00,0,0,0,0,True,True,False,24.07100195221375,-45.797566483789886,3.0526717494168247,3.957266542681434,0.8996496719357799,0.07983339846055489,0.0024623346328521804,on,connected,True,synthetic_device_spec_v11
synthetic_customer_005,cabinet_005,2026-08-16 23:50:00+00:00,0,0,0,0,True,True,False,24.042058508775295,-48.72791116459852,2.9601127979145776,3.9377829897591727,0.0,0.0,2.6163943625092798e-05,on,connected,True,synthetic_device_spec_v11
synthetic_customer_005,cabinet_005,2026-08-17 00:00:00+00:00,0,0,0,0,True,True,False,23.918351289043642,-46.79651101322456,3.052105410595862,4.003863000830596,0.0,0.0,0.0,on,connected,True,synthetic_device_spec_v11
synthetic_customer_005,cabinet_005,2026-08-17 00:10:00+00:00,1,1,1,1,True,True,False,23.933568766123052,-47.43969246236115,3.003792522631208,4.101554173723006,0.10163908951101483,0.04696542820816139,0.010182312832299594,on,connected,True,synthetic_device_spec_v11
synthetic_customer_005,cabinet_005,2026-08-17 00:20:00+00:00,1,1,1,1,True,True,False,24.09315484856673,-49.28944173542755,2.936982340065199,3.9285765777108286,0.0,0.00942952051626985,0.010605155161018173,on,connected,True,synthetic_device_spec_v11
synthetic_customer_005,cabinet_005,2026-08-17 00:30:00+00:00,1,1,1,1,True,True,False,23.9865561245569,-47.03569154793081,2.965424886077118,4.099606089058967,0.0,0.04074798304966659,0.0061608102718709295,on,connected,True,synthetic_device_spec_v11
synthetic_customer_005,cabinet_005,2026-08-17 00:40:00+00:00,0,0,0,0,True,True,False,23.843222863726055,-46.85602680221974,2.952551136951401,3.940142844823863,0.6120237502233937,0.019060068826562478,0.0,on,connected,True,synthetic_device_spec_v11
synthetic_customer_005,cabinet_005,2026-08-17 00:50:00+00:00,0,0,0,0,True,True,False,24.135844276976123,-47.01421287285538,3.020666404626428,3.932296927122618,0.0,0.0032145951217861417,0.0,on,connected,True,synthetic_device_spec_v11
synthetic_customer_005,cabinet_005,2026-08-17 01:00:00+00:00,0,0,0,0,True,True,False,23.786974934739426,-48.29149995806359,2.91693071455523,4.037964713026706,0.0,0.0,0.0,on,connected,True,synthetic_device_spec_v11
synthetic_customer_005,cabinet_005,2026-08-17 01:10:00+00:00,0,0,0,0,True,True,False,23.955077986311515,-48.07622466796402,2.962051366769968,3.9663948728741887,0.629021198955687,0.007324939610063912,0.015042366754906554,on,connected,True,synthetic_device_spec_v11
synthetic_customer_005,cabinet_005,2026-08-17 01:20:00+00:00,0,0,0,0,True,True,False,23.983491706361438,-47.72303655342065,2.9224468161295674,4.000727352223499,0.0,0.0,0.0,on,connected,True,synthetic_device_spec_v11
synthetic_customer_005,cabinet_005,2026-08-17 01:30:00+00:00,0,0,0,0,True,True,False,24.128434254746157,-48.76289726314541,2.9212671372604406,3.903588662147491,0.02023961245774973,0.0,0.020333422935152657,on,connected,True,synthetic_device_spec_v11
synthetic_customer_005,cabinet_005,2026-08-17 01:40:00+00:00,0,0,0,0,True,True,False,24.3229837943894,-47.85609867993794,3.119982049167912,4.00193993465935,0.0,0.012970999397495582,0.018073151473419504,on,connected,True,synthetic_device_spec_v11
synthetic_customer_005,cabinet_005,2026-08-17 01:50:00+00:00,0,0,0,0,True,True,False,24.10562225972375,-46.61150244792454,2.996494122545474,4.047613088012069,0.5046486267563337,0.05126547993404848,0.0,on,connected,True,synthetic_device_spec_v11
synthetic_customer_005,cabinet_005,2026-08-17 02:00:00+00:00,0,0,0,0,True,True,False,24.286674275481424,-48.54202263507207,3.05894798905502,4.010728140759734,0.0,0.008726089288954294,0.015592960182546505,on,connected,True,synthetic_device_spec_v11
synthetic_customer_005,cabinet_005,2026-08-17 02:10:00+00:00,0,0,0,0,True,True,False,23.84979632699679,-50.087086398628614,2.9892502021229275,3.9893415674405044,0.0,0.022390689256588762,0.010283054278395818,on,connected,True,synthetic_device_spec_v11
synthetic_customer_005,cabinet_005,2026-08-17 02:20:00+00:00,0,0,0,0,True,True,False,24.097976771247463,-47.13970825090948,2.9663394687515297,4.003543775791228,0.0,0.0,0.0,on,connected,True,synthetic_device_spec_v11
synthetic_customer_005,cabinet_005,2026-08-17 02:30:00+00:00,0,0,0,0,True,True,False,23.91734636885514,-50.1676294341447,2.94361847602271,4.102946483912671,0.0,0.019497010540415832,0.027085518650339608,on,connected,True,synthetic_device_spec_v11
synthetic_customer_005,cabinet_005,2026-08-17 02:40:00+00:00,0,0,0,0,True,True,False,24.254926578413617,-46.693124504566974,2.9471832647431264,4.00641125818346,0.0,0.0,0.032223578786501804,on,connected,True,synthetic_device_spec_v11
synthetic_customer_005,cabinet_005,2026-08-17 02:50:00+00:00,0,0,0,0,True,True,False,23.986303652984684,-47.737208839229375,3.0341892767646215,4.03906182114141,0.3593766108521378,0.0,0.0,on,connected,True,synthetic_device_spec_v11
synthetic_customer_005,cabinet_005,2026-08-17 03:00:00+00:00,0,0,0,0,True,True,False,24.02420248933907,-49.00160890723383,3.0265070782002548,4.045482026017724,0.5215803623939217,0.0,0.0,on,connected,True,synthetic_device_spec_v11
synthetic_customer_005,cabinet_005,2026-08-17 03:10:00+00:00,0,0,0,0,True,True,False,24.149300142599635,-47.67878077753336,3.0208924045743846,3.927765558227485,0.1316726953000862,0.016566259054866927,0.0,on,connected,True,synthetic_device_spec_v11
synthetic_customer_005,cabinet_005,2026-08-17 03:20:00+00:00,0,0,0,0,True,True,False,24.039321358018476,-48.336573130000204,3.007964860294264,4.07065988287667,0.4107076268067944,0.0,0.0,on,connected,True,synthetic_device_spec_v11
synthetic_customer_005,cabinet_005,2026-08-17 03:30:00+00:00,0,0,0,0,True,True,False,23.791052637578424,-48.65817263534597,2.9904652335940742,3.9942338286354597,0.0,0.0,0.0006056697148748868,on,connected,True,synthetic_device_spec_v11
synthetic_customer_005,cabinet_005,2026-08-17 03:40:00+00:00,0,0,0,0,True,True,False,23.797953870988437,-49.54358585166483,2.9253919826775623,3.9733941583725656,0.0,0.0515545262377679,0.0,on,connected,True,synthetic_device_spec_v11
synthetic_customer_005,cabinet_005,2026-08-17 03:50:00+00:00,0,0,0,0,True,True,False,24.046094600032042,-47.97388611026702,2.9794356293344313,4.054355531124833,0.0,0.0,0.0,on,connected,True,synthetic_device_spec_v11
synthetic_customer_005,cabinet_005,2026-08-17 04:00:00+00:00,0,0,0,0,True,True,False,23.961939729948067,-48.04758235393451,3.030496132020404,4.023858590656549,0.2423622178457198,0.0,0.006501090406109065,on,connected,True,synthetic_device_spec_v11
synthetic_customer_005,cabinet_005,2026-08-17 04:10:00+00:00,0,0,0,0,True,True,False,23.873971044285113,-47.532620835058054,2.9877929105222645,3.929862464332827,0.0,0.0,0.0,on,connected,True,synthetic_device_spec_v11
synthetic_customer_005,cabinet_005,2026-08-17 04:20:00+00:00,0,0,0,0,True,True,False,23.938606364751333,-50.002242844520936,2.980165502113034,3.9263704942171906,0.0,0.00251393122545264,0.0,on,connected,True,synthetic_device_spec_v11
synthetic_customer_005,cabinet_005,2026-08-17 04:30:00+00:00,0,0,0,0,True,True,False,24.01578362803336,-47.66142189454569,3.0754577335494937,3.9926898318166377,0.2113777233647458,0.0,0.039240665805645406,on,connected,True,synthetic_device_spec_v11
synthetic_customer_005,cabinet_005,2026-08-17 04:40:00+00:00,0,0,0,0,True,True,False,24.041612597541935,-47.13195872903388,3.0143819256304876,4.0767442388693,0.05933294345086491,0.0,0.007887101439336264,on,connected,True,synthetic_device_spec_v11
synthetic_customer_005,cabinet_005,2026-08-17 04:50:00+00:00,0,0,0,0,True,True,False,23.77663731835327,-47.319675833835454,3.0019667221640516,4.015993669364558,0.0,0.006771458126929645,0.01917346554623562,on,connected,True,synthetic_device_spec_v11
synthetic_customer_005,cabinet_005,2026-08-17 05:00:00+00:00,0,0,0,0,True,True,False,24.037429181084843,-46.8676108778539,2.9753654886237397,3.892473700216018,0.0,0.003925219611189761,0.0,on,connected,True,synthetic_device_spec_v11
synthetic_customer_005,cabinet_005,2026-08-17 05:10:00+00:00,0,0,0,0,True,True,False,23.844496996033314,-46.07966618523341,2.939264487951649,3.9560059273935817,0.0,0.0,0.007863219255173082,on,connected,True,synthetic_device_spec_v11
synthetic_customer_005,cabinet_005,2026-08-17 05:20:00+00:00,0,0,0,0,True,True,False,24.10746199149838,-47.266628878906666,3.026733434303837,3.9197134191367513,0.0,0.01218277979227441,0.010593936469500149,on,connected,True,synthetic_device_spec_v11
synthetic_customer_005,cabinet_005,2026-08-17 05:30:00+00:00,0,0,0,0,True,True,False,24.171401067661808,-47.889254402239644,2.9558281500821098,4.037971331265637,0.0,0.0,0.023966412677060605,on,connected,True,synthetic_device_spec_v11
synthetic_customer_005,cabinet_005,2026-08-17 05:40:00+00:00,0,0,0,0,True,True,False,24.174115865847988,-48.24118869760186,3.03384947713418,4.036124185086583,0.0,0.0,0.0,on,connected,True,synthetic_device_spec_v11
synthetic_customer_005,cabinet_005,2026-08-17 05:50:00+00:00,0,0,0,0,True,True,False,24.105681057589095,-47.696251595941966,2.980806293133393,4.0477747068430645,0.5970007405413905,0.0,0.0,on,connected,True,synthetic_device_spec_v11
synthetic_customer_005,cabinet_005,2026-08-17 06:00:00+00:00,0,0,0,0,True,True,False,24.049708901004472,-46.62284129117337,2.9622687846011106,4.051696919425969,0.26073537756244125,0.008065295478395927,0.0,on,connected,True,synthetic_device_spec_v11
synthetic_customer_005,cabinet_005,2026-08-17 06:10:00+00:00,1,1,1,1,True,True,False,24.03391623468708,-48.726655756209055,3.013334650710694,3.946014868385779,0.0,0.013427163055095143,0.0030563849011833425,on,connected,True,synthetic_device_spec_v11
synthetic_customer_005,cabinet_005,2026-08-17 06:20:00+00:00,1,1,1,1,True,True,False,24.02316693129415,-46.51597522053691,3.0871154333056525,4.056766230673213,0.9665403828442826,0.0,0.03118200078175698,on,connected,True,synthetic_device_spec_v11
synthetic_customer_005,cabinet_005,2026-08-17 06:30:00+00:00,1,1,1,1,True,True,False,24.189943530712185,-49.15161310063483,2.97367995451727,4.030083784476504,0.030252692129611035,0.0021044297041587483,0.014580089234562076,on,connected,True,synthetic_device_spec_v11
synthetic_customer_005,cabinet_005,2026-08-17 06:40:00+00:00,0,0,0,0,True,True,False,23.99842293369309,-48.86495920698761,3.0624184436049697,3.984272584224566,0.0,0.011484024182061375,0.019153559851075544,on,connected,True,synthetic_device_spec_v11
synthetic_customer_005,cabinet_005,2026-08-17 06:50:00+00:00,0,0,0,0,True,True,False,24.115287848406375,-49.094482314146035,2.935798080441234,3.9877370967828307,0.0,0.0,0.01123592009226131,on,connected,True,synthetic_device_spec_v11
synthetic_customer_005,cabinet_005,2026-08-17 07:00:00+00:00,0,0,0,0,True,True,False,23.934073694638094,-47.776939568196134,3.004434044523331,4.037992328777023,0.0,0.028171761187801764,0.0,on,connected,True,synthetic_device_spec_v11
synthetic_customer_005,cabinet_005,2026-08-17 07:10:00+00:00,0,0,0,0,True,True,False,23.74585049763747,-48.872003645470656,2.9945208467582143,4.155246684118174,0.011945620560455261,0.0,0.03247654865300766,on,connected,True,synthetic_device_spec_v11
synthetic_customer_005,cabinet_005,2026-08-17 07:20:00+00:00,0,0,0,0,True,True,False,23.98058207870818,-46.67365376367764,2.9778871116880556,4.323348199827994,0.11777364530171278,0.013845210116932863,0.04620242993404693,on,connected,True,synthetic_device_spec_v11
synthetic_customer_005,cabinet_005,2026-08-17 07:30:00+00:00,0,0,0,0,True,True,False,24.12570219297371,-47.32089985283371,2.9547249593174008,4.550322434645893,0.0,0.011340046007343006,0.08060370199718418,on,connected,True,synthetic_device_spec_v11
synthetic_customer_005,cabinet_005,2026-08-17 07:40:00+00:00,0,0,0,0,True,True,False,24.050463062008774,-49.754875273768114,2.9253888893951343,4.67631220828294,0.0,0.0213391632330929,0.1055480863739615,on,connected,True,synthetic_device_spec_v11
synthetic_customer_005,cabinet_005,2026-08-17 07:50:00+00:00,0,0,0,0,True,True,False,23.92483207016207,-48.07467720885792,3.0110340847025343,4.961739723791262,0.1658059126475622,0.0,0.08800010858604992,on,connected,True,synthetic_device_spec_v11
synthetic_customer_005,cabinet_005,2026-08-17 08:00:00+00:00,0,0,0,0,True,True,False,23.97280833166154,-48.05869174479576,3.0408288717087903,5.003222766596811,0.634263567842334,0.026821016071583756,0.12535482552294658,on,connected,True,synthetic_device_spec_v11
synthetic_customer_005,cabinet_005,2026-08-17 08:10:00+00:00,0,0,0,0,True,True,False,23.87855322042643,-48.563834677455944,2.9968814828602155,5.24913603834752,0.0,0.0,0.19293568796722016,on,connected,True,synthetic_device_spec_v11
synthetic_customer_005,cabinet_005,2026-08-17 08:20:00+00:00,0,0,0,0,True,True,False,23.922000047287497,-46.88050188110754,3.0584656918765463,5.299744154554764,0.0,0.0,0.2018256753079008,on,connected,True,synthetic_device_spec_v11
synthetic_customer_005,cabinet_005,2026-08-17 08:30:00+00:00,0,0,0,0,True,True,False,23.883583982139186,-47.066560861969464,3.003682360671997,5.638961539652313,0.6279373992409297,0.010832492430141595,0.2056961315824258,on,connected,True,synthetic_device_spec_v11
synthetic_customer_005,cabinet_005,2026-08-17 08:40:00+00:00,0,0,0,0,True,True,False,24.07018462462972,-46.28743262841759,2.9962789945069543,5.768109621566652,0.012520081681417009,0.0,0.23250375827724046,on,connected,True,synthetic_device_spec_v11
synthetic_customer_005,cabinet_005,2026-08-17 08:50:00+00:00,0,0,0,0,True,True,False,23.943641474672436,-46.469817732465955,3.006176878898778,5.957118519398851,0.0,0.0,0.275452477710873,on,connected,True,synthetic_device_spec_v11
synthetic_customer_005,cabinet_005,2026-08-17 09:00:00+00:00,0,0,0,0,True,True,False,23.956585957186267,-47.40936882449889,2.9645166244101686,6.060143197586556,0.0,0.06078488794385655,0.26916141221745304,on,connected,True,synthetic_device_spec_v11
synthetic_customer_005,cabinet_005,2026-08-17 09:10:00+00:00,0,0,0,0,True,True,False,23.78691090276993,-47.29223721906343,2.971491517998613,6.2456100501337435,0.0,0.005066172740810979,0.3214908365451089,on,connected,True,synthetic_device_spec_v11
synthetic_customer_005,cabinet_005,2026-08-17 09:20:00+00:00,0,0,0,0,True,True,False,24.09651130108133,-47.37604811814547,3.011894244662806,6.482277920306113,0.0,0.0,0.3192950216561622,on,connected,True,synthetic_device_spec_v11
synthetic_customer_005,cabinet_005,2026-08-17 09:30:00+00:00,0,0,0,0,True,True,False,24.166125963892792,-47.413275354889954,3.02154378477065,6.6742540187752555,0.0,0.021989159954167087,0.3255512795575459,on,connected,True,synthetic_device_spec_v11
synthetic_customer_005,cabinet_005,2026-08-17 09:40:00+00:00,0,0,0,0,True,True,False,23.936348608068226,-46.26671628449144,3.032738638857185,6.841840478796343,0.08088959423186233,0.03491023161392328,0.33462378951081634,on,connected,True,synthetic_device_spec_v11
synthetic_customer_005,cabinet_005,2026-08-17 09:50:00+00:00,0,0,0,0,True,True,False,24.039370938449938,-47.91657480846421,2.961055516432432,6.92650142776942,0.09438555198806939,0.0,0.4043471355937514,on,connected,True,synthetic_device_spec_v11
synthetic_customer_005,cabinet_005,2026-08-17 10:00:00+00:00,0,0,0,0,True,True,False,23.91217327178246,-48.14300513833426,2.980676638654413,7.037902426054635,0.7733689168486826,0.0,0.3971863522311587,on,connected,True,synthetic_device_spec_v11
synthetic_customer_005,cabinet_005,2026-08-17 10:10:00+00:00,0,0,0,0,True,True,False,24.177607633216645,-49.30304671885481,2.961577532023046,7.090804619045113,0.02968993706583744,0.0,0.38566709517417697,on,connected,True,synthetic_device_spec_v11
synthetic_customer_005,cabinet_005,2026-08-17 10:20:00+00:00,0,0,0,0,True,True,False,23.848661129062272,-49.25446028592603,2.953229091926517,7.025182421656509,0.0,0.01576516777839541,0.3886649707265669,on,connected,True,synthetic_device_spec_v11
synthetic_customer_005,cabinet_005,2026-08-17 10:30:00+00:00,0,0,0,0,True,True,False,23.84974748060535,-49.05967395979859,2.9917320578303253,4.048592059127312,0.0,0.0,0.014848004029050508,on,connected,True,synthetic_device_spec_v11
synthetic_customer_005,cabinet_005,2026-08-17 10:40:00+00:00,0,0,0,0,True,True,False,24.076108156179668,-49.21415333897041,3.0556713889866396,3.941954774994692,0.0,0.0,0.0015752860320092312,on,connected,True,synthetic_device_spec_v11
synthetic_customer_005,cabinet_005,2026-08-17 10:50:00+00:00,0,0,0,0,True,True,False,23.914569276226185,-46.41148847817031,2.9900551294021054,3.96786021353293,0.22674395847194617,0.0,0.022931813514411998,on,connected,True,synthetic_device_spec_v11
synthetic_customer_005,cabinet_005,2026-08-17 11:00:00+00:00,0,0,0,0,True,True,False,23.88251536077359,-48.7678351733749,3.0108438252419263,4.046067755844647,0.46084694216271765,0.0,0.006255565976340334,on,connected,True,synthetic_device_spec_v11
synthetic_customer_005,cabinet_005,2026-08-17 11:10:00+00:00,0,0,0,0,True,True,False,23.83429817482032,-48.0514203966312,3.1015368346023346,4.0362785555391465,0.0,0.00993396588589937,0.01040290512696595,on,connected,True,synthetic_device_spec_v11
synthetic_customer_005,cabinet_005,2026-08-17 11:20:00+00:00,0,0,0,0,True,True,False,24.07494550460765,-48.479002954042485,2.991239750627422,4.037934414743718,0.05849911793767355,0.007047932667481574,0.01714009520109225,on,connected,True,synthetic_device_spec_v11
synthetic_customer_005,cabinet_005,2026-08-17 11:30:00+00:00,0,0,0,0,True,True,False,24.162936656121506,-48.5414376058058,2.9513500285893413,4.022048669487323,0.14181686545559788,0.025017412994448675,0.0,on,connected,True,synthetic_device_spec_v11
synthetic_customer_005,cabinet_005,2026-08-17 11:40:00+00:00,0,0,0,0,True,True,False,24.150012329199257,-49.35722859100124,2.9920733346654664,3.9851458915877447,0.3738888217139735,0.052417895400963366,0.0,on,connected,True,synthetic_device_spec_v11
synthetic_customer_005,cabinet_005,2026-08-17 11:50:00+00:00,0,0,0,0,True,True,False,23.943547862180548,-48.297695298181594,3.0673080523796385,4.052582559103525,0.0,0.00888546494924319,0.010388980922762907,on,connected,True,synthetic_device_spec_v11
synthetic_customer_005,cabinet_005,2026-08-17 12:00:00+00:00,0,0,0,0,True,True,False,24.032431743216428,-46.653281556944556,3.0168979542501027,3.939992527173868,0.0,0.011924584762227613,0.029770119085508393,on,connected,True,synthetic_device_spec_v11
synthetic_customer_005,cabinet_005,2026-08-17 12:10:00+00:00,1,1,1,1,True,True,False,23.921013580701167,-49.42764333848457,3.0581593302292407,4.116977801795955,0.760197918279842,0.0,0.009689053802702305,on,connected,True,synthetic_device_spec_v11
synthetic_customer_005,cabinet_005,2026-08-17 12:20:00+00:00,1,1,1,1,True,True,False,23.889804864629802,-46.90084486439151,3.0667396285952577,4.029431812506306,0.0,0.0,0.0,on,connected,True,synthetic_device_spec_v11
synthetic_customer_005,cabinet_005,2026-08-17 12:30:00+00:00,1,1,1,1,True,True,False,23.908826714472024,-47.69285392173737,2.9861685639533326,3.9479443378054033,0.0,0.0,0.00910624736831959,on,connected,True,synthetic_device_spec_v11
synthetic_customer_005,cabinet_005,2026-08-17 12:40:00+00:00,0,0,0,0,True,True,False,24.05477639237542,-47.99934880634074,3.0370941222983157,3.95627327637082,0.5931942913070068,0.01170167727610785,0.0,on,connected,True,synthetic_device_spec_v11
synthetic_customer_005,cabinet_005,2026-08-17 12:50:00+00:00,0,0,0,0,True,True,False,24.087419237358855,-47.968872701000414,2.9976067320085313,3.97677757376927,0.0,0.015333563135405282,0.0,on,connected,True,synthetic_device_spec_v11
synthetic_customer_005,cabinet_005,2026-08-17 13:00:00+00:00,0,0,0,0,True,True,False,23.87794225045633,-50.04636390624962,2.9668308684289695,4.096484040858499,0.0,0.0,0.0001728005992567885,on,connected,True,synthetic_device_spec_v11
synthetic_customer_005,cabinet_005,2026-08-17 13:10:00+00:00,0,0,0,0,True,True,False,24.05246909015558,-49.35669603672146,3.015938982749648,4.059348405679652,0.8919791919850106,0.01818663764086381,0.0,on,connected,True,synthetic_device_spec_v11
synthetic_customer_005,cabinet_005,2026-08-17 13:20:00+00:00,0,0,0,0,True,True,False,23.922422934416367,-47.662317839712586,3.035756375051654,4.047612105411329,0.15346185870596296,0.00020911848168045298,0.0,on,connected,True,synthetic_device_spec_v11
synthetic_customer_005,cabinet_005,2026-08-17 13:30:00+00:00,0,0,0,0,True,True,False,23.81068422540831,-48.90373688206093,3.0133632307873413,4.05351551521006,0.3259087596191576,0.006573044144272057,0.0177748159223608,on,connected,True,synthetic_device_spec_v11
synthetic_customer_005,cabinet_005,2026-08-17 13:40:00+00:00,0,0,0,0,True,True,False,23.955429093951764,-48.003476512044564,2.9791200033693106,4.019801261630859,0.36315245259533807,0.02569500594232689,0.018523259746732364,on,connected,True,synthetic_device_spec_v11
synthetic_customer_005,cabinet_005,2026-08-17 13:50:00+00:00,0,0,0,0,True,True,False,23.802860042363914,-48.816512105478424,3.015668780861566,4.031373472904634,0.0,0.01923540641172358,0.01430794772902876,on,connected,True,synthetic_device_spec_v11
synthetic_customer_005,cabinet_005,2026-08-17 14:00:00+00:00,0,0,0,0,True,True,False,23.838415908030985,-47.2900173283603,3.0015120966239857,3.909182566677289,0.0,0.0,0.0,on,connected,True,synthetic_device_spec_v11
synthetic_customer_005,cabinet_005,2026-08-17 14:10:00+00:00,0,0,0,0,True,True,False,24.152628703381716,-46.2292851505587,2.9476914996683536,3.8676842104071314,0.0,0.0,0.0,on,connected,True,synthetic_device_spec_v11
synthetic_customer_005,cabinet_005,2026-08-17 14:20:00+00:00,0,0,0,0,True,True,False,23.985607159575423,-46.98312759968267,3.002119849982077,4.002112554296699,0.5654717426626511,0.0,0.009631499762513904,on,connected,True,synthetic_device_spec_v11
synthetic_customer_005,cabinet_005,2026-08-17 14:30:00+00:00,0,0,0,0,True,True,False,23.94972509184953,-50.03964463930748,3.027567183305204,4.0539562917943925,0.0,0.0,0.013318116130770313,on,connected,True,synthetic_device_spec_v11
synthetic_customer_005,cabinet_005,2026-08-17 14:40:00+00:00,0,0,0,0,True,True,False,24.011383320260276,-46.15850218194608,3.0057691913531412,4.0309946254640145,0.0,0.029267051127591672,0.02759371792019076,on,connected,True,synthetic_device_spec_v11
synthetic_customer_005,cabinet_005,2026-08-17 14:50:00+00:00,0,0,0,0,True,True,False,24.009602567200886,-46.47514783192105,2.930440959206606,4.061543404678103,0.44687776285924286,0.0,0.012196918304171127,on,connected,True,synthetic_device_spec_v11
synthetic_customer_005,cabinet_005,2026-08-17 15:00:00+00:00,0,0,0,0,True,True,False,23.835315887658194,-48.043845432262174,3.0073779729341847,3.9259719397255592,0.0,0.0,0.0010860514992579336,on,connected,True,synthetic_device_spec_v11
synthetic_customer_005,cabinet_005,2026-08-17 15:10:00+00:00,0,0,0,0,True,True,False,24.08147243445368,-49.032820461007496,2.993912613801781,3.969462796448683,0.23465750545583874,0.0,0.002383252215122914,on,connected,True,synthetic_device_spec_v11
synthetic_customer_005,cabinet_005,2026-08-17 15:20:00+00:00,0,0,0,0,True,True,False,24.077967086588966,-48.94130526376942,3.007847195282693,3.9966956864919685,0.08778857222693294,0.0,0.0,on,connected,True,synthetic_device_spec_v11
synthetic_customer_005,cabinet_005,2026-08-17 15:30:00+00:00,0,0,0,0,True,True,False,23.86388522462651,-48.26390728617644,2.9914352611627115,3.9466939413302793,0.3170177903186954,0.03207506191574304,0.03609602795146913,on,connected,True,synthetic_device_spec_v11
synthetic_customer_005,cabinet_005,2026-08-17 15:40:00+00:00,0,0,0,0,True,True,False,23.974998935179308,-48.11686547031188,2.9931388963541514,3.9889807348091275,0.0,0.0,0.0,on,connected,True,synthetic_device_spec_v11
synthetic_customer_005,cabinet_005,2026-08-17 15:50:00+00:00,0,0,0,0,True,True,False,23.791827411362743,-49.2769280783078,2.9076238369363083,4.017841335155143,0.3084889214684236,0.0,0.017651520948685284,on,connected,True,synthetic_device_spec_v11
synthetic_customer_005,cabinet_005,2026-08-17 16:00:00+00:00,0,0,0,0,True,True,False,23.80738411982486,-49.218293405211696,3.021870276526609,4.041125607339256,0.0,0.06713534918184354,0.0,on,connected,True,synthetic_device_spec_v11
synthetic_customer_005,cabinet_005,2026-08-17 16:10:00+00:00,0,0,0,0,True,True,False,23.99318248706019,-47.70871070144163,3.0287322628763227,4.058323367208764,0.0,0.0,0.006656571554103875,on,connected,True,synthetic_device_spec_v11
synthetic_customer_005,cabinet_005,2026-08-17 16:20:00+00:00,0,0,0,0,True,True,False,23.86796657388051,-47.014111406412916,2.9926154174461637,3.89922893909636,0.2786311674801665,0.004491792526836786,0.0,on,connected,True,synthetic_device_spec_v11
synthetic_customer_005,cabinet_005,2026-08-17 16:30:00+00:00,0,0,0,0,True,True,False,23.943562834226313,-48.050308403813965,2.9507695093253035,3.9948428936185003,0.0,0.017304291763763822,0.0,on,connected,True,synthetic_device_spec_v11
synthetic_customer_005,cabinet_005,2026-08-17 16:40:00+00:00,0,0,0,0,True,True,False,24.153642651069998,-48.486682477427806,3.0106089154615687,4.107444296129536,0.0,0.0,0.0,on,connected,True,synthetic_device_spec_v11
synthetic_customer_005,cabinet_005,2026-08-17 16:50:00+00:00,0,0,0,0,True,True,False,24.060274069888447,-47.875481596360785,2.981429402783268,3.9901158016511595,0.0,0.01664505843962316,0.0,on,connected,True,synthetic_device_spec_v11
synthetic_customer_005,cabinet_005,2026-08-17 17:00:00+00:00,0,0,0,0,True,True,False,24.02545906895275,-49.09840077576041,3.0423975920151616,4.077439959327106,0.0,0.0,0.01564927166402683,on,connected,True,synthetic_device_spec_v11
synthetic_customer_005,cabinet_005,2026-08-17 17:10:00+00:00,0,0,0,0,True,True,False,23.77694009703243,-48.39436893348084,3.0184216438053677,3.982882512272173,0.0,0.0060451340395151435,0.028378715381116203,on,connected,True,synthetic_device_spec_v11
synthetic_customer_005,cabinet_005,2026-08-17 17:20:00+00:00,0,0,0,0,True,True,False,23.95776608598014,-47.986057944148236,3.0280512144507434,4.018563764401257,0.0,0.07093023993559563,0.012593906118941912,on,connected,True,synthetic_device_spec_v11
synthetic_customer_005,cabinet_005,2026-08-17 17:30:00+00:00,0,0,0,0,True,True,False,24.39711999217301,-51.85377500260084,3.047079353812161,4.120171058864643,0.2431547884686941,0.038667582952133614,0.0,on,connected,True,synthetic_device_spec_v11
synthetic_customer_005,cabinet_005,2026-08-17 17:40:00+00:00,0,0,0,0,True,True,False,23.818349410052836,-53.119625146184056,2.9452690260156675,4.072369267168572,0.042979116860655274,0.10744783322042126,0.02452468305939348,on,connected,True,synthetic_device_spec_v11
synthetic_customer_005,cabinet_005,2026-08-17 17:50:00+00:00,0,0,0,0,True,True,False,23.768443257224398,-53.908143902300395,2.971001410609112,3.999880405177779,0.3040523654414031,0.16057757618025045,0.0,on,connected,True,synthetic_device_spec_v11
synthetic_customer_005,cabinet_005,2026-08-17 18:00:00+00:00,0,0,0,0,True,True,False,24.13088005489032,-57.45183450825927,3.05766246294568,4.100531536063445,0.07123283861867295,0.1779981463248976,0.012316147387385273,on,connected,True,synthetic_device_spec_v11
synthetic_customer_005,cabinet_005,2026-08-17 18:10:00+00:00,1,1,1,1,True,True,False,23.87419891927452,-57.45321024860405,3.012301708355269,3.989890141293378,0.6686003070799462,0.19932786260844793,0.0,on,connected,True,synthetic_device_spec_v11
synthetic_customer_005,cabinet_005,2026-08-17 18:20:00+00:00,1,1,1,1,True,True,False,24.143871158226304,-60.14014206950677,2.985559301844024,4.023139084732412,0.0,0.21227392835462802,0.0,on,connected,True,synthetic_device_spec_v11
synthetic_customer_005,cabinet_005,2026-08-17 18:30:00+00:00,1,1,1,1,True,True,False,23.978288533648062,-63.266016134706106,3.0167846711465915,3.967387183988261,0.2997102582622387,0.26600370243432264,0.0,on,connected,True,synthetic_device_spec_v11
synthetic_customer_005,cabinet_005,2026-08-17 18:40:00+00:00,0,0,0,0,True,True,False,23.886003163562478,-64.45292591284172,2.960876388015042,4.032209911167761,0.0,0.356640647721182,0.0,on,connected,True,synthetic_device_spec_v11
synthetic_customer_005,cabinet_005,2026-08-17 18:50:00+00:00,0,0,0,0,True,True,False,24.098491686094576,-66.88822550837727,2.9644231284991283,4.086001889067617,0.4763468215768213,0.38030431633059103,0.028110900329589874,on,connected,True,synthetic_device_spec_v11
synthetic_customer_005,cabinet_005,2026-08-17 19:00:00+00:00,0,0,0,0,True,True,False,23.969889657356887,-70.12210952501111,3.0293402989497853,4.005011775328926,0.24942391543514464,0.4091336669136386,0.009383501377957246,on,connected,True,synthetic_device_spec_v11
synthetic_customer_005,cabinet_005,2026-08-17 19:10:00+00:00,0,0,0,0,True,True,False,24.08626599419853,-71.21739733980179,3.0099495973517474,4.1245898902020866,0.3291646541221256,0.3859527737713783,0.0,on,connected,True,synthetic_device_spec_v11
synthetic_customer_005,cabinet_005,2026-08-17 19:20:00+00:00,0,0,0,0,True,True,False,24.07581820663043,-72.87257091610645,2.943339868242072,4.050089922511373,1.6083546148388685,0.4729527471012368,0.0,on,connected,True,synthetic_device_spec_v11
synthetic_customer_005,cabinet_005,2026-08-17 19:30:00+00:00,0,0,0,0,True,True,False,23.91011376098661,-72.81219902692506,2.818336287553043,3.939636679708167,3.2966814880214708,0.47687723582153396,0.011314305827069451,on,connected,True,synthetic_device_spec_v11
synthetic_customer_005,cabinet_005,2026-08-17 19:40:00+00:00,0,0,0,0,True,True,False,23.967663692435064,-75.90999368560274,2.6968311702235237,4.0054772444417415,6.077250402289483,0.5304802379361093,0.015199525039775376,on,connected,True,synthetic_device_spec_v11
synthetic_customer_005,cabinet_005,2026-08-17 19:50:00+00:00,0,0,0,0,True,True,False,24.236411858241187,-78.31690372621324,2.5741749400681404,4.06581138014837,8.404703696288232,0.5489288918924871,0.010172483871569321,on,connected,True,synthetic_device_spec_v11
synthetic_customer_005,cabinet_005,2026-08-17 20:00:00+00:00,0,0,0,0,True,True,False,24.232986392259743,-79.55499760816821,2.5187245985882853,3.97758238320605,11.323439310018987,0.5606326988538002,0.0271503151516287,on,connected,True,synthetic_device_spec_v11
synthetic_customer_005,cabinet_005,2026-08-17 20:10:00+00:00,0,0,0,0,True,True,False,23.895245854008582,-83.21271190580596,2.3775096304968217,3.974077634799721,12.750168134520184,0.576444934126867,0.0,on,connected,True,synthetic_device_spec_v11
synthetic_customer_005,cabinet_005,2026-08-17 20:20:00+00:00,0,0,0,0,True,True,False,23.86084326426778,-83.98620272134767,2.326669019536889,3.942076446037652,14.909165963704844,0.6809328037476703,0.0,on,connected,True,synthetic_device_spec_v11
synthetic_customer_005,cabinet_005,2026-08-17 21:00:00+00:00,0,0,0,0,True,True,False,24.006045667947994,-47.08403455520581,1.8014686880428927,3.9207648735086957,26.095345869432848,0.0,0.027784840034949153,on,connected,True,synthetic_device_spec_v11
synthetic_customer_005,cabinet_005,2026-08-17 21:10:00+00:00,0,0,0,0,True,True,False,24.09098085552847,-48.96746945688023,1.6780139191558403,3.9727630209850244,24.347610115478403,0.024155433342534102,0.012550110929025074,on,connected,True,synthetic_device_spec_v11
synthetic_customer_005,cabinet_005,2026-08-17 21:20:00+00:00,0,0,0,0,True,True,False,24.22042891182623,-47.53635188412451,1.522381790587479,4.011575443415376,24.532208366215375,0.0,0.0,on,connected,True,synthetic_device_spec_v11
synthetic_customer_005,cabinet_005,2026-08-17 21:30:00+00:00,0,0,0,0,True,True,False,23.986276840880862,-48.59404527031134,1.3370028527074775,4.035354246600873,25.348609286112424,0.02089974670761427,0.020535533734996683,on,connected,True,synthetic_device_spec_v11
synthetic_customer_005,cabinet_005,2026-08-17 21:40:00+00:00,0,0,0,0,True,True,False,24.018747997139126,-46.675358577089575,1.1328014717886066,3.954531510070457,25.422500752079994,0.0,0.0,on,connected,True,synthetic_device_spec_v11
synthetic_customer_005,cabinet_005,2026-08-17 21:50:00+00:00,0,0,0,0,True,True,False,23.95347333275508,-48.08509784756114,1.0968950421959645,4.095681333334273,25.188767264008355,0.0,0.0,on,connected,True,synthetic_device_spec_v11
synthetic_customer_005,cabinet_005,2026-08-17 22:00:00+00:00,0,0,0,0,True,True,False,23.852814538920406,-47.196602675917994,0.876079343454365,4.023206736898264,0.0,0.02583998341828399,0.012374717544751728,on,connected,True,synthetic_device_spec_v11
synthetic_customer_005,cabinet_005,2026-08-17 22:10:00+00:00,0,0,0,0,True,True,False,23.954690572725397,-45.96346802730735,0.7451697966353253,4.042670518628487,0.08557874495131085,0.021115531816262252,0.0,on,connected,True,synthetic_device_spec_v11
synthetic_customer_005,cabinet_005,2026-08-17 22:20:00+00:00,0,0,0,0,True,True,False,24.100058911765938,-47.26198287672995,0.5807187288340911,4.050884858582698,0.0,0.04829171814744776,0.01979547590366153,on,connected,True,synthetic_device_spec_v11
synthetic_customer_005,cabinet_005,2026-08-17 22:30:00+00:00,0,0,0,0,True,True,False,24.039512320279904,-48.15571293448083,0.4748678850974207,3.8963136798039817,0.5415243312583556,0.0,0.0,on,connected,True,synthetic_device_spec_v11
synthetic_customer_005,cabinet_005,2026-08-17 22:40:00+00:00,0,0,0,0,True,True,False,23.84436380705022,-49.21452657967909,0.4142064471660387,3.9424418118093416,0.0,0.0006244543724123349,0.0,on,connected,True,synthetic_device_spec_v11
synthetic_customer_005,cabinet_005,2026-08-17 22:50:00+00:00,0,0,0,0,True,True,False,23.87346980951674,-48.203206711873015,0.37786012302891575,3.9645726735897364,0.4859355365888282,0.0,0.0,on,connected,True,synthetic_device_spec_v11
synthetic_customer_005,cabinet_005,2026-08-17 23:00:00+00:00,0,0,0,0,True,True,False,23.5050647406243,-48.99121803776095,0.3231286201371104,3.943900997637534,0.0,0.018836695508515765,0.01509393869893996,on,connected,True,synthetic_device_spec_v11
synthetic_customer_005,cabinet_005,2026-08-17 23:10:00+00:00,0,0,0,0,True,True,False,23.359574734279256,-47.96829317794162,0.2917706280653571,4.035717474603356,0.0,0.0,0.01424074773991202,on,connected,True,synthetic_device_spec_v11
synthetic_customer_005,cabinet_005,2026-08-17 23:20:00+00:00,0,0,0,0,True,True,False,23.160177085122744,-47.006848000656696,0.23751682306066726,4.041912813433205,0.0,0.015314687941324826,0.010296227964163457,on,connected,True,synthetic_device_spec_v11
synthetic_customer_005,cabinet_005,2026-08-17 23:30:00+00:00,0,0,0,0,True,True,False,22.82570342652205,-48.29637424531488,2.144562444272329,3.9666595910726565,0.0,0.0,0.0,on,connected,True,synthetic_device_spec_v11
synthetic_customer_005,cabinet_005,2026-08-17 23:40:00+00:00,0,0,0,0,True,True,False,22.480725683691308,-49.81903815034509,2.2715836946314667,3.968155264913649,0.0,0.006894887971463273,0.012775068402024728,on,connected,True,synthetic_device_spec_v11
synthetic_customer_005,cabinet_005,2026-08-17 23:50:00+00:00,0,0,0,0,True,True,False,22.25754244666874,-47.27649717677822,2.276714926938083,3.9662228704003457,0.0,0.004991105627109091,0.0,on,connected,True,synthetic_device_spec_v11
synthetic_customer_005,cabinet_005,2026-08-18 00:00:00+00:00,0,0,0,0,True,True,False,21.90490066498338,-47.92245422000794,2.1982271874728565,4.0213586776199834,0.11134582817935677,0.0,0.009821782266269811,on,connected,True,synthetic_device_spec_v11
synthetic_customer_005,cabinet_005,2026-08-18 00:10:00+00:00,1,1,1,1,True,True,False,21.81914448696873,-47.426626825059486,2.1315196777832974,4.013042634437414,0.3266897375377961,0.0,0.006858636564879912,on,connected,True,synthetic_device_spec_v11
synthetic_customer_005,cabinet_005,2026-08-18 00:20:00+00:00,1,1,1,1,True,True,False,21.316371157360724,-47.745974904115286,2.258366727241684,4.013790673017026,0.3032737085666746,0.01918612084467515,0.0004206334098056815,on,connected,True,synthetic_device_spec_v11
synthetic_customer_005,cabinet_005,2026-08-18 00:30:00+00:00,1,1,1,1,True,True,False,21.21449222936616,-48.12448377093032,2.1802865340331214,3.9755298725867565,0.0,0.024186146848583688,0.0,on,connected,True,synthetic_device_spec_v11
synthetic_customer_005,cabinet_005,2026-08-18 00:40:00+00:00,0,0,0,0,True,True,False,20.99358787820223,-50.013806207965274,3.022377649749522,3.986117621988926,0.0,0.0,0.0,on,connected,True,synthetic_device_spec_v11
synthetic_customer_005,cabinet_005,2026-08-18 00:50:00+00:00,0,0,0,0,True,True,False,20.539757637267424,-45.07238262289327,3.012590017028254,4.038884483539883,0.0,0.0,0.0,on,connected,True,synthetic_device_spec_v11
synthetic_customer_005,cabinet_005,2026-08-18 01:00:00+00:00,0,0,0,0,True,True,False,20.447381110783056,-47.792656993173665,2.999973634619363,3.961975056563716,0.34867367207088756,0.008277407820815912,0.0,on,connected,True,synthetic_device_spec_v11
synthetic_customer_005,cabinet_005,2026-08-18 01:10:00+00:00,0,0,0,0,True,True,False,20.14205176273471,-46.6666410953634,3.0099006391207603,3.990530555582449,0.6676847259647597,0.0,0.0,on,connected,True,synthetic_device_spec_v11
synthetic_customer_005,cabinet_005,2026-08-18 01:20:00+00:00,0,0,0,0,True,True,False,19.849680827423757,-48.1646421560867,2.986727742699089,3.978414645545392,0.0,0.0,0.013588057699263072,on,connected,True,synthetic_device_spec_v11
synthetic_customer_005,cabinet_005,2026-08-18 01:30:00+00:00,0,0,0,0,True,True,False,19.47529214515529,-47.674475399485104,2.986274037362323,4.0674774064817285,0.6118926003592137,0.006592393265585092,0.0027628707487685512,on,connected,True,synthetic_device_spec_v11
synthetic_customer_005,cabinet_005,2026-08-18 01:40:00+00:00,0,0,0,0,True,True,False,19.52723501980893,-48.02994967338703,3.0465098337399694,3.9765899809011973,0.7079091239703158,0.016908179588099963,0.0,on,connected,True,synthetic_device_spec_v11
synthetic_customer_005,cabinet_005,2026-08-18 01:50:00+00:00,0,0,0,0,True,True,False,19.180344646151042,-47.57960165208199,2.94301062400835,3.9533450817946814,0.08583397875221291,0.0,0.026518156578373857,on,connected,True,synthetic_device_spec_v11
synthetic_customer_005,cabinet_005,2026-08-18 02:00:00+00:00,0,0,0,0,True,True,False,18.80946750741181,-47.82125250396179,2.9697823960027088,4.030490367961713,0.2532964182149086,0.010002734218483168,0.0,on,connected,True,synthetic_device_spec_v11
synthetic_customer_005,cabinet_005,2026-08-18 02:10:00+00:00,0,0,0,0,True,True,False,18.40609026183177,-46.72057647535266,3.102362080667784,4.081510845680333,0.0,0.0,0.0,on,connected,True,synthetic_device_spec_v11
synthetic_customer_005,cabinet_005,2026-08-18 02:50:00+00:00,0,0,0,0,True,True,False,23.844356067539444,-47.634825567350056,3.0452865224832357,3.99417501430764,0.0,0.0,0.0054558575731680735,on,connected,True,synthetic_device_spec_v11
synthetic_customer_005,cabinet_005,2026-08-18 03:00:00+00:00,0,0,0,0,True,True,False,23.921442345499695,-48.87704312137874,2.986247766179317,3.9743764256142535,0.28079378236853736,0.0,0.0,on,connected,True,synthetic_device_spec_v11
synthetic_customer_005,cabinet_005,2026-08-18 03:10:00+00:00,0,0,0,0,True,True,False,23.93372369573562,-47.54324426860568,3.007411109826251,4.061807793620252,0.24480982990779185,0.02837244546802381,0.0,on,connected,True,synthetic_device_spec_v11
synthetic_customer_005,cabinet_005,2026-08-18 03:20:00+00:00,0,0,0,0,True,True,False,23.986313544605505,-46.58281384546879,2.9995559239986256,4.029292516600049,0.27462563619805225,0.04810760477462474,0.0034850405101706575,on,connected,True,synthetic_device_spec_v11
synthetic_customer_005,cabinet_005,2026-08-18 03:30:00+00:00,0,0,0,0,True,True,False,24.010360102582627,-47.97040701904746,2.9401155331069764,4.124834777485525,0.0,0.0,0.0,on,connected,True,synthetic_device_spec_v11
synthetic_customer_005,cabinet_005,2026-08-18 03:40:00+00:00,0,0,0,0,True,True,False,23.943912718146112,-49.97446794638838,3.014413866228264,4.064315311337571,0.0,0.0036258086460228683,0.013472864611553892,on,connected,True,synthetic_device_spec_v11
synthetic_customer_005,cabinet_005,2026-08-18 03:50:00+00:00,0,0,0,0,True,True,False,23.95907510458316,-47.44814410876877,2.974267611096607,3.962239937011248,0.0,0.0,0.02631766466609119,on,connected,True,synthetic_device_spec_v11
synthetic_customer_005,cabinet_005,2026-08-18 04:00:00+00:00,0,0,0,0,True,True,False,24.07209371224707,-47.70624950406301,3.015527703635557,3.966134843539811,0.8292044000569064,0.0,0.0,on,connected,True,synthetic_device_spec_v11
synthetic_customer_005,cabinet_005,2026-08-18 04:10:00+00:00,0,0,0,0,True,True,False,24.067357156088576,-46.62820720807331,3.024915464436686,3.928065042114827,0.08582151045601653,0.0,0.026649181241438953,on,connected,True,synthetic_device_spec_v11
synthetic_customer_005,cabinet_005,2026-08-18 04:20:00+00:00,0,0,0,0,True,True,False,24.106601043195308,-47.80726278400152,3.024563853645526,3.951510387253728,0.1434103725600176,0.0234233033081449,0.0,on,connected,True,synthetic_device_spec_v11
synthetic_customer_005,cabinet_005,2026-08-18 04:30:00+00:00,0,0,0,0,True,True,False,23.995499183968228,-49.38911167607069,3.0013370397679666,4.010539892730793,0.0,0.026272177895202965,0.018389174846261767,on,connected,True,synthetic_device_spec_v11
synthetic_customer_005,cabinet_005,2026-08-18 04:40:00+00:00,0,0,0,0,True,True,False,24.214780938264788,-47.35099570091959,2.9811037620472454,4.221623522138948,0.6764250379180791,0.0,0.028077332557288955,on,connected,True,synthetic_device_spec_v11
synthetic_customer_005,cabinet_005,2026-08-18 04:50:00+00:00,0,0,0,0,True,True,False,24.089272510629428,-47.547614053484416,3.0347530206089233,4.212305298337057,0.0,0.0,0.031975339578794865,on,connected,True,synthetic_device_spec_v11
synthetic_customer_005,cabinet_005,2026-08-18 05:00:00+00:00,0,0,0,0,True,True,False,23.83645848790296,-47.807081520647316,3.012654010296782,4.419052179185543,0.0,0.0,0.0704088836082112,on,connected,True,synthetic_device_spec_v11
synthetic_customer_005,cabinet_005,2026-08-18 05:10:00+00:00,0,0,0,0,True,True,False,24.136598720923693,-50.10701103654452,2.978498640770295,4.543192361094998,0.0,0.01427488207889757,0.08621090119261657,on,connected,True,synthetic_device_spec_v11
synthetic_customer_005,cabinet_005,2026-08-18 05:20:00+00:00,0,0,0,0,True,True,False,24.083327244991782,-48.529210346718266,3.070414570582795,4.664448866322923,0.11148642190598461,0.0,0.11116427859430356,on,connected,True,synthetic_device_spec_v11
synthetic_customer_005,cabinet_005,2026-08-18 05:30:00+00:00,0,0,0,0,True,True,False,23.9635243677207,-47.91099653901778,3.000767201150991,4.895543424436193,0.0,0.0,0.09984011623635668,on,connected,True,synthetic_device_spec_v11
synthetic_customer_005,cabinet_005,2026-08-18 05:40:00+00:00,0,0,0,0,True,True,False,23.878179600091194,-47.95737284735327,2.994103297581593,5.017569179298029,0.4432024572979386,0.04134234098307555,0.1333400636526456,on,connected,True,synthetic_device_spec_v11
synthetic_customer_005,cabinet_005,2026-08-18 05:50:00+00:00,0,0,0,0,True,True,False,23.89261551330285,-48.21598113592175,3.016181426719419,5.065327624290782,0.22653472503158323,0.0,0.16729424770231396,on,connected,True,synthetic_device_spec_v11
synthetic_customer_005,cabinet_005,2026-08-18 06:00:00+00:00,0,0,0,0,True,True,False,24.188253587281626,-46.48505664647673,2.984848267949608,5.27113323739727,0.2964778198717455,0.03318326097067444,0.145799979187448,on,connected,True,synthetic_device_spec_v11
synthetic_customer_005,cabinet_005,2026-08-18 06:10:00+00:00,1,1,1,1,True,True,False,24.140039976143274,-48.42544102625673,2.9642148485604807,5.400091795545513,0.0,0.0,0.15739876811711792,on,connected,True,synthetic_device_spec_v11
synthetic_customer_005,cabinet_005,2026-08-18 06:20:00+00:00,1,1,1,1,True,True,False,23.86281538904748,-45.97291008725484,3.0180807562771,5.51657635595692,0.0,0.0,0.20609100244043083,on,connected,True,synthetic_device_spec_v11
synthetic_customer_005,cabinet_005,2026-08-18 06:30:00+00:00,1,1,1,1,True,True,False,23.91442845242085,-49.29544441465634,2.960033438179019,5.681413617650899,0.0,0.011580019517029376,0.2057351003093363,on,connected,True,synthetic_device_spec_v11
synthetic_customer_005,cabinet_005,2026-08-18 06:40:00+00:00,0,0,0,0,True,True,False,23.926449358782122,-47.883090911048626,3.0018830401523204,5.772566340215418,0.46719609862663736,0.020901767602130764,0.2610437899681192,on,connected,True,synthetic_device_spec_v11
synthetic_customer_005,cabinet_005,2026-08-18 06:50:00+00:00,0,0,0,0,True,True,False,23.985818529103497,-47.83811520693761,3.029737053501124,5.991471674808668,0.0,0.0,0.2395711712352572,on,connected,True,synthetic_device_spec_v11
synthetic_customer_005,cabinet_005,2026-08-18 07:00:00+00:00,0,0,0,0,True,True,False,23.937171686951434,-48.60980687005663,2.9716689293844256,6.201475520323427,0.0,0.0,0.29243364160150775,on,connected,True,synthetic_device_spec_v11
synthetic_customer_005,cabinet_005,2026-08-18 07:10:00+00:00,0,0,0,0,True,True,False,23.990876696457878,-47.10203206240532,2.9721551410883413,6.206951343495532,0.0,0.002692805326512603,0.2992828430622308,on,connected,True,synthetic_device_spec_v11
synthetic_customer_005,cabinet_005,2026-08-18 07:20:00+00:00,0,0,0,0,True,True,False,24.193956988235552,-47.154455624337054,2.9895437496516335,6.367907476241,0.0,0.016392516862569373,0.3265204872110488,on,connected,True,synthetic_device_spec_v11
synthetic_customer_005,cabinet_005,2026-08-18 07:30:00+00:00,0,0,0,0,True,True,False,23.96382890245703,-48.55105138366413,2.9937034003319587,6.466595532953175,0.0,0.003225851538160017,0.34577613202562296,on,connected,True,synthetic_device_spec_v11
synthetic_customer_005,cabinet_005,2026-08-18 07:40:00+00:00,0,0,0,0,True,True,False,23.77559035609573,-48.485491500813445,2.954902096995063,6.780997236132647,0.5922121306285718,0.0,0.3601638128495119,on,connected,True,synthetic_device_spec_v11
synthetic_customer_005,cabinet_005,2026-08-18 07:50:00+00:00,0,0,0,0,True,True,False,23.836837469973425,-49.459564877478456,3.0383781551047804,6.933916410057622,0.11778434384022732,0.03909011883213161,0.36376718603973845,on,connected,True,synthetic_device_spec_v11
synthetic_customer_005,cabinet_005,2026-08-18 08:00:00+00:00,0,0,0,0,True,True,False,24.14998646621763,-48.56479377270687,3.009395361065495,7.014478297499566,0.285681616867993,0.027788312970746028,0.41224479740566244,on,connected,True,synthetic_device_spec_v11
synthetic_customer_005,cabinet_005,2026-08-18 08:10:00+00:00,0,0,0,0,True,True,False,24.11433745434556,-46.47443256350715,3.0285534802327883,7.041504124133952,0.0,0.0,0.3963932097819155,on,connected,True,synthetic_device_spec_v11
synthetic_customer_005,cabinet_005,2026-08-18 08:20:00+00:00,0,0,0,0,True,True,False,24.07309630455048,-49.99968391378627,3.080008157379761,6.9439825731175455,0.3272732292716862,0.0,0.41310635883568203,on,connected,True,synthetic_device_spec_v11
synthetic_customer_005,cabinet_005,2026-08-18 08:30:00+00:00,0,0,0,0,True,True,False,24.03883981327736,-48.298244844021475,3.0241610317322034,6.978489770830504,0.9906894556543759,0.0,0.3699482702288062,on,connected,True,synthetic_device_spec_v11
synthetic_customer_005,cabinet_005,2026-08-18 08:40:00+00:00,0,0,0,0,True,True,False,23.99003478483225,-48.20268507875549,2.973672436099483,3.935120039989854,1.0522810284045485,0.014465473897637618,0.0,on,connected,True,synthetic_device_spec_v11
synthetic_customer_005,cabinet_005,2026-08-18 08:50:00+00:00,0,0,0,0,True,True,False,23.744960175505728,-50.1260400741743,3.022125588785963,4.067806539377946,0.0,0.027655210161624623,0.0,on,connected,True,synthetic_device_spec_v11
synthetic_customer_005,cabinet_005,2026-08-18 09:00:00+00:00,0,0,0,0,True,True,False,24.078799136320562,-47.11422580956769,3.0346986493493384,4.055509083693582,0.6420026112002796,0.007910295535873229,0.0,on,connected,True,synthetic_device_spec_v11
synthetic_customer_005,cabinet_005,2026-08-18 09:10:00+00:00,0,0,0,0,True,True,False,24.050837617534672,-50.14818168360163,3.02120213998011,4.035457677527327,0.0,0.0,0.0,on,connected,True,synthetic_device_spec_v11
synthetic_customer_005,cabinet_005,2026-08-18 09:20:00+00:00,0,0,0,0,True,True,False,24.301678349012818,-47.316223323344175,2.993774839189755,3.9849633246017744,0.0,0.020197257289490383,0.0,on,connected,True,synthetic_device_spec_v11
synthetic_customer_005,cabinet_005,2026-08-18 09:30:00+00:00,0,0,0,0,True,True,False,24.02913580253967,-49.5815815385332,2.9444957327473906,4.095170146247234,0.0,0.003162140345351663,0.0,on,connected,True,synthetic_device_spec_v11
synthetic_customer_005,cabinet_005,2026-08-18 09:40:00+00:00,0,0,0,0,True,True,False,24.09347486912063,-47.4997303917721,2.9832354929928124,3.8635968773092273,0.2546165678267469,0.0,0.0,on,connected,True,synthetic_device_spec_v11
synthetic_customer_005,cabinet_005,2026-08-18 09:50:00+00:00,0,0,0,0,True,True,False,24.009226797718707,-47.9331696437433,2.9185161435854154,3.988925138585512,0.0,0.00449655147861135,0.0,on,connected,True,synthetic_device_spec_v11
synthetic_customer_005,cabinet_005,2026-08-18 10:00:00+00:00,0,0,0,0,True,True,False,23.78901615482832,-48.84959791483429,3.024422358439437,3.9866232110745345,0.0,0.0,0.0,on,connected,True,synthetic_device_spec_v11
synthetic_customer_005,cabinet_005,2026-08-18 10:10:00+00:00,0,0,0,0,True,True,False,23.867224963112,-48.619533755082806,2.9812878271646195,4.145656167203239,0.0,0.0,0.0,on,connected,True,synthetic_device_spec_v11
synthetic_customer_005,cabinet_005,2026-08-18 10:20:00+00:00,0,0,0,0,True,True,False,24.006897920243134,-47.251766874592946,2.9904139922730852,3.970485610494356,0.27234862549756017,0.0,0.0026471506837626737,on,connected,True,synthetic_device_spec_v11
synthetic_customer_005,cabinet_005,2026-08-18 10:30:00+00:00,0,0,0,0,True,True,False,24.002242878635805,-47.644526441916284,2.9173807116543133,3.9987873119862556,0.0,0.04831723896224967,0.0,on,connected,True,synthetic_device_spec_v11
synthetic_customer_005,cabinet_005,2026-08-18 10:40:00+00:00,0,0,0,0,True,True,False,24.195724551063808,-48.210628320735616,3.0490354249301657,4.043940696795709,0.3009790297866029,0.037394189397936664,0.0,on,connected,True,synthetic_device_spec_v11
synthetic_customer_005,cabinet_005,2026-08-18 10:50:00+00:00,0,0,0,0,True,True,False,23.991464908626355,-48.7732788271411,3.0523269781705693,3.9469890093759727,0.0,0.0,0.0,on,connected,True,synthetic_device_spec_v11
synthetic_customer_005,cabinet_005,2026-08-18 11:00:00+00:00,0,0,0,0,True,True,False,24.13269953832403,-47.94584501735218,2.968714199129954,3.9807264878085427,0.06288417367820794,0.021599622215705702,0.0,on,connected,True,synthetic_device_spec_v11
synthetic_customer_005,cabinet_005,2026-08-18 11:10:00+00:00,0,0,0,0,True,True,False,23.85154309507691,-50.044948470605924,2.9415370253411712,3.9222438438806693,0.0,0.0,0.002118692807931055,on,connected,True,synthetic_device_spec_v11
synthetic_customer_005,cabinet_005,2026-08-18 11:20:00+00:00,0,0,0,0,True,True,False,23.963766727690967,-49.17813711440554,2.9830516285668547,4.066303444060248,0.0,0.0,0.0,on,connected,True,synthetic_device_spec_v11
synthetic_customer_005,cabinet_005,2026-08-18 11:30:00+00:00,0,0,0,0,True,True,False,24.0635859240164,-49.19837871398581,2.9602078409860946,4.0966265634356995,1.1041697291102164,0.0,0.0,on,connected,True,synthetic_device_spec_v11
synthetic_customer_005,cabinet_005,2026-08-18 11:40:00+00:00,0,0,0,0,True,True,False,23.889742080101705,-47.232352670844065,2.993535474590275,3.9948611657898243,0.0,0.0,0.03525228078629086,on,connected,True,synthetic_device_spec_v11
synthetic_customer_005,cabinet_005,2026-08-18 11:50:00+00:00,0,0,0,0,True,True,False,23.83596237611011,-45.36690037920944,3.019580331944375,3.96307377781001,0.2145877962965069,0.040098342441867746,0.015259914985675797,on,connected,True,synthetic_device_spec_v11
synthetic_customer_005,cabinet_005,2026-08-18 12:00:00+00:00,0,0,0,0,True,True,False,24.03814420796103,-47.21387586378418,3.0512547017355733,3.9656895189653563,0.0,0.07465107671448501,0.02325669638475375,on,connected,True,synthetic_device_spec_v11
synthetic_customer_005,cabinet_005,2026-08-18 12:10:00+00:00,1,1,1,1,True,True,False,24.156954610407038,-48.76931216559661,3.01000038340069,3.974052358101445,0.6807773481370906,0.0059824052931296825,0.0,on,connected,True,synthetic_device_spec_v11
synthetic_customer_005,cabinet_005,2026-08-18 12:20:00+00:00,1,1,1,1,True,True,False,23.976341174478474,-47.77058316949245,3.030930372719223,4.020796238670457,0.0,0.0,0.01385422831472168,on,connected,True,synthetic_device_spec_v11
synthetic_customer_005,cabinet_005,2026-08-18 12:30:00+00:00,1,1,1,1,True,True,False,23.8366351182052,-47.76429748293956,3.0647858784415756,4.043264827003386,0.19972835344016096,0.0,0.0,on,connected,True,synthetic_device_spec_v11
synthetic_customer_005,cabinet_005,2026-08-18 12:40:00+00:00,0,0,0,0,True,True,False,23.853288626119166,-46.723109822069915,2.9940339702344563,4.174493224624483,0.1214522713586917,0.016715831204910065,0.0008563557755131495,on,connected,True,synthetic_device_spec_v11
synthetic_customer_005,cabinet_005,2026-08-18 12:50:00+00:00,0,0,0,0,True,True,False,24.0339356773921,-48.164826484521804,2.9780265399482584,3.8793470800972156,0.0,0.0,0.000829952717764104,on,connected,True,synthetic_device_spec_v11
synthetic_customer_005,cabinet_005,2026-08-18 13:00:00+00:00,0,0,0,0,True,True,False,24.0353461592366,-48.561747003718544,3.0233559755968527,3.9404788761441862,0.3028058684558716,0.004976877426121292,0.0,on,connected,True,synthetic_device_spec_v11
synthetic_customer_005,cabinet_005,2026-08-18 13:10:00+00:00,0,0,0,0,True,True,False,23.829094017508165,-47.626860597056265,2.9833991049591218,3.966698161188647,0.5281748653080259,0.0,0.0,on,connected,True,synthetic_device_spec_v11
synthetic_customer_005,cabinet_005,2026-08-18 13:20:00+00:00,0,0,0,0,True,True,False,23.961862466287073,-48.24371324499245,2.9750791734068174,4.031483950557007,0.0,0.0,2.3822716920731436e-05,on,connected,True,synthetic_device_spec_v11
synthetic_customer_005,cabinet_005,2026-08-18 13:30:00+00:00,0,0,0,0,True,True,False,23.909300570558408,-47.755570848093825,2.9793539278872125,3.9857509363129213,0.0,0.0,0.016284209008967414,on,connected,True,synthetic_device_spec_v11
synthetic_customer_005,cabinet_005,2026-08-18 13:40:00+00:00,0,0,0,0,True,True,False,24.171254616830883,-46.23462354841827,3.0015371513779656,4.029899502523299,0.42289392940015086,0.0,0.0,on,connected,True,synthetic_device_spec_v11
synthetic_customer_005,cabinet_005,2026-08-18 13:50:00+00:00,0,0,0,0,True,True,False,23.96572106978992,-47.222452910313095,3.0055631000839265,3.9949072048401244,0.0,0.012692342912751564,0.0,on,connected,True,synthetic_device_spec_v11
synthetic_customer_005,cabinet_005,2026-08-18 14:00:00+00:00,0,0,0,0,True,True,False,24.02559050672236,-47.006538372059445,3.0370912643057144,3.9416352842688345,0.7951183851011511,0.0,0.0,on,connected,True,synthetic_device_spec_v11
synthetic_customer_005,cabinet_005,2026-08-18 14:10:00+00:00,0,0,0,0,True,True,False,24.046664438270252,-46.04806020469864,2.9039634042463867,3.9411691555181685,0.0,0.0,0.0,on,connected,True,synthetic_device_spec_v11
synthetic_customer_005,cabinet_005,2026-08-18 14:20:00+00:00,0,0,0,0,True,True,False,24.120026872104713,-47.164075627137834,3.0516267621909927,4.038063450294989,0.22785569279262646,0.029738338403107287,0.02401071198121431,on,connected,True,synthetic_device_spec_v11
synthetic_customer_005,cabinet_005,2026-08-18 14:30:00+00:00,0,0,0,0,True,True,False,24.046489272844468,-47.82637941321504,2.9320248824677626,3.990169901372261,0.0,0.0,0.0,on,connected,True,synthetic_device_spec_v11
synthetic_customer_005,cabinet_005,2026-08-18 14:40:00+00:00,0,0,0,0,True,True,False,23.918676851731814,-48.17279623204144,3.040025715828501,3.967947027605455,0.0,0.0,0.0,on,connected,True,synthetic_device_spec_v11
synthetic_customer_005,cabinet_005,2026-08-18 14:50:00+00:00,0,0,0,0,True,True,False,24.10788887126843,-49.73559734354244,3.0192154468942007,4.012058655182705,0.5774505914412726,0.041646241105429416,0.001082324006426546,on,connected,True,synthetic_device_spec_v11
synthetic_customer_005,cabinet_005,2026-08-18 15:00:00+00:00,0,0,0,0,True,True,False,23.728421042634768,-46.563950233739064,3.0171802191215376,4.037435447820406,0.23401262674503992,0.001310788628023815,0.011943256783995807,on,connected,True,synthetic_device_spec_v11
synthetic_customer_005,cabinet_005,2026-08-18 15:10:00+00:00,0,0,0,0,True,True,False,23.85237559145501,-49.088098484694676,3.0055292430079166,4.084961029028031,0.014243207749416354,0.0,0.01812685462824528,on,connected,True,synthetic_device_spec_v11
synthetic_customer_005,cabinet_005,2026-08-18 15:20:00+00:00,0,0,0,0,True,True,False,24.093036015574796,-47.855284150622055,3.030266278922279,3.9284387032042147,0.28491945194885154,0.0,0.027038781841749678,on,connected,True,synthetic_device_spec_v11
synthetic_customer_005,cabinet_005,2026-08-18 15:30:00+00:00,0,0,0,0,True,True,False,23.951980893910072,-46.95580673517673,2.9480626496774303,4.06914030073371,0.9485193495579197,0.03404207822436035,0.010654776515451263,on,connected,True,synthetic_device_spec_v11
synthetic_customer_005,cabinet_005,2026-08-18 15:40:00+00:00,0,0,0,0,True,True,False,23.987556508185822,-46.8837370315193,3.043586068466062,3.987918630859042,0.5721849333424537,0.012177294667596003,0.0038900551871623736,on,connected,True,synthetic_device_spec_v11
synthetic_customer_005,cabinet_005,2026-08-18 15:50:00+00:00,0,0,0,0,True,True,False,24.08568559498276,-48.71545430429744,3.0052264030249827,3.924312842295839,0.2028762361825244,0.03047694628445873,0.01647636686656361,on,connected,True,synthetic_device_spec_v11
synthetic_customer_005,cabinet_005,2026-08-18 16:00:00+00:00,0,0,0,0,True,True,False,24.024640979713467,-48.36038018099772,3.027098755733863,3.9668028963410227,0.0,0.012026470226391453,0.0,on,connected,True,synthetic_device_spec_v11
synthetic_customer_005,cabinet_005,2026-08-18 16:10:00+00:00,0,0,0,0,True,True,False,23.97378526911262,-47.62011701465562,3.0015944545284046,4.029537082532999,0.0,0.046340220455809406,0.002504938215123178,on,connected,True,synthetic_device_spec_v11
synthetic_customer_005,cabinet_005,2026-08-18 16:20:00+00:00,0,0,0,0,True,True,False,23.923738971641384,-47.65990010043369,2.9617597349104026,3.995465280128236,0.8609834762081607,0.012376118600854732,0.012023002379769021,on,connected,True,synthetic_device_spec_v11
synthetic_customer_005,cabinet_005,2026-08-18 16:30:00+00:00,0,0,0,0,True,True,False,24.013553726809597,-47.55125202433368,3.018297949246382,4.018204808519563,0.012046612682806806,0.0,0.035317677892552045,on,connected,True,synthetic_device_spec_v11
synthetic_customer_005,cabinet_005,2026-08-18 16:40:00+00:00,0,0,0,0,True,True,False,24.07282823765193,-49.23683824247668,3.047133626792726,3.9371694211792585,0.0,0.006371381313297566,0.020646602407011178,on,connected,True,synthetic_device_spec_v11
synthetic_customer_005,cabinet_005,2026-08-18 16:50:00+00:00,0,0,0,0,True,True,False,24.031428726683615,-49.51052344732686,2.940864698797436,3.996737101900179,0.0,0.014030939263051913,0.020284141413160244,on,connected,True,synthetic_device_spec_v11
synthetic_customer_005,cabinet_005,2026-08-18 17:00:00+00:00,0,0,0,0,True,True,False,23.923041686283813,-46.40959443996418,2.971004716359865,3.991764335056349,0.0,0.0,0.0,on,connected,True,synthetic_device_spec_v11
synthetic_customer_005,cabinet_005,2026-08-18 17:10:00+00:00,0,0,0,0,True,True,False,24.035126051755533,-48.811647009178856,2.9787283363293864,4.097769385744349,0.33394418316672403,0.0,0.00630969001378571,on,connected,True,synthetic_device_spec_v11
synthetic_customer_005,cabinet_005,2026-08-18 17:20:00+00:00,0,0,0,0,True,True,False,23.932548738621765,-46.90093283353732,2.981344450448973,4.1241161268582935,0.0,0.0,0.001585811792937035,on,connected,True,synthetic_device_spec_v11
synthetic_customer_005,cabinet_005,2026-08-18 17:30:00+00:00,0,0,0,0,True,True,False,24.078014966827546,-46.09056586919035,3.023347774573891,4.00262912939865,0.0,0.02192181962501713,0.0025550399149720684,on,connected,True,synthetic_device_spec_v11
synthetic_customer_005,cabinet_005,2026-08-18 17:40:00+00:00,0,0,0,0,True,True,False,24.057375139866362,-47.026019212400875,3.0201776664118682,4.022567533585913,0.9109934452078529,0.01772560005789955,0.009309796296112503,on,connected,True,synthetic_device_spec_v11
synthetic_customer_005,cabinet_005,2026-08-18 17:50:00+00:00,0,0,0,0,True,True,False,24.031800823087007,-47.622993381570225,2.991136709770593,4.069940319811626,0.7098727842348626,0.0,0.01444492003795437,on,connected,True,synthetic_device_spec_v11
synthetic_customer_005,cabinet_005,2026-08-18 18:00:00+00:00,0,0,0,0,True,True,False,23.88622891926228,-47.36662315225092,2.9959962832449,3.997286764092323,0.0,0.022077215261930613,0.017322895009439555,on,connected,True,synthetic_device_spec_v11
synthetic_customer_005,cabinet_005,2026-08-18 18:10:00+00:00,1,1,1,1,True,True,False,23.896865508542053,-49.21522563605106,2.9989926957814195,3.9566117125081073,0.0,0.0,0.03169523015265557,on,connected,True,synthetic_device_spec_v11
synthetic_customer_005,cabinet_005,2026-08-18 18:20:00+00:00,1,1,1,1,True,True,False,24.08466563852976,-47.70759183774943,2.9956595993681217,4.025790691665723,0.0,0.0,0.006313040447004375,on,connected,True,synthetic_device_spec_v11
synthetic_customer_005,cabinet_005,2026-08-18 18:30:00+00:00,1,1,1,1,True,True,False,23.97275415660087,-46.57583334246477,3.057207455972905,4.051391632408309,0.0,0.029806826422595453,0.004951967119238122,on,connected,True,synthetic_device_spec_v11
synthetic_customer_005,cabinet_005,2026-08-18 18:40:00+00:00,0,0,0,0,True,True,False,23.9935384547076,-48.844574109792916,2.97525524185116,4.042623302620842,0.0,0.023988983631363384,0.0,on,connected,True,synthetic_device_spec_v11
synthetic_customer_005,cabinet_005,2026-08-18 18:50:00+00:00,0,0,0,0,True,True,False,23.927406243194604,-48.486763907513094,2.923501034425294,4.009679057048623,1.254620791645741,0.03633197292081265,0.017714482354016885,on,connected,True,synthetic_device_spec_v11
synthetic_customer_005,cabinet_005,2026-08-18 19:00:00+00:00,0,0,0,0,True,True,False,24.265504855690157,-48.94139776003465,2.8624945683471235,4.079938906747674,0.0,0.0,0.004617062776947915,on,connected,True,synthetic_device_spec_v11
synthetic_customer_005,cabinet_005,2026-08-18 19:10:00+00:00,0,0,0,0,True,True,False,24.00304068853632,-49.87939759711511,2.8756874047331373,4.0492239488866275,0.37402173405205236,0.0,0.0,on,connected,True,synthetic_device_spec_v11
synthetic_customer_005,cabinet_005,2026-08-18 19:20:00+00:00,0,0,0,0,True,True,False,23.85025033591342,-48.833247131494836,2.766151372169878,4.0084492816896224,0.06617913193051651,0.0,0.015282469573633321,on,connected,True,synthetic_device_spec_v11
synthetic_customer_005,cabinet_005,2026-08-18 19:30:00+00:00,0,0,0,0,True,True,False,23.907912429058573,-47.61726782361097,2.716272014079994,4.092839148925652,0.8115781167931299,0.0,0.0,on,connected,True,synthetic_device_spec_v11
synthetic_customer_005,cabinet_005,2026-08-18 19:40:00+00:00,0,0,0,0,True,True,False,24.105816828143457,-49.62258116441037,2.7052274109444863,3.92785263489932,0.0,0.0,0.03471573003869055,on,connected,True,synthetic_device_spec_v11
synthetic_customer_005,cabinet_005,2026-08-18 19:50:00+00:00,0,0,0,0,True,True,False,24.1205413739145,-47.337965589136374,2.625670037266693,3.9249830220336683,0.0,0.0,0.026111818356972134,on,connected,True,synthetic_device_spec_v11
synthetic_customer_005,cabinet_005,2026-08-18 20:00:00+00:00,0,0,0,0,True,True,False,23.951230652145163,-46.62195635232497,2.5615585311823477,3.9904180810835874,0.0,0.00860093067024255,0.00849599698628519,on,connected,True,synthetic_device_spec_v11
synthetic_customer_005,cabinet_005,2026-08-18 20:10:00+00:00,0,0,0,0,True,True,False,24.12461640432888,-48.44196361681104,2.515508953929887,4.091305666050999,0.0,0.0,0.0,on,connected,True,synthetic_device_spec_v11
synthetic_customer_005,cabinet_005,2026-08-18 20:20:00+00:00,0,0,0,0,True,True,False,24.004888529439064,-47.520338406976755,2.5163401296626624,4.058683093091729,0.531844648250756,0.0,0.0,on,connected,True,synthetic_device_spec_v11
synthetic_customer_005,cabinet_005,2026-08-18 20:30:00+00:00,0,0,0,0,True,True,False,23.997333338933394,-48.5317138556826,2.5057868549805087,3.949825145526438,0.0,0.0,0.0037164319249886157,on,connected,True,synthetic_device_spec_v11
synthetic_customer_005,cabinet_005,2026-08-18 20:40:00+00:00,0,0,0,0,True,True,False,24.074238909487566,-47.23064120388622,2.4217170060452746,4.01437892226044,0.0,0.02146341666030823,0.0013211943312708145,on,connected,True,synthetic_device_spec_v11
synthetic_customer_005,cabinet_005,2026-08-18 20:50:00+00:00,0,0,0,0,True,True,False,23.936242458217222,-49.12340703912536,2.322835009158083,3.9628065100178564,0.0,0.0,0.0,on,connected,True,synthetic_device_spec_v11
synthetic_customer_005,cabinet_005,2026-08-18 21:00:00+00:00,0,0,0,0,True,True,False,23.915046980584453,-49.31548524238458,2.318674809241248,3.963905093701109,0.0,0.0,0.0013766284182273694,on,connected,True,synthetic_device_spec_v11
synthetic_customer_005,cabinet_005,2026-08-18 21:10:00+00:00,0,0,0,0,True,True,False,23.93569960457658,-47.11293846442147,2.2802335549153434,3.9957597816046486,0.0,0.012714508838760208,0.0,on,connected,True,synthetic_device_spec_v11
synthetic_customer_005,cabinet_005,2026-08-18 21:20:00+00:00,0,0,0,0,True,True,False,23.99967429719933,-47.83351086333532,2.208196666145317,3.9110447810506663,0.0,0.021138168595520257,0.0,on,connected,True,synthetic_device_spec_v11
synthetic_customer_005,cabinet_005,2026-08-18 21:30:00+00:00,0,0,0,0,True,True,False,23.76378524969974,-46.717709443713034,2.1746837819373295,4.078076773711526,0.31737046987712986,0.0,0.0,on,connected,True,synthetic_device_spec_v11
synthetic_customer_005,cabinet_005,2026-08-18 21:40:00+00:00,0,0,0,0,True,True,False,23.98721407130237,-47.29021503762744,2.145668764654806,4.025418477007856,0.2075396481502637,0.02739732657405052,0.005930539066127203,on,connected,True,synthetic_device_spec_v11
synthetic_customer_005,cabinet_005,2026-08-18 21:50:00+00:00,0,0,0,0,True,True,False,23.918959884074958,-49.10454281210821,2.263783440553895,3.9968967417433205,0.28493407313090263,0.0,0.0,on,connected,True,synthetic_device_spec_v11
synthetic_customer_005,cabinet_005,2026-08-18 22:00:00+00:00,0,0,0,0,True,True,False,24.184660665058477,-48.208531245992475,2.1710750705471367,3.911131252459803,0.0,0.0,0.0,on,connected,True,synthetic_device_spec_v11
synthetic_customer_005,cabinet_005,2026-08-18 22:10:00+00:00,0,0,0,0,True,True,False,24.124458722409003,-46.739875460819285,2.193717044695129,3.952909947095915,0.0,0.0,0.0,on,connected,True,synthetic_device_spec_v11
synthetic_customer_005,cabinet_005,2026-08-18 22:20:00+00:00,0,0,0,0,True,True,False,24.192370360771235,-49.228861412491966,2.1943280830654888,3.9320643826888473,0.0,0.013335374078171359,0.011324606030367931,on,connected,True,synthetic_device_spec_v11
synthetic_customer_005,cabinet_005,2026-08-18 22:30:00+00:00,0,0,0,0,True,True,False,23.987778603039573,-47.84435477597478,3.016824128424646,3.9666505710632305,0.0,0.0,0.0,on,connected,True,synthetic_device_spec_v11
synthetic_customer_005,cabinet_005,2026-08-18 22:40:00+00:00,0,0,0,0,True,True,False,23.991421782624727,-48.98586585992664,3.0207254376737467,3.809131251171175,0.4674824666668946,0.0253038415802423,0.0,on,connected,True,synthetic_device_spec_v11
synthetic_customer_005,cabinet_005,2026-08-18 22:50:00+00:00,0,0,0,0,True,True,False,24.116516240394372,-48.99807930999593,3.010089162296915,3.990331816070639,0.09156497699684064,0.006210491201223105,0.007726461547655622,on,connected,True,synthetic_device_spec_v11
synthetic_customer_005,cabinet_005,2026-08-18 23:00:00+00:00,0,0,0,0,True,True,False,23.9176233015195,-47.72391403462793,2.975215674747351,3.965796678029508,0.0,0.0,0.0,on,connected,True,synthetic_device_spec_v11
synthetic_customer_005,cabinet_005,2026-08-18 23:10:00+00:00,0,0,0,0,True,True,False,23.94864442685918,-48.45560202132062,3.0310810153696206,3.9905212950939375,0.0,0.0,0.03566774373041631,on,connected,True,synthetic_device_spec_v11
synthetic_customer_005,cabinet_005,2026-08-18 23:20:00+00:00,0,0,0,0,True,True,False,23.91589095712071,-46.09716024657569,3.0138130363029,3.9820078773824483,0.3611208451602496,0.010672227341392141,0.005584523502849146,on,connected,True,synthetic_device_spec_v11
synthetic_customer_005,cabinet_005,2026-08-18 23:30:00+00:00,0,0,0,0,True,True,False,23.92837280060535,-48.81333339836889,3.0292533988397694,3.999847151872946,0.0,0.005990934919180773,0.008996240517574744,on,connected,True,synthetic_device_spec_v11
synthetic_customer_005,cabinet_005,2026-08-18 23:40:00+00:00,0,0,0,0,True,True,False,23.87445826129528,-49.29392889633461,2.9601056782157116,3.9617573739335796,0.0,0.018557752010410593,0.005756863435041295,on,connected,True,synthetic_device_spec_v11
synthetic_customer_005,cabinet_005,2026-08-18 23:50:00+00:00,0,0,0,0,True,True,False,23.962325417087037,-48.65488212481022,3.0406668269466266,4.049687800376246,0.0,0.0,0.0,on,connected,True,synthetic_device_spec_v11
synthetic_customer_005,cabinet_005,2026-08-19 00:00:00+00:00,0,0,0,0,True,True,False,23.97149219086515,-48.46186810301424,3.0853023055222746,3.814430059315652,0.399628532927555,0.0,0.006360258833406457,on,connected,True,synthetic_device_spec_v11
synthetic_customer_005,cabinet_005,2026-08-19 00:10:00+00:00,1,1,1,1,True,True,False,24.20230039018089,-48.861340981275745,3.014214403566035,4.005703472400465,0.0,0.027334203259285202,0.01996671236096758,on,connected,True,synthetic_device_spec_v11
synthetic_customer_005,cabinet_005,2026-08-19 00:20:00+00:00,1,1,1,1,True,True,False,24.193476003217175,-47.631037073769036,2.9801914044537092,4.117241460071394,0.553893236148346,0.008406551226473996,0.0,on,connected,True,synthetic_device_spec_v11
synthetic_customer_005,cabinet_005,2026-08-19 00:30:00+00:00,1,1,1,1,True,True,False,23.791004541025465,-49.28355593604071,2.975167607873473,3.9324758045767694,0.5503392779679678,0.0,0.02364334363700788,on,connected,True,synthetic_device_spec_v11
synthetic_customer_005,cabinet_005,2026-08-19 00:40:00+00:00,0,0,0,0,True,True,False,23.845571090646416,-48.79762967202672,3.0255612516081314,3.941622584466255,1.2273365956097326,0.026519943931582225,0.03794478746875695,on,connected,True,synthetic_device_spec_v11
synthetic_customer_005,cabinet_005,2026-08-19 00:50:00+00:00,0,0,0,0,True,True,False,23.94415358607803,-48.09122921900711,2.97754061859264,3.905432824986812,0.0,0.000900080910461092,0.004624096062081007,on,connected,True,synthetic_device_spec_v11
synthetic_customer_005,cabinet_005,2026-08-19 01:00:00+00:00,0,0,0,0,True,True,False,23.880812004919065,-47.501513832606406,2.851692284562507,4.0732790079511885,0.0,0.011464915426346076,0.0,on,connected,True,synthetic_device_spec_v11
synthetic_customer_005,cabinet_005,2026-08-19 01:10:00+00:00,0,0,0,0,True,True,False,24.261919534807888,-46.15776610171636,2.8104781027789665,3.986217374222673,0.32044770529233774,0.0,0.0,on,connected,True,synthetic_device_spec_v11
synthetic_customer_005,cabinet_005,2026-08-19 01:20:00+00:00,0,0,0,0,True,True,False,24.147615881944024,-47.68443312805835,2.6983068380138246,3.9941118802419946,0.01617398417688649,0.0,0.043734220194217806,on,connected,True,synthetic_device_spec_v11
synthetic_customer_005,cabinet_005,2026-08-19 01:30:00+00:00,0,0,0,0,True,True,False,24.01306001469319,-49.31680259560362,2.6101756927287156,3.884155258768952,0.3617715279939563,0.025235275548934955,0.007419898097421496,on,connected,True,synthetic_device_spec_v11
synthetic_customer_005,cabinet_005,2026-08-19 01:40:00+00:00,0,0,0,0,True,True,False,24.028716786129998,-48.53763599180569,2.5011103556107748,3.8960961127749223,0.2726113357356493,0.0,0.0,on,connected,True,synthetic_device_spec_v11
synthetic_customer_005,cabinet_005,2026-08-19 01:50:00+00:00,0,0,0,0,True,True,False,24.17549153782698,-47.068148447918894,2.435955589256852,4.034378796102495,0.05245965163299076,0.010044354678542155,0.023278801503869614,on,connected,True,synthetic_device_spec_v11
synthetic_customer_005,cabinet_005,2026-08-19 02:00:00+00:00,0,0,0,0,True,True,False,23.93080207372554,-46.81865534386725,2.2248765237087933,3.853453458980981,0.21071220337433277,0.0362741911421821,0.009944928586036109,on,connected,True,synthetic_device_spec_v11
synthetic_customer_005,cabinet_005,2026-08-19 02:10:00+00:00,0,0,0,0,True,True,False,23.958108571916874,-49.032805877446194,2.1260139648974663,3.924693922462877,0.0,0.003667864075095691,0.0,on,connected,True,synthetic_device_spec_v11
synthetic_customer_005,cabinet_005,2026-08-19 02:20:00+00:00,0,0,0,0,True,True,False,24.130692379742428,-47.92616295455258,2.0809367157958065,3.9896837920013293,0.0,0.009358869735837423,0.011313472618103879,on,connected,True,synthetic_device_spec_v11
synthetic_customer_005,cabinet_005,2026-08-19 02:30:00+00:00,0,0,0,0,True,True,False,24.15162141138477,-48.60890278556881,1.946002670601954,3.9662147050814003,0.0,0.0,0.0,on,connected,True,synthetic_device_spec_v11
synthetic_customer_005,cabinet_005,2026-08-19 02:40:00+00:00,0,0,0,0,True,True,False,23.91545316528344,-47.61716630665992,1.7946776353480312,3.9764651092453693,0.0,0.031850892283373254,0.0032212694498371676,on,connected,True,synthetic_device_spec_v11
synthetic_customer_005,cabinet_005,2026-08-19 02:50:00+00:00,0,0,0,0,True,True,False,23.97642811925,-49.108515253109196,1.7851063197906294,3.978729839761937,0.242491931877835,0.0,0.0,on,connected,True,synthetic_device_spec_v11
synthetic_customer_005,cabinet_005,2026-08-19 03:00:00+00:00,0,0,0,0,True,True,False,24.343993441154204,-47.88187733225938,1.6758025028159154,4.0982062433690905,0.0,0.019735485318903498,0.0,on,connected,True,synthetic_device_spec_v11
synthetic_customer_005,cabinet_005,2026-08-19 03:10:00+00:00,0,0,0,0,True,True,False,24.108616221005125,-47.44637186173142,1.479187034177657,3.9662572583449003,0.0,0.0,0.015136788916522698,on,connected,True,synthetic_device_spec_v11
synthetic_customer_005,cabinet_005,2026-08-19 03:20:00+00:00,0,0,0,0,True,True,False,23.947215645859558,-48.40050050034228,1.3968891034733737,3.967975709965861,0.43440411802516793,0.0,0.020495416434027657,on,connected,True,synthetic_device_spec_v11
synthetic_customer_005,cabinet_005,2026-08-19 03:30:00+00:00,0,0,0,0,True,True,False,24.149878374785562,-47.44206909808592,1.3621731597341813,3.9751052987463846,0.5488445040726052,0.027575399298403747,0.0038827264738473836,on,connected,True,synthetic_device_spec_v11
synthetic_customer_005,cabinet_005,2026-08-19 03:40:00+00:00,0,0,0,0,True,True,False,23.810373214434915,-48.68622978157285,1.2292212546810855,3.9480847783965323,0.0,0.0,0.0,on,connected,True,synthetic_device_spec_v11
synthetic_customer_005,cabinet_005,2026-08-19 03:50:00+00:00,0,0,0,0,True,True,False,23.89920337439535,-48.829314732133014,1.1085270958443443,4.004309455058169,0.12455600227200267,0.0,0.04868445915831509,on,connected,True,synthetic_device_spec_v11
synthetic_customer_005,cabinet_005,2026-08-19 04:00:00+00:00,0,0,0,0,True,True,False,24.213243721661875,-47.35892026925725,1.0315873425475637,4.079309102325193,0.0,0.0035205054802172116,0.0,on,connected,True,synthetic_device_spec_v11
synthetic_customer_005,cabinet_005,2026-08-19 04:10:00+00:00,0,0,0,0,True,True,False,24.007848387199346,-48.78736538148124,0.9863494115473923,4.10795111629783,0.3286465285089017,0.0075449750429994,0.0,on,connected,True,synthetic_device_spec_v11
synthetic_customer_005,cabinet_005,2026-08-19 04:20:00+00:00,0,0,0,0,True,True,False,23.888557261247268,-48.48256944538734,1.0074624529188934,3.9390920351499674,0.18663960426367956,0.0,0.027783826481958335,on,connected,True,synthetic_device_spec_v11
synthetic_customer_005,cabinet_005,2026-08-19 04:30:00+00:00,0,0,0,0,True,True,False,24.083663240280575,-47.88285676728656,0.9403869711325262,4.010649149985353,0.197304004354262,0.0,0.0,on,connected,True,synthetic_device_spec_v11
synthetic_customer_005,cabinet_005,2026-08-19 04:40:00+00:00,0,0,0,0,True,True,False,24.06867779305838,-48.50503333467982,0.951550732884629,4.000968783555408,0.0,0.00017739424744578607,0.0,on,connected,True,synthetic_device_spec_v11
synthetic_customer_005,cabinet_005,2026-08-19 04:50:00+00:00,0,0,0,0,True,True,False,23.86490749384369,-49.49202905135077,0.9745542615885601,4.005874002355964,0.0,0.0,0.00015135458056827762,on,connected,True,synthetic_device_spec_v11
synthetic_customer_005,cabinet_005,2026-08-19 05:00:00+00:00,0,0,0,0,True,True,False,24.06354385669933,-47.79394965950369,0.9075877485641064,4.0493313686388985,0.0,0.00581846342720881,0.015140746456013814,on,connected,True,synthetic_device_spec_v11
synthetic_customer_005,cabinet_005,2026-08-19 05:10:00+00:00,0,0,0,0,True,True,False,23.95180819163802,-49.245132622761936,2.973039130949272,4.05245317225631,1.0063707040308205,0.026367823851248653,0.0,on,connected,True,synthetic_device_spec_v11
synthetic_customer_005,cabinet_005,2026-08-19 05:20:00+00:00,0,0,0,0,True,True,False,24.003350384459665,-49.03508873995147,3.082137235613652,4.0139566632536345,3.990845587974981,0.001065925921264632,0.0,on,connected,True,synthetic_device_spec_v11
synthetic_customer_005,cabinet_005,2026-08-19 05:30:00+00:00,0,0,0,0,True,True,False,23.959945729304565,-46.68843188065387,2.906852487927725,4.005137114149651,4.3911397376377925,0.0,0.023762389024921636,on,connected,True,synthetic_device_spec_v11
synthetic_customer_005,cabinet_005,2026-08-19 05:40:00+00:00,0,0,0,0,True,True,False,23.766105443564957,-48.637191497396174,2.9739715975474303,4.045778025955214,7.291140581335118,0.0,0.03491950100078789,on,connected,True,synthetic_device_spec_v11
synthetic_customer_005,cabinet_005,2026-08-19 05:50:00+00:00,0,0,0,0,True,True,False,24.067938019447492,-48.10755369978008,2.9543424314134703,4.049593487609982,9.740378971218638,0.014563149113831204,0.022101168103377863,on,connected,True,synthetic_device_spec_v11
synthetic_customer_005,cabinet_005,2026-08-19 06:00:00+00:00,0,0,0,0,True,True,False,24.082506381643693,-47.382375836937626,2.963152917232678,4.12798746035297,11.155093189992215,0.03301938789164368,0.017352736052404102,on,connected,True,synthetic_device_spec_v11
synthetic_customer_005,cabinet_005,2026-08-19 06:10:00+00:00,1,1,1,1,True,True,False,23.890206562490366,-46.69785049933048,2.973849802938486,3.9405355396772586,12.898293736838221,0.03275464447763399,0.0,on,connected,True,synthetic_device_spec_v11
synthetic_customer_005,cabinet_005,2026-08-19 06:20:00+00:00,1,1,1,1,True,True,False,24.059545740083095,-46.74818790967607,3.0642868213360055,3.9370957371955413,15.562446242159218,0.0328722582182803,0.0,on,connected,True,synthetic_device_spec_v11
synthetic_customer_005,cabinet_005,2026-08-19 06:30:00+00:00,1,1,1,1,True,True,False,24.27800167155483,-47.59544253643306,2.992477509648196,4.03237104012037,16.6539312483221,0.034648397380314014,0.0,on,connected,True,synthetic_device_spec_v11
synthetic_customer_005,cabinet_005,2026-08-19 06:40:00+00:00,0,0,0,0,True,True,False,23.8132465250497,-48.989926932088125,3.0443680667256388,3.9778808129899197,18.742932028357682,0.0,0.002736612804547318,on,connected,True,synthetic_device_spec_v11
synthetic_customer_005,cabinet_005,2026-08-19 06:50:00+00:00,0,0,0,0,True,True,False,23.990024881405358,-47.301904715878464,2.999087186860443,4.104240111355875,21.49432914092918,0.0068290585179958735,0.015586497078757217,on,connected,True,synthetic_device_spec_v11
synthetic_customer_005,cabinet_005,2026-08-19 07:00:00+00:00,0,0,0,0,True,True,False,24.100696455548473,-47.52096847440413,2.977459675969967,4.028774121107497,23.647112031448977,0.0,0.025438653732012748,on,connected,True,synthetic_device_spec_v11
synthetic_customer_005,cabinet_005,2026-08-19 07:10:00+00:00,0,0,0,0,True,True,False,23.855830333774772,-49.265062640538304,2.945526201051947,4.001486263434425,25.5405765314846,0.020228053086568325,0.0,on,connected,True,synthetic_device_spec_v11
synthetic_customer_005,cabinet_005,2026-08-19 07:20:00+00:00,0,0,0,0,True,True,False,24.285573773498836,-47.638013809021544,2.9599163134114654,3.9867751211680145,24.546336193057353,0.0,0.0,on,connected,True,synthetic_device_spec_v11
synthetic_customer_005,cabinet_005,2026-08-19 07:30:00+00:00,0,0,0,0,True,True,False,24.04954879521867,-48.63446848488821,2.9536820009102596,4.042353582547851,24.761073659829993,0.006012833170186619,0.004895523340055711,on,connected,True,synthetic_device_spec_v11
synthetic_customer_005,cabinet_005,2026-08-19 07:40:00+00:00,0,0,0,0,True,True,False,23.939894272612502,-48.212567093804964,3.034629348935059,3.98367434462735,25.349330081000446,0.003187570862813092,0.013104525164985042,on,connected,True,synthetic_device_spec_v11
synthetic_customer_005,cabinet_005,2026-08-19 07:50:00+00:00,0,0,0,0,True,True,False,23.965743490228423,-46.1192275938109,2.9970524803408547,4.0126809995201835,23.954018356096846,0.0,0.03176302105960819,on,connected,True,synthetic_device_spec_v11
synthetic_customer_005,cabinet_005,2026-08-19 08:00:00+00:00,0,0,0,0,True,True,False,23.96832475368711,-48.15015417440685,3.017617242068088,4.10380625805201,0.30602495932716756,0.0,0.0,on,connected,True,synthetic_device_spec_v11
synthetic_customer_005,cabinet_005,2026-08-19 08:10:00+00:00,0,0,0,0,True,True,False,24.06617702183604,-47.469501742315714,2.9178602913794345,3.982883851705073,0.0,0.033883745685501294,0.0,on,connected,True,synthetic_device_spec_v11
synthetic_customer_005,cabinet_005,2026-08-19 08:20:00+00:00,0,0,0,0,True,True,False,23.77179165731964,-47.71477101907766,3.0023027044849493,4.081429997721074,0.7069248048825886,3.959493975545967e-05,0.0,on,connected,True,synthetic_device_spec_v11
synthetic_customer_005,cabinet_005,2026-08-19 08:30:00+00:00,0,0,0,0,True,True,False,23.95603316165419,-49.341749779072366,2.906234854409824,4.122004325650413,0.06910914511288427,0.030799572407886718,0.020864456613399474,on,connected,True,synthetic_device_spec_v11
synthetic_customer_005,cabinet_005,2026-08-19 08:40:00+00:00,0,0,0,0,True,True,False,24.091138022773276,-47.02010569444006,2.972605313236758,4.064875406490495,0.22359938247193295,0.0,0.0,on,connected,True,synthetic_device_spec_v11
synthetic_customer_005,cabinet_005,2026-08-19 08:50:00+00:00,0,0,0,0,True,True,False,23.986629973060566,-48.33759798294029,2.9967040145644823,4.0395409142216225,0.8603315524935348,0.0,0.0,on,connected,True,synthetic_device_spec_v11
synthetic_customer_005,cabinet_005,2026-08-19 09:00:00+00:00,0,0,0,0,True,True,False,23.90409033587123,-49.21314365322257,3.0033495285033895,4.000939878139416,0.0,0.01634577240005504,0.00852403151029919,on,connected,True,synthetic_device_spec_v11
synthetic_customer_005,cabinet_005,2026-08-19 09:10:00+00:00,0,0,0,0,True,True,False,24.017459350238692,-45.8708891026429,3.0115746995097523,4.061930468611382,0.6087598097461755,0.0427664465288177,0.01181028353571011,on,connected,True,synthetic_device_spec_v11
synthetic_customer_005,cabinet_005,2026-08-19 09:20:00+00:00,0,0,0,0,True,True,False,23.97607762013934,-48.08469544208418,3.0396463479797875,3.998865422388511,0.14541598177983653,0.0045747188461049155,0.0,on,connected,True,synthetic_device_spec_v11
synthetic_customer_005,cabinet_005,2026-08-19 09:30:00+00:00,0,0,0,0,True,True,False,24.218044575666212,-47.531093657627885,2.9921259037113566,3.893070579806846,0.0,0.036621890248222676,0.0,on,connected,True,synthetic_device_spec_v11
synthetic_customer_005,cabinet_005,2026-08-19 09:40:00+00:00,0,0,0,0,True,True,False,23.980832491344334,-48.910984077531914,2.9983148207034365,4.062857723618816,0.04071453797322475,0.0019181268348688768,0.0,on,connected,True,synthetic_device_spec_v11
synthetic_customer_005,cabinet_005,2026-08-19 09:50:00+00:00,0,0,0,0,True,True,False,23.813246756170393,-47.284275447258665,2.9765839308199022,3.914178755018317,0.0,0.0,0.017359141134716104,on,connected,True,synthetic_device_spec_v11
synthetic_customer_005,cabinet_005,2026-08-19 10:00:00+00:00,0,0,0,0,True,True,False,23.823255358373686,-47.64025803868535,3.0809201236397588,3.949242793709672,0.07140771246260051,0.0,0.0,on,connected,True,synthetic_device_spec_v11
synthetic_customer_005,cabinet_005,2026-08-19 10:10:00+00:00,0,0,0,0,True,True,False,24.171754835406677,-49.040702970709816,3.018773422130262,3.904289497539904,0.5174534120435714,0.05053867746152118,0.0,on,connected,True,synthetic_device_spec_v11
synthetic_customer_005,cabinet_005,2026-08-19 10:20:00+00:00,0,0,0,0,True,True,False,24.002583173588494,-53.143922654950174,2.9741225566468366,4.004621919152936,0.7392582081743186,0.10815939084081906,0.0,on,connected,True,synthetic_device_spec_v11
synthetic_customer_005,cabinet_005,2026-08-19 10:30:00+00:00,0,0,0,0,True,True,False,24.15465689504343,-55.74530425450486,2.9855343908562286,4.004134838841526,0.17398623994467663,0.13667489245931905,0.01424111381340738,on,connected,True,synthetic_device_spec_v11
synthetic_customer_005,cabinet_005,2026-08-19 10:40:00+00:00,0,0,0,0,True,True,False,23.998490996831944,-55.19335570148581,2.939796687429481,3.984756214239084,0.4645638759326961,0.182829311927034,0.00043285753705266946,on,connected,True,synthetic_device_spec_v11
synthetic_customer_005,cabinet_005,2026-08-19 10:50:00+00:00,0,0,0,0,True,True,False,23.985365626983093,-62.22945031101145,3.064599301734388,3.968930573963785,0.892268354184373,0.18743087109053086,0.0,on,connected,True,synthetic_device_spec_v11
synthetic_customer_005,cabinet_005,2026-08-19 11:00:00+00:00,0,0,0,0,True,True,False,23.89560837837145,-61.487158636359524,3.03270915714291,3.9778383466582135,0.0,0.25876679547869985,0.0,on,connected,True,synthetic_device_spec_v11
synthetic_customer_005,cabinet_005,2026-08-19 11:10:00+00:00,0,0,0,0,True,True,False,24.008602226896393,-66.7461469467774,3.0246285886944397,3.951873935935332,0.03868049539287308,0.3258539670340742,0.0,on,connected,True,synthetic_device_spec_v11
synthetic_customer_005,cabinet_005,2026-08-19 11:20:00+00:00,0,0,0,0,True,True,False,24.186849649285445,-68.34458907212104,3.015929140496075,4.061889096048488,0.6110903362375029,0.3530935225364933,0.010217827598394555,on,connected,True,synthetic_device_spec_v11
synthetic_customer_005,cabinet_005,2026-08-19 11:30:00+00:00,0,0,0,0,True,True,False,24.018567299603117,-70.42126502763557,2.989570345638001,4.048933540836375,0.3303601058501848,0.42873896897150376,0.008903867446586633,on,connected,True,synthetic_device_spec_v11
synthetic_customer_005,cabinet_005,2026-08-19 11:40:00+00:00,0,0,0,0,True,True,False,24.169195738404458,-72.8364860768187,3.0605337936264396,4.088008080998207,0.0,0.44057083162025046,0.0,on,connected,True,synthetic_device_spec_v11
synthetic_customer_005,cabinet_005,2026-08-19 11:50:00+00:00,0,0,0,0,True,True,False,23.953664824614282,-74.99430385292086,3.0465752783208853,4.1287125556641495,0.0,0.5418130078329577,0.0,on,connected,True,synthetic_device_spec_v11
synthetic_customer_005,cabinet_005,2026-08-19 12:00:00+00:00,0,0,0,0,True,True,False,23.856003321028172,-78.41507161145657,2.9383639193218487,4.034441432394206,0.6035090722156394,0.5261481712633599,0.0,on,connected,True,synthetic_device_spec_v11
synthetic_customer_005,cabinet_005,2026-08-19 12:10:00+00:00,1,1,1,1,True,True,False,24.081470001189352,-82.30644938845374,3.0180730223091095,3.899509811684894,0.2635529897792806,0.6109664420220836,0.012876738344760181,on,connected,True,synthetic_device_spec_v11
synthetic_customer_005,cabinet_005,2026-08-19 12:20:00+00:00,1,1,1,1,True,True,False,23.946175678505227,-83.4429950873421,2.9159403685283216,3.9492869206702537,0.7242586094208087,0.6552641963313927,0.0,on,connected,True,synthetic_device_spec_v11
synthetic_customer_005,cabinet_005,2026-08-19 13:10:00+00:00,0,0,0,0,True,True,False,23.95505415023837,-49.95374816639285,3.0573296485087966,4.087720940084801,0.0,0.020530427303109527,0.0,on,connected,True,synthetic_device_spec_v11
synthetic_customer_005,cabinet_005,2026-08-19 13:20:00+00:00,0,0,0,0,True,True,False,24.000233327054538,-48.081628124213665,2.947122861117925,4.180613204025113,0.0,0.0051478466063883555,0.02048942726312763,on,connected,True,synthetic_device_spec_v11
synthetic_customer_005,cabinet_005,2026-08-19 13:30:00+00:00,0,0,0,0,True,True,False,23.699119549724763,-46.18443053651261,3.0261670156521734,4.438050174677499,0.0,0.0,0.05965795120349828,on,connected,True,synthetic_device_spec_v11
synthetic_customer_005,cabinet_005,2026-08-19 13:40:00+00:00,0,0,0,0,True,True,False,23.446054549672006,-47.376079377937536,3.017403560999015,4.7437074860022035,0.08265491995389651,0.03235544428937394,0.10104355635890164,on,connected,True,synthetic_device_spec_v11
synthetic_customer_005,cabinet_005,2026-08-19 13:50:00+00:00,0,0,0,0,True,True,False,23.128598252186098,-48.41580276218524,2.9635372264744504,5.1550768365758195,0.6987325548389997,0.027437014291634483,0.11975123005778857,on,connected,True,synthetic_device_spec_v11
synthetic_customer_005,cabinet_005,2026-08-19 14:00:00+00:00,0,0,0,0,True,True,False,22.84571684580223,-47.69919033091914,2.9879004457178753,5.270750080065552,0.0,0.0,0.1291247268607264,on,connected,True,synthetic_device_spec_v11
synthetic_customer_005,cabinet_005,2026-08-19 14:10:00+00:00,0,0,0,0,True,True,False,22.40647190032233,-48.15765302285696,2.9811439236751593,5.609389090163688,0.0,0.007229863803136758,0.22393400043196524,on,connected,True,synthetic_device_spec_v11
synthetic_customer_005,cabinet_005,2026-08-19 14:20:00+00:00,0,0,0,0,True,True,False,22.04696980522526,-47.9261975464061,2.953149999485462,5.846390130397703,0.0,0.02135778846017701,0.2388430959942625,on,connected,True,synthetic_device_spec_v11
synthetic_customer_005,cabinet_005,2026-08-19 14:30:00+00:00,0,0,0,0,True,True,False,21.779865859751656,-47.52609971703254,2.943429149959406,6.1162641794573025,0.0,0.0,0.2524915581868312,on,connected,True,synthetic_device_spec_v11
synthetic_customer_005,cabinet_005,2026-08-19 14:40:00+00:00,0,0,0,0,True,True,False,21.307454138106035,-46.92993606344726,3.028658323551089,6.213628628425164,0.0,0.0,0.33798674391510575,on,connected,True,synthetic_device_spec_v11
synthetic_customer_005,cabinet_005,2026-08-19 14:50:00+00:00,0,0,0,0,True,True,False,21.22156615243904,-48.80028817487148,3.040369396724989,6.685415524253256,0.959932652729373,0.010184231207751528,0.35512504016403257,on,connected,True,synthetic_device_spec_v11
synthetic_customer_005,cabinet_005,2026-08-19 15:00:00+00:00,0,0,0,0,True,True,False,20.929992464082016,-45.37336166663565,2.9384768619891397,7.004355581571624,0.0,0.0,0.42505782947873955,on,connected,True,synthetic_device_spec_v11
synthetic_customer_005,cabinet_005,2026-08-19 15:10:00+00:00,0,0,0,0,True,True,False,20.87058285112927,-47.81261929805315,2.9889051584580693,7.001752315652254,0.18028232368795014,0.0,0.3688256148407572,on,connected,True,synthetic_device_spec_v11
synthetic_customer_005,cabinet_005,2026-08-19 15:20:00+00:00,0,0,0,0,True,True,False,19.962755853291338,-49.27273684493277,2.995886523097076,7.0630403331158345,0.0,0.05428266183240067,0.40572105930691005,on,connected,True,synthetic_device_spec_v11
synthetic_customer_005,cabinet_005,2026-08-19 15:30:00+00:00,0,0,0,0,True,True,False,19.896583973895446,-48.02739884860974,3.078790559876253,6.96921114459629,0.3224134637284428,0.04685148370622843,0.3977003118203945,on,connected,True,synthetic_device_spec_v11
synthetic_customer_005,cabinet_005,2026-08-19 15:40:00+00:00,0,0,0,0,True,True,False,19.654709682823366,-49.40167058757038,2.945663078381697,7.02204598762624,0.0,0.0,0.3819841140363318,on,connected,True,synthetic_device_spec_v11
synthetic_customer_005,cabinet_005,2026-08-19 15:50:00+00:00,0,0,0,0,True,True,False,19.21952760762542,-47.16095096676848,2.929313514673486,7.011208795479574,0.5948695412064762,0.002914033569836674,0.38870445820369953,on,connected,True,synthetic_device_spec_v11
synthetic_customer_005,cabinet_005,2026-08-19 16:00:00+00:00,0,0,0,0,True,True,False,19.223857526300336,-47.98990079713961,3.0113036222884704,7.040965435831339,0.0,0.019225131499646112,0.43067928239604814,on,connected,True,synthetic_device_spec_v11
synthetic_customer_005,cabinet_005,2026-08-19 16:10:00+00:00,0,0,0,0,True,True,False,18.755098900755176,-48.477971370903,3.017374683758947,4.01477299041198,0.0,0.0,0.018036527910073777,on,connected,True,synthetic_device_spec_v11
synthetic_customer_005,cabinet_005,2026-08-19 17:40:00+00:00,0,0,0,0,True,True,False,24.16129727550559,-49.718820459734445,3.0427235591725235,3.942698399291091,0.008909488903244502,0.021910045561654514,0.0,on,connected,True,synthetic_device_spec_v11
synthetic_customer_005,cabinet_005,2026-08-19 17:50:00+00:00,0,0,0,0,True,True,False,24.1426800409729,-46.891171392092616,2.9573169617747723,4.076173586242204,0.0775959635934119,0.00736442044566211,0.004481174347999468,on,connected,True,synthetic_device_spec_v11
synthetic_customer_005,cabinet_005,2026-08-19 18:00:00+00:00,0,0,0,0,True,True,False,24.08351164908007,-48.02043297308781,3.038561152297776,4.015562632498095,0.0,0.0,0.03410696229355885,on,connected,True,synthetic_device_spec_v11
synthetic_customer_005,cabinet_005,2026-08-19 18:10:00+00:00,1,1,1,1,True,True,False,23.803855112416397,-48.40877661721232,3.0230671169613417,3.953152348711855,0.773030316099353,0.019014941299160218,0.009131042997715118,on,connected,True,synthetic_device_spec_v11
synthetic_customer_005,cabinet_005,2026-08-19 18:20:00+00:00,1,1,1,1,True,True,False,23.84620158510449,-49.03776632620781,2.987222182098262,3.879158313058726,0.08060520527739565,0.0,0.006335387579615486,on,connected,True,synthetic_device_spec_v11
synthetic_customer_005,cabinet_005,2026-08-19 18:30:00+00:00,1,1,1,1,True,True,False,23.845732189205517,-46.86906859896068,3.099559926369505,4.0307144360477825,0.6180362650838447,0.018933910283593806,0.011353613866429173,on,connected,True,synthetic_device_spec_v11
synthetic_customer_005,cabinet_005,2026-08-19 18:40:00+00:00,0,0,0,0,True,True,False,24.089665548265344,-48.51071238288841,3.01205301767115,3.8907594166045087,0.1690656288507921,0.0,0.016491888193229373,on,connected,True,synthetic_device_spec_v11
synthetic_customer_005,cabinet_005,2026-08-19 18:50:00+00:00,0,0,0,0,True,True,False,24.271547059804078,-46.86665150044747,3.048459662387944,3.885778870593343,0.0,0.0319869280065185,0.0,on,connected,True,synthetic_device_spec_v11
synthetic_customer_005,cabinet_005,2026-08-19 19:00:00+00:00,0,0,0,0,True,True,False,23.65722361458428,-48.58844641957839,2.9969301687624252,4.067302722492776,0.27845170870110053,0.025013608742776684,0.025355941310641353,on,connected,True,synthetic_device_spec_v11
synthetic_customer_005,cabinet_005,2026-08-19 19:10:00+00:00,0,0,0,0,True,True,False,24.085878331683812,-48.7175857058804,3.0473547730590975,4.016013063254098,0.21287596526560904,0.025949529298573554,0.0,on,connected,True,synthetic_device_spec_v11
synthetic_customer_005,cabinet_005,2026-08-19 19:20:00+00:00,0,0,0,0,True,True,False,23.947006335877898,-49.70585597572207,2.910226778959987,3.9935837966738728,0.297844632053957,0.0018020469536255857,0.0,on,connected,True,synthetic_device_spec_v11
synthetic_customer_005,cabinet_005,2026-08-19 19:30:00+00:00,0,0,0,0,True,True,False,23.852911213757505,-47.66080727754185,3.0069366575341734,4.056789275632448,0.0,0.0,0.0,on,connected,True,synthetic_device_spec_v11
synthetic_customer_005,cabinet_005,2026-08-19 19:40:00+00:00,0,0,0,0,True,True,False,23.912276311913043,-47.99312987909661,3.0295661232636024,3.9370597609849525,0.0,0.0,0.0,on,connected,True,synthetic_device_spec_v11
synthetic_customer_005,cabinet_005,2026-08-19 19:50:00+00:00,0,0,0,0,True,True,False,23.875227114682314,-49.5746281870987,2.9978427034164046,3.978649040082901,0.0,0.0323155791222163,0.0,on,connected,True,synthetic_device_spec_v11
synthetic_customer_005,cabinet_005,2026-08-19 20:00:00+00:00,0,0,0,0,True,True,False,23.98551908265237,-48.203289091797664,2.902924100097846,3.9910914690114856,0.0,0.02830048254256941,0.01731175349840347,on,connected,True,synthetic_device_spec_v11
synthetic_customer_005,cabinet_005,2026-08-19 20:10:00+00:00,0,0,0,0,True,True,False,23.951791549326614,-46.49304234171527,2.993729900881038,3.9968537416228154,0.0,0.0,0.0,on,connected,True,synthetic_device_spec_v11
synthetic_customer_005,cabinet_005,2026-08-19 20:20:00+00:00,0,0,0,0,True,True,False,23.920996890841433,-50.77026799549877,3.0036707411167294,4.028329487694497,0.030168416639910395,0.0,0.021481109180529638,on,connected,True,synthetic_device_spec_v11
synthetic_customer_005,cabinet_005,2026-08-19 20:30:00+00:00,0,0,0,0,True,True,False,24.11504290700416,-48.18437293032559,3.008904053884359,4.020613990479095,0.0,0.02207225910329708,0.004546052237620293,on,connected,True,synthetic_device_spec_v11
synthetic_customer_005,cabinet_005,2026-08-19 20:40:00+00:00,0,0,0,0,True,True,False,23.898852311359956,-47.257531907896976,2.9885749544700744,3.9918767772463393,0.0,0.0,0.014248466464775634,on,connected,True,synthetic_device_spec_v11
synthetic_customer_005,cabinet_005,2026-08-19 20:50:00+00:00,0,0,0,0,True,True,False,24.222319949566796,-48.64907810140222,3.1108118802124958,3.968792455507612,0.0,0.0151942460959772,0.012449800637479046,on,connected,True,synthetic_device_spec_v11
synthetic_customer_005,cabinet_005,2026-08-19 21:00:00+00:00,0,0,0,0,True,True,False,24.26663820147785,-49.27505624002536,2.991705515030531,3.9732409003836264,0.4916097616223104,0.0,0.0,on,connected,True,synthetic_device_spec_v11
synthetic_customer_005,cabinet_005,2026-08-19 21:10:00+00:00,0,0,0,0,True,True,False,23.919641176001715,-48.66201234804159,2.927015608607036,4.101880956648858,0.0,0.007212756449524784,0.001356402901946867,on,connected,True,synthetic_device_spec_v11
synthetic_customer_005,cabinet_005,2026-08-19 21:20:00+00:00,0,0,0,0,True,True,False,23.91271957713571,-47.599847533283224,2.9340413870813067,4.0503734488294105,0.07420732632446826,0.01634450189367972,0.0,on,connected,True,synthetic_device_spec_v11
synthetic_customer_005,cabinet_005,2026-08-19 21:30:00+00:00,0,0,0,0,True,True,False,24.004790431507704,-48.29599926937735,2.9428605351346087,4.115603093549058,0.48746813111184023,0.0,0.0,on,connected,True,synthetic_device_spec_v11
synthetic_customer_005,cabinet_005,2026-08-19 21:40:00+00:00,0,0,0,0,True,True,False,24.06349001832381,-48.33811072282709,2.901944356065433,3.996632680528651,0.1750935433040043,0.0,0.0,on,connected,True,synthetic_device_spec_v11
synthetic_customer_005,cabinet_005,2026-08-19 21:50:00+00:00,0,0,0,0,True,True,False,24.09470332517963,-47.58271540132352,2.8356343106520696,3.94748703634252,0.03159223679702125,0.0,0.0,on,connected,True,synthetic_device_spec_v11
synthetic_customer_005,cabinet_005,2026-08-19 22:00:00+00:00,0,0,0,0,True,True,False,24.07379677464714,-47.876580791722475,2.8269390573048168,4.066539284323438,0.5661463689402986,0.0,0.005751071481177749,on,connected,True,synthetic_device_spec_v11
synthetic_customer_005,cabinet_005,2026-08-19 22:10:00+00:00,0,0,0,0,True,True,False,24.0242728759877,-46.893953228414816,2.7964708190735394,4.0162468003593546,0.0,0.009040463246704458,0.011785163698342153,on,connected,True,synthetic_device_spec_v11
synthetic_customer_005,cabinet_005,2026-08-19 22:20:00+00:00,0,0,0,0,True,True,False,24.094537258114375,-46.77394509116144,2.745672112488355,3.9592470067622836,1.0433224999101225,0.0,0.0,on,connected,True,synthetic_device_spec_v11
synthetic_customer_005,cabinet_005,2026-08-19 22:30:00+00:00,0,0,0,0,True,True,False,23.743887811883532,-47.58263860982124,2.6638894974529292,3.8569845457989875,0.0,0.0,0.007089526368545208,on,connected,True,synthetic_device_spec_v11
synthetic_customer_005,cabinet_005,2026-08-19 22:40:00+00:00,0,0,0,0,True,True,False,23.90864527002973,-48.16172203105179,2.6380260536863847,3.947993678888634,0.0,0.0034480777708724335,0.006315152571285113,on,connected,True,synthetic_device_spec_v11
synthetic_customer_005,cabinet_005,2026-08-19 22:50:00+00:00,0,0,0,0,True,True,False,24.117807942790375,-47.04014458632214,2.5363574684492587,4.021387032474783,0.11512596307685403,0.0,0.0,on,connected,True,synthetic_device_spec_v11
synthetic_customer_005,cabinet_005,2026-08-19 23:00:00+00:00,0,0,0,0,True,True,False,23.865345790784993,-47.99673574115241,2.5136401090976106,3.9588346925152966,0.28352830457659955,0.01419394938346279,0.0,on,connected,True,synthetic_device_spec_v11
synthetic_customer_005,cabinet_005,2026-08-19 23:10:00+00:00,0,0,0,0,True,True,False,23.80021556430894,-48.20701153942615,2.498949539138264,4.06167773562593,0.0,0.0,0.03069454560899596,on,connected,True,synthetic_device_spec_v11
synthetic_customer_005,cabinet_005,2026-08-19 23:20:00+00:00,0,0,0,0,True,True,False,24.090770781428052,-47.50292867602717,2.4185994365894166,3.960477630760677,0.29425490709906027,0.013197963198053353,0.0,on,connected,True,synthetic_device_spec_v11
synthetic_customer_005,cabinet_005,2026-08-19 23:30:00+00:00,0,0,0,0,True,True,False,24.211132355425242,-49.97345817424079,2.3409759929147773,3.8991016649493706,0.0,0.02358679711616808,0.0451218939464292,on,connected,True,synthetic_device_spec_v11
synthetic_customer_005,cabinet_005,2026-08-19 23:40:00+00:00,0,0,0,0,True,True,False,24.370164198566997,-47.178013859806356,2.246275173559712,3.998606173834353,0.16392251113787892,0.006306288301032402,0.0065720482617894465,on,connected,True,synthetic_device_spec_v11
synthetic_customer_005,cabinet_005,2026-08-19 23:50:00+00:00,0,0,0,0,True,True,False,23.951861461759655,-47.31975077851157,2.252518709583157,4.052451891104252,0.33214874919786147,0.0025642227467374255,0.0,on,connected,True,synthetic_device_spec_v11
synthetic_customer_005,cabinet_005,2026-08-20 00:00:00+00:00,0,0,0,0,True,True,False,23.94622190153632,-48.950013712073684,2.2675844289201224,3.985587584352331,0.0,0.004415865195621509,0.0,on,connected,True,synthetic_device_spec_v11
synthetic_customer_005,cabinet_005,2026-08-20 00:10:00+00:00,1,1,1,1,True,True,False,24.08960185092456,-48.24777475251835,2.179641315574829,3.9733864936889947,0.2860926462144259,0.008623290934782094,0.0,on,connected,True,synthetic_device_spec_v11
synthetic_customer_005,cabinet_005,2026-08-20 00:20:00+00:00,1,1,1,1,True,True,False,24.034180921393105,-48.85888163062557,2.2380999081383064,4.026863160068005,0.0,0.0132970067962192,0.0,on,connected,True,synthetic_device_spec_v11
synthetic_customer_005,cabinet_005,2026-08-20 00:30:00+00:00,1,1,1,1,True,True,False,24.133559998292096,-47.69146407317638,2.206684051435528,4.044835027069755,0.2240467200467616,0.045024209027528496,0.0,on,connected,True,synthetic_device_spec_v11
synthetic_customer_005,cabinet_005,2026-08-20 00:40:00+00:00,0,0,0,0,True,True,False,23.956691041998297,-48.15585042938546,3.0100482523477523,4.094960001653229,0.09793419227645807,0.0006369035231758815,0.01328382995764638,on,connected,True,synthetic_device_spec_v11
synthetic_customer_005,cabinet_005,2026-08-20 00:50:00+00:00,0,0,0,0,True,True,False,24.012426838828734,-48.40334313782044,3.0455018147558146,3.963602621606658,0.0,0.025974124247291674,0.01574291587469614,on,connected,True,synthetic_device_spec_v11
synthetic_customer_005,cabinet_005,2026-08-20 01:00:00+00:00,0,0,0,0,True,True,False,23.935307305192485,-47.20724888523533,3.042779199893388,3.967918919339941,0.0,0.0,0.017421881236683305,on,connected,True,synthetic_device_spec_v11
synthetic_customer_005,cabinet_005,2026-08-20 01:10:00+00:00,0,0,0,0,True,True,False,23.792253550933232,-49.214220969337326,3.0297326667262,4.031058503175646,0.12487123616456486,0.0,0.0,on,connected,True,synthetic_device_spec_v11
synthetic_customer_005,cabinet_005,2026-08-20 01:20:00+00:00,0,0,0,0,True,True,False,24.035812432560228,-49.04099337944187,3.033401377224112,3.865782009433843,0.40941387713492544,0.0,0.013577091348872876,on,connected,True,synthetic_device_spec_v11
synthetic_customer_005,cabinet_005,2026-08-20 01:30:00+00:00,0,0,0,0,True,True,False,24.039900820234507,-49.21484428722952,3.0550524297303077,3.934759716136177,0.4628174911930253,0.009726265386617557,0.0,on,connected,True,synthetic_device_spec_v11
synthetic_customer_005,cabinet_005,2026-08-20 01:40:00+00:00,0,0,0,0,True,True,False,24.064266210242824,-48.53591623996182,3.0595524149933992,3.922437199964634,0.8669790240692621,0.0,0.022864088370935547,on,connected,True,synthetic_device_spec_v11
synthetic_customer_005,cabinet_005,2026-08-20 01:50:00+00:00,0,0,0,0,True,True,False,24.065166247542006,-47.73651490876912,3.030794253690191,3.9679537432499514,3.250478728366411,0.01810960989294305,0.01993956835870291,on,connected,True,synthetic_device_spec_v11
synthetic_customer_005,cabinet_005,2026-08-20 02:00:00+00:00,0,0,0,0,True,True,False,24.135082804275328,-48.970056435355154,2.942542357156066,4.059986059846589,4.179354662562814,0.0,0.0,on,connected,True,synthetic_device_spec_v11
synthetic_customer_005,cabinet_005,2026-08-20 02:10:00+00:00,0,0,0,0,True,True,False,23.924346000815863,-47.6294728562361,3.004782499835032,4.062274588626315,5.032919225483249,0.0,0.0019918143803105866,on,connected,True,synthetic_device_spec_v11
synthetic_customer_005,cabinet_005,2026-08-20 02:20:00+00:00,0,0,0,0,True,True,False,24.000147549475585,-48.48675530385377,3.0695342463692077,4.01239878378728,6.959945376541232,0.010849531544991589,0.0,on,connected,True,synthetic_device_spec_v11
synthetic_customer_005,cabinet_005,2026-08-20 02:30:00+00:00,0,0,0,0,True,True,False,24.04594363373124,-47.80954546461976,3.0064847270831687,3.976451584524255,8.741422142036237,0.0,0.0015593807785785555,on,connected,True,synthetic_device_spec_v11
synthetic_customer_005,cabinet_005,2026-08-20 02:40:00+00:00,0,0,0,0,True,True,False,23.956169076279526,-47.72096060780035,2.9289322317390574,3.9569640697858475,10.667501518028443,0.04199300571391271,0.049988969753360236,on,connected,True,synthetic_device_spec_v11
synthetic_customer_005,cabinet_005,2026-08-20 02:50:00+00:00,0,0,0,0,True,True,False,24.209745769979452,-49.25007051340438,3.0372942331819113,4.040514586019781,11.911979840163466,0.004908698082768109,0.0017534670489112937,on,connected,True,synthetic_device_spec_v11
synthetic_customer_005,cabinet_005,2026-08-20 03:00:00+00:00,0,0,0,0,True,True,False,24.082315868402862,-48.16640338461578,2.9169622606834777,4.050011657400584,14.014209044598285,0.0,0.00739570291380531,on,connected,True,synthetic_device_spec_v11
synthetic_customer_005,cabinet_005,2026-08-20 03:10:00+00:00,0,0,0,0,True,True,False,23.945004301968236,-48.29363328559391,2.9825307052322994,3.8416234310028514,14.349490065827169,0.0,0.0,on,connected,True,synthetic_device_spec_v11
synthetic_customer_005,cabinet_005,2026-08-20 03:20:00+00:00,0,0,0,0,True,True,False,24.00155837313921,-48.36021455835319,2.986135550019851,4.068789947897461,16.11486943667628,0.0,0.013636530826846287,on,connected,True,synthetic_device_spec_v11
synthetic_customer_005,cabinet_005,2026-08-20 03:30:00+00:00,0,0,0,0,True,True,False,24.1041048631123,-49.54794881162653,2.99803518737499,4.0048883584027966,17.18778764084944,0.0,0.0,on,connected,True,synthetic_device_spec_v11
synthetic_customer_005,cabinet_005,2026-08-20 03:40:00+00:00,0,0,0,0,True,True,False,23.93982226837581,-47.99237410701691,3.001231662575546,3.9133607896921125,19.30590703534854,0.007102044546389824,0.0,on,connected,True,synthetic_device_spec_v11
synthetic_customer_005,cabinet_005,2026-08-20 03:50:00+00:00,0,0,0,0,True,True,False,23.993695749949307,-48.34765367921414,3.00564293011744,3.990496579811161,21.24030834062718,0.020619095133407102,0.0021628427816604225,on,connected,True,synthetic_device_spec_v11
synthetic_customer_005,cabinet_005,2026-08-20 04:00:00+00:00,0,0,0,0,True,True,False,24.076485462905495,-49.524550098526184,3.0444498209537745,4.102543159591014,21.99929358329203,0.013358712024284295,0.005656497836404246,on,connected,True,synthetic_device_spec_v11
synthetic_customer_005,cabinet_005,2026-08-20 04:10:00+00:00,0,0,0,0,True,True,False,24.030932496612028,-47.07742098699574,3.0016836813950816,3.914780592236587,23.006353197277225,0.0,0.01875443533630543,on,connected,True,synthetic_device_spec_v11
synthetic_customer_005,cabinet_005,2026-08-20 04:20:00+00:00,0,0,0,0,True,True,False,23.85910527708363,-47.16835349677519,2.9807919759172377,4.001876641516129,25.47598852369521,0.03413181068692519,0.0,on,connected,True,synthetic_device_spec_v11
synthetic_customer_005,cabinet_005,2026-08-20 04:30:00+00:00,0,0,0,0,True,True,False,24.067480773814736,-48.97233264317108,2.99787777260779,3.9359977702800024,25.023343145688052,0.0,0.00299547163314681,on,connected,True,synthetic_device_spec_v11
synthetic_customer_005,cabinet_005,2026-08-20 04:40:00+00:00,0,0,0,0,True,True,False,23.903341052139456,-49.098137190450814,3.0011688882545644,4.087564626077637,24.5435816963886,0.0,0.009830657142607073,on,connected,True,synthetic_device_spec_v11
synthetic_customer_005,cabinet_005,2026-08-20 04:50:00+00:00,0,0,0,0,True,True,False,24.060239737179916,-48.17820960135358,2.983456646942667,3.948513089286221,25.226835803767518,0.04854276791373279,0.0,on,connected,True,synthetic_device_spec_v11
synthetic_customer_005,cabinet_005,2026-08-20 05:00:00+00:00,0,0,0,0,True,True,False,23.959130671548603,-46.27128859291911,2.9474435261332843,4.037367449900474,25.175186400441117,0.00363280603407744,0.010964723690979386,on,connected,True,synthetic_device_spec_v11
synthetic_customer_005,cabinet_005,2026-08-20 05:10:00+00:00,0,0,0,0,True,True,False,24.198862198181203,-48.87818236119516,2.990232835318902,4.015186062217509,0.0,0.0,0.0,on,connected,True,synthetic_device_spec_v11
synthetic_customer_005,cabinet_005,2026-08-20 05:20:00+00:00,0,0,0,0,True,True,False,24.090731661051908,-48.582132376605124,3.0085260398140496,4.014844138107603,0.09033281916547989,0.0,0.038323820214711465,on,connected,True,synthetic_device_spec_v11
synthetic_customer_005,cabinet_005,2026-08-20 05:30:00+00:00,0,0,0,0,True,True,False,24.003469331664352,-47.69667909225622,2.992447895671019,3.860464910468498,0.0,0.0018151214570394658,0.0,on,connected,True,synthetic_device_spec_v11
synthetic_customer_005,cabinet_005,2026-08-20 05:40:00+00:00,0,0,0,0,True,True,False,23.89146015672374,-49.14389589642178,3.035729881768172,3.9652267813989215,0.6052050664704226,0.0,0.0072816310024428526,on,connected,True,synthetic_device_spec_v11
synthetic_customer_005,cabinet_005,2026-08-20 05:50:00+00:00,0,0,0,0,True,True,False,24.180235012775295,-48.14071205808541,3.076809242196579,3.978217139679001,0.2037139621295192,0.0,0.010109891762357942,on,connected,True,synthetic_device_spec_v11
synthetic_customer_005,cabinet_005,2026-08-20 06:00:00+00:00,0,0,0,0,True,True,False,24.239506526985068,-47.5181248027456,2.9714351209682657,4.025664498636043,0.19925837412780859,0.02909250140731985,0.0036827985832826164,on,connected,True,synthetic_device_spec_v11
synthetic_customer_005,cabinet_005,2026-08-20 06:10:00+00:00,1,1,1,1,True,True,False,24.02886473291575,-47.15195111074043,3.0268445718929478,3.9968923795430604,0.28841201430776325,0.04590293663560289,0.0,on,connected,True,synthetic_device_spec_v11
synthetic_customer_005,cabinet_005,2026-08-20 06:20:00+00:00,1,1,1,1,True,True,False,24.138313462990297,-48.39548787886618,3.0360650547536676,4.03131347258818,0.6149037111127317,0.0,0.0,on,connected,True,synthetic_device_spec_v11
synthetic_customer_005,cabinet_005,2026-08-20 06:30:00+00:00,1,1,1,1,True,True,False,23.99778735223648,-50.790348515923235,2.995679891543942,3.9750832193168346,0.0,0.032322701336787996,0.011313553997629915,on,connected,True,synthetic_device_spec_v11
synthetic_customer_005,cabinet_005,2026-08-20 06:40:00+00:00,0,0,0,0,True,True,False,24.14048331903034,-51.029680737653614,3.0209924154606727,3.984389122096626,0.0,0.021502795393053012,0.0,on,connected,True,synthetic_device_spec_v11
synthetic_customer_005,cabinet_005,2026-08-20 06:50:00+00:00,0,0,0,0,True,True,False,24.140745569047002,-53.325447744643064,2.968316216443257,4.021684387268891,0.8076981805285347,0.1049476261176038,0.008938494031906037,on,connected,True,synthetic_device_spec_v11
synthetic_customer_005,cabinet_005,2026-08-20 07:00:00+00:00,0,0,0,0,True,True,False,24.078036320537375,-55.60031993863861,2.944639438283377,3.9655889364607657,0.0,0.16545572199733713,0.0,on,connected,True,synthetic_device_spec_v11
synthetic_customer_005,cabinet_005,2026-08-20 07:10:00+00:00,0,0,0,0,True,True,False,23.997357264755056,-58.1716570017813,3.0096392468639945,3.9421641438080948,0.0,0.1809814660811434,0.005369302896336693,on,connected,True,synthetic_device_spec_v11
synthetic_customer_005,cabinet_005,2026-08-20 07:20:00+00:00,0,0,0,0,True,True,False,24.125805678820885,-57.96685998819134,2.9853175863438803,3.8851909747958557,0.0,0.22491373849895158,0.00313491997548546,on,connected,True,synthetic_device_spec_v11
synthetic_customer_005,cabinet_005,2026-08-20 07:30:00+00:00,0,0,0,0,True,True,False,24.101607451324927,-60.5493685375878,2.9634035352054586,3.893121762953714,0.0,0.25740583231876707,0.0,on,connected,True,synthetic_device_spec_v11
synthetic_customer_005,cabinet_005,2026-08-20 07:40:00+00:00,0,0,0,0,True,True,False,24.173511613815876,-61.24380493225206,3.001013039001085,4.029460493732667,0.0,0.21676627760083642,0.005977541713763596,on,connected,True,synthetic_device_spec_v11
synthetic_customer_005,cabinet_005,2026-08-20 07:50:00+00:00,0,0,0,0,True,True,False,23.847360140661664,-64.8777577175646,2.918653731738981,3.9969386542715846,0.47909113446086116,0.32430936937365107,0.0016652214907090736,on,connected,True,synthetic_device_spec_v11
synthetic_customer_005,cabinet_005,2026-08-20 08:00:00+00:00,0,0,0,0,True,True,False,24.005341462165543,-65.65080103587134,3.02341950824148,3.929419499914053,0.02223585548216799,0.29925997433303664,0.010028563194019582,on,connected,True,synthetic_device_spec_v11
synthetic_customer_005,cabinet_005,2026-08-20 08:10:00+00:00,0,0,0,0,True,True,False,24.04691066406865,-68.00151090877546,2.9554990756683006,4.032217062593055,0.4362737062780848,0.3985102485292167,0.008890130919058284,on,connected,True,synthetic_device_spec_v11
synthetic_customer_005,cabinet_005,2026-08-20 08:20:00+00:00,0,0,0,0,True,True,False,23.817075377724453,-69.53094472370995,3.0502036005214177,4.031195843400901,0.7001777609778181,0.428246526504537,0.007832509078264605,on,connected,True,synthetic_device_spec_v11
synthetic_customer_005,cabinet_005,2026-08-20 08:30:00+00:00,0,0,0,0,True,True,False,23.965706216598356,-71.96621597470906,2.9314275119307744,4.144651406422317,0.584507359834895,0.48584505327621136,0.00817491797830895,on,connected,True,synthetic_device_spec_v11
synthetic_customer_005,cabinet_005,2026-08-20 08:40:00+00:00,0,0,0,0,True,True,False,24.01348654348972,-74.06554968446996,3.014092673195962,3.953872128624037,0.2986441985532416,0.47485097539976284,0.0,on,connected,True,synthetic_device_spec_v11
synthetic_customer_005,cabinet_005,2026-08-20 08:50:00+00:00,0,0,0,0,True,True,False,23.948760069523786,-75.4637968073921,3.0259553084208615,4.08272061811414,0.0,0.525017978869577,0.0,on,connected,True,synthetic_device_spec_v11
synthetic_customer_005,cabinet_005,2026-08-20 09:00:00+00:00,0,0,0,0,True,True,False,23.990664036351173,-78.17008711085674,3.0475756706351804,3.9868720908778044,0.44311683538127145,0.5187514090586135,0.023379382459449663,on,connected,True,synthetic_device_spec_v11
synthetic_customer_005,cabinet_005,2026-08-20 09:10:00+00:00,0,0,0,0,True,True,False,24.020219257944103,-79.52265972687282,3.063293486349689,3.9835574151559294,0.0032239890146815503,0.565835750688507,0.0,on,connected,True,synthetic_device_spec_v11
synthetic_customer_005,cabinet_005,2026-08-20 09:20:00+00:00,0,0,0,0,True,True,False,24.076828308271494,-81.10084128230889,2.9640104984630087,4.000491691429192,0.10378774481868472,0.619752525007419,0.019689481149493888,on,connected,True,synthetic_device_spec_v11
synthetic_customer_005,cabinet_005,2026-08-20 09:30:00+00:00,0,0,0,0,True,True,False,23.98039916400745,-85.69148693102666,2.9370975830579322,3.878420281256973,0.48982796863135086,0.6901421949748787,0.0,on,connected,True,synthetic_device_spec_v11
synthetic_customer_005,cabinet_005,2026-08-20 10:30:00+00:00,0,0,0,0,True,True,False,23.99945510320316,-49.808283454671155,3.0008813627293054,4.091210079270873,0.07105218897109869,0.0,0.019299154849834143,on,connected,True,synthetic_device_spec_v11
synthetic_customer_005,cabinet_005,2026-08-20 10:40:00+00:00,0,0,0,0,True,True,False,24.127732625281887,-46.80261738772523,2.9201887509724815,4.063157485323279,0.0,0.03140477923774728,0.013548496652323492,on,connected,True,synthetic_device_spec_v11
synthetic_customer_005,cabinet_005,2026-08-20 10:50:00+00:00,0,0,0,0,True,True,False,24.05847135249887,-46.860919434194955,2.992078131089326,4.046044299852301,0.681309438060893,0.015295525158114826,0.0,on,connected,True,synthetic_device_spec_v11
synthetic_customer_005,cabinet_005,2026-08-20 11:00:00+00:00,0,0,0,0,True,True,False,23.899870793608635,-48.37336601392494,2.9386833413159565,3.982540415731258,0.0,0.0,0.0,on,connected,True,synthetic_device_spec_v11
synthetic_customer_005,cabinet_005,2026-08-20 11:10:00+00:00,0,0,0,0,True,True,False,23.87878254240399,-48.66676983604437,2.9987135172622796,3.9957098707104657,0.20061737622251147,0.024913496313337627,0.0,on,connected,True,synthetic_device_spec_v11
synthetic_customer_005,cabinet_005,2026-08-20 11:20:00+00:00,0,0,0,0,True,True,False,23.99096993149388,-47.02338486857095,3.033198080424055,4.042473404726808,0.08424374333799141,0.01653530937490512,0.0,on,connected,True,synthetic_device_spec_v11
synthetic_customer_005,cabinet_005,2026-08-20 11:30:00+00:00,0,0,0,0,True,True,False,24.16159095810409,-48.18311271407755,2.9880823703695127,4.093935925582073,0.568573748159625,0.017599008255918546,0.01010391200916933,on,connected,True,synthetic_device_spec_v11
synthetic_customer_005,cabinet_005,2026-08-20 11:40:00+00:00,0,0,0,0,True,True,False,24.104587425248884,-47.19678312898463,2.9563008307696337,3.9468377178986374,0.4413310333348374,0.01732869075814489,0.0034938009981418452,on,connected,True,synthetic_device_spec_v11
synthetic_customer_005,cabinet_005,2026-08-20 11:50:00+00:00,0,0,0,0,True,True,False,24.050872651665635,-48.10962722933852,3.0303748574137086,4.013690652897082,0.2743576330736549,0.00399145446766567,0.0,on,connected,True,synthetic_device_spec_v11
synthetic_customer_005,cabinet_005,2026-08-20 12:00:00+00:00,0,0,0,0,True,True,False,23.60624748389991,-48.601211715016404,3.054904271045736,4.029233615550782,0.0,0.0030203489288346194,0.011175170657431042,on,connected,True,synthetic_device_spec_v11
synthetic_customer_005,cabinet_005,2026-08-20 12:10:00+00:00,1,1,1,1,True,True,False,24.12995071779738,-47.558933768725,2.9456818316536477,4.165019002423435,0.0,0.0,0.017852235968929788,on,connected,True,synthetic_device_spec_v11
synthetic_customer_005,cabinet_005,2026-08-20 12:20:00+00:00,1,1,1,1,True,True,False,24.076967051928637,-46.03376162518929,2.9484266609583183,3.917774490625178,0.5688728045295756,0.0,0.0065134451138078855,on,connected,True,synthetic_device_spec_v11
synthetic_customer_005,cabinet_005,2026-08-20 12:30:00+00:00,1,1,1,1,True,True,False,23.955374488009863,-48.37128024615155,2.9642362033520326,4.031504332260678,0.0,0.0,0.014165215876757533,on,connected,True,synthetic_device_spec_v11
synthetic_customer_005,cabinet_005,2026-08-20 12:40:00+00:00,0,0,0,0,True,True,False,23.92716423182348,-48.59385055988024,2.9895562186238682,3.9118771466935,0.0,0.022077827516405107,0.0,on,connected,True,synthetic_device_spec_v11
synthetic_customer_005,cabinet_005,2026-08-20 12:50:00+00:00,0,0,0,0,True,True,False,24.038473462325086,-48.603198049726466,2.9207078993005013,4.080025487293911,0.3200660586348781,0.0,0.0,on,connected,True,synthetic_device_spec_v11
synthetic_customer_005,cabinet_005,2026-08-20 13:00:00+00:00,0,0,0,0,True,True,False,24.263426176362874,-48.82797167747576,2.784485387864182,3.957675263354674,0.6024990737358832,0.03469437522631829,0.0,on,connected,True,synthetic_device_spec_v11
synthetic_customer_005,cabinet_005,2026-08-20 13:10:00+00:00,0,0,0,0,True,True,False,23.967384164082503,-47.27681120324093,2.6259780346691186,4.055306723876094,0.8668713871156545,0.0,0.0018723253188824875,on,connected,True,synthetic_device_spec_v11
synthetic_customer_005,cabinet_005,2026-08-20 13:20:00+00:00,0,0,0,0,True,True,False,23.742349952847434,-48.860502619856724,2.495391296366429,4.016964561031956,0.04066031798252322,0.0016490228355954826,0.01598824264519408,on,connected,True,synthetic_device_spec_v11
synthetic_customer_005,cabinet_005,2026-08-20 13:30:00+00:00,0,0,0,0,True,True,False,23.96521607479413,-49.0553591996038,2.4160569437000743,4.074833356417575,0.0,0.0,0.02130342184631867,on,connected,True,synthetic_device_spec_v11
synthetic_customer_005,cabinet_005,2026-08-20 13:40:00+00:00,0,0,0,0,True,True,False,24.23293788522247,-48.68913897553826,2.3107726635168784,3.9131411214381857,0.4165879862178412,0.007987817446955836,5.200757662825802e-05,on,connected,True,synthetic_device_spec_v11
synthetic_customer_005,cabinet_005,2026-08-20 13:50:00+00:00,0,0,0,0,True,True,False,24.086257479503946,-49.85194815164855,2.13964101306407,3.964516372152024,0.16076897469332282,0.018359853824699863,0.024017388570685992,on,connected,True,synthetic_device_spec_v11
synthetic_customer_005,cabinet_005,2026-08-20 14:00:00+00:00,0,0,0,0,True,True,False,23.906813114615098,-48.865757912937795,2.0314015480252015,4.020382912055736,0.0,0.0,0.0,on,connected,True,synthetic_device_spec_v11
synthetic_customer_005,cabinet_005,2026-08-20 14:10:00+00:00,0,0,0,0,True,True,False,23.839092242747245,-48.15094755056939,1.8863484675319968,4.0111666120919365,0.18331523602642275,0.02153398408473005,0.0,on,connected,True,synthetic_device_spec_v11
synthetic_customer_005,cabinet_005,2026-08-20 14:20:00+00:00,0,0,0,0,True,True,False,23.791225024224925,-48.83906476540282,1.7533220850509248,4.009174849968075,0.0,0.0,0.0,on,connected,True,synthetic_device_spec_v11
synthetic_customer_005,cabinet_005,2026-08-20 14:30:00+00:00,0,0,0,0,True,True,False,23.229933717769594,-47.39671331807854,1.6654821321220665,3.979971158380372,0.5098162812868882,0.011636622395616388,0.0,on,connected,True,synthetic_device_spec_v11
synthetic_customer_005,cabinet_005,2026-08-20 14:40:00+00:00,0,0,0,0,True,True,False,23.025670703696633,-47.65404018415751,1.5313146277940632,3.941815875448881,0.0,0.016372755798273162,0.0,on,connected,True,synthetic_device_spec_v11
synthetic_customer_005,cabinet_005,2026-08-20 14:50:00+00:00,0,0,0,0,True,True,False,22.51941225296372,-47.82412897967693,1.4121937808068072,3.932704256004852,0.3863684103269673,0.029398263344492005,0.007881079246858273,on,connected,True,synthetic_device_spec_v11
synthetic_customer_005,cabinet_005,2026-08-20 15:00:00+00:00,0,0,0,0,True,True,False,22.06112644376185,-49.4703769975928,1.187442421420925,4.015372240292428,0.0,0.04260900308595351,0.0,on,connected,True,synthetic_device_spec_v11
synthetic_customer_005,cabinet_005,2026-08-20 15:10:00+00:00,0,0,0,0,True,True,False,21.346882217848435,-49.198305289111836,1.118083052133164,3.9421329498053983,0.03799595791908509,0.0,0.0,on,connected,True,synthetic_device_spec_v11
synthetic_customer_005,cabinet_005,2026-08-20 15:20:00+00:00,0,0,0,0,True,True,False,21.384864729733145,-47.82608735993919,0.9899854453433801,4.010749832706458,0.0,0.0,0.0,on,connected,True,synthetic_device_spec_v11
synthetic_customer_005,cabinet_005,2026-08-20 15:30:00+00:00,0,0,0,0,True,True,False,20.566340981292797,-48.02303304932454,1.0482675286173526,3.9767787963927663,0.12234980775078713,0.0,0.02629412118585461,on,connected,True,synthetic_device_spec_v11
synthetic_customer_005,cabinet_005,2026-08-20 15:40:00+00:00,0,0,0,0,True,True,False,20.18252841352759,-46.5674952916143,0.9842089691845632,4.054276239097206,0.0,0.0,0.013177437896241534,on,connected,True,synthetic_device_spec_v11
synthetic_customer_005,cabinet_005,2026-08-20 15:50:00+00:00,0,0,0,0,True,True,False,20.058079403568964,-49.28351908534118,0.9881289258530754,4.075066338687145,0.0,0.009058133505847943,0.0,on,connected,True,synthetic_device_spec_v11
synthetic_customer_005,cabinet_005,2026-08-20 16:00:00+00:00,0,0,0,0,True,True,False,19.60472163295662,-46.86650444898047,0.9255696737296476,3.8663091288614395,0.0,0.0020748947978246495,0.012807219622440713,on,connected,True,synthetic_device_spec_v11
synthetic_customer_005,cabinet_005,2026-08-20 16:10:00+00:00,0,0,0,0,True,True,False,19.121259709386628,-50.42339720335675,1.0177208042158663,4.143749641440938,0.0,0.0,0.005199843687026037,on,connected,True,synthetic_device_spec_v11
synthetic_customer_005,cabinet_005,2026-08-20 16:20:00+00:00,0,0,0,0,True,True,False,18.83265046219225,-47.834640312247096,3.0323010174176286,4.0921967852663865,0.0,0.0,0.008979226615078611,on,connected,True,synthetic_device_spec_v11
synthetic_customer_005,cabinet_005,2026-08-20 17:00:00+00:00,0,0,0,0,True,True,False,24.019796944162692,-46.511273348855426,2.984927797683167,3.970218328844381,0.0,0.0,0.014928327922465382,on,connected,True,synthetic_device_spec_v11
synthetic_customer_005,cabinet_005,2026-08-20 17:10:00+00:00,0,0,0,0,True,True,False,23.93150513302977,-48.668755799546794,2.953213258043358,4.082388881634249,0.0,0.0,0.0,on,connected,True,synthetic_device_spec_v11
synthetic_customer_005,cabinet_005,2026-08-20 17:20:00+00:00,0,0,0,0,True,True,False,24.101288243937354,-46.92461249174364,2.9077402411051936,4.078638072891166,0.0,0.0,0.012815825286020772,on,connected,True,synthetic_device_spec_v11
synthetic_customer_005,cabinet_005,2026-08-20 17:30:00+00:00,0,0,0,0,True,True,False,23.985026976912327,-48.01827464686646,2.9481751991373035,3.848953292315881,0.3246376546095357,0.0,0.017267408650577454,on,connected,True,synthetic_device_spec_v11
synthetic_customer_005,cabinet_005,2026-08-20 17:40:00+00:00,0,0,0,0,True,True,False,23.79287291309177,-47.38456641748726,2.946906478166865,4.03764195157385,0.6820239472593246,0.026154182767389917,0.0,on,connected,True,synthetic_device_spec_v11
synthetic_customer_005,cabinet_005,2026-08-20 17:50:00+00:00,0,0,0,0,True,True,False,23.94516365361339,-47.96012525330984,2.91866087219254,4.072918942326619,0.8521577048616649,0.0,0.0,on,connected,True,synthetic_device_spec_v11
synthetic_customer_005,cabinet_005,2026-08-20 18:00:00+00:00,0,0,0,0,True,True,False,24.20097486986432,-47.8320823418146,2.986757802414131,4.034895081124092,0.2541824901044389,0.032175076221068216,0.0337782449344112,on,connected,True,synthetic_device_spec_v11
synthetic_customer_005,cabinet_005,2026-08-20 18:10:00+00:00,1,1,1,1,True,True,False,24.206414671319553,-46.63782782552383,3.0286041734991773,4.018591050023986,0.6353197627943652,0.0,0.0,on,connected,True,synthetic_device_spec_v11
synthetic_customer_005,cabinet_005,2026-08-20 18:20:00+00:00,1,1,1,1,True,True,False,23.98929804524068,-47.834189230465434,3.0413584047251616,3.985890079784132,0.0,0.0,0.02154983617507442,on,connected,True,synthetic_device_spec_v11
synthetic_customer_005,cabinet_005,2026-08-20 18:30:00+00:00,1,1,1,1,True,True,False,23.825608104396707,-47.232609569163614,2.9892425363720942,4.029016421605724,0.5874076714085775,0.0,2.560781158691099e-05,on,connected,True,synthetic_device_spec_v11
synthetic_customer_005,cabinet_005,2026-08-20 18:40:00+00:00,0,0,0,0,True,True,False,24.069143945381768,-47.31094570499357,2.9938721033807187,4.04225095702478,0.6503152381393014,0.012842081629618222,0.004893418471550148,on,connected,True,synthetic_device_spec_v11
synthetic_customer_005,cabinet_005,2026-08-20 18:50:00+00:00,0,0,0,0,True,True,False,24.161540558479075,-47.12158535586591,2.9864343269180935,4.01951607539122,0.7637836982046717,0.0,0.008671623831354874,on,connected,True,synthetic_device_spec_v11
synthetic_customer_005,cabinet_005,2026-08-20 19:00:00+00:00,0,0,0,0,True,True,False,24.14951783383459,-46.18507053339165,2.9650439871774976,4.062711925945881,0.043145390240174886,0.0,0.0,on,connected,True,synthetic_device_spec_v11
synthetic_customer_005,cabinet_005,2026-08-20 19:10:00+00:00,0,0,0,0,True,True,False,23.93796867068826,-47.8880533419581,3.104083133351002,4.048905100796529,0.5076923911386158,0.02426751274407047,0.0,on,connected,True,synthetic_device_spec_v11
synthetic_customer_005,cabinet_005,2026-08-20 19:20:00+00:00,0,0,0,0,True,True,False,23.92402684923515,-50.31038811867069,2.974060271847478,4.016456149832685,0.0,0.02700259255531151,0.0,on,connected,True,synthetic_device_spec_v11
synthetic_customer_005,cabinet_005,2026-08-20 19:30:00+00:00,0,0,0,0,True,True,False,23.972564095772345,-48.631826494641615,3.02160727133076,4.0017463599843,0.47365811405268055,0.0,0.008766433389504759,on,connected,True,synthetic_device_spec_v11
synthetic_customer_005,cabinet_005,2026-08-20 19:40:00+00:00,0,0,0,0,True,True,False,23.967021630983293,-48.70062117911784,3.0392614480078395,3.9823812561222436,0.0,0.0,0.0,on,connected,True,synthetic_device_spec_v11
synthetic_customer_005,cabinet_005,2026-08-20 19:50:00+00:00,0,0,0,0,True,True,False,23.843440407548268,-48.03346543403608,2.9410244975210857,4.019743919155337,0.45844040779138934,0.01894323269136252,0.0025992048678085172,on,connected,True,synthetic_device_spec_v11
synthetic_customer_005,cabinet_005,2026-08-20 20:00:00+00:00,0,0,0,0,True,True,False,23.994786479979542,-49.8350675173289,2.988950345682524,4.007282470336085,0.33902488578546996,0.02559067726187645,0.017894943354456433,on,connected,True,synthetic_device_spec_v11
synthetic_customer_005,cabinet_005,2026-08-20 20:10:00+00:00,0,0,0,0,True,True,False,23.729089452933625,-48.12917861197268,2.9626422700579003,4.090921992233187,0.0,0.04742426279833687,0.0,on,connected,True,synthetic_device_spec_v11
synthetic_customer_005,cabinet_005,2026-08-20 20:20:00+00:00,0,0,0,0,True,True,False,24.108216133173425,-46.01139266000353,2.979316964606503,4.057272183666123,0.0,0.0,0.0,on,connected,True,synthetic_device_spec_v11
synthetic_customer_005,cabinet_005,2026-08-20 20:30:00+00:00,0,0,0,0,True,True,False,23.994850642964714,-48.56965538660132,2.9536534480330965,4.013699948665346,0.0,0.0,0.0,on,connected,True,synthetic_device_spec_v11
synthetic_customer_005,cabinet_005,2026-08-20 20:40:00+00:00,0,0,0,0,True,True,False,24.221922838550324,-46.44939933735651,2.9235403275662732,4.009169901809476,0.0,0.0,0.0,on,connected,True,synthetic_device_spec_v11
synthetic_customer_005,cabinet_005,2026-08-20 20:50:00+00:00,0,0,0,0,True,True,False,23.870833478150644,-48.92272729588498,3.019980462357547,4.08328213349878,0.0,0.0,0.0,on,connected,True,synthetic_device_spec_v11
synthetic_customer_005,cabinet_005,2026-08-20 21:00:00+00:00,0,0,0,0,True,True,False,24.038525936419834,-47.74653351380963,3.046149928678104,3.9482302288818945,0.8060216892595058,0.0,0.010984155937017431,on,connected,True,synthetic_device_spec_v11
synthetic_customer_005,cabinet_005,2026-08-20 21:10:00+00:00,0,0,0,0,True,True,False,23.97817985167406,-47.67864677851309,2.982139511837563,3.9180885520402917,0.0,0.03627181503406609,0.0,on,connected,True,synthetic_device_spec_v11
synthetic_customer_005,cabinet_005,2026-08-20 21:20:00+00:00,0,0,0,0,True,True,False,23.967910145698518,-47.162362321002114,3.015016821853877,3.983929034097545,0.0,0.0,0.0,on,connected,True,synthetic_device_spec_v11
synthetic_customer_005,cabinet_005,2026-08-20 21:30:00+00:00,0,0,0,0,True,True,False,24.24368866065758,-48.78552515082061,3.0401294168897706,3.9936066566506745,0.0,0.04249820819206424,0.0,on,connected,True,synthetic_device_spec_v11
synthetic_customer_005,cabinet_005,2026-08-20 21:40:00+00:00,0,0,0,0,True,True,False,24.240122099931188,-49.57703567085931,2.9799519452020635,3.9428944890761084,0.4440694767951566,0.02109464563101783,0.015074324152902979,on,connected,True,synthetic_device_spec_v11
synthetic_customer_005,cabinet_005,2026-08-20 21:50:00+00:00,0,0,0,0,True,True,False,24.01575772750794,-48.27591457832557,2.9803839061799793,4.074064427569632,0.0,0.02632421017849894,0.0,on,connected,True,synthetic_device_spec_v11
synthetic_customer_005,cabinet_005,2026-08-20 22:00:00+00:00,0,0,0,0,True,True,False,23.975717188645984,-48.97767530991822,2.8994538931669056,3.9709201350987016,0.8855038425730386,0.022595656487340313,0.036406847700052654,on,connected,True,synthetic_device_spec_v11
synthetic_customer_005,cabinet_005,2026-08-20 22:10:00+00:00,0,0,0,0,True,True,False,24.030352783564794,-47.77208335839539,3.0429044201210753,3.9543089472738706,0.0,0.0,0.02098114153066437,on,connected,True,synthetic_device_spec_v11
synthetic_customer_005,cabinet_005,2026-08-20 22:20:00+00:00,0,0,0,0,True,True,False,24.043486664276948,-47.43130990492766,3.0335650824739444,4.01477163451665,0.0,0.0002307299785884811,0.004472938394148863,on,connected,True,synthetic_device_spec_v11
synthetic_customer_005,cabinet_005,2026-08-20 22:30:00+00:00,0,0,0,0,True,True,False,23.721901138472358,-46.38067664035222,3.0038484616077983,3.9700951257614077,0.0,0.0,0.02306848812529799,on,connected,True,synthetic_device_spec_v11
synthetic_customer_005,cabinet_005,2026-08-20 22:40:00+00:00,0,0,0,0,True,True,False,24.06361389953911,-47.194188047272625,2.9397725709957623,4.030091459519261,0.0,0.0018885989892180348,0.01426757287052202,on,connected,True,synthetic_device_spec_v11
synthetic_customer_005,cabinet_005,2026-08-20 22:50:00+00:00,0,0,0,0,True,True,False,24.073348424017944,-47.08072511076901,3.0120465099836595,4.062835277659239,0.47588087211880675,0.0,0.0,on,connected,True,synthetic_device_spec_v11
synthetic_customer_005,cabinet_005,2026-08-20 23:00:00+00:00,0,0,0,0,True,True,False,24.02483186502307,-49.23947114102609,2.982262859431681,4.038823769742967,0.0,0.004771844433127739,0.017483467561075057,on,connected,True,synthetic_device_spec_v11
synthetic_customer_005,cabinet_005,2026-08-20 23:10:00+00:00,0,0,0,0,True,True,False,23.883014548939105,-47.98092808603433,3.0604605177450974,4.023805071375659,0.0,0.0,0.0,on,connected,True,synthetic_device_spec_v11
synthetic_customer_005,cabinet_005,2026-08-20 23:20:00+00:00,0,0,0,0,True,True,False,23.891050469474237,-46.38801788221809,3.0092422328789814,3.932018841187251,0.12377630574576347,0.0,1.7212336537411245e-06,on,connected,True,synthetic_device_spec_v11
synthetic_customer_005,cabinet_005,2026-08-20 23:30:00+00:00,0,0,0,0,True,True,False,24.173737664342,-47.13245852145978,2.9509622649206726,4.058259452427233,0.6424708608883222,0.0,0.029771036627537276,on,connected,True,synthetic_device_spec_v11
synthetic_customer_005,cabinet_005,2026-08-20 23:40:00+00:00,0,0,0,0,True,True,False,24.178792027340158,-47.647786089985985,3.0313412377175744,3.9569044902903894,0.0,0.0,0.0,on,connected,True,synthetic_device_spec_v11
synthetic_customer_005,cabinet_005,2026-08-20 23:50:00+00:00,0,0,0,0,True,True,False,23.8170322189264,-46.899315485411,2.9474262590594003,4.032064938507839,0.0,0.0559720881494366,0.0,on,connected,True,synthetic_device_spec_v11
synthetic_customer_005,cabinet_005,2026-08-21 00:00:00+00:00,0,0,0,0,True,True,False,24.169294277530675,-48.2410683392477,3.007571371028177,3.9587341548609065,0.0,0.0,0.025504143359779755,on,connected,True,synthetic_device_spec_v11
synthetic_customer_005,cabinet_005,2026-08-21 00:10:00+00:00,1,1,1,1,True,True,False,23.946524522784255,-48.74792317818663,3.0277588617587705,4.001968313987217,0.0,0.0,0.0,on,connected,True,synthetic_device_spec_v11
synthetic_customer_005,cabinet_005,2026-08-21 00:20:00+00:00,1,1,1,1,True,True,False,24.062372207252302,-47.92560879392313,3.0150349052789296,4.06067798448639,0.0,0.019792060313209243,0.0,on,connected,True,synthetic_device_spec_v11
synthetic_customer_005,cabinet_005,2026-08-21 00:30:00+00:00,1,1,1,1,True,True,False,24.01534885249913,-48.20741557919426,3.0427729673133554,3.9378189692553396,0.958036153702526,0.0023170079095037174,0.0018332153797348198,on,connected,True,synthetic_device_spec_v11
synthetic_customer_005,cabinet_005,2026-08-21 00:40:00+00:00,0,0,0,0,True,True,False,23.90482249105949,-48.4062363948726,2.9311913207584013,3.9585959642656214,0.0,0.0,0.012907936464282168,on,connected,True,synthetic_device_spec_v11
synthetic_customer_005,cabinet_005,2026-08-21 00:50:00+00:00,0,0,0,0,True,True,False,23.846990114300464,-48.06131271889869,3.0434107617867596,3.9238286882419398,0.0,0.04783541111258613,0.008579928099978578,on,connected,True,synthetic_device_spec_v11
synthetic_customer_005,cabinet_005,2026-08-21 01:00:00+00:00,0,0,0,0,True,True,False,24.10553305131097,-46.72664865277914,2.973911725608462,3.9676164081232286,0.21043970610542742,0.0,0.0,on,connected,True,synthetic_device_spec_v11
synthetic_customer_005,cabinet_005,2026-08-21 01:10:00+00:00,0,0,0,0,True,True,False,23.917094895371875,-48.621253298422204,3.0563145421398965,3.9815934708621064,0.9504899741168445,0.0,0.0006901454726373026,on,connected,True,synthetic_device_spec_v11
synthetic_customer_005,cabinet_005,2026-08-21 01:20:00+00:00,0,0,0,0,True,True,False,24.077219660304536,-48.411094828439126,3.0600692993945615,4.032601130345193,0.0,0.0,0.00502483591968608,on,connected,True,synthetic_device_spec_v11
synthetic_customer_005,cabinet_005,2026-08-21 01:30:00+00:00,0,0,0,0,True,True,False,23.91717388063412,-47.237338228501976,2.955328202351531,4.025447969893757,0.0,0.0,0.0,on,connected,True,synthetic_device_spec_v11
synthetic_customer_005,cabinet_005,2026-08-21 01:40:00+00:00,0,0,0,0,True,True,False,23.81171828844967,-47.745135200320455,2.971781222203301,3.9568692223896647,0.0,0.0,0.005480662822775347,on,connected,True,synthetic_device_spec_v11
synthetic_customer_005,cabinet_005,2026-08-21 01:50:00+00:00,0,0,0,0,True,True,False,24.185437774451106,-48.14475929064639,2.9548778665312643,4.010383660566615,0.0,0.0038154410741412913,0.02760163897175385,on,connected,True,synthetic_device_spec_v11
synthetic_customer_005,cabinet_005,2026-08-21 02:00:00+00:00,0,0,0,0,True,True,False,23.845832373617476,-49.168840204651985,3.0348880222573613,3.880636844755831,0.0,0.0,0.030466676127637992,on,connected,True,synthetic_device_spec_v11
synthetic_customer_005,cabinet_005,2026-08-21 02:10:00+00:00,0,0,0,0,True,True,False,23.711618794003222,-48.047731356519854,3.026490391935589,4.0402969952923735,0.5333305496233999,0.006112359447666353,0.0,on,connected,True,synthetic_device_spec_v11
synthetic_customer_005,cabinet_005,2026-08-21 02:20:00+00:00,0,0,0,0,True,True,False,23.94916330125001,-49.79461754771064,3.0064295787799127,4.08515745981685,0.0,4.1066009579186724e-05,0.01098435562570731,on,connected,True,synthetic_device_spec_v11
synthetic_customer_005,cabinet_005,2026-08-21 02:30:00+00:00,0,0,0,0,True,True,False,24.103698641251327,-48.20676961942241,3.035011155700239,3.919719629930862,0.9370747066296417,0.0,0.018928618877565435,on,connected,True,synthetic_device_spec_v11
synthetic_customer_005,cabinet_005,2026-08-21 02:40:00+00:00,0,0,0,0,True,True,False,23.760374630871386,-46.999957245709574,2.953721563498916,4.0043049066142435,2.4689366825658947,0.0,0.0,on,connected,True,synthetic_device_spec_v11
synthetic_customer_005,cabinet_005,2026-08-21 02:50:00+00:00,0,0,0,0,True,True,False,24.051093140481836,-47.43838694308442,2.906595776510874,4.092452278866746,3.4280115857014724,0.037020240926812074,0.0,on,connected,True,synthetic_device_spec_v11
synthetic_customer_005,cabinet_005,2026-08-21 03:00:00+00:00,0,0,0,0,True,True,False,23.994165981040307,-48.549474931941354,2.9981356799671977,3.965695441780405,5.91007420389874,0.022040623358487083,0.01391272129449877,on,connected,True,synthetic_device_spec_v11
synthetic_customer_005,cabinet_005,2026-08-21 03:10:00+00:00,0,0,0,0,True,True,False,23.804151468757613,-47.82251182407626,3.0367708518112253,4.048146836246917,8.861693956745947,0.0,0.008350744293493875,on,connected,True,synthetic_device_spec_v11
synthetic_customer_005,cabinet_005,2026-08-21 03:20:00+00:00,0,0,0,0,True,True,False,23.963535699693153,-47.375612533832694,3.0422411366872124,3.9260769191121163,11.51435330580198,0.0,0.012060001076563319,on,connected,True,synthetic_device_spec_v11
synthetic_customer_005,cabinet_005,2026-08-21 03:30:00+00:00,0,0,0,0,True,True,False,24.08153501392658,-47.902757658435384,2.996370595374284,3.9799362028594922,13.970205432370467,0.0,0.0,on,connected,True,synthetic_device_spec_v11
synthetic_customer_005,cabinet_005,2026-08-21 03:40:00+00:00,0,0,0,0,True,True,False,24.00513174062982,-48.850701807994945,2.9717790352681313,3.9301305639697244,17.53646983043274,0.0,0.0,on,connected,True,synthetic_device_spec_v11
synthetic_customer_005,cabinet_005,2026-08-21 03:50:00+00:00,0,0,0,0,True,True,False,23.989867361336252,-48.53571196062196,3.0591356932972387,4.007274507091006,19.063215186789215,0.000592787943593837,0.007282740714226103,on,connected,True,synthetic_device_spec_v11
synthetic_customer_005,cabinet_005,2026-08-21 04:00:00+00:00,0,0,0,0,True,True,False,24.034480213429163,-48.26548020732874,3.0013215662421056,4.033302190570206,22.378189320571646,0.0,0.0,on,connected,True,synthetic_device_spec_v11
synthetic_customer_005,cabinet_005,2026-08-21 04:10:00+00:00,0,0,0,0,True,True,False,24.08781903843051,-47.874434647323056,3.0367723927343575,3.944846079254354,24.646312827642866,0.045801172930223656,0.0,on,connected,True,synthetic_device_spec_v11
synthetic_customer_005,cabinet_005,2026-08-21 04:20:00+00:00,0,0,0,0,True,True,False,23.941829619189456,-47.814256242132025,3.04866882292336,3.955749862924911,25.524075914885803,0.0,0.011248864889597032,on,connected,True,synthetic_device_spec_v11
synthetic_customer_005,cabinet_005,2026-08-21 04:30:00+00:00,0,0,0,0,True,True,False,24.077684607617737,-46.71128064171655,2.988306649918434,3.966424810742429,24.117549360969708,0.0,0.0,on,connected,True,synthetic_device_spec_v11
synthetic_customer_005,cabinet_005,2026-08-21 04:40:00+00:00,0,0,0,0,True,True,False,23.925563618380064,-48.13526121528014,3.064216660742139,4.031745684239999,25.32187740502623,0.0,0.006182218314258488,on,connected,True,synthetic_device_spec_v11
synthetic_customer_005,cabinet_005,2026-08-21 04:50:00+00:00,0,0,0,0,True,True,False,24.062628186682602,-46.66194529965546,3.0634774436280585,4.006248159193971,0.0,0.02622345015148042,0.0033639899157026135,on,connected,True,synthetic_device_spec_v11
synthetic_customer_005,cabinet_005,2026-08-21 05:00:00+00:00,0,0,0,0,True,True,False,24.258661205906716,-47.99451524669068,2.99581171712498,4.018072410116077,0.013625886050662697,0.023296224854597012,0.03722237210442763,on,connected,True,synthetic_device_spec_v11
synthetic_customer_005,cabinet_005,2026-08-21 05:10:00+00:00,0,0,0,0,True,True,False,24.07942463007584,-47.5756025776936,2.930576410000959,3.9554856585187363,0.0,0.0,0.019865312599632652,on,connected,True,synthetic_device_spec_v11
synthetic_customer_005,cabinet_005,2026-08-21 05:20:00+00:00,0,0,0,0,True,True,False,23.905366603767774,-48.11501942432207,3.001338411929581,4.077505013962401,0.0,0.0,0.01926592637465615,on,connected,True,synthetic_device_spec_v11
synthetic_customer_005,cabinet_005,2026-08-21 05:30:00+00:00,0,0,0,0,True,True,False,24.06381468753923,-48.113668634484824,2.968649426934032,3.9493685235484604,0.0,0.0,0.02300949442561833,on,connected,True,synthetic_device_spec_v11
synthetic_customer_005,cabinet_005,2026-08-21 05:40:00+00:00,0,0,0,0,True,True,False,24.093720627948027,-48.02993835938301,3.0734601304530664,4.053658437255745,0.0,0.023964633445641495,0.0020727779090853756,on,connected,True,synthetic_device_spec_v11
synthetic_customer_005,cabinet_005,2026-08-21 05:50:00+00:00,0,0,0,0,True,True,False,24.027963082485815,-46.906283181892555,3.03292013755055,3.9273779034219016,0.0,0.022225526666850123,0.0,on,connected,True,synthetic_device_spec_v11
synthetic_customer_005,cabinet_005,2026-08-21 06:00:00+00:00,0,0,0,0,True,True,False,24.07238790747583,-46.84841959630395,2.9821692462165816,4.005388495901328,0.117666114579704,0.033961978372991294,0.0075891957239624785,on,connected,True,synthetic_device_spec_v11
synthetic_customer_005,cabinet_005,2026-08-21 06:10:00+00:00,1,1,1,1,True,True,False,24.186643672856743,-48.982247628108475,2.981891801723819,4.037480416061946,0.42614203468052164,0.0,0.0,on,connected,True,synthetic_device_spec_v11
synthetic_customer_005,cabinet_005,2026-08-21 06:20:00+00:00,1,1,1,1,True,True,False,23.931311881335223,-47.541418911154786,3.0259257048167543,4.013889713390956,0.0,0.01377893647667328,0.004565138159849967,on,connected,True,synthetic_device_spec_v11
synthetic_customer_005,cabinet_005,2026-08-21 06:30:00+00:00,1,1,1,1,True,True,False,24.14092389457722,-50.276155023436424,3.0283734597052896,3.982522875585241,0.41819818517168544,0.005228983347873067,0.0,on,connected,True,synthetic_device_spec_v11
synthetic_customer_005,cabinet_005,2026-08-21 06:40:00+00:00,0,0,0,0,True,True,False,23.8998399551356,-48.32229100155962,3.0017100082850594,4.108333632704728,0.4181396697896405,0.0,0.017205739275795547,on,connected,True,synthetic_device_spec_v11
synthetic_customer_005,cabinet_005,2026-08-21 06:50:00+00:00,0,0,0,0,True,True,False,23.99916861346845,-46.24920389024548,3.0314036459881115,4.401460371140271,0.5021514981054565,0.0,0.04983052778255226,on,connected,True,synthetic_device_spec_v11
synthetic_customer_005,cabinet_005,2026-08-21 07:00:00+00:00,0,0,0,0,True,True,False,23.941020941863446,-48.41085455903284,3.021614991816071,4.456586082502607,0.10815691735806765,0.0022999709834969607,0.09380966820519274,on,connected,True,synthetic_device_spec_v11
synthetic_customer_005,cabinet_005,2026-08-21 07:10:00+00:00,0,0,0,0,True,True,False,23.889368205388934,-48.66963970340967,3.0194372596857284,4.895867944616184,0.4113148310219515,0.015144840010179565,0.1318911165589264,on,connected,True,synthetic_device_spec_v11
synthetic_customer_005,cabinet_005,2026-08-21 07:20:00+00:00,0,0,0,0,True,True,False,23.806375303169073,-47.93688223606785,2.9478149897855435,4.991411128502116,0.17955888373643547,0.025566712110787662,0.11818880234233345,on,connected,True,synthetic_device_spec_v11
synthetic_customer_005,cabinet_005,2026-08-21 07:30:00+00:00,0,0,0,0,True,True,False,24.229543652545544,-47.563513811438874,2.981565788837908,5.287926859625921,0.518084128395073,0.0,0.16128867117883144,on,connected,True,synthetic_device_spec_v11
synthetic_customer_005,cabinet_005,2026-08-21 07:40:00+00:00,0,0,0,0,True,True,False,23.901369854334465,-47.223682717275146,3.0074617901284326,5.395546469451387,0.0,0.0,0.19072396969516392,on,connected,True,synthetic_device_spec_v11
synthetic_customer_005,cabinet_005,2026-08-21 07:50:00+00:00,0,0,0,0,True,True,False,23.71187310645599,-48.04689372621316,3.0928312062741665,5.628129143701794,0.02413067538102515,0.009874790344828993,0.22041101180674116,on,connected,True,synthetic_device_spec_v11
synthetic_customer_005,cabinet_005,2026-08-21 08:00:00+00:00,0,0,0,0,True,True,False,24.118748855097028,-47.158224214643035,3.0571789455761236,5.900703128039225,0.0,0.020105775120040897,0.2509556087897077,on,connected,True,synthetic_device_spec_v11
synthetic_customer_005,cabinet_005,2026-08-21 08:10:00+00:00,0,0,0,0,True,True,False,24.11972168238659,-47.58999729218005,3.0176855447061235,6.067839076620802,0.6322222110736536,0.01667083568832244,0.29107839059216556,on,connected,True,synthetic_device_spec_v11
synthetic_customer_005,cabinet_005,2026-08-21 08:20:00+00:00,0,0,0,0,True,True,False,23.89420085687067,-49.23047677032113,3.005895665473647,6.368683305986091,0.0,0.0,0.30874037158989465,on,connected,True,synthetic_device_spec_v11
synthetic_customer_005,cabinet_005,2026-08-21 08:30:00+00:00,0,0,0,0,True,True,False,23.989935695977294,-49.34947955232795,3.0402713335278273,6.528344117888707,0.0,0.04253900691498632,0.37027201093157913,on,connected,True,synthetic_device_spec_v11
synthetic_customer_005,cabinet_005,2026-08-21 08:40:00+00:00,0,0,0,0,True,True,False,23.959886140892323,-45.96541447328873,2.9103619435904973,6.849008709054083,0.0,0.001767643474442126,0.3572674371544633,on,connected,True,synthetic_device_spec_v11
synthetic_customer_005,cabinet_005,2026-08-21 08:50:00+00:00,0,0,0,0,True,True,False,24.13800762701232,-48.28814718561005,3.043629166256844,7.067756109812403,0.0,0.0,0.4099637418857845,on,connected,True,synthetic_device_spec_v11
synthetic_customer_005,cabinet_005,2026-08-21 09:00:00+00:00,0,0,0,0,True,True,False,23.970421799132517,-46.23790674718569,2.976268823365374,7.007934277381957,0.0,0.0,0.3705474398366233,on,connected,True,synthetic_device_spec_v11
synthetic_customer_005,cabinet_005,2026-08-21 09:10:00+00:00,0,0,0,0,True,True,False,23.849839508558816,-47.67040053952831,3.0293950695176246,7.0149052845772575,0.15755441489018482,0.0,0.39540915228189494,on,connected,True,synthetic_device_spec_v11
synthetic_customer_005,cabinet_005,2026-08-21 09:20:00+00:00,0,0,0,0,True,True,False,24.02089186094988,-48.69308719611669,2.978747740931865,7.0485684027293045,0.0,0.0,0.3977294351333653,on,connected,True,synthetic_device_spec_v11
synthetic_customer_005,cabinet_005,2026-08-21 09:30:00+00:00,0,0,0,0,True,True,False,23.964924254364533,-48.19922808757429,3.02305820266839,4.033131770586497,0.0,0.010683177850684986,0.0,on,connected,True,synthetic_device_spec_v11
synthetic_customer_005,cabinet_005,2026-08-21 09:40:00+00:00,0,0,0,0,True,True,False,23.99534624329571,-48.11909009853315,2.991250678175002,3.958404427606339,0.0,0.0,0.018301303371655125,on,connected,True,synthetic_device_spec_v11
synthetic_customer_005,cabinet_005,2026-08-21 09:50:00+00:00,0,0,0,0,True,True,False,23.955508497645262,-46.174161328913485,2.96138418666101,4.042395412177936,0.5683708382248603,0.0,0.0,on,connected,True,synthetic_device_spec_v11
synthetic_customer_005,cabinet_005,2026-08-21 10:00:00+00:00,0,0,0,0,True,True,False,23.90401137018613,-47.4034008514759,3.0092346402685934,4.019293239501667,0.0,0.028515719293121213,0.0,on,connected,True,synthetic_device_spec_v11
synthetic_customer_005,cabinet_005,2026-08-21 10:10:00+00:00,0,0,0,0,True,True,False,23.99429840479921,-46.965624556627276,3.0369455611660974,4.042754616725551,0.12058051978051497,0.0,0.0059968543181739735,on,connected,True,synthetic_device_spec_v11
synthetic_customer_005,cabinet_005,2026-08-21 10:20:00+00:00,0,0,0,0,True,True,False,24.043119565122907,-46.99561824787235,3.008887384531036,3.9424567264559984,0.2633452315738185,0.0,0.0,on,connected,True,synthetic_device_spec_v11
synthetic_customer_005,cabinet_005,2026-08-21 10:30:00+00:00,0,0,0,0,True,True,False,23.858839451965434,-49.218371506667026,2.9911324254874807,4.096588265610542,0.0,0.0,0.013831045388329707,on,connected,True,synthetic_device_spec_v11
synthetic_customer_005,cabinet_005,2026-08-21 10:40:00+00:00,0,0,0,0,True,True,False,23.907084783779485,-47.94111895552055,3.0781016690196683,3.936027503976181,0.44135101366769947,0.0,0.0,on,connected,True,synthetic_device_spec_v11
synthetic_customer_005,cabinet_005,2026-08-21 10:50:00+00:00,0,0,0,0,True,True,False,24.160601801125818,-45.49593602362796,3.0138280933785775,4.105548156381379,0.0,0.010995690024106757,0.0,on,connected,True,synthetic_device_spec_v11
synthetic_customer_005,cabinet_005,2026-08-21 11:00:00+00:00,0,0,0,0,True,True,False,23.92781181044539,-49.55022507431853,2.9854080191934744,3.9931616375310592,0.8867279168817039,0.014903793326528395,0.0,on,connected,True,synthetic_device_spec_v11
synthetic_customer_005,cabinet_005,2026-08-21 11:10:00+00:00,0,0,0,0,True,True,False,24.1425997436838,-48.58456014768305,2.959112028971054,4.009900643799714,0.1753998525720371,0.0,0.0,on,connected,True,synthetic_device_spec_v11
synthetic_customer_005,cabinet_005,2026-08-21 11:20:00+00:00,0,0,0,0,True,True,False,23.923155198953843,-48.467776336559936,2.9737208218243056,4.022206065322606,0.7878935003046627,0.0,0.0,on,connected,True,synthetic_device_spec_v11
synthetic_customer_005,cabinet_005,2026-08-21 11:30:00+00:00,0,0,0,0,True,True,False,24.181282932090024,-47.54722332650836,2.983617118886739,4.00377746760005,0.09580611830739037,0.02870364745729226,0.005015802646584856,on,connected,True,synthetic_device_spec_v11
synthetic_customer_005,cabinet_005,2026-08-21 11:40:00+00:00,0,0,0,0,True,True,False,23.998292096097057,-49.38748175236296,2.915591162109569,4.003263121353719,0.0,0.0,0.0,on,connected,True,synthetic_device_spec_v11
synthetic_customer_005,cabinet_005,2026-08-21 11:50:00+00:00,0,0,0,0,True,True,False,23.846269233156384,-48.40116013089839,3.0303677733292385,3.9193142992675765,0.1534818310986113,0.0012162652238172965,0.00867126569654725,on,connected,True,synthetic_device_spec_v11
synthetic_customer_005,cabinet_005,2026-08-21 12:00:00+00:00,0,0,0,0,True,True,False,23.982306080517546,-49.268223139517204,3.052397500871002,4.020655378767409,0.0,0.015083728945978326,0.008545230750667186,on,connected,True,synthetic_device_spec_v11
synthetic_customer_005,cabinet_005,2026-08-21 12:10:00+00:00,1,1,1,1,True,True,False,24.144741136236984,-47.149123321836065,3.013390671019704,3.972984732755787,0.0,0.0,0.0,on,connected,True,synthetic_device_spec_v11
synthetic_customer_005,cabinet_005,2026-08-21 12:20:00+00:00,1,1,1,1,True,True,False,24.032813376893586,-48.782776973836796,3.0907899694470826,4.020790884100112,0.0,0.0,0.0,on,connected,True,synthetic_device_spec_v11
synthetic_customer_005,cabinet_005,2026-08-21 12:30:00+00:00,1,1,1,1,True,True,False,23.845221691185994,-46.98713899582981,2.9929097952454793,4.066671105502583,0.0,0.018001897546835077,0.0,on,connected,True,synthetic_device_spec_v11
synthetic_customer_005,cabinet_005,2026-08-21 12:40:00+00:00,0,0,0,0,True,True,False,23.797844216487693,-47.09398136286992,3.033027752822332,3.992900529132728,0.0,0.03172951869381862,0.0,on,connected,True,synthetic_device_spec_v11
synthetic_customer_005,cabinet_005,2026-08-21 12:50:00+00:00,0,0,0,0,True,True,False,24.15675417769889,-49.854311561446494,3.0318817072318516,4.036386866227993,0.0,0.0,0.0,on,connected,True,synthetic_device_spec_v11
synthetic_customer_005,cabinet_005,2026-08-21 13:00:00+00:00,0,0,0,0,True,True,False,23.959113889074796,-49.27550874483103,3.0511920474214853,4.069617946073695,0.0,0.01226931510122772,0.0,on,connected,True,synthetic_device_spec_v11
synthetic_customer_005,cabinet_005,2026-08-21 13:10:00+00:00,0,0,0,0,True,True,False,23.841754433616686,-47.93685416257343,3.02678820884344,3.945700635557676,0.0,0.01341692212891623,0.0,on,connected,True,synthetic_device_spec_v11
synthetic_customer_005,cabinet_005,2026-08-21 13:20:00+00:00,0,0,0,0,True,True,False,24.105187925743554,-47.671014081985795,2.9841747031556243,3.949051719614743,0.0,0.011788265042766598,0.0,on,connected,True,synthetic_device_spec_v11
synthetic_customer_005,cabinet_005,2026-08-21 13:30:00+00:00,0,0,0,0,True,True,False,24.178201988363057,-47.926308241740955,3.0252375939360006,3.89870159771997,0.0,0.04235407416141569,0.0,on,connected,True,synthetic_device_spec_v11
synthetic_customer_005,cabinet_005,2026-08-21 13:40:00+00:00,0,0,0,0,True,True,False,23.820433373832024,-49.62661087862894,3.030603941526865,3.9930161691528423,0.0,0.009565179533372593,0.0,on,connected,True,synthetic_device_spec_v11
synthetic_customer_005,cabinet_005,2026-08-21 13:50:00+00:00,0,0,0,0,True,True,False,23.870079386547335,-51.6987250916354,3.0348109498522646,3.997285854368492,0.0,0.05781073220488975,0.010954821147686715,on,connected,True,synthetic_device_spec_v11
synthetic_customer_005,cabinet_005,2026-08-21 14:00:00+00:00,0,0,0,0,True,True,False,23.99709243380581,-56.95181218242939,3.039492235513519,3.993926347623754,0.0,0.07908792944826554,0.0,on,connected,True,synthetic_device_spec_v11
synthetic_customer_005,cabinet_005,2026-08-21 14:10:00+00:00,0,0,0,0,True,True,False,24.08768407294339,-58.38885243415799,2.9439278417283896,3.942991513144447,0.378395293533006,0.1418803302625471,0.01303382452514891,on,connected,True,synthetic_device_spec_v11
synthetic_customer_005,cabinet_005,2026-08-21 14:20:00+00:00,0,0,0,0,True,True,False,24.00147440815384,-60.760965276807056,3.0422549076262433,3.9688725624837193,0.0,0.2776893449399163,0.014210826270797085,on,connected,True,synthetic_device_spec_v11
synthetic_customer_005,cabinet_005,2026-08-21 14:30:00+00:00,0,0,0,0,True,True,False,24.05038061093617,-65.11909016604291,2.9822535054505614,3.9709369532517473,0.0,0.25019450813637784,0.0,on,connected,True,synthetic_device_spec_v11
synthetic_customer_005,cabinet_005,2026-08-21 14:40:00+00:00,0,0,0,0,True,True,False,23.774779818974388,-67.91468917239133,3.022481153521589,3.8081962585239495,0.2915823349215484,0.35592439971166945,0.0,on,connected,True,synthetic_device_spec_v11
synthetic_customer_005,cabinet_005,2026-08-21 14:50:00+00:00,0,0,0,0,True,True,False,23.94307130144112,-69.33901345679106,2.9273996398292197,4.041750514690656,0.2616862942649157,0.4060048241245681,0.0014901458489009693,on,connected,True,synthetic_device_spec_v11
synthetic_customer_005,cabinet_005,2026-08-21 15:00:00+00:00,0,0,0,0,True,True,False,24.03357913068486,-71.6735290396677,2.8664199769558203,4.039437998169204,0.0,0.43185121860691256,0.0003117245386931644,on,connected,True,synthetic_device_spec_v11
synthetic_customer_005,cabinet_005,2026-08-21 15:10:00+00:00,0,0,0,0,True,True,False,24.035175050476898,-73.33214020529446,2.869627380536224,3.9398131412329747,0.19584800448214246,0.4769913567627593,0.003330075127211664,on,connected,True,synthetic_device_spec_v11
synthetic_customer_005,cabinet_005,2026-08-21 15:20:00+00:00,0,0,0,0,True,True,False,24.367147289258796,-80.2921269724149,2.7712516504755484,4.018014413260971,0.43601506794048306,0.4892306480584931,0.015245078865039197,on,connected,True,synthetic_device_spec_v11
synthetic_customer_005,cabinet_005,2026-08-21 15:30:00+00:00,0,0,0,0,True,True,False,24.00721306619705,-80.79255749168857,2.6800809901406253,4.093778568338671,0.0,0.599697540753156,0.0010726094474529117,on,connected,True,synthetic_device_spec_v11
synthetic_customer_005,cabinet_005,2026-08-21 15:40:00+00:00,0,0,0,0,True,True,False,24.030726009869685,-85.81257738921009,2.6092096304848043,4.074666177251794,0.0,0.6297841966189792,0.002178575308540809,on,connected,True,synthetic_device_spec_v11
synthetic_customer_005,cabinet_005,2026-08-21 16:40:00+00:00,0,0,0,0,True,True,False,24.000192098590578,-47.84365567189256,2.1070803625430616,4.022111769221514,0.047248886346394674,0.002565845923618426,0.0,on,connected,True,synthetic_device_spec_v11
synthetic_customer_005,cabinet_005,2026-08-21 16:50:00+00:00,0,0,0,0,True,True,False,24.16488434090431,-49.21898373431436,2.1905690205708153,3.95335655190653,0.0,0.0,0.0,on,connected,True,synthetic_device_spec_v11
synthetic_customer_005,cabinet_005,2026-08-21 17:00:00+00:00,0,0,0,0,True,True,False,23.99477367828195,-48.27214495522807,2.2345864972880602,3.8518401581738373,0.067886901865774,0.0,0.007533530127755939,on,connected,True,synthetic_device_spec_v11
synthetic_customer_005,cabinet_005,2026-08-21 17:10:00+00:00,0,0,0,0,True,True,False,23.972449011204734,-48.35304500327445,2.174507798007026,4.08711742483348,0.0,0.0,0.0,on,connected,True,synthetic_device_spec_v11
synthetic_customer_005,cabinet_005,2026-08-21 17:20:00+00:00,0,0,0,0,True,True,False,24.09459719703347,-48.111516246454016,3.011528396329465,3.957183081468738,0.165534036815367,0.004240820021561315,0.019624960976505578,on,connected,True,synthetic_device_spec_v11
synthetic_customer_005,cabinet_005,2026-08-21 17:30:00+00:00,0,0,0,0,True,True,False,24.104167980762682,-48.62490763383137,3.017221261959639,4.051092391704045,0.0,0.026292847043089103,0.0,on,connected,True,synthetic_device_spec_v11
synthetic_customer_005,cabinet_005,2026-08-21 17:40:00+00:00,0,0,0,0,True,True,False,24.035771208500556,-48.35915783627091,3.047015259630691,3.9362844433094444,0.0,0.0,0.0020616893341849586,on,connected,True,synthetic_device_spec_v11
synthetic_customer_005,cabinet_005,2026-08-21 17:50:00+00:00,0,0,0,0,True,True,False,23.904904571303472,-48.59531560333393,3.0717807205515006,3.907609775427892,0.23727944766099757,0.05324108357576638,0.03436909839579164,on,connected,True,synthetic_device_spec_v11
synthetic_customer_005,cabinet_005,2026-08-21 18:00:00+00:00,0,0,0,0,True,True,False,23.837793228896498,-49.643226762118296,3.014998147336422,4.014720887977448,0.0,0.0,0.0,on,connected,True,synthetic_device_spec_v11
synthetic_customer_005,cabinet_005,2026-08-21 18:10:00+00:00,1,1,1,1,True,True,False,24.128347435641363,-49.12751067515157,3.0463719226160837,3.9988919145725697,0.3060977364874158,0.011874987474577606,0.01814808292629775,on,connected,True,synthetic_device_spec_v11
synthetic_customer_005,cabinet_005,2026-08-21 18:20:00+00:00,1,1,1,1,True,True,False,24.080263725136795,-47.10903460305016,3.0077303305533647,3.9327499859752155,0.3014159507992286,0.05047374371731438,0.018504633988490123,on,connected,True,synthetic_device_spec_v11
synthetic_customer_005,cabinet_005,2026-08-21 18:30:00+00:00,1,1,1,1,True,True,False,23.843861464804963,-48.41151399580454,3.012580811269818,3.922634845332853,0.0,0.003030478384716399,0.03324159099725155,on,connected,True,synthetic_device_spec_v11
synthetic_customer_005,cabinet_005,2026-08-21 18:40:00+00:00,0,0,0,0,True,True,False,23.99565565009408,-48.96095280917539,3.0340395897770978,4.0335445261309575,0.6397201416950882,0.0,0.0,on,connected,True,synthetic_device_spec_v11
synthetic_customer_005,cabinet_005,2026-08-21 18:50:00+00:00,0,0,0,0,True,True,False,24.148436104618362,-47.18010751440686,2.9890966936575714,3.980629989396135,0.0,0.0,0.0224573644758159,on,connected,True,synthetic_device_spec_v11
synthetic_customer_005,cabinet_005,2026-08-21 19:00:00+00:00,0,0,0,0,True,True,False,23.675756384275502,-47.49393696833578,2.914092149989113,4.074387789328185,0.0,0.010046695377932409,0.0,on,connected,True,synthetic_device_spec_v11
synthetic_customer_005,cabinet_005,2026-08-21 19:10:00+00:00,0,0,0,0,True,True,False,23.83368720799955,-49.33950357435669,2.988614844829137,4.023133759033907,0.0,0.0016739310813813101,0.0,on,connected,True,synthetic_device_spec_v11
synthetic_customer_005,cabinet_005,2026-08-21 19:20:00+00:00,0,0,0,0,True,True,False,23.958687635415348,-48.485347683689,2.97070507297541,3.9951908432266308,0.24797780928794996,0.0,0.01899676565533772,on,connected,True,synthetic_device_spec_v11
synthetic_customer_005,cabinet_005,2026-08-21 19:30:00+00:00,0,0,0,0,True,True,False,24.028410294861168,-47.90133590798897,3.0182453799545095,3.9450275403888067,0.0,0.034762067513307,0.0,on,connected,True,synthetic_device_spec_v11
synthetic_customer_005,cabinet_005,2026-08-21 19:40:00+00:00,0,0,0,0,True,True,False,24.04150257994895,-46.13963247816015,2.896926624251795,3.989909113278493,0.0,0.0,0.016273499092272426,on,connected,True,synthetic_device_spec_v11
synthetic_customer_005,cabinet_005,2026-08-21 19:50:00+00:00,0,0,0,0,True,True,False,23.952548161878447,-47.84990451788097,2.769698324113096,4.022480736386584,0.5250591416311206,0.0,0.025674885036842742,on,connected,True,synthetic_device_spec_v11
synthetic_customer_005,cabinet_005,2026-08-21 20:00:00+00:00,0,0,0,0,True,True,False,23.684369841876375,-49.934452232315,2.599381994178482,4.035647436050854,1.2114818741739943,0.009334103117488368,0.0,on,connected,True,synthetic_device_spec_v11
synthetic_customer_005,cabinet_005,2026-08-21 20:10:00+00:00,0,0,0,0,True,True,False,23.872862145571336,-50.31836548100038,2.481704713860262,4.00156819144124,0.0,0.021678883431506944,0.012104307000213005,on,connected,True,synthetic_device_spec_v11
synthetic_customer_005,cabinet_005,2026-08-21 20:20:00+00:00,0,0,0,0,True,True,False,24.140366909581278,-47.59195192967229,2.3330492956323496,4.054417481301756,0.0,0.0,0.0,on,connected,True,synthetic_device_spec_v11
synthetic_customer_005,cabinet_005,2026-08-21 20:30:00+00:00,0,0,0,0,True,True,False,24.155434625741538,-48.296362882949175,2.183529526544662,3.8738793715213102,0.39571454061610917,0.019721460292788644,0.00791539367095103,on,connected,True,synthetic_device_spec_v11
synthetic_customer_005,cabinet_005,2026-08-21 20:40:00+00:00,0,0,0,0,True,True,False,23.86779432681906,-48.882555287454935,1.9490601010367534,3.9626487879570864,0.4614267093593924,0.02435176401950175,0.0,on,connected,True,synthetic_device_spec_v11
synthetic_customer_005,cabinet_005,2026-08-21 20:50:00+00:00,0,0,0,0,True,True,False,24.081567719838613,-48.14403412458763,1.82901457941742,4.069810026366331,0.0,0.0,0.025388778837002295,on,connected,True,synthetic_device_spec_v11
synthetic_customer_005,cabinet_005,2026-08-21 21:00:00+00:00,0,0,0,0,True,True,False,24.01579149858309,-48.2838400572096,1.6842143074386602,4.040736295506257,0.4616555552072323,0.0648748806607433,0.0,on,connected,True,synthetic_device_spec_v11
synthetic_customer_005,cabinet_005,2026-08-21 21:10:00+00:00,0,0,0,0,True,True,False,23.76821934615159,-47.779000285810476,1.5701631011958648,3.991882308973851,0.0,0.0,0.005304472839732165,on,connected,True,synthetic_device_spec_v11
synthetic_customer_005,cabinet_005,2026-08-21 21:20:00+00:00,0,0,0,0,True,True,False,24.158163114609753,-47.197195784263634,1.4559651308153883,3.9104488244912035,0.6468656486560403,0.03345520017061243,0.0,on,connected,True,synthetic_device_spec_v11
synthetic_customer_005,cabinet_005,2026-08-21 21:30:00+00:00,0,0,0,0,True,True,False,24.07143396574151,-49.02551784489411,1.2491549704133154,3.974558953630929,0.511546078257483,0.00803569095645392,0.024118939459769416,on,connected,True,synthetic_device_spec_v11
synthetic_customer_005,cabinet_005,2026-08-21 21:40:00+00:00,0,0,0,0,True,True,False,24.280074054556323,-48.38904800187981,1.1267255074537288,3.9568663401223354,0.0,0.014648262556657344,0.022391133650890193,on,connected,True,synthetic_device_spec_v11
synthetic_customer_005,cabinet_005,2026-08-21 21:50:00+00:00,0,0,0,0,True,True,False,23.842185344176755,-47.74096173108607,0.9930779831525606,3.946823292942356,0.0,0.022273978543726744,0.0,on,connected,True,synthetic_device_spec_v11
synthetic_customer_005,cabinet_005,2026-08-21 22:00:00+00:00,0,0,0,0,True,True,False,24.131707654827913,-48.88767111102403,0.9760808527814956,4.083604335169081,0.5824254639088059,0.0,0.023768439322091325,on,connected,True,synthetic_device_spec_v11
synthetic_customer_005,cabinet_005,2026-08-21 22:10:00+00:00,0,0,0,0,True,True,False,23.789718743352026,-47.11261643408316,1.0279074915537476,4.008750213838876,0.0,0.0026171883057788756,0.0,on,connected,True,synthetic_device_spec_v11
synthetic_customer_005,cabinet_005,2026-08-21 22:20:00+00:00,0,0,0,0,True,True,False,24.031237214151265,-48.90365892068232,0.9895094024171545,4.039933601674111,0.6141278216656731,0.0,0.019568412917408767,on,connected,True,synthetic_device_spec_v11
synthetic_customer_005,cabinet_005,2026-08-21 22:30:00+00:00,0,0,0,0,True,True,False,24.04272162122586,-49.71064872531403,2.9968653166156494,3.9688382708749006,0.0,0.0,0.010929436544465342,on,connected,True,synthetic_device_spec_v11
synthetic_customer_005,cabinet_005,2026-08-21 22:40:00+00:00,0,0,0,0,True,True,False,23.922590166695354,-49.0959312632831,2.978393100523434,3.9664023767163883,0.0,0.05122036115162644,0.01921631577538367,on,connected,True,synthetic_device_spec_v11
synthetic_customer_005,cabinet_005,2026-08-21 22:50:00+00:00,0,0,0,0,True,True,False,23.854932962324487,-49.1532963426977,3.0321954428147437,3.935373401036325,0.0,0.0036043135628833177,0.014370978727375198,on,connected,True,synthetic_device_spec_v11
synthetic_customer_005,cabinet_005,2026-08-21 23:00:00+00:00,0,0,0,0,True,True,False,23.94135681897917,-49.226532971524335,2.9686372688626945,3.867108650827496,0.01636297083128071,0.0,0.0,on,connected,True,synthetic_device_spec_v11
synthetic_customer_005,cabinet_005,2026-08-21 23:10:00+00:00,0,0,0,0,True,True,False,24.054432824962085,-49.13454533175719,2.9925866707035653,4.036652821542057,0.0,0.031117670215922058,0.015449530008573761,on,connected,True,synthetic_device_spec_v11
synthetic_customer_005,cabinet_005,2026-08-21 23:20:00+00:00,0,0,0,0,True,True,False,23.83959098478366,-48.55089319003642,2.985535093124734,4.095056840777869,0.0,0.04278463220989959,0.0,on,connected,True,synthetic_device_spec_v11
synthetic_customer_005,cabinet_005,2026-08-21 23:30:00+00:00,0,0,0,0,True,True,False,24.11630067109868,-49.21633167739284,3.025191378553544,4.024113925231376,0.9299265835526925,0.006413090391600335,0.0,on,connected,True,synthetic_device_spec_v11
synthetic_customer_005,cabinet_005,2026-08-21 23:40:00+00:00,0,0,0,0,True,True,False,23.907154487514386,-48.225020512506916,3.0213354991067214,4.058824692006711,0.02837356283007915,0.006489406619690663,0.00035543519270812466,on,connected,True,synthetic_device_spec_v11
synthetic_customer_005,cabinet_005,2026-08-21 23:50:00+00:00,0,0,0,0,True,True,False,23.71293829757819,-48.725792794988784,2.9701682456422134,3.864346082034113,0.031109141918522633,0.0,0.003990601925413405,on,connected,True,synthetic_device_spec_v11
synthetic_customer_005,cabinet_005,2026-08-22 00:00:00+00:00,0,0,0,0,True,True,False,24.221311559487493,-47.4714414747829,3.0319344217101016,3.96969221623412,0.01174133595440524,0.0005372936578377952,0.022078663059154017,on,connected,True,synthetic_device_spec_v11
synthetic_customer_005,cabinet_005,2026-08-22 00:10:00+00:00,1,1,1,1,True,True,False,23.96831672286048,-47.982843362682026,3.0601364474760997,3.975581008184516,0.0,0.0,0.0,on,connected,True,synthetic_device_spec_v11
synthetic_customer_005,cabinet_005,2026-08-22 00:20:00+00:00,1,1,1,1,True,True,False,23.834699347852645,-48.852642500353056,3.047841783724286,4.122179622374427,0.5153284861268689,7.857482687788917e-07,0.0,on,connected,True,synthetic_device_spec_v11
synthetic_customer_005,cabinet_005,2026-08-22 00:30:00+00:00,1,1,1,1,True,True,False,23.678516097886156,-47.85847489906288,3.0510243700612354,3.9513921376334347,0.0,0.0340008691524367,0.03425815502903889,on,connected,True,synthetic_device_spec_v11
synthetic_customer_005,cabinet_005,2026-08-22 00:40:00+00:00,0,0,0,0,True,True,False,23.785762403565496,-48.66316381434797,3.020755494985315,4.036560728246762,0.4036656501088906,0.0032684140951786803,0.0,on,connected,True,synthetic_device_spec_v11
synthetic_customer_005,cabinet_005,2026-08-22 00:50:00+00:00,0,0,0,0,True,True,False,24.11988950667912,-46.70875060694024,2.9650408194122577,3.9819901455509275,0.0,0.02363564789034952,0.02410155000549591,on,connected,True,synthetic_device_spec_v11
synthetic_customer_005,cabinet_005,2026-08-22 01:00:00+00:00,0,0,0,0,True,True,False,24.140989325887237,-47.188955130093284,3.0119891757416335,3.9495496858431056,0.13338554384944445,0.0,0.0,on,connected,True,synthetic_device_spec_v11
synthetic_customer_005,cabinet_005,2026-08-22 01:10:00+00:00,0,0,0,0,True,True,False,24.009482273015667,-47.46116128166631,2.998575429083177,3.977240698556909,0.0,0.0,0.0,on,connected,True,synthetic_device_spec_v11
synthetic_customer_005,cabinet_005,2026-08-22 01:20:00+00:00,0,0,0,0,True,True,False,23.825216750356763,-47.782965547129876,3.0173487115486,4.122579084573932,0.0,0.02298987510972826,0.0,on,connected,True,synthetic_device_spec_v11
synthetic_customer_005,cabinet_005,2026-08-22 01:30:00+00:00,0,0,0,0,True,True,False,24.10478338785835,-47.32604139724557,2.924255225869866,4.032217614628799,0.0,0.032482992216195765,0.004082350768230828,on,connected,True,synthetic_device_spec_v11
synthetic_customer_005,cabinet_005,2026-08-22 01:40:00+00:00,0,0,0,0,True,True,False,24.05149032355325,-47.76691354005316,2.981747589579162,3.9599517004665876,0.20938619570779204,0.0,0.0,on,connected,True,synthetic_device_spec_v11
synthetic_customer_005,cabinet_005,2026-08-22 01:50:00+00:00,0,0,0,0,True,True,False,24.103227247912237,-49.05489910480131,2.983383509376117,3.959148820859644,0.0,0.018833355496660615,0.0075004402877128186,on,connected,True,synthetic_device_spec_v11
synthetic_customer_005,cabinet_005,2026-08-22 02:00:00+00:00,0,0,0,0,True,True,False,24.021878320196166,-45.968103623711634,2.9707851823444824,3.934195332158093,0.29793047003224976,0.0,0.0,on,connected,True,synthetic_device_spec_v11
synthetic_customer_005,cabinet_005,2026-08-22 02:10:00+00:00,0,0,0,0,True,True,False,23.92410538621525,-47.67832135575726,2.9481834598587584,4.053966119355398,0.26187874183991816,0.0,0.0,on,connected,True,synthetic_device_spec_v11
synthetic_customer_005,cabinet_005,2026-08-22 02:20:00+00:00,0,0,0,0,True,True,False,24.119269583500955,-49.820297843270644,3.009368904009273,3.9340177437339863,0.0,0.0,0.0,on,connected,True,synthetic_device_spec_v11
synthetic_customer_005,cabinet_005,2026-08-22 02:30:00+00:00,0,0,0,0,True,True,False,24.089414780142384,-46.98168083543077,2.9546482240945022,4.006727556466326,0.0,0.0,0.018423176409942232,on,connected,True,synthetic_device_spec_v11
synthetic_customer_005,cabinet_005,2026-08-22 02:40:00+00:00,0,0,0,0,True,True,False,24.039059625172715,-47.07033018801725,3.0081681893783387,3.9778454757514443,0.6867462612607584,0.0,0.0,on,connected,True,synthetic_device_spec_v11
synthetic_customer_005,cabinet_005,2026-08-22 02:50:00+00:00,0,0,0,0,True,True,False,23.8089877875449,-47.95288443033591,2.9730624853576924,4.0094460719275515,0.0,0.0,0.0002557441383581167,on,connected,True,synthetic_device_spec_v11
synthetic_customer_005,cabinet_005,2026-08-22 03:00:00+00:00,0,0,0,0,True,True,False,24.172027892091194,-49.044031167286505,3.0486597493554446,3.921027103110537,0.5781918417930483,0.02232724726043002,0.0,on,connected,True,synthetic_device_spec_v11
synthetic_customer_005,cabinet_005,2026-08-22 03:10:00+00:00,0,0,0,0,True,True,False,23.933399763617626,-48.53324621650403,3.063924608516097,3.930654406293128,0.0,0.0,0.04555949194695006,on,connected,True,synthetic_device_spec_v11
synthetic_customer_005,cabinet_005,2026-08-22 03:20:00+00:00,0,0,0,0,True,True,False,24.034713887517942,-48.06264759284368,3.011024442351981,4.0232862510925145,0.1512212470185024,0.0,0.0035546958649924584,on,connected,True,synthetic_device_spec_v11
synthetic_customer_005,cabinet_005,2026-08-22 03:30:00+00:00,0,0,0,0,True,True,False,23.91083893733689,-48.95677340199733,2.990210537785156,4.070592829557633,0.0,0.0360903071573041,0.015384432304810255,on,connected,True,synthetic_device_spec_v11
synthetic_customer_005,cabinet_005,2026-08-22 03:40:00+00:00,0,0,0,0,True,True,False,23.936914480539066,-46.71200001474183,2.9813344834980664,3.990461381531766,0.0,0.0,0.0,on,connected,True,synthetic_device_spec_v11
synthetic_customer_005,cabinet_005,2026-08-22 03:50:00+00:00,0,0,0,0,True,True,False,24.015337599291016,-49.35395520675631,3.02052520637987,4.0135160194057455,0.4904546679243929,0.00547682369055387,0.0,on,connected,True,synthetic_device_spec_v11
synthetic_customer_005,cabinet_005,2026-08-22 04:00:00+00:00,0,0,0,0,True,True,False,24.071814913373473,-46.099748661051535,2.9754180158415835,4.026679339055085,0.0,0.0,0.0,on,connected,True,synthetic_device_spec_v11
synthetic_customer_005,cabinet_005,2026-08-22 04:10:00+00:00,0,0,0,0,True,True,False,23.834130965191218,-47.42019034490264,2.9320147231992912,3.9718328006347385,0.09738073081562537,0.015652123513612802,0.0,on,connected,True,synthetic_device_spec_v11
synthetic_customer_005,cabinet_005,2026-08-22 04:20:00+00:00,0,0,0,0,True,True,False,23.867292649602888,-50.09272116510604,2.9512288944398537,3.9423584477094655,0.0,0.0,0.0,on,connected,True,synthetic_device_spec_v11
synthetic_customer_005,cabinet_005,2026-08-22 04:30:00+00:00,0,0,0,0,True,True,False,23.945666992550933,-47.78253897084884,3.0509252699225393,3.9406359302498664,0.28009747498840604,0.04524898692051439,0.004044163062224553,on,connected,True,synthetic_device_spec_v11
synthetic_customer_005,cabinet_005,2026-08-22 04:40:00+00:00,0,0,0,0,True,True,False,24.093700996266584,-47.378540892899856,2.988497576627827,3.9692606468123626,0.0,0.02951303388858656,0.0,on,connected,True,synthetic_device_spec_v11
synthetic_customer_005,cabinet_005,2026-08-22 04:50:00+00:00,0,0,0,0,True,True,False,23.987749763528914,-50.21181592704134,2.9586628695827555,3.9405850443170176,0.0,0.0,0.0,on,connected,True,synthetic_device_spec_v11
synthetic_customer_005,cabinet_005,2026-08-22 05:00:00+00:00,0,0,0,0,True,True,False,23.98092132489398,-48.817585203271896,3.0174217852500047,4.009300511732574,0.0,0.004548143154104226,0.0,on,connected,True,synthetic_device_spec_v11
synthetic_customer_005,cabinet_005,2026-08-22 05:10:00+00:00,0,0,0,0,True,True,False,24.04436065545366,-47.516904305076295,3.032235794112003,3.958892274580999,0.0,0.02834479243530759,0.005591546401150274,on,connected,True,synthetic_device_spec_v11
synthetic_customer_005,cabinet_005,2026-08-22 05:20:00+00:00,0,0,0,0,True,True,False,23.949453605725807,-48.26864466650824,2.965539263377115,4.043147316130761,0.0,0.009134581081726429,0.00947268926861785,on,connected,True,synthetic_device_spec_v11
synthetic_customer_005,cabinet_005,2026-08-22 05:30:00+00:00,0,0,0,0,True,True,False,23.694737840029074,-48.327216283898366,2.96716968993406,3.9468358175447467,0.39740839069786477,0.0,0.0,on,connected,True,synthetic_device_spec_v11
synthetic_customer_005,cabinet_005,2026-08-22 05:40:00+00:00,0,0,0,0,True,True,False,23.954049883538104,-48.03812892437157,3.0777686494148853,3.9943971617408867,0.55560878922544,0.0,0.010504744140272342,on,connected,True,synthetic_device_spec_v11
synthetic_customer_005,cabinet_005,2026-08-22 05:50:00+00:00,0,0,0,0,True,True,False,23.912423648797134,-47.66639165941729,2.977500024296304,3.9906568601748567,0.20855003810615366,0.0,0.0,on,connected,True,synthetic_device_spec_v11
synthetic_customer_005,cabinet_005,2026-08-22 06:00:00+00:00,0,0,0,0,True,True,False,24.209483525881375,-49.22741831222794,3.0068150591918865,4.094138606653092,0.3378569550443673,0.010248309439785105,0.0,on,connected,True,synthetic_device_spec_v11
synthetic_customer_005,cabinet_005,2026-08-22 06:10:00+00:00,1,1,1,1,True,True,False,24.14477407323379,-47.64928009795522,2.9774144477811593,3.8677542207079756,0.0,0.005213595793761991,0.0,on,connected,True,synthetic_device_spec_v11
synthetic_customer_005,cabinet_005,2026-08-22 06:20:00+00:00,1,1,1,1,True,True,False,24.356342058251087,-47.95775038483623,3.1146571664808,4.024573335126449,0.5741712442795216,0.027909037627112998,0.0,on,connected,True,synthetic_device_spec_v11
synthetic_customer_005,cabinet_005,2026-08-22 06:30:00+00:00,1,1,1,1,True,True,False,23.887197509333365,-49.527741938777396,2.990177460394425,4.013009576379984,0.0,0.0,0.009364973323881186,on,connected,True,synthetic_device_spec_v11
synthetic_customer_005,cabinet_005,2026-08-22 06:40:00+00:00,0,0,0,0,True,True,False,23.820179224936076,-49.31816649699217,2.9934155022265765,3.985137712172997,0.2832407222289257,0.00430486564120973,0.0,on,connected,True,synthetic_device_spec_v11
synthetic_customer_005,cabinet_005,2026-08-22 06:50:00+00:00,0,0,0,0,True,True,False,23.983172486270025,-47.02631274203894,2.9086243421609193,4.01502909692307,0.1798148050994313,0.0,0.0,on,connected,True,synthetic_device_spec_v11
synthetic_customer_005,cabinet_005,2026-08-22 07:00:00+00:00,0,0,0,0,True,True,False,24.214909430737073,-48.14300652201958,3.035135064116727,4.0147679905887745,0.34408835936934845,0.004938752761192162,0.0013246754313010127,on,connected,True,synthetic_device_spec_v11
synthetic_customer_005,cabinet_005,2026-08-22 07:10:00+00:00,0,0,0,0,True,True,False,23.97527740292726,-46.690560330848626,3.0295653745497195,4.05437732085862,0.19079147292924736,0.0,0.0,on,connected,True,synthetic_device_spec_v11
synthetic_customer_005,cabinet_005,2026-08-22 07:20:00+00:00,0,0,0,0,True,True,False,23.63380684926156,-47.19223631748389,3.0012457457610213,4.045117395045169,0.0,0.0,0.0,on,connected,True,synthetic_device_spec_v11
synthetic_customer_005,cabinet_005,2026-08-22 07:30:00+00:00,0,0,0,0,True,True,False,23.511666518978206,-45.81987214885328,3.0190395140348834,3.9398521672469995,0.0,0.01592811703593177,0.0,on,connected,True,synthetic_device_spec_v11
synthetic_customer_005,cabinet_005,2026-08-22 07:40:00+00:00,0,0,0,0,True,True,False,23.271371732437647,-48.1684659216692,2.934345767751457,3.932660412177888,0.0,0.03494832033636864,0.006626934783401446,on,connected,True,synthetic_device_spec_v11
synthetic_customer_005,cabinet_005,2026-08-22 07:50:00+00:00,0,0,0,0,True,True,False,22.618244844147295,-48.42493335865277,3.066516533986225,3.971064106039033,0.0,0.02517320835334394,0.0,on,connected,True,synthetic_device_spec_v11
synthetic_customer_005,cabinet_005,2026-08-22 08:00:00+00:00,0,0,0,0,True,True,False,22.255272403806778,-49.25755417084384,3.0244591726345194,4.038605309061778,0.0,0.0,0.00871396567210651,on,connected,True,synthetic_device_spec_v11
synthetic_customer_005,cabinet_005,2026-08-22 08:10:00+00:00,0,0,0,0,True,True,False,22.00793012118338,-48.82789762747395,3.0319405002795534,3.932623674359087,0.0,0.04478175230360498,0.00024195068138312904,on,connected,True,synthetic_device_spec_v11
synthetic_customer_005,cabinet_005,2026-08-22 08:20:00+00:00,0,0,0,0,True,True,False,21.583643702440895,-47.74730828940433,2.991993962423443,4.059316250149879,0.015012104474199086,0.06783732700254726,0.0,on,connected,True,synthetic_device_spec_v11
synthetic_customer_005,cabinet_005,2026-08-22 08:30:00+00:00,0,0,0,0,True,True,False,21.15601778132395,-48.828527554100525,2.988929422486829,4.072486710658565,0.0,0.005012282731250407,0.021249304966374893,on,connected,True,synthetic_device_spec_v11
synthetic_customer_005,cabinet_005,2026-08-22 08:40:00+00:00,0,0,0,0,True,True,False,20.908076648857186,-49.44773930748341,3.0318761855070937,4.063535785760007,0.0,0.0,0.0,on,connected,True,synthetic_device_spec_v11
synthetic_customer_005,cabinet_005,2026-08-22 08:50:00+00:00,0,0,0,0,True,True,False,20.4617046374621,-48.28747729641982,3.0016633201984133,4.005709482596601,0.3339625974728413,0.0,0.0,on,connected,True,synthetic_device_spec_v11
synthetic_customer_005,cabinet_005,2026-08-22 09:00:00+00:00,0,0,0,0,True,True,False,19.89783565896337,-48.19721429987764,2.9248033952786128,4.044358225075965,0.0,0.021173533268801382,0.003159237500036599,on,connected,True,synthetic_device_spec_v11
synthetic_customer_005,cabinet_005,2026-08-22 09:10:00+00:00,0,0,0,0,True,True,False,19.610660096088274,-47.10343283171475,3.013809714335574,3.8587252410484116,0.07779492782217183,0.013510366949016092,0.0,on,connected,True,synthetic_device_spec_v11
synthetic_customer_005,cabinet_005,2026-08-22 09:20:00+00:00,0,0,0,0,True,True,False,19.41332293298409,-47.91524597187584,2.988848373096078,4.024740690729871,0.16759435541716178,0.0,5.276912007966609e-05,on,connected,True,synthetic_device_spec_v11
synthetic_customer_005,cabinet_005,2026-08-22 09:30:00+00:00,0,0,0,0,True,True,False,19.068857094158776,-48.08093325538437,2.975398770389383,4.0860541097205685,0.0,0.0,0.0,on,connected,True,synthetic_device_spec_v11
synthetic_customer_005,cabinet_005,2026-08-22 09:40:00+00:00,0,0,0,0,True,True,False,18.837801188683905,-47.949005387335134,3.057509995508692,3.901503890761421,0.0,0.008255716877678905,0.0,on,connected,True,synthetic_device_spec_v11
synthetic_customer_005,cabinet_005,2026-08-22 11:10:00+00:00,0,0,0,0,True,True,False,23.984064063333854,-49.18005715407905,3.021682208155666,4.058209675122405,0.0,0.01049280664622821,0.020002384636674215,on,connected,True,synthetic_device_spec_v11
synthetic_customer_005,cabinet_005,2026-08-22 11:20:00+00:00,0,0,0,0,True,True,False,24.095692132492804,-48.4709760893411,3.053604976253444,3.989798867358549,0.9599650087071252,0.04278450613045709,0.006355184573771136,on,connected,True,synthetic_device_spec_v11
synthetic_customer_005,cabinet_005,2026-08-22 11:30:00+00:00,0,0,0,0,True,True,False,24.086618744191238,-47.51421350434818,3.066456609951807,3.943208011657615,3.7347587395934765,0.02227647218034605,0.0,on,connected,True,synthetic_device_spec_v11
synthetic_customer_005,cabinet_005,2026-08-22 11:40:00+00:00,0,0,0,0,True,True,False,23.916009917255348,-47.973723993866706,2.9603318933157823,4.022871404165278,7.3312618828891924,0.012185139367693554,0.0,on,connected,True,synthetic_device_spec_v11
synthetic_customer_005,cabinet_005,2026-08-22 11:50:00+00:00,0,0,0,0,True,True,False,23.86572545704223,-48.64967656557514,2.9996214733615743,3.973823828248559,9.460523602525862,0.0,0.0005145224366178075,on,connected,True,synthetic_device_spec_v11
synthetic_customer_005,cabinet_005,2026-08-22 12:00:00+00:00,0,0,0,0,True,True,False,24.06098934822683,-47.1258788085221,3.001439599635648,4.029551342207821,11.36816723813907,0.011217133205151424,0.0,on,connected,True,synthetic_device_spec_v11
synthetic_customer_005,cabinet_005,2026-08-22 12:10:00+00:00,1,1,1,1,True,True,False,24.02648601706133,-48.72917533466454,3.032483715778995,3.983060788548494,14.93718620797501,0.016994066085106313,0.010145565480962335,on,connected,True,synthetic_device_spec_v11
synthetic_customer_005,cabinet_005,2026-08-22 12:20:00+00:00,1,1,1,1,True,True,False,23.893457121873748,-47.255188750658384,2.994138846450126,3.943499101144253,17.12062764569837,0.019832490493824115,0.0,on,connected,True,synthetic_device_spec_v11
synthetic_customer_005,cabinet_005,2026-08-22 12:30:00+00:00,1,1,1,1,True,True,False,24.231571278952728,-47.74438207738775,3.0059394677441813,3.9814191437964093,19.639999176459582,0.0,0.014588905781141267,on,connected,True,synthetic_device_spec_v11
synthetic_customer_005,cabinet_005,2026-08-22 12:40:00+00:00,0,0,0,0,True,True,False,24.086084440314316,-47.43565588954972,3.0262874080643565,4.0430290055431755,22.53665773267847,0.0,0.042434675406105585,on,connected,True,synthetic_device_spec_v11
synthetic_customer_005,cabinet_005,2026-08-22 12:50:00+00:00,0,0,0,0,True,True,False,24.043115009693437,-49.87334670056813,2.9547654415455273,4.033294949222195,24.402607207473615,0.0,0.0054279021539634965,on,connected,True,synthetic_device_spec_v11
synthetic_customer_005,cabinet_005,2026-08-22 13:00:00+00:00,0,0,0,0,True,True,False,23.9605609378267,-46.40960311822638,3.022098585659005,3.9453260786885673,26.07326756940329,0.0694222031500814,0.014183930214401199,on,connected,True,synthetic_device_spec_v11
synthetic_customer_005,cabinet_005,2026-08-22 13:10:00+00:00,0,0,0,0,True,True,False,23.879822923104893,-47.07030806331631,2.962077600149177,4.003639402251811,24.667641330842816,0.0,0.0,on,connected,True,synthetic_device_spec_v11
synthetic_customer_005,cabinet_005,2026-08-22 13:20:00+00:00,0,0,0,0,True,True,False,23.97859611461151,-46.855882342964534,2.8870024826712886,4.019153998954634,25.298044419661768,0.0,0.0,on,connected,True,synthetic_device_spec_v11
synthetic_customer_005,cabinet_005,2026-08-22 13:30:00+00:00,0,0,0,0,True,True,False,23.873823034724456,-48.48052688433246,2.981159198155719,3.9076160550615646,25.279215722428724,0.0244938511130241,0.0060387910632152125,on,connected,True,synthetic_device_spec_v11
synthetic_customer_005,cabinet_005,2026-08-22 13:40:00+00:00,0,0,0,0,True,True,False,24.016363639607327,-47.86055659708778,2.9768126057956046,4.026444312250436,24.74536140589228,0.0,0.013990662087995372,on,connected,True,synthetic_device_spec_v11
synthetic_customer_005,cabinet_005,2026-08-22 13:50:00+00:00,0,0,0,0,True,True,False,24.25523238506056,-47.53646914718139,2.9964619949704874,3.996502540848916,25.058308054256806,0.0,0.0,on,connected,True,synthetic_device_spec_v11
synthetic_customer_005,cabinet_005,2026-08-22 14:00:00+00:00,0,0,0,0,True,True,False,23.968335853970586,-48.823046705313736,3.01341599202548,3.9350282159801333,24.53122912279985,0.0,0.031447722544425676,on,connected,True,synthetic_device_spec_v11
synthetic_customer_005,cabinet_005,2026-08-22 14:10:00+00:00,0,0,0,0,True,True,False,23.945372022129355,-47.21853950380884,2.9878328654943056,3.994767900637639,0.01682950823974901,0.0,0.043254816663465444,on,connected,True,synthetic_device_spec_v11
synthetic_customer_005,cabinet_005,2026-08-22 14:20:00+00:00,0,0,0,0,True,True,False,24.207831994686135,-49.51366915535713,2.9725459704977775,3.9382245157333613,0.0,0.0,0.0,on,connected,True,synthetic_device_spec_v11
synthetic_customer_005,cabinet_005,2026-08-22 14:30:00+00:00,0,0,0,0,True,True,False,23.956933021494876,-48.63403927697562,3.00016563959343,3.9546610297303735,0.0,0.01227271474295974,0.012642696495688863,on,connected,True,synthetic_device_spec_v11
synthetic_customer_005,cabinet_005,2026-08-22 14:40:00+00:00,0,0,0,0,True,True,False,23.83655924682098,-47.55109970772629,3.0048337946212005,4.0068604888043975,0.19321433780144537,0.004266584009019557,0.0,on,connected,True,synthetic_device_spec_v11
synthetic_customer_005,cabinet_005,2026-08-22 14:50:00+00:00,0,0,0,0,True,True,False,23.866794774446863,-47.629997300319765,3.0087752222487496,3.974498089936427,0.0,0.02917441652498523,0.0,on,connected,True,synthetic_device_spec_v11
synthetic_customer_005,cabinet_005,2026-08-22 15:00:00+00:00,0,0,0,0,True,True,False,24.163462423785095,-49.083193046061155,3.0399408243870005,4.009112006716126,0.7928684406816217,0.0,0.0005839753013369499,on,connected,True,synthetic_device_spec_v11
synthetic_customer_005,cabinet_005,2026-08-22 15:10:00+00:00,0,0,0,0,True,True,False,23.90744562834201,-49.60090051653158,2.97972320728756,4.000620051594266,0.0,0.0,0.0002129487463284382,on,connected,True,synthetic_device_spec_v11
synthetic_customer_005,cabinet_005,2026-08-22 15:20:00+00:00,0,0,0,0,True,True,False,23.878730688464817,-46.998717444065214,3.015878122664118,3.9529169837203613,0.0,0.011053289941988518,0.03647114170615875,on,connected,True,synthetic_device_spec_v11
synthetic_customer_005,cabinet_005,2026-08-22 15:30:00+00:00,0,0,0,0,True,True,False,23.737803257199715,-49.15058675110557,2.9983992172976337,3.9754688660494764,0.21781308981054687,0.0,0.0,on,connected,True,synthetic_device_spec_v11
synthetic_customer_005,cabinet_005,2026-08-22 15:40:00+00:00,0,0,0,0,True,True,False,23.845270748646474,-48.608313402560405,2.980287000023361,3.975795912106825,0.7390870292163102,0.0,0.005699404082475324,on,connected,True,synthetic_device_spec_v11
synthetic_customer_005,cabinet_005,2026-08-22 15:50:00+00:00,0,0,0,0,True,True,False,23.91025080230232,-49.02093009921015,2.9606995279299935,3.9834383210065605,0.0,0.006761927031017596,0.00448228077027221,on,connected,True,synthetic_device_spec_v11
synthetic_customer_005,cabinet_005,2026-08-22 16:00:00+00:00,0,0,0,0,True,True,False,24.021693787728136,-51.03729484573544,3.0058881956328296,4.042879098274718,0.4278424876492419,0.0,0.0,on,connected,True,synthetic_device_spec_v11
synthetic_customer_005,cabinet_005,2026-08-22 16:10:00+00:00,0,0,0,0,True,True,False,24.019645195213197,-49.28919433563321,2.943659543978097,4.00586285811208,0.0,0.010841419129605083,0.02142869348318481,on,connected,True,synthetic_device_spec_v11
synthetic_customer_005,cabinet_005,2026-08-22 16:20:00+00:00,0,0,0,0,True,True,False,24.04735634707076,-48.88740434834963,2.9848049629174036,4.005333552585724,0.1368529872883321,0.0,0.0,on,connected,True,synthetic_device_spec_v11
synthetic_customer_005,cabinet_005,2026-08-22 16:30:00+00:00,0,0,0,0,True,True,False,23.960371014648164,-47.5340194673145,2.9752398592392346,3.93582915520812,0.2172515305409884,0.005784927009088515,0.0,on,connected,True,synthetic_device_spec_v11
synthetic_customer_005,cabinet_005,2026-08-22 16:40:00+00:00,0,0,0,0,True,True,False,24.000162206365776,-47.70871463247665,2.934491066893745,3.91212282683588,0.0,0.0,0.0,on,connected,True,synthetic_device_spec_v11
synthetic_customer_005,cabinet_005,2026-08-22 16:50:00+00:00,0,0,0,0,True,True,False,23.91554620750753,-48.54718984351926,3.007077174875045,4.03973734873722,0.0,0.001251274533065382,0.018948980095952802,on,connected,True,synthetic_device_spec_v11
synthetic_customer_005,cabinet_005,2026-08-22 17:00:00+00:00,0,0,0,0,True,True,False,23.932629209997394,-47.61601928238863,2.9950510304539484,4.1653519820382865,0.0,0.0,0.02160910444381899,on,connected,True,synthetic_device_spec_v11
synthetic_customer_005,cabinet_005,2026-08-22 17:10:00+00:00,0,0,0,0,True,True,False,24.09322871094139,-47.87255960623911,2.9030730296157023,4.028894557835404,0.5203510794173883,0.0,0.0,on,connected,True,synthetic_device_spec_v11
synthetic_customer_005,cabinet_005,2026-08-22 17:20:00+00:00,0,0,0,0,True,True,False,24.045507563032597,-48.11502724251505,3.02159558715556,4.079963191117909,0.34641278839037487,0.0025149449304084736,0.0,on,connected,True,synthetic_device_spec_v11
synthetic_customer_005,cabinet_005,2026-08-22 17:30:00+00:00,0,0,0,0,True,True,False,24.08677707207511,-48.0250056416609,3.0159279010909956,4.004164999793348,0.6265997381253906,0.0065036494959151234,0.0,on,connected,True,synthetic_device_spec_v11
synthetic_customer_005,cabinet_005,2026-08-22 17:40:00+00:00,0,0,0,0,True,True,False,24.007152921318642,-48.60265880459486,3.0150210924684693,4.022486651597602,0.0,0.03299699984078438,0.027811669396682656,on,connected,True,synthetic_device_spec_v11
synthetic_customer_005,cabinet_005,2026-08-22 17:50:00+00:00,0,0,0,0,True,True,False,23.964569128684765,-46.489883546880634,3.05959317079693,3.9825615886315737,0.9305388043489278,0.03317074549450333,0.027938132866430664,on,connected,True,synthetic_device_spec_v11
synthetic_customer_005,cabinet_005,2026-08-22 18:00:00+00:00,0,0,0,0,True,True,False,23.92385691766047,-50.18325439347257,2.9761614795677658,4.011786212461823,0.1337174226284125,0.0,0.0,on,connected,True,synthetic_device_spec_v11
synthetic_customer_005,cabinet_005,2026-08-22 18:10:00+00:00,1,1,1,1,True,True,False,23.948765802306948,-47.29537915027302,2.9890936406727957,3.9309034098150715,0.5167154187777182,0.0,0.005944452362654179,on,connected,True,synthetic_device_spec_v11
synthetic_customer_005,cabinet_005,2026-08-22 18:20:00+00:00,1,1,1,1,True,True,False,24.029381892350365,-48.870915246257944,3.0334519191699325,4.031693946899419,0.0,0.012060446879183024,0.0044046064769993915,on,connected,True,synthetic_device_spec_v11
synthetic_customer_005,cabinet_005,2026-08-22 18:30:00+00:00,1,1,1,1,True,True,False,24.045812692940608,-47.12188061789593,3.0299704886598717,3.9161681884041224,0.5632944623086197,0.0,0.018262858310012134,on,connected,True,synthetic_device_spec_v11
synthetic_customer_005,cabinet_005,2026-08-22 18:40:00+00:00,0,0,0,0,True,True,False,24.013658404766712,-47.14372722302468,2.9303219395152715,3.9244434726702733,0.0,0.0,0.005092667338691602,on,connected,True,synthetic_device_spec_v11
synthetic_customer_005,cabinet_005,2026-08-22 18:50:00+00:00,0,0,0,0,True,True,False,24.088168977709497,-46.775273716708334,2.996391008639971,4.057271256076851,0.0,0.007356337961649976,0.0,on,connected,True,synthetic_device_spec_v11
synthetic_customer_005,cabinet_005,2026-08-22 19:00:00+00:00,0,0,0,0,True,True,False,24.02767673510739,-49.43701005617224,2.926982410818173,3.980388996394211,0.0,0.0,0.0,on,connected,True,synthetic_device_spec_v11
synthetic_customer_005,cabinet_005,2026-08-22 19:10:00+00:00,0,0,0,0,True,True,False,23.89168010991664,-48.361455622165245,3.0450651966501874,4.067898733443665,0.16165372903476305,0.002832658735033817,0.0,on,connected,True,synthetic_device_spec_v11
synthetic_customer_005,cabinet_005,2026-08-22 19:20:00+00:00,0,0,0,0,True,True,False,24.121864762620845,-47.76654225659119,2.984147186287665,4.030005186477079,0.34084180313094414,0.031484409276371986,0.0,on,connected,True,synthetic_device_spec_v11
synthetic_customer_005,cabinet_005,2026-08-22 19:30:00+00:00,0,0,0,0,True,True,False,23.93855016369034,-48.83269936421332,3.0379039289513545,3.9641936462874123,0.0,0.0034750430624703797,0.019950946217410757,on,connected,True,synthetic_device_spec_v11
synthetic_customer_005,cabinet_005,2026-08-22 19:40:00+00:00,0,0,0,0,True,True,False,24.07330901347091,-49.25782791568372,2.9887242597599073,3.954716052204636,0.0,0.0,3.0348262099411414e-05,on,connected,True,synthetic_device_spec_v11
synthetic_customer_005,cabinet_005,2026-08-22 19:50:00+00:00,0,0,0,0,True,True,False,23.858842547985432,-48.54349425946718,2.9978156222783126,3.9934730800780684,0.0,0.03136498590569446,0.027147588687242492,on,connected,True,synthetic_device_spec_v11
synthetic_customer_005,cabinet_005,2026-08-22 20:00:00+00:00,0,0,0,0,True,True,False,24.01253138491252,-46.381569577422155,3.0070652830600224,4.019577713505077,0.10700185038260078,0.004273130827740226,0.003051630209292082,on,connected,True,synthetic_device_spec_v11
synthetic_customer_005,cabinet_005,2026-08-22 20:10:00+00:00,0,0,0,0,True,True,False,24.098448610591866,-48.54043384493603,3.002496660281593,3.986030963033066,0.0,0.0,0.0,on,connected,True,synthetic_device_spec_v11
synthetic_customer_005,cabinet_005,2026-08-22 20:20:00+00:00,0,0,0,0,True,True,False,23.830053338256064,-46.7690350188403,2.998561117612381,4.047508358051257,0.0,0.0,0.0,on,connected,True,synthetic_device_spec_v11
synthetic_customer_005,cabinet_005,2026-08-22 20:30:00+00:00,0,0,0,0,True,True,False,24.05521267158044,-48.743629729014245,2.94400905277408,4.088349675826395,0.0,0.041815260451674205,0.018329089815755942,on,connected,True,synthetic_device_spec_v11
synthetic_customer_005,cabinet_005,2026-08-22 20:40:00+00:00,0,0,0,0,True,True,False,23.849737752374917,-46.434855399306464,3.013565658540009,4.0420857215674815,0.25608101663715727,0.0,0.004189840233579673,on,connected,True,synthetic_device_spec_v11
synthetic_customer_005,cabinet_005,2026-08-22 20:50:00+00:00,0,0,0,0,True,True,False,23.977740299348483,-47.94877589954288,3.013186646752238,3.9625762113906537,0.0,0.0,0.0,on,connected,True,synthetic_device_spec_v11
synthetic_customer_005,cabinet_005,2026-08-22 21:00:00+00:00,0,0,0,0,True,True,False,24.018900276066315,-48.73555467937324,3.0489650105106945,4.047017434055138,0.0,0.0,0.0,on,connected,True,synthetic_device_spec_v11
synthetic_customer_005,cabinet_005,2026-08-22 21:10:00+00:00,0,0,0,0,True,True,False,23.99884589736398,-46.04927172619078,2.987376918682104,3.965495346093201,0.0,0.05807545738478114,0.01637845685638414,on,connected,True,synthetic_device_spec_v11
synthetic_customer_005,cabinet_005,2026-08-22 21:20:00+00:00,0,0,0,0,True,True,False,24.198303450586245,-47.1845609443215,2.982771580339443,3.9889899971673617,0.18441341393852792,0.0,0.0,on,connected,True,synthetic_device_spec_v11
synthetic_customer_005,cabinet_005,2026-08-22 21:30:00+00:00,0,0,0,0,True,True,False,24.136394956937664,-48.508388883693165,2.946838514996794,4.076690709597698,0.0,0.0,0.0,on,connected,True,synthetic_device_spec_v11
synthetic_customer_005,cabinet_005,2026-08-22 21:40:00+00:00,0,0,0,0,True,True,False,24.041611837971935,-46.6499608985828,2.967810477537282,3.949819111057145,0.0,0.0,0.0,on,connected,True,synthetic_device_spec_v11
synthetic_customer_005,cabinet_005,2026-08-22 21:50:00+00:00,0,0,0,0,True,True,False,24.226325669884964,-48.28025647181807,2.98515127834121,3.97855227687723,0.0,0.0,0.0,on,connected,True,synthetic_device_spec_v11
synthetic_customer_005,cabinet_005,2026-08-22 22:00:00+00:00,0,0,0,0,True,True,False,23.899120888354886,-48.11329574246477,3.023783855712372,4.084665253178963,0.0,0.0,0.011175316792173928,on,connected,True,synthetic_device_spec_v11
synthetic_customer_005,cabinet_005,2026-08-22 22:10:00+00:00,0,0,0,0,True,True,False,23.79695228825679,-47.49239268216153,2.9107546864534273,3.9658420739842306,0.0,0.01829532476140643,0.023429354455615378,on,connected,True,synthetic_device_spec_v11
synthetic_customer_005,cabinet_005,2026-08-22 22:20:00+00:00,0,0,0,0,True,True,False,24.31133967196469,-47.71724444201294,3.0157748406768228,4.303361227175317,0.0,0.0,0.033589794008504925,on,connected,True,synthetic_device_spec_v11
synthetic_customer_005,cabinet_005,2026-08-22 22:30:00+00:00,0,0,0,0,True,True,False,23.778300846019413,-48.540093361133955,2.918252125488865,4.554909625192414,0.013275300945317621,0.04908072758002439,0.10134710093713141,on,connected,True,synthetic_device_spec_v11
synthetic_customer_005,cabinet_005,2026-08-22 22:40:00+00:00,0,0,0,0,True,True,False,23.73815362394238,-48.512570654039315,2.984743206284652,4.7941435039136895,0.0,0.00799592309042201,0.0868076709681112,on,connected,True,synthetic_device_spec_v11
synthetic_customer_005,cabinet_005,2026-08-22 22:50:00+00:00,0,0,0,0,True,True,False,24.072014262828716,-47.56742621961465,2.932341187939024,5.01904649757204,0.0,0.0,0.11678332457459395,on,connected,True,synthetic_device_spec_v11
synthetic_customer_005,cabinet_005,2026-08-22 23:00:00+00:00,0,0,0,0,True,True,False,24.148861152170646,-49.14351338391442,2.9122706842356108,5.150964604960175,0.5768036283306102,0.014956099536246152,0.17591817052979544,on,connected,True,synthetic_device_spec_v11
synthetic_customer_005,cabinet_005,2026-08-22 23:10:00+00:00,0,0,0,0,True,True,False,24.0041434873665,-46.14836506345566,2.951751052393311,5.458156085259903,0.0,0.0,0.18224785085663567,on,connected,True,synthetic_device_spec_v11
synthetic_customer_005,cabinet_005,2026-08-22 23:20:00+00:00,0,0,0,0,True,True,False,23.782638976521568,-47.58060539701207,2.9723636511477047,5.631085465960584,0.0,0.0,0.22714610803226218,on,connected,True,synthetic_device_spec_v11
synthetic_customer_005,cabinet_005,2026-08-22 23:30:00+00:00,0,0,0,0,True,True,False,23.948672871464854,-47.80186064776874,2.9851926724963653,5.8593029943779396,0.0,0.01283769050874542,0.24013938825844802,on,connected,True,synthetic_device_spec_v11
synthetic_customer_005,cabinet_005,2026-08-22 23:40:00+00:00,0,0,0,0,True,True,False,23.97832788114436,-47.574019558434784,2.951604270466033,5.945433567135494,0.0,0.0,0.26968551836350324,on,connected,True,synthetic_device_spec_v11
synthetic_customer_005,cabinet_005,2026-08-22 23:50:00+00:00,0,0,0,0,True,True,False,24.060772393842935,-46.753179507688394,3.0206953337838542,6.182327617393884,0.0,0.02464658060383719,0.2488982070324235,on,connected,True,synthetic_device_spec_v11
synthetic_customer_005,cabinet_005,2026-08-23 00:00:00+00:00,0,0,0,0,True,True,False,23.96192253020597,-48.24372016223235,3.0369634406941604,6.456731469639422,0.0,0.0,0.32701897342743746,on,connected,True,synthetic_device_spec_v11
synthetic_customer_005,cabinet_005,2026-08-23 00:10:00+00:00,1,1,1,1,True,True,False,23.853420179741615,-48.54741562719234,2.9359875745511546,6.62615860043669,0.0,0.0,0.3415637704483479,on,connected,True,synthetic_device_spec_v11
synthetic_customer_005,cabinet_005,2026-08-23 00:20:00+00:00,1,1,1,1,True,True,False,23.88502961037248,-46.898021652765365,2.9853932177629794,6.799158733737487,0.0,0.02972239522576662,0.3921015332551315,on,connected,True,synthetic_device_spec_v11
synthetic_customer_005,cabinet_005,2026-08-23 00:30:00+00:00,1,1,1,1,True,True,False,24.11751875202749,-47.71396781867357,2.9908343121617578,7.079748519549967,0.0,0.0,0.3503971424949231,on,connected,True,synthetic_device_spec_v11
synthetic_customer_005,cabinet_005,2026-08-23 00:40:00+00:00,0,0,0,0,True,True,False,24.00582952887128,-47.15214536400755,2.976983683600064,6.9335528349074025,0.4237920394329587,0.0,0.40893494220242227,on,connected,True,synthetic_device_spec_v11
synthetic_customer_005,cabinet_005,2026-08-23 00:50:00+00:00,0,0,0,0,True,True,False,23.951915944634255,-48.58724113375399,2.9691524647845324,7.030214098765055,0.30739511358332616,0.002083016677065384,0.41253481470063164,on,connected,True,synthetic_device_spec_v11
synthetic_customer_005,cabinet_005,2026-08-23 01:00:00+00:00,0,0,0,0,True,True,False,24.10730631236921,-47.53051582405842,2.9431042630767723,7.063735857498937,0.0,0.010984726096227446,0.3779826649275795,on,connected,True,synthetic_device_spec_v11
synthetic_customer_005,cabinet_005,2026-08-23 01:10:00+00:00,0,0,0,0,True,True,False,23.985771749285167,-46.8229617547116,3.065819034224183,7.062012989618768,0.0,0.008962922383943507,0.4111609918440064,on,connected,True,synthetic_device_spec_v11
synthetic_customer_005,cabinet_005,2026-08-23 01:20:00+00:00,0,0,0,0,True,True,False,23.9766969213477,-48.056279011083575,2.905324751771047,6.883992238245394,0.2718580642224554,0.055595687573687186,0.41398702596741765,on,connected,True,synthetic_device_spec_v11
synthetic_customer_005,cabinet_005,2026-08-23 01:30:00+00:00,0,0,0,0,True,True,False,23.839917837127192,-46.33145400094163,2.9555452806914464,4.076533795314576,1.2434023598009039,0.00874683088601711,0.011124278076235446,on,connected,True,synthetic_device_spec_v11
synthetic_customer_005,cabinet_005,2026-08-23 01:40:00+00:00,0,0,0,0,True,True,False,23.912326367621244,-48.97717669118916,3.047102647540465,4.058717315052933,0.0,0.0,0.008306085339470018,on,connected,True,synthetic_device_spec_v11
synthetic_customer_005,cabinet_005,2026-08-23 01:50:00+00:00,0,0,0,0,True,True,False,23.93457699315186,-49.60983514378083,2.9590213410598745,3.9381186396389505,0.27844937683029436,0.013706435471329274,0.014078034029814323,on,connected,True,synthetic_device_spec_v11
synthetic_customer_005,cabinet_005,2026-08-23 02:00:00+00:00,0,0,0,0,True,True,False,24.124518009456853,-47.85026367987054,3.1097381776516393,4.059515641608696,0.0,0.007009892613247481,0.008183580965284808,on,connected,True,synthetic_device_spec_v11
synthetic_customer_005,cabinet_005,2026-08-23 02:10:00+00:00,0,0,0,0,True,True,False,24.015719572155714,-47.6998779045922,2.9554918156809107,3.9615473592145,0.0,0.0,0.004325667929038477,on,connected,True,synthetic_device_spec_v11
synthetic_customer_005,cabinet_005,2026-08-23 02:20:00+00:00,0,0,0,0,True,True,False,24.120936572831525,-47.47663647714763,3.004228512424756,3.9102320082489883,0.0,0.029627218001499256,0.004642970023417718,on,connected,True,synthetic_device_spec_v11
synthetic_customer_005,cabinet_005,2026-08-23 02:30:00+00:00,0,0,0,0,True,True,False,23.97376537797645,-48.918881811852394,2.9609245627116625,4.008943476707992,0.27372251468506387,0.0,0.0,on,connected,True,synthetic_device_spec_v11
synthetic_customer_005,cabinet_005,2026-08-23 02:40:00+00:00,0,0,0,0,True,True,False,24.053997823827796,-46.76778242420979,2.9815908677985283,3.9920425972704834,0.5501417175079031,0.05173296444289276,0.0,on,connected,True,synthetic_device_spec_v11
synthetic_customer_005,cabinet_005,2026-08-23 02:50:00+00:00,0,0,0,0,True,True,False,24.10985847299486,-48.955774083770315,3.0396910813591433,3.9552494190503342,0.18908260466737462,0.03953264220523925,0.009493768167498896,on,connected,True,synthetic_device_spec_v11
synthetic_customer_005,cabinet_005,2026-08-23 03:00:00+00:00,0,0,0,0,True,True,False,24.118800364150072,-48.87876234729021,3.028025491688492,3.954799580862549,0.17791289946285072,0.0,0.0,on,connected,True,synthetic_device_spec_v11
synthetic_customer_005,cabinet_005,2026-08-23 03:10:00+00:00,0,0,0,0,True,True,False,24.065214442436584,-49.136265389106775,2.9453997302983304,4.001571408585328,0.4075815987878073,0.0,0.0,on,connected,True,synthetic_device_spec_v11
synthetic_customer_005,cabinet_005,2026-08-23 03:20:00+00:00,0,0,0,0,True,True,False,24.019858021103172,-49.37577962534739,2.953652662242604,4.032932677077243,0.0,0.003977156723466563,0.0,on,connected,True,synthetic_device_spec_v11
synthetic_customer_005,cabinet_005,2026-08-23 03:30:00+00:00,0,0,0,0,True,True,False,24.076813744620754,-47.82645717681085,3.00471025949576,4.121825622800676,1.1394083658148029,0.009389481097045639,0.0,on,connected,True,synthetic_device_spec_v11
synthetic_customer_005,cabinet_005,2026-08-23 03:40:00+00:00,0,0,0,0,True,True,False,24.463264721389113,-48.65962894927627,3.0158823378227466,3.984863148468318,0.0,0.0,0.0,on,connected,True,synthetic_device_spec_v11
synthetic_customer_005,cabinet_005,2026-08-23 03:50:00+00:00,0,0,0,0,True,True,False,24.167385709882325,-49.502805723221826,2.9606936441270286,4.063774340404504,0.0,0.0,0.022023947326564465,on,connected,True,synthetic_device_spec_v11
synthetic_customer_005,cabinet_005,2026-08-23 04:00:00+00:00,0,0,0,0,True,True,False,23.888306818051856,-49.84545011883554,3.0301258089832355,3.9936192447597003,0.20036204931625326,0.0,0.0,on,connected,True,synthetic_device_spec_v11
synthetic_customer_005,cabinet_005,2026-08-23 04:10:00+00:00,0,0,0,0,True,True,False,24.050212973308117,-47.72735545478256,2.9621675920074577,4.014269478951511,0.0,0.007548875092097319,0.01332924783327266,on,connected,True,synthetic_device_spec_v11
synthetic_customer_005,cabinet_005,2026-08-23 04:20:00+00:00,0,0,0,0,True,True,False,24.184840344879138,-46.18649942386744,3.044290389452229,3.98284122526641,0.0,0.0,0.0,on,connected,True,synthetic_device_spec_v11
synthetic_customer_005,cabinet_005,2026-08-23 04:30:00+00:00,0,0,0,0,True,True,False,24.064027284141762,-45.32210223480772,2.975077708982824,3.955729769764885,0.46824681173827803,0.03664236428764596,0.0,on,connected,True,synthetic_device_spec_v11
synthetic_customer_005,cabinet_005,2026-08-23 04:40:00+00:00,0,0,0,0,True,True,False,24.110306038012283,-47.58662095823462,2.9685434520012453,4.093985167493126,0.8058674152117237,0.020657172270711593,0.0,on,connected,True,synthetic_device_spec_v11
synthetic_customer_005,cabinet_005,2026-08-23 04:50:00+00:00,0,0,0,0,True,True,False,23.748466240959637,-47.86489714508033,3.0317558484864504,3.9973367985399517,0.0,0.0,0.0,on,connected,True,synthetic_device_spec_v11
synthetic_customer_005,cabinet_005,2026-08-23 05:00:00+00:00,0,0,0,0,True,True,False,24.085984754449523,-48.27407864183817,3.0221436641665775,3.991273246603135,0.28990922682002324,0.0,0.0,on,connected,True,synthetic_device_spec_v11
synthetic_customer_005,cabinet_005,2026-08-23 05:10:00+00:00,0,0,0,0,True,True,False,24.04502122297615,-47.551517267701904,3.0576648911703086,3.886241212217754,0.1891448264642926,0.0,0.0016146229943753067,on,connected,True,synthetic_device_spec_v11
synthetic_customer_005,cabinet_005,2026-08-23 05:20:00+00:00,0,0,0,0,True,True,False,24.031095181911645,-47.40758213139291,2.9863403123460603,4.074027175544276,0.0,0.0,0.0,on,connected,True,synthetic_device_spec_v11
synthetic_customer_005,cabinet_005,2026-08-23 05:30:00+00:00,0,0,0,0,True,True,False,23.960429140362045,-49.004232918450164,2.9584324130304043,3.98817767837143,0.42973510288530237,0.0,0.0,on,connected,True,synthetic_device_spec_v11
synthetic_customer_005,cabinet_005,2026-08-23 05:40:00+00:00,0,0,0,0,True,True,False,24.081564512975913,-47.34362584196149,2.947740190307591,3.950415167856119,0.575041204412573,0.03848215059763898,0.016284106095061233,on,connected,True,synthetic_device_spec_v11
synthetic_customer_005,cabinet_005,2026-08-23 05:50:00+00:00,0,0,0,0,True,True,False,24.158028408877616,-47.10792883784382,2.9521417508829386,4.009811001845736,0.0,0.0,0.0,on,connected,True,synthetic_device_spec_v11
synthetic_customer_005,cabinet_005,2026-08-23 06:00:00+00:00,0,0,0,0,True,True,False,23.77780857151488,-47.81489499874871,2.8811051801084693,3.910962065547558,0.21394060475428694,0.016861849971760986,0.0,on,connected,True,synthetic_device_spec_v11
synthetic_customer_005,cabinet_005,2026-08-23 06:10:00+00:00,1,1,1,1,True,True,False,23.982180434089507,-48.45126469124192,2.805056295795775,4.056301799290044,0.0,0.045577582379824545,0.0,on,connected,True,synthetic_device_spec_v11
synthetic_customer_005,cabinet_005,2026-08-23 06:20:00+00:00,1,1,1,1,True,True,False,24.291580640095674,-47.3172901550894,2.7737831902287056,3.947410313852076,0.0,0.0,0.0,on,connected,True,synthetic_device_spec_v11
synthetic_customer_005,cabinet_005,2026-08-23 06:30:00+00:00,1,1,1,1,True,True,False,23.924822960788894,-50.459935418574595,2.5542351386337296,4.037992474983618,0.24756348495997152,0.05563253996317709,0.0,on,connected,True,synthetic_device_spec_v11
synthetic_customer_005,cabinet_005,2026-08-23 06:40:00+00:00,0,0,0,0,True,True,False,24.080949407578768,-51.497395576422065,2.521282620643028,3.966938552274878,0.0,0.09919028731561927,0.02296425388430119,on,connected,True,synthetic_device_spec_v11
synthetic_customer_005,cabinet_005,2026-08-23 06:50:00+00:00,0,0,0,0,True,True,False,24.15176213858337,-54.232024322044815,2.336565819369071,4.036914920008314,0.0,0.14094253911646343,0.0,on,connected,True,synthetic_device_spec_v11
synthetic_customer_005,cabinet_005,2026-08-23 07:00:00+00:00,0,0,0,0,True,True,False,24.367836770283,-57.95494066308778,2.1725837389856633,4.008138678349692,0.4517895001324579,0.15161589862697591,0.025716892858858663,on,connected,True,synthetic_device_spec_v11
synthetic_customer_005,cabinet_005,2026-08-23 07:10:00+00:00,0,0,0,0,True,True,False,24.01035873059055,-59.24318218960033,2.0476630105077245,3.997934071953946,0.0,0.20107246002522935,0.0,on,connected,True,synthetic_device_spec_v11
synthetic_customer_005,cabinet_005,2026-08-23 07:20:00+00:00,0,0,0,0,True,True,False,23.98680671924922,-62.15911875838679,1.9038107560168729,3.9852476805405956,0.0,0.22837614684606847,0.0,on,connected,True,synthetic_device_spec_v11
synthetic_customer_005,cabinet_005,2026-08-23 07:30:00+00:00,0,0,0,0,True,True,False,23.88920746934917,-63.72320299716539,1.7155876244537054,3.9978589766980974,0.9759963076171312,0.28796655637978563,0.02918593573674641,on,connected,True,synthetic_device_spec_v11
synthetic_customer_005,cabinet_005,2026-08-23 07:40:00+00:00,0,0,0,0,True,True,False,23.71094474753066,-66.80472849962929,1.5170174120031057,4.043350245087439,0.44723882242391644,0.35551464086825585,0.009422220130413463,on,connected,True,synthetic_device_spec_v11
synthetic_customer_005,cabinet_005,2026-08-23 07:50:00+00:00,0,0,0,0,True,True,False,23.99078196746194,-71.40525943438837,1.374629708100599,3.9244131244853975,0.0728063223193817,0.34634551895056526,0.0,on,connected,True,synthetic_device_spec_v11
synthetic_customer_005,cabinet_005,2026-08-23 08:00:00+00:00,0,0,0,0,True,True,False,23.96973642939203,-71.60223595416126,1.1750434430496872,3.900724374845662,0.15720417430043354,0.44635281855281794,0.011403419299707694,on,connected,True,synthetic_device_spec_v11
synthetic_customer_005,cabinet_005,2026-08-23 08:10:00+00:00,0,0,0,0,True,True,False,24.034987494659312,-75.89331965687684,1.02986886455909,4.069178707710082,0.0,0.484734197827031,0.0,on,connected,True,synthetic_device_spec_v11
synthetic_customer_005,cabinet_005,2026-08-23 08:20:00+00:00,0,0,0,0,True,True,False,23.72974916952072,-76.09307930195118,0.8668635404806161,3.933380751895035,0.8424947246073813,0.4590808165117126,0.0,on,connected,True,synthetic_device_spec_v11
synthetic_customer_005,cabinet_005,2026-08-23 08:30:00+00:00,0,0,0,0,True,True,False,24.022204784645186,-80.00293260963204,0.6908879891867168,3.960707140029993,0.0,0.5284879735041167,0.0,on,connected,True,synthetic_device_spec_v11
synthetic_customer_005,cabinet_005,2026-08-23 08:40:00+00:00,0,0,0,0,True,True,False,23.977157783418633,-82.31586897729038,0.5906282307394616,4.042305149898902,0.3302103747267553,0.6006546082401355,0.0,on,connected,True,synthetic_device_spec_v11
synthetic_customer_005,cabinet_005,2026-08-23 08:50:00+00:00,0,0,0,0,True,True,False,24.08105706571291,-84.22231897050857,0.3918255007646204,3.9566905068724822,0.04647826523242734,0.635445901399585,0.0329563734861337,on,connected,True,synthetic_device_spec_v11
synthetic_customer_005,cabinet_005,2026-08-23 10:00:00+00:00,0,0,0,0,True,True,False,23.983135806272998,-48.87678807959765,3.0261513650856755,3.9710932852135215,0.0,0.0,0.0,on,connected,True,synthetic_device_spec_v11
synthetic_customer_005,cabinet_005,2026-08-23 10:10:00+00:00,0,0,0,0,True,True,False,23.99576623583185,-48.42432633796487,3.0387370092836794,4.004137154351912,0.0,0.08116842263020053,0.021497306612959056,on,connected,True,synthetic_device_spec_v11
synthetic_customer_005,cabinet_005,2026-08-23 10:20:00+00:00,0,0,0,0,True,True,False,23.679303408178157,-46.51401757026123,3.01197990314856,4.064343177226243,0.0,0.0,0.019865104818678737,on,connected,True,synthetic_device_spec_v11
synthetic_customer_005,cabinet_005,2026-08-23 10:30:00+00:00,0,0,0,0,True,True,False,23.95288813907907,-48.3612083469038,3.0493775546524016,4.007732747783148,0.0,0.0,0.0,on,connected,True,synthetic_device_spec_v11
synthetic_customer_005,cabinet_005,2026-08-23 10:40:00+00:00,0,0,0,0,True,True,False,24.047416477446802,-47.665712196280325,2.995274924053409,4.069742793920463,0.0,0.0,0.023462864619829733,on,connected,True,synthetic_device_spec_v11
synthetic_customer_005,cabinet_005,2026-08-23 10:50:00+00:00,0,0,0,0,True,True,False,24.06600896907168,-46.731871645532735,3.0013780706940048,3.8690261661382306,0.019392726430628168,0.0,0.0,on,connected,True,synthetic_device_spec_v11
synthetic_customer_005,cabinet_005,2026-08-23 11:00:00+00:00,0,0,0,0,True,True,False,24.056936880751994,-47.04176667759875,3.0077903014522276,4.064393114456718,0.0,0.0,0.030028324989245524,on,connected,True,synthetic_device_spec_v11
synthetic_customer_005,cabinet_005,2026-08-23 11:10:00+00:00,0,0,0,0,True,True,False,24.009139232753984,-48.38128885884772,2.944081440770956,3.9345091776036845,0.0,0.0,0.0,on,connected,True,synthetic_device_spec_v11
synthetic_customer_005,cabinet_005,2026-08-23 11:20:00+00:00,0,0,0,0,True,True,False,24.085910255614134,-46.54944477765808,2.9830692486988717,4.028029657451122,0.0,0.006385007300158812,0.0,on,connected,True,synthetic_device_spec_v11
synthetic_customer_005,cabinet_005,2026-08-23 11:30:00+00:00,0,0,0,0,True,True,False,23.940205192374584,-50.8493237418465,3.012026219482111,4.023505328806283,0.0,0.0,0.0,on,connected,True,synthetic_device_spec_v11
synthetic_customer_005,cabinet_005,2026-08-23 11:40:00+00:00,0,0,0,0,True,True,False,23.87858669497849,-47.26565913590838,3.0649841506759343,3.9834017964937267,0.0,0.0,0.030599718272096805,on,connected,True,synthetic_device_spec_v11
synthetic_customer_005,cabinet_005,2026-08-23 11:50:00+00:00,0,0,0,0,True,True,False,24.17106106659829,-48.337881275095164,3.081863137357447,3.9272176735361097,0.0,0.0,0.0,on,connected,True,synthetic_device_spec_v11
synthetic_customer_005,cabinet_005,2026-08-23 12:00:00+00:00,0,0,0,0,True,True,False,23.945993887623928,-49.168002180499954,3.031026109334993,3.9849710352935253,0.037386137844065345,0.015974759455253854,0.02743597870721863,on,connected,True,synthetic_device_spec_v11
synthetic_customer_005,cabinet_005,2026-08-23 12:10:00+00:00,1,1,1,1,True,True,False,24.029998382520485,-47.1556979944309,3.0495318707970602,4.050770577286582,0.0,0.019766705762519376,0.0,on,connected,True,synthetic_device_spec_v11
synthetic_customer_005,cabinet_005,2026-08-23 12:20:00+00:00,1,1,1,1,True,True,False,23.945713188362564,-46.46325034353876,3.0145442818170944,4.036992875678019,0.17719370632631468,0.0,0.022941673590172445,on,connected,True,synthetic_device_spec_v11
synthetic_customer_005,cabinet_005,2026-08-23 12:30:00+00:00,1,1,1,1,True,True,False,24.139155359336105,-47.10340349759242,3.0593535077321286,3.9126017206231385,0.13603758232499924,0.0010414330602338316,0.0,on,connected,True,synthetic_device_spec_v11
synthetic_customer_005,cabinet_005,2026-08-23 12:40:00+00:00,0,0,0,0,True,True,False,23.952097080665084,-50.16312508949982,2.999705313360895,4.037719008278735,0.028427649551102534,0.0,0.0015100514404796069,on,connected,True,synthetic_device_spec_v11
synthetic_customer_005,cabinet_005,2026-08-23 12:50:00+00:00,0,0,0,0,True,True,False,24.095905392316673,-46.001983757687796,3.0051954614881526,3.916563972185441,0.3944069736566246,0.02479613556227316,0.0,on,connected,True,synthetic_device_spec_v11
synthetic_customer_005,cabinet_005,2026-08-23 13:00:00+00:00,0,0,0,0,True,True,False,24.12194205451,-49.676893380796926,3.005430155271672,4.062563958704696,0.0,0.024401066061661505,0.0011408563469840001,on,connected,True,synthetic_device_spec_v11
synthetic_customer_005,cabinet_005,2026-08-23 13:10:00+00:00,0,0,0,0,True,True,False,23.81738992771921,-47.64619972554283,3.0288447443397475,3.994960870993503,0.0,0.0,0.0,on,connected,True,synthetic_device_spec_v11
synthetic_customer_005,cabinet_005,2026-08-23 13:20:00+00:00,0,0,0,0,True,True,False,23.92795527605507,-48.93759359519395,3.0363982240180105,3.9843667840558354,0.0,0.0,0.0,on,connected,True,synthetic_device_spec_v11
synthetic_customer_005,cabinet_005,2026-08-23 13:30:00+00:00,0,0,0,0,True,True,False,23.981525396890664,-47.31920439699516,3.007747843756892,3.9907487381226128,0.0,0.0,0.0,on,connected,True,synthetic_device_spec_v11
synthetic_customer_005,cabinet_005,2026-08-23 13:40:00+00:00,0,0,0,0,True,True,False,23.958949604510945,-46.17135362463466,3.011572140722084,4.003420012757792,0.0,0.05013885807863142,0.0,on,connected,True,synthetic_device_spec_v11
synthetic_customer_005,cabinet_005,2026-08-23 13:50:00+00:00,0,0,0,0,True,True,False,24.041658737810575,-48.503140518792506,3.0055633323924322,3.9679112896375015,0.8109282062150786,0.0,0.0,on,connected,True,synthetic_device_spec_v11
synthetic_customer_005,cabinet_005,2026-08-23 14:00:00+00:00,0,0,0,0,True,True,False,23.928109497184497,-47.67476478062429,2.9661478898300127,3.958790818680646,0.6760640619525528,0.0,0.005374847085421533,on,connected,True,synthetic_device_spec_v11
synthetic_customer_005,cabinet_005,2026-08-23 14:10:00+00:00,0,0,0,0,True,True,False,24.171249481993065,-47.797113796968716,3.0978321709043604,4.065404746247116,0.2923606137782918,0.0,0.011865611281080842,on,connected,True,synthetic_device_spec_v11
synthetic_customer_005,cabinet_005,2026-08-23 14:20:00+00:00,0,0,0,0,True,True,False,23.98102845446033,-48.38917960106319,2.9475313198779842,4.048011417870247,0.24075371104987675,0.0,0.0,on,connected,True,synthetic_device_spec_v11
synthetic_customer_005,cabinet_005,2026-08-23 14:30:00+00:00,0,0,0,0,True,True,False,23.965415099987943,-48.46486127346822,2.9719520720808585,4.104079050550014,0.8395997587160036,0.004009936984732532,0.01036890712132719,on,connected,True,synthetic_device_spec_v11
synthetic_customer_005,cabinet_005,2026-08-23 14:40:00+00:00,0,0,0,0,True,True,False,24.064322786378323,-48.75978782567641,3.0742930792810728,3.9556965752511903,0.0,0.007096015071619767,0.013764361213323383,on,connected,True,synthetic_device_spec_v11
synthetic_customer_005,cabinet_005,2026-08-23 14:50:00+00:00,0,0,0,0,True,True,False,24.171646808683004,-48.99713048106794,2.8895310840414385,3.9882632702813554,0.505500291388694,0.01551207189316603,0.006823381455838297,on,connected,True,synthetic_device_spec_v11
synthetic_customer_005,cabinet_005,2026-08-23 15:00:00+00:00,0,0,0,0,True,True,False,23.974860112728525,-48.4331258829417,2.90338949279182,3.938210747056448,0.0,0.014128379349219894,0.0,on,connected,True,synthetic_device_spec_v11
synthetic_customer_005,cabinet_005,2026-08-23 15:10:00+00:00,0,0,0,0,True,True,False,23.95048280955802,-48.73551084467529,3.0112640887540914,4.041022843049808,0.46870070579880374,0.009602979269860583,0.01706927637078795,on,connected,True,synthetic_device_spec_v11
synthetic_customer_005,cabinet_005,2026-08-23 15:20:00+00:00,0,0,0,0,True,True,False,23.75074426098473,-44.9499315319253,3.0220566513414227,4.040512718883045,0.0,0.0021841496943642968,0.0,on,connected,True,synthetic_device_spec_v11
synthetic_customer_005,cabinet_005,2026-08-23 15:30:00+00:00,0,0,0,0,True,True,False,23.557641547509643,-48.12117484696303,2.9656505491516927,4.1285909541977635,0.8033728725131909,0.0,0.0,on,connected,True,synthetic_device_spec_v11
synthetic_customer_005,cabinet_005,2026-08-23 15:40:00+00:00,0,0,0,0,True,True,False,23.38369102396646,-47.31254307858334,2.967491794427616,3.9572328380471586,0.0,0.0,0.023999266725797525,on,connected,True,synthetic_device_spec_v11
synthetic_customer_005,cabinet_005,2026-08-23 15:50:00+00:00,0,0,0,0,True,True,False,23.17705472240819,-48.40439330001828,2.9596445109796994,4.0955304661804846,0.0,0.021859539205924563,0.0,on,connected,True,synthetic_device_spec_v11
synthetic_customer_005,cabinet_005,2026-08-23 16:00:00+00:00,0,0,0,0,True,True,False,22.71466222999085,-50.014408369537556,2.95350661602111,4.193461141236668,0.7187282684273344,0.0,0.0,on,connected,True,synthetic_device_spec_v11
synthetic_customer_005,cabinet_005,2026-08-23 16:10:00+00:00,0,0,0,0,True,True,False,22.628562334920524,-48.55828363328242,2.9942209118648,4.037597765137062,0.0,0.006496877114802537,0.00037489914261919753,on,connected,True,synthetic_device_spec_v11
synthetic_customer_005,cabinet_005,2026-08-23 16:20:00+00:00,0,0,0,0,True,True,False,22.633616035492537,-47.424966384728585,3.071194298443329,3.9937789896811036,0.0,0.0,0.01253143576949049,on,connected,True,synthetic_device_spec_v11
synthetic_customer_005,cabinet_005,2026-08-23 16:30:00+00:00,0,0,0,0,True,True,False,21.997803436753138,-48.71927479651311,3.0612030505983916,3.9348666093633553,0.16685926070012425,0.04773859130965516,0.0,on,connected,True,synthetic_device_spec_v11
synthetic_customer_005,cabinet_005,2026-08-23 16:40:00+00:00,0,0,0,0,True,True,False,21.969243691343593,-47.95587925884764,2.9719209070601194,4.00271162535518,0.7159784812929925,0.025626153411545106,0.0037250775275601278,on,connected,True,synthetic_device_spec_v11
synthetic_customer_005,cabinet_005,2026-08-23 16:50:00+00:00,0,0,0,0,True,True,False,21.806665447688786,-48.483892544922725,3.0440753964148235,3.998969388198692,0.0,0.0,0.004771156776014354,on,connected,True,synthetic_device_spec_v11
synthetic_customer_005,cabinet_005,2026-08-23 17:00:00+00:00,0,0,0,0,True,True,False,21.73793882120821,-48.04065282739548,2.935005807620815,4.051097046297061,0.19676017058668885,0.0,0.0,on,connected,True,synthetic_device_spec_v11
synthetic_customer_005,cabinet_005,2026-08-23 17:10:00+00:00,0,0,0,0,True,True,False,21.231844299153085,-48.06628367636644,3.028299464283556,3.9545552079042157,0.0,0.018113460559113958,0.010606404399336732,on,connected,True,synthetic_device_spec_v11
synthetic_customer_005,cabinet_005,2026-08-23 17:20:00+00:00,0,0,0,0,True,True,False,20.766888615315963,-46.4677750664166,3.0003695034070295,4.057375513250928,0.0031026941373905226,0.019407858726425184,0.014685660163033602,on,connected,True,synthetic_device_spec_v11
synthetic_customer_005,cabinet_005,2026-08-23 17:30:00+00:00,0,0,0,0,True,True,False,20.258139956633876,-49.62535247583994,2.98050245662205,4.1053853176366,0.0983823439977709,0.0,0.0,on,connected,True,synthetic_device_spec_v11
synthetic_customer_005,cabinet_005,2026-08-23 17:40:00+00:00,0,0,0,0,True,True,False,20.236037646259067,-47.852915134730495,2.946359727397338,4.043737354208679,0.0,0.0,0.0,on,connected,True,synthetic_device_spec_v11
synthetic_customer_005,cabinet_005,2026-08-23 17:50:00+00:00,0,0,0,0,True,True,False,20.10154738487884,-49.870934367017185,2.898237392142279,4.015450858841642,0.04481310840714125,0.0026773681785593824,0.0,on,connected,True,synthetic_device_spec_v11
synthetic_customer_005,cabinet_005,2026-08-23 18:00:00+00:00,0,0,0,0,True,True,False,19.922336478741816,-48.18464181660588,2.9984088566581035,4.118990017188145,0.0,0.024805965336149205,0.036743877835084454,on,connected,True,synthetic_device_spec_v11
synthetic_customer_005,cabinet_005,2026-08-23 18:10:00+00:00,1,1,1,1,True,True,False,19.460841003971765,-46.99783073781199,2.9682856506699533,4.015752498394201,0.0,0.0,0.0,on,connected,True,synthetic_device_spec_v11
synthetic_customer_005,cabinet_005,2026-08-23 18:20:00+00:00,1,1,1,1,True,True,False,19.137585610654185,-46.46904642649255,3.0599277375370697,4.033339896200759,0.727893099645628,0.015009453732924172,0.03542915817516809,on,connected,True,synthetic_device_spec_v11
synthetic_customer_005,cabinet_005,2026-08-23 18:30:00+00:00,1,1,1,1,True,True,False,18.753377124958707,-46.98521342774049,3.0058229945228816,4.037837274197999,0.6023234982612461,0.013333247455274254,0.02286331369461832,on,connected,True,synthetic_device_spec_v11
synthetic_customer_005,cabinet_005,2026-08-23 18:40:00+00:00,0,0,0,0,True,True,False,18.62747954127557,-47.69454455153761,2.985080627419354,3.919180767881399,0.0,0.0,0.010392861327432036,on,connected,True,synthetic_device_spec_v11
synthetic_customer_005,cabinet_005,2026-08-23 19:40:00+00:00,0,0,0,0,True,True,False,24.04444337684241,-47.39670635091224,2.965541893152909,3.9830579386641505,0.1493924235344383,0.044435240932889024,0.012791727173925913,on,connected,True,synthetic_device_spec_v11
synthetic_customer_005,cabinet_005,2026-08-23 19:50:00+00:00,0,0,0,0,True,True,False,23.94996676225421,-46.95714258306433,2.990087159800511,3.981366020186271,0.0,0.00373839090858996,0.00432683439409107,on,connected,True,synthetic_device_spec_v11
synthetic_customer_005,cabinet_005,2026-08-23 20:00:00+00:00,0,0,0,0,True,True,False,23.86375870654057,-48.10511974020707,2.916962503801135,4.122739950479069,0.0,0.006047142324539719,0.0,on,connected,True,synthetic_device_spec_v11
synthetic_customer_005,cabinet_005,2026-08-23 20:10:00+00:00,0,0,0,0,True,True,False,23.933305642235965,-48.773792586770405,3.030218530709777,3.952254193542011,0.0,0.0,0.00716253111438132,on,connected,True,synthetic_device_spec_v11
synthetic_customer_005,cabinet_005,2026-08-23 20:20:00+00:00,0,0,0,0,True,True,False,23.855690258072414,-48.44364461930008,3.0080365979546255,4.005416876765684,0.0,0.0,0.0,on,connected,True,synthetic_device_spec_v11
synthetic_customer_005,cabinet_005,2026-08-23 20:30:00+00:00,0,0,0,0,True,True,False,24.16056743381581,-46.52386842925958,3.0467224826727075,3.906811160382619,0.0,0.007917102809806268,0.027040691294315015,on,connected,True,synthetic_device_spec_v11
synthetic_customer_005,cabinet_005,2026-08-23 20:40:00+00:00,0,0,0,0,True,True,False,24.005634360936813,-47.42618516806601,3.022928719832457,3.98567642434487,0.1977752050004537,0.00957858560309097,0.016235499842707234,on,connected,True,synthetic_device_spec_v11
synthetic_customer_005,cabinet_005,2026-08-23 20:50:00+00:00,0,0,0,0,True,True,False,23.62283185613526,-47.18113392628691,3.0145868638447504,3.9457897458068416,0.0,0.0,0.009009017725838923,on,connected,True,synthetic_device_spec_v11
synthetic_customer_005,cabinet_005,2026-08-23 21:00:00+00:00,0,0,0,0,True,True,False,23.974844072522238,-49.102059943707985,2.9760642121004897,3.92101458299917,0.0,0.0,0.0,on,connected,True,synthetic_device_spec_v11
synthetic_customer_005,cabinet_005,2026-08-23 21:10:00+00:00,0,0,0,0,True,True,False,24.05213094300819,-48.64862419236184,3.0205937835676955,4.054891769138488,0.0,0.0,0.011259665557178148,on,connected,True,synthetic_device_spec_v11
synthetic_customer_005,cabinet_005,2026-08-23 21:20:00+00:00,0,0,0,0,True,True,False,24.011353923951347,-46.27626705254172,2.9859789633549862,4.012309844440237,0.0,0.0,0.026903421669086814,on,connected,True,synthetic_device_spec_v11
synthetic_customer_005,cabinet_005,2026-08-23 21:30:00+00:00,0,0,0,0,True,True,False,24.17351319224003,-49.48004592410196,2.9526622536438123,3.9966884018620723,1.1541416836477039,0.0,0.0,on,connected,True,synthetic_device_spec_v11
synthetic_customer_005,cabinet_005,2026-08-23 21:40:00+00:00,0,0,0,0,True,True,False,24.13578175680442,-48.58340370902209,2.947676495351797,4.058792318399298,0.5607987410756713,0.0,0.0,on,connected,True,synthetic_device_spec_v11
synthetic_customer_005,cabinet_005,2026-08-23 21:50:00+00:00,0,0,0,0,True,True,False,23.84851581790788,-48.57576421698936,2.9972525612998036,4.015704750402477,0.0,0.012835503696335833,0.01162094667654993,on,connected,True,synthetic_device_spec_v11
synthetic_customer_005,cabinet_005,2026-08-23 22:00:00+00:00,0,0,0,0,True,True,False,23.855600276284434,-48.657903036796455,3.025614699019794,4.045160968299054,0.0,0.03758136794695485,0.0,on,connected,True,synthetic_device_spec_v11
synthetic_customer_005,cabinet_005,2026-08-23 22:10:00+00:00,0,0,0,0,True,True,False,24.267362627842505,-49.84192606557508,3.0399800220923603,4.011244293650686,0.682449066318708,0.009714939922704259,0.0,on,connected,True,synthetic_device_spec_v11
synthetic_customer_005,cabinet_005,2026-08-23 22:20:00+00:00,0,0,0,0,True,True,False,23.746762581176327,-48.00901928662821,3.0570323130520185,4.043221862849144,0.0,0.0,0.0,on,connected,True,synthetic_device_spec_v11
synthetic_customer_005,cabinet_005,2026-08-23 22:30:00+00:00,0,0,0,0,True,True,False,23.94047711799894,-49.11275396492943,2.9376636635819433,4.044133915114785,0.0,0.008854007937599658,0.0,on,connected,True,synthetic_device_spec_v11
synthetic_customer_005,cabinet_005,2026-08-23 22:40:00+00:00,0,0,0,0,True,True,False,23.964417734372596,-47.02083106184682,3.0340484027067194,4.018500994922586,0.0,0.0,0.024622578291039206,on,connected,True,synthetic_device_spec_v11
synthetic_customer_005,cabinet_005,2026-08-23 22:50:00+00:00,0,0,0,0,True,True,False,23.987057947318362,-48.79520573984247,3.03981011074696,3.930528067639335,0.0,0.0020391687499241146,0.0,on,connected,True,synthetic_device_spec_v11
synthetic_customer_005,cabinet_005,2026-08-23 23:00:00+00:00,0,0,0,0,True,True,False,24.051111732584562,-47.88776508214072,3.0183382898535713,4.05372146739968,0.0,0.0,0.017328598704052747,on,connected,True,synthetic_device_spec_v11
synthetic_customer_005,cabinet_005,2026-08-23 23:10:00+00:00,0,0,0,0,True,True,False,23.837861235867532,-48.021601997064664,2.978081234289037,4.064311786355265,0.09063890726111239,0.02508607725104124,0.0007394220044164282,on,connected,True,synthetic_device_spec_v11
synthetic_customer_005,cabinet_005,2026-08-23 23:20:00+00:00,0,0,0,0,True,True,False,24.222644100556828,-46.25486533579109,2.943518888475916,4.122343316763778,0.0,0.0,0.013458213805398831,on,connected,True,synthetic_device_spec_v11
synthetic_customer_005,cabinet_005,2026-08-23 23:30:00+00:00,0,0,0,0,True,True,False,24.0684702622878,-48.39344706890414,2.982757311257936,4.472859032439053,0.0,0.00735219164291632,0.03939411933616959,on,connected,True,synthetic_device_spec_v11
synthetic_customer_005,cabinet_005,2026-08-23 23:40:00+00:00,0,0,0,0,True,True,False,23.880702820156394,-48.42418125875746,3.023559397068489,4.564013128427897,0.0,0.01499738716667324,0.09128372517306123,on,connected,True,synthetic_device_spec_v11
synthetic_customer_005,cabinet_005,2026-08-23 23:50:00+00:00,0,0,0,0,True,True,False,24.02234661409829,-47.95241072342454,3.017432508912733,4.824564172645214,0.0,0.0,0.11500054390981787,on,connected,True,synthetic_device_spec_v11
synthetic_customer_005,cabinet_005,2026-08-24 00:00:00+00:00,0,0,0,0,True,True,False,23.872211063336387,-45.99105892032395,2.9960356690229535,5.104850617069227,0.0,0.031787518484649765,0.13399575064827035,on,connected,True,synthetic_device_spec_v11
synthetic_customer_005,cabinet_005,2026-08-24 00:10:00+00:00,1,1,1,1,True,True,False,23.853375468757125,-46.08000182518243,2.9847053575804976,5.370177017748832,0.0,0.0,0.17586221871950528,on,connected,True,synthetic_device_spec_v11
synthetic_customer_005,cabinet_005,2026-08-24 00:20:00+00:00,1,1,1,1,True,True,False,23.733704674761697,-47.553264391675256,3.0290941296806744,5.651684287108747,0.0,0.046714806669928416,0.2193849543472372,on,connected,True,synthetic_device_spec_v11
synthetic_customer_005,cabinet_005,2026-08-24 00:30:00+00:00,1,1,1,1,True,True,False,24.087705518367912,-47.090961309643625,2.994601905769078,5.816808367666562,0.6725952319783287,0.0,0.24471764302945914,on,connected,True,synthetic_device_spec_v11
synthetic_customer_005,cabinet_005,2026-08-24 00:40:00+00:00,0,0,0,0,True,True,False,23.97591242683616,-46.98709969699077,3.029895729201692,6.028514493598195,0.0,0.0,0.287840312031766,on,connected,True,synthetic_device_spec_v11
synthetic_customer_005,cabinet_005,2026-08-24 00:50:00+00:00,0,0,0,0,True,True,False,23.953915286927526,-50.495374547979786,3.0682140451354276,6.299462203552439,0.6431670062269663,0.0,0.3042685560295552,on,connected,True,synthetic_device_spec_v11
synthetic_customer_005,cabinet_005,2026-08-24 01:00:00+00:00,0,0,0,0,True,True,False,24.018097328838394,-49.90461296610396,2.964685532043741,6.544520892319534,0.1041195828035383,0.0,0.3214338332470892,on,connected,True,synthetic_device_spec_v11
synthetic_customer_005,cabinet_005,2026-08-24 01:10:00+00:00,0,0,0,0,True,True,False,23.751821387268855,-47.919962051519846,2.9259135342618356,6.784819527903843,0.275747758357826,0.0,0.3953980474972348,on,connected,True,synthetic_device_spec_v11
synthetic_customer_005,cabinet_005,2026-08-24 01:20:00+00:00,0,0,0,0,True,True,False,23.941923693219085,-47.96569416107154,2.9999212800560517,6.997613445119742,0.0,0.0041191317996269695,0.4316120434689381,on,connected,True,synthetic_device_spec_v11
synthetic_customer_005,cabinet_005,2026-08-24 01:30:00+00:00,0,0,0,0,True,True,False,24.123210049650474,-49.18482273539836,2.999722876347341,6.9720547757963045,0.017663797097860038,0.0,0.4304445521669797,on,connected,True,synthetic_device_spec_v11
synthetic_customer_005,cabinet_005,2026-08-24 01:40:00+00:00,0,0,0,0,True,True,False,24.03152899856087,-49.89313622137319,3.0258579561430063,7.086738138619526,0.0,0.0020907498994968752,0.3963752452224782,on,connected,True,synthetic_device_spec_v11
synthetic_customer_005,cabinet_005,2026-08-24 01:50:00+00:00,0,0,0,0,True,True,False,24.185297826763904,-47.65186945794178,2.940125735676192,6.985138917211136,0.0,0.0,0.3674326107386411,on,connected,True,synthetic_device_spec_v11
synthetic_customer_005,cabinet_005,2026-08-24 02:00:00+00:00,0,0,0,0,True,True,False,23.976350998384888,-48.653897135017424,2.9726551659376943,7.044658727608932,0.0,0.0,0.3876594075504852,on,connected,True,synthetic_device_spec_v11
synthetic_customer_005,cabinet_005,2026-08-24 02:10:00+00:00,0,0,0,0,True,True,False,23.95625631163459,-47.92509356470386,2.9215521832357205,6.916700597829316,0.0,0.0015507592552710258,0.3595663508762662,on,connected,True,synthetic_device_spec_v11
synthetic_customer_005,cabinet_005,2026-08-24 02:20:00+00:00,0,0,0,0,True,True,False,23.81823319863757,-48.55538686483082,3.0924422195965446,7.002203957930458,0.0,0.0,0.39797948444814,on,connected,True,synthetic_device_spec_v11
synthetic_customer_005,cabinet_005,2026-08-24 02:30:00+00:00,0,0,0,0,True,True,False,24.259060798162263,-47.282741059100516,3.0195891341141747,7.039324522427505,0.0,0.011972736608644001,0.4021153815476879,on,connected,True,synthetic_device_spec_v11
synthetic_customer_005,cabinet_005,2026-08-24 02:40:00+00:00,0,0,0,0,True,True,False,23.921721086529697,-48.045888903652724,3.027814456631594,6.957482240867856,0.5097897511243912,0.0,0.38004741633849604,on,connected,True,synthetic_device_spec_v11
synthetic_customer_005,cabinet_005,2026-08-24 02:50:00+00:00,0,0,0,0,True,True,False,23.950218296730032,-47.58553241970055,2.9523887609933968,3.9454124430731046,0.2024205391154347,0.0,0.0,on,connected,True,synthetic_device_spec_v11
synthetic_customer_005,cabinet_005,2026-08-24 03:00:00+00:00,0,0,0,0,True,True,False,23.91565511651971,-48.22657912820506,3.0477740708316277,4.020811652369867,0.03658372324304066,0.0,0.0,on,connected,True,synthetic_device_spec_v11
synthetic_customer_005,cabinet_005,2026-08-24 03:10:00+00:00,0,0,0,0,True,True,False,23.87742464068224,-47.63250791427861,2.976257701918328,4.055912361552949,0.22580639773716038,0.0,0.017276994384745958,on,connected,True,synthetic_device_spec_v11
synthetic_customer_005,cabinet_005,2026-08-24 03:20:00+00:00,0,0,0,0,True,True,False,23.78523815346775,-47.930483630069546,3.005613377814274,3.8846784142358293,0.04402429024172037,0.0,0.0,on,connected,True,synthetic_device_spec_v11
synthetic_customer_005,cabinet_005,2026-08-24 03:30:00+00:00,0,0,0,0,True,True,False,24.1188804822525,-47.75966521461605,3.011140160412163,3.943923630150826,0.6345639127435867,0.0,0.007085499524637177,on,connected,True,synthetic_device_spec_v11
synthetic_customer_005,cabinet_005,2026-08-24 03:40:00+00:00,0,0,0,0,True,True,False,23.973527216463168,-47.956331491477236,2.9987667581386637,4.084229688281204,0.768734582508452,0.017874693095946966,0.0,on,connected,True,synthetic_device_spec_v11
synthetic_customer_005,cabinet_005,2026-08-24 03:50:00+00:00,0,0,0,0,True,True,False,23.99125327717321,-48.65604169174268,2.991061334299326,4.073192540129453,0.8475158437048269,0.0,0.03917991583546025,on,connected,True,synthetic_device_spec_v11
synthetic_customer_005,cabinet_005,2026-08-24 04:00:00+00:00,0,0,0,0,True,True,False,23.80791925800672,-46.214333004972495,2.9458690817228526,4.054760457565577,2.837155988128536,0.0,0.0,on,connected,True,synthetic_device_spec_v11
synthetic_customer_005,cabinet_005,2026-08-24 04:10:00+00:00,0,0,0,0,True,True,False,24.14008172104476,-48.28028377540261,2.9741868961647095,3.9448319373218,3.528365162241836,0.026993900382151395,0.014594309137157563,on,connected,True,synthetic_device_spec_v11
synthetic_customer_005,cabinet_005,2026-08-24 04:20:00+00:00,0,0,0,0,True,True,False,24.086266782786698,-48.32654034997171,2.983419611679727,3.992392230317773,6.804616848761578,0.0,0.0,on,connected,True,synthetic_device_spec_v11
synthetic_customer_005,cabinet_005,2026-08-24 04:30:00+00:00,0,0,0,0,True,True,False,24.071888399096018,-47.23397025753914,3.033301574360274,3.9844596481166987,8.442304222973034,0.0,0.020436640149298926,on,connected,True,synthetic_device_spec_v11
synthetic_customer_005,cabinet_005,2026-08-24 04:40:00+00:00,0,0,0,0,True,True,False,23.776227222389313,-47.84007674759562,3.1071795212339666,4.153486036322517,10.170154247891695,0.044069934680537104,0.010700817821845994,on,connected,True,synthetic_device_spec_v11
synthetic_customer_005,cabinet_005,2026-08-24 04:50:00+00:00,0,0,0,0,True,True,False,23.946475190609082,-47.494051313062826,3.01824526864111,4.048223103207792,11.395745329040828,0.05561648486178923,0.0,on,connected,True,synthetic_device_spec_v11
synthetic_customer_005,cabinet_005,2026-08-24 05:00:00+00:00,0,0,0,0,True,True,False,24.150943924983544,-49.56750776601794,2.964097638913226,3.942014553655802,13.498028511578402,0.02633025979536782,0.022372147940436578,on,connected,True,synthetic_device_spec_v11
synthetic_customer_005,cabinet_005,2026-08-24 05:10:00+00:00,0,0,0,0,True,True,False,24.10416433176455,-47.19991570964149,3.0087948898090757,4.0254229121972065,14.990861120237634,0.017193260529906305,0.0,on,connected,True,synthetic_device_spec_v11
synthetic_customer_005,cabinet_005,2026-08-24 05:20:00+00:00,0,0,0,0,True,True,False,23.993739070660272,-47.07123215164295,3.031537625403088,4.056761411589637,16.47989995327374,0.0,0.0,on,connected,True,synthetic_device_spec_v11
synthetic_customer_005,cabinet_005,2026-08-24 05:30:00+00:00,0,0,0,0,True,True,False,24.04508619363488,-46.79384686731686,3.0619175934780842,4.003835241641402,18.06790879652341,0.0,0.0,on,connected,True,synthetic_device_spec_v11
synthetic_customer_005,cabinet_005,2026-08-24 05:40:00+00:00,0,0,0,0,True,True,False,24.019750349786392,-47.693730037741474,3.019539522822553,4.045435752540455,19.943427635595917,0.0,0.010481253350119298,on,connected,True,synthetic_device_spec_v11
synthetic_customer_005,cabinet_005,2026-08-24 05:50:00+00:00,0,0,0,0,True,True,False,24.188978043672744,-47.840166824274554,3.0502658623048866,4.101115096412468,22.66529734067859,0.0,0.02193103227818004,on,connected,True,synthetic_device_spec_v11
synthetic_customer_005,cabinet_005,2026-08-24 06:00:00+00:00,0,0,0,0,True,True,False,24.055027417347517,-47.463056423692244,2.9200319563327866,4.043718204216791,23.767506824974802,0.049782049457617945,0.013301318951769526,on,connected,True,synthetic_device_spec_v11
synthetic_customer_005,cabinet_005,2026-08-24 06:10:00+00:00,1,1,1,1,True,True,False,24.08474810972692,-49.250421078230076,2.9955434931472325,4.081745233599298,25.216672782835143,0.04390882146953901,0.011093258236354136,on,connected,True,synthetic_device_spec_v11
synthetic_customer_005,cabinet_005,2026-08-24 06:20:00+00:00,1,1,1,1,True,True,False,24.151593137527094,-47.383775976966255,3.0580495498740126,4.003404133070072,24.896265038944016,0.0,0.0,on,connected,True,synthetic_device_spec_v11
synthetic_customer_005,cabinet_005,2026-08-24 06:30:00+00:00,1,1,1,1,True,True,False,23.755779434015714,-47.30426800542768,3.0527583992612173,3.943392624950228,25.15325527743187,0.018225755247692058,0.013018475332544372,on,connected,True,synthetic_device_spec_v11
synthetic_customer_005,cabinet_005,2026-08-24 06:40:00+00:00,0,0,0,0,True,True,False,24.299731778330994,-47.71116895965516,2.99862187967871,3.9345478244305356,25.274303953816517,0.0,0.0,on,connected,True,synthetic_device_spec_v11
synthetic_customer_005,cabinet_005,2026-08-24 06:50:00+00:00,0,0,0,0,True,True,False,24.033284422674413,-48.22409756078627,2.9711676026378293,3.954283555483323,24.49461336917161,0.0,0.0015816415077360099,on,connected,True,synthetic_device_spec_v11
synthetic_customer_005,cabinet_005,2026-08-24 07:00:00+00:00,0,0,0,0,True,True,False,24.103263063315946,-48.72576904196554,2.9481847790727853,3.9839941105438625,24.996667419033784,0.0009499780167479525,0.0,on,connected,True,synthetic_device_spec_v11
synthetic_customer_005,cabinet_005,2026-08-24 07:10:00+00:00,0,0,0,0,True,True,False,24.152513006657532,-47.411221016250096,2.9914704141410047,3.9358297496294914,25.152196352722292,0.03745793984642092,0.015111310584867883,on,connected,True,synthetic_device_spec_v11
synthetic_customer_005,cabinet_005,2026-08-24 07:20:00+00:00,0,0,0,0,True,True,False,23.847472313948572,-49.236736031615784,3.0702583208806313,4.039686843486608,24.959408362050144,0.0,0.0,on,connected,True,synthetic_device_spec_v11
synthetic_customer_005,cabinet_005,2026-08-24 07:30:00+00:00,0,0,0,0,True,True,False,24.24900421153187,-47.699643814186686,3.010097185270254,4.012821891066879,24.49160477359873,0.0,0.0,on,connected,True,synthetic_device_spec_v11
synthetic_customer_005,cabinet_005,2026-08-24 07:40:00+00:00,0,0,0,0,True,True,False,23.99792163359943,-48.64612468319497,3.0705425061388327,4.069795502295752,1.2182834184575828,0.0,0.0,on,connected,True,synthetic_device_spec_v11
synthetic_customer_005,cabinet_005,2026-08-24 07:50:00+00:00,0,0,0,0,True,True,False,23.902487043556512,-47.76169704684484,2.9772040845552747,4.008184951217823,0.0,0.0,0.022214879868064048,on,connected,True,synthetic_device_spec_v11
synthetic_customer_005,cabinet_005,2026-08-24 08:00:00+00:00,0,0,0,0,True,True,False,23.905662222956153,-48.78110483384383,2.933794604075101,3.885569724174923,0.0,0.0,0.0,on,connected,True,synthetic_device_spec_v11
synthetic_customer_005,cabinet_005,2026-08-24 08:10:00+00:00,0,0,0,0,True,True,False,24.02926114961163,-47.15206758558374,3.0258067715909625,4.035802378623503,0.04282804642173525,0.025990287533845274,0.0,on,connected,True,synthetic_device_spec_v11
synthetic_customer_005,cabinet_005,2026-08-24 08:20:00+00:00,0,0,0,0,True,True,False,24.097800933683708,-47.831029911186654,2.97564986564335,3.9890203436455205,0.6304632255738427,0.0,0.0,on,connected,True,synthetic_device_spec_v11
synthetic_customer_005,cabinet_005,2026-08-24 08:30:00+00:00,0,0,0,0,True,True,False,24.052356365223797,-48.222581536375465,3.014577710120361,4.019484801098347,0.0,0.0,0.0,on,connected,True,synthetic_device_spec_v11
synthetic_customer_005,cabinet_005,2026-08-24 08:40:00+00:00,0,0,0,0,True,True,False,24.0885277250484,-49.4372800094906,3.025702816416851,4.03738217308054,0.11939859014586184,0.0,0.029404860835404847,on,connected,True,synthetic_device_spec_v11
synthetic_customer_005,cabinet_005,2026-08-24 08:50:00+00:00,0,0,0,0,True,True,False,24.282099144080455,-46.34439567378118,2.9855285301654604,3.948496672677927,0.12708411756848997,0.0,0.0009008821039367998,on,connected,True,synthetic_device_spec_v11
synthetic_customer_005,cabinet_005,2026-08-24 09:00:00+00:00,0,0,0,0,True,True,False,24.018153945869155,-46.360544122565756,2.948928762376731,3.903715391074008,0.035802071444908073,0.0,0.0,on,connected,True,synthetic_device_spec_v11
synthetic_customer_005,cabinet_005,2026-08-24 09:10:00+00:00,0,0,0,0,True,True,False,24.070330410902105,-47.91308620873294,3.051955651016753,3.965832756284132,0.0,0.017130214562350365,0.028375070974172828,on,connected,True,synthetic_device_spec_v11
synthetic_customer_005,cabinet_005,2026-08-24 09:20:00+00:00,0,0,0,0,True,True,False,23.825780015901934,-49.16495861360803,2.950309515080063,3.9816016337937596,0.0,0.019787979303210686,0.020920049949711566,on,connected,True,synthetic_device_spec_v11
synthetic_customer_005,cabinet_005,2026-08-24 09:30:00+00:00,0,0,0,0,True,True,False,24.066578041539326,-46.41967967539085,2.9428611521537396,4.087511186441871,0.7843669869357184,0.010356083933714547,0.0,on,connected,True,synthetic_device_spec_v11
synthetic_customer_005,cabinet_005,2026-08-24 09:40:00+00:00,0,0,0,0,True,True,False,23.666504956596047,-47.88254752208716,2.988214025013251,3.9892914770296866,0.4578021610778411,0.0,0.028167229038015468,on,connected,True,synthetic_device_spec_v11
synthetic_customer_005,cabinet_005,2026-08-24 09:50:00+00:00,0,0,0,0,True,True,False,23.89166412133028,-47.785294224804495,3.063465494496601,3.9665146318484865,0.0,0.010629432977415348,0.0070121018796010515,on,connected,True,synthetic_device_spec_v11
synthetic_customer_005,cabinet_005,2026-08-24 10:00:00+00:00,0,0,0,0,True,True,False,23.934590484367924,-49.81333272657755,2.970823931569346,4.047435260297089,0.06861395300484815,0.0,0.0,on,connected,True,synthetic_device_spec_v11
synthetic_customer_005,cabinet_005,2026-08-24 10:10:00+00:00,0,0,0,0,True,True,False,23.806746992383314,-48.64491470290387,3.007964382576806,4.079444757584399,0.9623038731330151,0.02565746539213767,0.0,on,connected,True,synthetic_device_spec_v11
synthetic_customer_005,cabinet_005,2026-08-24 10:20:00+00:00,0,0,0,0,True,True,False,23.886783048474655,-49.584881928811534,2.9696044254199268,4.033936275487578,0.11731254429894875,0.024632184161984316,0.01674264940966182,on,connected,True,synthetic_device_spec_v11
synthetic_customer_005,cabinet_005,2026-08-24 10:30:00+00:00,0,0,0,0,True,True,False,24.03659493077848,-49.94408979446704,2.973760756654981,4.021902751422197,0.0,0.009731267891933508,0.0,on,connected,True,synthetic_device_spec_v11
synthetic_customer_005,cabinet_005,2026-08-24 10:40:00+00:00,0,0,0,0,True,True,False,23.973842978963226,-48.7989265615318,3.0516200943524816,4.080020148164178,0.00834560934693787,0.0,0.0,on,connected,True,synthetic_device_spec_v11
synthetic_customer_005,cabinet_005,2026-08-24 10:50:00+00:00,0,0,0,0,True,True,False,23.86265343641616,-49.02880094101044,3.017203172854573,3.9853831882588278,0.7345020376782847,0.0,0.0,on,connected,True,synthetic_device_spec_v11
synthetic_customer_005,cabinet_005,2026-08-24 11:00:00+00:00,0,0,0,0,True,True,False,23.989502072393293,-47.58728317585175,2.944531896484578,4.03473807603679,0.0,0.026042302778191213,0.027285355229215776,on,connected,True,synthetic_device_spec_v11
synthetic_customer_005,cabinet_005,2026-08-24 11:10:00+00:00,0,0,0,0,True,True,False,24.174633793225684,-47.21482939000889,2.9795194897856145,3.963080305877452,0.0,0.0,0.013689496628325032,on,connected,True,synthetic_device_spec_v11
synthetic_customer_005,cabinet_005,2026-08-24 11:20:00+00:00,0,0,0,0,True,True,False,24.068660274227813,-49.32514943202469,3.049643289986798,4.092904781699806,0.0,0.0,0.0,on,connected,True,synthetic_device_spec_v11
synthetic_customer_005,cabinet_005,2026-08-24 11:30:00+00:00,0,0,0,0,True,True,False,24.25007651864928,-47.615020333077965,3.065532366479537,4.024400051136118,0.4023602840618269,0.0,0.0,on,connected,True,synthetic_device_spec_v11
synthetic_customer_005,cabinet_005,2026-08-24 11:40:00+00:00,0,0,0,0,True,True,False,23.909425921505218,-47.75551685014425,2.9932298163903153,4.026878464536763,0.0,0.0,0.0,on,connected,True,synthetic_device_spec_v11
synthetic_customer_005,cabinet_005,2026-08-24 11:50:00+00:00,0,0,0,0,True,True,False,23.971830977291948,-48.111932277334866,3.0173000464004214,3.9380880267286242,0.0,0.0,0.006436139263522133,on,connected,True,synthetic_device_spec_v11
synthetic_customer_005,cabinet_005,2026-08-24 12:00:00+00:00,0,0,0,0,True,True,False,23.955154513653472,-47.50995214188834,3.0369570948285394,4.102532788368007,0.2792134267853442,0.034415701760727356,0.0,on,connected,True,synthetic_device_spec_v11
synthetic_customer_005,cabinet_005,2026-08-24 12:10:00+00:00,1,1,1,1,True,True,False,24.195237500951478,-47.81361497671797,3.009053874401305,4.060127883159529,0.0646981337564373,0.0,0.013237417494686524,on,connected,True,synthetic_device_spec_v11
synthetic_customer_005,cabinet_005,2026-08-24 12:20:00+00:00,1,1,1,1,True,True,False,24.087411383027327,-49.20219897599186,2.9905016033091067,3.9874065849277396,0.0,0.015198500375638073,0.013270579654053814,on,connected,True,synthetic_device_spec_v11
synthetic_customer_005,cabinet_005,2026-08-24 12:30:00+00:00,1,1,1,1,True,True,False,23.907905567662254,-46.78027661805734,3.0192019294226284,4.0516556077101304,0.01546206372956157,0.0026785164516558465,0.03341173459785753,on,connected,True,synthetic_device_spec_v11
synthetic_customer_005,cabinet_005,2026-08-24 12:40:00+00:00,0,0,0,0,True,True,False,24.256885286284476,-48.2788359231381,3.0624901652498577,4.109636825212214,0.540651273056068,0.036063065246857914,0.001204894708257381,on,connected,True,synthetic_device_spec_v11
synthetic_customer_005,cabinet_005,2026-08-24 12:50:00+00:00,0,0,0,0,True,True,False,24.04086672332023,-46.57941221143459,2.9775733433525375,4.0455370728060505,0.25949391285947465,0.0,0.03195169158725844,on,connected,True,synthetic_device_spec_v11
synthetic_customer_005,cabinet_005,2026-08-24 13:00:00+00:00,0,0,0,0,True,True,False,23.891429716079745,-46.06365106891684,2.929647641030951,3.9928958314779597,0.0,0.014420480010237638,0.0,on,connected,True,synthetic_device_spec_v11
synthetic_customer_005,cabinet_005,2026-08-24 13:10:00+00:00,0,0,0,0,True,True,False,24.16069258942653,-47.32763356936342,3.0592403514584765,4.0169817255336735,0.6609630234205388,0.0,0.0004999128212873384,on,connected,True,synthetic_device_spec_v11
synthetic_customer_005,cabinet_005,2026-08-24 13:20:00+00:00,0,0,0,0,True,True,False,23.865683050443614,-48.51409219263155,3.0237467188065286,4.054392191913419,0.0,0.0,0.027489413343377244,on,connected,True,synthetic_device_spec_v11
synthetic_customer_005,cabinet_005,2026-08-24 13:30:00+00:00,0,0,0,0,True,True,False,23.798012704589986,-47.58184030093406,2.945724948442195,4.094147692684396,0.0,0.04932070892441756,0.0,on,connected,True,synthetic_device_spec_v11
synthetic_customer_005,cabinet_005,2026-08-24 13:40:00+00:00,0,0,0,0,True,True,False,24.014245389769208,-49.19262271990601,3.0005960470124613,3.9268748141460055,0.898023132212786,0.0,0.00966072065246628,on,connected,True,synthetic_device_spec_v11
synthetic_customer_005,cabinet_005,2026-08-24 13:50:00+00:00,0,0,0,0,True,True,False,24.184059345611104,-48.16561906759621,3.014557290085764,3.98041265789376,0.0,0.0,0.0,on,connected,True,synthetic_device_spec_v11
synthetic_customer_005,cabinet_005,2026-08-24 14:00:00+00:00,0,0,0,0,True,True,False,23.91733032876544,-48.400665188485576,2.9806579521635594,4.073130393312662,1.1332399913119737,0.0,0.015213005224335878,on,connected,True,synthetic_device_spec_v11
synthetic_customer_005,cabinet_005,2026-08-24 14:10:00+00:00,0,0,0,0,True,True,False,23.999933762968706,-49.07967612073227,2.989154157510842,4.049759292616399,0.0,0.0,0.0,on,connected,True,synthetic_device_spec_v11
synthetic_customer_005,cabinet_005,2026-08-24 14:20:00+00:00,0,0,0,0,True,True,False,24.136040267030776,-48.35735799338581,3.0694196530794335,3.979368985158879,0.33041623809373694,0.0,0.0,on,connected,True,synthetic_device_spec_v11
synthetic_customer_005,cabinet_005,2026-08-24 14:30:00+00:00,0,0,0,0,True,True,False,23.71855885859901,-48.3823431433125,3.0041387332733485,4.0230893622090225,0.0,0.034458152917579025,0.0,on,connected,True,synthetic_device_spec_v11
synthetic_customer_005,cabinet_005,2026-08-24 14:40:00+00:00,0,0,0,0,True,True,False,23.89962761150771,-48.41239447467001,3.0535253184307227,4.015172391949169,0.0,0.01362940706932139,0.023031874546684514,on,connected,True,synthetic_device_spec_v11
synthetic_customer_005,cabinet_005,2026-08-24 14:50:00+00:00,0,0,0,0,True,True,False,23.898529409833344,-48.17360901979751,3.0455563676215784,4.063793238967426,0.2667033615638968,0.007625862232270498,0.0,on,connected,True,synthetic_device_spec_v11
synthetic_customer_005,cabinet_005,2026-08-24 15:00:00+00:00,0,0,0,0,True,True,False,24.187138879324593,-47.82304058586174,3.0142933443785656,3.9169451826487576,0.0,0.0,0.018291280622241786,on,connected,True,synthetic_device_spec_v11
synthetic_customer_005,cabinet_005,2026-08-24 15:10:00+00:00,0,0,0,0,True,True,False,23.82265375204051,-49.07327403603847,2.993661631317287,4.142219112621261,0.10867900834055473,0.0014439038999994628,0.0,on,connected,True,synthetic_device_spec_v11
synthetic_customer_005,cabinet_005,2026-08-24 15:20:00+00:00,0,0,0,0,True,True,False,24.093525446158143,-48.847976002227526,2.9910643970924586,3.949807566284356,0.0,0.01027884829253596,0.018292971522820518,on,connected,True,synthetic_device_spec_v11
synthetic_customer_005,cabinet_005,2026-08-24 15:30:00+00:00,0,0,0,0,True,True,False,24.096496449606985,-49.622988107098216,2.9325852746604233,4.014491535989722,0.6939210547533186,0.05404585537436044,0.00407787472352576,on,connected,True,synthetic_device_spec_v11
synthetic_customer_005,cabinet_005,2026-08-24 15:40:00+00:00,0,0,0,0,True,True,False,24.062772252907482,-46.705215037211914,2.95116643550713,3.9241697664946904,0.0,0.02182465594446199,0.0,on,connected,True,synthetic_device_spec_v11
synthetic_customer_005,cabinet_005,2026-08-24 15:50:00+00:00,0,0,0,0,True,True,False,24.179576432854084,-47.41456708668472,3.034724372742077,4.04277815580954,0.0,0.011907803742015544,0.013940826607024072,on,connected,True,synthetic_device_spec_v11
synthetic_customer_005,cabinet_005,2026-08-24 16:00:00+00:00,0,0,0,0,True,True,False,24.06765296371893,-47.439588488538796,3.003311324535943,4.05671825190157,0.0,0.00019658603091319687,0.025334109958262106,on,connected,True,synthetic_device_spec_v11
synthetic_customer_005,cabinet_005,2026-08-24 16:10:00+00:00,0,0,0,0,True,True,False,24.096937210199233,-47.81057518477186,3.0769369909192092,4.05116629663624,0.0,0.0,0.0,on,connected,True,synthetic_device_spec_v11
synthetic_customer_005,cabinet_005,2026-08-24 16:20:00+00:00,0,0,0,0,True,True,False,23.865084822297632,-48.69803182741623,3.010102080932825,4.04876530518625,0.0,0.0,0.004979757389922871,on,connected,True,synthetic_device_spec_v11
synthetic_customer_005,cabinet_005,2026-08-24 16:30:00+00:00,0,0,0,0,True,True,False,23.961272380301086,-48.59792379662319,3.028798702901737,3.95541764286315,0.0,0.0,0.019722087985449516,on,connected,True,synthetic_device_spec_v11
synthetic_customer_005,cabinet_005,2026-08-24 16:40:00+00:00,0,0,0,0,True,True,False,23.86459176475087,-48.70864432812279,3.0385933769164986,4.020278276290888,0.0,0.03532432637544916,0.0,on,connected,True,synthetic_device_spec_v11
synthetic_customer_005,cabinet_005,2026-08-24 16:50:00+00:00,0,0,0,0,True,True,False,23.885394916958706,-47.73262974956172,2.9682039577919275,3.9954675264554718,0.717090803341567,0.0,0.006311590232056073,on,connected,True,synthetic_device_spec_v11
synthetic_customer_005,cabinet_005,2026-08-24 17:00:00+00:00,0,0,0,0,True,True,False,23.86507926335961,-47.19920923749432,3.061609998483746,4.0575294154858685,0.07025318492532642,0.024444285779320774,0.0024015809707542742,on,connected,True,synthetic_device_spec_v11
synthetic_customer_005,cabinet_005,2026-08-24 17:10:00+00:00,0,0,0,0,True,True,False,23.989033051197232,-48.0701923474369,3.021341957060346,3.8590257022443906,1.3590417728796462,0.034221110044993244,0.0,on,connected,True,synthetic_device_spec_v11
synthetic_customer_005,cabinet_005,2026-08-24 17:20:00+00:00,0,0,0,0,True,True,False,24.025929778010774,-46.840723507627466,3.0123106511391446,4.054606115900542,0.4316707958002261,0.0,0.0,on,connected,True,synthetic_device_spec_v11
synthetic_customer_005,cabinet_005,2026-08-24 17:30:00+00:00,0,0,0,0,True,True,False,23.834272287002868,-49.003830121783636,2.9933878846910758,4.038589060057343,0.0,0.013608723091170309,0.0,on,connected,True,synthetic_device_spec_v11
synthetic_customer_005,cabinet_005,2026-08-24 17:40:00+00:00,0,0,0,0,True,True,False,23.833524662444308,-47.48965232876585,3.039527316747777,3.990418814605282,1.0994496134102347,0.0,0.0,on,connected,True,synthetic_device_spec_v11
synthetic_customer_005,cabinet_005,2026-08-24 17:50:00+00:00,0,0,0,0,True,True,False,24.089903594574665,-47.844494989896944,2.986225622943577,3.986306403584785,0.5023733946907106,0.0,0.0,on,connected,True,synthetic_device_spec_v11
synthetic_customer_005,cabinet_005,2026-08-24 18:00:00+00:00,0,0,0,0,True,True,False,24.084497469438556,-46.40517368300309,3.0163489169703257,4.04052629287846,0.6538354341904569,0.0,0.000797472284691537,on,connected,True,synthetic_device_spec_v11
synthetic_customer_005,cabinet_005,2026-08-24 18:10:00+00:00,1,1,1,1,True,True,False,23.832221466123297,-49.24885671275009,2.9757237626598654,3.9517096394757236,0.9231042769836546,0.013449775184628655,0.0,on,connected,True,synthetic_device_spec_v11
synthetic_customer_005,cabinet_005,2026-08-24 18:20:00+00:00,1,1,1,1,True,True,False,24.09119220179979,-49.62876631610131,2.9756201206078514,4.105916530856175,0.0,0.019878018194907515,0.011452061824977057,on,connected,True,synthetic_device_spec_v11
synthetic_customer_005,cabinet_005,2026-08-24 18:30:00+00:00,1,1,1,1,True,True,False,24.171291700110395,-51.492900993774654,2.996921871380325,3.9403078548666697,0.030633369773679527,0.07992360907472534,0.0,on,connected,True,synthetic_device_spec_v11
synthetic_customer_005,cabinet_005,2026-08-24 18:40:00+00:00,0,0,0,0,True,True,False,23.83932124038909,-51.68837898959515,2.956901829978078,4.006692122499857,0.0,0.09142291703403445,0.016987009625237606,on,connected,True,synthetic_device_spec_v11
synthetic_customer_005,cabinet_005,2026-08-24 18:50:00+00:00,0,0,0,0,True,True,False,23.870624544633056,-56.568471815986264,2.970157275586437,3.915477037763062,0.6353473812329493,0.19185240575569398,0.01298857428205193,on,connected,True,synthetic_device_spec_v11
synthetic_customer_005,cabinet_005,2026-08-24 19:00:00+00:00,0,0,0,0,True,True,False,23.84388834020678,-56.918797764557574,2.9863601652088096,3.8521329082738434,0.45244560218168234,0.12581287337329658,0.027417500910169226,on,connected,True,synthetic_device_spec_v11
synthetic_customer_005,cabinet_005,2026-08-24 19:10:00+00:00,0,0,0,0,True,True,False,24.048910718080364,-59.50203464838269,3.1125334195414127,3.9400400642462694,0.0,0.17227837195166798,0.0,on,connected,True,synthetic_device_spec_v11
synthetic_customer_005,cabinet_005,2026-08-24 19:20:00+00:00,0,0,0,0,True,True,False,24.106074591537272,-61.33790844754656,2.953299723642804,3.9679843688003165,0.0,0.26532664954426116,0.0,on,connected,True,synthetic_device_spec_v11
synthetic_customer_005,cabinet_005,2026-08-24 19:30:00+00:00,0,0,0,0,True,True,False,24.052709447232424,-65.07962071289889,2.9644314785255403,4.211381544756654,0.0704000713043943,0.26428282242764684,0.0,on,connected,True,synthetic_device_spec_v11
synthetic_customer_005,cabinet_005,2026-08-24 19:40:00+00:00,0,0,0,0,True,True,False,23.956471179481543,-64.69094049651937,2.9820761671281666,4.45720670386433,0.0,0.28699275463373786,0.05406786901777046,on,connected,True,synthetic_device_spec_v11
synthetic_customer_005,cabinet_005,2026-08-24 19:50:00+00:00,0,0,0,0,True,True,False,23.972220895255806,-69.37792643906955,2.9837210118833695,4.66054757577917,0.0,0.4144183649901599,0.08587807604417934,on,connected,True,synthetic_device_spec_v11
synthetic_customer_005,cabinet_005,2026-08-24 20:00:00+00:00,0,0,0,0,True,True,False,23.9326614209415,-68.81688611803946,2.9750939333945845,4.811921986228933,0.12355593017031341,0.38175046644532495,0.13756573994843785,on,connected,True,synthetic_device_spec_v11
synthetic_customer_005,cabinet_005,2026-08-24 20:10:00+00:00,0,0,0,0,True,True,False,24.04537120371469,-71.73684368032983,2.944620079238058,5.0810458071867455,0.01165413518584279,0.46695640149632195,0.12139103963355678,on,connected,True,synthetic_device_spec_v11
synthetic_customer_005,cabinet_005,2026-08-24 20:20:00+00:00,0,0,0,0,True,True,False,23.920109991862468,-73.97188071673942,2.9436229405509344,5.282591158935949,0.0,0.42448350190854706,0.19645357317399784,on,connected,True,synthetic_device_spec_v11
synthetic_customer_005,cabinet_005,2026-08-24 20:30:00+00:00,0,0,0,0,True,True,False,24.269724313495598,-74.84792853594614,2.948197762665663,5.565756211592508,0.49002165317389146,0.4953373355342633,0.243537014247152,on,connected,True,synthetic_device_spec_v11
synthetic_customer_005,cabinet_005,2026-08-24 20:40:00+00:00,0,0,0,0,True,True,False,24.004618572844038,-78.9504932743371,3.0188056595623025,5.772295544549099,0.0,0.5114543930450702,0.22520901954851974,on,connected,True,synthetic_device_spec_v11
synthetic_customer_005,cabinet_005,2026-08-24 20:50:00+00:00,0,0,0,0,True,True,False,24.11534559291032,-79.46305544555614,2.987290729144444,6.117383299147627,0.0,0.6307744407064025,0.25902143459475657,on,connected,True,synthetic_device_spec_v11
synthetic_customer_005,cabinet_005,2026-08-24 21:00:00+00:00,0,0,0,0,True,True,False,24.024682356518802,-80.41790394305033,2.987973761321724,6.272378181288539,0.0,0.6684535318245994,0.3155280402838419,on,connected,True,synthetic_device_spec_v11
synthetic_customer_005,cabinet_005,2026-08-24 21:10:00+00:00,0,0,0,0,True,True,False,23.954958330776925,-84.19677843696927,3.01041851001024,6.644804228226859,0.0,0.6468610110276296,0.3414761667610533,on,connected,True,synthetic_device_spec_v11
synthetic_customer_005,cabinet_005,2026-08-24 21:50:00+00:00,0,0,0,0,True,True,False,24.002958882038694,-48.884825887480076,2.946943876823834,6.969252052881969,0.0,0.0,0.3635765263307404,on,connected,True,synthetic_device_spec_v11
synthetic_customer_005,cabinet_005,2026-08-24 22:00:00+00:00,0,0,0,0,True,True,False,23.857257241049517,-46.848271060274385,2.891413009378876,7.0979522408068565,0.25033842700503234,0.0,0.44311045670858756,on,connected,True,synthetic_device_spec_v11
synthetic_customer_005,cabinet_005,2026-08-24 22:10:00+00:00,0,0,0,0,True,True,False,23.971424467043537,-48.328194200633014,2.7472996137616152,7.049860870140755,0.03647718872501887,0.00680106982073358,0.3936571176707476,on,connected,True,synthetic_device_spec_v11
synthetic_customer_005,cabinet_005,2026-08-24 22:20:00+00:00,0,0,0,0,True,True,False,24.243067116038738,-47.855442262827864,2.5450690824477356,6.980056715827108,0.0,0.0,0.37731811757643635,on,connected,True,synthetic_device_spec_v11
synthetic_customer_005,cabinet_005,2026-08-24 22:30:00+00:00,0,0,0,0,True,True,False,23.811424629058237,-49.02157458047906,2.457498514831689,7.088638637789893,0.3560721409886705,0.0,0.43213708472363427,on,connected,True,synthetic_device_spec_v11
synthetic_customer_005,cabinet_005,2026-08-24 22:40:00+00:00,0,0,0,0,True,True,False,24.221962050487807,-48.081246202904275,2.393484277952082,4.102372009402081,0.4484522752119843,0.0,0.0,on,connected,True,synthetic_device_spec_v11
synthetic_customer_005,cabinet_005,2026-08-24 22:50:00+00:00,0,0,0,0,True,True,False,24.050786613648647,-46.6108480853401,2.2709585409670003,3.888739369672577,0.0,0.018964576623335908,0.012367536099821764,on,connected,True,synthetic_device_spec_v11
synthetic_customer_005,cabinet_005,2026-08-24 23:00:00+00:00,0,0,0,0,True,True,False,24.040862135332333,-48.68738352536126,2.0616019609195453,4.0712317814142445,0.0,0.0,0.00476681815608296,on,connected,True,synthetic_device_spec_v11
synthetic_customer_005,cabinet_005,2026-08-24 23:10:00+00:00,0,0,0,0,True,True,False,23.97965851650048,-45.914402553584694,1.9737171625997139,4.142044961827217,0.15333780318462037,0.0,0.0,on,connected,True,synthetic_device_spec_v11
synthetic_customer_005,cabinet_005,2026-08-24 23:20:00+00:00,0,0,0,0,True,True,False,23.932932272559608,-47.403024743252736,1.8687868652868336,3.8711843317167025,0.7596020957522978,0.0,0.01276576885377392,on,connected,True,synthetic_device_spec_v11
synthetic_customer_005,cabinet_005,2026-08-24 23:30:00+00:00,0,0,0,0,True,True,False,23.80951353042352,-48.27386556186322,1.7412626290818813,4.073740429026914,0.23151166568211584,0.0,0.009478826007420142,on,connected,True,synthetic_device_spec_v11
synthetic_customer_005,cabinet_005,2026-08-24 23:40:00+00:00,0,0,0,0,True,True,False,24.048829755566064,-49.551542181585475,1.5711335274069094,3.9839592823179912,0.0,0.05950951023752337,0.0,on,connected,True,synthetic_device_spec_v11
synthetic_customer_005,cabinet_005,2026-08-24 23:50:00+00:00,0,0,0,0,True,True,False,23.970321633732926,-46.912164727791485,1.42463880761147,4.075659841681243,0.09349222582099462,0.0,0.0,on,connected,True,synthetic_device_spec_v11
synthetic_customer_005,cabinet_005,2026-08-25 00:00:00+00:00,0,0,0,0,True,True,False,23.81745845525202,-49.39980817243425,1.2830323378939033,4.025329001950151,0.4173885372032237,0.02613441339221344,0.005782792121007675,on,connected,True,synthetic_device_spec_v11
synthetic_customer_005,cabinet_005,2026-08-25 00:10:00+00:00,1,1,1,1,True,True,False,24.245944420588767,-48.03353640647516,1.20552162077327,4.111114370616913,0.3340699880761081,0.0,0.0,on,connected,True,synthetic_device_spec_v11
synthetic_customer_005,cabinet_005,2026-08-25 00:20:00+00:00,1,1,1,1,True,True,False,24.13221745092131,-46.07699484630866,1.0568162433068518,3.9363212013301725,0.0,0.00323819205230467,0.0,on,connected,True,synthetic_device_spec_v11
synthetic_customer_005,cabinet_005,2026-08-25 00:30:00+00:00,1,1,1,0,True,True,False,23.788274041942927,-49.098525936373484,0.9862453084474367,3.9370971954315928,0.41940860698048854,0.0,0.0,on,connected,True,synthetic_device_spec_v11
synthetic_customer_005,cabinet_005,2026-08-25 00:40:00+00:00,0,0,0,0,True,True,False,24.105252400999046,-48.44012060133677,1.0455853141036993,4.088902156085888,0.5966374188514078,0.009260252418781376,0.02704841869777641,on,connected,True,synthetic_device_spec_v11
synthetic_customer_005,cabinet_005,2026-08-25 00:50:00+00:00,0,0,0,0,True,True,False,24.013771248617726,-48.35894867782702,0.9582292655255571,3.991387856044369,0.16789336447963768,0.025867467975970185,0.03988367758369605,on,connected,True,synthetic_device_spec_v11
synthetic_customer_005,cabinet_005,2026-08-25 01:00:00+00:00,0,0,0,0,True,True,False,23.994413027519293,-49.241942279316014,0.9939639889229197,3.885073029453328,0.0,0.03564129774329461,0.016252788395024458,on,connected,True,synthetic_device_spec_v11
synthetic_customer_005,cabinet_005,2026-08-25 01:10:00+00:00,0,0,0,0,True,True,False,24.027915480526175,-49.327423317845046,1.0191641671239153,4.050011667828001,0.01639984147548754,0.0,0.004262973747667316,on,connected,True,synthetic_device_spec_v11
synthetic_customer_005,cabinet_005,2026-08-25 01:20:00+00:00,0,0,0,0,True,True,False,24.07195768487494,-49.11093349036022,0.9965087712759385,3.9527663032091565,0.28077405609080297,0.0063138875122820464,0.013914674539051904,on,connected,True,synthetic_device_spec_v11
synthetic_customer_005,cabinet_005,2026-08-25 01:30:00+00:00,0,0,0,0,True,True,False,24.045733276596003,-47.65990106406898,2.8955428300632042,4.049920606563672,0.1674774669608181,0.05165097636174523,0.0,on,connected,True,synthetic_device_spec_v11
synthetic_customer_005,cabinet_005,2026-08-25 01:40:00+00:00,0,0,0,0,True,True,False,23.921495242902928,-49.20069806192488,2.8829036624149267,4.071754255193539,0.3490832469976753,0.0,0.0,on,connected,True,synthetic_device_spec_v11
synthetic_customer_005,cabinet_005,2026-08-25 01:50:00+00:00,0,0,0,0,True,True,False,24.015636681114362,-48.26446731304419,2.8019224695874683,3.9564634247894817,0.847166798503704,0.011985251035925768,0.007593514575918621,on,connected,True,synthetic_device_spec_v11
synthetic_customer_005,cabinet_005,2026-08-25 02:00:00+00:00,0,0,0,0,True,True,False,23.95511441503643,-46.23130497308435,2.794370857740926,3.9796176547624937,0.04840584773519268,0.0,0.0,on,connected,True,synthetic_device_spec_v11
synthetic_customer_005,cabinet_005,2026-08-25 02:10:00+00:00,0,0,0,0,True,True,False,23.99145931601745,-46.775490216051395,2.727891272879527,4.043801297756563,0.0,0.006760275524341653,0.0,on,connected,True,synthetic_device_spec_v11
synthetic_customer_005,cabinet_005,2026-08-25 02:20:00+00:00,0,0,0,0,True,True,False,24.079266930893464,-45.07556697784469,2.6860713655421686,3.932789638145087,0.0,0.03151985080939875,0.0,on,connected,True,synthetic_device_spec_v11
synthetic_customer_005,cabinet_005,2026-08-25 02:30:00+00:00,0,0,0,0,True,True,False,24.112094893176348,-47.610873403745934,2.596141195926413,4.079143703327766,0.0,0.0,0.0076548511624289425,on,connected,True,synthetic_device_spec_v11
synthetic_customer_005,cabinet_005,2026-08-25 02:40:00+00:00,0,0,0,0,True,True,False,23.860839308546375,-48.59538391769576,2.580014926442236,3.9710221398670913,0.0,0.01881430220684261,0.007481590048614663,on,connected,True,synthetic_device_spec_v11
synthetic_customer_005,cabinet_005,2026-08-25 02:50:00+00:00,0,0,0,0,True,True,False,23.783156418067176,-49.15352837653447,2.5374440274972416,3.932651529886677,0.0,0.04898465923207312,0.018202751677443535,on,connected,True,synthetic_device_spec_v11
synthetic_customer_005,cabinet_005,2026-08-25 03:00:00+00:00,0,0,0,0,True,True,False,24.039299048956767,-48.16689696842039,2.476492068846696,4.115115029640177,0.0,0.022658202516410788,0.0016400730163781327,on,connected,True,synthetic_device_spec_v11
synthetic_customer_005,cabinet_005,2026-08-25 03:10:00+00:00,0,0,0,0,True,True,False,24.20775717748166,-46.61270291870327,2.3952405924703646,3.954224765501653,0.0,0.0,0.0,on,connected,True,synthetic_device_spec_v11
synthetic_customer_005,cabinet_005,2026-08-25 03:20:00+00:00,0,0,0,0,True,True,False,23.78554055194517,-49.32379225859655,2.238993307867478,4.011544776421858,0.05366562737626167,0.0,0.003203742306408121,on,connected,True,synthetic_device_spec_v11
synthetic_customer_005,cabinet_005,2026-08-25 03:30:00+00:00,0,0,0,0,True,True,False,24.141999494955837,-47.74312519177213,2.2916213710069844,3.984625898113492,0.06893578519814511,0.00846760690995725,0.0,on,connected,True,synthetic_device_spec_v11
synthetic_customer_005,cabinet_005,2026-08-25 03:40:00+00:00,0,0,0,0,True,True,False,23.76178907346699,-46.43377652528012,2.258567219337532,3.983205297334648,0.0,0.009416765637274402,0.0,on,connected,True,synthetic_device_spec_v11
synthetic_customer_005,cabinet_005,2026-08-25 03:50:00+00:00,0,0,0,0,True,True,False,23.914981217215658,-49.03923395516434,2.165902325054139,4.022440889873139,0.7091518461572187,0.03047887880293427,0.0,on,connected,True,synthetic_device_spec_v11
synthetic_customer_005,cabinet_005,2026-08-25 04:00:00+00:00,0,0,0,0,True,True,False,23.826837631019743,-47.436957138338656,2.1484785820889574,3.9765091564076247,0.38717971229978554,0.0,0.0025804475314113377,on,connected,True,synthetic_device_spec_v11
synthetic_customer_005,cabinet_005,2026-08-25 04:10:00+00:00,0,0,0,0,True,True,False,24.011131538486115,-50.19477546632936,2.198573896048402,4.004661459745913,0.4315910775362073,0.030338365693010606,0.00960985946919798,on,connected,True,synthetic_device_spec_v11
synthetic_customer_005,cabinet_005,2026-08-25 04:20:00+00:00,0,0,0,0,True,True,False,23.896960108424167,-45.858568643897556,2.1841080540791045,4.088724721458884,1.0463717869274896,0.0,0.00021839121956587413,on,connected,True,synthetic_device_spec_v11
synthetic_customer_005,cabinet_005,2026-08-25 04:30:00+00:00,0,0,0,0,True,True,False,24.00792041129342,-49.408214301419,2.148224126769796,3.9445422286530962,0.6753282346558066,0.0,0.0,on,connected,True,synthetic_device_spec_v11
synthetic_customer_005,cabinet_005,2026-08-25 04:40:00+00:00,0,0,0,0,True,True,False,23.89683985217917,-47.56769140035378,2.183491339365144,4.060246892716622,0.43072719459863634,0.017353483042797293,0.0,on,connected,True,synthetic_device_spec_v11
synthetic_customer_005,cabinet_005,2026-08-25 04:50:00+00:00,0,0,0,0,True,True,False,24.163250764996235,-48.648358723247874,2.175483001962345,3.9961494754198035,0.5218989698733225,0.0,0.0,on,connected,True,synthetic_device_spec_v11
synthetic_customer_005,cabinet_005,2026-08-25 05:00:00+00:00,0,0,0,0,True,True,False,24.05683473319246,-47.94623843573396,3.089011733938209,4.017653946126177,0.0,0.04782751096133916,0.0,on,connected,True,synthetic_device_spec_v11
synthetic_customer_005,cabinet_005,2026-08-25 05:10:00+00:00,0,0,0,0,True,True,False,23.944984136513735,-49.67314728479804,3.0323959385117205,3.9758283129564806,0.2383314303740371,0.0,0.026039336998696,on,connected,True,synthetic_device_spec_v11
synthetic_customer_005,cabinet_005,2026-08-25 05:20:00+00:00,0,0,0,0,True,True,False,23.96588212004414,-49.66634591085883,2.9952513624925827,3.944668967948397,0.0,0.02954406907637231,0.0,on,connected,True,synthetic_device_spec_v11
synthetic_customer_005,cabinet_005,2026-08-25 05:30:00+00:00,0,0,0,0,True,True,False,24.011446523107836,-48.41871565090465,3.0087879655323007,4.068864990967973,0.6011522155625295,0.0,0.0,on,connected,True,synthetic_device_spec_v11
synthetic_customer_005,cabinet_005,2026-08-25 05:40:00+00:00,0,0,0,0,True,True,False,23.877993005991893,-46.02511585662438,3.0257161957147076,3.974908441554742,0.0,0.016200315192253952,0.0,on,connected,True,synthetic_device_spec_v11
synthetic_customer_005,cabinet_005,2026-08-25 05:50:00+00:00,0,0,0,0,True,True,False,24.07127090353791,-48.54055776588859,2.9559661160934265,3.9572949293109576,0.08574088519976507,0.003035349249256917,0.0062610779913835155,on,connected,True,synthetic_device_spec_v11
synthetic_customer_005,cabinet_005,2026-08-25 06:00:00+00:00,0,0,0,0,True,True,False,24.102176295519246,-46.906625302639696,3.065239439708323,3.9586312742715433,0.4177010497740741,0.0,0.0,on,connected,True,synthetic_device_spec_v11
synthetic_customer_005,cabinet_005,2026-08-25 06:10:00+00:00,1,1,1,1,True,True,False,24.062038703688557,-48.556105391440916,3.0458670794030898,3.967721588281231,0.0,0.0,0.007546621717008029,on,connected,True,synthetic_device_spec_v11
synthetic_customer_005,cabinet_005,2026-08-25 06:20:00+00:00,1,1,1,1,True,True,False,23.83355850296715,-47.270177565326385,3.0008563569965614,4.13997594024261,0.0,0.0,0.0,on,connected,True,synthetic_device_spec_v11
synthetic_customer_005,cabinet_005,2026-08-25 06:30:00+00:00,1,1,1,1,True,True,False,24.102752673187585,-46.943727610148194,3.07037547530285,4.0198250802796345,0.4342067437839084,0.0,0.015223977821269148,on,connected,True,synthetic_device_spec_v11
synthetic_customer_005,cabinet_005,2026-08-25 06:40:00+00:00,0,0,0,0,True,True,False,24.18830658889039,-49.081445011276834,3.0302406526337724,4.028682917732776,0.11035813532571338,0.0,0.012029079775079339,on,connected,True,synthetic_device_spec_v11
synthetic_customer_005,cabinet_005,2026-08-25 06:50:00+00:00,0,0,0,0,True,True,False,23.988160095283078,-48.11815327708583,2.958832852443302,3.990896755125057,0.0,0.0,0.0,on,connected,True,synthetic_device_spec_v11
synthetic_customer_005,cabinet_005,2026-08-25 07:00:00+00:00,0,0,0,0,True,True,False,23.95685330318912,-49.28946387481932,3.0127563361518312,3.9235871493981858,0.0545043566089009,0.0,0.0,on,connected,True,synthetic_device_spec_v11
synthetic_customer_005,cabinet_005,2026-08-25 07:10:00+00:00,0,0,0,0,True,True,False,23.79746680035542,-49.085594034271566,2.9912957508908216,4.1168122733334,0.0,0.0,0.0,on,connected,True,synthetic_device_spec_v11
synthetic_customer_005,cabinet_005,2026-08-25 07:20:00+00:00,0,0,0,0,True,True,False,24.06902167230084,-49.67362480645723,3.0299236646993752,4.019900318688531,0.0,0.013806438137942674,0.0,on,connected,True,synthetic_device_spec_v11
synthetic_customer_005,cabinet_005,2026-08-25 07:30:00+00:00,0,0,0,0,True,True,False,23.963154190786057,-47.934657909096,3.0360785746012797,4.020266539294609,0.3041240909488624,0.0,0.0,on,connected,True,synthetic_device_spec_v11
synthetic_customer_005,cabinet_005,2026-08-25 07:40:00+00:00,0,0,0,0,True,True,False,24.002260529636597,-47.917164336869426,2.9819672875738807,4.022077635446377,0.0,0.0,0.0,on,connected,True,synthetic_device_spec_v11
synthetic_customer_005,cabinet_005,2026-08-25 07:50:00+00:00,0,0,0,0,True,True,False,23.92503142474839,-48.962291391875034,2.9792374838402242,3.9304465732368072,0.0,0.0,0.0,on,connected,True,synthetic_device_spec_v11
synthetic_customer_005,cabinet_005,2026-08-25 08:00:00+00:00,0,0,0,0,True,True,False,23.98737595654612,-48.627406986814954,3.045009166204015,4.055748087612701,0.0,0.040427844386807264,0.004644106265680713,on,connected,True,synthetic_device_spec_v11
synthetic_customer_005,cabinet_005,2026-08-25 08:10:00+00:00,0,0,0,0,True,True,False,24.086890292974864,-48.13514438616274,3.059204846662092,4.038254686237558,0.0,0.0,0.0,on,connected,True,synthetic_device_spec_v11
synthetic_customer_005,cabinet_005,2026-08-25 08:20:00+00:00,0,0,0,0,True,True,False,24.361150991340782,-47.05069372240709,2.9902032662204747,3.949506638911905,0.5103129122283901,0.016020269085315328,0.01474336628571276,on,connected,True,synthetic_device_spec_v11
synthetic_customer_005,cabinet_005,2026-08-25 08:30:00+00:00,0,0,0,0,True,True,False,24.07651201816735,-46.52314571328883,3.029411379194233,3.9592467616516838,0.0,0.010604252110963568,0.0445159762695586,on,connected,True,synthetic_device_spec_v11
synthetic_customer_005,cabinet_005,2026-08-25 08:40:00+00:00,0,0,0,0,True,True,False,23.924844825408556,-46.93276681827718,3.082548393604158,3.9297448715941976,0.0,0.0,0.0066721087372845315,on,connected,True,synthetic_device_spec_v11
synthetic_customer_005,cabinet_005,2026-08-25 08:50:00+00:00,0,0,0,0,True,True,False,24.128253585611567,-44.91608664264558,2.960779028906631,4.014835506039279,0.2963118433266829,0.013055403388551351,0.0,on,connected,True,synthetic_device_spec_v11
synthetic_customer_005,cabinet_005,2026-08-25 09:00:00+00:00,0,0,0,0,True,True,False,23.942485435878332,-48.75769685370871,3.012338295737892,3.9477337023843773,0.0,0.0,0.0,on,connected,True,synthetic_device_spec_v11
synthetic_customer_005,cabinet_005,2026-08-25 09:10:00+00:00,0,0,0,0,True,True,False,24.0623483586942,-46.75743480517567,2.9959926407212856,3.996195574109154,0.0,0.0,0.0,on,connected,True,synthetic_device_spec_v11
synthetic_customer_005,cabinet_005,2026-08-25 09:20:00+00:00,0,0,0,0,True,True,False,23.983475069648886,-48.644220647990295,3.0337713518094294,4.047847179849598,0.28100460747473566,0.04263355860775119,0.0,on,connected,True,synthetic_device_spec_v11
synthetic_customer_005,cabinet_005,2026-08-25 09:30:00+00:00,0,0,0,0,True,True,False,24.098125063999667,-46.54522871468893,2.972631840651478,4.028946400492288,1.1372558171676734,0.0,0.0,on,connected,True,synthetic_device_spec_v11
synthetic_customer_005,cabinet_005,2026-08-25 09:40:00+00:00,0,0,0,0,True,True,False,24.06985674130783,-46.371798674376464,2.98581729453815,4.017665550118955,0.6731096770341732,0.032642915740661325,0.00028120955354051365,on,connected,True,synthetic_device_spec_v11
synthetic_customer_005,cabinet_005,2026-08-25 09:50:00+00:00,0,0,0,0,True,True,False,23.95440887076114,-49.240462840994105,2.9961030162214857,4.013129896365222,0.0,0.007144299297338708,0.00026360540799578617,on,connected,True,synthetic_device_spec_v11
synthetic_customer_005,cabinet_005,2026-08-25 10:00:00+00:00,0,0,0,0,True,True,False,24.347968678216724,-48.45530375685214,2.9818634091459035,3.9650307939503366,0.03869766707638872,0.016416233326462134,0.0,on,connected,True,synthetic_device_spec_v11
synthetic_customer_005,cabinet_005,2026-08-25 10:10:00+00:00,0,0,0,0,True,True,False,23.902124026641825,-48.30171228208604,2.953392105112919,4.015924880251543,0.0,0.008156158411044877,0.0038410665879157354,on,connected,True,synthetic_device_spec_v11
synthetic_customer_005,cabinet_005,2026-08-25 10:20:00+00:00,0,0,0,0,True,True,False,24.058976868385628,-48.82045699045354,3.092751180482415,4.050249608786631,0.07629680178386962,0.0,0.017273400877096973,on,connected,True,synthetic_device_spec_v11
synthetic_customer_005,cabinet_005,2026-08-25 10:30:00+00:00,0,0,0,0,True,True,False,23.766624234496295,-47.70316510615347,2.999985682099358,3.9841452222142775,0.0,0.0,0.0035253781649031224,on,connected,True,synthetic_device_spec_v11
synthetic_customer_005,cabinet_005,2026-08-25 10:40:00+00:00,0,0,0,0,True,True,False,23.533612882628947,-47.604573123024224,3.071423730626851,4.064655463619317,0.0,0.018861681602125202,0.02473682423817823,on,connected,True,synthetic_device_spec_v11
synthetic_customer_005,cabinet_005,2026-08-25 10:50:00+00:00,0,0,0,0,True,True,False,23.12525651959682,-48.399162629152585,2.967759288913892,3.9333832887686704,0.1305049638216368,0.0,0.0,on,connected,True,synthetic_device_spec_v11
synthetic_customer_005,cabinet_005,2026-08-25 11:00:00+00:00,0,0,0,0,True,True,False,22.717978920054733,-48.94875367713423,2.9986530938088456,3.958086224995317,0.31062134327499386,0.015117287407249193,0.0,on,connected,True,synthetic_device_spec_v11
synthetic_customer_005,cabinet_005,2026-08-25 11:10:00+00:00,0,0,0,0,True,True,False,22.673711184608592,-47.479987396298704,3.0268624574973026,4.057470475503679,0.0,0.0,0.0,on,connected,True,synthetic_device_spec_v11
synthetic_customer_005,cabinet_005,2026-08-25 11:20:00+00:00,0,0,0,0,True,True,False,22.38353210471102,-48.263240021670825,3.0209867446624736,4.0356582626872815,0.5928662551136137,0.0,0.0,on,connected,True,synthetic_device_spec_v11
synthetic_customer_005,cabinet_005,2026-08-25 11:30:00+00:00,0,0,0,0,True,True,False,22.231571667084296,-48.38812776679441,2.996688604020265,3.889730983762557,0.0,0.0,0.0,on,connected,True,synthetic_device_spec_v11
synthetic_customer_005,cabinet_005,2026-08-25 11:40:00+00:00,0,0,0,0,True,True,False,21.827103536296946,-47.65079104180155,2.98476451500535,3.937423251156311,0.18028474408612852,0.024013873359877244,0.0,on,connected,True,synthetic_device_spec_v11
synthetic_customer_005,cabinet_005,2026-08-25 11:50:00+00:00,0,0,0,0,True,True,False,20.91073500356476,-48.73499403105598,3.0245744630865454,3.9400726311910805,0.0,0.0,0.0,on,connected,True,synthetic_device_spec_v11
synthetic_customer_005,cabinet_005,2026-08-25 12:00:00+00:00,0,0,0,0,True,True,False,20.992801555569898,-47.82354761717666,2.9961944207804936,4.097354250663809,0.0,0.0,0.00325464503544782,on,connected,True,synthetic_device_spec_v11
synthetic_customer_005,cabinet_005,2026-08-25 12:10:00+00:00,1,1,1,1,True,True,False,20.869390163268918,-46.94089135691033,3.0142576001010597,3.8920701873605443,0.0,0.0,0.0,on,connected,True,synthetic_device_spec_v11
synthetic_customer_005,cabinet_005,2026-08-25 12:20:00+00:00,1,1,1,1,True,True,False,20.48325538861788,-48.62573845543523,3.063731150413193,3.9160654341273027,0.6357697506665192,0.039619593017607174,0.02611110161269362,on,connected,True,synthetic_device_spec_v11
synthetic_customer_005,cabinet_005,2026-08-25 12:30:00+00:00,1,1,1,1,True,True,False,20.021500509597445,-48.90301716391332,3.0028939319993024,4.025113774793308,0.0,0.028720914970894053,0.0,on,connected,True,synthetic_device_spec_v11
synthetic_customer_005,cabinet_005,2026-08-25 12:40:00+00:00,0,0,0,0,True,True,False,19.815789458563234,-49.29229903020982,2.942653264261616,3.929404545091891,0.2475620048799251,0.011899571821527627,0.0,on,connected,True,synthetic_device_spec_v11
synthetic_customer_005,cabinet_005,2026-08-25 12:50:00+00:00,0,0,0,0,True,True,False,19.798914208967094,-48.21706183525633,2.999698133487933,3.881123334734156,0.10058511838299564,0.021244453732605386,0.0,on,connected,True,synthetic_device_spec_v11
synthetic_customer_005,cabinet_005,2026-08-25 13:00:00+00:00,0,0,0,0,True,True,False,19.324068471281063,-48.99659091588075,2.9457607704612676,4.083362760419627,0.341258000710281,0.0,0.0,on,connected,True,synthetic_device_spec_v11
synthetic_customer_005,cabinet_005,2026-08-25 13:10:00+00:00,0,0,0,0,True,True,False,19.043147836144758,-47.676520773097465,3.054723987362978,4.057936873275432,0.0,0.0,0.0,on,connected,True,synthetic_device_spec_v11
synthetic_customer_005,cabinet_005,2026-08-25 13:20:00+00:00,0,0,0,0,True,True,False,18.670581721525075,-46.5899673785306,2.9928451850752182,3.9369607651999634,0.0,0.001082355088760104,0.032355261221807576,on,connected,True,synthetic_device_spec_v11
synthetic_customer_005,cabinet_005,2026-08-25 14:10:00+00:00,0,0,0,0,True,True,False,23.85755720591002,-49.32155588069169,3.008620923940234,3.9967373528501833,0.0,0.02571973817756575,0.0,on,connected,True,synthetic_device_spec_v11
synthetic_customer_005,cabinet_005,2026-08-25 14:20:00+00:00,0,0,0,0,True,True,False,24.12214424844094,-48.976185156112074,2.9851788869480416,3.9350617051823065,0.11735489767168956,0.0,0.01777438648877451,on,connected,True,synthetic_device_spec_v11
synthetic_customer_005,cabinet_005,2026-08-25 14:30:00+00:00,0,0,0,0,True,True,False,24.060911096026484,-46.8163082590155,3.0469064937659813,3.927426228031792,0.0,0.0,0.01646764576190627,on,connected,True,synthetic_device_spec_v11
synthetic_customer_005,cabinet_005,2026-08-25 14:40:00+00:00,0,0,0,0,True,True,False,23.987899823648878,-47.16857140284595,2.990921254456777,4.033330477707443,0.0,0.0006146234506042405,0.0002925090094116892,on,connected,True,synthetic_device_spec_v11
synthetic_customer_005,cabinet_005,2026-08-25 14:50:00+00:00,0,0,0,0,True,True,False,23.85783853895035,-48.26853248825856,2.9720455496667846,3.97340021927148,0.0,0.04454940295250187,0.0,on,connected,True,synthetic_device_spec_v11
synthetic_customer_005,cabinet_005,2026-08-25 15:00:00+00:00,0,0,0,0,True,True,False,23.995533913739788,-47.53221551155123,3.0243775782730338,3.9553812778494692,0.0,0.0,0.0,on,connected,True,synthetic_device_spec_v11
synthetic_customer_005,cabinet_005,2026-08-25 15:10:00+00:00,0,0,0,0,True,True,False,23.937218433597586,-49.28089757677819,2.9728545270058757,4.019335233599145,0.0,0.01123234226264107,0.006318495335352661,on,connected,True,synthetic_device_spec_v11
synthetic_customer_005,cabinet_005,2026-08-25 15:20:00+00:00,0,0,0,0,True,True,False,24.04125148592038,-47.6745264978367,3.0524586639317284,3.982016539635633,0.5004116170439404,0.0,0.0,on,connected,True,synthetic_device_spec_v11
synthetic_customer_005,cabinet_005,2026-08-25 15:30:00+00:00,0,0,0,0,True,True,False,23.878826182949812,-46.518840845058335,3.082056106917895,4.003111486250023,0.07908064168398644,0.005158524321434835,0.007905975889936584,on,connected,True,synthetic_device_spec_v11
synthetic_customer_005,cabinet_005,2026-08-25 15:40:00+00:00,0,0,0,0,True,True,False,24.08249840085398,-47.00294848572988,3.016409851857319,4.037288502049751,0.005261576880875735,0.04305662539171548,0.0,on,connected,True,synthetic_device_spec_v11
synthetic_customer_005,cabinet_005,2026-08-25 15:50:00+00:00,0,0,0,0,True,True,False,24.006478051631028,-47.024185474277,3.0290017004635192,4.040424130934686,0.0,0.0,0.01583592434374328,on,connected,True,synthetic_device_spec_v11
synthetic_customer_005,cabinet_005,2026-08-25 16:00:00+00:00,0,0,0,0,True,True,False,24.060058276480053,-47.77765626794447,3.017757142901758,4.000830213258936,0.18026906928623168,0.0,0.0,on,connected,True,synthetic_device_spec_v11
synthetic_customer_005,cabinet_005,2026-08-25 16:10:00+00:00,0,0,0,0,True,True,False,24.023593481987486,-47.21533367230542,3.001269829518067,4.053762415419874,0.0,0.0,0.0,on,connected,True,synthetic_device_spec_v11
synthetic_customer_005,cabinet_005,2026-08-25 16:20:00+00:00,0,0,0,0,True,True,False,23.84060093980859,-48.31142058841183,2.9881058525002997,4.054716308741585,0.505951752325193,0.0,0.01842287779019218,on,connected,True,synthetic_device_spec_v11
synthetic_customer_005,cabinet_005,2026-08-25 16:30:00+00:00,0,0,0,0,True,True,False,24.083924868132836,-46.83036228798666,3.0114988989295974,4.099508574301593,0.0,0.014187350035870626,0.0,on,connected,True,synthetic_device_spec_v11
synthetic_customer_005,cabinet_005,2026-08-25 16:40:00+00:00,0,0,0,0,True,True,False,24.135654131938058,-48.496930229299345,3.0170929157630813,4.034733565052323,0.34354573914839626,0.005824214042543081,0.0016556452980249245,on,connected,True,synthetic_device_spec_v11
synthetic_customer_005,cabinet_005,2026-08-25 16:50:00+00:00,0,0,0,0,True,True,False,23.833980805627945,-47.98953441090034,2.9798687135071122,3.979379592395669,0.0,0.0,0.039046250038099396,on,connected,True,synthetic_device_spec_v11
synthetic_customer_005,cabinet_005,2026-08-25 17:00:00+00:00,0,0,0,0,True,True,False,23.866082270028603,-48.14692099142839,3.0809547735328877,4.023527624850169,0.1924397153498067,0.0,0.0,on,connected,True,synthetic_device_spec_v11
synthetic_customer_005,cabinet_005,2026-08-25 17:10:00+00:00,0,0,0,0,True,True,False,23.82423062069343,-46.62363615268727,3.0591584448364513,3.9430399645234386,0.0,0.0,0.0,on,connected,True,synthetic_device_spec_v11
synthetic_customer_005,cabinet_005,2026-08-25 17:20:00+00:00,0,0,0,0,True,True,False,23.854683602579122,-47.99080492093679,3.0141041707545155,3.9572857038307565,0.26324550424828835,0.0,0.0,on,connected,True,synthetic_device_spec_v11
synthetic_customer_005,cabinet_005,2026-08-25 17:30:00+00:00,0,0,0,0,True,True,False,23.87809216563662,-48.938803069092806,2.9524416115360657,4.0258305049206715,0.0,0.02636286662444508,0.016891625689471654,on,connected,True,synthetic_device_spec_v11
synthetic_customer_005,cabinet_005,2026-08-25 17:40:00+00:00,0,0,0,0,True,True,False,24.35276942047138,-48.06274847239094,2.9919865305989224,4.031464129256611,0.0,0.03798289833650767,0.0,on,connected,True,synthetic_device_spec_v11
synthetic_customer_005,cabinet_005,2026-08-25 17:50:00+00:00,0,0,0,0,True,True,False,23.83240424431372,-51.32628314109007,2.9767680059028767,3.9728095958027527,0.0,0.0,3.0355833922892122e-05,on,connected,True,synthetic_device_spec_v11
synthetic_customer_005,cabinet_005,2026-08-25 18:00:00+00:00,0,0,0,0,True,True,False,24.017538427776785,-47.3841820778088,3.0503533977809987,4.096102780702474,0.578790435286141,0.02188947514727355,0.0,on,connected,True,synthetic_device_spec_v11
synthetic_customer_005,cabinet_005,2026-08-25 18:10:00+00:00,1,1,1,1,True,True,False,24.20289278550757,-46.99453822194187,2.985983242729562,3.9509961902778503,0.1790833567778228,0.0,0.0,on,connected,True,synthetic_device_spec_v11
synthetic_customer_005,cabinet_005,2026-08-25 18:20:00+00:00,1,1,1,1,True,True,False,24.0932358787491,-46.65018016077285,2.957202495126172,4.122016143375713,0.0,0.0,0.01142439709868995,on,connected,True,synthetic_device_spec_v11
synthetic_customer_005,cabinet_005,2026-08-25 18:30:00+00:00,1,1,1,1,True,True,False,23.86243950446387,-48.5821239095329,3.046143723326073,4.079382519433517,0.09648856284395552,0.0013435535229344812,0.0017921243632181268,on,connected,True,synthetic_device_spec_v11
synthetic_customer_005,cabinet_005,2026-08-25 18:40:00+00:00,0,0,0,0,True,True,False,23.868218665492392,-47.734311798009635,2.980219308200667,4.053064340256848,0.32595294843653694,0.004212928282023269,0.00826961702723675,on,connected,True,synthetic_device_spec_v11
synthetic_customer_005,cabinet_005,2026-08-25 18:50:00+00:00,0,0,0,0,True,True,False,24.17729259504431,-45.75542608445411,3.031373389700394,3.941351924238513,0.0,0.01668841719190006,0.020880678789126247,on,connected,True,synthetic_device_spec_v11
synthetic_customer_005,cabinet_005,2026-08-25 19:00:00+00:00,0,0,0,0,True,True,False,24.203900593593378,-49.41257537796606,3.0243029016394267,4.02778451985077,0.22391191191330312,0.0030822562218414027,0.0,on,connected,True,synthetic_device_spec_v11
synthetic_customer_005,cabinet_005,2026-08-25 19:10:00+00:00,0,0,0,0,True,True,False,23.925328763977312,-48.150618006018284,2.968392570523935,3.9479780431422995,0.957406146889869,0.0035178151436727877,0.0,on,connected,True,synthetic_device_spec_v11
synthetic_customer_005,cabinet_005,2026-08-25 19:20:00+00:00,0,0,0,0,True,True,False,23.661792052791125,-47.49651881453535,2.996276286247575,3.961814597984705,0.18943212063313775,0.0,0.036887070547546634,on,connected,True,synthetic_device_spec_v11
synthetic_customer_005,cabinet_005,2026-08-25 19:30:00+00:00,0,0,0,0,True,True,False,24.07909066824481,-51.489152068392876,2.9633040973958633,3.9718207795004186,0.0,0.024756083531401747,0.022546352864281013,on,connected,True,synthetic_device_spec_v11
synthetic_customer_005,cabinet_005,2026-08-25 19:40:00+00:00,0,0,0,0,True,True,False,23.916507044434848,-52.3626674628966,2.947866033264492,3.9793108135655744,0.0,0.13756459369629714,0.02370747789261136,on,connected,True,synthetic_device_spec_v11
synthetic_customer_005,cabinet_005,2026-08-25 19:50:00+00:00,0,0,0,0,True,True,False,24.1650094854372,-56.84403570438642,2.967162665420703,4.0084396289480395,0.17259284691786989,0.13935213363264437,0.036891898934147245,on,connected,True,synthetic_device_spec_v11
synthetic_customer_005,cabinet_005,2026-08-25 20:00:00+00:00,0,0,0,0,True,True,False,23.889645870254853,-59.30123360135184,3.1308951866140218,4.049662545881549,0.2399549696123195,0.19418020511897235,0.0,on,connected,True,synthetic_device_spec_v11
synthetic_customer_005,cabinet_005,2026-08-25 20:10:00+00:00,0,0,0,0,True,True,False,24.12296746021346,-63.82159505819264,2.9976591900677767,3.975302439705355,0.38052125083117505,0.29386606176668584,0.015918818049812544,on,connected,True,synthetic_device_spec_v11
synthetic_customer_005,cabinet_005,2026-08-25 20:20:00+00:00,0,0,0,0,True,True,False,24.193612280905338,-66.80507393252546,3.005096656685431,3.9904153902161577,0.4528717574242759,0.33436634204817056,0.0,on,connected,True,synthetic_device_spec_v11
synthetic_customer_005,cabinet_005,2026-08-25 20:30:00+00:00,0,0,0,0,True,True,False,24.124764757363245,-70.96314022726212,3.033739567485685,4.107316178094056,0.23556724816977823,0.39080937195120535,0.0,on,connected,True,synthetic_device_spec_v11
synthetic_customer_005,cabinet_005,2026-08-25 20:40:00+00:00,0,0,0,0,True,True,False,23.784363538618923,-73.61436261241919,2.995580755174464,3.997097502714453,0.0,0.47310764784275805,0.017334050752533053,on,connected,True,synthetic_device_spec_v11
synthetic_customer_005,cabinet_005,2026-08-25 20:50:00+00:00,0,0,0,0,True,True,False,23.715090311559756,-77.61320390027954,3.0557403879400753,3.9377697198821866,0.9181004172866457,0.509387738439236,0.007722422701847334,on,connected,True,synthetic_device_spec_v11
synthetic_customer_005,cabinet_005,2026-08-25 21:00:00+00:00,0,0,0,0,True,True,False,24.039920297222253,-82.06162500563451,2.9982432077296797,4.081444162352037,3.4672001730028175,0.6049316379075809,0.0,on,connected,True,synthetic_device_spec_v11
synthetic_customer_005,cabinet_005,2026-08-25 21:10:00+00:00,0,0,0,0,True,True,False,24.165553729508673,-84.17032667303803,2.917011758859292,3.965489275573349,6.071444978959925,0.6234027633609787,0.017542886460318565,on,connected,True,synthetic_device_spec_v11
synthetic_customer_005,cabinet_005,2026-08-25 22:10:00+00:00,0,0,0,0,True,True,False,23.842291273488126,-44.743886660904096,2.981480617918588,4.044684753020559,20.865472292656346,0.005400746947863425,0.001047517454175205,on,connected,True,synthetic_device_spec_v11
synthetic_customer_005,cabinet_005,2026-08-25 22:20:00+00:00,0,0,0,0,True,True,False,24.117433810842517,-48.07880394848566,3.0352377183506665,3.996752824773529,23.008900156422683,0.0,0.0,on,connected,True,synthetic_device_spec_v11
synthetic_customer_005,cabinet_005,2026-08-25 22:30:00+00:00,0,0,0,0,True,True,False,23.946920763099634,-46.07738793907851,3.0901978661103335,4.017298374333201,24.812330536355834,0.03421015559643206,0.0,on,connected,True,synthetic_device_spec_v11
synthetic_customer_005,cabinet_005,2026-08-25 22:40:00+00:00,0,0,0,0,True,True,False,24.189432077678383,-47.679427020137965,3.0412598921820955,4.036854650135522,24.984302703066035,0.03686292856379158,0.0,on,connected,True,synthetic_device_spec_v11
synthetic_customer_005,cabinet_005,2026-08-25 22:50:00+00:00,0,0,0,0,True,True,False,23.780656256204033,-48.02091208144532,2.97794116761503,4.084770107797648,24.67911814060176,0.0136706531817342,0.027334493139655917,on,connected,True,synthetic_device_spec_v11
synthetic_customer_005,cabinet_005,2026-08-25 23:00:00+00:00,0,0,0,0,True,True,False,24.060868187435062,-49.70377218884045,2.9622536541788698,3.916322158948868,25.30657055481856,0.0,0.0065205756506354524,on,connected,True,synthetic_device_spec_v11
synthetic_customer_005,cabinet_005,2026-08-25 23:10:00+00:00,0,0,0,0,True,True,False,23.998033764621493,-47.586992503175466,2.9687323360340523,4.059383657965285,24.40077626378542,0.00862587774231117,0.0,on,connected,True,synthetic_device_spec_v11
synthetic_customer_005,cabinet_005,2026-08-25 23:20:00+00:00,0,0,0,0,True,True,False,24.02256235035943,-48.34453949549932,2.9502560144088825,3.9495176087088146,24.883656041224626,0.011038205173357567,0.0,on,connected,True,synthetic_device_spec_v11
synthetic_customer_005,cabinet_005,2026-08-25 23:30:00+00:00,0,0,0,0,True,True,False,23.951616625381615,-48.54594096157094,3.0565477561672227,3.904221157076427,25.21001205577698,0.0,0.0,on,connected,True,synthetic_device_spec_v11
synthetic_customer_005,cabinet_005,2026-08-25 23:40:00+00:00,0,0,0,0,True,True,False,23.962054574303146,-46.68468515232113,2.898392078772398,4.006121000060719,24.505715592746746,0.0022648406872169003,0.002882746763626762,on,connected,True,synthetic_device_spec_v11
synthetic_customer_005,cabinet_005,2026-08-25 23:50:00+00:00,0,0,0,0,True,True,False,23.778626403650243,-47.86781554373453,2.9928179195385742,4.106312567127238,25.49553406925092,0.0,0.0,on,connected,True,synthetic_device_spec_v11
synthetic_customer_005,cabinet_005,2026-08-26 00:00:00+00:00,0,0,0,0,True,True,False,23.85327326491669,-48.04322299203892,2.9791185839236913,3.879438393358591,0.23728670537948846,0.0100995579118688,0.005434542420398465,on,connected,True,synthetic_device_spec_v11
synthetic_customer_005,cabinet_005,2026-08-26 00:10:00+00:00,1,1,1,1,True,True,False,24.059580004605547,-46.799985670857595,2.9270331452384735,3.9154413914516195,0.10062775468863004,0.0,0.02612735725039821,on,connected,True,synthetic_device_spec_v11
synthetic_customer_005,cabinet_005,2026-08-26 00:20:00+00:00,1,1,1,1,True,True,False,23.98994853952524,-48.336346954720675,2.9794518924994438,3.970839455365358,0.0,0.01100402217709499,0.0,on,connected,True,synthetic_device_spec_v11
synthetic_customer_005,cabinet_005,2026-08-26 00:30:00+00:00,1,1,1,1,True,True,False,23.897021610848558,-45.68238558285317,2.937602211961722,3.937951192857028,0.16641173495327982,0.0012814949168518872,0.0,on,connected,True,synthetic_device_spec_v11
synthetic_customer_005,cabinet_005,2026-08-26 00:40:00+00:00,0,0,0,0,True,True,False,24.104368751720898,-46.26374270615727,2.970211790684156,4.049266036376061,0.0,0.0015807435183783768,0.0,on,connected,True,synthetic_device_spec_v11
synthetic_customer_005,cabinet_005,2026-08-26 00:50:00+00:00,0,0,0,0,True,True,False,24.026182059245276,-49.29313916618075,3.0164384002431732,3.987592281555777,0.0,0.020422692767135306,0.0,on,connected,True,synthetic_device_spec_v11
synthetic_customer_005,cabinet_005,2026-08-26 01:00:00+00:00,0,0,0,0,True,True,False,24.22605463730508,-47.39290625761842,3.0701862396441455,4.0664763778182165,0.6343374742872464,0.0,0.0,on,connected,True,synthetic_device_spec_v11
synthetic_customer_005,cabinet_005,2026-08-26 01:10:00+00:00,0,0,0,0,True,True,False,24.014204184867708,-47.60054489687136,2.9776385443917217,3.9336380503099084,0.0,0.019596249308376803,0.0015118325961114587,on,connected,True,synthetic_device_spec_v11
synthetic_customer_005,cabinet_005,2026-08-26 01:20:00+00:00,0,0,0,0,True,True,False,24.166048234273184,-48.68716406342042,2.9475869930836915,4.013389446124265,0.5392383266785312,0.007707856972971001,0.02202036052711211,on,connected,True,synthetic_device_spec_v11
synthetic_customer_005,cabinet_005,2026-08-26 01:30:00+00:00,0,0,0,0,True,True,False,23.906713982607332,-46.83680982201948,2.9864615694084504,3.9560198388718675,0.0,0.0,0.0,on,connected,True,synthetic_device_spec_v11
synthetic_customer_005,cabinet_005,2026-08-26 01:40:00+00:00,0,0,0,0,True,True,False,24.001711418856374,-48.6466686479183,3.0585160546204486,3.9314833344289597,0.0,0.0,0.004883771055949131,on,connected,True,synthetic_device_spec_v11
synthetic_customer_005,cabinet_005,2026-08-26 01:50:00+00:00,0,0,0,0,True,True,False,24.07137724239245,-47.64201485738132,3.0096886635376943,3.957336800684587,0.0,0.014868767656150937,0.0,on,connected,True,synthetic_device_spec_v11
synthetic_customer_005,cabinet_005,2026-08-26 02:00:00+00:00,0,0,0,0,True,True,False,23.944348914764713,-47.4997637081502,3.0211006197143133,3.968077520622267,0.0,0.026654588208366383,0.0,on,connected,True,synthetic_device_spec_v11
synthetic_customer_005,cabinet_005,2026-08-26 02:10:00+00:00,0,0,0,0,True,True,False,24.150993803859496,-47.38671369880926,3.00241073539453,3.9605259616424897,0.0,0.025381374327880186,0.0,on,connected,True,synthetic_device_spec_v11
synthetic_customer_005,cabinet_005,2026-08-26 02:20:00+00:00,0,0,0,0,True,True,False,23.956483386318407,-47.83873732429753,2.902039960480147,3.947181088411605,0.0,0.013734136436480294,0.0,on,connected,True,synthetic_device_spec_v11
synthetic_customer_005,cabinet_005,2026-08-26 02:30:00+00:00,0,0,0,0,True,True,False,23.922936512650313,-48.27975552254994,2.814551293046929,4.041828876713138,0.0,0.0,0.0032103621924683304,on,connected,True,synthetic_device_spec_v11
synthetic_customer_005,cabinet_005,2026-08-26 02:40:00+00:00,0,0,0,0,True,True,False,23.914920766793234,-48.928272802473714,2.645448289331338,3.8906930350816427,0.16390457550832005,0.012886356875818905,0.008363754301952376,on,connected,True,synthetic_device_spec_v11
synthetic_customer_005,cabinet_005,2026-08-26 02:50:00+00:00,0,0,0,0,True,True,False,24.055238374366567,-46.74181458152408,2.4551921395337093,4.009207832171625,0.5489977231201821,0.00019389782690325524,0.0,on,connected,True,synthetic_device_spec_v11
synthetic_customer_005,cabinet_005,2026-08-26 03:00:00+00:00,0,0,0,0,True,True,False,23.963943958207754,-47.39446504810522,2.3667276937078126,4.013121187087073,0.0,0.0007596481610878638,0.014673281649210862,on,connected,True,synthetic_device_spec_v11
synthetic_customer_005,cabinet_005,2026-08-26 03:10:00+00:00,0,0,0,0,True,True,False,23.78349147126976,-48.74725864714356,2.2475870473697563,3.999558913878797,0.0,0.02698866443630357,0.03181041992634455,on,connected,True,synthetic_device_spec_v11
synthetic_customer_005,cabinet_005,2026-08-26 03:20:00+00:00,0,0,0,0,True,True,False,24.195857696003625,-47.50894392858913,2.0514999780587564,4.021643997747116,0.3291361985254327,0.005667107317649073,0.0,on,connected,True,synthetic_device_spec_v11
synthetic_customer_005,cabinet_005,2026-08-26 03:30:00+00:00,0,0,0,0,True,True,False,23.843602706779215,-48.25636622002443,1.9605449583587093,4.269141789916072,0.0,0.0011161433426692111,0.027845054361661653,on,connected,True,synthetic_device_spec_v11
synthetic_customer_005,cabinet_005,2026-08-26 03:40:00+00:00,0,0,0,0,True,True,False,23.892089064321752,-49.787209426513776,1.8794701951159374,4.233187040561504,0.35324423850737086,0.0,0.06664064977312348,on,connected,True,synthetic_device_spec_v11
synthetic_customer_005,cabinet_005,2026-08-26 03:50:00+00:00,0,0,0,0,True,True,False,23.964474205433625,-48.09856578092158,1.6834526076742062,4.551646635289673,0.8748643918427019,0.0,0.0785326246794233,on,connected,True,synthetic_device_spec_v11
synthetic_customer_005,cabinet_005,2026-08-26 04:00:00+00:00,0,0,0,0,True,True,False,23.966371237124168,-47.200390565358184,1.4580451114232016,4.659264998176744,0.20931911737706,0.0,0.0787360111647437,on,connected,True,synthetic_device_spec_v11
synthetic_customer_005,cabinet_005,2026-08-26 04:10:00+00:00,0,0,0,0,True,True,False,23.944606685690058,-48.24798521525831,1.2987904997652335,4.9736980648494065,0.27476445129973803,0.0,0.13830611259578482,on,connected,True,synthetic_device_spec_v11
synthetic_customer_005,cabinet_005,2026-08-26 04:20:00+00:00,0,0,0,0,True,True,False,24.17912086032566,-45.899587851096385,1.027539314447366,5.025100899517605,0.5241140186708984,0.015107759485577266,0.1647053336528493,on,connected,True,synthetic_device_spec_v11
synthetic_customer_005,cabinet_005,2026-08-26 04:30:00+00:00,0,0,0,0,True,True,False,24.083016737230054,-49.937762855728494,0.9206791701186475,5.241126081263262,1.050494268681892,0.002487225954180202,0.14780662976651965,on,connected,True,synthetic_device_spec_v11
synthetic_customer_005,cabinet_005,2026-08-26 04:40:00+00:00,0,0,0,0,True,True,False,23.773273985006064,-49.21013570923421,0.6766211587879938,5.435272410661235,0.13738656731585525,0.01779523594203869,0.2112190798048463,on,connected,True,synthetic_device_spec_v11
synthetic_customer_005,cabinet_005,2026-08-26 04:50:00+00:00,0,0,0,0,True,True,False,23.75700888917675,-48.90842180145764,0.48877436082403164,5.675779113101976,0.15044128777680507,0.0,0.25499629914769656,on,connected,True,synthetic_device_spec_v11
synthetic_customer_005,cabinet_005,2026-08-26 05:00:00+00:00,0,0,0,0,True,True,False,24.021626671281012,-48.56866078157805,0.4496895183467572,5.8491605451899895,0.0,0.0,0.26527777960862853,on,connected,True,synthetic_device_spec_v11
synthetic_customer_005,cabinet_005,2026-08-26 05:10:00+00:00,0,0,0,0,True,True,False,23.96212859319759,-47.861485852323874,0.4229146250639551,5.972710395225479,0.0,0.0,0.25958242703006207,on,connected,True,synthetic_device_spec_v11
synthetic_customer_005,cabinet_005,2026-08-26 05:20:00+00:00,0,0,0,0,True,True,False,23.96823438146243,-49.30896320438666,0.3594191231140328,6.235267304737496,0.6442236448715118,0.004797658153891877,0.30172269934445445,on,connected,True,synthetic_device_spec_v11
synthetic_customer_005,cabinet_005,2026-08-26 05:30:00+00:00,0,0,0,0,True,True,False,24.07241440959487,-48.7075282698921,0.14840298639029773,6.515670173987099,0.22965334835607024,0.0,0.3126106530501441,on,connected,True,synthetic_device_spec_v11
synthetic_customer_005,cabinet_005,2026-08-26 05:40:00+00:00,0,0,0,0,True,True,False,24.046029845642337,-46.69491939511029,0.19900752351894868,6.665404193984029,0.14129883387396966,0.012064654096373126,0.36610326897235584,on,connected,True,synthetic_device_spec_v11
synthetic_customer_005,cabinet_005,2026-08-26 05:50:00+00:00,0,0,0,0,True,True,False,24.043491115643715,-48.58109091465845,2.2545116058392973,6.706323538927114,0.0,0.0,0.3953183542126765,on,connected,True,synthetic_device_spec_v11
synthetic_customer_005,cabinet_005,2026-08-26 06:00:00+00:00,0,0,0,0,True,True,False,23.97786707421614,-48.65196526561034,2.206540294878834,6.882427451458323,0.0,0.010614729018268739,0.43042338973428823,on,connected,True,synthetic_device_spec_v11
synthetic_customer_005,cabinet_005,2026-08-26 06:10:00+00:00,0,1,1,0,True,True,False,24.051018729891194,-48.525625300814674,2.230585448904704,6.97983978381172,0.3529859494573425,0.012098422080899299,0.39349606893953054,on,connected,True,synthetic_device_spec_v11
synthetic_customer_005,cabinet_005,2026-08-26 06:20:00+00:00,0,1,1,0,True,True,False,24.161664401648007,-48.49973941798303,2.9995618013631407,6.969166558955748,0.0,0.014579348071421484,0.38351244846181226,on,connected,True,synthetic_device_spec_v11
synthetic_customer_005,cabinet_005,2026-08-26 06:30:00+00:00,0,1,1,0,True,True,False,23.902139706701725,-48.28270189702606,2.9950689835567372,6.892450506582745,0.0,0.0,0.43480795087463076,on,connected,True,synthetic_device_spec_v11
synthetic_customer_005,cabinet_005,2026-08-26 06:40:00+00:00,0,0,0,0,True,True,False,24.197448263082165,-48.2151698840925,3.032267960656862,6.95807537441961,0.0,0.0,0.3994391768078187,on,connected,True,synthetic_device_spec_v11
synthetic_customer_005,cabinet_005,2026-08-26 06:50:00+00:00,0,0,0,0,True,True,False,23.879707921529533,-49.84980893221084,2.9830541786997715,7.1411224232933534,0.0,0.0,0.3787254695440077,on,connected,True,synthetic_device_spec_v11
synthetic_customer_005,cabinet_005,2026-08-26 07:00:00+00:00,0,0,0,0,True,True,False,24.037722356733802,-46.95269210525343,2.9735454631135974,6.958939572908885,0.0,0.0,0.4085642011374674,on,connected,True,synthetic_device_spec_v11
synthetic_customer_005,cabinet_005,2026-08-26 07:10:00+00:00,0,0,0,0,True,True,False,24.218203701274884,-47.735782800670144,3.0003183462386946,6.957940857741912,0.0,0.03275607765871847,0.4122179473497111,on,connected,True,synthetic_device_spec_v11
synthetic_customer_005,cabinet_005,2026-08-26 07:20:00+00:00,0,0,0,0,True,True,False,23.87288516811448,-49.871079286286026,3.039402310749194,3.9746282249093516,0.7002438110276297,0.0299367545306055,0.025237588578186566,on,connected,True,synthetic_device_spec_v11
synthetic_customer_005,cabinet_005,2026-08-26 07:30:00+00:00,0,0,0,0,True,True,False,23.969951431908793,-48.634220425089445,3.0113795363796,4.009860543053496,0.23500122246545416,0.05003265219505372,0.0,on,connected,True,synthetic_device_spec_v11
synthetic_customer_005,cabinet_005,2026-08-26 07:40:00+00:00,0,0,0,0,True,True,False,24.073431824771898,-47.51582714168953,2.9923483590781346,4.0238233062200095,0.4871132746315159,0.0,0.0,on,connected,True,synthetic_device_spec_v11
synthetic_customer_005,cabinet_005,2026-08-26 07:50:00+00:00,0,0,0,0,True,True,False,24.086047688836352,-46.97733948749211,3.0029783876632,4.0079469636689735,0.0,0.023885625491493253,0.009537471791503296,on,connected,True,synthetic_device_spec_v11
synthetic_customer_005,cabinet_005,2026-08-26 08:00:00+00:00,0,0,0,0,True,True,False,23.996538369710763,-47.44326704973007,2.9917878807197873,3.965394052685928,1.3876464621442581,0.0,0.0,on,connected,True,synthetic_device_spec_v11
synthetic_customer_005,cabinet_005,2026-08-26 08:10:00+00:00,0,0,0,0,True,True,False,23.435302620390427,-46.677088467814265,2.990351710022145,4.054379168482211,0.0,0.0,0.0,on,connected,True,synthetic_device_spec_v11
synthetic_customer_005,cabinet_005,2026-08-26 08:20:00+00:00,0,0,0,0,True,True,False,23.03485230442035,-48.25336829821835,3.0629986304711028,3.972288002153353,0.0,0.0007375505150744072,0.0,on,connected,True,synthetic_device_spec_v11
synthetic_customer_005,cabinet_005,2026-08-26 08:30:00+00:00,0,0,0,0,True,True,False,22.937072390793013,-47.326877936033405,2.9286817037444823,4.063384085688964,0.0,0.0002389182566981002,0.0013804155276579831,on,connected,True,synthetic_device_spec_v11
synthetic_customer_005,cabinet_005,2026-08-26 08:40:00+00:00,0,0,0,0,True,True,False,22.65218444641657,-47.27059757291812,2.9984290510220646,4.00532425140385,0.1967477081317815,0.0,0.0,on,connected,True,synthetic_device_spec_v11
synthetic_customer_005,cabinet_005,2026-08-26 08:50:00+00:00,0,0,0,0,True,True,False,22.323081792759414,-47.868605540135874,2.9817928204233826,3.98307731475286,0.0,0.0005591998471916776,0.0,on,connected,True,synthetic_device_spec_v11
synthetic_customer_005,cabinet_005,2026-08-26 09:00:00+00:00,0,0,0,0,True,True,False,22.282396549612777,-47.429069473726166,3.0014408908794437,3.969987186209447,0.0,0.0,0.0,on,connected,True,synthetic_device_spec_v11
synthetic_customer_005,cabinet_005,2026-08-26 09:10:00+00:00,0,0,0,0,True,True,False,21.97789660785953,-49.01703587776903,3.058198326857035,3.985627534368332,0.42299530958713594,0.00670455422590947,0.014192251553054158,on,connected,True,synthetic_device_spec_v11
synthetic_customer_005,cabinet_005,2026-08-26 09:20:00+00:00,0,0,0,0,True,True,False,21.709417615482835,-47.695682185952464,3.004932958268526,3.948805636930271,0.24018958014681677,0.0,0.0,on,connected,True,synthetic_device_spec_v11
synthetic_customer_005,cabinet_005,2026-08-26 09:30:00+00:00,0,0,0,0,True,True,False,21.274804267772055,-50.199933502357325,3.033985170096246,4.01962884646212,0.33904513354381466,0.030922137165343217,0.0071477402880942426,on,connected,True,synthetic_device_spec_v11
synthetic_customer_005,cabinet_005,2026-08-26 09:40:00+00:00,0,0,0,0,True,True,False,21.23655700537642,-46.93911049105692,3.0664658154661613,3.9839221068336546,0.0,0.0,0.0,on,connected,True,synthetic_device_spec_v11
synthetic_customer_005,cabinet_005,2026-08-26 09:50:00+00:00,0,0,0,0,True,True,False,20.725917127446248,-47.895558350757675,3.0196297809725983,4.0145796953765345,0.0,0.04344972984040117,0.0,on,connected,True,synthetic_device_spec_v11
synthetic_customer_005,cabinet_005,2026-08-26 10:00:00+00:00,0,0,0,0,True,True,False,20.559175708608663,-47.60452598067679,2.949594760111683,4.009030068639936,0.00351176370556008,0.006000241035958264,0.012266056621816249,on,connected,True,synthetic_device_spec_v11
synthetic_customer_005,cabinet_005,2026-08-26 10:10:00+00:00,0,0,0,0,True,True,False,20.255523732648292,-49.00666907141534,2.9938898346627028,4.057996649455961,0.5517428163534841,0.023545532989528377,0.0,on,connected,True,synthetic_device_spec_v11
synthetic_customer_005,cabinet_005,2026-08-26 10:20:00+00:00,0,0,0,0,True,True,False,19.92241983890588,-48.57515965416821,2.9505740724476563,4.006354348277598,0.0,0.03188290022898832,0.0,on,connected,True,synthetic_device_spec_v11
synthetic_customer_005,cabinet_005,2026-08-26 10:30:00+00:00,0,0,0,0,True,True,False,19.685671442142148,-48.93375262324237,3.002259701522706,3.967650798927653,0.49242452223558636,0.046083996418746116,0.004431624447698469,on,connected,True,synthetic_device_spec_v11
synthetic_customer_005,cabinet_005,2026-08-26 10:40:00+00:00,0,0,0,0,True,True,False,19.538234610236305,-46.34671913433419,3.0515667331847247,4.080140460056028,0.4676613462910109,0.0,0.010667144752767881,on,connected,True,synthetic_device_spec_v11
synthetic_customer_005,cabinet_005,2026-08-26 10:50:00+00:00,0,0,0,0,True,True,False,19.3063387599563,-46.68283189178955,3.0125019919873877,4.05482657998608,0.0,0.0,0.0,on,connected,True,synthetic_device_spec_v11
synthetic_customer_005,cabinet_005,2026-08-26 11:00:00+00:00,0,0,0,0,True,True,False,19.106297112797257,-47.04744558229354,2.958258887013131,3.981523986819136,0.07087142214322585,0.00817824590893725,0.0,on,connected,True,synthetic_device_spec_v11
synthetic_customer_005,cabinet_005,2026-08-26 11:10:00+00:00,0,0,0,0,True,True,False,18.858340234982272,-48.84762712734732,3.0060623000489017,3.878327227157806,0.2507547560894602,0.05288384600450788,0.0,on,connected,True,synthetic_device_spec_v11
synthetic_customer_005,cabinet_005,2026-08-26 12:10:00+00:00,1,1,1,1,True,True,False,24.02886639977558,-50.27804624288763,2.983101094237205,4.010928842560578,0.0,0.01293562333413716,0.0,on,connected,True,synthetic_device_spec_v11
synthetic_customer_005,cabinet_005,2026-08-26 12:20:00+00:00,1,1,1,1,True,True,False,24.097721653724108,-48.65752962346819,3.0090464114493702,3.925784520438039,0.07601891172856008,0.029460115577520325,0.0,on,connected,True,synthetic_device_spec_v11
synthetic_customer_005,cabinet_005,2026-08-26 12:30:00+00:00,1,1,1,1,True,True,False,24.12549173661906,-48.375346842451385,2.9856893279234007,3.920537915843648,0.4350101357759208,0.0,0.033115997408051004,on,connected,True,synthetic_device_spec_v11
synthetic_customer_005,cabinet_005,2026-08-26 12:40:00+00:00,0,0,0,0,True,True,False,24.057744683642596,-48.24481379851735,2.973317404078313,4.036119822419509,0.0,0.0,0.0,on,connected,True,synthetic_device_spec_v11
synthetic_customer_005,cabinet_005,2026-08-26 12:50:00+00:00,0,0,0,0,True,True,False,24.103173907064786,-47.98500456591414,2.955668131495963,3.931293752056872,0.8743751480548918,0.01997095145855263,0.0,on,connected,True,synthetic_device_spec_v11
synthetic_customer_005,cabinet_005,2026-08-26 13:00:00+00:00,0,0,0,0,True,True,False,23.933069691713072,-47.09083567798382,3.007839338876332,3.9466717636200697,0.0,0.0,0.0,on,connected,True,synthetic_device_spec_v11
synthetic_customer_005,cabinet_005,2026-08-26 13:10:00+00:00,0,0,0,0,True,True,False,23.976647355719596,-47.08088904279761,2.9932747652140166,4.038427237352035,0.0,0.0,0.008719384848618299,on,connected,True,synthetic_device_spec_v11
synthetic_customer_005,cabinet_005,2026-08-26 13:20:00+00:00,0,0,0,0,True,True,False,23.891290866990254,-47.8420208325837,2.997161711670856,4.003572379152922,0.1809687162792089,0.0,0.029064520305857662,on,connected,True,synthetic_device_spec_v11
synthetic_customer_005,cabinet_005,2026-08-26 13:30:00+00:00,0,0,0,0,True,True,False,23.93990689494948,-48.27907796742392,3.003996638941098,3.975738850528214,1.1046191014505018,0.009320015206976225,0.0145986237186374,on,connected,True,synthetic_device_spec_v11
synthetic_customer_005,cabinet_005,2026-08-26 13:40:00+00:00,0,0,0,0,True,True,False,24.151479200433002,-49.778790524671166,3.0003337596352138,4.001392023023738,0.0,0.01993970874063386,0.0,on,connected,True,synthetic_device_spec_v11
synthetic_customer_005,cabinet_005,2026-08-26 13:50:00+00:00,0,0,0,0,True,True,False,24.010675989259575,-48.02869109335781,3.067790775065297,3.950960573012656,0.0,0.0,0.0006529015969804514,on,connected,True,synthetic_device_spec_v11
synthetic_customer_005,cabinet_005,2026-08-26 14:00:00+00:00,0,0,0,0,True,True,False,23.968237046786562,-48.00412044972569,2.9625791120201175,3.9728984238647245,0.7134756840405665,0.0,0.012748519559541328,on,connected,True,synthetic_device_spec_v11
synthetic_customer_005,cabinet_005,2026-08-26 14:10:00+00:00,0,0,0,0,True,True,False,23.779869077423196,-47.20120911047452,3.0498103595150527,3.975146668187419,0.17402277418621673,0.0,0.0,on,connected,True,synthetic_device_spec_v11
synthetic_customer_005,cabinet_005,2026-08-26 14:20:00+00:00,0,0,0,0,True,True,False,23.794294234829067,-48.502864490339526,3.014950071539355,4.01641943845793,0.0,0.0,0.00043599031661793904,on,connected,True,synthetic_device_spec_v11
synthetic_customer_005,cabinet_005,2026-08-26 14:30:00+00:00,0,0,0,0,True,True,False,23.96688712892107,-46.89058717086152,2.9711676948159935,4.010232829521362,0.0,0.013007466455735665,0.01574602201376381,on,connected,True,synthetic_device_spec_v11
synthetic_customer_005,cabinet_005,2026-08-26 14:40:00+00:00,0,0,0,0,True,True,False,23.81224787567271,-46.166106853106854,2.9898555547428156,4.080215691449098,0.31889103694443444,0.0,0.0,on,connected,True,synthetic_device_spec_v11
synthetic_customer_005,cabinet_005,2026-08-26 14:50:00+00:00,0,0,0,0,True,True,False,23.9999279893693,-48.268472609118625,2.9121220728991,4.047831619373936,0.0,0.02239074538749554,0.022472116488814427,on,connected,True,synthetic_device_spec_v11
synthetic_customer_005,cabinet_005,2026-08-26 15:00:00+00:00,0,0,0,0,True,True,False,24.131590575219832,-47.63166438384858,2.9483209805347697,3.9466354851676013,0.16038385914985087,0.007549264827880726,0.023751169689178342,on,connected,True,synthetic_device_spec_v11
synthetic_customer_005,cabinet_005,2026-08-26 15:10:00+00:00,0,0,0,0,True,True,False,24.090393546689775,-47.98266576787648,2.9624198023443045,3.998939316634962,0.9795195836934087,0.05353965393155296,0.0,on,connected,True,synthetic_device_spec_v11
synthetic_customer_005,cabinet_005,2026-08-26 15:20:00+00:00,0,0,0,0,True,True,False,24.108898824310117,-48.36618324740974,3.015197019786045,4.017646386001863,0.0,0.030864833054357887,0.0,on,connected,True,synthetic_device_spec_v11
synthetic_customer_005,cabinet_005,2026-08-26 15:30:00+00:00,0,0,0,0,True,True,False,24.224297355866906,-49.159403342332105,3.051353816868636,4.0150649299148045,0.0,0.030372326232698282,0.0010419859396697585,on,connected,True,synthetic_device_spec_v11
synthetic_customer_005,cabinet_005,2026-08-26 15:40:00+00:00,0,0,0,0,True,True,False,23.919263305568645,-46.773487075015574,3.047944265679852,4.053187902090354,0.7316766090110549,0.0,0.01117700755213974,on,connected,True,synthetic_device_spec_v11
synthetic_customer_005,cabinet_005,2026-08-26 15:50:00+00:00,0,0,0,0,True,True,False,24.19544693108465,-48.74475336611794,3.0164628848916415,4.019774211883192,0.0,0.001425197816795552,0.0,on,connected,True,synthetic_device_spec_v11
synthetic_customer_005,cabinet_005,2026-08-26 16:00:00+00:00,0,0,0,0,True,True,False,24.01317585570236,-47.18738316277865,2.9573541361279725,4.0517766732641265,0.8841914639599006,0.03904529150062146,0.0,on,connected,True,synthetic_device_spec_v11
synthetic_customer_005,cabinet_005,2026-08-26 16:10:00+00:00,0,0,0,0,True,True,False,23.86131512336114,-47.13964917213065,3.0009943878915823,3.937345813053239,0.48188166432404816,0.0,0.0,on,connected,True,synthetic_device_spec_v11
synthetic_customer_005,cabinet_005,2026-08-26 16:20:00+00:00,0,0,0,0,True,True,False,23.879007795342652,-49.5575017086546,3.042641528377518,3.9834367960123616,0.10428408738575591,0.02880651699834045,0.0,on,connected,True,synthetic_device_spec_v11
synthetic_customer_005,cabinet_005,2026-08-26 16:30:00+00:00,0,0,0,0,True,True,False,23.946879486731767,-47.61150499077049,2.992866785975539,3.8964184713828183,0.5078669693865778,0.0,0.012583661971007647,on,connected,True,synthetic_device_spec_v11
synthetic_customer_005,cabinet_005,2026-08-26 16:40:00+00:00,0,0,0,0,True,True,False,23.98154981960504,-48.181307146688134,3.0431271371189137,3.9421915188315437,0.0,0.0,0.0,on,connected,True,synthetic_device_spec_v11
synthetic_customer_005,cabinet_005,2026-08-26 16:50:00+00:00,0,0,0,0,True,True,False,23.903111622245557,-48.51488647017896,2.950165383438772,3.901576989488028,0.30475618753539363,0.0,0.018973523427642695,on,connected,True,synthetic_device_spec_v11
synthetic_customer_005,cabinet_005,2026-08-26 17:00:00+00:00,0,0,0,0,True,True,False,23.875274011217307,-48.04553928734167,3.0010148359483355,4.005804479059649,0.22760293913455898,0.0,0.009805348042684995,on,connected,True,synthetic_device_spec_v11
synthetic_customer_005,cabinet_005,2026-08-26 17:10:00+00:00,0,0,0,0,True,True,False,23.861470757555537,-46.8018043546768,2.953380225609721,3.9958668581286,0.2936643192059591,0.0499036236300174,0.0,on,connected,True,synthetic_device_spec_v11
synthetic_customer_005,cabinet_005,2026-08-26 17:20:00+00:00,0,0,0,0,True,True,False,23.993690097086542,-46.37563230570028,3.022901434545225,4.078151997747681,0.45034079826201545,0.028688819299864384,0.0,on,connected,True,synthetic_device_spec_v11
synthetic_customer_005,cabinet_005,2026-08-26 17:30:00+00:00,0,0,0,0,True,True,False,24.04703226357059,-48.7024720885394,2.9555880816207987,4.035236848460782,0.5166598566496556,0.0,0.001149453038635758,on,connected,True,synthetic_device_spec_v11
synthetic_customer_005,cabinet_005,2026-08-26 17:40:00+00:00,0,0,0,0,True,True,False,23.969120438517585,-47.517548167394345,3.0305367533797023,3.98962082602492,0.33953284107633863,0.0,0.0,on,connected,True,synthetic_device_spec_v11
synthetic_customer_005,cabinet_005,2026-08-26 17:50:00+00:00,0,0,0,0,True,True,False,23.854992719567285,-48.50596068989129,2.980764555976473,4.100007713726786,0.08302594813371325,0.0,0.012762936090338968,on,connected,True,synthetic_device_spec_v11
synthetic_customer_005,cabinet_005,2026-08-26 18:00:00+00:00,0,0,0,0,True,True,False,23.814910896872625,-47.32987599390123,2.9776885707964005,4.119480816819177,0.0,0.014172686319338261,0.015196441138526853,on,connected,True,synthetic_device_spec_v11
synthetic_customer_005,cabinet_005,2026-08-26 18:10:00+00:00,1,1,1,1,True,True,False,23.99068839990984,-47.03548606349438,3.0108448335703355,3.9957340309968314,0.0,0.020189702947133525,0.0034866385036735536,on,connected,True,synthetic_device_spec_v11
synthetic_customer_005,cabinet_005,2026-08-26 18:20:00+00:00,1,1,1,1,True,True,False,23.841731897378985,-48.70362839429268,2.973122456678685,4.040386379332353,0.0,0.0,0.009130159502909789,on,connected,True,synthetic_device_spec_v11
synthetic_customer_005,cabinet_005,2026-08-26 18:30:00+00:00,1,1,1,1,True,True,False,23.99001919907794,-49.340230327265836,3.0858590651088558,4.1109060844600815,0.0,0.0,0.0,on,connected,True,synthetic_device_spec_v11
synthetic_customer_005,cabinet_005,2026-08-26 18:40:00+00:00,0,0,0,0,True,True,False,24.13667324995896,-47.630057835528326,2.9431379173707968,3.9564914828053905,0.566760219297448,0.028356195685746818,0.0,on,connected,True,synthetic_device_spec_v11
synthetic_customer_005,cabinet_005,2026-08-26 18:50:00+00:00,0,0,0,0,True,True,False,24.120080657282674,-46.75239753561105,2.979058065991859,3.920124761438039,1.056209338984326,0.0,0.028019572627879817,on,connected,True,synthetic_device_spec_v11
synthetic_customer_005,cabinet_005,2026-08-26 19:00:00+00:00,0,0,0,0,True,True,False,24.057412304069548,-47.21657907831325,3.026000358642153,3.9196154380241244,0.42128538727811726,0.0,0.0,on,connected,True,synthetic_device_spec_v11
synthetic_customer_005,cabinet_005,2026-08-26 19:10:00+00:00,0,0,0,0,True,True,False,24.02077838780492,-47.04051952591382,2.954056584537168,4.048913501274658,0.482386677251056,0.013404763972048546,0.031784967948576597,on,connected,True,synthetic_device_spec_v11
synthetic_customer_005,cabinet_005,2026-08-26 19:20:00+00:00,0,0,0,0,True,True,False,24.334223494115744,-48.11990100600072,2.9615849806685177,4.03746119773459,0.0,0.0,0.00357493534499024,on,connected,True,synthetic_device_spec_v11
synthetic_customer_005,cabinet_005,2026-08-26 19:30:00+00:00,0,0,0,0,True,True,False,23.987935080401538,-48.697244159086736,2.964952746410376,4.083597305854286,0.0,0.0,0.0,on,connected,True,synthetic_device_spec_v11
synthetic_customer_005,cabinet_005,2026-08-26 19:40:00+00:00,0,0,0,0,True,True,False,23.935984085734873,-48.41487784301567,3.005696966156322,3.9709435975411504,0.9125220250619622,0.022442514091742416,0.01429388625294671,on,connected,True,synthetic_device_spec_v11
synthetic_customer_005,cabinet_005,2026-08-26 19:50:00+00:00,0,0,0,0,True,True,False,23.832535751505596,-45.58217366980358,3.0013012368204164,3.9522885871737135,0.39704546428177234,0.0,0.0,on,connected,True,synthetic_device_spec_v11
synthetic_customer_005,cabinet_005,2026-08-26 20:00:00+00:00,0,0,0,0,True,True,False,23.87623159780587,-48.15537252389541,3.0815927418747915,3.9588722474066156,0.12488286672373429,0.023932084270814405,0.0,on,connected,True,synthetic_device_spec_v11
synthetic_customer_005,cabinet_005,2026-08-26 20:10:00+00:00,0,0,0,0,True,True,False,23.86506841505453,-54.77363091962407,2.9638272039483113,4.083470549962558,0.7065433279141152,0.10112899489813082,0.0,on,connected,True,synthetic_device_spec_v11
synthetic_customer_005,cabinet_005,2026-08-26 20:20:00+00:00,0,0,0,0,True,True,False,23.90034110175805,-55.96072394791986,3.0048222157072577,3.9135764524914967,0.0,0.11486877595401485,0.0,on,connected,True,synthetic_device_spec_v11
synthetic_customer_005,cabinet_005,2026-08-26 20:30:00+00:00,0,0,0,0,True,True,False,23.97792581029217,-60.02217013129589,3.0395049195604997,3.9806125723933348,0.186497975682013,0.2273342993185048,0.0,on,connected,True,synthetic_device_spec_v11
synthetic_customer_005,cabinet_005,2026-08-26 20:40:00+00:00,0,0,0,0,True,True,False,24.081932676204634,-59.95942516709494,2.9521578535937705,4.130140544481136,0.28646088838119077,0.2171092757702612,0.015387891349604728,on,connected,True,synthetic_device_spec_v11
synthetic_customer_005,cabinet_005,2026-08-26 20:50:00+00:00,0,0,0,0,True,True,False,23.94437291043743,-64.82332657252,2.960927671258666,4.006370485532003,0.23624492316065648,0.2909171460719493,0.013176872569104577,on,connected,True,synthetic_device_spec_v11
synthetic_customer_005,cabinet_005,2026-08-26 21:00:00+00:00,0,0,0,0,True,True,False,24.03678183846569,-64.94939556774638,2.9779351659661297,4.083119462084394,0.0,0.33756891146774093,0.028226512287690714,on,connected,True,synthetic_device_spec_v11
synthetic_customer_005,cabinet_005,2026-08-26 21:10:00+00:00,0,0,0,0,True,True,False,24.093409057664893,-69.41628361390723,2.984039463384698,4.014629542275058,0.0,0.395392609061533,0.0,on,connected,True,synthetic_device_spec_v11
synthetic_customer_005,cabinet_005,2026-08-26 21:20:00+00:00,0,0,0,0,True,True,False,24.096759276411262,-72.14561505760756,3.0595157225738157,4.073238847652405,1.3972550900254748,0.4593878188015026,0.0,on,connected,True,synthetic_device_spec_v11
synthetic_customer_005,cabinet_005,2026-08-26 21:30:00+00:00,0,0,0,0,True,True,False,23.826458581232366,-75.57351069042554,3.063142847379372,4.009815822023351,0.5198906844824956,0.48811526158771257,0.01589308837523326,on,connected,True,synthetic_device_spec_v11
synthetic_customer_005,cabinet_005,2026-08-26 21:40:00+00:00,0,0,0,0,True,True,False,23.741776368119595,-79.74491520836429,2.9941556618493737,3.995787080039307,0.0,0.5712412958040901,0.013444978640365944,on,connected,True,synthetic_device_spec_v11
synthetic_customer_005,cabinet_005,2026-08-26 21:50:00+00:00,0,0,0,0,True,True,False,23.82661371100065,-81.7603435625904,2.9789366439330545,3.9740949700690495,0.0,0.6413850482520624,0.021792644965226798,on,connected,True,synthetic_device_spec_v11
synthetic_customer_005,cabinet_005,2026-08-26 22:00:00+00:00,0,0,0,0,True,True,False,24.061516615567452,-84.0575952907934,2.9951843857690723,3.9343612383573507,0.0,0.6757616269103358,0.03420225801821754,on,connected,True,synthetic_device_spec_v11
synthetic_customer_005,cabinet_005,2026-08-26 22:40:00+00:00,0,0,0,0,True,True,False,23.870031490504388,-48.60858555148048,3.038901577734259,4.084700161705844,0.4291690078100329,0.0009913928586567603,0.01567905682390341,on,connected,True,synthetic_device_spec_v11
synthetic_customer_005,cabinet_005,2026-08-26 22:50:00+00:00,0,0,0,0,True,True,False,23.981935342557463,-48.94812830440598,2.99151397037995,4.090923611806643,0.0,0.022597661603856685,0.0213420208288604,on,connected,True,synthetic_device_spec_v11
synthetic_customer_005,cabinet_005,2026-08-26 23:00:00+00:00,0,0,0,0,True,True,False,24.10748302948967,-48.08120475272469,2.928443182953372,4.046128678482976,0.0,0.03302739787461072,0.0,on,connected,True,synthetic_device_spec_v11
synthetic_customer_005,cabinet_005,2026-08-26 23:10:00+00:00,0,0,0,0,True,True,False,24.226371044335135,-47.258487902693986,2.9854659732487963,4.020715912859891,0.0,0.021576399876794133,0.007559863422512555,on,connected,True,synthetic_device_spec_v11
synthetic_customer_005,cabinet_005,2026-08-26 23:20:00+00:00,0,0,0,0,True,True,False,24.234313574186235,-45.76754305966674,2.993497401966122,3.9631376762240103,0.0,0.0,0.0028683895405479487,on,connected,True,synthetic_device_spec_v11
synthetic_customer_005,cabinet_005,2026-08-26 23:30:00+00:00,0,0,0,0,True,True,False,23.998554748493127,-48.1470507424442,2.915427063894621,3.991754772737294,0.0,0.00866852141119119,0.0,on,connected,True,synthetic_device_spec_v11
synthetic_customer_005,cabinet_005,2026-08-26 23:40:00+00:00,0,0,0,0,True,True,False,23.978964250660084,-48.170325111607454,2.987172370312831,4.024350760979693,0.00909214973948427,0.0,0.004174039381190574,on,connected,True,synthetic_device_spec_v11
synthetic_customer_005,cabinet_005,2026-08-26 23:50:00+00:00,0,0,0,0,True,True,False,24.22804620608259,-47.98247370817951,2.949458121015778,3.9809488387594527,0.4498392867508077,0.0,0.0038654444734460007,on,connected,True,synthetic_device_spec_v11
synthetic_customer_005,cabinet_005,2026-08-27 00:00:00+00:00,0,0,0,0,True,True,False,24.03911851547307,-46.7151967171902,2.9919849660580367,4.016951176086508,0.0,0.027359071730246057,0.007660186831865066,on,connected,True,synthetic_device_spec_v11
synthetic_customer_005,cabinet_005,2026-08-27 00:10:00+00:00,1,1,1,1,True,True,False,24.029681369029966,-49.002279829635945,2.987429227049277,4.023377943124129,0.0032963820230980296,0.0,0.0,on,connected,True,synthetic_device_spec_v11
synthetic_customer_005,cabinet_005,2026-08-27 00:20:00+00:00,1,1,1,1,True,True,False,23.982701455621587,-49.11580294898553,3.0295695756736283,3.9576503800669665,0.0,0.0,0.010375012168235675,on,connected,True,synthetic_device_spec_v11
synthetic_customer_005,cabinet_005,2026-08-27 00:30:00+00:00,1,1,1,1,True,True,False,23.951119422833248,-49.03164259072505,2.9856844804070293,4.000210969814685,0.6221146882926568,0.012867526562865206,0.002018805996292909,on,connected,True,synthetic_device_spec_v11
synthetic_customer_005,cabinet_005,2026-08-27 00:40:00+00:00,0,0,0,0,True,True,False,23.840020808930113,-47.10952485727196,2.9423462797845485,3.989497460914121,0.0,0.0,0.003158120969263551,on,connected,True,synthetic_device_spec_v11
synthetic_customer_005,cabinet_005,2026-08-27 00:50:00+00:00,0,0,0,0,True,True,False,23.971105955071092,-47.32393125082273,2.981686084498044,3.934493548173856,0.060410667107758095,0.0,0.0,on,connected,True,synthetic_device_spec_v11
synthetic_customer_005,cabinet_005,2026-08-27 01:00:00+00:00,0,0,0,0,True,True,False,23.829484925706605,-49.24724480350638,3.0329163514517856,4.026151782671946,0.05974990939242734,0.009116314209195215,0.01813320666662986,on,connected,True,synthetic_device_spec_v11
synthetic_customer_005,cabinet_005,2026-08-27 01:10:00+00:00,0,0,0,0,True,True,False,24.124384488607237,-48.96001014983315,3.013747196698327,3.9902638390130263,0.0,0.0,0.03325677372301406,on,connected,True,synthetic_device_spec_v11
synthetic_customer_005,cabinet_005,2026-08-27 01:20:00+00:00,0,0,0,0,True,True,False,23.815537337643978,-50.33091243006583,3.0230783027665487,4.0328258184957955,0.0,0.0,0.0,on,connected,True,synthetic_device_spec_v11
synthetic_customer_005,cabinet_005,2026-08-27 01:30:00+00:00,0,0,0,0,True,True,False,24.110606996383275,-47.40904441082252,2.9925610551523065,3.981255903148905,0.0,0.0,0.0,on,connected,True,synthetic_device_spec_v11
synthetic_customer_005,cabinet_005,2026-08-27 01:40:00+00:00,0,0,0,0,True,True,False,24.019479413578154,-47.14226686864684,3.0325239596179006,3.9906631158785304,0.19463221528678049,0.0,0.0,on,connected,True,synthetic_device_spec_v11
synthetic_customer_005,cabinet_005,2026-08-27 01:50:00+00:00,0,0,0,0,True,True,False,23.952104937814333,-48.06599581361543,3.0223957324772606,4.094144789510666,0.0,0.0,0.05840459606013068,on,connected,True,synthetic_device_spec_v11
synthetic_customer_005,cabinet_005,2026-08-27 02:00:00+00:00,0,0,0,0,True,True,False,23.81075956207131,-47.155397500340165,2.937802960009528,3.9509951447989295,0.2661708860098473,0.0,0.0,on,connected,True,synthetic_device_spec_v11
synthetic_customer_005,cabinet_005,2026-08-27 02:10:00+00:00,0,0,0,0,True,True,False,24.08607995705578,-45.84971726208126,3.010756689095157,4.02400254840035,0.0,0.01333821101784524,0.01943411082749237,on,connected,True,synthetic_device_spec_v11
synthetic_customer_005,cabinet_005,2026-08-27 02:20:00+00:00,0,0,0,0,True,True,False,24.156125860770402,-47.38493364124148,3.002659778157871,3.9158221137639693,0.0,0.0,0.0,on,connected,True,synthetic_device_spec_v11
synthetic_customer_005,cabinet_005,2026-08-27 02:30:00+00:00,0,0,0,0,True,True,False,24.042997805638862,-47.34546826755387,2.970567431830115,3.956536049322378,0.0,0.023734673580117462,0.0,on,connected,True,synthetic_device_spec_v11
synthetic_customer_005,cabinet_005,2026-08-27 02:40:00+00:00,0,0,0,0,True,True,False,23.957067250581392,-47.676136158613055,3.0226648302465198,4.010139553311773,1.1479624759679241,0.0,0.0,on,connected,True,synthetic_device_spec_v11
synthetic_customer_005,cabinet_005,2026-08-27 02:50:00+00:00,0,0,0,0,True,True,False,23.711579497942697,-47.809468394153406,3.085373107217632,4.018448772431882,0.536496885038358,0.02758318102451389,0.0035550061530189377,on,connected,True,synthetic_device_spec_v11
synthetic_customer_005,cabinet_005,2026-08-27 03:00:00+00:00,0,0,0,0,True,True,False,24.03230167407022,-48.76441933660284,3.032675058918484,3.941490292748425,0.0,0.012990467432215588,0.029668233803790276,on,connected,True,synthetic_device_spec_v11
synthetic_customer_005,cabinet_005,2026-08-27 03:10:00+00:00,0,0,0,0,True,True,False,24.09063099489671,-48.15744651498496,2.9949634006868413,3.930371247981103,0.0,0.0,0.0,on,connected,True,synthetic_device_spec_v11
synthetic_customer_005,cabinet_005,2026-08-27 03:20:00+00:00,0,0,0,0,True,True,False,24.01673050734961,-47.57953447656346,3.0529797550110733,4.109334907062035,0.49926015160167464,0.0,0.011855435379253536,on,connected,True,synthetic_device_spec_v11
synthetic_customer_005,cabinet_005,2026-08-27 03:30:00+00:00,0,0,0,0,True,True,False,24.132900971683448,-47.53302453020505,3.0382541513240584,4.001161180912041,0.0,0.0040632994472605335,0.02505038179891299,on,connected,True,synthetic_device_spec_v11
synthetic_customer_005,cabinet_005,2026-08-27 03:40:00+00:00,0,0,0,0,True,True,False,23.8495971839497,-49.51445821466017,3.0260022210145063,4.024130730930822,0.0,0.0,0.0,on,connected,True,synthetic_device_spec_v11
synthetic_customer_005,cabinet_005,2026-08-27 03:50:00+00:00,0,0,0,0,True,True,False,23.967257416689886,-47.50849137572734,2.9661501359316533,3.9359658360661967,0.0,0.018189412250396574,0.015299184192417216,on,connected,True,synthetic_device_spec_v11
synthetic_customer_005,cabinet_005,2026-08-27 04:00:00+00:00,0,0,0,0,True,True,False,23.932525224018693,-48.758967259698785,3.0520937402970065,3.9561474153018636,0.0,0.0,0.004755757240332217,on,connected,True,synthetic_device_spec_v11
synthetic_customer_005,cabinet_005,2026-08-27 04:10:00+00:00,0,0,0,0,True,True,False,23.949863954405448,-51.78159357803775,2.9442387770734624,4.0001828598541636,0.2514565017316069,0.0,0.0,on,connected,True,synthetic_device_spec_v11
synthetic_customer_005,cabinet_005,2026-08-27 04:20:00+00:00,0,0,0,0,True,True,False,24.161092974171417,-47.7487726419652,2.9968350911431303,4.216831950992538,0.0,0.0018037276386771335,0.04243012599735816,on,connected,True,synthetic_device_spec_v11
synthetic_customer_005,cabinet_005,2026-08-27 04:30:00+00:00,0,0,0,0,True,True,False,24.121259950562568,-46.10074834709636,3.1040601249518422,4.283356550207124,0.0,0.0,0.040992826757051924,on,connected,True,synthetic_device_spec_v11
synthetic_customer_005,cabinet_005,2026-08-27 04:40:00+00:00,0,0,0,0,True,True,False,23.964309100105723,-48.567316330671034,3.0389556641891353,4.55075419782928,0.0,0.0,0.06487234506468612,on,connected,True,synthetic_device_spec_v11
synthetic_customer_005,cabinet_005,2026-08-27 04:50:00+00:00,0,0,0,0,True,True,False,23.87183565684407,-48.123525005354395,2.962417206168747,4.683158863737279,0.0,0.033169403627223384,0.08115637460180648,on,connected,True,synthetic_device_spec_v11
synthetic_customer_005,cabinet_005,2026-08-27 05:00:00+00:00,0,0,0,0,True,True,False,24.25225374194837,-48.466073908001505,2.9389305150696803,4.721783075992034,0.0,0.00428699671462962,0.14939729691452386,on,connected,True,synthetic_device_spec_v11
synthetic_customer_005,cabinet_005,2026-08-27 05:10:00+00:00,0,0,0,0,True,True,False,24.154437609440485,-47.51290040843189,2.994520806466993,4.995940367509028,0.0,0.007332806303506355,0.14214909047665542,on,connected,True,synthetic_device_spec_v11
synthetic_customer_005,cabinet_005,2026-08-27 05:20:00+00:00,0,0,0,0,True,True,False,24.13092467589868,-47.50428894723893,2.9777405169265334,5.174311059657786,0.3250691175784952,0.0,0.11136556448153598,on,connected,True,synthetic_device_spec_v11
synthetic_customer_005,cabinet_005,2026-08-27 05:30:00+00:00,0,0,0,0,True,True,False,23.921693281341877,-48.19318154484856,2.946215952096049,5.394241462961541,0.620623641625532,0.0008692798098429031,0.17974542363525567,on,connected,True,synthetic_device_spec_v11
synthetic_customer_005,cabinet_005,2026-08-27 05:40:00+00:00,0,0,0,0,True,True,False,23.980776563872865,-47.8577457074467,2.9687856107414943,5.507071042916465,0.0,0.011769438693673823,0.2400879581058371,on,connected,True,synthetic_device_spec_v11
synthetic_customer_005,cabinet_005,2026-08-27 05:50:00+00:00,0,0,0,0,True,True,False,23.910564867822977,-47.72706140748914,3.0246169443810706,5.7679995236990065,0.13091460757594994,0.0,0.2365570978664371,on,connected,True,synthetic_device_spec_v11
synthetic_customer_005,cabinet_005,2026-08-27 06:00:00+00:00,0,0,0,0,True,True,False,24.061582493520113,-48.085538957399486,3.03001115542255,5.7972759987632205,0.0,0.02760970940892677,0.23462605511209245,on,connected,True,synthetic_device_spec_v11
synthetic_customer_005,cabinet_005,2026-08-27 06:10:00+00:00,1,1,1,1,True,True,False,24.22334735795135,-48.95725331554159,2.9822223181260883,6.017469482796349,0.0,0.0058565226784241114,0.30105356296657804,on,connected,True,synthetic_device_spec_v11
synthetic_customer_005,cabinet_005,2026-08-27 06:20:00+00:00,1,1,1,1,True,True,False,24.07950158756912,-48.22578608417507,3.041738786452905,6.240058251586536,0.0011182261203756074,0.0,0.3003900939315716,on,connected,True,synthetic_device_spec_v11
synthetic_customer_005,cabinet_005,2026-08-27 06:30:00+00:00,1,1,1,1,True,True,False,24.022554032104807,-48.30002631120728,2.972796636580587,6.436970664629247,2.1128953137060122,0.002281706139820533,0.3234704559194855,on,connected,True,synthetic_device_spec_v11
synthetic_customer_005,cabinet_005,2026-08-27 06:40:00+00:00,0,0,0,0,True,True,False,23.811718601995796,-46.6942195021041,2.990550528470748,6.65755220146335,3.282877801742859,0.028742312287386898,0.34355809284591404,on,connected,True,synthetic_device_spec_v11
synthetic_customer_005,cabinet_005,2026-08-27 06:50:00+00:00,0,0,0,0,True,True,False,23.989877761792705,-49.88725820635854,2.899273173255779,6.951471305573809,5.650343159480125,0.0,0.3716088259888406,on,connected,True,synthetic_device_spec_v11
synthetic_customer_005,cabinet_005,2026-08-27 07:00:00+00:00,0,0,0,0,True,True,False,23.980136329195723,-49.2903419162343,2.9684566991127896,6.960906037380099,9.254394875766653,0.0,0.40205035619977547,on,connected,True,synthetic_device_spec_v11
synthetic_customer_005,cabinet_005,2026-08-27 07:10:00+00:00,0,0,0,0,True,True,False,23.846326554618184,-48.816758892294075,2.990049855745289,7.1252346697586075,10.162800638604185,0.057601879371767896,0.40426356759612864,on,connected,True,synthetic_device_spec_v11
synthetic_customer_005,cabinet_005,2026-08-27 07:20:00+00:00,0,0,0,0,True,True,False,24.095984913107994,-47.67789096460916,2.9597062455411116,7.044580716251658,13.1675933488356,0.019532917920086525,0.4373450129183736,on,connected,True,synthetic_device_spec_v11
synthetic_customer_005,cabinet_005,2026-08-27 07:30:00+00:00,0,0,0,0,True,True,False,23.891004362351218,-47.88559086860279,2.9979760418845007,7.088881013373204,15.963828165637427,0.0,0.415724339797941,on,connected,True,synthetic_device_spec_v11
synthetic_customer_005,cabinet_005,2026-08-27 07:40:00+00:00,0,0,0,0,True,True,False,24.132766356430764,-48.361897310017014,2.9438319857779343,3.901419210720507,17.99323624927032,0.013269467153785242,0.0010477349485331618,on,connected,True,synthetic_device_spec_v11
synthetic_customer_005,cabinet_005,2026-08-27 07:50:00+00:00,0,0,0,0,True,True,False,24.03302390462687,-47.9791423340649,3.0520738721722194,3.8276780431594943,20.133414918070347,0.011842689578320919,0.011335436407750877,on,connected,True,synthetic_device_spec_v11
synthetic_customer_005,cabinet_005,2026-08-27 08:00:00+00:00,0,0,0,0,True,True,False,24.022249303837377,-47.743932366059866,2.99751228510961,3.992385599085942,22.32358491757735,0.0,0.05129246872387962,on,connected,True,synthetic_device_spec_v11
synthetic_customer_005,cabinet_005,2026-08-27 08:10:00+00:00,0,0,0,0,True,True,False,23.922830178625134,-47.87395928317722,2.9427929651195854,3.908201116229501,24.210810517056363,0.0011992557766822235,0.0,on,connected,True,synthetic_device_spec_v11
synthetic_customer_005,cabinet_005,2026-08-27 08:20:00+00:00,0,0,0,0,True,True,False,24.061304875318005,-47.42215195263528,2.971691575475532,3.9846292390664297,24.025742346317397,0.0,0.024351218535829885,on,connected,True,synthetic_device_spec_v11
synthetic_customer_005,cabinet_005,2026-08-27 08:30:00+00:00,0,0,0,0,True,True,False,24.09871654202502,-47.70993658108987,2.9695317817448763,3.986264545095269,24.45891750749104,0.0,0.015528619325424532,on,connected,True,synthetic_device_spec_v11
synthetic_customer_005,cabinet_005,2026-08-27 08:40:00+00:00,0,0,0,0,True,True,False,23.877963819613406,-47.033062046299555,3.04500317137608,4.078881597541112,25.17201322756421,0.0,0.0,on,connected,True,synthetic_device_spec_v11
synthetic_customer_005,cabinet_005,2026-08-27 08:50:00+00:00,0,0,0,0,True,True,False,23.96903986332555,-48.831252910893696,2.923462826630471,3.933999142244205,25.57693160038881,0.0,0.0036147415606469233,on,connected,True,synthetic_device_spec_v11
synthetic_customer_005,cabinet_005,2026-08-27 09:00:00+00:00,0,0,0,0,True,True,False,23.8418630227026,-48.77388715508609,2.969896002004546,4.110785559386877,24.70326399912514,0.0,0.01948337332152775,on,connected,True,synthetic_device_spec_v11
synthetic_customer_005,cabinet_005,2026-08-27 09:10:00+00:00,0,0,0,0,True,True,False,23.853894390205475,-49.051932637392035,2.902943967405331,3.9330187648523567,25.489632903385854,0.041999369934696384,0.0,on,connected,True,synthetic_device_spec_v11
synthetic_customer_005,cabinet_005,2026-08-27 09:20:00+00:00,0,0,0,0,True,True,False,23.986908462066378,-47.143529339644815,3.0426407820716044,3.8953830980130637,0.0,0.054190407726380965,0.0,on,connected,True,synthetic_device_spec_v11
synthetic_customer_005,cabinet_005,2026-08-27 09:30:00+00:00,0,0,0,0,True,True,False,24.249163355660883,-48.23560852338464,3.117203923265797,4.057568441447875,0.0,0.011648475254359318,0.0,on,connected,True,synthetic_device_spec_v11
synthetic_customer_005,cabinet_005,2026-08-27 09:40:00+00:00,0,0,0,0,True,True,False,23.68305168187271,-48.10319168191034,2.980586254988154,3.980296437675342,0.0,0.0072625513176374406,0.02498196604304977,on,connected,True,synthetic_device_spec_v11
synthetic_customer_005,cabinet_005,2026-08-27 09:50:00+00:00,0,0,0,0,True,True,False,24.109022606087542,-48.386713220469666,2.8850385303278867,3.9382083008399102,0.13836929724455388,0.008265999472440276,0.003551682691456521,on,connected,True,synthetic_device_spec_v11
synthetic_customer_005,cabinet_005,2026-08-27 10:00:00+00:00,0,0,0,0,True,True,False,24.093519341099732,-49.02362422228951,2.974622734552024,4.0465366517237555,0.47252482968013815,0.026147622338926476,0.0,on,connected,True,synthetic_device_spec_v11
synthetic_customer_005,cabinet_005,2026-08-27 10:10:00+00:00,0,0,0,0,True,True,False,24.00550791397522,-48.615854870212246,2.997338517957517,4.037155220501911,0.0,0.0,0.0,on,connected,True,synthetic_device_spec_v11
synthetic_customer_005,cabinet_005,2026-08-27 10:20:00+00:00,0,0,0,0,True,True,False,24.103052201033485,-48.75520684140396,3.029789537065874,4.021398954682279,0.17545985026268,0.0,0.0,on,connected,True,synthetic_device_spec_v11
synthetic_customer_005,cabinet_005,2026-08-27 10:30:00+00:00,0,0,0,0,True,True,False,23.867251648611045,-47.296255375978376,2.9901139274745314,4.035553608673418,0.0,0.0,0.0,on,connected,True,synthetic_device_spec_v11
synthetic_customer_005,cabinet_005,2026-08-27 10:40:00+00:00,0,0,0,0,True,True,False,24.206308971167026,-48.55559068913049,3.021184830366907,4.037497444731688,0.0,0.0,0.01852201984701164,on,connected,True,synthetic_device_spec_v11
synthetic_customer_005,cabinet_005,2026-08-27 10:50:00+00:00,0,0,0,0,True,True,False,24.04426885569816,-47.38200471697335,2.9862592588840235,4.035014535870666,0.7880901443866837,0.0,0.012401033537645864,on,connected,True,synthetic_device_spec_v11
synthetic_customer_005,cabinet_005,2026-08-27 11:00:00+00:00,0,0,0,0,True,True,False,23.879235379164818,-46.753399786627114,2.9217270487933127,3.9273156422209428,0.0,0.002400725604662966,0.004023541333479877,on,connected,True,synthetic_device_spec_v11
synthetic_customer_005,cabinet_005,2026-08-27 11:10:00+00:00,0,0,0,0,True,True,False,23.83033253306803,-48.0689426375827,3.0345811355907077,4.169215088705015,0.17003050621289423,0.02410677343232206,0.010765620538459305,on,connected,True,synthetic_device_spec_v11
synthetic_customer_005,cabinet_005,2026-08-27 11:20:00+00:00,0,0,0,0,True,True,False,24.050803955793565,-47.2489895546726,2.9519384783950513,3.9836477765974347,0.0,0.0,0.0,on,connected,True,synthetic_device_spec_v11
synthetic_customer_005,cabinet_005,2026-08-27 11:30:00+00:00,0,0,0,0,True,True,False,23.804165150009517,-47.13748651122269,3.0427858607262435,4.028713968702457,0.0,0.0,0.0,on,connected,True,synthetic_device_spec_v11
synthetic_customer_005,cabinet_005,2026-08-27 11:40:00+00:00,0,0,0,0,True,True,False,24.035472032947077,-47.17313250138339,3.050580968831096,4.029381836191153,0.39469948544705236,0.022793830333028883,0.0,on,connected,True,synthetic_device_spec_v11
synthetic_customer_005,cabinet_005,2026-08-27 11:50:00+00:00,0,0,0,0,True,True,False,24.13812352689905,-46.354893245426815,2.988621750537883,3.9821927066597533,0.0,0.0,0.0006870441069008065,on,connected,True,synthetic_device_spec_v11
synthetic_customer_005,cabinet_005,2026-08-27 12:00:00+00:00,0,0,0,0,True,True,False,24.091393927570948,-49.191607336075485,2.9754834299198705,4.023264293575322,0.0,0.03263252322495405,0.013710572270863664,on,connected,True,synthetic_device_spec_v11
synthetic_customer_005,cabinet_005,2026-08-27 12:10:00+00:00,1,1,1,1,True,True,False,24.00613539323489,-47.947496251324715,2.977975679454932,4.021150080977764,0.0,0.019406883127317545,0.006103923729569133,on,connected,True,synthetic_device_spec_v11
synthetic_customer_005,cabinet_005,2026-08-27 12:20:00+00:00,1,1,1,1,True,True,False,24.36732989223402,-49.61424696301627,3.0026838723047624,3.9530212384655763,0.0,0.03286615307199507,0.0,on,connected,True,synthetic_device_spec_v11
synthetic_customer_005,cabinet_005,2026-08-27 12:30:00+00:00,1,1,1,1,True,True,False,23.96716117294876,-47.00703974767645,2.966963533964649,4.001784597616037,0.05341020911230285,0.0,0.0,on,connected,True,synthetic_device_spec_v11
synthetic_customer_005,cabinet_005,2026-08-27 12:40:00+00:00,0,0,0,0,True,True,False,23.935228233299235,-47.19141611638122,2.969701960195515,3.9573996082581684,0.0,0.0,0.004160601350700715,on,connected,True,synthetic_device_spec_v11
synthetic_customer_005,cabinet_005,2026-08-27 12:50:00+00:00,0,0,0,0,True,True,False,23.843246187184974,-49.29398553868204,2.99835573246789,4.0534675659181465,0.0,0.0014139074416745126,0.0,on,connected,True,synthetic_device_spec_v11
synthetic_customer_005,cabinet_005,2026-08-27 13:00:00+00:00,0,0,0,0,True,True,False,23.952193047742163,-48.71174110864026,3.006834612760724,4.031317737505085,0.38559945092043213,0.004345830042114345,0.020005679533954622,on,connected,True,synthetic_device_spec_v11
synthetic_customer_005,cabinet_005,2026-08-27 13:10:00+00:00,0,0,0,0,True,True,False,24.175451076268505,-49.291438543901755,3.038481179961429,3.983811784215196,0.06305217996662386,0.0019066460785984577,0.014020610902258611,on,connected,True,synthetic_device_spec_v11
synthetic_customer_005,cabinet_005,2026-08-27 13:20:00+00:00,0,0,0,0,True,True,False,24.22338834097653,-48.662044065549004,3.0364649322273607,4.046295512592767,0.0,0.018987546500152885,0.008561961197050277,on,connected,True,synthetic_device_spec_v11
synthetic_customer_005,cabinet_005,2026-08-27 13:30:00+00:00,0,0,0,0,True,True,False,23.96506573666529,-47.28571863357444,3.048765865231085,4.122522642091468,0.1732911628896385,0.017728726894366803,0.0,on,connected,True,synthetic_device_spec_v11
synthetic_customer_005,cabinet_005,2026-08-27 13:40:00+00:00,0,0,0,0,True,True,False,23.979956534921286,-48.64822411310531,3.05389923102992,4.098155943446974,0.0,0.0689727818521518,0.0012646884297621828,on,connected,True,synthetic_device_spec_v11
synthetic_customer_005,cabinet_005,2026-08-27 13:50:00+00:00,0,0,0,0,True,True,False,24.12827227241038,-48.54092440908652,2.997895463104891,4.019851304993377,0.28443340635231684,0.021042513205568318,0.0,on,connected,True,synthetic_device_spec_v11
synthetic_customer_005,cabinet_005,2026-08-27 14:00:00+00:00,0,0,0,0,True,True,False,23.951885926411272,-49.16441718755591,2.9551535186051776,3.891167523333618,0.8302295110704109,0.0,0.010321765829002398,on,connected,True,synthetic_device_spec_v11
synthetic_customer_005,cabinet_005,2026-08-27 14:10:00+00:00,0,0,0,0,True,True,False,23.963604177746205,-48.11193939755676,3.0697832328725396,3.9300461451900506,0.0,0.0,0.0,on,connected,True,synthetic_device_spec_v11
synthetic_customer_005,cabinet_005,2026-08-27 14:20:00+00:00,0,0,0,0,True,True,False,24.01501201970964,-48.638221473017985,2.991901482295075,3.9304302249179592,0.9270967796971882,0.0,0.016307552548480302,on,connected,True,synthetic_device_spec_v11
synthetic_customer_005,cabinet_005,2026-08-27 14:30:00+00:00,0,0,0,0,True,True,False,23.95766875777068,-47.83503705725356,2.9713494511497225,4.104448136709286,0.0,0.017798670098249685,0.0,on,connected,True,synthetic_device_spec_v11
synthetic_customer_005,cabinet_005,2026-08-27 14:40:00+00:00,0,0,0,0,True,True,False,24.038459506091364,-47.59684813422993,2.9850906423995758,3.953487526562681,0.051955000450738656,0.013443080891058515,0.0,on,connected,True,synthetic_device_spec_v11
synthetic_customer_005,cabinet_005,2026-08-27 14:50:00+00:00,0,0,0,0,True,True,False,23.876774653853726,-46.25803199184602,3.0022883233548305,4.013967685106568,0.4210039980517264,0.012829797124843785,0.0051032963338996495,on,connected,True,synthetic_device_spec_v11
synthetic_customer_005,cabinet_005,2026-08-27 15:00:00+00:00,0,0,0,0,True,True,False,24.066069483369102,-47.54140629052837,3.014936161786958,3.941142429575007,0.3436302039970054,0.0,0.008403535144310628,on,connected,True,synthetic_device_spec_v11
synthetic_customer_005,cabinet_005,2026-08-27 15:10:00+00:00,0,0,0,0,True,True,False,24.0516155271318,-47.46096121920338,3.021700121222735,3.9571871469577875,0.0,0.00011627237086551431,0.02744411816452882,on,connected,True,synthetic_device_spec_v11
synthetic_customer_005,cabinet_005,2026-08-27 15:20:00+00:00,0,0,0,0,True,True,False,24.146523500474515,-47.636064744055204,3.0167864201064276,4.101711026761014,0.42755545650266574,0.0,0.010753133142000266,on,connected,True,synthetic_device_spec_v11
synthetic_customer_005,cabinet_005,2026-08-27 15:30:00+00:00,0,0,0,0,True,True,False,24.06679617734597,-48.813626923797145,3.0276220173220727,3.9251676343013253,0.6040781203766773,0.0,0.0,on,connected,True,synthetic_device_spec_v11
synthetic_customer_005,cabinet_005,2026-08-27 15:40:00+00:00,0,0,0,0,True,True,False,24.196348460168302,-46.82845132123163,3.0354195393232186,3.94017215246943,0.30376387092084106,0.038510452082284236,0.005175021426884414,on,connected,True,synthetic_device_spec_v11
synthetic_customer_005,cabinet_005,2026-08-27 15:50:00+00:00,0,0,0,0,True,True,False,23.99379890170327,-48.450843253638226,3.0255291390105636,3.9179021565903827,0.0,0.0025423700288676877,0.003970034055416598,on,connected,True,synthetic_device_spec_v11
synthetic_customer_005,cabinet_005,2026-08-27 16:00:00+00:00,0,0,0,0,True,True,False,23.843264302378113,-50.03780010816538,2.8485162358266627,4.015621360210472,0.14083920094630686,0.0,0.00381047905628084,on,connected,True,synthetic_device_spec_v11
synthetic_customer_005,cabinet_005,2026-08-27 16:10:00+00:00,0,0,0,0,True,True,False,23.938570113970354,-47.63384420580015,2.761012739228191,3.991214741173301,0.4228310627413316,0.019849116817543873,0.0,on,connected,True,synthetic_device_spec_v11
synthetic_customer_005,cabinet_005,2026-08-27 16:20:00+00:00,0,0,0,0,True,True,False,23.824320845917388,-47.597096174333366,2.6897463729578925,4.000566347311911,0.09386049027377852,0.017517796305666637,0.02234370308367962,on,connected,True,synthetic_device_spec_v11
synthetic_customer_005,cabinet_005,2026-08-27 16:30:00+00:00,0,0,0,0,True,True,False,24.097370372674067,-49.018584826605654,2.592471643047071,4.0984037064112995,0.7123424604755089,0.013815808461017601,0.01009065657792944,on,connected,True,synthetic_device_spec_v11
synthetic_customer_005,cabinet_005,2026-08-27 16:40:00+00:00,0,0,0,0,True,True,False,24.11884403842097,-48.122627882146624,2.552268102660187,4.00102379555524,0.0,0.0,0.021844315704698986,on,connected,True,synthetic_device_spec_v11
synthetic_customer_005,cabinet_005,2026-08-27 16:50:00+00:00,0,0,0,0,True,True,False,23.902557700601047,-48.44036946146763,2.403371926593786,4.041348227849747,0.3671045523616891,0.019067010622915794,0.03784418393290566,on,connected,True,synthetic_device_spec_v11
synthetic_customer_005,cabinet_005,2026-08-27 17:00:00+00:00,0,0,0,0,True,True,False,24.059710171755096,-48.83462634021126,2.375378013378875,4.075880661537122,0.35332016785694176,0.04948380086394668,0.0,on,connected,True,synthetic_device_spec_v11
synthetic_customer_005,cabinet_005,2026-08-27 17:10:00+00:00,0,0,0,0,True,True,False,24.249187475755374,-46.72347373096073,2.2560160593361593,3.9722108293568343,0.22746954683987872,0.0,0.025693937675767515,on,connected,True,synthetic_device_spec_v11
synthetic_customer_005,cabinet_005,2026-08-27 17:20:00+00:00,0,0,0,0,True,True,False,23.897625257294006,-48.06032875184716,2.232447079699423,3.936540873855768,0.0492110887013361,0.0,0.013239204361654596,on,connected,True,synthetic_device_spec_v11
synthetic_customer_005,cabinet_005,2026-08-27 17:30:00+00:00,0,0,0,0,True,True,False,24.156340149694334,-46.96750345944117,2.138684645719263,3.8899065829261277,0.1199570684774288,0.01105813683953669,0.0,on,connected,True,synthetic_device_spec_v11
synthetic_customer_005,cabinet_005,2026-08-27 17:40:00+00:00,0,0,0,0,True,True,False,24.054620381417433,-49.66181843752146,2.199233921289805,4.014159363645196,0.0,0.0025978927925816835,0.010549133952371633,on,connected,True,synthetic_device_spec_v11
synthetic_customer_005,cabinet_005,2026-08-27 17:50:00+00:00,0,0,0,0,True,True,False,24.105477661204223,-48.362057853855774,2.190009911999,4.046561112756822,0.37733855258821736,0.028062417314884586,0.0,on,connected,True,synthetic_device_spec_v11
synthetic_customer_005,cabinet_005,2026-08-27 18:00:00+00:00,0,0,0,0,True,True,False,24.0323602516868,-47.43655885118869,2.2357087170351777,3.993064570779661,0.0,0.0,0.008540705510469307,on,connected,True,synthetic_device_spec_v11
synthetic_customer_005,cabinet_005,2026-08-27 18:10:00+00:00,1,1,1,1,True,True,False,24.296087983369166,-47.6914391002517,3.0365588942199766,4.064908822834016,0.0,0.0,0.00591791820111007,on,connected,True,synthetic_device_spec_v11
synthetic_customer_005,cabinet_005,2026-08-27 18:20:00+00:00,1,1,1,1,True,True,False,23.77260598678098,-49.74681434559777,3.026853534105369,3.9766364486286934,0.0,0.0,0.0,on,connected,True,synthetic_device_spec_v11
synthetic_customer_005,cabinet_005,2026-08-27 18:30:00+00:00,1,1,1,1,True,True,False,24.101156869272955,-47.0775491745098,3.03150022894181,4.026121619058136,0.7549328964344568,0.02648995423219873,0.0022629020665733213,on,connected,True,synthetic_device_spec_v11
synthetic_customer_005,cabinet_005,2026-08-27 18:40:00+00:00,0,0,0,0,True,True,False,23.86537769657026,-49.184695695731875,3.028579565170497,4.102307181519134,0.0,0.0,0.026503734638454325,on,connected,True,synthetic_device_spec_v11
synthetic_customer_005,cabinet_005,2026-08-27 18:50:00+00:00,0,0,0,0,True,True,False,23.939853141642317,-47.740601835256044,3.0194545345218238,4.027642916393726,0.48874253999960493,0.015782909189636193,0.0,on,connected,True,synthetic_device_spec_v11
synthetic_customer_005,cabinet_005,2026-08-27 19:00:00+00:00,0,0,0,0,True,True,False,23.823501093986824,-46.80440900368154,2.9802244257267647,3.9802511802904244,0.0,0.0,0.004822900774254658,on,connected,True,synthetic_device_spec_v11
synthetic_customer_005,cabinet_005,2026-08-27 19:10:00+00:00,0,0,0,0,True,True,False,23.805822093173603,-47.67034510067784,2.9967497936516794,3.9593270755973435,0.0,0.0,0.013265846739299163,on,connected,True,synthetic_device_spec_v11
synthetic_customer_005,cabinet_005,2026-08-27 19:20:00+00:00,0,0,0,0,True,True,False,23.93004288932242,-48.824242427865535,2.9468383104198153,3.9903730354534206,0.27239814895280295,0.0,0.0015315113583326254,on,connected,True,synthetic_device_spec_v11
synthetic_customer_005,cabinet_005,2026-08-27 19:30:00+00:00,0,0,0,0,True,True,False,24.067015449021316,-49.34138295826525,2.996343552689094,4.021580824699623,0.0,0.0007423695925890829,0.0,on,connected,True,synthetic_device_spec_v11
synthetic_customer_005,cabinet_005,2026-08-27 19:40:00+00:00,0,0,0,0,True,True,False,23.883789917219335,-47.09865327579185,2.9635802636997597,4.114333214113401,1.124608482036633,0.0,0.0,on,connected,True,synthetic_device_spec_v11
synthetic_customer_005,cabinet_005,2026-08-27 19:50:00+00:00,0,0,0,0,True,True,False,24.06919853637311,-47.25045229542943,3.0361388098143056,4.010009565100594,0.0,0.0,0.037387509517238744,on,connected,True,synthetic_device_spec_v11
synthetic_customer_005,cabinet_005,2026-08-27 20:00:00+00:00,0,0,0,0,True,True,False,24.165079811935307,-46.76677156185853,3.0127737485079766,3.974899822373927,0.376086142932144,0.010023533067538113,0.008937364239433027,on,connected,True,synthetic_device_spec_v11
synthetic_customer_005,cabinet_005,2026-08-27 20:10:00+00:00,0,0,0,0,True,True,False,23.921226143704647,-49.42540860191716,3.0578895790401317,3.993548514051289,0.0,0.0,0.023837663070313868,on,connected,True,synthetic_device_spec_v11
synthetic_customer_005,cabinet_005,2026-08-27 20:20:00+00:00,0,0,0,0,True,True,False,24.073336211012435,-47.670343182729894,3.0211399996113077,3.9492536008745787,0.0,0.0,0.0,on,connected,True,synthetic_device_spec_v11
synthetic_customer_005,cabinet_005,2026-08-27 20:30:00+00:00,0,0,0,0,True,True,False,24.009172437961894,-47.12796048600935,3.0497386999483767,3.9804411153879613,0.0,0.0,0.023131595217430558,on,connected,True,synthetic_device_spec_v11
synthetic_customer_005,cabinet_005,2026-08-27 20:40:00+00:00,0,0,0,0,True,True,False,24.162851881507297,-47.90254781405755,3.0414367739315726,3.9927439452239546,0.0,0.014186794447676088,0.01187644093638739,on,connected,True,synthetic_device_spec_v11
synthetic_customer_005,cabinet_005,2026-08-27 20:50:00+00:00,0,0,0,0,True,True,False,23.796403838597342,-48.05071889845867,2.9087270473313027,3.86821386989159,0.4047137337511826,0.007326978154040118,0.0,on,connected,True,synthetic_device_spec_v11
synthetic_customer_005,cabinet_005,2026-08-27 21:00:00+00:00,0,0,0,0,True,True,False,23.918101301315563,-48.12711988630259,2.746355512540855,3.976094370723941,0.19517156257786736,0.02120245655382507,0.00622685707716498,on,connected,True,synthetic_device_spec_v11
synthetic_customer_005,cabinet_005,2026-08-27 21:10:00+00:00,0,0,0,0,True,True,False,24.12656149372789,-48.00353795330043,2.7018398391741902,4.090470934850847,0.0,0.01678889875223289,0.013420882638414863,on,connected,True,synthetic_device_spec_v11
synthetic_customer_005,cabinet_005,2026-08-27 21:20:00+00:00,0,0,0,0,True,True,False,24.050109119837693,-49.23794892058995,2.6127221876079956,4.090408497029841,0.7225898489441663,0.0009077333619711622,0.01736750791023968,on,connected,True,synthetic_device_spec_v11
synthetic_customer_005,cabinet_005,2026-08-27 21:30:00+00:00,0,0,0,0,True,True,False,24.057198029195995,-49.09020356376452,2.5237607724850113,3.993171148754711,0.0,0.01700561011954086,0.0,on,connected,True,synthetic_device_spec_v11
synthetic_customer_005,cabinet_005,2026-08-27 21:40:00+00:00,0,0,0,0,True,True,False,23.90032610315509,-48.73681335272257,2.5266375182580956,3.9572949227149614,0.15167122786949117,0.015825890906080553,0.005382564661172099,on,connected,True,synthetic_device_spec_v11
synthetic_customer_005,cabinet_005,2026-08-27 21:50:00+00:00,0,0,0,0,True,True,False,23.936514560173062,-48.7610348355228,2.310188852747853,4.011959751804942,0.13321984291750857,0.0,0.011343070624766445,on,connected,True,synthetic_device_spec_v11
synthetic_customer_005,cabinet_005,2026-08-27 22:00:00+00:00,0,0,0,0,True,True,False,23.906376631394753,-48.736440933606524,2.2190525698432535,3.978184572652709,0.0,0.024178554857712566,0.0,on,connected,True,synthetic_device_spec_v11
synthetic_customer_005,cabinet_005,2026-08-27 22:10:00+00:00,0,0,0,0,True,True,False,24.07367382103743,-46.83433379805394,2.0853415395616794,3.918282532023728,0.0,0.03391221915274015,0.0,on,connected,True,synthetic_device_spec_v11
synthetic_customer_005,cabinet_005,2026-08-27 22:20:00+00:00,0,0,0,0,True,True,False,23.992106242046606,-49.09511204285054,1.9917861933351184,3.9434354445373625,0.0,0.008403350853072701,0.018901523808223054,on,connected,True,synthetic_device_spec_v11
synthetic_customer_005,cabinet_005,2026-08-27 22:30:00+00:00,0,0,0,0,True,True,False,23.86931152684376,-45.69711964250014,1.9158940659439785,4.074811781134282,0.0,0.012067278941369238,0.014178875358701874,on,connected,True,synthetic_device_spec_v11
synthetic_customer_005,cabinet_005,2026-08-27 22:40:00+00:00,0,0,0,0,True,True,False,24.08209317329177,-46.76740839223692,1.8262027160652907,4.003780264587444,0.0,0.0,0.0,on,connected,True,synthetic_device_spec_v11
synthetic_customer_005,cabinet_005,2026-08-27 22:50:00+00:00,0,0,0,0,True,True,False,23.944682969108246,-49.30269749191151,1.709176208828777,4.024412464184209,0.0,0.0,0.0051677396777121565,on,connected,True,synthetic_device_spec_v11
synthetic_customer_005,cabinet_005,2026-08-27 23:00:00+00:00,0,0,0,0,True,True,False,23.990225402090992,-47.66215268045558,1.6554881542236224,3.981872886760815,0.0,0.02006608912115858,0.0,on,connected,True,synthetic_device_spec_v11
synthetic_customer_005,cabinet_005,2026-08-27 23:10:00+00:00,0,0,0,0,True,True,False,24.11115999842092,-47.56220205996059,1.4403026594370298,3.9324955058788444,0.4580709682566579,0.0,0.0,on,connected,True,synthetic_device_spec_v11
synthetic_customer_005,cabinet_005,2026-08-27 23:20:00+00:00,0,0,0,0,True,True,False,24.193728187848844,-48.62800295382375,1.3997992220672302,4.067255742128469,0.0,0.019963442602921554,0.0,on,connected,True,synthetic_device_spec_v11
synthetic_customer_005,cabinet_005,2026-08-27 23:30:00+00:00,0,0,0,0,True,True,False,24.132193164721006,-46.276080190202514,1.292961114622232,4.07090675498892,0.0,0.0,0.01650208496485517,on,connected,True,synthetic_device_spec_v11
synthetic_customer_005,cabinet_005,2026-08-27 23:40:00+00:00,0,0,0,0,True,True,False,23.94187228703634,-48.930138652261356,1.2770326391618085,3.9927464366868723,0.0,0.010267463131651576,0.013423185687907192,on,connected,True,synthetic_device_spec_v11
synthetic_customer_005,cabinet_005,2026-08-27 23:50:00+00:00,0,0,0,0,True,True,False,23.97578510534846,-47.71572984347761,1.1813820359710852,3.8986500002719375,0.0,0.027060040969012003,0.0,on,connected,True,synthetic_device_spec_v11
synthetic_customer_005,cabinet_005,2026-08-28 00:00:00+00:00,0,0,0,0,True,True,False,24.06262001140479,-47.93233927402443,0.9959783096035904,3.9566491632151397,0.0,0.0,0.0,on,connected,True,synthetic_device_spec_v11
synthetic_customer_005,cabinet_005,2026-08-28 00:10:00+00:00,1,1,1,0,True,True,False,24.106901752342655,-46.99568803115431,1.0421586715999784,3.9513165552593867,0.11388431720888255,0.03805549735611086,0.027741528881458092,on,connected,True,synthetic_device_spec_v11
synthetic_customer_005,cabinet_005,2026-08-28 00:20:00+00:00,1,1,1,0,True,True,False,23.937578268861042,-47.41390161873317,0.9621479500926441,3.9604001393299932,0.0,0.0,0.0,on,connected,True,synthetic_device_spec_v11
synthetic_customer_005,cabinet_005,2026-08-28 00:30:00+00:00,1,1,1,0,True,True,False,23.989842513075747,-48.26767579764891,0.9963863004585833,3.950744022829175,0.1225308160476724,0.03555744871853391,0.0,on,connected,True,synthetic_device_spec_v11
synthetic_customer_005,cabinet_005,2026-08-28 00:40:00+00:00,0,0,0,0,True,True,False,24.05913056270309,-45.86118970449027,1.0326532174951526,4.032491501150647,0.7358304970964912,0.0060888944218777,0.0,on,connected,True,synthetic_device_spec_v11
synthetic_customer_005,cabinet_005,2026-08-28 00:50:00+00:00,0,0,0,0,True,True,False,24.037040700038315,-47.88409431179295,1.0425773936159162,4.035933577331147,1.1320285565869175,0.05727695737070872,0.0,on,connected,True,synthetic_device_spec_v11
synthetic_customer_005,cabinet_005,2026-08-28 01:00:00+00:00,0,0,0,0,True,True,False,23.542888729549222,-44.719329084380504,0.9840559639390729,3.997625276687071,0.37918720094485875,0.0,0.0,on,connected,True,synthetic_device_spec_v11
synthetic_customer_005,cabinet_005,2026-08-28 01:10:00+00:00,0,0,0,0,True,True,False,23.55134277195697,-49.65801358903718,0.9761838342029149,3.931165895012906,0.032496522064103445,0.04402999141452579,0.022132335607027605,on,connected,True,synthetic_device_spec_v11
synthetic_customer_005,cabinet_005,2026-08-28 01:20:00+00:00,0,0,0,0,True,True,False,22.82371948688394,-47.82106755166337,2.988721759166798,3.999551067488134,0.0,0.0047510707121747875,0.0,on,connected,True,synthetic_device_spec_v11
synthetic_customer_005,cabinet_005,2026-08-28 01:30:00+00:00,0,0,0,0,True,True,False,22.792943331295273,-47.526337252164154,3.021968948979393,4.065015604845242,0.6055583564012166,0.0,0.0,on,connected,True,synthetic_device_spec_v11
synthetic_customer_005,cabinet_005,2026-08-28 01:40:00+00:00,0,0,0,0,True,True,False,22.201528961840303,-49.642629077500295,2.997749806649015,4.033560354421619,0.0,0.047633280711232656,0.019796512616239405,on,connected,True,synthetic_device_spec_v11
synthetic_customer_005,cabinet_005,2026-08-28 01:50:00+00:00,0,0,0,0,True,True,False,21.981411508711272,-48.279470333344875,3.0255680210051,4.0869947783870275,0.0,0.006032067944846434,0.0,on,connected,True,synthetic_device_spec_v11
synthetic_customer_005,cabinet_005,2026-08-28 02:00:00+00:00,0,0,0,0,True,True,False,21.288291814701736,-47.77887270300165,2.9898694245126864,4.034898670806008,0.44376772925220004,0.0,0.0,on,connected,True,synthetic_device_spec_v11
synthetic_customer_005,cabinet_005,2026-08-28 02:10:00+00:00,0,0,0,0,True,True,False,21.17019890796089,-46.62161221784198,3.0024061464274134,3.964403676186502,0.0,0.0,0.0,on,connected,True,synthetic_device_spec_v11
synthetic_customer_005,cabinet_005,2026-08-28 02:20:00+00:00,0,0,0,0,True,True,False,20.77073165355005,-47.94154160755339,3.0104479294324276,3.965788461169585,0.8184703656097754,0.0,0.02996832553024172,on,connected,True,synthetic_device_spec_v11
synthetic_customer_005,cabinet_005,2026-08-28 02:30:00+00:00,0,0,0,0,True,True,False,20.452226245547596,-49.08427265381391,2.9994109966895985,3.955293855393056,0.2057157882318915,0.0,0.00681423012266729,on,connected,True,synthetic_device_spec_v11
synthetic_customer_005,cabinet_005,2026-08-28 02:40:00+00:00,0,0,0,0,True,True,False,20.24573971601967,-48.49823619001076,3.009736619177023,4.111842638149625,0.0,0.017580507039074125,0.0,on,connected,True,synthetic_device_spec_v11
synthetic_customer_005,cabinet_005,2026-08-28 02:50:00+00:00,0,0,0,0,True,True,False,19.75389389851008,-48.690293831391486,3.0094175895415156,3.994833580986299,0.013018183773093328,0.0,0.0,on,connected,True,synthetic_device_spec_v11
synthetic_customer_005,cabinet_005,2026-08-28 03:00:00+00:00,0,0,0,0,True,True,False,19.43954628759066,-46.80661129476896,3.0109596916498176,3.88373760222254,0.3658411247144244,0.0,0.019502950308978428,on,connected,True,synthetic_device_spec_v11
synthetic_customer_005,cabinet_005,2026-08-28 03:10:00+00:00,0,0,0,0,True,True,False,18.84419627810144,-48.088916860466675,3.020223425895272,4.006107426646566,0.0,0.0,0.0,on,connected,True,synthetic_device_spec_v11
synthetic_customer_005,cabinet_005,2026-08-28 03:20:00+00:00,0,0,0,0,True,True,False,18.532481267142938,-48.16413591548494,3.00109833488374,4.076743936281988,0.0,0.0,0.018261127390684823,on,connected,True,synthetic_device_spec_v11
synthetic_customer_005,cabinet_005,2026-08-28 04:00:00+00:00,0,0,0,0,True,True,False,23.826273961878456,-47.68237789211174,2.945332575066273,4.000229619782398,0.964700040075046,0.0,0.0,on,connected,True,synthetic_device_spec_v11
synthetic_customer_005,cabinet_005,2026-08-28 04:10:00+00:00,0,0,0,0,True,True,False,23.93781634154853,-49.059361085596905,2.960775405664876,4.064056825959582,0.3567293713856495,0.0,0.0012163548505145394,on,connected,True,synthetic_device_spec_v11
synthetic_customer_005,cabinet_005,2026-08-28 04:20:00+00:00,0,0,0,0,True,True,False,23.927301107746928,-48.155237104726794,3.043654414077285,4.08817249955403,0.11281886219519141,0.0,0.028536166937915476,on,connected,True,synthetic_device_spec_v11
synthetic_customer_005,cabinet_005,2026-08-28 04:30:00+00:00,0,0,0,0,True,True,False,24.17488781717804,-49.42655503329609,2.965634350410337,4.11187344094937,0.0,0.005777446434955378,0.0,on,connected,True,synthetic_device_spec_v11
synthetic_customer_005,cabinet_005,2026-08-28 04:40:00+00:00,0,0,0,0,True,True,False,23.991425120396762,-47.98534097804552,3.0587422054515803,3.9857640041211497,0.0,0.0,0.0,on,connected,True,synthetic_device_spec_v11
synthetic_customer_005,cabinet_005,2026-08-28 04:50:00+00:00,0,0,0,0,True,True,False,23.961782205674456,-49.54547039001479,3.0078524211245456,4.010688847509262,0.0,0.04078900368613561,0.003966652569757427,on,connected,True,synthetic_device_spec_v11
synthetic_customer_005,cabinet_005,2026-08-28 05:00:00+00:00,0,0,0,0,True,True,False,23.843988927248596,-46.41124624982672,2.993665859074834,4.007560575785585,0.3266140866876079,0.0,0.0,on,connected,True,synthetic_device_spec_v11
synthetic_customer_005,cabinet_005,2026-08-28 05:10:00+00:00,0,0,0,0,True,True,False,23.86314868278277,-47.53632787507887,3.033745299045888,4.065240587787739,0.02183595330660287,0.02250688303833694,0.006769875456695153,on,connected,True,synthetic_device_spec_v11
synthetic_customer_005,cabinet_005,2026-08-28 05:20:00+00:00,0,0,0,0,True,True,False,23.90438269898132,-46.58330373572543,2.9928035783061993,4.018060070032609,0.27103203803576126,0.0,0.02538300445477698,on,connected,True,synthetic_device_spec_v11
synthetic_customer_005,cabinet_005,2026-08-28 05:30:00+00:00,0,0,0,0,True,True,False,23.81421688147054,-48.777337533358214,2.96928042837198,4.044949316252601,0.0,0.0,0.025411757320111087,on,connected,True,synthetic_device_spec_v11
synthetic_customer_005,cabinet_005,2026-08-28 05:40:00+00:00,0,0,0,0,True,True,False,23.901940284166265,-50.11015755105107,2.915605197396845,3.9354305738116127,0.0,0.011259807439588924,0.006510490115336451,on,connected,True,synthetic_device_spec_v11
synthetic_customer_005,cabinet_005,2026-08-28 05:50:00+00:00,0,0,0,0,True,True,False,23.97511367570482,-47.792421063352045,2.9424870027374053,3.8977537535187925,0.7042536817782554,0.0,0.03297649443816028,on,connected,True,synthetic_device_spec_v11
synthetic_customer_005,cabinet_005,2026-08-28 06:00:00+00:00,0,0,0,0,True,True,False,24.01816522114846,-47.03900592282881,3.012173157982627,4.068456790516286,0.055835502026704384,0.0,0.0,on,connected,True,synthetic_device_spec_v11
synthetic_customer_005,cabinet_005,2026-08-28 06:10:00+00:00,1,1,1,1,True,True,False,24.096282913681595,-48.28950424220131,2.9821839922197557,3.820529826355618,0.30132661629473023,0.06854213477398871,0.0,on,connected,True,synthetic_device_spec_v11
synthetic_customer_005,cabinet_005,2026-08-28 06:20:00+00:00,1,1,1,1,True,True,False,24.053864718801552,-48.474284939892705,3.0204100561909275,3.958479455730505,0.14425962662506164,0.012195244107785583,0.0,on,connected,True,synthetic_device_spec_v11
synthetic_customer_005,cabinet_005,2026-08-28 06:30:00+00:00,1,1,1,1,True,True,False,23.855525972067998,-48.195001049667276,2.9624544885685133,4.097477106743956,0.0,0.0,0.037035470027916746,on,connected,True,synthetic_device_spec_v11
synthetic_customer_005,cabinet_005,2026-08-28 06:40:00+00:00,0,0,0,0,True,True,False,23.734799235141963,-47.55880520197073,3.0154090404846303,4.048156028385431,0.0,0.007397048967841369,0.0,on,connected,True,synthetic_device_spec_v11
synthetic_customer_005,cabinet_005,2026-08-28 06:50:00+00:00,0,0,0,0,True,True,False,24.043386577225874,-48.446610742607874,3.0345728969377843,3.95521999455521,0.0,0.026170153894726877,0.0,on,connected,True,synthetic_device_spec_v11
synthetic_customer_005,cabinet_005,2026-08-28 07:00:00+00:00,0,0,0,0,True,True,False,24.00311420982395,-47.11130166256982,2.9875725932394506,4.050351016608472,0.0,0.06644842498107613,0.01567678582722624,on,connected,True,synthetic_device_spec_v11
synthetic_customer_005,cabinet_005,2026-08-28 07:10:00+00:00,0,0,0,0,True,True,False,23.877546063652137,-47.6044288609742,3.0211409821383612,3.848735748300672,0.5799611076279806,0.0,0.0,on,connected,True,synthetic_device_spec_v11
synthetic_customer_005,cabinet_005,2026-08-28 07:20:00+00:00,0,0,0,0,True,True,False,24.190636802578982,-47.1960532727418,3.003564747730615,3.9768973624847006,0.24038603836077135,0.0,0.011551599975605812,on,connected,True,synthetic_device_spec_v11
synthetic_customer_005,cabinet_005,2026-08-28 07:30:00+00:00,0,0,0,0,True,True,False,24.181521042901224,-48.78523532843026,2.981192107073669,4.026020836241979,0.0,0.0,0.014716442707393803,on,connected,True,synthetic_device_spec_v11
synthetic_customer_005,cabinet_005,2026-08-28 07:40:00+00:00,0,0,0,0,True,True,False,24.080564273663096,-48.01875005409746,2.985211713426484,3.9550342747495195,0.4703198329772876,0.008450705259208288,0.0,on,connected,True,synthetic_device_spec_v11
synthetic_customer_005,cabinet_005,2026-08-28 07:50:00+00:00,0,0,0,0,True,True,False,23.998856623906317,-48.17629996920713,2.963165359595658,3.9521895395994044,0.4755510652257065,0.012012683842479676,0.02045474643011167,on,connected,True,synthetic_device_spec_v11
synthetic_customer_005,cabinet_005,2026-08-28 08:00:00+00:00,0,0,0,0,True,True,False,24.001222218942242,-47.179142499599116,3.0222165284930673,4.004431893370377,0.0,0.0041983009511054456,0.0297711132578617,on,connected,True,synthetic_device_spec_v11
synthetic_customer_005,cabinet_005,2026-08-28 08:10:00+00:00,0,0,0,0,True,True,False,23.97408642505852,-47.640300650466294,2.944190054108712,4.04914075135471,0.29940354992089974,0.0,0.0,on,connected,True,synthetic_device_spec_v11
synthetic_customer_005,cabinet_005,2026-08-28 08:20:00+00:00,0,0,0,0,True,True,False,23.963167672820482,-48.098046612696116,3.0818117186880967,4.0771444920503805,0.0,0.031632047646534135,0.02985767228784916,on,connected,True,synthetic_device_spec_v11
synthetic_customer_005,cabinet_005,2026-08-28 08:30:00+00:00,0,0,0,0,True,True,False,24.16078258519406,-48.31902139630408,2.9779528624078817,4.001456875241379,0.0,0.03608736505868201,0.0,on,connected,True,synthetic_device_spec_v11
synthetic_customer_005,cabinet_005,2026-08-28 08:40:00+00:00,0,0,0,0,True,True,False,24.06719809111085,-48.80415911969775,2.9762122479768025,3.964338914157695,0.0,0.0,0.0,on,connected,True,synthetic_device_spec_v11
synthetic_customer_005,cabinet_005,2026-08-28 08:50:00+00:00,0,0,0,0,True,True,False,23.87806919360354,-48.61693750174573,3.0421699101416166,3.9787212596880854,0.26115237948170633,0.0,0.016337350983723364,on,connected,True,synthetic_device_spec_v11
synthetic_customer_005,cabinet_005,2026-08-28 09:00:00+00:00,0,0,0,0,True,True,False,23.941762429755702,-48.55787996823431,3.056967967661342,3.9835359586721655,1.806873807992096,0.006231897987733138,0.0,on,connected,True,synthetic_device_spec_v11
synthetic_customer_005,cabinet_005,2026-08-28 09:10:00+00:00,0,0,0,0,True,True,False,23.995778679164538,-47.298260979349664,2.97620845862621,4.024513949498007,3.3329223434411723,0.00719522765207083,0.005599167294531835,on,connected,True,synthetic_device_spec_v11
synthetic_customer_005,cabinet_005,2026-08-28 09:20:00+00:00,0,0,0,0,True,True,False,23.797380988331906,-48.99948014871018,2.976021224416485,3.9831567112782476,5.484045879184631,0.0,0.0,on,connected,True,synthetic_device_spec_v11
synthetic_customer_005,cabinet_005,2026-08-28 09:30:00+00:00,0,0,0,0,True,True,False,23.78056415569874,-50.193405485184684,2.967340584514418,3.9873826087204756,8.48996048985996,3.684465866537045e-05,0.006912155803676176,on,connected,True,synthetic_device_spec_v11
synthetic_customer_005,cabinet_005,2026-08-28 09:40:00+00:00,0,0,0,0,True,True,False,23.96416844131018,-47.539448273167835,3.0300373820957387,3.9856938121210788,8.733334565562313,0.0,0.021041684700753543,on,connected,True,synthetic_device_spec_v11
synthetic_customer_005,cabinet_005,2026-08-28 09:50:00+00:00,0,0,0,0,True,True,False,23.915261399143347,-47.34177049028298,2.982387863652485,4.029033452806607,11.778197958595555,0.0029158289587544726,0.0019253518553391223,on,connected,True,synthetic_device_spec_v11
synthetic_customer_005,cabinet_005,2026-08-28 10:00:00+00:00,0,0,0,0,True,True,False,24.288567149896473,-47.509581704655524,2.982884014758374,4.032108922782082,14.645300302973686,0.0,0.01858605011366964,on,connected,True,synthetic_device_spec_v11
synthetic_customer_005,cabinet_005,2026-08-28 10:10:00+00:00,0,0,0,0,True,True,False,24.246758882241448,-46.75435860496329,3.0056325512661073,4.051070921410601,16.777908564420787,0.01781894950226283,3.896994082896734e-05,on,connected,True,synthetic_device_spec_v11
synthetic_customer_005,cabinet_005,2026-08-28 10:20:00+00:00,0,0,0,0,True,True,False,23.99158419381926,-47.4054956488242,2.9766429912225782,4.07191241733655,18.098775856935053,0.00936684957653113,0.004283399540889574,on,connected,True,synthetic_device_spec_v11
synthetic_customer_005,cabinet_005,2026-08-28 10:30:00+00:00,0,0,0,0,True,True,False,24.06959626755846,-47.50647936421545,2.9180727598636427,4.0972434713304455,19.69807982563993,0.0,0.0,on,connected,True,synthetic_device_spec_v11
synthetic_customer_005,cabinet_005,2026-08-28 10:40:00+00:00,0,0,0,0,True,True,False,24.166784565192298,-46.76077520598564,2.989409224119508,4.034142745097547,21.827447419635757,0.006301163021990581,0.0,on,connected,True,synthetic_device_spec_v11
synthetic_customer_005,cabinet_005,2026-08-28 10:50:00+00:00,0,0,0,0,True,True,False,23.88505476021329,-47.85718338141781,2.9818795021493787,4.09887568784613,24.531366833996756,0.012671481504739533,0.010997792594476427,on,connected,True,synthetic_device_spec_v11
synthetic_customer_005,cabinet_005,2026-08-28 11:00:00+00:00,0,0,0,0,True,True,False,23.942587649725123,-47.73396953678512,3.030611476595635,3.955040822435808,24.835301319379617,0.01198564404158125,0.006485936141679949,on,connected,True,synthetic_device_spec_v11
synthetic_customer_005,cabinet_005,2026-08-28 11:10:00+00:00,0,0,0,0,True,True,False,24.07421243939909,-48.11599604322911,2.9902216105329775,3.96596064879928,24.842044993708043,0.018893521435333387,0.02514938011399416,on,connected,True,synthetic_device_spec_v11
synthetic_customer_005,cabinet_005,2026-08-28 11:20:00+00:00,0,0,0,0,True,True,False,24.05508966997533,-47.97128587171509,2.9776469666367404,4.036424065865954,25.203124329768936,0.009551225439824151,0.00355243534809446,on,connected,True,synthetic_device_spec_v11
synthetic_customer_005,cabinet_005,2026-08-28 11:30:00+00:00,0,0,0,0,True,True,False,24.251007551892823,-49.340427829112684,2.9990617811923084,4.060765822353534,24.69572069618633,0.0,0.0028269323392577195,on,connected,True,synthetic_device_spec_v11
synthetic_customer_005,cabinet_005,2026-08-28 11:40:00+00:00,0,0,0,0,True,True,False,24.029161379701645,-50.0988612073662,3.1005843401223645,3.9731994095833394,24.991672102746328,0.011225377589425298,0.0,on,connected,True,synthetic_device_spec_v11
synthetic_customer_005,cabinet_005,2026-08-28 11:50:00+00:00,0,0,0,0,True,True,False,23.998626127940025,-48.93124699096716,3.0131012296503723,4.0197313813338,25.048512573750543,0.0,0.0,on,connected,True,synthetic_device_spec_v11
synthetic_customer_005,cabinet_005,2026-08-28 12:00:00+00:00,0,0,0,0,True,True,False,24.115600553955534,-50.09463246097378,3.037699632376332,3.994281236382288,26.251376377195577,0.032291953274418465,0.0,on,connected,True,synthetic_device_spec_v11
synthetic_customer_005,cabinet_005,2026-08-28 12:10:00+00:00,1,1,1,1,True,True,False,23.883568043690673,-47.61414090856397,3.043439071747244,3.9949682672244626,0.3482658437931014,0.0,0.013301146665300486,on,connected,True,synthetic_device_spec_v11
synthetic_customer_005,cabinet_005,2026-08-28 12:20:00+00:00,1,1,1,1,True,True,False,24.013551100605838,-49.38552176529187,2.9839038266966744,4.045316121069953,0.5724693757733104,0.0009473712910622193,0.0,on,connected,True,synthetic_device_spec_v11
synthetic_customer_005,cabinet_005,2026-08-28 12:30:00+00:00,1,1,1,1,True,True,False,24.069147023440863,-48.70286169122559,3.027671947721271,4.07153986890733,0.0,0.0,0.011740353822911147,on,connected,True,synthetic_device_spec_v11
synthetic_customer_005,cabinet_005,2026-08-28 12:40:00+00:00,0,0,0,0,True,True,False,23.874333211665213,-47.64032544953382,3.010344042727126,3.969307175826263,0.0,0.0,0.00779802896936609,on,connected,True,synthetic_device_spec_v11
synthetic_customer_005,cabinet_005,2026-08-28 12:50:00+00:00,0,0,0,0,True,True,False,24.041047191239425,-48.44395174492957,3.004979015388793,3.976460446548179,0.9759151481806002,0.026348783478261636,0.0,on,connected,True,synthetic_device_spec_v11
synthetic_customer_005,cabinet_005,2026-08-28 13:00:00+00:00,0,0,0,0,True,True,False,23.98237792529744,-49.38493485378163,3.0405878730388385,3.9994870843287127,0.47676197938071596,0.0,0.0005429928354461329,on,connected,True,synthetic_device_spec_v11
synthetic_customer_005,cabinet_005,2026-08-28 13:10:00+00:00,0,0,0,0,True,True,False,24.014569491307686,-50.589677628806314,2.966394641751735,4.016229194676037,0.0,0.08357297619686994,0.0,on,connected,True,synthetic_device_spec_v11
synthetic_customer_005,cabinet_005,2026-08-28 13:20:00+00:00,0,0,0,0,True,True,False,24.049568483692365,-54.018261109360935,3.024211936419986,3.9987031559858344,0.0,0.06863888836715243,0.0,on,connected,True,synthetic_device_spec_v11
synthetic_customer_005,cabinet_005,2026-08-28 13:30:00+00:00,0,0,0,0,True,True,False,24.128922872475272,-56.15118323884352,2.9747546980993844,4.061213868874574,0.0,0.11209280619214045,0.05189742025534495,on,connected,True,synthetic_device_spec_v11
synthetic_customer_005,cabinet_005,2026-08-28 13:40:00+00:00,0,0,0,0,True,True,False,23.984557911452377,-55.439940923124595,3.045288961637064,3.971750773771609,0.0,0.20850077673300724,0.007965602724070209,on,connected,True,synthetic_device_spec_v11
synthetic_customer_005,cabinet_005,2026-08-28 13:50:00+00:00,0,0,0,0,True,True,False,23.846371761792867,-57.028977443545564,2.9934370601430444,3.971899085582902,0.0,0.18578685225235156,0.0,on,connected,True,synthetic_device_spec_v11
synthetic_customer_005,cabinet_005,2026-08-28 14:00:00+00:00,0,0,0,0,True,True,False,24.303934372282317,-58.949239153200494,3.0204848439542205,4.004228721856284,0.0,0.2096261922864885,0.0,on,connected,True,synthetic_device_spec_v11
synthetic_customer_005,cabinet_005,2026-08-28 14:10:00+00:00,0,0,0,0,True,True,False,24.135372539933616,-62.28685956046395,2.9702125160280812,3.9629003402155036,0.0,0.25876932940501085,0.0,on,connected,True,synthetic_device_spec_v11
synthetic_customer_005,cabinet_005,2026-08-28 14:20:00+00:00,0,0,0,0,True,True,False,23.962939255830495,-65.06480458576276,3.0680366904614464,4.148059969002974,0.0,0.2897314620791774,0.0045029320717737235,on,connected,True,synthetic_device_spec_v11
synthetic_customer_005,cabinet_005,2026-08-28 14:30:00+00:00,0,0,0,0,True,True,False,23.982101524595034,-66.36194192904877,2.995718976210413,3.9475996147609096,0.40588316652613704,0.28543764794292537,0.009501426119662204,on,connected,True,synthetic_device_spec_v11
synthetic_customer_005,cabinet_005,2026-08-28 14:40:00+00:00,0,0,0,0,True,True,False,23.81403376270762,-67.25682685652644,2.975906620560856,3.9430916795301334,0.20560721756116074,0.3088965114600695,0.0,on,connected,True,synthetic_device_spec_v11
synthetic_customer_005,cabinet_005,2026-08-28 14:50:00+00:00,0,0,0,0,True,True,False,23.882996776584925,-68.64437818464286,2.9618844489995513,3.978210698596378,0.26774551419055626,0.4526340890734728,0.00014011494149840167,on,connected,True,synthetic_device_spec_v11
synthetic_customer_005,cabinet_005,2026-08-28 15:00:00+00:00,0,0,0,0,True,True,False,24.0642472867344,-70.13663545533502,2.9785484712822776,3.8780965830290377,0.0,0.4106768801733231,0.0019750392843406123,on,connected,True,synthetic_device_spec_v11
synthetic_customer_005,cabinet_005,2026-08-28 15:10:00+00:00,0,0,0,0,True,True,False,23.907107893838866,-71.92920043556555,2.914656224286963,3.947871564873353,0.0,0.4532913854631873,0.00036615267764162886,on,connected,True,synthetic_device_spec_v11
synthetic_customer_005,cabinet_005,2026-08-28 15:20:00+00:00,0,0,0,0,True,True,False,23.908739925078454,-73.7289104599265,2.9716165550830484,4.054783569737317,0.0,0.49177130036988803,0.0,on,connected,True,synthetic_device_spec_v11
synthetic_customer_005,cabinet_005,2026-08-28 15:30:00+00:00,0,0,0,0,True,True,False,23.990302338536406,-74.4846224087138,2.979174073806142,4.122925416021449,0.0,0.4865367495637156,0.0,on,connected,True,synthetic_device_spec_v11
synthetic_customer_005,cabinet_005,2026-08-28 15:40:00+00:00,0,0,0,0,True,True,False,23.99142487844271,-76.38806683591558,3.012287400999419,3.973417333484232,0.0,0.5382285635738512,0.0,on,connected,True,synthetic_device_spec_v11
synthetic_customer_005,cabinet_005,2026-08-28 15:50:00+00:00,0,0,0,0,True,True,False,24.03402367349147,-78.2584070100078,3.035603662131957,3.9967148241178303,0.0,0.5491808645411124,0.011133492595333848,on,connected,True,synthetic_device_spec_v11
synthetic_customer_005,cabinet_005,2026-08-28 16:00:00+00:00,0,0,0,0,True,True,False,23.83792332204915,-82.45978449323185,3.0406000357341996,3.998741905434936,0.0,0.5637716333196114,0.011952260003792466,on,connected,True,synthetic_device_spec_v11
synthetic_customer_005,cabinet_005,2026-08-28 16:10:00+00:00,0,0,0,0,True,True,False,23.912366975914914,-82.00366253819392,2.962723927775031,4.064389365134921,0.001412966023778659,0.63392203179018,0.015180790222687658,on,connected,True,synthetic_device_spec_v11
synthetic_customer_005,cabinet_005,2026-08-28 16:20:00+00:00,0,0,0,0,True,True,False,24.024907754695867,-83.73367406782404,3.012538597057458,3.9698663466372994,0.0,0.6564523082023939,0.0,on,connected,True,synthetic_device_spec_v11
synthetic_customer_005,cabinet_005,2026-08-28 17:00:00+00:00,0,0,0,0,True,True,False,23.890752988667195,-47.66868516179642,2.9632041456349043,3.98588988400625,0.0,0.0,0.011820653164346571,on,connected,True,synthetic_device_spec_v11
synthetic_customer_005,cabinet_005,2026-08-28 17:10:00+00:00,0,0,0,0,True,True,False,24.152457519379226,-46.88304944823913,3.0422501453555277,4.003025187387677,0.17880755297160672,0.031449666325705054,0.0,on,connected,True,synthetic_device_spec_v11
synthetic_customer_005,cabinet_005,2026-08-28 17:20:00+00:00,0,0,0,0,True,True,False,23.99953369406684,-47.21572563915815,2.9582567454541246,3.977372829437651,0.0,0.0,0.0009481038456858372,on,connected,True,synthetic_device_spec_v11
synthetic_customer_005,cabinet_005,2026-08-28 17:30:00+00:00,0,0,0,0,True,True,False,24.056408522776316,-47.044415471463964,2.950345261077569,4.031430888594435,0.0,0.046906660695250985,0.0,on,connected,True,synthetic_device_spec_v11
synthetic_customer_005,cabinet_005,2026-08-28 17:40:00+00:00,0,0,0,0,True,True,False,24.066270024150924,-47.13258087068367,2.941340800028411,4.012138815463366,0.3333481096146629,0.0,0.013339567870166396,on,connected,True,synthetic_device_spec_v11
synthetic_customer_005,cabinet_005,2026-08-28 17:50:00+00:00,0,0,0,0,True,True,False,23.975057624350562,-48.79367296117243,3.004435733816534,4.004190474426836,0.0,0.010598942656192533,0.0,on,connected,True,synthetic_device_spec_v11
synthetic_customer_005,cabinet_005,2026-08-28 18:00:00+00:00,0,0,0,0,True,True,False,24.103213676649283,-47.63831185499858,3.00536387106458,4.116873507358116,0.0,0.02727730947597501,0.0,on,connected,True,synthetic_device_spec_v11
synthetic_customer_005,cabinet_005,2026-08-28 18:10:00+00:00,1,1,1,1,True,True,False,24.223107870720177,-49.09469614930126,2.978171899206775,4.112605987021447,0.251792288869552,0.02098153985254113,0.021795002554528584,on,connected,True,synthetic_device_spec_v11
synthetic_customer_005,cabinet_005,2026-08-28 18:20:00+00:00,1,1,1,1,True,True,False,23.91891879417549,-48.71092442547702,2.9624480673071045,4.033300911744249,0.0,0.015394522606282985,0.0005812869464873485,on,connected,True,synthetic_device_spec_v11
synthetic_customer_005,cabinet_005,2026-08-28 18:30:00+00:00,1,1,1,1,True,True,False,23.820371423541662,-46.89426199533692,3.0560628807823993,3.8742878968329184,0.14611440926033695,0.05029833628276037,0.0,on,connected,True,synthetic_device_spec_v11
synthetic_customer_005,cabinet_005,2026-08-28 18:40:00+00:00,0,0,0,0,True,True,False,24.020247763999322,-46.688973533226275,2.9756369422168167,4.059976440958637,1.1889969898346995,0.0033493141366526067,0.0,on,connected,True,synthetic_device_spec_v11
synthetic_customer_005,cabinet_005,2026-08-28 18:50:00+00:00,0,0,0,0,True,True,False,24.011831162833225,-48.568342263694554,2.942831287642382,4.001841096186823,0.009980853320181966,0.012347144726774185,0.0,on,connected,True,synthetic_device_spec_v11
synthetic_customer_005,cabinet_005,2026-08-28 19:00:00+00:00,0,0,0,0,True,True,False,24.020105571481828,-48.70208448901991,3.040572516413532,4.051077707851434,0.36456545368522075,0.009044213606168304,0.008418476692821579,on,connected,True,synthetic_device_spec_v11
synthetic_customer_005,cabinet_005,2026-08-28 19:10:00+00:00,0,0,0,0,True,True,False,23.832220146304664,-47.735693216860554,2.950597007115333,3.977687145876942,0.23439592822581778,0.0,0.0,on,connected,True,synthetic_device_spec_v11
synthetic_customer_005,cabinet_005,2026-08-28 19:20:00+00:00,0,0,0,0,True,True,False,23.904717123189453,-50.294284138054174,3.0387480561684277,3.9817502424143507,0.9319748846886382,0.0063303300883662955,0.0,on,connected,True,synthetic_device_spec_v11
synthetic_customer_005,cabinet_005,2026-08-28 19:30:00+00:00,0,0,0,0,True,True,False,23.98201184095171,-48.84582088975948,2.9563016105998368,4.005368404562452,0.0,0.0,0.0055663021342400405,on,connected,True,synthetic_device_spec_v11
synthetic_customer_005,cabinet_005,2026-08-28 19:40:00+00:00,0,0,0,0,True,True,False,24.008394332247892,-47.83431645558691,3.0167674349954523,4.0121954556560215,0.4996527516007968,0.03789762535651209,0.003802989314174593,on,connected,True,synthetic_device_spec_v11
synthetic_customer_005,cabinet_005,2026-08-28 19:50:00+00:00,0,0,0,0,True,True,False,23.87916751378056,-48.462368237235424,3.050804390447194,3.9715794915970353,0.0,0.00047439075455187193,0.0,on,connected,True,synthetic_device_spec_v11
synthetic_customer_005,cabinet_005,2026-08-28 20:00:00+00:00,0,0,0,0,True,True,False,24.05787036707342,-48.06782875679645,2.9921196479257874,4.05361397779017,0.0,0.02778931633294762,0.0,on,connected,True,synthetic_device_spec_v11
synthetic_customer_005,cabinet_005,2026-08-28 20:10:00+00:00,0,0,0,0,True,True,False,24.118022791130585,-47.20838693003577,3.0789382486207337,3.9622743726811973,0.0,0.011860878389604979,0.0,on,connected,True,synthetic_device_spec_v11
synthetic_customer_005,cabinet_005,2026-08-28 20:20:00+00:00,0,0,0,0,True,True,False,24.127924082492456,-49.102590908888736,2.9827643477425507,4.0118422475498585,0.0,0.0,0.0,on,connected,True,synthetic_device_spec_v11
synthetic_customer_005,cabinet_005,2026-08-28 20:30:00+00:00,0,0,0,0,True,True,False,23.90841301107064,-49.46823666043438,2.9638669279255376,4.064518175833425,0.0,0.0016560631914798918,0.0,on,connected,True,synthetic_device_spec_v11
synthetic_customer_005,cabinet_005,2026-08-28 20:40:00+00:00,0,0,0,0,True,True,False,23.849405776082445,-48.61244448180784,3.017201858206113,3.982154466949736,0.0,0.022809198745124305,0.027311031989439367,on,connected,True,synthetic_device_spec_v11
synthetic_customer_005,cabinet_005,2026-08-28 20:50:00+00:00,0,0,0,0,True,True,False,23.959573405934155,-48.76177343007157,2.9885688854447325,3.957402933207736,0.0,0.016002500275483635,0.016143616584571856,on,connected,True,synthetic_device_spec_v11
synthetic_customer_005,cabinet_005,2026-08-28 21:00:00+00:00,0,0,0,0,True,True,False,23.815413194922442,-46.76567024051389,3.0464783281167693,4.055158373794146,0.0,0.0,0.0,on,connected,True,synthetic_device_spec_v11
synthetic_customer_005,cabinet_005,2026-08-28 21:10:00+00:00,0,0,0,0,True,True,False,23.91931568641618,-47.566123451212825,2.9714326965551203,4.026145845642675,0.019095477408780176,0.00980455482723966,0.0,on,connected,True,synthetic_device_spec_v11
synthetic_customer_005,cabinet_005,2026-08-28 21:20:00+00:00,0,0,0,0,True,True,False,24.167190891183854,-47.78703274832795,3.0373179015683816,4.2329973292643714,0.48913520281138106,0.020872190874035496,0.03297919121385617,on,connected,True,synthetic_device_spec_v11
synthetic_customer_005,cabinet_005,2026-08-28 21:30:00+00:00,0,0,0,0,True,True,False,24.166430921414804,-48.722276344265325,3.004698470350248,4.472062129904845,0.4272583754598739,0.024903079399059422,0.07860868028537094,on,connected,True,synthetic_device_spec_v11
synthetic_customer_005,cabinet_005,2026-08-28 21:40:00+00:00,0,0,0,0,True,True,False,24.080636020530537,-47.516270158914054,2.9381206771712756,4.682164171685278,0.007720886400789654,0.010774960876721036,0.09539875700845235,on,connected,True,synthetic_device_spec_v11
synthetic_customer_005,cabinet_005,2026-08-28 21:50:00+00:00,0,0,0,0,True,True,False,24.091386007772503,-48.97396210677787,3.037598872181857,4.973216592722772,0.0,0.0,0.14120358576654782,on,connected,True,synthetic_device_spec_v11
synthetic_customer_005,cabinet_005,2026-08-28 22:00:00+00:00,0,0,0,0,True,True,False,24.063804362346957,-48.841759815482234,3.0519473414891047,5.15155234678112,0.2175090104344688,0.0,0.14474235652519046,on,connected,True,synthetic_device_spec_v11
synthetic_customer_005,cabinet_005,2026-08-28 22:10:00+00:00,0,0,0,0,True,True,False,24.066989431043137,-49.819783785473604,2.997920365897476,5.371521048883373,0.6618924434557051,0.02180301056067255,0.20670107197025067,on,connected,True,synthetic_device_spec_v11
synthetic_customer_005,cabinet_005,2026-08-28 22:20:00+00:00,0,0,0,0,True,True,False,24.1892340028097,-47.35906863492478,3.0262412370347764,5.697153537152757,0.32156189717012645,0.0,0.23038757480112398,on,connected,True,synthetic_device_spec_v11
synthetic_customer_005,cabinet_005,2026-08-28 22:30:00+00:00,0,0,0,0,True,True,False,23.89583010328338,-46.991888264715314,3.04590265469222,5.902712097741188,0.704812462400206,0.0006089137769731111,0.275662526075484,on,connected,True,synthetic_device_spec_v11
synthetic_customer_005,cabinet_005,2026-08-28 22:40:00+00:00,0,0,0,0,True,True,False,23.9522848041377,-48.23927937150928,2.9827887831670115,6.246633092135593,0.0,0.02221553251089493,0.3154623938839369,on,connected,True,synthetic_device_spec_v11
synthetic_customer_005,cabinet_005,2026-08-28 22:50:00+00:00,0,0,0,0,True,True,False,24.04155792930476,-47.1278573603666,3.054684541697225,6.408158385505653,0.19198350140279621,0.0,0.34421124271831394,on,connected,True,synthetic_device_spec_v11
synthetic_customer_005,cabinet_005,2026-08-28 23:00:00+00:00,0,0,0,0,True,True,False,23.971329401746917,-47.626648048811504,2.9191805136833633,6.79819010916192,0.3083852818163765,0.003345252918849387,0.3641029180332305,on,connected,True,synthetic_device_spec_v11
synthetic_customer_005,cabinet_005,2026-08-28 23:10:00+00:00,0,0,0,0,True,True,False,24.135328526313362,-46.81793009417063,3.00825635116908,6.974940908959449,0.7556489837254473,0.0,0.39867566627877815,on,connected,True,synthetic_device_spec_v11
synthetic_customer_005,cabinet_005,2026-08-28 23:20:00+00:00,0,0,0,0,True,True,False,24.12176445999506,-49.252544187421805,3.0540501795996526,7.0675016834654745,0.5000128116038842,0.04147500428962916,0.43346657029541624,on,connected,True,synthetic_device_spec_v11
synthetic_customer_005,cabinet_005,2026-08-28 23:30:00+00:00,0,0,0,0,True,True,False,24.08285116933923,-47.6274027517417,2.916881124958885,6.996163517638122,0.45633065411728846,0.012318937469609603,0.4092553912817913,on,connected,True,synthetic_device_spec_v11
synthetic_customer_005,cabinet_005,2026-08-28 23:40:00+00:00,0,0,0,0,True,True,False,24.053045743141272,-48.393823243924444,2.926473882455273,6.963914419159507,0.6023615397866287,0.0017673891353967158,0.4119149474596093,on,connected,True,synthetic_device_spec_v11
synthetic_customer_005,cabinet_005,2026-08-28 23:50:00+00:00,0,0,0,0,True,True,False,24.276059223444832,-47.29515053987495,3.0450163124905663,3.9020333847460904,1.207859378411704,0.039898768214868145,0.006360844831188179,on,connected,True,synthetic_device_spec_v11
synthetic_customer_005,cabinet_005,2026-08-29 00:00:00+00:00,0,0,0,0,True,True,False,24.08663510931286,-46.81533764912567,2.9997706217871896,3.97866411672252,0.0717186653957423,0.0,0.005934315804458504,on,connected,True,synthetic_device_spec_v11
synthetic_customer_005,cabinet_005,2026-08-29 00:10:00+00:00,1,1,1,1,True,True,False,23.76601805165601,-47.11038431069909,2.9449020242017805,3.8688131216535733,0.5880240818860818,0.0,0.0,on,connected,True,synthetic_device_spec_v11
synthetic_customer_005,cabinet_005,2026-08-29 00:20:00+00:00,1,1,1,1,True,True,False,23.995973922134873,-47.93849773246601,2.9846440420899167,4.025293900785335,0.580894651060054,0.01895681654964325,0.0,on,connected,True,synthetic_device_spec_v11
synthetic_customer_005,cabinet_005,2026-08-29 00:30:00+00:00,1,1,1,1,True,True,False,24.199944117237454,-47.90836587692758,3.0447402239685664,4.026191051653564,0.0,0.025200078144458894,0.010422470164717078,on,connected,True,synthetic_device_spec_v11
synthetic_customer_005,cabinet_005,2026-08-29 00:40:00+00:00,0,0,0,0,True,True,False,24.01412793831546,-47.65734404739401,3.037371184166557,4.012980102354893,0.0,0.027131736920213707,0.03845628771889044,on,connected,True,synthetic_device_spec_v11
synthetic_customer_005,cabinet_005,2026-08-29 00:50:00+00:00,0,0,0,0,True,True,False,24.05886397786291,-48.088980933366486,3.069904998916039,4.059107573865888,0.3905487880553628,0.0,0.028582298385986832,on,connected,True,synthetic_device_spec_v11
synthetic_customer_005,cabinet_005,2026-08-29 01:00:00+00:00,0,0,0,0,True,True,False,23.882341760030588,-48.60442701016542,3.000127839933607,4.046082444041751,0.0,0.0,0.0,on,connected,True,synthetic_device_spec_v11
synthetic_customer_005,cabinet_005,2026-08-29 01:10:00+00:00,0,0,0,0,True,True,False,24.13255865686637,-48.56905665584487,3.0373887771705403,3.8757810657725122,0.211577229609576,0.013275979751690646,0.0,on,connected,True,synthetic_device_spec_v11
synthetic_customer_005,cabinet_005,2026-08-29 01:20:00+00:00,0,0,0,0,True,True,False,24.211934472392773,-49.32222464584296,2.98811824306872,3.9525863401848014,0.0,0.01147754354854592,0.0,on,connected,True,synthetic_device_spec_v11
synthetic_customer_005,cabinet_005,2026-08-29 01:30:00+00:00,0,0,0,0,True,True,False,23.97616326759412,-48.06790345709394,3.0489750858824016,4.010201340216058,0.47475599856425943,0.0,0.021873010377094593,on,connected,True,synthetic_device_spec_v11
synthetic_customer_005,cabinet_005,2026-08-29 01:40:00+00:00,0,0,0,0,True,True,False,23.951710205833816,-47.47809373040883,3.0695000818399407,3.9355524421134547,1.064102023920526,0.0,0.013548424048990221,on,connected,True,synthetic_device_spec_v11
synthetic_customer_005,cabinet_005,2026-08-29 01:50:00+00:00,0,0,0,0,True,True,False,24.107788190689615,-48.24968480275517,2.9433037791722536,4.0232043632081025,0.0,0.0,0.0,on,connected,True,synthetic_device_spec_v11
synthetic_customer_005,cabinet_005,2026-08-29 02:00:00+00:00,0,0,0,0,True,True,False,24.127327381526854,-46.210453023567084,2.9983854579570512,3.971455508168023,1.023842904308851,0.0,0.01591023987547785,on,connected,True,synthetic_device_spec_v11
synthetic_customer_005,cabinet_005,2026-08-29 02:10:00+00:00,0,0,0,0,True,True,False,24.049941619859503,-47.143093267550206,2.9276302099011358,4.006912309755415,0.24662324937681382,0.007787604763907706,0.004454703749533418,on,connected,True,synthetic_device_spec_v11
synthetic_customer_005,cabinet_005,2026-08-29 02:20:00+00:00,0,0,0,0,True,True,False,23.785347023503295,-47.34958322436307,3.0096135839304266,4.062743530921919,0.0,0.0015925099377281052,0.013796772159627265,on,connected,True,synthetic_device_spec_v11
synthetic_customer_005,cabinet_005,2026-08-29 02:30:00+00:00,0,0,0,0,True,True,False,24.119380370644613,-47.64825199996471,2.9907309342763524,3.9401504088626553,0.3242160458941468,0.0,0.0,on,connected,True,synthetic_device_spec_v11
synthetic_customer_005,cabinet_005,2026-08-29 02:40:00+00:00,0,0,0,0,True,True,False,24.061875293189505,-48.012462178813536,3.039407992926402,4.044632506834991,0.6923408749749044,0.001835411441589218,0.0,on,connected,True,synthetic_device_spec_v11
synthetic_customer_005,cabinet_005,2026-08-29 02:50:00+00:00,0,0,0,0,True,True,False,23.750773858156172,-47.56694215114007,3.031858737353358,4.012962339915942,0.0,0.0,0.0,on,connected,True,synthetic_device_spec_v11
synthetic_customer_005,cabinet_005,2026-08-29 03:00:00+00:00,0,0,0,0,True,True,False,23.98902417149791,-47.47629156180053,2.9992730963742433,4.067183818126337,0.3776813205118312,0.0,0.014237913193105812,on,connected,True,synthetic_device_spec_v11
synthetic_customer_005,cabinet_005,2026-08-29 03:10:00+00:00,0,0,0,0,True,True,False,24.140870513271814,-48.37394718094846,2.996591311310708,3.98981414095432,0.0,0.0,0.0,on,connected,True,synthetic_device_spec_v11
synthetic_customer_005,cabinet_005,2026-08-29 03:20:00+00:00,0,0,0,0,True,True,False,24.22775522743134,-47.482739282625154,3.022326734809477,3.9464946447759037,0.0,0.0,0.0,on,connected,True,synthetic_device_spec_v11
synthetic_customer_005,cabinet_005,2026-08-29 03:30:00+00:00,0,0,0,0,True,True,False,23.88219714095858,-49.42364877548716,2.9989832133998244,4.103301287158431,0.18935708788542602,0.0,0.0,on,connected,True,synthetic_device_spec_v11
synthetic_customer_005,cabinet_005,2026-08-29 03:40:00+00:00,0,0,0,0,True,True,False,24.11275795217017,-47.77194649381441,2.9014410834305946,4.038121989349982,0.7387004119019888,0.0,0.0077281780621318305,on,connected,True,synthetic_device_spec_v11
synthetic_customer_005,cabinet_005,2026-08-29 03:50:00+00:00,0,0,0,0,True,True,False,23.952067258423654,-47.44274941543657,2.8917150917441443,4.012473384034777,0.6601845450016421,0.045283781293435514,0.015629800696931474,on,connected,True,synthetic_device_spec_v11
synthetic_customer_005,cabinet_005,2026-08-29 04:00:00+00:00,0,0,0,0,True,True,False,23.805313648669003,-45.637582608045825,2.897895589290479,4.076430272294085,0.0,0.021827882730207693,0.0046024009024837435,on,connected,True,synthetic_device_spec_v11
synthetic_customer_005,cabinet_005,2026-08-29 04:10:00+00:00,0,0,0,0,True,True,False,24.07872890902921,-48.03084254743341,2.8017369307769764,3.94453368268914,0.8904879312596816,0.0,0.0023192965987806975,on,connected,True,synthetic_device_spec_v11
synthetic_customer_005,cabinet_005,2026-08-29 04:20:00+00:00,0,0,0,0,True,True,False,23.77332435499005,-48.68154853356614,2.7516033422217347,3.932400851830063,0.2113944972566099,0.026655764776933932,0.0,on,connected,True,synthetic_device_spec_v11
synthetic_customer_005,cabinet_005,2026-08-29 04:30:00+00:00,0,0,0,0,True,True,False,23.854140464566257,-47.41752613876871,2.6940656205469256,4.032176768268772,0.02294773695121843,0.0,0.024934362458542914,on,connected,True,synthetic_device_spec_v11
synthetic_customer_005,cabinet_005,2026-08-29 04:40:00+00:00,0,0,0,0,True,True,False,24.024060601016814,-49.3666061762805,2.706846565287489,3.996141107934177,1.0409946626736242,0.005694118719905068,0.0,on,connected,True,synthetic_device_spec_v11
synthetic_customer_005,cabinet_005,2026-08-29 04:50:00+00:00,0,0,0,0,True,True,False,23.824226278624693,-47.0728520352764,2.607283811051839,4.099636384672612,0.04818173554334548,0.0,0.00941641011290055,on,connected,True,synthetic_device_spec_v11
synthetic_customer_005,cabinet_005,2026-08-29 05:00:00+00:00,0,0,0,0,True,True,False,24.053813458244786,-49.47504609642881,2.4954625443567435,3.9666180658992496,0.0,0.0,0.02410922170795307,on,connected,True,synthetic_device_spec_v11
synthetic_customer_005,cabinet_005,2026-08-29 05:10:00+00:00,0,0,0,0,True,True,False,23.961430921138774,-47.73983940408643,2.5458653635684003,3.9471732645589577,1.051008697673256,0.008408908814789357,0.0,on,connected,True,synthetic_device_spec_v11
synthetic_customer_005,cabinet_005,2026-08-29 05:20:00+00:00,0,0,0,0,True,True,False,24.115868883383737,-48.640132149714546,2.4805115586893782,4.107713156853603,0.0,0.028914752078464917,0.02240989137763951,on,connected,True,synthetic_device_spec_v11
synthetic_customer_005,cabinet_005,2026-08-29 05:30:00+00:00,0,0,0,0,True,True,False,23.993516994906816,-49.06607956313245,2.3830973256171064,3.861123240740616,0.0,0.011896470249252292,0.023043305452915015,on,connected,True,synthetic_device_spec_v11
synthetic_customer_005,cabinet_005,2026-08-29 05:40:00+00:00,0,0,0,0,True,True,False,23.91637874478394,-47.74043487241577,2.378668619992629,3.948457486178209,0.0,0.0,0.0,on,connected,True,synthetic_device_spec_v11
synthetic_customer_005,cabinet_005,2026-08-29 05:50:00+00:00,0,0,0,0,True,True,False,23.81869223392679,-47.61586415306405,2.324911837027081,3.973852558934097,0.6770363602373489,0.012325665775856984,0.01209826055302549,on,connected,True,synthetic_device_spec_v11
synthetic_customer_005,cabinet_005,2026-08-29 06:00:00+00:00,0,0,0,0,True,True,False,24.214443673180053,-47.535463739157066,2.191755005577174,4.022305581547422,0.0,0.008561221461530932,0.0093124215593565,on,connected,True,synthetic_device_spec_v11
synthetic_customer_005,cabinet_005,2026-08-29 06:10:00+00:00,1,1,1,1,True,True,False,24.176587736917472,-48.26871038262342,2.199766690016783,3.9301847068117213,0.0,0.0,0.014899329147664488,on,connected,True,synthetic_device_spec_v11
synthetic_customer_005,cabinet_005,2026-08-29 06:20:00+00:00,1,1,1,1,True,True,False,24.143247981708612,-48.16066193746627,2.221154913846006,3.955853228233889,0.0,0.0,0.0035688429249218214,on,connected,True,synthetic_device_spec_v11
synthetic_customer_005,cabinet_005,2026-08-29 06:30:00+00:00,1,1,1,1,True,True,False,23.958918153192606,-45.43437739230209,2.11638785029021,3.9871835953898005,0.5089723297315545,0.0,0.0057712062214314635,on,connected,True,synthetic_device_spec_v11
synthetic_customer_005,cabinet_005,2026-08-29 06:40:00+00:00,0,0,0,0,True,True,False,24.02608812195259,-49.16782161921898,2.2432989467480517,3.950920612134287,0.0,0.0,0.0,on,connected,True,synthetic_device_spec_v11
synthetic_customer_005,cabinet_005,2026-08-29 06:50:00+00:00,0,0,0,0,True,True,False,24.10336404859775,-49.059739816933366,2.1967427511292303,3.9683275941624143,0.0,0.0,0.0,on,connected,True,synthetic_device_spec_v11
synthetic_customer_005,cabinet_005,2026-08-29 07:00:00+00:00,0,0,0,0,True,True,False,24.00924653709776,-47.57868965521469,2.9594350880335365,3.964599576340287,0.0,0.0,0.008925127666857883,on,connected,True,synthetic_device_spec_v11
synthetic_customer_005,cabinet_005,2026-08-29 07:10:00+00:00,0,0,0,0,True,True,False,24.163831319926356,-48.90116516041833,2.9375548283259643,4.09113478984469,0.06819378092661024,0.0,0.0,on,connected,True,synthetic_device_spec_v11
synthetic_customer_005,cabinet_005,2026-08-29 07:20:00+00:00,0,0,0,0,True,True,False,24.101685835374713,-49.38559093686636,2.9407459089503956,4.06555336363661,0.5201540267331899,0.007697838259540811,0.04999115039416659,on,connected,True,synthetic_device_spec_v11
synthetic_customer_005,cabinet_005,2026-08-29 07:30:00+00:00,0,0,0,0,True,True,False,23.989622459354635,-49.61242329589241,3.050437208350363,4.07957766496562,0.0,0.015458959054023419,0.004173983904509011,on,connected,True,synthetic_device_spec_v11
synthetic_customer_005,cabinet_005,2026-08-29 07:40:00+00:00,0,0,0,0,True,True,False,23.868460645965424,-48.21829012827464,2.9829052119777053,3.996701121804009,0.0,0.0433843807870885,0.00037229815897321823,on,connected,True,synthetic_device_spec_v11
synthetic_customer_005,cabinet_005,2026-08-29 07:50:00+00:00,0,0,0,0,True,True,False,23.983978897506205,-48.39636428244987,3.021281034350023,3.9926178845078453,0.0,0.02557697048276288,0.0,on,connected,True,synthetic_device_spec_v11
synthetic_customer_005,cabinet_005,2026-08-29 08:00:00+00:00,0,0,0,0,True,True,False,23.910695410921996,-45.92872090801287,3.0296310084825633,3.888499707452082,0.05200939583268823,0.0,0.0,on,connected,True,synthetic_device_spec_v11
synthetic_customer_005,cabinet_005,2026-08-29 08:10:00+00:00,0,0,0,0,True,True,False,23.902060558973538,-49.355028853847145,2.9860272959963803,4.149459780420104,0.0,0.0,0.0,on,connected,True,synthetic_device_spec_v11
synthetic_customer_005,cabinet_005,2026-08-29 08:20:00+00:00,0,0,0,0,True,True,False,24.14020156925332,-49.48853463328394,3.0082017009916138,4.016770936839854,0.0,0.03916929163401777,0.007638778236008765,on,connected,True,synthetic_device_spec_v11
synthetic_customer_005,cabinet_005,2026-08-29 08:30:00+00:00,0,0,0,0,True,True,False,23.883711643819492,-49.128921614526334,3.039307158674637,3.995879182833094,0.7138269074618836,0.007450941665699317,0.0,on,connected,True,synthetic_device_spec_v11
synthetic_customer_005,cabinet_005,2026-08-29 08:40:00+00:00,0,0,0,0,True,True,False,23.873843507954756,-46.7799517102867,2.9772151733513517,4.014537681667403,0.0,0.0,0.0,on,connected,True,synthetic_device_spec_v11
synthetic_customer_005,cabinet_005,2026-08-29 08:50:00+00:00,0,0,0,0,True,True,False,23.852669287335424,-47.95833681168984,3.026870318696713,3.8649131270042,0.0,0.0,0.0,on,connected,True,synthetic_device_spec_v11
synthetic_customer_005,cabinet_005,2026-08-29 09:00:00+00:00,0,0,0,0,True,True,False,24.085518560755478,-47.38807303385298,2.927529507076614,4.022197145730816,0.02455394616024735,0.008074295375935375,0.013751618950191644,on,connected,True,synthetic_device_spec_v11
synthetic_customer_005,cabinet_005,2026-08-29 09:10:00+00:00,0,0,0,0,True,True,False,24.008073726656466,-48.3089891073316,2.9737443784175697,3.9419820637214324,0.04696326364143832,0.0,0.0,on,connected,True,synthetic_device_spec_v11
synthetic_customer_005,cabinet_005,2026-08-29 09:20:00+00:00,0,0,0,0,True,True,False,24.173291049198458,-48.93793141740866,2.935764303533902,4.0661319464873165,1.1301607796675668,0.0,0.0,on,connected,True,synthetic_device_spec_v11
synthetic_customer_005,cabinet_005,2026-08-29 09:30:00+00:00,0,0,0,0,True,True,False,23.94345269574972,-46.91602505870722,3.026323671471933,4.018654696542427,0.0,0.009149120300917512,0.0,on,connected,True,synthetic_device_spec_v11
synthetic_customer_005,cabinet_005,2026-08-29 09:40:00+00:00,0,0,0,0,True,True,False,24.2679951967203,-48.877938069011364,2.962176689838089,3.963778969035914,0.11582944188121191,0.0,0.030015624563057865,on,connected,True,synthetic_device_spec_v11
synthetic_customer_005,cabinet_005,2026-08-29 09:50:00+00:00,0,0,0,0,True,True,False,23.94865982412608,-46.7289809248801,3.025736023647977,4.025590465298715,0.0,0.008742809969832644,0.010782267057253088,on,connected,True,synthetic_device_spec_v11
synthetic_customer_005,cabinet_005,2026-08-29 10:00:00+00:00,0,0,0,0,True,True,False,23.657289914303746,-48.13831451752231,2.925447811431919,3.998541508374249,1.4130809027135063,0.0,0.0,on,connected,True,synthetic_device_spec_v11
synthetic_customer_005,cabinet_005,2026-08-29 10:10:00+00:00,0,0,0,0,True,True,False,23.873031296082978,-48.80372748025973,2.9748951289203935,4.017240553205304,0.0,0.0,0.003015830614303532,on,connected,True,synthetic_device_spec_v11
synthetic_customer_005,cabinet_005,2026-08-29 10:20:00+00:00,0,0,0,0,True,True,False,23.88555488219035,-47.201126729196666,3.0602849609812597,3.989864931697191,0.0,0.010976172704893455,0.01633292571741714,on,connected,True,synthetic_device_spec_v11
synthetic_customer_005,cabinet_005,2026-08-29 10:30:00+00:00,0,0,0,0,True,True,False,24.037573587313563,-48.96836186526778,2.9593222208765724,3.9960964522787523,0.0,0.0,0.0,on,connected,True,synthetic_device_spec_v11
synthetic_customer_005,cabinet_005,2026-08-29 10:40:00+00:00,0,0,0,0,True,True,False,24.118524918405786,-46.923661086048234,2.944882076020879,4.094093348506458,0.4010650800279232,0.0,0.0,on,connected,True,synthetic_device_spec_v11
synthetic_customer_005,cabinet_005,2026-08-29 10:50:00+00:00,0,0,0,0,True,True,False,24.035334770534504,-46.8405656839957,3.0526322277207005,3.8931543729562668,0.0,0.0,0.0,on,connected,True,synthetic_device_spec_v11
synthetic_customer_005,cabinet_005,2026-08-29 11:00:00+00:00,0,0,0,0,True,True,False,23.93606466717531,-45.183844454034094,3.003833351227684,3.951219914571838,0.5198010267316612,0.009547974410451084,0.012304415136343377,on,connected,True,synthetic_device_spec_v11
synthetic_customer_005,cabinet_005,2026-08-29 11:10:00+00:00,0,0,0,0,True,True,False,24.074098338070833,-47.21442590461696,3.029457380159202,3.9451777353799433,8.983947812416506e-05,0.0,0.0,on,connected,True,synthetic_device_spec_v11
synthetic_customer_005,cabinet_005,2026-08-29 11:20:00+00:00,0,0,0,0,True,True,False,24.09419786571297,-47.148361894002015,2.9572940657418543,3.939522981248777,0.4413723053811799,0.0,0.010733790185662534,on,connected,True,synthetic_device_spec_v11
synthetic_customer_005,cabinet_005,2026-08-29 11:30:00+00:00,0,0,0,0,True,True,False,23.739809432570937,-48.53118988749708,2.945952983097956,3.9734286950435305,0.0,0.0,0.0029436690733180676,on,connected,True,synthetic_device_spec_v11
synthetic_customer_005,cabinet_005,2026-08-29 11:40:00+00:00,0,0,0,0,True,True,False,23.997719317832317,-49.41473408831755,2.9904653952916282,3.986016076053018,0.0,0.0,0.0,on,connected,True,synthetic_device_spec_v11
synthetic_customer_005,cabinet_005,2026-08-29 11:50:00+00:00,0,0,0,0,True,True,False,24.05021248225373,-48.603843770868345,2.937871044554943,3.8980431849254584,0.22473454130881265,0.003680473731250687,0.013127605969632356,on,connected,True,synthetic_device_spec_v11
synthetic_customer_005,cabinet_005,2026-08-29 12:00:00+00:00,0,0,0,0,True,True,False,23.970944044339994,-47.639085300260774,3.0612720915656575,4.037135370743195,0.1908816465217446,0.011832886647879053,0.010277261642450564,on,connected,True,synthetic_device_spec_v11
synthetic_customer_005,cabinet_005,2026-08-29 12:10:00+00:00,1,1,1,1,True,True,False,24.160458474620576,-45.168569287272824,2.9986349544477,4.000328666039154,0.0,0.0,0.0,on,connected,True,synthetic_device_spec_v11
synthetic_customer_005,cabinet_005,2026-08-29 12:20:00+00:00,1,1,1,1,True,True,False,24.113822190462397,-48.746127331497014,2.9727822537699646,3.9557844547732164,0.07995052363460903,0.004856521573542656,0.003241991313177514,on,connected,True,synthetic_device_spec_v11
synthetic_customer_005,cabinet_005,2026-08-29 12:30:00+00:00,1,1,1,1,True,True,False,23.99228319667493,-47.83219824342028,2.9866564469722396,3.9839686337119034,0.15292792184669224,0.022490947633395098,0.0,on,connected,True,synthetic_device_spec_v11
synthetic_customer_005,cabinet_005,2026-08-29 12:40:00+00:00,0,0,0,0,True,True,False,23.98352754131626,-48.736431751113656,3.04153845708683,4.002477703983353,0.0,0.0,0.0,on,connected,True,synthetic_device_spec_v11
synthetic_customer_005,cabinet_005,2026-08-29 12:50:00+00:00,0,0,0,0,True,True,False,23.940621501883555,-48.50813516673746,2.9829295185013995,3.9430623782697514,0.0,0.0,0.0,on,connected,True,synthetic_device_spec_v11
synthetic_customer_005,cabinet_005,2026-08-29 13:00:00+00:00,0,0,0,0,True,True,False,24.003816024190076,-50.84625932531217,2.991816340993951,3.9695886979349164,0.0,0.04483175709261987,0.033849084809681046,on,connected,True,synthetic_device_spec_v11
synthetic_customer_005,cabinet_005,2026-08-29 13:10:00+00:00,0,0,0,0,True,True,False,24.0499477709098,-48.27121856535999,3.068054863696188,4.006372424106865,0.07857597732527248,0.0,0.0072089459578677595,on,connected,True,synthetic_device_spec_v11
synthetic_customer_005,cabinet_005,2026-08-29 13:20:00+00:00,0,0,0,0,True,True,False,24.0959081135124,-48.73797493353457,2.992770470246964,4.077076091194936,0.3018890969926833,0.0,0.013466538558370657,on,connected,True,synthetic_device_spec_v11
synthetic_customer_005,cabinet_005,2026-08-29 13:30:00+00:00,0,0,0,0,True,True,False,24.032194373716436,-48.036677535200866,3.0996375334449318,3.962068965264657,0.3697350560288695,0.0,0.029456387874021297,on,connected,True,synthetic_device_spec_v11
synthetic_customer_005,cabinet_005,2026-08-29 13:40:00+00:00,0,0,0,0,True,True,False,24.216301982406765,-49.33846936157414,3.0150682210507163,3.937245113484221,0.0,0.009001010766814947,0.004931233567137472,on,connected,True,synthetic_device_spec_v11
synthetic_customer_005,cabinet_005,2026-08-29 13:50:00+00:00,0,0,0,0,True,True,False,24.047673157182736,-50.03810207698628,2.958905053566206,4.068634188281577,0.0,0.0,0.023290475880546124,on,connected,True,synthetic_device_spec_v11
synthetic_customer_005,cabinet_005,2026-08-29 14:00:00+00:00,0,0,0,0,True,True,False,24.244677925090155,-47.86180712330817,2.9637364971110585,3.931553131674979,0.14655660053973135,0.0,0.0,on,connected,True,synthetic_device_spec_v11
synthetic_customer_005,cabinet_005,2026-08-29 14:10:00+00:00,0,0,0,0,True,True,False,24.170004079235202,-48.09806587127936,2.8774488207267614,4.00682265189562,0.5349898291362587,0.01413624913057488,0.00040581689078686087,on,connected,True,synthetic_device_spec_v11
synthetic_customer_005,cabinet_005,2026-08-29 14:20:00+00:00,0,0,0,0,True,True,False,24.113395782470896,-47.61085566630369,2.7100139261546587,4.034273050528329,0.0,0.01605005563849674,0.0,on,connected,True,synthetic_device_spec_v11
synthetic_customer_005,cabinet_005,2026-08-29 14:30:00+00:00,0,0,0,0,True,True,False,23.938748597698577,-48.30945859260655,2.59870392744798,4.024563672962614,0.19243969785978993,0.0,0.0,on,connected,True,synthetic_device_spec_v11
synthetic_customer_005,cabinet_005,2026-08-29 14:40:00+00:00,0,0,0,0,True,True,False,23.980564921824854,-45.903207738408845,2.5114876631800893,4.044268001505152,0.0,0.0,0.0,on,connected,True,synthetic_device_spec_v11
synthetic_customer_005,cabinet_005,2026-08-29 14:50:00+00:00,0,0,0,0,True,True,False,23.92686719357801,-46.77087359785575,2.3044614866537594,3.9904383842207145,0.12580129096040404,0.0,0.03403977948650453,on,connected,True,synthetic_device_spec_v11
synthetic_customer_005,cabinet_005,2026-08-29 15:00:00+00:00,0,0,0,0,True,True,False,23.737079351611616,-48.01687801174738,2.2084208603315583,3.9550259278478395,0.0,0.0,0.0,on,connected,True,synthetic_device_spec_v11
synthetic_customer_005,cabinet_005,2026-08-29 15:10:00+00:00,0,0,0,0,True,True,False,23.43451985488731,-49.12464906797474,2.0850176390040334,4.007177342295326,0.0,0.0,0.005525996223196707,on,connected,True,synthetic_device_spec_v11
synthetic_customer_005,cabinet_005,2026-08-29 15:20:00+00:00,0,0,0,0,True,True,False,22.973234694214955,-48.13602244895233,2.0350446909332267,4.035717254714891,0.10510893421471751,0.0,0.007054323395658135,on,connected,True,synthetic_device_spec_v11
synthetic_customer_005,cabinet_005,2026-08-29 15:30:00+00:00,0,0,0,0,True,True,False,22.565196553218698,-46.73378655684643,1.7811246136158128,4.021982800186246,0.3339143474621764,0.0,0.006525828062994435,on,connected,True,synthetic_device_spec_v11
synthetic_customer_005,cabinet_005,2026-08-29 15:40:00+00:00,0,0,0,0,True,True,False,22.155417409566414,-48.02109680558102,1.8166106730409042,3.9199545299751968,0.029948732081779835,0.0,0.009282152925714722,on,connected,True,synthetic_device_spec_v11
synthetic_customer_005,cabinet_005,2026-08-29 15:50:00+00:00,0,0,0,0,True,True,False,21.899795062706453,-47.24856286526553,1.614585634380396,3.8940261157510196,0.0,0.03173691435576536,0.0,on,connected,True,synthetic_device_spec_v11
synthetic_customer_005,cabinet_005,2026-08-29 16:00:00+00:00,0,0,0,0,True,True,False,21.390360528537222,-48.04441456027171,1.577340506849395,4.016140666109252,0.6341749394165824,0.006376069879675779,0.0,on,connected,True,synthetic_device_spec_v11
synthetic_customer_005,cabinet_005,2026-08-29 16:10:00+00:00,0,0,0,0,True,True,False,21.06940158539298,-47.06973555454995,1.43069701478899,4.082496054037262,0.8127644588049752,0.019818785568042188,0.0,on,connected,True,synthetic_device_spec_v11
synthetic_customer_005,cabinet_005,2026-08-29 16:20:00+00:00,0,0,0,0,True,True,False,20.68383701675635,-47.731109675757544,1.3211403114242728,3.958816642212334,0.0,0.007282943590843497,0.0,on,connected,True,synthetic_device_spec_v11
synthetic_customer_005,cabinet_005,2026-08-29 16:30:00+00:00,0,0,0,0,True,True,False,20.176584809332173,-48.042761940224985,1.182416806157369,3.9803273858961483,0.37239394810984183,0.01919484528726391,0.014468393140445228,on,connected,True,synthetic_device_spec_v11
synthetic_customer_005,cabinet_005,2026-08-29 16:40:00+00:00,0,0,0,0,True,True,False,19.953309653146643,-47.52618405199014,1.0235288544188035,3.8762789859405107,0.2881554620553863,0.0023720220291371923,0.0,on,connected,True,synthetic_device_spec_v11
synthetic_customer_005,cabinet_005,2026-08-29 16:50:00+00:00,0,0,0,0,True,True,False,19.155235469025328,-47.30188673196411,0.892531515999809,4.027122848837545,0.027534298942990622,0.0,0.02878939832376146,on,connected,True,synthetic_device_spec_v11
synthetic_customer_005,cabinet_005,2026-08-29 17:00:00+00:00,0,0,0,0,True,True,False,19.014143845577152,-48.7998824757193,1.005233374277134,4.035582010236633,0.5008671344902086,0.05189005347209113,0.0,on,connected,True,synthetic_device_spec_v11
synthetic_customer_005,cabinet_005,2026-08-29 17:10:00+00:00,0,0,0,0,True,True,False,18.600909381090954,-48.20977173491456,0.9446918623289876,3.901737079212315,0.0,0.0,0.002017956234372745,on,connected,True,synthetic_device_spec_v11
synthetic_customer_005,cabinet_005,2026-08-29 18:00:00+00:00,0,0,0,0,True,True,False,24.039992444351384,-49.19679136000966,1.000857843643606,4.01141680235729,0.0,0.0,0.0,on,connected,True,synthetic_device_spec_v11
synthetic_customer_005,cabinet_005,2026-08-29 18:10:00+00:00,1,1,1,0,True,True,False,23.990579891900754,-47.37593739818407,0.9818031375407432,4.0592445978906575,0.10755005135943524,0.005003668374926349,0.0,on,connected,True,synthetic_device_spec_v11
synthetic_customer_005,cabinet_005,2026-08-29 18:20:00+00:00,1,1,1,1,True,True,False,24.010295039334423,-49.32865005207149,3.024081629517525,4.023017747186263,0.0,0.0,0.0,on,connected,True,synthetic_device_spec_v11
synthetic_customer_005,cabinet_005,2026-08-29 18:30:00+00:00,1,1,1,1,True,True,False,24.038965162629136,-48.716110951260376,2.9863246091527085,3.9725689056997218,0.0,0.028223871245268706,0.0,on,connected,True,synthetic_device_spec_v11
synthetic_customer_005,cabinet_005,2026-08-29 18:40:00+00:00,0,0,0,0,True,True,False,23.808464726209277,-45.8660698740726,3.049559434487453,3.9558964387231126,0.0,0.0,0.012152838318787308,on,connected,True,synthetic_device_spec_v11
synthetic_customer_005,cabinet_005,2026-08-29 18:50:00+00:00,0,0,0,0,True,True,False,23.956370816272518,-49.23098002442826,2.993302765037224,4.025066763582456,0.8111203357951607,0.0,0.014154647463071617,on,connected,True,synthetic_device_spec_v11
synthetic_customer_005,cabinet_005,2026-08-29 19:00:00+00:00,0,0,0,0,True,True,False,24.1936951170515,-48.25242472982369,2.949317497259564,4.034994004485995,0.0,0.007088476512916341,0.015660300501197693,on,connected,True,synthetic_device_spec_v11
synthetic_customer_005,cabinet_005,2026-08-29 19:10:00+00:00,0,0,0,0,True,True,False,23.996902337883334,-47.55994764660677,2.965028662464546,3.8433505073350127,0.82832152325665,0.01828532522049694,0.0,on,connected,True,synthetic_device_spec_v11
synthetic_customer_005,cabinet_005,2026-08-29 19:20:00+00:00,0,0,0,0,True,True,False,24.075851186003767,-49.35137975352371,3.0084826633969772,3.9617914794860716,0.3818254436584117,0.046465923990796985,0.0,on,connected,True,synthetic_device_spec_v11
synthetic_customer_005,cabinet_005,2026-08-29 19:30:00+00:00,0,0,0,0,True,True,False,24.20125915354043,-46.7076867384917,2.963689495335952,3.9812897438467356,0.14171326478873247,0.035124722382414646,0.0,on,connected,True,synthetic_device_spec_v11
synthetic_customer_005,cabinet_005,2026-08-29 19:40:00+00:00,0,0,0,0,True,True,False,23.943784033733735,-46.31715776881192,3.009049921146423,4.02846298214388,0.45565849773703226,0.043404942323337886,0.0,on,connected,True,synthetic_device_spec_v11
synthetic_customer_005,cabinet_005,2026-08-29 19:50:00+00:00,0,0,0,0,True,True,False,23.89856776583966,-48.675575701613795,3.0011388956533267,3.9998470686115715,0.24091116560861536,0.037062079999420024,0.0,on,connected,True,synthetic_device_spec_v11
synthetic_customer_005,cabinet_005,2026-08-29 20:00:00+00:00,0,0,0,0,True,True,False,23.98525514836945,-47.427571208189356,3.018872015899184,3.999193261416749,1.0473180755230018,0.02237811295079879,0.0044464885739042585,on,connected,True,synthetic_device_spec_v11
synthetic_customer_005,cabinet_005,2026-08-29 20:10:00+00:00,0,0,0,0,True,True,False,24.15430775394776,-48.208126844623216,3.033631549655342,3.9976390487236886,0.12004276679512936,0.0,0.014039075131007824,on,connected,True,synthetic_device_spec_v11
synthetic_customer_005,cabinet_005,2026-08-29 20:20:00+00:00,0,0,0,0,True,True,False,23.957278277266877,-48.37949238039916,3.0237621392275527,4.0509035929348665,0.0,0.0,0.0,on,connected,True,synthetic_device_spec_v11
synthetic_customer_005,cabinet_005,2026-08-29 20:30:00+00:00,0,0,0,0,True,True,False,23.71932101774437,-49.75614045796676,2.9665514433749447,3.9941128788727025,0.0,0.008033646844848715,0.0,on,connected,True,synthetic_device_spec_v11
synthetic_customer_005,cabinet_005,2026-08-29 20:40:00+00:00,0,0,0,0,True,True,False,23.914239879925226,-49.340430680100305,2.9968234939693925,4.005761629402147,0.0,0.0035132718024536973,0.004468102106682045,on,connected,True,synthetic_device_spec_v11
synthetic_customer_005,cabinet_005,2026-08-29 20:50:00+00:00,0,0,0,0,True,True,False,24.01742217355439,-47.6544140565271,3.0340882301016276,3.9605755044674305,0.0,0.0030281276272359535,0.0,on,connected,True,synthetic_device_spec_v11
synthetic_customer_005,cabinet_005,2026-08-29 21:00:00+00:00,0,0,0,0,True,True,False,23.983058578817534,-48.21742635201338,3.0693898204389423,4.051338522272166,0.05616854396780832,0.0,0.008343790770711772,on,connected,True,synthetic_device_spec_v11
synthetic_customer_005,cabinet_005,2026-08-29 21:10:00+00:00,0,0,0,0,True,True,False,23.751038907207203,-46.420662527060905,2.967971181258852,3.933725788254034,0.0,0.030063880933464543,0.018474201775527836,on,connected,True,synthetic_device_spec_v11
synthetic_customer_005,cabinet_005,2026-08-29 21:20:00+00:00,0,0,0,0,True,True,False,23.832614618063662,-48.95802722037086,3.05689527583398,4.147580287689309,0.0,0.0,0.0,on,connected,True,synthetic_device_spec_v11
synthetic_customer_005,cabinet_005,2026-08-29 21:30:00+00:00,0,0,0,0,True,True,False,23.983307506188087,-48.55075917233582,3.0530201306233593,3.9326258038405033,0.0,0.0,0.014368427044859007,on,connected,True,synthetic_device_spec_v11
synthetic_customer_005,cabinet_005,2026-08-29 21:40:00+00:00,0,0,0,0,True,True,False,23.997186510700413,-49.47024264942104,3.016908120304586,4.0379236229417295,1.0586426411530783,0.0,0.002192847823470963,on,connected,True,synthetic_device_spec_v11
synthetic_customer_005,cabinet_005,2026-08-29 21:50:00+00:00,0,0,0,0,True,True,False,23.94813269000547,-48.02711588106185,2.9820575962723592,4.07942604087091,1.4319049900768017,0.01529656944529291,0.03315896364973708,on,connected,True,synthetic_device_spec_v11
synthetic_customer_005,cabinet_005,2026-08-29 22:00:00+00:00,0,0,0,0,True,True,False,23.904256160319942,-49.91766546764675,2.9404322754683436,4.072521341423476,2.8955356367682192,0.023447300080604565,0.007137480188440703,on,connected,True,synthetic_device_spec_v11
synthetic_customer_005,cabinet_005,2026-08-29 22:10:00+00:00,0,0,0,0,True,True,False,24.18911811656953,-48.381677094832376,2.9618615878907186,4.096966780961772,5.528313386670652,0.007569145207862356,0.0011759656571739005,on,connected,True,synthetic_device_spec_v11
synthetic_customer_005,cabinet_005,2026-08-29 22:20:00+00:00,0,0,0,0,True,True,False,24.16231993815482,-48.722151270608876,3.0201281012284813,3.989274430816013,5.998804107670118,0.00964687913853777,0.019872428945855655,on,connected,True,synthetic_device_spec_v11
synthetic_customer_005,cabinet_005,2026-08-29 22:30:00+00:00,0,0,0,0,True,True,False,23.90026942445869,-49.877979654568705,3.025446607286668,3.9947203219189356,7.52769597624032,0.0493860778757105,0.023977997652750913,on,connected,True,synthetic_device_spec_v11
synthetic_customer_005,cabinet_005,2026-08-29 22:40:00+00:00,0,0,0,0,True,True,False,23.991818651106804,-47.57735165435366,2.986362477273903,3.9720809243303155,8.788840101311248,0.016678595060842377,0.0,on,connected,True,synthetic_device_spec_v11
synthetic_customer_005,cabinet_005,2026-08-29 22:50:00+00:00,0,0,0,0,True,True,False,23.855495668193736,-47.62214791840724,3.0551596474143716,3.9666948698962465,10.094030343709166,0.0,0.0009322935147882276,on,connected,True,synthetic_device_spec_v11
synthetic_customer_005,cabinet_005,2026-08-29 23:00:00+00:00,0,0,0,0,True,True,False,23.93574556324397,-47.674548974781125,2.9934475260329636,4.0083850735073066,11.311347276382255,0.011027925516359845,0.029033532082431382,on,connected,True,synthetic_device_spec_v11
synthetic_customer_005,cabinet_005,2026-08-29 23:10:00+00:00,0,0,0,0,True,True,False,24.23465866657841,-45.77790977662244,3.067073645052315,3.9457615212464376,11.51976490989319,0.0,0.0,on,connected,True,synthetic_device_spec_v11
synthetic_customer_005,cabinet_005,2026-08-29 23:20:00+00:00,0,0,0,0,True,True,False,24.152404854940503,-46.1585134807497,2.9304009493556804,3.9363150350267126,14.082096534971308,0.0,0.009517387026023918,on,connected,True,synthetic_device_spec_v11
synthetic_customer_005,cabinet_005,2026-08-29 23:30:00+00:00,0,0,0,0,True,True,False,23.828511295640997,-48.22101672670435,3.0434219615226867,3.926237262073952,14.267678244703655,0.0034493629486471184,0.027817246348777653,on,connected,True,synthetic_device_spec_v11
synthetic_customer_005,cabinet_005,2026-08-29 23:40:00+00:00,0,0,0,0,True,True,False,24.084919681432684,-48.01977893492324,2.9994118639572362,4.035484970514343,15.841395311620238,0.0104020308375229,0.0061830014846829375,on,connected,True,synthetic_device_spec_v11
synthetic_customer_005,cabinet_005,2026-08-29 23:50:00+00:00,0,0,0,0,True,True,False,23.750084729521873,-46.27387081620649,3.0461330426646867,3.9863347437253607,17.975757064094015,0.013823509418892196,0.0,on,connected,True,synthetic_device_spec_v11
synthetic_customer_005,cabinet_005,2026-08-30 00:00:00+00:00,0,0,0,0,True,True,False,24.04136845663784,-48.58466536276863,2.959755179299656,4.020194059581561,17.88192087366225,0.0,0.01365120709263741,on,connected,True,synthetic_device_spec_v11
synthetic_customer_005,cabinet_005,2026-08-30 00:10:00+00:00,1,1,1,1,True,True,False,23.921808122344512,-46.766022858781014,3.005291365772237,4.012549817291441,20.249045438566014,0.0,0.026495679741342724,on,connected,True,synthetic_device_spec_v11
synthetic_customer_005,cabinet_005,2026-08-30 00:20:00+00:00,1,1,1,1,True,True,False,24.103579639946563,-47.241089295351465,2.9046741802788674,3.97581078982054,21.189068308063813,0.0,0.0,on,connected,True,synthetic_device_spec_v11
synthetic_customer_005,cabinet_005,2026-08-30 00:30:00+00:00,1,1,1,1,True,True,False,24.12306033779414,-47.85584425929212,3.0304740255435463,4.032735233171688,21.0229775930388,0.0,0.009460508411484738,on,connected,True,synthetic_device_spec_v11
synthetic_customer_005,cabinet_005,2026-08-30 00:40:00+00:00,0,0,0,0,True,True,False,23.88775119905255,-45.98487552919422,3.0192272633507096,4.082357085847069,23.28454267937993,0.003480283453727174,0.0,on,connected,True,synthetic_device_spec_v11
synthetic_customer_005,cabinet_005,2026-08-30 00:50:00+00:00,0,0,0,0,True,True,False,23.831933262699238,-49.3924044631693,3.045400188478342,3.998318355152268,25.40257179369221,0.016191735733597976,0.023750247237862426,on,connected,True,synthetic_device_spec_v11
synthetic_customer_005,cabinet_005,2026-08-30 01:00:00+00:00,0,0,0,0,True,True,False,24.009877230464916,-49.873797125022094,2.955023734607177,4.015989224599473,24.646804500789518,0.0,0.0,on,connected,True,synthetic_device_spec_v11
synthetic_customer_005,cabinet_005,2026-08-30 01:10:00+00:00,0,0,0,0,True,True,False,24.040216304880925,-48.60917958604674,3.09539265188303,4.027900214855897,24.519570077916928,0.0,0.005565169974871282,on,connected,True,synthetic_device_spec_v11
synthetic_customer_005,cabinet_005,2026-08-30 01:20:00+00:00,0,0,0,0,True,True,False,23.972698063442028,-48.46223055238822,3.0608421889098256,4.013310306264865,25.616461946964794,0.0,0.0,on,connected,True,synthetic_device_spec_v11
synthetic_customer_005,cabinet_005,2026-08-30 01:30:00+00:00,0,0,0,0,True,True,False,23.87711976231934,-48.782453670966326,2.9670488874588137,4.016195108220346,25.29226095018699,0.0,0.0011367885236756704,on,connected,True,synthetic_device_spec_v11
synthetic_customer_005,cabinet_005,2026-08-30 01:40:00+00:00,0,0,0,0,True,True,False,24.363211176441197,-47.96168513356174,3.0020508075529873,4.130248975166561,0.23870049376080138,0.029254433601438663,0.0,on,connected,True,synthetic_device_spec_v11
synthetic_customer_005,cabinet_005,2026-08-30 01:50:00+00:00,0,0,0,0,True,True,False,23.85972824754824,-46.81984784250166,3.0864347310200815,3.836534324624822,0.2593021086119819,0.015833932626596766,0.012838024070570183,on,connected,True,synthetic_device_spec_v11
synthetic_customer_005,cabinet_005,2026-08-30 02:00:00+00:00,0,0,0,0,True,True,False,24.026609582040013,-47.74217035597408,2.977637062327853,4.006530425602977,0.43281496257363994,0.019343393848103463,0.04249244466054375,on,connected,True,synthetic_device_spec_v11
synthetic_customer_005,cabinet_005,2026-08-30 02:10:00+00:00,0,0,0,0,True,True,False,24.04972587299597,-47.300741742771635,3.0593768097074405,4.063157674380293,0.3839981867542495,0.006199754504337837,0.021739250274070213,on,connected,True,synthetic_device_spec_v11
synthetic_customer_005,cabinet_005,2026-08-30 02:20:00+00:00,0,0,0,0,True,True,False,23.757247219788564,-47.98596946632833,3.0216988680522743,3.945049342334203,0.12107848540781538,0.002430343867237254,0.0,on,connected,True,synthetic_device_spec_v11
synthetic_customer_005,cabinet_005,2026-08-30 02:30:00+00:00,0,0,0,0,True,True,False,23.906455122338205,-48.499984092045864,3.049832580249415,4.001666680048791,0.0,0.009542200668290372,0.0,on,connected,True,synthetic_device_spec_v11
synthetic_customer_005,cabinet_005,2026-08-30 02:40:00+00:00,0,0,0,0,True,True,False,24.081553198405466,-47.03895514087501,3.0284872435143937,4.001221221456197,0.2470342133697298,0.0,0.0018623365167425414,on,connected,True,synthetic_device_spec_v11
synthetic_customer_005,cabinet_005,2026-08-30 02:50:00+00:00,0,0,0,0,True,True,False,23.883330581817287,-47.233355323073056,2.997531588549281,3.9687280155548432,0.0,0.0,0.0,on,connected,True,synthetic_device_spec_v11
synthetic_customer_005,cabinet_005,2026-08-30 03:00:00+00:00,0,0,0,0,True,True,False,23.957584392662767,-48.225604098755056,3.035528649923334,4.001359460899631,0.11539007356076549,0.0,0.0,on,connected,True,synthetic_device_spec_v11
synthetic_customer_005,cabinet_005,2026-08-30 03:10:00+00:00,0,0,0,0,True,True,False,24.22510528405414,-47.31835717134996,2.9880527558169563,4.078355365005574,0.0,0.0,0.03436077870507415,on,connected,True,synthetic_device_spec_v11
synthetic_customer_005,cabinet_005,2026-08-30 03:20:00+00:00,0,0,0,0,True,True,False,24.048311691840226,-48.20581342472557,3.0193223686438913,4.046500414762216,0.7160630657790512,0.0047563194760346025,0.0,on,connected,True,synthetic_device_spec_v11
synthetic_customer_005,cabinet_005,2026-08-30 03:30:00+00:00,0,0,0,0,True,True,False,23.79999292441526,-47.90717245542379,2.9821372165530033,4.023351872992013,0.16605151507498883,0.021700408777991398,0.0,on,connected,True,synthetic_device_spec_v11
synthetic_customer_005,cabinet_005,2026-08-30 03:40:00+00:00,0,0,0,0,True,True,False,23.991326432514587,-47.96576080689579,2.9712525845651583,3.8528467314218435,0.27654278565631785,0.0,0.0,on,connected,True,synthetic_device_spec_v11
synthetic_customer_005,cabinet_005,2026-08-30 03:50:00+00:00,0,0,0,0,True,True,False,24.058304125997907,-48.79122864644866,3.0134676415269914,4.022355286897382,0.0,0.0,0.00042127067657840426,on,connected,True,synthetic_device_spec_v11
synthetic_customer_005,cabinet_005,2026-08-30 04:00:00+00:00,0,0,0,0,True,True,False,24.18826684390995,-48.37379227741509,2.9523753983162506,3.9998825337950112,0.0,0.007898962316744355,0.0,on,connected,True,synthetic_device_spec_v11
synthetic_customer_005,cabinet_005,2026-08-30 04:10:00+00:00,0,0,0,0,True,True,False,24.05359125961543,-47.653125325026394,3.0084645973861925,3.958516493124238,0.0,0.014470991175578441,0.008148187556972376,on,connected,True,synthetic_device_spec_v11
synthetic_customer_005,cabinet_005,2026-08-30 04:20:00+00:00,0,0,0,0,True,True,False,24.07258219026998,-47.423489611156846,3.0557568288085797,3.9748302416587844,0.0,0.0,0.0,on,connected,True,synthetic_device_spec_v11
synthetic_customer_005,cabinet_005,2026-08-30 04:30:00+00:00,0,0,0,0,True,True,False,24.004765047554063,-47.05619913848985,2.9577842903289158,3.9929203404104423,0.47729048351088366,0.008110449627528887,0.028087902209252738,on,connected,True,synthetic_device_spec_v11
synthetic_customer_005,cabinet_005,2026-08-30 04:40:00+00:00,0,0,0,0,True,True,False,23.815278476374605,-47.51942931189389,2.9351647007152137,4.0025444733948685,0.4484377459870041,0.0,0.0,on,connected,True,synthetic_device_spec_v11
synthetic_customer_005,cabinet_005,2026-08-30 04:50:00+00:00,0,0,0,0,True,True,False,24.38331168970356,-47.323943227383836,3.0042574405351186,4.029319482045043,0.0,0.0,0.006737533800115392,on,connected,True,synthetic_device_spec_v11
synthetic_customer_005,cabinet_005,2026-08-30 05:00:00+00:00,0,0,0,0,True,True,False,24.04253103938467,-47.76411600525108,2.972679471149627,3.9783660935626,0.03242804000012216,0.0,0.0022088011061183305,on,connected,True,synthetic_device_spec_v11
synthetic_customer_005,cabinet_005,2026-08-30 05:10:00+00:00,0,0,0,0,True,True,False,23.88136949627287,-49.07818853713785,2.9766931682822775,3.980937276922531,0.0,0.03542919602285483,0.01646443901239118,on,connected,True,synthetic_device_spec_v11
synthetic_customer_005,cabinet_005,2026-08-30 05:20:00+00:00,0,0,0,0,True,True,False,23.844918969428463,-47.66745001208303,2.9709629699760383,4.010596050785846,0.8230211883108919,0.0,0.024243784997651105,on,connected,True,synthetic_device_spec_v11
synthetic_customer_005,cabinet_005,2026-08-30 05:30:00+00:00,0,0,0,0,True,True,False,23.93046140355428,-46.80044865070585,3.08442927091193,3.917207451908011,0.0,0.0,0.020109845122844538,on,connected,True,synthetic_device_spec_v11
synthetic_customer_005,cabinet_005,2026-08-30 05:40:00+00:00,0,0,0,0,True,True,False,24.07444678983089,-47.75293758483964,3.0013021590375684,3.88762871935595,0.5430822192124167,0.0,0.00874407880607822,on,connected,True,synthetic_device_spec_v11
synthetic_customer_005,cabinet_005,2026-08-30 05:50:00+00:00,0,0,0,0,True,True,False,23.848958443251274,-48.809513983533755,2.9792847818172308,3.902246212956225,0.0,0.004979340451485395,0.0,on,connected,True,synthetic_device_spec_v11
synthetic_customer_005,cabinet_005,2026-08-30 06:00:00+00:00,0,0,0,0,True,True,False,24.00557297562059,-48.00765716859407,2.8874391024336665,3.966461780416871,0.3184751744791819,0.027588928431536222,0.0,on,connected,True,synthetic_device_spec_v11
synthetic_customer_005,cabinet_005,2026-08-30 06:10:00+00:00,1,1,1,1,True,True,False,23.946010119030547,-47.949214240868585,2.8002868382023767,4.014936307220296,0.01799360386938619,0.0,0.0,on,connected,True,synthetic_device_spec_v11
synthetic_customer_005,cabinet_005,2026-08-30 06:20:00+00:00,1,1,1,1,True,True,False,24.096931559606997,-48.90311284673985,2.70659582361666,4.0776702102262865,0.0,0.0,0.019801721123483378,on,connected,True,synthetic_device_spec_v11
synthetic_customer_005,cabinet_005,2026-08-30 06:30:00+00:00,1,1,1,1,True,True,False,23.87911134634529,-47.749721924422545,2.620391135214552,4.235134123495283,0.11699493118179564,0.018847673715181867,0.011882386561285272,on,connected,True,synthetic_device_spec_v11
synthetic_customer_005,cabinet_005,2026-08-30 06:40:00+00:00,0,0,0,0,True,True,False,24.121514480985333,-48.117204060335624,2.4760517276364222,4.467742579123932,0.12236908681682973,0.015558800720148161,0.06092186172594978,on,connected,True,synthetic_device_spec_v11
synthetic_customer_005,cabinet_005,2026-08-30 06:50:00+00:00,0,0,0,0,True,True,False,24.044475335326766,-46.87301608129265,2.4765107087660256,4.55553034780712,1.0027477079232863,0.027443908222875235,0.10679888912950666,on,connected,True,synthetic_device_spec_v11
synthetic_customer_005,cabinet_005,2026-08-30 07:00:00+00:00,0,0,0,0,True,True,False,23.884296027325167,-48.59327779609695,2.4276827937436494,4.796710800060276,0.5702360931948579,0.023525075518342015,0.12770350880403317,on,connected,True,synthetic_device_spec_v11
synthetic_customer_005,cabinet_005,2026-08-30 07:10:00+00:00,0,0,0,0,True,True,False,24.08934578043095,-47.81071812822983,2.2254447093354615,5.1429444314176855,0.0,0.0299698976745233,0.16477537584877971,on,connected,True,synthetic_device_spec_v11
synthetic_customer_005,cabinet_005,2026-08-30 07:20:00+00:00,0,0,0,0,True,True,False,24.109588834460627,-47.96977358674545,2.092365546254559,5.280401673169599,0.5584320342251495,0.013527931079447261,0.1363206402539408,on,connected,True,synthetic_device_spec_v11
synthetic_customer_005,cabinet_005,2026-08-30 07:30:00+00:00,0,0,0,0,True,True,False,23.892970833061447,-48.79843996740621,2.2228274158216776,5.611842918669755,0.0,0.0,0.20988267160314453,on,connected,True,synthetic_device_spec_v11
synthetic_customer_005,cabinet_005,2026-08-30 07:40:00+00:00,0,0,0,0,True,True,False,23.872350773669393,-49.5314656190351,2.1446569880249795,5.752156562438509,1.0328652893693517,0.021338286632262168,0.21351716003656818,on,connected,True,synthetic_device_spec_v11
synthetic_customer_005,cabinet_005,2026-08-30 07:50:00+00:00,0,0,0,0,True,True,False,24.1586689929398,-54.08642074017858,2.190659281655279,6.067518194565851,0.22445539927873945,0.10263110686183342,0.27016056339337424,on,connected,True,synthetic_device_spec_v11
synthetic_customer_005,cabinet_005,2026-08-30 08:00:00+00:00,0,0,0,0,True,True,False,24.12461783326926,-57.66451334721191,3.0595332382639344,6.200801486736156,0.0,0.18355304117866594,0.29548783009114366,on,connected,True,synthetic_device_spec_v11
synthetic_customer_005,cabinet_005,2026-08-30 08:10:00+00:00,0,0,0,0,True,True,False,24.087213741374626,-61.45899645242651,3.034458844470011,6.515493499907601,0.06668437038613563,0.25218791523613254,0.33794495441550143,on,connected,True,synthetic_device_spec_v11
synthetic_customer_005,cabinet_005,2026-08-30 08:20:00+00:00,0,0,0,0,True,True,False,23.908312138863774,-62.24331234212812,2.9757030224839287,6.7009439956746,0.635243903724921,0.297160526657185,0.3597353500359111,on,connected,True,synthetic_device_spec_v11
synthetic_customer_005,cabinet_005,2026-08-30 08:30:00+00:00,0,0,0,0,True,True,False,24.057603291909974,-68.62777671011706,3.0544809350564246,7.0025001372120945,0.49040460600803104,0.36489143079504255,0.38118970515724543,on,connected,True,synthetic_device_spec_v11
synthetic_customer_005,cabinet_005,2026-08-30 08:40:00+00:00,0,0,0,0,True,True,False,24.049969123321965,-73.75945283345477,2.9868420718128,7.113888473611285,0.20805978369490363,0.4639858416938533,0.4303390351823104,on,connected,True,synthetic_device_spec_v11
synthetic_customer_005,cabinet_005,2026-08-30 08:50:00+00:00,0,0,0,0,True,True,False,24.282928219120592,-74.70382897864003,3.0106482291337238,7.128002176523211,0.0,0.5228311027717791,0.4213812708452834,on,connected,True,synthetic_device_spec_v11
synthetic_customer_005,cabinet_005,2026-08-30 09:00:00+00:00,0,0,0,0,True,True,False,24.16656433490666,-79.91650195108653,2.9954737840077366,6.9506418191475445,0.0,0.5832619579061193,0.37667831341176544,on,connected,True,synthetic_device_spec_v11
synthetic_customer_005,cabinet_005,2026-08-30 09:10:00+00:00,0,0,0,0,True,True,False,23.998743352018288,-84.8247071637589,3.011138069895832,3.9360438809180174,0.4077932055768411,0.6535822221602292,0.0005899716335806931,on,connected,True,synthetic_device_spec_v11
synthetic_customer_005,cabinet_005,2026-08-30 10:30:00+00:00,0,0,0,0,True,True,False,23.787294671921,-47.502146627576806,3.002558632437321,4.044049359750404,0.5966942035059688,0.0,0.0,on,connected,True,synthetic_device_spec_v11
synthetic_customer_005,cabinet_005,2026-08-30 10:40:00+00:00,0,0,0,0,True,True,False,24.17689810080776,-46.161560584288736,3.093621037039649,4.026938777521774,0.0,0.0,0.0,on,connected,True,synthetic_device_spec_v11
synthetic_customer_005,cabinet_005,2026-08-30 10:50:00+00:00,0,0,0,0,True,True,False,23.79080421967109,-47.469612169461534,3.0101254531951303,3.9952520911225666,0.0,0.0,0.011631863092552925,on,connected,True,synthetic_device_spec_v11
synthetic_customer_005,cabinet_005,2026-08-30 11:00:00+00:00,0,0,0,0,True,True,False,23.972335594524758,-49.257886570819956,3.0208503191237956,3.9842084820110992,0.32339284986531497,0.0,0.0,on,connected,True,synthetic_device_spec_v11
synthetic_customer_005,cabinet_005,2026-08-30 11:10:00+00:00,0,0,0,0,True,True,False,24.100687548065313,-47.41818673843693,3.0034558487812966,3.9923244753817166,0.6372863379858238,0.0,0.0,on,connected,True,synthetic_device_spec_v11
synthetic_customer_005,cabinet_005,2026-08-30 11:20:00+00:00,0,0,0,0,True,True,False,23.952336679784295,-49.50603127844585,2.9761681598424734,3.995856998462931,0.0,0.0037220838600920143,0.004957101207007182,on,connected,True,synthetic_device_spec_v11
synthetic_customer_005,cabinet_005,2026-08-30 11:30:00+00:00,0,0,0,0,True,True,False,24.036816738012693,-48.22686932606966,3.0042401610375298,3.9620830493254386,0.033788810607022865,0.015199624740744835,0.007525199789140193,on,connected,True,synthetic_device_spec_v11
synthetic_customer_005,cabinet_005,2026-08-30 11:40:00+00:00,0,0,0,0,True,True,False,23.866905785774684,-48.31739590698811,2.993950504555761,4.096971733566013,0.5811263011148132,0.0,0.014831457987800714,on,connected,True,synthetic_device_spec_v11
synthetic_customer_005,cabinet_005,2026-08-30 11:50:00+00:00,0,0,0,0,True,True,False,23.781414625332175,-47.25473563975683,2.9942466392265246,3.979002713586145,0.1656486064629181,0.0,0.0035353284718151403,on,connected,True,synthetic_device_spec_v11
synthetic_customer_005,cabinet_005,2026-08-30 12:00:00+00:00,0,0,0,0,True,True,False,24.112175103961622,-48.787113676233574,3.011033952386348,3.9614510866652592,0.0,0.013597166740642354,0.011815122921988452,on,connected,True,synthetic_device_spec_v11
synthetic_customer_005,cabinet_005,2026-08-30 12:10:00+00:00,1,1,1,1,True,True,False,24.002367504016746,-47.26923150022443,2.994164533682014,4.0472778804207925,0.0,0.0,0.0,on,connected,True,synthetic_device_spec_v11
synthetic_customer_005,cabinet_005,2026-08-30 12:20:00+00:00,1,1,1,1,True,True,False,23.908398123058934,-49.203325249277526,3.025141204312329,4.0163403241064755,0.0,0.029735812832438403,0.0,on,connected,True,synthetic_device_spec_v11
synthetic_customer_005,cabinet_005,2026-08-30 12:30:00+00:00,1,1,1,1,True,True,False,24.084191139938255,-46.71321097993912,2.995921773729625,3.960582803921872,0.23901840821266873,0.033569388343196165,0.003782584387739597,on,connected,True,synthetic_device_spec_v11
synthetic_customer_005,cabinet_005,2026-08-30 12:40:00+00:00,0,0,0,0,True,True,False,23.943202764336476,-48.37142723593464,2.9861646370196775,3.99634245987687,0.0,0.0,0.0,on,connected,True,synthetic_device_spec_v11
synthetic_customer_005,cabinet_005,2026-08-30 12:50:00+00:00,0,0,0,0,True,True,False,23.84276967315963,-46.06752185398363,3.0400978337696083,3.9774420101224366,0.0,0.046756573779731164,0.0,on,connected,True,synthetic_device_spec_v11
synthetic_customer_005,cabinet_005,2026-08-30 13:00:00+00:00,0,0,0,0,True,True,False,23.956512110614984,-48.866212734879014,2.924361291096923,3.966304588159555,0.0,0.010238289902205825,0.0007906638221195189,on,connected,True,synthetic_device_spec_v11
synthetic_customer_005,cabinet_005,2026-08-30 13:10:00+00:00,0,0,0,0,True,True,False,24.086444541789493,-48.449593916395315,2.9673125522737376,4.082847070534142,0.0,0.00020682593935777302,0.0,on,connected,True,synthetic_device_spec_v11
synthetic_customer_005,cabinet_005,2026-08-30 13:20:00+00:00,0,0,0,0,True,True,False,24.12360324590339,-47.59192350638995,2.993863977122482,4.045201779422624,0.0,0.037306766763516984,0.0,on,connected,True,synthetic_device_spec_v11
synthetic_customer_005,cabinet_005,2026-08-30 13:30:00+00:00,0,0,0,0,True,True,False,24.114753398001913,-46.91080407079041,2.971373920509581,4.050490634083186,0.0,0.04582332774626982,0.0,on,connected,True,synthetic_device_spec_v11
synthetic_customer_005,cabinet_005,2026-08-30 13:40:00+00:00,0,0,0,0,True,True,False,24.192943480438142,-47.257147994000405,3.005001769582768,3.9644058068278016,0.1358519323841038,0.0,0.0,on,connected,True,synthetic_device_spec_v11
synthetic_customer_005,cabinet_005,2026-08-30 13:50:00+00:00,0,0,0,0,True,True,False,24.176799357804217,-47.22684918959622,3.06260969002787,3.9836057059367027,0.7890663061164158,0.0,0.0004000548062913246,on,connected,True,synthetic_device_spec_v11
synthetic_customer_005,cabinet_005,2026-08-30 14:00:00+00:00,0,0,0,0,True,True,False,23.691559348005956,-47.735088840669604,2.9828590028597324,3.967691588725784,1.188209693860554,0.0064213733198101855,0.0,on,connected,True,synthetic_device_spec_v11
synthetic_customer_005,cabinet_005,2026-08-30 14:10:00+00:00,0,0,0,0,True,True,False,24.09628161484417,-47.39649334375478,2.950542137229934,3.9253964356579405,0.1765904292254455,0.0,0.0,on,connected,True,synthetic_device_spec_v11
synthetic_customer_005,cabinet_005,2026-08-30 14:20:00+00:00,0,0,0,0,True,True,False,24.104619887541553,-47.81983761892578,3.0139324545857793,3.9774181625623615,0.7674034510241661,0.04888699373137774,0.010134877500257159,on,connected,True,synthetic_device_spec_v11
synthetic_customer_005,cabinet_005,2026-08-30 14:30:00+00:00,0,0,0,0,True,True,False,24.137898484941637,-48.5375947884266,3.0030259814489173,3.8886035268114374,0.46364371947830396,0.045099029685856086,0.008921133755752727,on,connected,True,synthetic_device_spec_v11
synthetic_customer_005,cabinet_005,2026-08-30 14:40:00+00:00,0,0,0,0,True,True,False,24.16195480150276,-47.666981806464825,2.940202175420781,3.9811741772549083,0.0,0.0,0.029878529130856236,on,connected,True,synthetic_device_spec_v11
synthetic_customer_005,cabinet_005,2026-08-30 14:50:00+00:00,0,0,0,0,True,True,False,23.85365046283412,-47.274540583779284,2.94921890696439,4.048797781732103,0.0,0.0,0.0011947388674818607,on,connected,True,synthetic_device_spec_v11
synthetic_customer_005,cabinet_005,2026-08-30 15:00:00+00:00,0,0,0,0,True,True,False,24.0475429954151,-47.16843823344385,2.994869052998691,4.064780051226698,0.0,0.01270910837023796,0.010265875021754077,on,connected,True,synthetic_device_spec_v11
synthetic_customer_005,cabinet_005,2026-08-30 15:10:00+00:00,0,0,0,0,True,True,False,24.021085639854835,-49.16469953969593,2.9486068965747356,4.04045134510639,0.5588735696930865,0.03473772124515103,0.008138453141441671,on,connected,True,synthetic_device_spec_v11
synthetic_customer_005,cabinet_005,2026-08-30 15:20:00+00:00,0,0,0,0,True,True,False,24.251531240226043,-47.392664099818,2.941063014765049,3.861117252469412,0.0,0.0,0.0225684025964811,on,connected,True,synthetic_device_spec_v11
synthetic_customer_005,cabinet_005,2026-08-30 15:30:00+00:00,0,0,0,0,True,True,False,24.05284033469508,-47.97972960797317,3.0477629172458767,4.061546277094126,0.0,0.03618767786345607,0.002833009133931848,on,connected,True,synthetic_device_spec_v11
synthetic_customer_005,cabinet_005,2026-08-30 15:40:00+00:00,0,0,0,0,True,True,False,23.969970805876688,-49.45231557927196,2.992061425491919,3.9931722849859383,0.0,0.023960305772875175,0.011289201667121688,on,connected,True,synthetic_device_spec_v11
synthetic_customer_005,cabinet_005,2026-08-30 15:50:00+00:00,0,0,0,0,True,True,False,24.19679062172923,-47.28843930198127,3.00856981835689,4.069777142504038,0.19704279060368746,0.016786276936045837,0.0,on,connected,True,synthetic_device_spec_v11
synthetic_customer_005,cabinet_005,2026-08-30 16:00:00+00:00,0,0,0,0,True,True,False,23.947783459855007,-50.45161410248387,3.014390793087917,4.014256127273344,0.0,0.0,0.0,on,connected,True,synthetic_device_spec_v11
synthetic_customer_005,cabinet_005,2026-08-30 16:10:00+00:00,0,0,0,0,True,True,False,23.93730799029611,-44.61784161535272,3.0020932369653957,4.070166298270432,0.0,0.0,0.001465992986305248,on,connected,True,synthetic_device_spec_v11
synthetic_customer_005,cabinet_005,2026-08-30 16:20:00+00:00,0,0,0,0,True,True,False,23.88881685394267,-49.523257558899296,2.9215445860842926,3.987253959932021,0.0,0.0,0.01142370442932357,on,connected,True,synthetic_device_spec_v11
synthetic_customer_005,cabinet_005,2026-08-30 16:30:00+00:00,0,0,0,0,True,True,False,24.05452296001407,-45.683092737441996,2.964836816392035,4.115792784200032,0.010104672291799214,0.0,0.0,on,connected,True,synthetic_device_spec_v11
synthetic_customer_005,cabinet_005,2026-08-30 16:40:00+00:00,0,0,0,0,True,True,False,24.00607168307938,-48.7235308853768,3.049367572260522,3.9103141884655974,0.5439308105763548,0.05669032696944237,0.028368820375852522,on,connected,True,synthetic_device_spec_v11
synthetic_customer_005,cabinet_005,2026-08-30 16:50:00+00:00,0,0,0,0,True,True,False,24.166684143888563,-47.920411917867895,3.04954537267959,4.012210537836467,0.0,0.0,0.00557726483922242,on,connected,True,synthetic_device_spec_v11
synthetic_customer_005,cabinet_005,2026-08-30 17:00:00+00:00,0,0,0,0,True,True,False,24.11090297616436,-47.425571230912695,3.0265225967645324,4.054184947777442,0.0,0.00792768218241694,0.0,on,connected,True,synthetic_device_spec_v11
synthetic_customer_005,cabinet_005,2026-08-30 17:10:00+00:00,0,0,0,0,True,True,False,23.94941597681492,-47.039444626281394,2.9470364741280033,3.9202954266941323,0.5152797173593833,0.0,0.022825721060553198,on,connected,True,synthetic_device_spec_v11
synthetic_customer_005,cabinet_005,2026-08-30 17:20:00+00:00,0,0,0,0,True,True,False,23.969848178141106,-49.09578773651772,2.9863861207749114,4.014059952252594,0.0,0.0,0.0,on,connected,True,synthetic_device_spec_v11
synthetic_customer_005,cabinet_005,2026-08-30 17:30:00+00:00,0,0,0,0,True,True,False,24.09009742265308,-47.92416016674728,2.985982374005256,3.9196071537095847,0.5730143731321078,0.014317476646101501,0.0008941846837513752,on,connected,True,synthetic_device_spec_v11
synthetic_customer_005,cabinet_005,2026-08-30 17:40:00+00:00,0,0,0,0,True,True,False,24.114355033713085,-46.85322913664252,2.973118655885891,4.062106358145716,0.0,0.01309058654800708,0.0,on,connected,True,synthetic_device_spec_v11
synthetic_customer_005,cabinet_005,2026-08-30 17:50:00+00:00,0,0,0,0,True,True,False,24.11145942411689,-47.41136911680364,3.005383186604465,3.919044536779563,0.1312766956123812,0.0,0.009734953988942531,on,connected,True,synthetic_device_spec_v11
synthetic_customer_005,cabinet_005,2026-08-30 18:00:00+00:00,0,0,0,0,True,True,False,23.854622118019638,-47.79719775887143,2.985806694672989,4.067416844471251,0.7510535495940943,0.0,0.024214634922543846,on,connected,True,synthetic_device_spec_v11
synthetic_customer_005,cabinet_005,2026-08-30 18:10:00+00:00,1,1,1,1,True,True,False,24.12842843628898,-47.7458271685189,3.011636000791151,4.112404969942009,0.28735700065496067,0.0,0.016282081301396745,on,connected,True,synthetic_device_spec_v11
synthetic_customer_005,cabinet_005,2026-08-30 18:20:00+00:00,1,1,1,1,True,True,False,23.96535168381144,-48.105758606403654,3.002416397303229,4.0514528627938535,0.8193084937630785,0.0,0.0,on,connected,True,synthetic_device_spec_v11
synthetic_customer_005,cabinet_005,2026-08-30 18:30:00+00:00,1,1,1,1,True,True,False,24.04608539738907,-49.76927950454436,3.007999664734897,4.0375172395183565,0.0,0.025243653074207763,0.020453895637523728,on,connected,True,synthetic_device_spec_v11
synthetic_customer_005,cabinet_005,2026-08-30 18:40:00+00:00,0,0,0,0,True,True,False,23.819101070662775,-49.06021669504427,2.9486527011429895,3.906471472646094,0.3682471497483716,0.0,0.02390199705739442,on,connected,True,synthetic_device_spec_v11
synthetic_customer_005,cabinet_005,2026-08-30 18:50:00+00:00,0,0,0,0,True,True,False,23.83162440782908,-47.269653208424614,3.015738476945196,4.0320953775647315,0.1811377666333696,0.0,0.0,on,connected,True,synthetic_device_spec_v11
synthetic_customer_005,cabinet_005,2026-08-30 19:00:00+00:00,0,0,0,0,True,True,False,23.90934328575922,-48.84421957736717,3.017116990943,4.034431584363439,0.20127347271661,0.0,0.0030563937127454123,on,connected,True,synthetic_device_spec_v11
synthetic_customer_005,cabinet_005,2026-08-30 19:10:00+00:00,0,0,0,0,True,True,False,24.150345886096215,-48.528025350884484,3.058123001658041,4.116196111722841,0.0,0.0,0.0,on,connected,True,synthetic_device_spec_v11
synthetic_customer_005,cabinet_005,2026-08-30 19:20:00+00:00,0,0,0,0,True,True,False,23.861501958846542,-47.13747167525711,2.9833746129032575,3.8530706886537507,0.0,0.0004847312085221564,0.0012841744200129933,on,connected,True,synthetic_device_spec_v11
synthetic_customer_005,cabinet_005,2026-08-30 19:30:00+00:00,0,0,0,0,True,True,False,24.0705361225367,-48.394041143825646,2.9979452026121924,4.00572302128949,0.0,0.02780726973745178,0.0,on,connected,True,synthetic_device_spec_v11
synthetic_customer_005,cabinet_005,2026-08-30 19:40:00+00:00,0,0,0,0,True,True,False,24.091727103497178,-49.17855040845007,2.9853781795503602,4.012893319703153,0.0,0.0,0.0,on,connected,True,synthetic_device_spec_v11
synthetic_customer_005,cabinet_005,2026-08-30 19:50:00+00:00,0,0,0,0,True,True,False,24.027543763081955,-47.835630271386634,2.962287076898441,4.002522664620188,0.0,0.02180469260402646,0.0,on,connected,True,synthetic_device_spec_v11
synthetic_customer_005,cabinet_005,2026-08-30 20:00:00+00:00,0,0,0,0,True,True,False,23.95295447090529,-47.26972773741808,2.9601634883064993,3.9810231119934363,0.2644449901965781,0.0,0.0,on,connected,True,synthetic_device_spec_v11
synthetic_customer_005,cabinet_005,2026-08-30 20:10:00+00:00,0,0,0,0,True,True,False,24.05133081297606,-48.52483972777959,2.988066574969406,3.938973468538943,0.0,0.0,0.02492487189233775,on,connected,True,synthetic_device_spec_v11
synthetic_customer_005,cabinet_005,2026-08-30 20:20:00+00:00,0,0,0,0,True,True,False,24.049971963264618,-47.10438127240208,3.0840688824499765,4.066130125401138,0.0,0.0,0.013492990363496805,on,connected,True,synthetic_device_spec_v11
synthetic_customer_005,cabinet_005,2026-08-30 20:30:00+00:00,0,0,0,0,True,True,False,23.91489430909941,-47.82107011940935,3.044356721051561,4.001519790070734,0.0,0.02889117649542762,0.0035104197184206115,on,connected,True,synthetic_device_spec_v11
synthetic_customer_005,cabinet_005,2026-08-30 20:40:00+00:00,0,0,0,0,True,True,False,23.89346740246313,-48.77704657611899,2.972298397666872,3.9054400841256554,0.0,0.00551263136912238,0.006511981374209389,on,connected,True,synthetic_device_spec_v11
synthetic_customer_005,cabinet_005,2026-08-30 20:50:00+00:00,0,0,0,0,True,True,False,24.07636852292967,-48.81274452722256,2.9796843864900406,3.9771978808473194,0.7347411307091796,0.006611055539049918,0.0,on,connected,True,synthetic_device_spec_v11
synthetic_customer_005,cabinet_005,2026-08-30 21:00:00+00:00,0,0,0,0,True,True,False,24.063548212188522,-48.903448191605,2.976474509103313,3.9240245705794137,0.037093417288038735,0.0,0.008322278078492602,on,connected,True,synthetic_device_spec_v11
synthetic_customer_005,cabinet_005,2026-08-30 21:10:00+00:00,0,0,0,0,True,True,False,24.004938540492244,-48.30791848663185,3.00524592356597,3.9765669378114907,0.898381961319909,0.0,0.0,on,connected,True,synthetic_device_spec_v11
synthetic_customer_005,cabinet_005,2026-08-30 21:20:00+00:00,0,0,0,0,True,True,False,24.12710052510729,-49.21113788584444,2.975056399077508,3.9425870624940176,0.04284506035165567,0.0,0.060549421612580034,on,connected,True,synthetic_device_spec_v11
synthetic_customer_005,cabinet_005,2026-08-30 21:30:00+00:00,0,0,0,0,True,True,False,24.16980971508799,-46.630516675367616,3.0037534686543084,4.163532632261563,1.7356982636229168,0.034297358416677325,0.012929427317956045,on,connected,True,synthetic_device_spec_v11
synthetic_customer_005,cabinet_005,2026-08-30 21:40:00+00:00,0,0,0,0,True,True,False,24.03088870277232,-47.630835601225215,3.021885597648697,3.970403788546452,3.2088128965706546,0.0,0.0,on,connected,True,synthetic_device_spec_v11
synthetic_customer_005,cabinet_005,2026-08-30 21:50:00+00:00,0,0,0,0,True,True,False,24.029981113869553,-48.920695776832176,3.0072272158229807,3.970698899135013,4.829408204405144,0.0,0.0070650605853779394,on,connected,True,synthetic_device_spec_v11
synthetic_customer_005,cabinet_005,2026-08-30 22:00:00+00:00,0,0,0,0,True,True,False,23.867879386146416,-49.11487259921269,3.010158395434928,4.0191967050350454,5.865945932395801,0.04319981538137077,0.019316284828818746,on,connected,True,synthetic_device_spec_v11
synthetic_customer_005,cabinet_005,2026-08-30 22:10:00+00:00,0,0,0,0,True,True,False,23.86402479637131,-46.24515374972798,2.9318684225267093,4.047314686177436,7.656398038557817,0.0031163107258288052,0.0,on,connected,True,synthetic_device_spec_v11
synthetic_customer_005,cabinet_005,2026-08-30 22:20:00+00:00,0,0,0,0,True,True,False,24.066530029367197,-47.92867871832888,3.0230131394387554,3.936154585232769,9.650268194203813,0.0,0.0,on,connected,True,synthetic_device_spec_v11
synthetic_customer_005,cabinet_005,2026-08-30 22:30:00+00:00,0,0,0,0,True,True,False,24.06985969208549,-48.69115113164555,2.9866661881257084,4.003297668821259,11.594558702378832,0.03871680184399976,0.020564282651718047,on,connected,True,synthetic_device_spec_v11
synthetic_customer_005,cabinet_005,2026-08-30 22:40:00+00:00,0,0,0,0,True,True,False,24.252265514025588,-47.65268558476999,3.0346683700314356,4.053357398561209,13.402386249261749,0.0,0.012510800760864717,on,connected,True,synthetic_device_spec_v11
synthetic_customer_005,cabinet_005,2026-08-30 22:50:00+00:00,0,0,0,0,True,True,False,24.04764362649059,-48.36390679359989,3.047991413891281,4.015600183100648,15.703290799513194,0.020485314759240803,0.008554413815492266,on,connected,True,synthetic_device_spec_v11
synthetic_customer_005,cabinet_005,2026-08-30 23:00:00+00:00,0,0,0,0,True,True,False,23.94960990318237,-47.59744623189603,3.0708116990018812,4.021977563901621,17.069384136482245,0.027503907096947684,0.0,on,connected,True,synthetic_device_spec_v11
synthetic_customer_005,cabinet_005,2026-08-30 23:10:00+00:00,0,0,0,0,True,True,False,23.925039667405727,-48.11851210674106,2.988110475393584,4.0115133000684935,17.926867856596804,0.0,0.0,on,connected,True,synthetic_device_spec_v11
synthetic_customer_005,cabinet_005,2026-08-30 23:20:00+00:00,0,0,0,0,True,True,False,23.912847872976464,-47.877494923226024,3.0316287031568874,4.042221227562263,19.96998197961088,0.021473892789178883,0.004435852549595649,on,connected,True,synthetic_device_spec_v11
synthetic_customer_005,cabinet_005,2026-08-30 23:30:00+00:00,0,0,0,0,True,True,False,23.7948116469902,-47.18372634483878,3.0047007945107786,3.9229724377261097,21.747882562537843,0.026666899281204328,0.03047611397354205,on,connected,True,synthetic_device_spec_v11
synthetic_customer_005,cabinet_005,2026-08-30 23:40:00+00:00,0,0,0,0,True,True,False,23.97194070976886,-47.47649327046336,2.972881484121777,3.9733728975039417,23.01953601211855,0.0,0.009202788133450927,on,connected,True,synthetic_device_spec_v11
synthetic_customer_005,cabinet_005,2026-08-30 23:50:00+00:00,0,0,0,0,True,True,False,24.12099702760221,-49.13780705760475,3.033009389835528,3.9856881890298284,24.04783528413687,0.0,0.0,on,connected,True,synthetic_device_spec_v11
synthetic_customer_005,cabinet_005,2026-08-31 00:00:00+00:00,0,0,0,0,True,True,False,24.058537005379115,-47.549582329655365,3.043798178997576,4.082030858856797,25.239157401442522,0.0,0.0,on,connected,True,synthetic_device_spec_v11
synthetic_customer_005,cabinet_005,2026-08-31 00:10:00+00:00,1,1,1,1,True,True,False,23.85466717222319,-49.749031735681996,2.9901721261663665,3.840318109124089,24.375613029163624,0.0,0.0,on,connected,True,synthetic_device_spec_v11
synthetic_customer_005,cabinet_005,2026-08-31 00:20:00+00:00,1,1,1,1,True,True,False,24.09091245953846,-47.562027374382,3.0329042864923226,3.923369482131252,25.01353953415485,0.01154769904408081,0.02671527781598133,on,connected,True,synthetic_device_spec_v11
synthetic_customer_005,cabinet_005,2026-08-31 00:30:00+00:00,1,1,1,1,True,True,False,23.99719543556973,-47.20614001485141,3.020056899503125,4.0499858636491775,25.036955065609448,0.035675759470748844,0.006792940107176769,on,connected,True,synthetic_device_spec_v11
synthetic_customer_005,cabinet_005,2026-08-31 00:40:00+00:00,0,0,0,0,True,True,False,23.72019983351448,-48.341269386247674,2.990254435743923,3.995292951926214,25.479006316522277,0.007126100261763516,0.01931046346690813,on,connected,True,synthetic_device_spec_v11
synthetic_customer_005,cabinet_005,2026-08-31 00:50:00+00:00,0,0,0,0,True,True,False,23.962928822234932,-48.07052970111461,2.9832795268659673,3.958743251074332,24.48773848303749,0.0,0.0008526059123380851,on,connected,True,synthetic_device_spec_v11
synthetic_customer_005,cabinet_005,2026-08-31 01:00:00+00:00,0,0,0,0,True,True,False,23.962728073160935,-47.29052745944771,3.0383983242593433,3.972813736304635,24.775499168296665,0.043674814151810855,0.0,on,connected,True,synthetic_device_spec_v11
synthetic_customer_005,cabinet_005,2026-08-31 01:10:00+00:00,0,0,0,0,True,True,False,24.015042385343218,-48.48086131044515,2.9376723831267713,4.015028087029681,25.087783344058472,0.028205408640768495,0.0,on,connected,True,synthetic_device_spec_v11
synthetic_customer_005,cabinet_005,2026-08-31 01:20:00+00:00,0,0,0,0,True,True,False,24.032537068627207,-47.33297794748087,2.971797008305928,3.970233103992849,0.3056382565257353,0.04079583177468756,0.03396706986041744,on,connected,True,synthetic_device_spec_v11
synthetic_customer_005,cabinet_005,2026-08-31 01:30:00+00:00,0,0,0,0,True,True,False,24.17446411510111,-46.77861438583481,2.9593954148706105,3.9544007007106456,0.08747401494623865,0.0342893872410975,0.007109829114523339,on,connected,True,synthetic_device_spec_v11
synthetic_customer_005,cabinet_005,2026-08-31 01:40:00+00:00,0,0,0,0,True,True,False,23.8447589517883,-47.11753710971194,3.0230505403009835,3.994461644260755,0.0,0.0,0.0,on,connected,True,synthetic_device_spec_v11
synthetic_customer_005,cabinet_005,2026-08-31 01:50:00+00:00,0,0,0,0,True,True,False,23.81180410226517,-48.16267695372879,3.0523687107465562,3.9612226097140906,0.6462023649809823,0.015398114715203932,0.0029282519673737057,on,connected,True,synthetic_device_spec_v11
synthetic_customer_005,cabinet_005,2026-08-31 02:00:00+00:00,0,0,0,0,True,True,False,24.10503379570277,-48.40459021442741,2.9752166238145388,3.9382724703780587,0.0,0.03650561564361773,0.018848579945273388,on,connected,True,synthetic_device_spec_v11
synthetic_customer_005,cabinet_005,2026-08-31 02:10:00+00:00,0,0,0,0,True,True,False,23.89092579705843,-47.270757229969014,2.9565906174977474,4.024996192527135,0.11694112979913832,0.0,0.005555790557336333,on,connected,True,synthetic_device_spec_v11
synthetic_customer_005,cabinet_005,2026-08-31 02:20:00+00:00,0,0,0,0,True,True,False,23.916255550562905,-47.46136153487554,3.0030194601592184,4.040870377191875,0.0,0.0,0.0,on,connected,True,synthetic_device_spec_v11
synthetic_customer_005,cabinet_005,2026-08-31 02:30:00+00:00,0,0,0,0,True,True,False,23.89950098861443,-46.07685763820106,2.9837166622476357,3.9977463677219207,0.43477474124074217,0.008430143389310899,0.03203139046666763,on,connected,True,synthetic_device_spec_v11
synthetic_customer_005,cabinet_005,2026-08-31 02:40:00+00:00,0,0,0,0,True,True,False,23.938456885774514,-48.64438341997586,3.041959750010814,3.998907905960754,0.889892335224584,0.0,0.0225306668913946,on,connected,True,synthetic_device_spec_v11
synthetic_customer_005,cabinet_005,2026-08-31 02:50:00+00:00,0,0,0,0,True,True,False,23.800533070749808,-47.44225999823267,2.9744771358810405,3.992717316965187,0.0,0.0,0.003051775150195309,on,connected,True,synthetic_device_spec_v11
synthetic_customer_005,cabinet_005,2026-08-31 03:00:00+00:00,0,0,0,0,True,True,False,23.886931709718077,-48.49478369414928,2.997973732199701,4.074360991839567,0.0,0.0,0.0,on,connected,True,synthetic_device_spec_v11
synthetic_customer_005,cabinet_005,2026-08-31 03:10:00+00:00,0,0,0,0,True,True,False,24.032304867871833,-47.265654867922386,3.024809654019675,4.088507114599653,0.0,0.0,0.013844199550446062,on,connected,True,synthetic_device_spec_v11
synthetic_customer_005,cabinet_005,2026-08-31 03:20:00+00:00,0,0,0,0,True,True,False,23.932293154867494,-48.71321898561086,3.0634366900078933,3.9977438816504747,0.0,0.0,0.0,on,connected,True,synthetic_device_spec_v11
synthetic_customer_005,cabinet_005,2026-08-31 03:30:00+00:00,0,0,0,0,True,True,False,24.02310732914549,-46.24956925096394,3.054468553082839,3.870288281322507,0.0,0.029010052121746146,0.0,on,connected,True,synthetic_device_spec_v11
synthetic_customer_005,cabinet_005,2026-08-31 03:40:00+00:00,0,0,0,0,True,True,False,23.876931769217897,-46.99910705647274,2.946812764349445,3.9778766913764283,0.0,0.0,0.007944780725750998,on,connected,True,synthetic_device_spec_v11
synthetic_customer_005,cabinet_005,2026-08-31 03:50:00+00:00,0,0,0,0,True,True,False,23.907956655181923,-48.11354294008015,3.089482976695495,4.035486681606516,0.2451573154233876,0.0,0.0009036873493602907,on,connected,True,synthetic_device_spec_v11
synthetic_customer_005,cabinet_005,2026-08-31 04:00:00+00:00,0,0,0,0,True,True,False,24.01061117680534,-50.09682331739635,2.9445232806818242,4.00618679760002,0.0,0.06029735949894671,0.0,on,connected,True,synthetic_device_spec_v11
synthetic_customer_005,cabinet_005,2026-08-31 04:10:00+00:00,0,0,0,0,True,True,False,23.821105824581586,-49.256713341452404,2.985727930937722,3.9653170185062288,0.42129373116505797,0.038295499497752135,0.018175255673757464,on,connected,True,synthetic_device_spec_v11
synthetic_customer_005,cabinet_005,2026-08-31 04:20:00+00:00,0,0,0,0,True,True,False,23.945931517772905,-47.34267278660742,2.979504690628652,4.080325237112434,0.2615106052486594,0.0,0.0,on,connected,True,synthetic_device_spec_v11
synthetic_customer_005,cabinet_005,2026-08-31 04:30:00+00:00,0,0,0,0,True,True,False,24.186636555080085,-47.388049609186375,3.0265749586998623,4.102486124923362,0.07271999863481025,0.019839995738490546,0.0,on,connected,True,synthetic_device_spec_v11
synthetic_customer_005,cabinet_005,2026-08-31 04:40:00+00:00,0,0,0,0,True,True,False,24.246924641370434,-47.23997569736147,3.0050685003987754,4.072955986171168,0.0,0.0,0.0,on,connected,True,synthetic_device_spec_v11
synthetic_customer_005,cabinet_005,2026-08-31 04:50:00+00:00,0,0,0,0,True,True,False,23.833829184920837,-49.69485394564251,3.0214831502261834,3.9844667966154548,0.13607620522979427,0.0,0.0013494264293561907,on,connected,True,synthetic_device_spec_v11
synthetic_customer_005,cabinet_005,2026-08-31 05:00:00+00:00,0,0,0,0,True,True,False,23.796061356741145,-48.306508049994214,2.9977213051434832,3.9556735856144543,0.0,0.00821993555203695,0.01044835699838253,on,connected,True,synthetic_device_spec_v11
synthetic_customer_005,cabinet_005,2026-08-31 05:10:00+00:00,0,0,0,0,True,True,False,23.687626233977035,-48.000429574820764,2.9367449047026475,4.022900732338644,0.0,0.0,0.0,on,connected,True,synthetic_device_spec_v11
synthetic_customer_005,cabinet_005,2026-08-31 05:20:00+00:00,0,0,0,0,True,True,False,22.97667470467125,-48.67432158215925,2.995969955076032,4.075144916434856,0.2153067474575036,0.0,0.0,on,connected,True,synthetic_device_spec_v11
synthetic_customer_005,cabinet_005,2026-08-31 05:30:00+00:00,0,0,0,0,True,True,False,22.953924404284688,-47.048697272475266,3.0865313035555255,4.063264456953537,0.26827441276091063,0.0,0.0,on,connected,True,synthetic_device_spec_v11
synthetic_customer_005,cabinet_005,2026-08-31 05:40:00+00:00,0,0,0,0,True,True,False,22.86243125018696,-48.120910836573955,3.0543248712015556,4.066127872240641,0.0,0.0,0.006334297528922929,on,connected,True,synthetic_device_spec_v11
synthetic_customer_005,cabinet_005,2026-08-31 05:50:00+00:00,0,0,0,0,True,True,False,22.475606919065932,-47.39979164454797,3.000073669512744,3.9973677722669816,0.0,0.0022371890317301264,0.020998629880779125,on,connected,True,synthetic_device_spec_v11
synthetic_customer_005,cabinet_005,2026-08-31 06:00:00+00:00,0,0,0,0,True,True,False,21.931785213060287,-47.39089960842748,3.0114982162821655,4.065649386739623,1.012374927987337,0.0,0.0,on,connected,True,synthetic_device_spec_v11
synthetic_customer_005,cabinet_005,2026-08-31 06:10:00+00:00,1,1,1,1,True,True,False,21.723403245099604,-48.2754767674577,2.997220832292274,3.953122896521772,0.0,0.009647799478814497,0.008375379044488556,on,connected,True,synthetic_device_spec_v11
synthetic_customer_005,cabinet_005,2026-08-31 06:20:00+00:00,1,1,1,1,True,True,False,21.434313137588894,-48.654332368027475,3.027379400635295,4.028944873794255,0.0,0.004627671974981125,0.009424356152352658,on,connected,True,synthetic_device_spec_v11
synthetic_customer_005,cabinet_005,2026-08-31 06:30:00+00:00,1,1,1,1,True,True,False,21.204491585007325,-48.26725234622908,3.0580530949803695,4.039890025129721,0.0,0.0,0.0,on,connected,True,synthetic_device_spec_v11
synthetic_customer_005,cabinet_005,2026-08-31 06:40:00+00:00,0,0,0,0,True,True,False,20.828728791992006,-46.41785978902332,2.98021087037451,3.9554426487196745,0.0,0.0,0.030229673694544778,on,connected,True,synthetic_device_spec_v11
synthetic_customer_005,cabinet_005,2026-08-31 06:50:00+00:00,0,0,0,0,True,True,False,20.712518197594235,-47.96345111755546,2.98257107980419,4.056181759732506,0.7997006697599724,0.013585191659031227,0.0015181797067533257,on,connected,True,synthetic_device_spec_v11
synthetic_customer_005,cabinet_005,2026-08-31 07:00:00+00:00,0,0,0,0,True,True,False,20.432609968337257,-48.904137934441685,3.016814571970848,3.969535222949506,0.0,0.0,0.024701463349765317,on,connected,True,synthetic_device_spec_v11
synthetic_customer_005,cabinet_005,2026-08-31 07:10:00+00:00,0,0,0,0,True,True,False,20.253393205266217,-48.10572743176515,3.0276835477944157,4.0348296213050565,0.3871385491377524,0.00553973409930354,0.011108774085896117,on,connected,True,synthetic_device_spec_v11
synthetic_customer_005,cabinet_005,2026-08-31 07:20:00+00:00,0,0,0,0,True,True,False,19.581368873538036,-47.631955082991645,3.0309024063695085,3.974629079121045,0.0,0.02495853065629786,0.0,on,connected,True,synthetic_device_spec_v11
synthetic_customer_005,cabinet_005,2026-08-31 07:30:00+00:00,0,0,0,0,True,True,False,19.42920022736685,-48.41059362488229,2.9265444662663183,4.020726660114785,0.0,0.0,0.00521087841944201,on,connected,True,synthetic_device_spec_v11
synthetic_customer_005,cabinet_005,2026-08-31 07:40:00+00:00,0,0,0,0,True,True,False,19.004188556844916,-47.04399887334075,2.972448159675952,4.021971507565342,0.0,0.0,0.0,on,connected,True,synthetic_device_spec_v11
synthetic_customer_005,cabinet_005,2026-08-31 07:50:00+00:00,0,0,0,0,True,True,False,18.82420437045155,-48.24145536598508,3.022914697001212,4.082923401810641,0.7534110805082539,0.006429032843923487,0.0,on,connected,True,synthetic_device_spec_v11
synthetic_customer_005,cabinet_005,2026-08-31 08:00:00+00:00,0,0,0,0,True,True,False,18.68829899937956,-47.775941838685895,2.967060331125618,4.102209483246824,0.1702058462052322,0.0,0.004766504653991299,on,connected,True,synthetic_device_spec_v11
synthetic_customer_005,cabinet_005,2026-08-31 09:00:00+00:00,0,0,0,0,True,True,False,23.885880413917707,-47.41749000309115,2.4187041609783897,3.9188841010041933,0.6054044501602441,0.0,0.0,on,connected,True,synthetic_device_spec_v11
synthetic_customer_005,cabinet_005,2026-08-31 09:10:00+00:00,0,0,0,0,True,True,False,23.84749199887312,-48.736074385627894,2.355220031670904,4.065641240909559,0.06865503301001687,0.0030765552073921195,0.019751254152330828,on,connected,True,synthetic_device_spec_v11
synthetic_customer_005,cabinet_005,2026-08-31 09:20:00+00:00,0,0,0,0,True,True,False,24.310727805514713,-47.7358940847851,2.2771868081407916,3.9091793792361607,0.0,0.05108674765634004,0.0,on,connected,True,synthetic_device_spec_v11
synthetic_customer_005,cabinet_005,2026-08-31 09:30:00+00:00,0,0,0,0,True,True,False,24.101819533338816,-48.84151519141241,2.200822920626225,4.117137886889841,0.8476206507735881,0.0,0.012303364906234073,on,connected,True,synthetic_device_spec_v11
synthetic_customer_005,cabinet_005,2026-08-31 09:40:00+00:00,0,0,0,0,True,True,False,23.919301367324437,-48.248523722747585,2.031708942220484,4.107286715336861,0.2648104839527761,0.00834427875410074,0.0,on,connected,True,synthetic_device_spec_v11
synthetic_customer_005,cabinet_005,2026-08-31 09:50:00+00:00,0,0,0,0,True,True,False,24.23247478396036,-47.85896701269316,1.9681298529562026,3.982037792077251,0.0,0.0,0.02948391046794607,on,connected,True,synthetic_device_spec_v11
synthetic_customer_005,cabinet_005,2026-08-31 10:00:00+00:00,0,0,0,0,True,True,False,23.9618741867618,-45.40730120283206,1.834276939602741,4.0123352383037325,0.0,0.0,0.012202184900442298,on,connected,True,synthetic_device_spec_v11
synthetic_customer_005,cabinet_005,2026-08-31 10:10:00+00:00,0,0,0,0,True,True,False,23.8534316541096,-48.7012882284998,1.7293447003431934,4.2644258765705,0.07188603431201579,0.020748927623087138,0.005509776333165824,on,connected,True,synthetic_device_spec_v11
synthetic_customer_005,cabinet_005,2026-08-31 10:20:00+00:00,0,0,0,0,True,True,False,23.97616395048807,-47.688782599506226,1.6464138455324362,4.325473877557665,0.0,0.0,0.04996848086084126,on,connected,True,synthetic_device_spec_v11
synthetic_customer_005,cabinet_005,2026-08-31 10:30:00+00:00,0,0,0,0,True,True,False,23.943231624494285,-47.670599097584976,1.6549097808643234,4.725130583455915,0.0,0.0,0.07171181830983137,on,connected,True,synthetic_device_spec_v11
synthetic_customer_005,cabinet_005,2026-08-31 10:40:00+00:00,0,0,0,0,True,True,False,24.160475322792966,-48.005917349585815,1.3522520579567847,4.9394517456256155,0.0,0.0,0.1293606062699697,on,connected,True,synthetic_device_spec_v11
synthetic_customer_005,cabinet_005,2026-08-31 10:50:00+00:00,0,0,0,0,True,True,False,24.110717813221797,-49.22523236489019,1.334028999095636,5.173195712114677,0.09280876146994774,0.020416349938920216,0.1546943285562559,on,connected,True,synthetic_device_spec_v11
synthetic_customer_005,cabinet_005,2026-08-31 11:00:00+00:00,0,0,0,0,True,True,False,24.06394891229758,-47.20143910554487,1.2161983843283972,5.393497520477123,0.04485620541712672,0.014959035168313192,0.16583771349970178,on,connected,True,synthetic_device_spec_v11
synthetic_customer_005,cabinet_005,2026-08-31 11:10:00+00:00,0,0,0,0,True,True,False,24.134181527715743,-47.00444834379013,1.0642106944042413,5.80523743360126,0.40359156865991297,0.0,0.2298114382504851,on,connected,True,synthetic_device_spec_v11
synthetic_customer_005,cabinet_005,2026-08-31 11:20:00+00:00,0,0,0,0,True,True,False,24.107944071295663,-46.811409327719105,1.009154675607681,5.883768758740317,0.0,0.03544972835326469,0.2816018142708442,on,connected,True,synthetic_device_spec_v11
synthetic_customer_005,cabinet_005,2026-08-31 11:30:00+00:00,0,0,0,0,True,True,False,23.97317462593876,-47.28807807887902,0.9924653999117808,6.200473733315762,0.24268515209555191,0.025996580139713694,0.3065334550973096,on,connected,True,synthetic_device_spec_v11
synthetic_customer_005,cabinet_005,2026-08-31 11:40:00+00:00,0,0,0,0,True,True,False,23.983754648308985,-49.209446372218565,1.0554142245112748,6.5298174159885365,0.0,0.0,0.32208977164894576,on,connected,True,synthetic_device_spec_v11
synthetic_customer_005,cabinet_005,2026-08-31 11:50:00+00:00,0,0,0,0,True,True,False,24.010955370011736,-46.948391790150474,1.0262020545087727,6.6763337636881674,0.5867293589507594,0.0,0.3539373818145157,on,connected,True,synthetic_device_spec_v11
synthetic_customer_005,cabinet_005,2026-08-31 12:00:00+00:00,0,0,0,0,True,True,False,24.04167171339425,-49.914274354613916,0.9716802382761773,6.9307688992289735,0.0,0.027489317303814,0.41843366915756397,on,connected,True,synthetic_device_spec_v11
synthetic_customer_005,cabinet_005,2026-08-31 12:10:00+00:00,0,1,1,0,True,True,False,24.091790610178442,-48.51809374985316,2.920500305599394,6.940806740219962,0.8573979821201322,0.0,0.3768343555961072,on,connected,True,synthetic_device_spec_v11
synthetic_customer_005,cabinet_005,2026-08-31 12:20:00+00:00,0,1,1,0,True,True,False,24.017851897861814,-48.00027260247718,3.0071310798567166,6.993852533794048,0.0,0.019837795198840286,0.4094129506380415,on,connected,True,synthetic_device_spec_v11
synthetic_customer_005,cabinet_005,2026-08-31 12:30:00+00:00,0,1,1,0,True,True,False,24.154431331727746,-48.60289771383674,2.954695344981653,6.970562223832627,0.0,0.008416407756534105,0.3848151192906421,on,connected,True,synthetic_device_spec_v11
synthetic_customer_005,cabinet_005,2026-08-31 12:40:00+00:00,0,0,0,0,True,True,False,24.02427964776036,-47.97985422445568,3.010380482794407,7.012561817092312,0.5379398645165762,0.0,0.38116653502685044,on,connected,True,synthetic_device_spec_v11
synthetic_customer_005,cabinet_005,2026-08-31 12:50:00+00:00,0,0,0,0,True,True,False,23.964655311819545,-47.6672971370454,3.011175412841153,7.034298463128707,0.7207530534721066,0.0,0.3784742494167579,on,connected,True,synthetic_device_spec_v11
synthetic_customer_005,cabinet_005,2026-08-31 13:00:00+00:00,0,0,0,0,True,True,False,24.00738992131279,-48.69159957049901,3.018647460890028,6.946504518819813,0.6472017334975233,0.0,0.3765961272850021,on,connected,True,synthetic_device_spec_v11
synthetic_customer_005,cabinet_005,2026-08-31 13:10:00+00:00,0,0,0,0,True,True,False,23.920142500614972,-49.14866657739809,2.954363601661767,7.0214891522765654,0.0,0.050316448866263845,0.3873553046965364,on,connected,True,synthetic_device_spec_v11
synthetic_customer_005,cabinet_005,2026-08-31 13:20:00+00:00,0,0,0,0,True,True,False,23.964570527520568,-46.66397046231053,3.0169793905165743,6.970989692937613,0.0,0.037886897641467056,0.41297169255656924,on,connected,True,synthetic_device_spec_v11
synthetic_customer_005,cabinet_005,2026-08-31 13:30:00+00:00,0,0,0,0,True,True,False,23.910800248460916,-47.71636122563149,2.9559624365446155,4.152657978903341,0.3778386694958505,0.0,0.01628158328856136,on,connected,True,synthetic_device_spec_v11
synthetic_customer_005,cabinet_005,2026-08-31 13:40:00+00:00,0,0,0,0,True,True,False,24.00072757882757,-48.45420590764311,3.0576210621400404,3.894006183672807,0.0,0.014371028763412359,0.0,on,connected,True,synthetic_device_spec_v11
synthetic_customer_005,cabinet_005,2026-08-31 13:50:00+00:00,0,0,0,0,True,True,False,24.489767797780523,-47.72258811480272,3.0339108692166508,3.8880553579265835,0.13983335386345322,0.0,0.026495385137194925,on,connected,True,synthetic_device_spec_v11
synthetic_customer_005,cabinet_005,2026-08-31 14:00:00+00:00,0,0,0,0,True,True,False,24.023583750663306,-45.800185051209624,3.0533862901338162,4.078262815697932,0.30733553012634923,0.011493482358849255,0.0,on,connected,True,synthetic_device_spec_v11
synthetic_customer_005,cabinet_005,2026-08-31 14:10:00+00:00,0,0,0,0,True,True,False,23.94903183961905,-49.343337014993864,2.978151050980815,4.049049723642351,0.0,0.005902944390553552,0.007912528818975435,on,connected,True,synthetic_device_spec_v11
synthetic_customer_005,cabinet_005,2026-08-31 14:20:00+00:00,0,0,0,0,True,True,False,23.85809543033465,-47.76386349354209,2.9815847718309656,4.056574708805012,0.0,0.0,0.0,on,connected,True,synthetic_device_spec_v11
synthetic_customer_005,cabinet_005,2026-08-31 14:30:00+00:00,0,0,0,0,True,True,False,23.9764879025361,-49.18992680832148,2.999997916608938,4.015143409349016,0.0,0.009892415267077128,0.0020528969130710704,on,connected,True,synthetic_device_spec_v11
synthetic_customer_005,cabinet_005,2026-08-31 14:40:00+00:00,0,0,0,0,True,True,False,23.839102005060827,-47.49802096340047,2.9869360594909407,4.064485158605086,0.5500775222009378,0.000996388789412454,0.01286117818146647,on,connected,True,synthetic_device_spec_v11
synthetic_customer_005,cabinet_005,2026-08-31 14:50:00+00:00,0,0,0,0,True,True,False,23.925368069078104,-47.83182736284746,3.0186584107997616,3.874865227358752,0.3771383822976277,0.0,0.0,on,connected,True,synthetic_device_spec_v11
synthetic_customer_005,cabinet_005,2026-08-31 15:00:00+00:00,0,0,0,0,True,True,False,24.165199526553963,-48.275251161055564,3.013883579048669,4.0764683755305855,0.0,0.0,0.0030100564219515402,on,connected,True,synthetic_device_spec_v11
synthetic_customer_005,cabinet_005,2026-08-31 15:10:00+00:00,0,0,0,0,True,True,False,24.152432561403987,-49.65071660002003,3.051734335905114,4.012234111558217,0.103934537941493,0.0,0.018415394800011246,on,connected,True,synthetic_device_spec_v11
synthetic_customer_005,cabinet_005,2026-08-31 15:20:00+00:00,0,0,0,0,True,True,False,24.019217315261837,-47.87510128752355,3.0030035872306318,3.9772486003442236,0.01049861525488317,0.0,0.002938622817392272,on,connected,True,synthetic_device_spec_v11
synthetic_customer_005,cabinet_005,2026-08-31 15:30:00+00:00,0,0,0,0,True,True,False,24.035650447270815,-46.58711914646442,2.937302503396037,3.9394709343739645,0.0,0.019632745444637507,0.0,on,connected,True,synthetic_device_spec_v11
synthetic_customer_005,cabinet_005,2026-08-31 15:40:00+00:00,0,0,0,0,True,True,False,23.93897923764441,-49.676419065830856,3.003040888520848,4.028208222767006,0.0,0.0,0.0,on,connected,True,synthetic_device_spec_v11
synthetic_customer_005,cabinet_005,2026-08-31 15:50:00+00:00,0,0,0,0,True,True,False,23.80141935712363,-48.952997074759224,2.971360501351576,3.9015016350425253,0.4992945742751427,0.0,0.0034518407187505372,on,connected,True,synthetic_device_spec_v11
synthetic_customer_005,cabinet_005,2026-08-31 16:00:00+00:00,0,0,0,0,True,True,False,24.15729513566692,-47.2314952407616,2.9464801761122685,3.992678983114995,0.0,0.0,0.012262580632570404,on,connected,True,synthetic_device_spec_v11
synthetic_customer_005,cabinet_005,2026-08-31 16:10:00+00:00,0,0,0,0,True,True,False,24.19502188324957,-48.64417023453718,3.0003617409508525,3.9525545531907373,0.0,0.0,0.001378268346162135,on,connected,True,synthetic_device_spec_v11
synthetic_customer_005,cabinet_005,2026-08-31 16:20:00+00:00,0,0,0,0,True,True,False,24.013259617791253,-49.05845208700754,2.946924929037235,3.882850952193846,0.0,0.031662496792120874,0.006644731661152052,on,connected,True,synthetic_device_spec_v11
synthetic_customer_005,cabinet_005,2026-08-31 16:30:00+00:00,0,0,0,0,True,True,False,24.231739948942455,-47.44549237214346,2.9498359478339298,3.9544290596611957,0.0,0.0325090501351866,0.0,on,connected,True,synthetic_device_spec_v11
synthetic_customer_005,cabinet_005,2026-08-31 16:40:00+00:00,0,0,0,0,True,True,False,24.05420670413245,-49.475498877885784,2.9439777032565746,4.00627737555687,0.029320573545573794,0.038158321370200504,0.0,on,connected,True,synthetic_device_spec_v11
synthetic_customer_005,cabinet_005,2026-08-31 16:50:00+00:00,0,0,0,0,True,True,False,24.138097280197236,-48.08464005482929,2.7885682265378193,3.9717045472409858,0.2838329857270062,0.0,0.0,on,connected,True,synthetic_device_spec_v11
synthetic_customer_005,cabinet_005,2026-08-31 17:00:00+00:00,0,0,0,0,True,True,False,23.93446140519355,-46.70251843401125,2.7514178816057298,4.017082915606708,0.0,0.0021356427948037685,0.0,on,connected,True,synthetic_device_spec_v11
synthetic_customer_005,cabinet_005,2026-08-31 17:10:00+00:00,0,0,0,0,True,True,False,24.063721100507447,-48.27927877093418,2.6274950465367963,4.047167600465071,0.1654160648365606,0.0,0.0,on,connected,True,synthetic_device_spec_v11
synthetic_customer_005,cabinet_005,2026-08-31 17:20:00+00:00,0,0,0,0,True,True,False,23.92170766139695,-48.25211567571793,2.6648421516877128,3.977937514232736,0.0,0.05144422637983544,0.0,on,connected,True,synthetic_device_spec_v11
synthetic_customer_005,cabinet_005,2026-08-31 17:30:00+00:00,0,0,0,0,True,True,False,23.98774996208335,-48.47969972838514,2.592418728225644,3.985929508833593,0.0,0.0004368413644667431,0.0,on,connected,True,synthetic_device_spec_v11
synthetic_customer_005,cabinet_005,2026-08-31 17:40:00+00:00,0,0,0,0,True,True,False,23.74072783910475,-48.57346862855366,2.504099024073427,3.9609211288520347,0.0,0.026065741137849215,0.015235138107082428,on,connected,True,synthetic_device_spec_v11
synthetic_customer_005,cabinet_005,2026-08-31 17:50:00+00:00,0,0,0,0,True,True,False,24.088790592170547,-47.11177031066674,2.389185842471883,4.085647525686746,0.0,0.007894445657634494,0.029740819446165686,on,connected,True,synthetic_device_spec_v11
synthetic_customer_005,cabinet_005,2026-08-31 18:00:00+00:00,0,0,0,0,True,True,False,23.779715166613094,-48.34684858143614,2.3778561940218608,4.037212689627483,0.0,0.0,0.0,on,connected,True,synthetic_device_spec_v11
synthetic_customer_005,cabinet_005,2026-08-31 18:10:00+00:00,1,1,1,1,True,True,False,23.941744953386603,-48.461553566945454,2.3191233374366926,3.999009032513646,0.0,0.0,0.007989159758719661,on,connected,True,synthetic_device_spec_v11
synthetic_customer_005,cabinet_005,2026-08-31 18:20:00+00:00,1,1,1,1,True,True,False,24.036086137286386,-48.8708264474533,2.258071289986744,4.118607641971256,0.38796841761881784,0.0,0.0,on,connected,True,synthetic_device_spec_v11
synthetic_customer_005,cabinet_005,2026-08-31 18:30:00+00:00,1,1,1,1,True,True,False,23.898689128955336,-47.435421088429464,2.2146486910996077,4.009392603502868,0.9412873947162245,0.0,0.0,on,connected,True,synthetic_device_spec_v11
synthetic_customer_005,cabinet_005,2026-08-31 18:40:00+00:00,0,0,0,0,True,True,False,23.770417220256146,-49.20580027458878,2.1737278204454036,4.072091837720348,0.011856676236663104,0.0,0.0,on,connected,True,synthetic_device_spec_v11
synthetic_customer_005,cabinet_005,2026-08-31 18:50:00+00:00,0,0,0,0,True,True,False,23.891957278391253,-48.86928779403438,2.1779809860734693,3.9907061474240617,0.0,0.021951167557614698,0.0300588704626123,on,connected,True,synthetic_device_spec_v11
synthetic_customer_005,cabinet_005,2026-08-31 19:00:00+00:00,0,0,0,0,True,True,False,24.09028045793952,-47.84633279302691,2.1505987166389806,3.996727970761143,0.26579473551844557,0.007002390935034371,0.027097282698202725,on,connected,True,synthetic_device_spec_v11
synthetic_customer_005,cabinet_005,2026-08-31 19:10:00+00:00,0,0,0,0,True,True,False,23.793007300773503,-49.2811465336934,2.952550642284249,3.9282275673606604,1.3449025311242138,0.005352650509648626,0.02417885494138087,on,connected,True,synthetic_device_spec_v11
synthetic_customer_005,cabinet_005,2026-08-31 19:20:00+00:00,0,0,0,0,True,True,False,23.77058155200994,-46.52032608916989,2.994739521659868,4.024157462730685,0.0,0.0,0.007223043554802382,on,connected,True,synthetic_device_spec_v11
synthetic_customer_005,cabinet_005,2026-08-31 19:30:00+00:00,0,0,0,0,True,True,False,23.995482367138443,-47.99204906153074,3.0214688816986417,3.9911894860284645,0.0,0.0,0.0,on,connected,True,synthetic_device_spec_v11
synthetic_customer_005,cabinet_005,2026-08-31 19:40:00+00:00,0,0,0,0,True,True,False,24.009279873012737,-48.648641595546174,3.0077742250544923,4.055272355502147,0.47829625213081073,0.01574887488806403,0.014101837180916538,on,connected,True,synthetic_device_spec_v11
synthetic_customer_005,cabinet_005,2026-08-31 19:50:00+00:00,0,0,0,0,True,True,False,23.63633403880353,-47.90755979067086,3.031589697386649,3.938185456460345,0.04818553530614055,0.016186229230286047,0.003865779263150588,on,connected,True,synthetic_device_spec_v11
synthetic_customer_005,cabinet_005,2026-08-31 20:00:00+00:00,0,0,0,0,True,True,False,24.023612311218212,-46.776144385910605,2.9800433546295193,3.9930816312320423,0.0,0.0,0.005667902754824779,on,connected,True,synthetic_device_spec_v11
synthetic_customer_005,cabinet_005,2026-08-31 20:10:00+00:00,0,0,0,0,True,True,False,23.822122848103543,-48.454066585074145,2.980303823998591,3.873589421896228,0.0,0.011454041775481441,0.001272037147769219,on,connected,True,synthetic_device_spec_v11
synthetic_customer_005,cabinet_005,2026-08-31 20:20:00+00:00,0,0,0,0,True,True,False,24.03686894284302,-48.179464038553235,2.971160986290016,4.069250885939328,0.0,0.0,0.0,on,connected,True,synthetic_device_spec_v11
synthetic_customer_005,cabinet_005,2026-08-31 20:30:00+00:00,0,0,0,0,True,True,False,24.174664607007646,-47.701932386841655,2.9317507251559016,4.117832563421639,0.0,0.0046148013117522394,0.0,on,connected,True,synthetic_device_spec_v11
synthetic_customer_005,cabinet_005,2026-08-31 20:40:00+00:00,0,0,0,0,True,True,False,23.87840893202836,-47.22864461131041,3.026240922659241,4.1315477861463,0.3300069368746848,0.0,0.02514239904226676,on,connected,True,synthetic_device_spec_v11
synthetic_customer_005,cabinet_005,2026-08-31 20:50:00+00:00,0,0,0,0,True,True,False,23.929941537066917,-49.450682039086885,2.9986103719795763,3.9961898197185968,0.38950632058628837,0.0,0.0,on,connected,True,synthetic_device_spec_v11
synthetic_customer_005,cabinet_005,2026-08-31 21:00:00+00:00,0,0,0,0,True,True,False,24.03127324251173,-50.31063778797068,2.9974956294305737,3.9295710244567434,0.0,0.0,0.0036319084717696785,on,connected,True,synthetic_device_spec_v11
synthetic_customer_005,cabinet_005,2026-08-31 21:10:00+00:00,0,0,0,0,True,True,False,23.917382492042947,-47.710809583395715,2.9771650317831857,4.086556401391831,0.0,0.0,0.014764698091155024,on,connected,True,synthetic_device_spec_v11
synthetic_customer_005,cabinet_005,2026-08-31 21:20:00+00:00,0,0,0,0,True,True,False,23.914370249495388,-48.18892700569897,3.0498176862812327,3.9076624093401904,0.6094431216099161,0.0017787187551331505,0.00030816520744692433,on,connected,True,synthetic_device_spec_v11
synthetic_customer_005,cabinet_005,2026-08-31 21:30:00+00:00,0,0,0,0,True,True,False,23.97177068553016,-48.00200156037686,3.016019738359526,3.9327752581870374,1.3966646449085587,0.0,0.0,on,connected,True,synthetic_device_spec_v11
synthetic_customer_005,cabinet_005,2026-08-31 21:40:00+00:00,0,0,0,0,True,True,False,23.950596880684685,-47.82695713549497,2.9976833272718877,3.9841311486139697,0.1226334829410383,0.036242990512812004,0.012302169910337007,on,connected,True,synthetic_device_spec_v11
synthetic_customer_005,cabinet_005,2026-08-31 21:50:00+00:00,0,0,0,0,True,True,False,23.814681066245125,-47.504331145267095,2.9128778305390526,4.012708278245459,0.0,0.0,0.0,on,connected,True,synthetic_device_spec_v11
synthetic_customer_005,cabinet_005,2026-08-31 22:00:00+00:00,0,0,0,0,True,True,False,23.827298769751177,-48.08864578391286,3.0837175432991213,3.9644462243407896,0.3409999104307184,0.000713473921258501,0.0,on,connected,True,synthetic_device_spec_v11
synthetic_customer_005,cabinet_005,2026-08-31 22:10:00+00:00,0,0,0,0,True,True,False,23.998663742328247,-48.94251475379357,2.961953813563608,4.036482113264339,0.8147188122268839,0.0,0.0,on,connected,True,synthetic_device_spec_v11
synthetic_customer_005,cabinet_005,2026-08-31 22:20:00+00:00,0,0,0,0,True,True,False,23.88710159484011,-46.35590998407851,3.0069744795229636,4.003928526179561,0.0,0.0,0.0,on,connected,True,synthetic_device_spec_v11
synthetic_customer_005,cabinet_005,2026-08-31 22:30:00+00:00,0,0,0,0,True,True,False,23.903616611341214,-49.37457474142268,3.062774732791956,3.9490358777031256,0.0,0.0,0.006638608684421598,on,connected,True,synthetic_device_spec_v11
synthetic_customer_005,cabinet_005,2026-08-31 22:40:00+00:00,0,0,0,0,True,True,False,23.70568059737726,-46.95621959088391,2.9735231589803885,3.977020201012583,0.0,0.02575124166484834,0.0,on,connected,True,synthetic_device_spec_v11
synthetic_customer_005,cabinet_005,2026-08-31 22:50:00+00:00,0,0,0,0,True,True,False,24.13117125419137,-48.59890032980259,2.981209685153997,3.986069251155176,0.1698781110153522,0.0,0.0,on,connected,True,synthetic_device_spec_v11
synthetic_customer_005,cabinet_005,2026-08-31 23:00:00+00:00,0,0,0,0,True,True,False,24.134066200441787,-47.92014487237931,3.028348320531788,3.9873470214649087,0.0,0.04720825516399765,0.007046910163829067,on,connected,True,synthetic_device_spec_v11
synthetic_customer_005,cabinet_005,2026-08-31 23:10:00+00:00,0,0,0,0,True,True,False,24.12503537332977,-47.50200513119563,3.0829176654226296,3.889980635406937,0.0,0.010115446997494436,0.019843517384926693,on,connected,True,synthetic_device_spec_v11
synthetic_customer_005,cabinet_005,2026-08-31 23:20:00+00:00,0,0,0,0,True,True,False,23.89261777512457,-48.026797224990084,2.9670809001861107,3.9977728917088258,0.2577798811259711,0.006474252063753121,0.0072962707539225525,on,connected,True,synthetic_device_spec_v11
synthetic_customer_005,cabinet_005,2026-08-31 23:30:00+00:00,0,0,0,0,True,True,False,24.088629248621025,-48.86783845473361,3.044696838316305,4.086386192858682,0.0,0.03012070752078898,0.0,on,connected,True,synthetic_device_spec_v11
synthetic_customer_005,cabinet_005,2026-08-31 23:40:00+00:00,0,0,0,0,True,True,False,23.59326531015424,-50.18494811586138,3.0682718851605,3.961235236898351,0.030928143431921663,0.0,0.015299431522712799,on,connected,True,synthetic_device_spec_v11
synthetic_customer_005,cabinet_005,2026-08-31 23:50:00+00:00,0,0,0,0,True,True,False,24.035862751299813,-49.00669643528006,3.017527136127351,3.98670128033751,0.0,0.0,0.0,on,connected,True,synthetic_device_spec_v11
synthetic_customer_005,cabinet_005,2026-09-01 00:00:00+00:00,0,0,0,0,True,True,False,24.236695544519204,-47.34138507559185,3.025321555056194,4.02280242105565,0.0,0.00851172963861531,0.03264104374315638,on,connected,True,synthetic_device_spec_v11
synthetic_customer_005,cabinet_005,2026-09-01 00:10:00+00:00,1,1,1,1,True,True,False,24.026879509267406,-48.910656192818024,2.9928696058441164,4.117888895978609,0.0,0.019234956640452553,0.0,on,connected,True,synthetic_device_spec_v11
synthetic_customer_005,cabinet_005,2026-09-01 00:20:00+00:00,1,1,1,1,True,True,False,23.9252596838851,-49.43057227582606,3.0562030498897794,3.97888601173519,0.21721224575251177,0.0024753004997945987,0.0,on,connected,True,synthetic_device_spec_v11
synthetic_customer_005,cabinet_005,2026-09-01 00:30:00+00:00,1,1,1,1,True,True,False,23.995086560995556,-47.09406001025831,3.058079724850456,4.107387288742355,0.02856472581546014,0.0,0.0,on,connected,True,synthetic_device_spec_v11
synthetic_customer_005,cabinet_005,2026-09-01 00:40:00+00:00,0,0,0,0,True,True,False,24.192201118776822,-49.3443560397754,2.986913728237175,4.072341703911552,0.0,0.0,0.002051136812493271,on,connected,True,synthetic_device_spec_v11
synthetic_customer_005,cabinet_005,2026-09-01 00:50:00+00:00,0,0,0,0,True,True,False,24.06389527920497,-47.34997117571968,3.023942983499833,3.939686144935803,0.0,0.0,0.028420493958627408,on,connected,True,synthetic_device_spec_v11
synthetic_customer_005,cabinet_005,2026-09-01 01:00:00+00:00,0,0,0,0,True,True,False,24.09623078876715,-47.68173986611999,3.08353864170198,3.9789021966458087,0.0,0.0,0.009078912031498848,on,connected,True,synthetic_device_spec_v11
synthetic_customer_005,cabinet_005,2026-09-01 01:10:00+00:00,0,0,0,0,True,True,False,24.07554465177666,-48.225103095511486,2.990843783961877,3.992295477383339,1.4609034277906165,0.0,0.0,on,connected,True,synthetic_device_spec_v11
synthetic_customer_005,cabinet_005,2026-09-01 01:20:00+00:00,0,0,0,0,True,True,False,23.991072465608383,-49.423748669174074,2.9598347766551036,4.055084464635894,0.0,0.0,0.008393048516541537,on,connected,True,synthetic_device_spec_v11
synthetic_customer_005,cabinet_005,2026-09-01 01:30:00+00:00,0,0,0,0,True,True,False,23.788800871811436,-45.39321025186866,2.9661778952497295,4.104873588393736,0.0,0.011055412058075581,0.022713316061306162,on,connected,True,synthetic_device_spec_v11
synthetic_customer_005,cabinet_005,2026-09-01 01:40:00+00:00,0,0,0,0,True,True,False,23.737521886451987,-48.64013078488507,2.9434648033061928,4.0294829262246905,0.15886993230901256,0.010806906359592208,0.025357691748687954,on,connected,True,synthetic_device_spec_v11
synthetic_customer_005,cabinet_005,2026-09-01 01:50:00+00:00,0,0,0,0,True,True,False,24.05722102480133,-48.05046904338844,3.0077322054983493,3.88839088130231,0.41836315838191673,0.0036268960249995264,0.006365862973068282,on,connected,True,synthetic_device_spec_v11
synthetic_customer_005,cabinet_005,2026-09-01 02:00:00+00:00,0,0,0,0,True,True,False,23.91262827994073,-48.64982154023099,3.06200453144679,4.039122021176962,0.0,0.017505971376606505,0.0,on,connected,True,synthetic_device_spec_v11
synthetic_customer_005,cabinet_005,2026-09-01 02:10:00+00:00,0,0,0,0,True,True,False,23.329954948969597,-50.46989357821467,3.0509358301969947,3.982912153439316,0.0,0.07090193529935805,0.0033124104035155205,on,connected,True,synthetic_device_spec_v11
synthetic_customer_005,cabinet_005,2026-09-01 02:20:00+00:00,0,0,0,0,True,True,False,23.082230122458892,-51.693353636796544,3.012800693148203,4.022270828780628,0.5731470336961128,0.059958497594331805,0.0,on,connected,True,synthetic_device_spec_v11
synthetic_customer_005,cabinet_005,2026-09-01 02:30:00+00:00,0,0,0,0,True,True,False,22.913977186017824,-52.7575650024381,3.059487958094205,4.019345919250254,0.30312820092676596,0.108094319492441,0.006779059850257941,on,connected,True,synthetic_device_spec_v11
synthetic_customer_005,cabinet_005,2026-09-01 02:40:00+00:00,0,0,0,0,True,True,False,22.53256384824121,-54.14234209403879,3.037454900678624,4.01234250821413,0.0,0.12500185365874097,0.0,on,connected,True,synthetic_device_spec_v11
synthetic_customer_005,cabinet_005,2026-09-01 02:50:00+00:00,0,0,0,0,True,True,False,22.510874055647516,-58.07574537843564,2.9765001054537987,4.01380796472088,0.0,0.13603047516075095,0.013346988159652035,on,connected,True,synthetic_device_spec_v11
synthetic_customer_005,cabinet_005,2026-09-01 03:00:00+00:00,0,0,0,0,True,True,False,22.345618918489148,-58.306760192185436,3.023705416695204,3.957186602083222,0.0,0.19892171010244628,0.0,on,connected,True,synthetic_device_spec_v11
synthetic_customer_005,cabinet_005,2026-09-01 03:10:00+00:00,0,0,0,0,True,True,False,22.109655713032808,-60.24408441630431,3.023259206428869,3.9857257730383173,0.47365978765125183,0.260552266480573,0.00336263177659126,on,connected,True,synthetic_device_spec_v11
synthetic_customer_005,cabinet_005,2026-09-01 03:20:00+00:00,0,0,0,0,True,True,False,21.83641248025204,-63.04171964358316,3.0494913439561318,4.027305455119178,0.0,0.2212535834941362,0.005076353532861924,on,connected,True,synthetic_device_spec_v11
synthetic_customer_005,cabinet_005,2026-09-01 03:30:00+00:00,0,0,0,0,True,True,False,21.554411194185747,-64.05133630416861,3.0040346171023167,4.022791828117197,0.3786448216359476,0.2586832341158951,0.0,on,connected,True,synthetic_device_spec_v11
synthetic_customer_005,cabinet_005,2026-09-01 03:40:00+00:00,0,0,0,0,True,True,False,21.022940983451377,-65.77670854842212,2.944404563730017,4.083366534189448,1.3539282902348162,0.31990976589191883,0.0,on,connected,True,synthetic_device_spec_v11
synthetic_customer_005,cabinet_005,2026-09-01 03:50:00+00:00,0,0,0,0,True,True,False,21.05476067390333,-67.65707951426063,2.966473935662563,3.9498659825249467,3.523991473408667,0.3390425760662653,0.0,on,connected,True,synthetic_device_spec_v11
synthetic_customer_005,cabinet_005,2026-09-01 04:00:00+00:00,0,0,0,0,True,True,False,20.795553588212375,-69.38320992481651,2.9383042160127344,3.9101908039850346,4.932481436685911,0.3536423902862316,0.0,on,connected,True,synthetic_device_spec_v11
synthetic_customer_005,cabinet_005,2026-09-01 04:10:00+00:00,0,0,0,0,True,True,False,20.60723386677304,-73.06993805068237,2.995298862225333,3.9150698570939246,6.738911948218809,0.44162614271031897,0.0,on,connected,True,synthetic_device_spec_v11
synthetic_customer_005,cabinet_005,2026-09-01 04:20:00+00:00,0,0,0,0,True,True,False,20.381833468477577,-73.76337407796115,3.0544692545989642,4.032113461978266,8.489299410106042,0.46600857299608933,0.0,on,connected,True,synthetic_device_spec_v11
synthetic_customer_005,cabinet_005,2026-09-01 04:30:00+00:00,0,0,0,0,True,True,False,19.939359329863997,-72.95349785920953,2.997209173635021,4.015370013599448,9.89110811755459,0.4735499184328755,0.0,on,connected,True,synthetic_device_spec_v11
synthetic_customer_005,cabinet_005,2026-09-01 04:40:00+00:00,0,0,0,0,True,True,False,19.55930361285516,-78.65968406919322,3.0547981001723117,4.176096746130281,11.905238648832524,0.4906063543829935,0.0,on,connected,True,synthetic_device_spec_v11
synthetic_customer_005,cabinet_005,2026-09-01 04:50:00+00:00,0,0,0,0,True,True,False,19.56170108825066,-77.70866399895299,3.002248165078455,3.980506011187049,13.272673157534927,0.5752826100773386,0.008784526017632858,on,connected,True,synthetic_device_spec_v11
synthetic_customer_005,cabinet_005,2026-09-01 05:00:00+00:00,0,0,0,0,True,True,False,19.372864937545327,-79.94247401054136,2.9982143778187424,4.0587167185959006,16.09043296719855,0.5965250186284219,0.01202265394391279,on,connected,True,synthetic_device_spec_v11
synthetic_customer_005,cabinet_005,2026-09-01 05:10:00+00:00,0,0,0,0,True,True,False,18.96023635152309,-80.33041844357899,3.0423931698763775,4.069131631301638,17.661147589435178,0.5691730054937161,0.019340663130159762,on,connected,True,synthetic_device_spec_v11
synthetic_customer_005,cabinet_005,2026-09-01 05:20:00+00:00,0,0,0,0,True,True,False,18.71736534186969,-82.6502965090014,3.0064158936518957,3.9800494511925177,20.059801736215675,0.6261875849597387,0.0,on,connected,True,synthetic_device_spec_v11
synthetic_customer_005,cabinet_005,2026-09-01 06:20:00+00:00,1,1,1,1,True,True,False,24.024263807981082,-47.583057247095766,2.953866983943862,4.025662848801507,25.30995067772751,0.0,0.030700532820400715,on,connected,True,synthetic_device_spec_v11
synthetic_customer_005,cabinet_005,2026-09-01 06:30:00+00:00,1,1,1,1,True,True,False,24.151927904537494,-47.238986523946714,2.9771166141636187,3.9971531413866286,26.319872583089925,0.0,0.0,on,connected,True,synthetic_device_spec_v11
synthetic_customer_005,cabinet_005,2026-09-01 06:40:00+00:00,0,0,0,0,True,True,False,23.896908476183615,-46.39053449388983,3.005252924701333,3.9839301754105754,24.465391407423745,0.0,0.029959921318410174,on,connected,True,synthetic_device_spec_v11
synthetic_customer_005,cabinet_005,2026-09-01 06:50:00+00:00,0,0,0,0,True,True,False,23.927283846643085,-49.476149742624884,2.946036220487291,3.809823796865377,0.0,0.014904109414036344,0.033592299121574284,on,connected,True,synthetic_device_spec_v11
synthetic_customer_005,cabinet_005,2026-09-01 07:00:00+00:00,0,0,0,0,True,True,False,24.012484923653343,-47.36191002790283,2.9931238197518697,3.9555109436828886,0.0,0.004393978015905217,0.003028392686120164,on,connected,True,synthetic_device_spec_v11
synthetic_customer_005,cabinet_005,2026-09-01 07:10:00+00:00,0,0,0,0,True,True,False,24.056670335975312,-48.676562148780114,3.007827335221711,4.030166742776134,0.3102176130107554,0.0016444667265064347,0.015560376125421639,on,connected,True,synthetic_device_spec_v11
synthetic_customer_005,cabinet_005,2026-09-01 07:20:00+00:00,0,0,0,0,True,True,False,23.993583043374322,-48.517872617518286,3.034542409924443,3.9358857008710597,0.265784172200048,0.018022936826806512,0.011124088750603701,on,connected,True,synthetic_device_spec_v11
synthetic_customer_005,cabinet_005,2026-09-01 07:30:00+00:00,0,0,0,0,True,True,False,23.94681703350548,-46.64629455104554,3.038148087710278,3.930018540484396,0.0,0.0,0.013381481190364935,on,connected,True,synthetic_device_spec_v11
synthetic_customer_005,cabinet_005,2026-09-01 07:40:00+00:00,0,0,0,0,True,True,False,23.854262204309833,-48.298023334317655,2.9985250382356785,3.920774627459698,0.0,0.0,0.0,on,connected,True,synthetic_device_spec_v11
synthetic_customer_005,cabinet_005,2026-09-01 07:50:00+00:00,0,0,0,0,True,True,False,24.0172279231942,-48.548619080242794,3.0679223163430733,3.983785010347456,0.25879214646893534,0.006799191642217497,0.0,on,connected,True,synthetic_device_spec_v11
synthetic_customer_005,cabinet_005,2026-09-01 08:00:00+00:00,0,0,0,0,True,True,False,24.129654836959922,-49.06622694892937,2.973619899406406,4.003739392834651,0.02686937142589153,0.0,0.021875006718178526,on,connected,True,synthetic_device_spec_v11
synthetic_customer_005,cabinet_005,2026-09-01 08:10:00+00:00,0,0,0,0,True,True,False,23.87928219370751,-46.7701839701461,2.9870074123995174,3.975030344373005,0.0,0.0,0.011200637816623232,on,connected,True,synthetic_device_spec_v11
synthetic_customer_005,cabinet_005,2026-09-01 08:20:00+00:00,0,0,0,0,True,True,False,24.19300337790596,-45.45480075497337,2.9871942182959614,3.9897682725314483,0.07732819537890086,0.0,0.0,on,connected,True,synthetic_device_spec_v11
synthetic_customer_005,cabinet_005,2026-09-01 08:30:00+00:00,0,0,0,0,True,True,False,24.014402068492107,-47.03130464899881,2.9761729498733858,4.006583662749289,0.0,0.0,0.009780632553267062,on,connected,True,synthetic_device_spec_v11
synthetic_customer_005,cabinet_005,2026-09-01 08:40:00+00:00,0,0,0,0,True,True,False,23.955055826005374,-48.88781427931578,2.892242345918514,4.001618842339953,0.7611432225831096,0.0,0.012489302139767844,on,connected,True,synthetic_device_spec_v11
synthetic_customer_005,cabinet_005,2026-09-01 08:50:00+00:00,0,0,0,0,True,True,False,24.018930630500698,-48.50845872348033,2.9418174965896173,3.942119254076902,0.147974323081276,0.0,0.026606420662093018,on,connected,True,synthetic_device_spec_v11
synthetic_customer_005,cabinet_005,2026-09-01 09:00:00+00:00,0,0,0,0,True,True,False,23.81537289885569,-47.3639743908642,3.007014822191556,4.042973265080548,0.0,0.0,0.0,on,connected,True,synthetic_device_spec_v11
synthetic_customer_005,cabinet_005,2026-09-01 09:10:00+00:00,0,0,0,0,True,True,False,24.007751716914264,-46.8493328999251,2.8938952027894485,3.962876177934844,0.16986215743039773,0.055861379805827796,0.0,on,connected,True,synthetic_device_spec_v11
synthetic_customer_005,cabinet_005,2026-09-01 09:20:00+00:00,0,0,0,0,True,True,False,24.01772326370449,-50.03293758414736,2.840753414406591,3.954372143657799,0.7680981262951081,0.0,0.0,on,connected,True,synthetic_device_spec_v11
synthetic_customer_005,cabinet_005,2026-09-01 09:30:00+00:00,0,0,0,0,True,True,False,23.87797605146345,-47.89877098742507,2.630739928716872,3.9800762246586125,0.4167493995288055,0.01883008420572193,0.00950004873549905,on,connected,True,synthetic_device_spec_v11
synthetic_customer_005,cabinet_005,2026-09-01 09:40:00+00:00,0,0,0,0,True,True,False,24.017569476803896,-46.98841362309189,2.5304998201378344,4.00916434776442,0.0,0.002735248159585336,0.0,on,connected,True,synthetic_device_spec_v11
synthetic_customer_005,cabinet_005,2026-09-01 09:50:00+00:00,0,0,0,0,True,True,False,23.994761063317377,-47.83993041105909,2.447715159216193,4.011945134802101,0.22570999969209563,0.03383669543581338,0.011435404903414324,on,connected,True,synthetic_device_spec_v11
synthetic_customer_005,cabinet_005,2026-09-01 10:00:00+00:00,0,0,0,0,True,True,False,24.09881897637543,-46.62749854418775,2.2900313312982346,4.031563351761863,0.0320080101132182,0.0,0.003543298137882959,on,connected,True,synthetic_device_spec_v11
synthetic_customer_005,cabinet_005,2026-09-01 10:10:00+00:00,0,0,0,0,True,True,False,23.9942158706362,-48.412363135296104,2.157301289232166,3.9600902312861934,0.7835224843240393,0.01642200859696073,0.0,on,connected,True,synthetic_device_spec_v11
synthetic_customer_005,cabinet_005,2026-09-01 10:20:00+00:00,0,0,0,0,True,True,False,24.059432703433377,-46.90444610569922,2.038193245946037,3.929601902605351,0.0,0.009420995597962376,0.0,on,connected,True,synthetic_device_spec_v11
synthetic_customer_005,cabinet_005,2026-09-01 10:30:00+00:00,0,0,0,0,True,True,False,23.90822425271695,-46.506976021074074,1.8999658862541426,4.082564387938099,0.0,0.03724308930068608,0.005489873891429424,on,connected,True,synthetic_device_spec_v11
synthetic_customer_005,cabinet_005,2026-09-01 10:40:00+00:00,0,0,0,0,True,True,False,23.956210767588743,-47.31717091068084,1.780015107640207,3.9706311232927742,0.0,0.023582375858601443,0.0,on,connected,True,synthetic_device_spec_v11
synthetic_customer_005,cabinet_005,2026-09-01 10:50:00+00:00,0,0,0,0,True,True,False,24.041231841443135,-46.946907300161584,1.7863085136908827,4.0135099329466,0.0,0.0,0.0,on,connected,True,synthetic_device_spec_v11
synthetic_customer_005,cabinet_005,2026-09-01 11:00:00+00:00,0,0,0,0,True,True,False,24.093949458675148,-49.370855034808514,1.652236927873426,4.0288175346720445,1.0110627984602756,0.0,0.0,on,connected,True,synthetic_device_spec_v11
synthetic_customer_005,cabinet_005,2026-09-01 11:10:00+00:00,0,0,0,0,True,True,False,23.897724543730458,-47.676238564938885,1.458941835209122,3.996313467665069,0.6625913192159426,0.0,0.01732157451569268,on,connected,True,synthetic_device_spec_v11
synthetic_customer_005,cabinet_005,2026-09-01 11:20:00+00:00,0,0,0,0,True,True,False,23.908736801414044,-47.364234644440494,1.3224909935395561,3.974328596114944,0.0,0.01464909611136056,0.018413233800763148,on,connected,True,synthetic_device_spec_v11
synthetic_customer_005,cabinet_005,2026-09-01 11:30:00+00:00,0,0,0,0,True,True,False,23.886314473386733,-48.36781330815114,1.301308271805336,3.9424750393910006,0.488254739284425,0.0,0.01940331439405508,on,connected,True,synthetic_device_spec_v11
synthetic_customer_005,cabinet_005,2026-09-01 11:40:00+00:00,0,0,0,0,True,True,False,24.035128548435196,-48.7914343005546,1.1204203652517561,4.107248559601954,0.12996489491354288,0.0053518838796900205,0.0,on,connected,True,synthetic_device_spec_v11
synthetic_customer_005,cabinet_005,2026-09-01 11:50:00+00:00,0,0,0,0,True,True,False,24.17412420346225,-46.96640760699597,0.9308070696378439,4.078581962933549,0.08265021675724714,0.01514130876084271,0.0049217297947901015,on,connected,True,synthetic_device_spec_v11
synthetic_customer_005,cabinet_005,2026-09-01 12:00:00+00:00,0,0,0,0,True,True,False,23.976098027852938,-48.04998909750866,0.994837129592788,3.992655455035787,0.0,0.0,0.0,on,connected,True,synthetic_device_spec_v11
synthetic_customer_005,cabinet_005,2026-09-01 12:10:00+00:00,1,1,1,0,True,True,False,24.043685708663098,-47.89804215423229,1.0430307047193783,4.044390059296086,0.7253857684245871,0.005105742739345376,0.0,on,connected,True,synthetic_device_spec_v11
synthetic_customer_005,cabinet_005,2026-09-01 12:20:00+00:00,1,1,1,0,True,True,False,24.084446745423563,-47.46717734869332,0.9954397690853483,3.951968787311555,0.0,0.0,0.0350230739647213,on,connected,True,synthetic_device_spec_v11
synthetic_customer_005,cabinet_005,2026-09-01 12:30:00+00:00,1,1,1,0,True,True,False,23.984263801425783,-49.29267713217276,1.0268298567278489,3.9952536889062076,0.1853952307830024,0.024561716609481136,0.0,on,connected,True,synthetic_device_spec_v11
synthetic_customer_005,cabinet_005,2026-09-01 12:40:00+00:00,0,0,0,0,True,True,False,24.17180981219317,-48.07704274242612,1.0153317566294007,4.001743207330527,0.0,0.0,0.003512806824505811,on,connected,True,synthetic_device_spec_v11
synthetic_customer_005,cabinet_005,2026-09-01 12:50:00+00:00,0,0,0,0,True,True,False,24.022895023311122,-48.63196336792661,0.9826394067924094,4.088181577551395,0.0,0.026147745802431538,0.0,on,connected,True,synthetic_device_spec_v11
synthetic_customer_005,cabinet_005,2026-09-01 13:00:00+00:00,0,0,0,0,True,True,False,23.850169026726586,-48.20849575998366,2.9739878422402,4.079571667061048,0.10818398206624867,0.010429452371701025,0.02312754719652387,on,connected,True,synthetic_device_spec_v11
synthetic_customer_005,cabinet_005,2026-09-01 13:10:00+00:00,0,0,0,0,True,True,False,23.96122552275573,-48.73342683957812,2.982561882155569,3.992657302989992,0.27748645181495524,0.012437333002791219,0.03302826970208413,on,connected,True,synthetic_device_spec_v11
synthetic_customer_005,cabinet_005,2026-09-01 13:20:00+00:00,0,0,0,0,True,True,False,23.921407366872973,-47.848798367482594,2.958439087861593,3.993171861037121,0.0,0.01310572257253625,0.0,on,connected,True,synthetic_device_spec_v11
synthetic_customer_005,cabinet_005,2026-09-01 13:30:00+00:00,0,0,0,0,True,True,False,24.154174731058372,-48.13723625197497,2.993676234942793,4.052616606017233,0.0,0.01762981543932864,0.02339072558055441,on,connected,True,synthetic_device_spec_v11
synthetic_customer_005,cabinet_005,2026-09-01 13:40:00+00:00,0,0,0,0,True,True,False,23.95807022463167,-47.486982363342804,2.9696516913494966,3.955508138285233,0.0,0.03761529714617447,0.02370663475123752,on,connected,True,synthetic_device_spec_v11
synthetic_customer_005,cabinet_005,2026-09-01 13:50:00+00:00,0,0,0,0,True,True,False,23.91826467888574,-46.93768237578329,3.0019403799751143,3.9866710845855913,0.014613945561050631,0.019471933178117358,0.0,on,connected,True,synthetic_device_spec_v11
synthetic_customer_005,cabinet_005,2026-09-01 14:00:00+00:00,0,0,0,0,True,True,False,23.78838559093061,-46.98409634882236,2.9545179687895233,4.071045635289446,0.0,0.0,0.00042311803077239467,on,connected,True,synthetic_device_spec_v11
synthetic_customer_005,cabinet_005,2026-09-01 14:10:00+00:00,0,0,0,0,True,True,False,23.960878441293225,-48.06116336459467,3.0250265342015656,3.989530800719219,0.0,0.0,0.002186189505649562,on,connected,True,synthetic_device_spec_v11
synthetic_customer_005,cabinet_005,2026-09-01 14:20:00+00:00,0,0,0,0,True,True,False,24.0490294430124,-48.57589021959262,2.98232635939449,3.9805290523749988,0.39411049657048164,0.0056567940700933345,0.03213023004932628,on,connected,True,synthetic_device_spec_v11
synthetic_customer_005,cabinet_005,2026-09-01 14:30:00+00:00,0,0,0,0,True,True,False,24.17074284289613,-46.73537882479567,2.9985164681957617,3.9782344134905823,0.9015838317485567,0.037381876333663085,0.0,on,connected,True,synthetic_device_spec_v11
synthetic_customer_005,cabinet_005,2026-09-01 14:40:00+00:00,0,0,0,0,True,True,False,24.075576707627953,-49.01960527378596,2.9458626489030855,3.9507381256192944,0.0,0.019191150448765085,0.0,on,connected,True,synthetic_device_spec_v11
synthetic_customer_005,cabinet_005,2026-09-01 14:50:00+00:00,0,0,0,0,True,True,False,23.87050422842933,-48.05173205441537,3.01066223840816,4.083380939946029,0.22909621653133397,0.0017433214908057324,0.030098492428541148,on,connected,True,synthetic_device_spec_v11
synthetic_customer_005,cabinet_005,2026-09-01 15:00:00+00:00,0,0,0,0,True,True,False,23.755204338468083,-48.58151443893943,3.0502428590808357,4.077745463857401,0.17079603121384662,0.036434366668014445,0.03154139158427942,on,connected,True,synthetic_device_spec_v11
synthetic_customer_005,cabinet_005,2026-09-01 15:10:00+00:00,0,0,0,0,True,True,False,23.89046502552941,-49.39243123115368,2.9733449879085723,4.041190153284762,0.26321094719743554,0.018845068355081436,0.0,on,connected,True,synthetic_device_spec_v11
synthetic_customer_005,cabinet_005,2026-09-01 15:20:00+00:00,0,0,0,0,True,True,False,23.820514534389122,-48.54796198526563,2.9743577827835277,3.9754920897065276,0.0,0.05883715580075536,0.034903758709286165,on,connected,True,synthetic_device_spec_v11
synthetic_customer_005,cabinet_005,2026-09-01 15:30:00+00:00,0,0,0,0,True,True,False,24.07608698431661,-47.85203470538657,2.9973485262270803,3.984950370499809,0.5930629798818485,0.05285955976435296,0.010795579953864617,on,connected,True,synthetic_device_spec_v11
synthetic_customer_005,cabinet_005,2026-09-01 15:40:00+00:00,0,0,0,0,True,True,False,23.880432793432366,-47.40496351419248,2.9719414444570025,4.037736594978365,0.0,0.008753172046154611,0.0,on,connected,True,synthetic_device_spec_v11
synthetic_customer_005,cabinet_005,2026-09-01 15:50:00+00:00,0,0,0,0,True,True,False,23.96918938161664,-47.19362735104341,3.0102828651796973,3.9606553152694777,0.0,0.04406941740897102,0.0,on,connected,True,synthetic_device_spec_v11
synthetic_customer_005,cabinet_005,2026-09-01 16:00:00+00:00,0,0,0,0,True,True,False,23.97614478341454,-50.544081946932366,2.996781466513644,3.9687505091012625,0.08916727787357068,0.052894412811093444,0.014799809752414954,on,connected,True,synthetic_device_spec_v11
synthetic_customer_005,cabinet_005,2026-09-01 16:10:00+00:00,0,0,0,0,True,True,False,23.9728525188863,-48.81262328358358,2.9755248547883983,4.075236142311558,0.0,0.005060648901517407,0.012736558580137792,on,connected,True,synthetic_device_spec_v11
synthetic_customer_005,cabinet_005,2026-09-01 16:20:00+00:00,0,0,0,0,True,True,False,23.71181574491127,-47.17789960449515,3.019348002280589,4.006953659565018,0.15048031102399298,0.021486538632284165,0.00802751463786705,on,connected,True,synthetic_device_spec_v11
synthetic_customer_005,cabinet_005,2026-09-01 16:30:00+00:00,0,0,0,0,True,True,False,24.145467904058446,-47.19731725495843,2.9982135477010003,3.984471347216359,0.0,0.0,0.004230960974831146,on,connected,True,synthetic_device_spec_v11
synthetic_customer_005,cabinet_005,2026-09-01 16:40:00+00:00,0,0,0,0,True,True,False,23.95211931204381,-47.78669109568903,3.038115398589021,4.065590205904143,0.21640825979393594,0.0,0.0,on,connected,True,synthetic_device_spec_v11
synthetic_customer_005,cabinet_005,2026-09-01 16:50:00+00:00,0,0,0,0,True,True,False,23.960948543578525,-48.04083146623071,2.909334272953414,4.024170187687834,0.36425992549552116,0.0016265428279021482,0.0,on,connected,True,synthetic_device_spec_v11
synthetic_customer_005,cabinet_005,2026-09-01 17:00:00+00:00,0,0,0,0,True,True,False,24.08042815575979,-46.71888627202118,3.0593584865114383,3.9516572414310756,0.1469692714402478,0.0,0.0,on,connected,True,synthetic_device_spec_v11
synthetic_customer_005,cabinet_005,2026-09-01 17:10:00+00:00,0,0,0,0,True,True,False,24.032223964394344,-47.64657475445967,2.9760301665806366,4.006375925438546,0.48588645579527096,0.0,0.0,on,connected,True,synthetic_device_spec_v11
synthetic_customer_005,cabinet_005,2026-09-01 17:20:00+00:00,0,0,0,0,True,True,False,24.018998688069907,-47.413287055203625,2.935964954932964,4.0816093033643925,0.09978445006684022,0.0,0.0,on,connected,True,synthetic_device_spec_v11
synthetic_customer_005,cabinet_005,2026-09-01 17:30:00+00:00,0,0,0,0,True,True,False,23.981343691288593,-46.72993664694085,2.956404030814851,4.030435404459089,0.05496706878949467,0.02672226978107735,0.0,on,connected,True,synthetic_device_spec_v11
synthetic_customer_005,cabinet_005,2026-09-01 17:40:00+00:00,0,0,0,0,True,True,False,24.18265472141618,-47.09679908253919,2.9797820627922094,4.024113627239151,0.010643826264333689,0.005202906856381145,0.0,on,connected,True,synthetic_device_spec_v11
synthetic_customer_005,cabinet_005,2026-09-01 17:50:00+00:00,0,0,0,0,True,True,False,23.980737655351774,-48.104940291043796,3.009224935349896,4.0154624909153,0.0,0.0,0.0029873791323375646,on,connected,True,synthetic_device_spec_v11
synthetic_customer_005,cabinet_005,2026-09-01 18:00:00+00:00,0,0,0,0,True,True,False,23.98562068644869,-48.99543732751202,2.9953739489033318,4.001019349530979,0.2783801092949012,0.0,0.03339977360446051,on,connected,True,synthetic_device_spec_v11
synthetic_customer_005,cabinet_005,2026-09-01 18:10:00+00:00,1,1,1,1,True,True,False,23.84251533641521,-48.218549438607994,2.9658146435871906,3.982344007179541,0.44580284342005944,0.0,0.0,on,connected,True,synthetic_device_spec_v11
synthetic_customer_005,cabinet_005,2026-09-01 18:20:00+00:00,1,1,1,1,True,True,False,24.037274531000172,-46.07388892506969,3.0568524538512944,3.855277131921187,0.0,0.0,0.0,on,connected,True,synthetic_device_spec_v11
synthetic_customer_005,cabinet_005,2026-09-01 18:30:00+00:00,1,1,1,1,True,True,False,23.79403474302787,-48.630140048510434,3.019606286152264,4.073797293174355,0.6102925266612264,0.03981388075756194,0.0,on,connected,True,synthetic_device_spec_v11
synthetic_customer_005,cabinet_005,2026-09-01 18:40:00+00:00,0,0,0,0,True,True,False,24.003268511831525,-46.815838544588,2.9657080409761125,3.993115747407586,0.0,0.037617534758839145,0.0,on,connected,True,synthetic_device_spec_v11
synthetic_customer_005,cabinet_005,2026-09-01 18:50:00+00:00,0,0,0,0,True,True,False,24.03712719617746,-48.234986943329794,3.042905111234103,4.11329974105577,0.0,0.05003358856959316,0.0,on,connected,True,synthetic_device_spec_v11
synthetic_customer_005,cabinet_005,2026-09-01 19:00:00+00:00,0,0,0,0,True,True,False,23.88419642795979,-48.45299249670216,3.0084294483605785,4.121997831911475,0.7206303339885115,0.01663678230883636,0.0,on,connected,True,synthetic_device_spec_v11
synthetic_customer_005,cabinet_005,2026-09-01 19:10:00+00:00,0,0,0,0,True,True,False,23.9921369914076,-48.97427057767063,2.9448723400017873,3.989972125832811,1.2492236322887877,0.011026582035315851,0.0018986734811800808,on,connected,True,synthetic_device_spec_v11
synthetic_customer_005,cabinet_005,2026-09-01 19:20:00+00:00,0,0,0,0,True,True,False,24.021912204142133,-48.87813320102642,2.9594427333532436,3.934273010750731,0.6383507205123894,0.02441326866362223,0.0,on,connected,True,synthetic_device_spec_v11
synthetic_customer_005,cabinet_005,2026-09-01 19:30:00+00:00,0,0,0,0,True,True,False,24.179975101460233,-46.450385755038766,2.9637143771462737,3.97681796541481,0.0,0.005500068445685608,0.0,on,connected,True,synthetic_device_spec_v11
synthetic_customer_005,cabinet_005,2026-09-01 19:40:00+00:00,0,0,0,0,True,True,False,24.023367418581778,-46.55441037981916,2.955781030674696,3.913683416307321,0.8037142546190968,0.0,0.0,on,connected,True,synthetic_device_spec_v11
synthetic_customer_005,cabinet_005,2026-09-01 19:50:00+00:00,0,0,0,0,True,True,False,23.990077005042316,-47.0576650344968,3.010836487091309,3.961822004281906,0.0,0.005520253806326844,0.00945371214991405,on,connected,True,synthetic_device_spec_v11
synthetic_customer_005,cabinet_005,2026-09-01 20:00:00+00:00,0,0,0,0,True,True,False,24.12085831704413,-48.096677954162395,2.9620230484279455,3.9371375211284647,0.15801831122253035,0.0,0.003334864894331749,on,connected,True,synthetic_device_spec_v11
synthetic_customer_005,cabinet_005,2026-09-01 20:10:00+00:00,0,0,0,0,True,True,False,23.860493750935884,-48.178825034319885,2.948533441815448,4.019592727176326,0.9388244239878322,0.0,0.002791988835507773,on,connected,True,synthetic_device_spec_v11
synthetic_customer_005,cabinet_005,2026-09-01 20:20:00+00:00,0,0,0,0,True,True,False,23.764288984266148,-47.59983126089496,3.0474386040723807,4.0164977326697615,0.14179696220865215,0.0,0.004995268699228605,on,connected,True,synthetic_device_spec_v11
synthetic_customer_005,cabinet_005,2026-09-01 20:30:00+00:00,0,0,0,0,True,True,False,24.25437081192124,-47.873036317567795,2.98355410421868,4.033139982913677,0.0,0.0035196781613443524,0.0,on,connected,True,synthetic_device_spec_v11
synthetic_customer_005,cabinet_005,2026-09-01 20:40:00+00:00,0,0,0,0,True,True,False,24.073029051302495,-47.97079576846514,2.9106525192880537,4.041514697753016,0.006823984339778712,0.009420755391467434,0.008269157756742754,on,connected,True,synthetic_device_spec_v11
synthetic_customer_005,cabinet_005,2026-09-01 20:50:00+00:00,0,0,0,0,True,True,False,23.952417630361825,-47.046497395987984,3.066506005105624,4.098710400851406,0.0,0.0,0.03548674100480419,on,connected,True,synthetic_device_spec_v11
synthetic_customer_005,cabinet_005,2026-09-01 21:00:00+00:00,0,0,0,0,True,True,False,23.940722271855567,-48.56422003771764,2.9654737020699113,4.004230719683642,0.0,0.0,0.02201604526246549,on,connected,True,synthetic_device_spec_v11
synthetic_customer_005,cabinet_005,2026-09-01 21:10:00+00:00,0,0,0,0,True,True,False,24.082805282364518,-46.42427545249782,2.9844883633006125,3.9856211226728524,0.0,0.0,0.004458852182848508,on,connected,True,synthetic_device_spec_v11
synthetic_customer_005,cabinet_005,2026-09-01 21:20:00+00:00,0,0,0,0,True,True,False,24.153606180571042,-49.21175570948765,3.1119748407964787,3.9338626469818956,0.0,0.0,0.0,on,connected,True,synthetic_device_spec_v11
synthetic_customer_005,cabinet_005,2026-09-01 21:30:00+00:00,0,0,0,0,True,True,False,23.968498524821214,-48.273234282081646,3.0295452543461527,4.059793276871455,0.0,0.0,0.011113150249853576,on,connected,True,synthetic_device_spec_v11
synthetic_customer_005,cabinet_005,2026-09-01 21:40:00+00:00,0,0,0,0,True,True,False,24.06865109092029,-49.68582343140091,2.9605974999275366,4.040086260815541,0.21199629485838725,0.0205027665529543,0.0,on,connected,True,synthetic_device_spec_v11
synthetic_customer_005,cabinet_005,2026-09-01 21:50:00+00:00,0,0,0,0,True,True,False,23.89274955449712,-47.864667870725604,3.0281827463992217,3.9250841293190866,0.0,0.034538773705943826,0.009696537420561011,on,connected,True,synthetic_device_spec_v11
synthetic_customer_005,cabinet_005,2026-09-01 22:00:00+00:00,0,0,0,0,True,True,False,23.87008172123567,-49.213569091662634,2.9475105040030125,4.1264640942145565,0.0,0.05700737119468474,0.0,on,connected,True,synthetic_device_spec_v11
synthetic_customer_005,cabinet_005,2026-09-01 22:10:00+00:00,0,0,0,0,True,True,False,23.9284604372723,-47.95729487023575,3.0503232730355796,3.9825712705069303,0.08956021776153206,0.0025749228606863008,0.0,on,connected,True,synthetic_device_spec_v11
synthetic_customer_005,cabinet_005,2026-09-01 22:20:00+00:00,0,0,0,0,True,True,False,24.11397736469123,-48.6026024313125,2.989108128914232,4.127476672115033,0.0,0.0010365484501870404,0.0061334463503778195,on,connected,True,synthetic_device_spec_v11
synthetic_customer_005,cabinet_005,2026-09-01 22:30:00+00:00,0,0,0,0,True,True,False,23.967611738032883,-45.77078080381937,2.9854900622770733,3.9524637117449757,0.025846086559521506,0.0,0.0,on,connected,True,synthetic_device_spec_v11
synthetic_customer_005,cabinet_005,2026-09-01 22:40:00+00:00,0,0,0,0,True,True,False,24.19078113993292,-48.53187682111799,3.014428841073734,3.9924895115436856,0.0,0.0,0.0,on,connected,True,synthetic_device_spec_v11
synthetic_customer_005,cabinet_005,2026-09-01 22:50:00+00:00,0,0,0,0,True,True,False,24.275552175514445,-47.61405864094831,2.9978438675660697,4.119271063854119,0.0,0.0,0.004835005952044936,on,connected,True,synthetic_device_spec_v11
synthetic_customer_005,cabinet_005,2026-09-01 23:00:00+00:00,0,0,0,0,True,True,False,23.807571679195934,-48.044629655937314,2.989504534107272,4.211883152037719,1.2453442895277202,0.0,0.03159008094935585,on,connected,True,synthetic_device_spec_v11
synthetic_customer_005,cabinet_005,2026-09-01 23:10:00+00:00,0,0,0,0,True,True,False,23.973699123845158,-48.11255710967747,3.0360411152318902,4.244983404105918,0.46339155752669936,0.0,0.05706373562043286,on,connected,True,synthetic_device_spec_v11
synthetic_customer_005,cabinet_005,2026-09-01 23:20:00+00:00,0,0,0,0,True,True,False,23.728408608896324,-47.60218503496023,2.93732756637316,4.475701219774805,0.0,0.03522837137223329,0.08285376019693076,on,connected,True,synthetic_device_spec_v11
synthetic_customer_005,cabinet_005,2026-09-01 23:30:00+00:00,0,0,0,0,True,True,False,24.067232251883514,-48.84790415355796,2.960026474357134,4.711467399886047,0.17046134148349645,0.0,0.10290969307274107,on,connected,True,synthetic_device_spec_v11
synthetic_customer_005,cabinet_005,2026-09-01 23:40:00+00:00,0,0,0,0,True,True,False,23.99183158490047,-50.19626309955139,3.0398790774382882,4.839392514568881,0.0,0.0,0.13906273121167095,on,connected,True,synthetic_device_spec_v11
synthetic_customer_005,cabinet_005,2026-09-01 23:50:00+00:00,0,0,0,0,True,True,False,24.097801137025126,-47.101298557239325,2.9880726564954747,4.995245557385081,0.33173350580232935,0.0,0.1311609749607152,on,connected,True,synthetic_device_spec_v11
synthetic_customer_005,cabinet_005,2026-09-02 00:00:00+00:00,0,0,0,0,True,True,False,23.925047198364155,-49.41537648323562,2.964817253712637,5.3254507159804705,0.3853414811426277,0.010757496594978525,0.14970293299225082,on,connected,True,synthetic_device_spec_v11
synthetic_customer_005,cabinet_005,2026-09-02 00:10:00+00:00,1,1,1,1,True,True,False,23.950156003889898,-47.66714590358746,2.9766240407836175,5.3888478524384595,0.4604014863435047,0.0071215677618362665,0.1852176782452794,on,connected,True,synthetic_device_spec_v11
synthetic_customer_005,cabinet_005,2026-09-02 00:20:00+00:00,1,1,1,1,True,True,False,24.01975202108575,-47.215754754954744,2.9727424849720827,5.569976320853911,0.06975933711872641,0.0,0.20588772914958944,on,connected,True,synthetic_device_spec_v11
synthetic_customer_005,cabinet_005,2026-09-02 00:30:00+00:00,1,1,1,1,True,True,False,24.033690739345296,-47.83828514643028,3.013989549632621,5.786919910410449,0.29890058690360327,0.0,0.2240323067839992,on,connected,True,synthetic_device_spec_v11
synthetic_customer_005,cabinet_005,2026-09-02 00:40:00+00:00,0,0,0,0,True,True,False,24.130913953997712,-48.735892189196164,2.971864298893794,6.026579823428465,0.528651119924517,0.0,0.2627135623002469,on,connected,True,synthetic_device_spec_v11
synthetic_customer_005,cabinet_005,2026-09-02 00:50:00+00:00,0,0,0,0,True,True,False,23.995069872595057,-47.325852178127484,2.9936780142336876,6.100714024773257,0.2950802777924006,0.031629170436303825,0.2792690625603014,on,connected,True,synthetic_device_spec_v11
synthetic_customer_005,cabinet_005,2026-09-02 01:00:00+00:00,0,0,0,0,True,True,False,23.92716059439676,-48.174775683725585,2.9523811780186673,6.287068751177287,0.0,0.0,0.31348337035346635,on,connected,True,synthetic_device_spec_v11
synthetic_customer_005,cabinet_005,2026-09-02 01:10:00+00:00,0,0,0,0,True,True,False,23.737194213177492,-47.47958169053692,2.993293854205199,6.454552147426869,0.4205851368388912,0.012242371285646182,0.3389602289611076,on,connected,True,synthetic_device_spec_v11
synthetic_customer_005,cabinet_005,2026-09-02 01:20:00+00:00,0,0,0,0,True,True,False,23.971757641435044,-46.71646737478912,3.000019439588436,6.58568929972365,0.0,0.021231230299272902,0.37414761688865733,on,connected,True,synthetic_device_spec_v11
synthetic_customer_005,cabinet_005,2026-09-02 01:30:00+00:00,0,0,0,0,True,True,False,24.132158225011178,-49.29184734049638,3.0410353192810673,6.808290210050626,0.0,0.012597859822973848,0.4192221959043443,on,connected,True,synthetic_device_spec_v11
synthetic_customer_005,cabinet_005,2026-09-02 01:40:00+00:00,0,0,0,0,True,True,False,24.2511490950928,-48.74076806284375,3.030786204007699,7.0393282734419,0.831691339475203,0.0,0.37704173440744115,on,connected,True,synthetic_device_spec_v11
synthetic_customer_005,cabinet_005,2026-09-02 01:50:00+00:00,0,0,0,0,True,True,False,23.7438044532226,-46.877127609819446,3.0242892356096887,7.104004665806235,0.0,0.004336755049782178,0.37585189165188493,on,connected,True,synthetic_device_spec_v11
synthetic_customer_005,cabinet_005,2026-09-02 02:00:00+00:00,0,0,0,0,True,True,False,24.002175785614178,-47.25559681351745,3.016881607497047,6.965053468467684,0.0,0.0,0.4080875380847941,on,connected,True,synthetic_device_spec_v11
synthetic_customer_005,cabinet_005,2026-09-02 02:10:00+00:00,0,0,0,0,True,True,False,24.12376444479941,-47.80498105079334,3.0363075284073844,7.022174220665106,0.0,0.0,0.38832518464354215,on,connected,True,synthetic_device_spec_v11
synthetic_customer_005,cabinet_005,2026-09-02 02:20:00+00:00,0,0,0,0,True,True,False,23.833818546118906,-48.26592880178143,3.047106136588094,7.09997051572356,0.6258664996530893,0.0,0.3882611529198763,on,connected,True,synthetic_device_spec_v11
synthetic_customer_005,cabinet_005,2026-09-02 02:30:00+00:00,0,0,0,0,True,True,False,24.05133346048704,-48.12496550574224,2.9797518206342852,7.039125384502245,0.0,0.022227035070768356,0.4460825491140791,on,connected,True,synthetic_device_spec_v11
synthetic_customer_005,cabinet_005,2026-09-02 02:40:00+00:00,0,0,0,0,True,True,False,23.77515097673908,-48.03508469358383,2.9592266659312827,4.085016697880752,0.14416076327260102,0.0,0.0,on,connected,True,synthetic_device_spec_v11
synthetic_customer_005,cabinet_005,2026-09-02 02:50:00+00:00,0,0,0,0,True,True,False,23.45264297056987,-47.245240645823415,3.058250429753872,3.9718158243297803,0.0,0.0,0.014276385433153013,on,connected,True,synthetic_device_spec_v11
synthetic_customer_005,cabinet_005,2026-09-02 03:00:00+00:00,0,0,0,0,True,True,False,22.949863858735306,-47.70375360544587,2.9658794393008576,4.010280089034707,0.0,0.0,0.00753012180932178,on,connected,True,synthetic_device_spec_v11
synthetic_customer_005,cabinet_005,2026-09-02 03:10:00+00:00,0,0,0,0,True,True,False,22.631352509276862,-47.52299556202871,2.999780384958247,3.9108702376353826,0.32152488967956405,0.0,0.03036082285637509,on,connected,True,synthetic_device_spec_v11
synthetic_customer_005,cabinet_005,2026-09-02 03:20:00+00:00,0,0,0,0,True,True,False,22.064635080330007,-47.27226933770041,3.020009649509948,3.966397047640263,0.2188089265943012,0.0,0.0008044669605760872,on,connected,True,synthetic_device_spec_v11
synthetic_customer_005,cabinet_005,2026-09-02 03:30:00+00:00,0,0,0,0,True,True,False,21.731988204530833,-47.619126210048975,3.0092672353796877,3.931513507685609,0.8676994278144817,0.0,0.006422545280299131,on,connected,True,synthetic_device_spec_v11
synthetic_customer_005,cabinet_005,2026-09-02 03:40:00+00:00,0,0,0,0,True,True,False,21.61714806742063,-47.788658263679004,3.0845435875180396,3.9964678067295134,0.0,0.005667546046094538,0.005711520793988742,on,connected,True,synthetic_device_spec_v11
synthetic_customer_005,cabinet_005,2026-09-02 03:50:00+00:00,0,0,0,0,True,True,False,21.325301679995338,-47.69598140919407,3.027422931189907,3.9887732103141897,0.0,0.0,0.02708131542043225,on,connected,True,synthetic_device_spec_v11
synthetic_customer_005,cabinet_005,2026-09-02 04:00:00+00:00,0,0,0,0,True,True,False,20.947107162381133,-47.762993951685516,2.986303802616737,4.006002026885703,0.0,0.007623539369057303,0.0,on,connected,True,synthetic_device_spec_v11
synthetic_customer_005,cabinet_005,2026-09-02 04:10:00+00:00,0,0,0,0,True,True,False,20.560167953279464,-45.75572530024299,2.945967068780833,3.990050985790757,0.652928588797597,0.0,0.00024816417787703465,on,connected,True,synthetic_device_spec_v11
synthetic_customer_005,cabinet_005,2026-09-02 04:20:00+00:00,0,0,0,0,True,True,False,20.317755750996625,-46.812851368689046,2.979048085285817,3.993049898137159,0.020507725841024553,0.018088049198514453,0.0,on,connected,True,synthetic_device_spec_v11
synthetic_customer_005,cabinet_005,2026-09-02 04:30:00+00:00,0,0,0,0,True,True,False,19.74729489176686,-48.31073723586571,3.018106354190773,3.9515984773659674,0.22436252733628484,0.0,0.0,on,connected,True,synthetic_device_spec_v11
synthetic_customer_005,cabinet_005,2026-09-02 04:40:00+00:00,0,0,0,0,True,True,False,19.617292807203402,-48.90161010686358,2.9328847971434007,4.029396924098087,0.6151121714632397,0.021380112696022142,0.0,on,connected,True,synthetic_device_spec_v11
synthetic_customer_005,cabinet_005,2026-09-02 04:50:00+00:00,0,0,0,0,True,True,False,18.956943253660693,-47.29175807349937,2.9317495604144868,4.034274101955068,0.15538620816622367,0.0,0.0,on,connected,True,synthetic_device_spec_v11
synthetic_customer_005,cabinet_005,2026-09-02 05:00:00+00:00,0,0,0,0,True,True,False,18.619170385824557,-46.90465702921895,3.053795579892004,4.018415755047953,0.0,0.0018917409427703727,0.02108851399822891,on,connected,True,synthetic_device_spec_v11
synthetic_customer_005,cabinet_005,2026-09-02 06:20:00+00:00,1,1,1,1,True,True,False,24.07867003306291,-49.132782355658776,2.9843993953440537,4.069415408097619,0.0,0.025369611161146055,0.0,on,connected,True,synthetic_device_spec_v11
synthetic_customer_005,cabinet_005,2026-09-02 06:30:00+00:00,1,1,1,1,True,True,False,23.749562284651287,-47.999496705391955,2.875506981990056,4.05739495693674,0.0,0.0,0.00954819622209319,on,connected,True,synthetic_device_spec_v11
synthetic_customer_005,cabinet_005,2026-09-02 06:40:00+00:00,0,0,0,0,True,True,False,23.967371937617628,-46.19020373368015,2.9760878149990577,3.9364930230065753,0.0,0.0,0.008768478807429455,on,connected,True,synthetic_device_spec_v11
synthetic_customer_005,cabinet_005,2026-09-02 06:50:00+00:00,0,0,0,0,True,True,False,23.933413839334257,-47.28438741522089,2.960529106230274,3.916622080617704,0.0,0.0,0.022779817250056403,on,connected,True,synthetic_device_spec_v11
synthetic_customer_005,cabinet_005,2026-09-02 07:00:00+00:00,0,0,0,0,True,True,False,23.95614320478227,-48.70976786149328,3.036569616117586,3.9310445698695724,0.0,0.003974369194811434,0.0,on,connected,True,synthetic_device_spec_v11
synthetic_customer_005,cabinet_005,2026-09-02 07:10:00+00:00,0,0,0,0,True,True,False,23.876064358326378,-48.989472098597304,3.0032658310927283,3.9976798476463977,0.011975862626614866,0.003084878124693777,0.015055505308666582,on,connected,True,synthetic_device_spec_v11
synthetic_customer_005,cabinet_005,2026-09-02 07:20:00+00:00,0,0,0,0,True,True,False,23.9120733650931,-48.83835360632375,2.9079165050303812,3.9794238912296027,0.36036541675156203,0.0012778912929556116,0.031025232266099385,on,connected,True,synthetic_device_spec_v11
synthetic_customer_005,cabinet_005,2026-09-02 07:30:00+00:00,0,0,0,0,True,True,False,24.268950919163455,-48.48069505157758,2.670714715547707,4.00312919014965,0.4163909631990119,0.0,0.0,on,connected,True,synthetic_device_spec_v11
synthetic_customer_005,cabinet_005,2026-09-02 07:40:00+00:00,0,0,0,0,True,True,False,23.935108071435362,-49.91680345030381,2.662896173148234,4.113803852590947,0.8399163060382974,0.0,0.006998287108829871,on,connected,True,synthetic_device_spec_v11
synthetic_customer_005,cabinet_005,2026-09-02 07:50:00+00:00,0,0,0,0,True,True,False,24.13730589825695,-48.39658719002106,2.437340717433734,4.061733277927815,0.33960535859036184,0.04738022029339826,0.018040534002062177,on,connected,True,synthetic_device_spec_v11
synthetic_customer_005,cabinet_005,2026-09-02 08:00:00+00:00,0,0,0,0,True,True,False,23.938558606444328,-48.563781070608684,2.2650187370610233,4.044215882458451,0.0,0.0,0.0,on,connected,True,synthetic_device_spec_v11
synthetic_customer_005,cabinet_005,2026-09-02 08:10:00+00:00,0,0,0,0,True,True,False,23.991718734672087,-46.72196304230017,2.1821198947090212,4.11403303622517,0.8550744072949806,0.008473130917276092,0.005018177133845963,on,connected,True,synthetic_device_spec_v11
synthetic_customer_005,cabinet_005,2026-09-02 08:20:00+00:00,0,0,0,0,True,True,False,23.909226897100396,-49.620746559838764,2.059494036655177,4.066323344749524,0.37640082100452876,0.0,0.007042712999566996,on,connected,True,synthetic_device_spec_v11
synthetic_customer_005,cabinet_005,2026-09-02 08:30:00+00:00,0,0,0,0,True,True,False,24.011213213416625,-47.89222433239306,1.9226492783622535,3.9431250904789312,0.44114771980743606,0.0373138838451504,0.0062800456728368415,on,connected,True,synthetic_device_spec_v11
synthetic_customer_005,cabinet_005,2026-09-02 08:40:00+00:00,0,0,0,0,True,True,False,24.158125273707864,-47.43448427073945,1.6662540570632869,3.991479919250854,0.6563384068685129,0.0,0.041319341238132315,on,connected,True,synthetic_device_spec_v11
synthetic_customer_005,cabinet_005,2026-09-02 08:50:00+00:00,0,0,0,0,True,True,False,24.159139941184772,-47.354529485066074,1.563684048848722,3.957082052307193,0.4469827291163783,0.010035748392907398,0.016251885228426355,on,connected,True,synthetic_device_spec_v11
synthetic_customer_005,cabinet_005,2026-09-02 09:00:00+00:00,0,0,0,0,True,True,False,24.291198280823842,-48.238619728515616,1.4054948441143524,3.893073925189663,0.0,0.01996431307567695,0.010688140507077507,on,connected,True,synthetic_device_spec_v11
synthetic_customer_005,cabinet_005,2026-09-02 09:10:00+00:00,0,0,0,0,True,True,False,24.079128799928363,-46.8729195171368,1.3243410318914584,4.065218903129486,0.4499103945264807,0.007680473661941594,0.029490744002459574,on,connected,True,synthetic_device_spec_v11
synthetic_customer_005,cabinet_005,2026-09-02 09:20:00+00:00,0,0,0,0,True,True,False,23.897994248977582,-49.88457984506201,1.147844062581147,3.974531915221739,0.0,0.01301983604641644,0.021319603366665076,on,connected,True,synthetic_device_spec_v11
synthetic_customer_005,cabinet_005,2026-09-02 09:30:00+00:00,0,0,0,0,True,True,False,24.087723773239816,-47.549902344461984,0.9270935361236461,3.9912851023562297,0.0,0.0,0.016117830713651193,on,connected,True,synthetic_device_spec_v11
synthetic_customer_005,cabinet_005,2026-09-02 09:40:00+00:00,0,0,0,0,True,True,False,24.02416657403969,-48.74206257144191,1.0057602364524427,4.062103711510385,0.0,0.0,0.013245622134761936,on,connected,True,synthetic_device_spec_v11
synthetic_customer_005,cabinet_005,2026-09-02 09:50:00+00:00,0,0,0,0,True,True,False,24.235275354678144,-48.71633689930646,0.945773329920283,4.020591768939906,0.0,0.037071154677494285,0.0,on,connected,True,synthetic_device_spec_v11
synthetic_customer_005,cabinet_005,2026-09-02 10:00:00+00:00,0,0,0,0,True,True,False,24.13342110180902,-49.166217919157205,0.9577429135474832,4.029912750697829,0.0,0.0,0.0009522981473472201,on,connected,True,synthetic_device_spec_v11
synthetic_customer_005,cabinet_005,2026-09-02 10:10:00+00:00,0,0,0,0,True,True,False,23.905806370070376,-47.4224356715413,2.900623119062553,3.9251127520682956,0.7699387674917617,0.026918121047177307,0.013078147850750559,on,connected,True,synthetic_device_spec_v11
synthetic_customer_005,cabinet_005,2026-09-02 10:20:00+00:00,0,0,0,0,True,True,False,23.89805486070308,-46.77704297934513,2.7719012821491664,4.030106023486751,0.19297315899581455,0.03964303804177524,0.017222080184006075,on,connected,True,synthetic_device_spec_v11
synthetic_customer_005,cabinet_005,2026-09-02 10:30:00+00:00,0,0,0,0,True,True,False,23.9257552186846,-47.266982014899284,2.808206598217564,4.03725291873075,0.33520123144525227,0.0062007215815084015,0.006354026098238537,on,connected,True,synthetic_device_spec_v11
synthetic_customer_005,cabinet_005,2026-09-02 10:40:00+00:00,0,0,0,0,True,True,False,24.00440648617094,-47.70462808379716,2.714294862928523,4.079490995587306,0.7058656094782894,0.0,0.003371735557060227,on,connected,True,synthetic_device_spec_v11
synthetic_customer_005,cabinet_005,2026-09-02 10:50:00+00:00,0,0,0,0,True,True,False,24.068693224659068,-47.9349905414133,2.7220781260216813,3.9889464119465687,0.7356643639090024,0.0,0.0,on,connected,True,synthetic_device_spec_v11
synthetic_customer_005,cabinet_005,2026-09-02 11:00:00+00:00,0,0,0,0,True,True,False,24.022325234429903,-48.01871434241317,2.6789494760263217,3.908231234025186,1.1282367152268273,0.0,0.0,on,connected,True,synthetic_device_spec_v11
synthetic_customer_005,cabinet_005,2026-09-02 11:10:00+00:00,0,0,0,0,True,True,False,23.788609970318554,-46.84272141928825,2.5453384612186705,3.9466966577974354,3.0398677800261327,0.0,0.006732656719810695,on,connected,True,synthetic_device_spec_v11
synthetic_customer_005,cabinet_005,2026-09-02 11:20:00+00:00,0,0,0,0,True,True,False,24.1775462279451,-47.09593668277421,2.5606661874750705,4.1374089150917195,4.517347253603708,0.05636876867559059,0.030085452429389675,on,connected,True,synthetic_device_spec_v11
synthetic_customer_005,cabinet_005,2026-09-02 11:30:00+00:00,0,0,0,0,True,True,False,24.136728830392137,-48.868164044692435,2.478616325051472,3.954827505369818,7.127778788017254,0.019818370710678906,0.0,on,connected,True,synthetic_device_spec_v11
synthetic_customer_005,cabinet_005,2026-09-02 11:40:00+00:00,0,0,0,0,True,True,False,24.138640245463108,-47.36947454587876,2.4704458857840543,3.9169453743249303,7.867038803908058,0.0,0.0,on,connected,True,synthetic_device_spec_v11
synthetic_customer_005,cabinet_005,2026-09-02 11:50:00+00:00,0,0,0,0,True,True,False,24.213371083525463,-48.478273517796524,2.4297895699221077,4.0530763592204035,10.404455341382967,0.0,0.0,on,connected,True,synthetic_device_spec_v11
synthetic_customer_005,cabinet_005,2026-09-02 12:00:00+00:00,0,0,0,0,True,True,False,23.955395295379567,-48.18066730255936,2.3073113730489925,4.029768234757785,11.722935621520739,0.0,0.0,on,connected,True,synthetic_device_spec_v11
synthetic_customer_005,cabinet_005,2026-09-02 12:10:00+00:00,1,1,1,1,True,True,False,24.06273811608485,-46.59789924054901,2.3142057838384598,4.007845106490686,12.85091698138919,0.022711071386480878,0.023581938915012268,on,connected,True,synthetic_device_spec_v11
synthetic_customer_005,cabinet_005,2026-09-02 12:20:00+00:00,1,1,1,1,True,True,False,24.15258736397757,-49.16036244947454,2.295663855959625,4.082463876230108,15.079664889175215,0.04066496607900669,0.023125220200973812,on,connected,True,synthetic_device_spec_v11
synthetic_customer_005,cabinet_005,2026-09-02 12:30:00+00:00,1,1,1,1,True,True,False,23.98374286694911,-49.23449927022377,2.239936755736842,4.007824390291822,16.699481747402466,0.00333765387399304,0.008420080118901371,on,connected,True,synthetic_device_spec_v11
synthetic_customer_005,cabinet_005,2026-09-02 12:40:00+00:00,0,0,0,0,True,True,False,23.898904215954555,-48.41947838987824,2.2577709942577933,4.01600878339732,18.0435784595009,0.0,0.0,on,connected,True,synthetic_device_spec_v11
synthetic_customer_005,cabinet_005,2026-09-02 12:50:00+00:00,0,0,0,0,True,True,False,23.964197468170394,-49.51692247128977,2.175052353191191,4.102901246217337,19.70966037539746,0.024048334504341268,0.015782205604483342,on,connected,True,synthetic_device_spec_v11
synthetic_customer_005,cabinet_005,2026-09-02 13:00:00+00:00,0,0,0,0,True,True,False,24.067776986080236,-49.44438195240548,2.145675264929899,4.06765186387915,21.42463669664839,0.0019565634056367062,0.03212306267782122,on,connected,True,synthetic_device_spec_v11
synthetic_customer_005,cabinet_005,2026-09-02 13:10:00+00:00,0,0,0,0,True,True,False,23.990793536341553,-47.846909768079286,2.188450048635438,4.056945841303398,24.07458047815201,0.012854895696685398,0.0,on,connected,True,synthetic_device_spec_v11
synthetic_customer_005,cabinet_005,2026-09-02 13:20:00+00:00,0,0,0,0,True,True,False,24.04083882280708,-48.562719100357874,2.986739351117315,4.001564016391195,25.350615536373276,0.03377202310861377,0.0,on,connected,True,synthetic_device_spec_v11
synthetic_customer_005,cabinet_005,2026-09-02 13:30:00+00:00,0,0,0,0,True,True,False,24.02309956927876,-47.28910134465368,3.020866759457017,4.00406433000799,24.704058209602326,0.01957898567134774,0.0,on,connected,True,synthetic_device_spec_v11
synthetic_customer_005,cabinet_005,2026-09-02 13:40:00+00:00,0,0,0,0,True,True,False,24.337942937466565,-47.29534888016117,2.9861657298331847,3.988085109682307,24.786968631212908,0.0,0.0,on,connected,True,synthetic_device_spec_v11
synthetic_customer_005,cabinet_005,2026-09-02 13:50:00+00:00,0,0,0,0,True,True,False,23.91126231079117,-47.47729881956576,2.9865352258909326,4.047480692853425,25.144524585040983,0.0,0.03237407229414638,on,connected,True,synthetic_device_spec_v11
synthetic_customer_005,cabinet_005,2026-09-02 14:00:00+00:00,0,0,0,0,True,True,False,24.224287770773376,-48.04540631977303,2.9852304307453688,4.014954488453102,25.001473598581242,0.0,0.010387336323879889,on,connected,True,synthetic_device_spec_v11
synthetic_customer_005,cabinet_005,2026-09-02 14:10:00+00:00,0,0,0,0,True,True,False,24.187901719043946,-49.09591416333172,2.933981917597664,4.12516106266217,25.474933420879836,0.0,0.0,on,connected,True,synthetic_device_spec_v11
synthetic_customer_005,cabinet_005,2026-09-02 14:20:00+00:00,0,0,0,0,True,True,False,24.019069741276272,-48.141535122989396,2.969403241633642,4.007741192301636,25.116766097842426,0.0,0.0,on,connected,True,synthetic_device_spec_v11
synthetic_customer_005,cabinet_005,2026-09-02 14:30:00+00:00,0,0,0,0,True,True,False,23.978796994429192,-47.76381611676578,2.9934369834889654,3.9819496807819155,0.0,0.0,0.02346247889582773,on,connected,True,synthetic_device_spec_v11
synthetic_customer_005,cabinet_005,2026-09-02 14:40:00+00:00,0,0,0,0,True,True,False,24.25351603789089,-48.65479160554663,2.9703845818780206,3.906331773052326,0.0,0.0,0.015151942872799293,on,connected,True,synthetic_device_spec_v11
synthetic_customer_005,cabinet_005,2026-09-02 14:50:00+00:00,0,0,0,0,True,True,False,24.029560431518625,-48.64753071824907,2.987397480777618,3.895626861130728,0.4485583707436756,0.002843410031113356,0.0,on,connected,True,synthetic_device_spec_v11
synthetic_customer_005,cabinet_005,2026-09-02 15:00:00+00:00,0,0,0,0,True,True,False,23.982437722268788,-51.21821913373166,3.0330150089280523,4.055834906772437,0.9086487293053898,0.07319759667957795,0.009419145628799431,on,connected,True,synthetic_device_spec_v11
synthetic_customer_005,cabinet_005,2026-09-02 15:10:00+00:00,0,0,0,0,True,True,False,23.96772217078467,-53.98031586496755,2.9370340388519227,3.9700742184395943,0.32329976641136965,0.07676709042483276,0.0,on,connected,True,synthetic_device_spec_v11
synthetic_customer_005,cabinet_005,2026-09-02 15:20:00+00:00,0,0,0,0,True,True,False,24.077023234387312,-55.41432270295758,2.942651611186902,4.050792837210549,0.33658901236957695,0.11751227233458615,0.0,on,connected,True,synthetic_device_spec_v11
synthetic_customer_005,cabinet_005,2026-09-02 15:30:00+00:00,0,0,0,0,True,True,False,23.8748081931559,-56.89527496913816,3.0881587662951824,3.877345514211741,0.0,0.18964752638776947,0.013978947849876867,on,connected,True,synthetic_device_spec_v11
synthetic_customer_005,cabinet_005,2026-09-02 15:40:00+00:00,0,0,0,0,True,True,False,23.985970264292426,-58.48421818150242,2.9894096316233707,3.9733095092475956,0.12166259939130412,0.19456921836542454,0.0006663476986626313,on,connected,True,synthetic_device_spec_v11
synthetic_customer_005,cabinet_005,2026-09-02 15:50:00+00:00,0,0,0,0,True,True,False,24.251352654388885,-62.024523417458425,3.0045937143984167,3.95215556523128,0.48000282765422514,0.2488930894094223,0.0,on,connected,True,synthetic_device_spec_v11
synthetic_customer_005,cabinet_005,2026-09-02 16:00:00+00:00,0,0,0,0,True,True,False,24.025352799777153,-62.54168711146772,2.9526520565637755,4.1010226433799595,0.0,0.33108995946543945,0.006092468346427507,on,connected,True,synthetic_device_spec_v11
synthetic_customer_005,cabinet_005,2026-09-02 16:10:00+00:00,0,0,0,0,True,True,False,23.87006547307763,-65.91165843831307,3.0005509192140183,4.109121597673753,0.27539122323105814,0.31580133076395384,0.0,on,connected,True,synthetic_device_spec_v11
synthetic_customer_005,cabinet_005,2026-09-02 16:20:00+00:00,0,0,0,0,True,True,False,24.04251185510611,-65.41795761171636,3.028608764001641,4.124665257120182,0.646090701918796,0.3356127753757687,0.0,on,connected,True,synthetic_device_spec_v11
synthetic_customer_005,cabinet_005,2026-09-02 16:30:00+00:00,0,0,0,0,True,True,False,23.82580810786245,-67.45528917823499,2.979039353771486,3.934187668882403,0.0,0.3995377671941728,0.004277687553411257,on,connected,True,synthetic_device_spec_v11
synthetic_customer_005,cabinet_005,2026-09-02 16:40:00+00:00,0,0,0,0,True,True,False,24.123773984383067,-72.11181252994764,3.0407144588883033,4.037051416156473,0.0,0.3888750777559353,0.023510975837297457,on,connected,True,synthetic_device_spec_v11
synthetic_customer_005,cabinet_005,2026-09-02 16:50:00+00:00,0,0,0,0,True,True,False,23.867429863959515,-71.6357143527117,2.9450520990823192,3.957301906341765,0.0,0.4714695197835846,1.456745598730319e-06,on,connected,True,synthetic_device_spec_v11
synthetic_customer_005,cabinet_005,2026-09-02 17:00:00+00:00,0,0,0,0,True,True,False,23.92990899063994,-73.87118401406629,3.026334140463661,4.0447090742190515,0.4721232640239411,0.4494928290579014,0.0,on,connected,True,synthetic_device_spec_v11
synthetic_customer_005,cabinet_005,2026-09-02 17:10:00+00:00,0,0,0,0,True,True,False,24.08442036014882,-76.54362153170712,3.0570137877578154,3.9690547744497264,0.06075359496348208,0.5454065848831727,0.0,on,connected,True,synthetic_device_spec_v11
synthetic_customer_005,cabinet_005,2026-09-02 17:20:00+00:00,0,0,0,0,True,True,False,23.895159310926335,-80.23209485876154,2.9563677079122432,3.975141677565729,0.0,0.49645412685474816,0.0,on,connected,True,synthetic_device_spec_v11
synthetic_customer_005,cabinet_005,2026-09-02 17:30:00+00:00,0,0,0,0,True,True,False,23.950903439359767,-79.60928315089402,3.038300091778658,4.031646406790662,0.40396242742511607,0.561975362115643,0.0,on,connected,True,synthetic_device_spec_v11
synthetic_customer_005,cabinet_005,2026-09-02 17:40:00+00:00,0,0,0,0,True,True,False,23.970601958614036,-82.1820784432092,3.0146254021587136,4.004171975929391,0.0,0.5930403261551926,0.0,on,connected,True,synthetic_device_spec_v11
synthetic_customer_005,cabinet_005,2026-09-02 17:50:00+00:00,0,0,0,0,True,True,False,24.204817374096613,-83.53537343727743,2.963068447164235,3.9065471254072577,0.016397542664658094,0.6410730717916789,0.0,on,connected,True,synthetic_device_spec_v11
synthetic_customer_005,cabinet_005,2026-09-02 19:00:00+00:00,0,0,0,0,True,True,False,23.90159903101752,-46.839392147922354,2.997026346084949,3.9741578659659536,0.0,0.0,0.0,on,connected,True,synthetic_device_spec_v11
synthetic_customer_005,cabinet_005,2026-09-02 19:10:00+00:00,0,0,0,0,True,True,False,24.028637183798217,-47.90021890016131,2.9567601278076414,3.949472132052984,0.5564742007351138,0.012122267178129635,0.0,on,connected,True,synthetic_device_spec_v11
synthetic_customer_005,cabinet_005,2026-09-02 19:20:00+00:00,0,0,0,0,True,True,False,23.7849573490037,-47.03970399261964,2.985310376889072,3.9725441909602432,0.6105455027267285,0.0,0.014831123255903791,on,connected,True,synthetic_device_spec_v11
synthetic_customer_005,cabinet_005,2026-09-02 19:30:00+00:00,0,0,0,0,True,True,False,23.730667148768088,-47.22513907964047,2.939816512496861,3.999843162710965,0.41167516055531156,0.0,0.0,on,connected,True,synthetic_device_spec_v11
synthetic_customer_005,cabinet_005,2026-09-02 19:40:00+00:00,0,0,0,0,True,True,False,23.881013991680863,-48.01792406371526,3.0078486373269095,4.07925535046358,0.0,0.023399528581885768,0.0,on,connected,True,synthetic_device_spec_v11
synthetic_customer_005,cabinet_005,2026-09-02 19:50:00+00:00,0,0,0,0,True,True,False,23.97235059513771,-46.94572297944588,3.0076014519070937,3.9899143538931043,0.0,0.0,0.0,on,connected,True,synthetic_device_spec_v11
synthetic_customer_005,cabinet_005,2026-09-02 20:00:00+00:00,0,0,0,0,True,True,False,24.26020572185145,-47.28140123981931,3.009961530711333,3.989426688565087,0.02206082396958644,0.0,0.0,on,connected,True,synthetic_device_spec_v11
synthetic_customer_005,cabinet_005,2026-09-02 20:10:00+00:00,0,0,0,0,True,True,False,24.044121400724656,-49.22264055125086,2.960374024358803,4.0500569421007455,0.10905310893864416,0.0,0.00021322004031249238,on,connected,True,synthetic_device_spec_v11
synthetic_customer_005,cabinet_005,2026-09-02 20:20:00+00:00,0,0,0,0,True,True,False,24.23484001733033,-47.343997829486625,2.9939495657403974,4.046735940169768,0.0,0.02230800907935713,0.0,on,connected,True,synthetic_device_spec_v11
synthetic_customer_005,cabinet_005,2026-09-02 20:30:00+00:00,0,0,0,0,True,True,False,23.883335214657492,-49.18332807280462,2.957228934551163,3.977297259363642,0.0,0.0,0.0,on,connected,True,synthetic_device_spec_v11
synthetic_customer_005,cabinet_005,2026-09-02 20:40:00+00:00,0,0,0,0,True,True,False,23.9663853385604,-49.097377069752575,2.9945207749672598,3.9903436965928623,0.0,0.0,0.0,on,connected,True,synthetic_device_spec_v11
synthetic_customer_005,cabinet_005,2026-09-02 20:50:00+00:00,0,0,0,0,True,True,False,24.02727901990616,-47.531492880509724,2.9584941810153698,4.034493950546765,0.0,0.0,0.0,on,connected,True,synthetic_device_spec_v11
synthetic_customer_005,cabinet_005,2026-09-02 21:00:00+00:00,0,0,0,0,True,True,False,23.90392796993825,-50.15347408176729,3.022613923990069,4.0588850908488405,0.0,0.0,0.014392409448175242,on,connected,True,synthetic_device_spec_v11
synthetic_customer_005,cabinet_005,2026-09-02 21:10:00+00:00,0,0,0,0,True,True,False,23.950189688533328,-49.0023706365849,2.9474596482725617,4.027557910982077,0.0,0.0029644812471909436,0.00081939018726448,on,connected,True,synthetic_device_spec_v11
synthetic_customer_005,cabinet_005,2026-09-02 21:20:00+00:00,0,0,0,0,True,True,False,24.03928616141137,-47.98432111346943,2.9851628269737764,3.913686183874879,0.28492741679181777,0.02132327382735251,0.019605723388228247,on,connected,True,synthetic_device_spec_v11
synthetic_customer_005,cabinet_005,2026-09-02 21:30:00+00:00,0,0,0,0,True,True,False,23.915800892381302,-47.833428454405514,3.0437787565696572,3.942774436102748,0.5529583892302743,0.025105539828951154,0.009365415298237551,on,connected,True,synthetic_device_spec_v11
synthetic_customer_005,cabinet_005,2026-09-02 21:40:00+00:00,0,0,0,0,True,True,False,23.90546240145726,-46.93942639179371,3.038798880166491,4.014161452274526,0.0,0.0,0.003491101188205355,on,connected,True,synthetic_device_spec_v11
synthetic_customer_005,cabinet_005,2026-09-02 21:50:00+00:00,0,0,0,0,True,True,False,23.958001234908945,-47.64975014676047,3.0133745781344294,3.8983569738038404,0.2333798073262201,0.013006628136133097,0.01776701349744422,on,connected,True,synthetic_device_spec_v11
synthetic_customer_005,cabinet_005,2026-09-02 22:00:00+00:00,0,0,0,0,True,True,False,24.132502986711824,-48.69693184992859,2.9456573853332673,3.995073658335536,0.9358191788829947,0.029464043558607374,0.027241312388168286,on,connected,True,synthetic_device_spec_v11
synthetic_customer_005,cabinet_005,2026-09-02 22:10:00+00:00,0,0,0,0,True,True,False,23.65346608138583,-48.95926404267968,3.033568312344396,4.085191587647668,0.0,0.026947068974882138,0.0,on,connected,True,synthetic_device_spec_v11
synthetic_customer_005,cabinet_005,2026-09-02 22:20:00+00:00,0,0,0,0,True,True,False,23.930923243943926,-49.012728266642405,3.0110516241001797,3.9743028965296365,0.0,0.02007313841159078,0.022299382605068824,on,connected,True,synthetic_device_spec_v11
synthetic_customer_005,cabinet_005,2026-09-02 22:30:00+00:00,0,0,0,0,True,True,False,23.885042706442473,-48.30665713110845,2.936862449854892,4.014421463439383,0.0,0.004062898940045403,0.006336406360652728,on,connected,True,synthetic_device_spec_v11
synthetic_customer_005,cabinet_005,2026-09-02 22:40:00+00:00,0,0,0,0,True,True,False,23.823716903988174,-48.1252724319529,2.987110725342701,3.9911519913265026,0.0,0.0,0.012346034934266557,on,connected,True,synthetic_device_spec_v11
synthetic_customer_005,cabinet_005,2026-09-02 22:50:00+00:00,0,0,0,0,True,True,False,23.894893934852842,-50.15456825531953,2.9605237604022596,3.941257884491173,0.17009749410174732,0.013855752504382417,0.015251858264794983,on,connected,True,synthetic_device_spec_v11
synthetic_customer_005,cabinet_005,2026-09-02 23:00:00+00:00,0,0,0,0,True,True,False,24.08207780007516,-49.44823553268908,2.9469252473012775,3.909475443212929,0.0,0.044524894845701345,0.011951071634631561,on,connected,True,synthetic_device_spec_v11
synthetic_customer_005,cabinet_005,2026-09-02 23:10:00+00:00,0,0,0,0,True,True,False,24.038388540983156,-49.718760158888664,2.9652009400913473,4.103318010299494,0.009427137788967652,0.02266003580417435,0.02391022535109314,on,connected,True,synthetic_device_spec_v11
synthetic_customer_005,cabinet_005,2026-09-02 23:20:00+00:00,0,0,0,0,True,True,False,24.171632580691934,-49.900718791267465,2.9822494567140976,4.025099275241817,0.0,0.0,0.01455750530268954,on,connected,True,synthetic_device_spec_v11
synthetic_customer_005,cabinet_005,2026-09-02 23:30:00+00:00,0,0,0,0,True,True,False,23.96977337727148,-48.918353239379904,2.973015581212974,3.9572271996212107,0.3461918015647179,0.03156264694881838,0.015502902777488678,on,connected,True,synthetic_device_spec_v11
synthetic_customer_005,cabinet_005,2026-09-02 23:40:00+00:00,0,0,0,0,True,True,False,24.00250499817438,-49.93725715976941,3.001032656031278,4.1038173521512835,0.0,0.0,0.013919687300563224,on,connected,True,synthetic_device_spec_v11
synthetic_customer_005,cabinet_005,2026-09-02 23:50:00+00:00,0,0,0,0,True,True,False,23.867726365384048,-46.891610382162206,2.953858733582468,4.021050796210274,0.024839515968252315,0.0,0.0,on,connected,True,synthetic_device_spec_v11
synthetic_customer_005,cabinet_005,2026-09-03 00:00:00+00:00,0,0,0,0,True,True,False,24.04994959685691,-46.89649209799736,2.922508025852258,3.8276945780654956,0.0,0.02287206244510204,0.0,on,connected,True,synthetic_device_spec_v11
synthetic_customer_005,cabinet_005,2026-09-03 00:10:00+00:00,1,1,1,1,True,True,False,23.884332452793334,-50.46415450690142,2.969087895639324,4.045990840951939,0.0,0.008435659692689614,0.01156892311714261,on,connected,True,synthetic_device_spec_v11
synthetic_customer_005,cabinet_005,2026-09-03 00:20:00+00:00,1,1,1,1,True,True,False,24.007396110505507,-49.516931121894444,2.9612652744769377,3.9544064473798106,0.0,0.0,0.0,on,connected,True,synthetic_device_spec_v11
synthetic_customer_005,cabinet_005,2026-09-03 00:30:00+00:00,1,1,1,1,True,True,False,23.864520546312132,-47.98214564960613,2.9586596314680413,4.006882587571105,0.0,0.0279253875522332,0.0,on,connected,True,synthetic_device_spec_v11
synthetic_customer_005,cabinet_005,2026-09-03 00:40:00+00:00,0,0,0,0,True,True,False,23.931456401025052,-48.28087720483597,3.0039132306062477,4.050916395834414,0.21181904413347058,0.0049279814549697005,0.007680515164083926,on,connected,True,synthetic_device_spec_v11
synthetic_customer_005,cabinet_005,2026-09-03 00:50:00+00:00,0,0,0,0,True,True,False,24.005665558292534,-47.796753404270014,2.99730384407549,4.038817180731229,1.328920000032157,0.0016007826700788399,0.0,on,connected,True,synthetic_device_spec_v11
synthetic_customer_005,cabinet_005,2026-09-03 01:00:00+00:00,0,0,0,0,True,True,False,23.9477891990241,-49.11534089485004,3.046777631256938,3.9384031615021633,0.0,0.0,0.02339149487498248,on,connected,True,synthetic_device_spec_v11
synthetic_customer_005,cabinet_005,2026-09-03 01:10:00+00:00,0,0,0,0,True,True,False,23.945833832317085,-45.21165650255899,3.0719648804392703,3.9919108066674585,0.0,0.024228808051614856,0.0,on,connected,True,synthetic_device_spec_v11
synthetic_customer_005,cabinet_005,2026-09-03 01:20:00+00:00,0,0,0,0,True,True,False,24.119230485050576,-47.6416235035421,3.012154622047592,4.006639264177729,0.0,0.03621955218318247,0.013385208983856145,on,connected,True,synthetic_device_spec_v11
synthetic_customer_005,cabinet_005,2026-09-03 01:30:00+00:00,0,0,0,0,True,True,False,23.853485702143846,-47.18720209201772,3.030338369084482,3.9483966509485873,0.0,0.013255085717407057,0.0,on,connected,True,synthetic_device_spec_v11
synthetic_customer_005,cabinet_005,2026-09-03 01:40:00+00:00,0,0,0,0,True,True,False,23.86247420784789,-47.741514726366276,3.014609055300205,3.9875515453778307,0.0,0.06041975676744152,0.019356697817372523,on,connected,True,synthetic_device_spec_v11
synthetic_customer_005,cabinet_005,2026-09-03 01:50:00+00:00,0,0,0,0,True,True,False,24.003337879153634,-47.9152021630842,3.0108978628276293,3.935919864835584,0.39071513250292567,0.005082467816545971,0.0,on,connected,True,synthetic_device_spec_v11
synthetic_customer_005,cabinet_005,2026-09-03 02:00:00+00:00,0,0,0,0,True,True,False,23.748621595447453,-48.151532106100305,2.99545353201322,3.96239703181883,0.0,0.0,0.0002677805723663702,on,connected,True,synthetic_device_spec_v11
synthetic_customer_005,cabinet_005,2026-09-03 02:10:00+00:00,0,0,0,0,True,True,False,23.99188889064564,-48.456651316395906,2.982280137661958,4.083340836171997,0.3470397877839602,0.02202986762379898,0.0,on,connected,True,synthetic_device_spec_v11
synthetic_customer_005,cabinet_005,2026-09-03 02:20:00+00:00,0,0,0,0,True,True,False,23.679836413786678,-48.56694736803293,3.1106060682606915,4.145951661189238,0.0,0.008176279485427144,0.0,on,connected,True,synthetic_device_spec_v11
synthetic_customer_005,cabinet_005,2026-09-03 02:30:00+00:00,0,0,0,0,True,True,False,23.960166190449627,-48.009185200925636,3.018014513297669,4.042148238085091,0.1144398571396974,0.009268905243389795,0.01398680605230596,on,connected,True,synthetic_device_spec_v11
synthetic_customer_005,cabinet_005,2026-09-03 02:40:00+00:00,0,0,0,0,True,True,False,24.03210803480105,-48.91729704828718,3.031924890667053,4.0264973626219405,0.710437572735267,0.0,0.0,on,connected,True,synthetic_device_spec_v11
synthetic_customer_005,cabinet_005,2026-09-03 02:50:00+00:00,0,0,0,0,True,True,False,24.200055357116845,-48.09092507895638,3.0242560845947253,3.9333532233554585,0.8922498507594551,0.0,0.002360079432054727,on,connected,True,synthetic_device_spec_v11
synthetic_customer_005,cabinet_005,2026-09-03 03:00:00+00:00,0,0,0,0,True,True,False,23.999149890218494,-47.138790018456035,3.0131771353865995,4.039726907465629,0.0,0.03286973963221495,0.013072634301162263,on,connected,True,synthetic_device_spec_v11
synthetic_customer_005,cabinet_005,2026-09-03 03:10:00+00:00,0,0,0,0,True,True,False,23.93074842535777,-49.51432768885343,2.981729638777047,3.973166779166304,0.0,0.0,0.022711689838013194,on,connected,True,synthetic_device_spec_v11
synthetic_customer_005,cabinet_005,2026-09-03 03:20:00+00:00,0,0,0,0,True,True,False,24.084335391207397,-47.3065622458744,2.988792952553132,3.9682632969967977,0.4237460311490207,0.03394785149729117,0.013214880242086365,on,connected,True,synthetic_device_spec_v11
synthetic_customer_005,cabinet_005,2026-09-03 03:30:00+00:00,0,0,0,0,True,True,False,24.260447938276855,-48.88001915027852,3.014652286296547,4.045233474776021,0.10467367232713544,0.03001890123095077,0.0,on,connected,True,synthetic_device_spec_v11
synthetic_customer_005,cabinet_005,2026-09-03 03:40:00+00:00,0,0,0,0,True,True,False,23.888208026070405,-47.967119921999135,3.026365862842083,3.982354699484613,0.0,0.0,0.0,on,connected,True,synthetic_device_spec_v11
synthetic_customer_005,cabinet_005,2026-09-03 03:50:00+00:00,0,0,0,0,True,True,False,24.043449988272204,-45.891930494725045,2.9401776428439326,3.9805499077170756,0.24231062408934032,0.0,0.007679004609792173,on,connected,True,synthetic_device_spec_v11
synthetic_customer_005,cabinet_005,2026-09-03 04:00:00+00:00,0,0,0,0,True,True,False,23.941218327998723,-48.31205457787304,2.8909117627843113,4.054581490584417,0.0,0.0,0.003363814828333593,on,connected,True,synthetic_device_spec_v11
synthetic_customer_005,cabinet_005,2026-09-03 04:10:00+00:00,0,0,0,0,True,True,False,24.03885933118723,-47.240189742972916,2.812228851278189,3.9586242940812464,0.21114148455395315,0.02751752200982098,0.0,on,connected,True,synthetic_device_spec_v11
synthetic_customer_005,cabinet_005,2026-09-03 04:20:00+00:00,0,0,0,0,True,True,False,24.103279503732168,-48.38261166515798,2.541534269792352,4.01580321978728,0.0,0.0,0.0,on,connected,True,synthetic_device_spec_v11
synthetic_customer_005,cabinet_005,2026-09-03 04:30:00+00:00,0,0,0,0,True,True,False,24.244225763139944,-47.10964704307022,2.3793733720134225,3.9988615858813286,0.0,0.0,0.0,on,connected,True,synthetic_device_spec_v11
synthetic_customer_005,cabinet_005,2026-09-03 04:40:00+00:00,0,0,0,0,True,True,False,24.070895642113033,-47.525261334656314,2.2288231270003758,4.04620170213369,0.13244071612141187,0.0015505764983487825,0.00889405204040795,on,connected,True,synthetic_device_spec_v11
synthetic_customer_005,cabinet_005,2026-09-03 04:50:00+00:00,0,0,0,0,True,True,False,23.921824736857406,-48.37172266575722,2.0731344665478524,3.94603637521394,0.8757212374262482,0.006395198663722287,0.010784158631058366,on,connected,True,synthetic_device_spec_v11
synthetic_customer_005,cabinet_005,2026-09-03 05:00:00+00:00,0,0,0,0,True,True,False,24.118484854329385,-47.81629082553515,1.8260009065266873,3.820782169199324,0.0,0.0,0.022614787190146174,on,connected,True,synthetic_device_spec_v11
synthetic_customer_005,cabinet_005,2026-09-03 05:10:00+00:00,0,0,0,0,True,True,False,23.86478459761422,-48.214921903679034,1.6763111439197933,4.071389653698886,0.5998355300558808,0.02575141840768122,0.004703840863813656,on,connected,True,synthetic_device_spec_v11
synthetic_customer_005,cabinet_005,2026-09-03 05:20:00+00:00,0,0,0,0,True,True,False,24.037221217541966,-47.52508293507742,1.6115457096888535,3.984131355418383,0.2764729058422717,0.00031889803453933214,0.0,on,connected,True,synthetic_device_spec_v11
synthetic_customer_005,cabinet_005,2026-09-03 05:30:00+00:00,0,0,0,0,True,True,False,23.860930608939356,-49.75180784365536,1.426951336926543,3.9537820324337987,0.0,0.00954419606243525,0.005306102156074837,on,connected,True,synthetic_device_spec_v11
synthetic_customer_005,cabinet_005,2026-09-03 05:40:00+00:00,0,0,0,0,True,True,False,24.039929519518687,-49.847914475988546,1.2077798417640695,3.9833189918179444,0.0,0.0,0.02179187838347748,on,connected,True,synthetic_device_spec_v11
synthetic_customer_005,cabinet_005,2026-09-03 05:50:00+00:00,0,0,0,0,True,True,False,23.768396543402215,-46.41014420028362,0.9282259008364661,4.000490787091831,0.25661604823231215,0.0,0.001779102692931124,on,connected,True,synthetic_device_spec_v11
synthetic_customer_005,cabinet_005,2026-09-03 06:00:00+00:00,0,0,0,0,True,True,False,24.048031105107864,-49.0624220831149,1.020585890215057,4.0267545370279345,0.0,0.024385605047616457,0.0,on,connected,True,synthetic_device_spec_v11
synthetic_customer_005,cabinet_005,2026-09-03 06:10:00+00:00,1,1,1,0,True,True,False,24.103598286920747,-47.253311563436476,1.0437885349664737,4.063832220583854,0.052115242343582294,0.011281818919185104,0.0163091696547773,on,connected,True,synthetic_device_spec_v11
synthetic_customer_005,cabinet_005,2026-09-03 06:20:00+00:00,1,1,1,0,True,True,False,23.770414750565152,-49.335762762887484,1.0425415371203566,3.9597779725944364,0.0,0.0,0.004679308932870428,on,connected,True,synthetic_device_spec_v11
synthetic_customer_005,cabinet_005,2026-09-03 06:30:00+00:00,1,1,1,0,True,True,False,24.044369845864743,-48.587702875464004,0.9783056249281393,4.128454030221478,0.23297537455438186,0.0363137509366132,0.0,on,connected,True,synthetic_device_spec_v11
synthetic_customer_005,cabinet_005,2026-09-03 06:40:00+00:00,0,0,0,0,True,True,False,23.776025072372665,-49.08572836146935,0.9612300065231121,4.031891977594333,0.0,0.0,0.0030281976809694035,on,connected,True,synthetic_device_spec_v11
synthetic_customer_005,cabinet_005,2026-09-03 06:50:00+00:00,0,0,0,0,True,True,False,24.04364468309917,-44.985527614611556,1.0653342966827817,4.043441013153287,0.4779474102552269,0.029167015072855296,0.03921924540773319,on,connected,True,synthetic_device_spec_v11
synthetic_customer_005,cabinet_005,2026-09-03 07:00:00+00:00,0,0,0,0,True,True,False,24.11175853349756,-47.07676015763118,2.9758910305676034,4.002607498574854,0.0,0.0,0.006889228651272952,on,connected,True,synthetic_device_spec_v11
synthetic_customer_005,cabinet_005,2026-09-03 07:10:00+00:00,0,0,0,0,True,True,False,23.731355508124217,-47.02137568725816,3.03645989344241,3.9268967703876876,0.1323210539454812,0.011146349658555786,0.006667455884871629,on,connected,True,synthetic_device_spec_v11
synthetic_customer_005,cabinet_005,2026-09-03 07:20:00+00:00,0,0,0,0,True,True,False,24.08273295586784,-47.70387274547045,3.039818984487712,4.0301276511659685,0.0,0.01401903673668503,0.0,on,connected,True,synthetic_device_spec_v11
synthetic_customer_005,cabinet_005,2026-09-03 07:30:00+00:00,0,0,0,0,True,True,False,23.966992675438473,-46.91067981413331,2.918194385947032,4.099151537857875,0.16563145362859463,0.045586670078050576,0.01186343039567071,on,connected,True,synthetic_device_spec_v11
synthetic_customer_005,cabinet_005,2026-09-03 07:40:00+00:00,0,0,0,0,True,True,False,24.063037187295365,-47.08579784683404,2.963605587241827,4.0127362678533665,0.0,0.06439772611386434,0.012780181910915395,on,connected,True,synthetic_device_spec_v11
synthetic_customer_005,cabinet_005,2026-09-03 07:50:00+00:00,0,0,0,0,True,True,False,23.88057822212342,-49.538780360377885,2.9885595393094406,3.937529031851295,0.0,0.0,0.003276067197155703,on,connected,True,synthetic_device_spec_v11
synthetic_customer_005,cabinet_005,2026-09-03 08:00:00+00:00,0,0,0,0,True,True,False,23.963954542666208,-48.8871294748125,2.9461180929744595,4.050372841137705,0.0,0.0,0.0,on,connected,True,synthetic_device_spec_v11
synthetic_customer_005,cabinet_005,2026-09-03 08:10:00+00:00,0,0,0,0,True,True,False,23.991470312090218,-49.49951554331342,2.999677874784844,3.9178289266864383,0.5973038103429357,0.0,0.0,on,connected,True,synthetic_device_spec_v11
synthetic_customer_005,cabinet_005,2026-09-03 08:20:00+00:00,0,0,0,0,True,True,False,23.98938245689203,-49.65497875574647,2.979847920276901,3.9970710615739775,0.47375402220251006,0.015427010853618596,0.008901842247299235,on,connected,True,synthetic_device_spec_v11
synthetic_customer_005,cabinet_005,2026-09-03 08:30:00+00:00,0,0,0,0,True,True,False,23.937788921250554,-47.21972282498648,2.9976138863313957,3.9740317314923406,0.0,0.0,0.0,on,connected,True,synthetic_device_spec_v11
synthetic_customer_005,cabinet_005,2026-09-03 08:40:00+00:00,0,0,0,0,True,True,False,23.917700676390552,-46.776980584881244,3.0194194927890967,4.116250757324588,0.0,0.0,0.0,on,connected,True,synthetic_device_spec_v11
synthetic_customer_005,cabinet_005,2026-09-03 08:50:00+00:00,0,0,0,0,True,True,False,24.160171222247016,-46.91541623486548,3.05336297518809,4.022289206012153,0.03310300952720953,0.015329557203355468,0.02229327598534825,on,connected,True,synthetic_device_spec_v11
synthetic_customer_005,cabinet_005,2026-09-03 09:00:00+00:00,0,0,0,0,True,True,False,24.168605729232755,-48.08091233372748,3.010336010529029,3.963200631191102,0.0,0.0,0.011785103562495413,on,connected,True,synthetic_device_spec_v11
synthetic_customer_005,cabinet_005,2026-09-03 09:10:00+00:00,0,0,0,0,True,True,False,23.973670586635066,-48.12493721467593,2.942198433189591,3.9843334408628,0.0,0.014884967330131161,0.0,on,connected,True,synthetic_device_spec_v11
synthetic_customer_005,cabinet_005,2026-09-03 09:20:00+00:00,0,0,0,0,True,True,False,23.92699472171638,-48.150557579960875,3.0619342767321083,3.9860864899236215,0.6923940693868915,0.0,0.009813796429309775,on,connected,True,synthetic_device_spec_v11
synthetic_customer_005,cabinet_005,2026-09-03 09:30:00+00:00,0,0,0,0,True,True,False,23.914533476270822,-48.184861268840606,3.022738654031248,4.013962886522304,0.996221876437618,0.0,0.013021589921163949,on,connected,True,synthetic_device_spec_v11
synthetic_customer_005,cabinet_005,2026-09-03 09:40:00+00:00,0,0,0,0,True,True,False,23.902533452891046,-48.63065283682779,2.973439951654109,4.007364768242634,0.44138697169976104,0.0,0.0,on,connected,True,synthetic_device_spec_v11
synthetic_customer_005,cabinet_005,2026-09-03 09:50:00+00:00,0,0,0,0,True,True,False,23.81065483861875,-48.93151277042972,3.01018641203273,4.137288523656403,0.0,0.04045983795593244,0.03167097294731576,on,connected,True,synthetic_device_spec_v11
synthetic_customer_005,cabinet_005,2026-09-03 10:00:00+00:00,0,0,0,0,True,True,False,24.24651622194372,-49.15842244380455,3.110235589853142,4.461471349921607,0.0998491016843958,0.0,0.02261817087446341,on,connected,True,synthetic_device_spec_v11
synthetic_customer_005,cabinet_005,2026-09-03 10:10:00+00:00,0,0,0,0,True,True,False,23.967147401948296,-48.43409981480607,3.02573246124858,4.775817419335594,0.4010521026425455,0.020901301899813277,0.1034588409107088,on,connected,True,synthetic_device_spec_v11
synthetic_customer_005,cabinet_005,2026-09-03 10:20:00+00:00,0,0,0,0,True,True,False,24.13576383737843,-46.406900358615104,3.016259864164619,5.088716992494295,0.47681767640404676,0.011102422524675613,0.11518652275937032,on,connected,True,synthetic_device_spec_v11
synthetic_customer_005,cabinet_005,2026-09-03 10:30:00+00:00,0,0,0,0,True,True,False,23.980710030941697,-46.40128021957888,3.0494079287692744,5.558970218709389,0.0,0.004935100747887666,0.22297632511031779,on,connected,True,synthetic_device_spec_v11
synthetic_customer_005,cabinet_005,2026-09-03 10:40:00+00:00,0,0,0,0,True,True,False,23.960247246608958,-47.885396335142076,3.0432782953479185,5.710295723936414,0.0,0.0,0.255941849749712,on,connected,True,synthetic_device_spec_v11
synthetic_customer_005,cabinet_005,2026-09-03 10:50:00+00:00,0,0,0,0,True,True,False,23.856369114167915,-47.77359238602632,3.0214145984998684,6.098565111485193,0.0005413200698094248,0.0,0.2875740461955791,on,connected,True,synthetic_device_spec_v11
synthetic_customer_005,cabinet_005,2026-09-03 11:00:00+00:00,0,0,0,0,True,True,False,24.30386622412138,-46.6321989501945,2.9740885673693125,6.389951953929955,0.0,0.011424058618705416,0.2703058096531865,on,connected,True,synthetic_device_spec_v11
synthetic_customer_005,cabinet_005,2026-09-03 11:10:00+00:00,0,0,0,0,True,True,False,23.85008760366553,-46.959101511786784,2.9520336313501523,6.647611836576132,0.6725183316937343,0.008912635930207368,0.3491723575901741,on,connected,True,synthetic_device_spec_v11
synthetic_customer_005,cabinet_005,2026-09-03 11:20:00+00:00,0,0,0,0,True,True,False,23.938872599843382,-49.262086376203555,3.0294552505482484,6.898890505128554,0.3491076952284898,0.0,0.3998347004617478,on,connected,True,synthetic_device_spec_v11
synthetic_customer_005,cabinet_005,2026-09-03 11:30:00+00:00,0,0,0,0,True,True,False,24.002671528375252,-46.829150981826,3.0425221903486634,6.9630410503620075,0.3358747130608006,0.0,0.4166441931347237,on,connected,True,synthetic_device_spec_v11
synthetic_customer_005,cabinet_005,2026-09-03 11:40:00+00:00,0,0,0,0,True,True,False,23.823983957999726,-47.26400247239694,2.9728587643880227,7.099884495765681,0.20372823594932227,0.0,0.40157074261570813,on,connected,True,synthetic_device_spec_v11
synthetic_customer_005,cabinet_005,2026-09-03 11:50:00+00:00,0,0,0,0,True,True,False,24.20207607432527,-48.70677485064818,3.0362971145628737,6.979803006368897,0.0,0.0,0.424315657981371,on,connected,True,synthetic_device_spec_v11
synthetic_customer_005,cabinet_005,2026-09-03 12:00:00+00:00,0,0,0,0,True,True,False,23.90610621242854,-46.49161620748901,2.9625116647204783,7.0615145590113775,0.5485482353388736,0.014912029349816997,0.36433074215112127,on,connected,True,synthetic_device_spec_v11
synthetic_customer_005,cabinet_005,2026-09-03 12:10:00+00:00,0,1,1,0,True,True,False,23.83984097931966,-49.03927670013205,2.9960599531009318,6.935173695482841,0.0,0.017610970908481034,0.35100460469034417,on,connected,True,synthetic_device_spec_v11
synthetic_customer_005,cabinet_005,2026-09-03 12:20:00+00:00,0,1,1,0,True,True,False,24.04600281183811,-47.432085004582554,3.015635560344276,6.956298769085319,0.0,0.05864373582789663,0.3973997671413405,on,connected,True,synthetic_device_spec_v11
synthetic_customer_005,cabinet_005,2026-09-03 12:30:00+00:00,0,1,1,0,True,True,False,23.907020814605623,-48.35550760392472,2.9594521404713046,7.092609914833921,0.0,0.0,0.365981169055982,on,connected,True,synthetic_device_spec_v11
synthetic_customer_005,cabinet_005,2026-09-03 12:40:00+00:00,0,0,0,0,True,True,False,23.929340899453283,-48.091929465290114,2.9246903258632235,3.950481517492398,0.2367765888260463,0.0,0.028184411960161547,on,connected,True,synthetic_device_spec_v11
synthetic_customer_005,cabinet_005,2026-09-03 12:50:00+00:00,0,0,0,0,True,True,False,23.901047603986186,-50.591489828823946,3.0007550923308908,3.9952105682059678,0.0,0.011967676198604222,0.008135718251316138,on,connected,True,synthetic_device_spec_v11
synthetic_customer_005,cabinet_005,2026-09-03 13:00:00+00:00,0,0,0,0,True,True,False,23.918054137224285,-49.293323139392136,3.029551180064881,3.9943855524724317,0.0,0.0,0.0,on,connected,True,synthetic_device_spec_v11
synthetic_customer_005,cabinet_005,2026-09-03 13:10:00+00:00,0,0,0,0,True,True,False,23.84462879456031,-47.71408272480286,2.9521020050590265,4.029746155637788,0.0,0.0,0.0,on,connected,True,synthetic_device_spec_v11
synthetic_customer_005,cabinet_005,2026-09-03 13:20:00+00:00,0,0,0,0,True,True,False,24.101776317871316,-46.29109732140203,3.1063499023103116,4.01789388706424,0.1944365018406676,0.0,0.0,on,connected,True,synthetic_device_spec_v11
synthetic_customer_005,cabinet_005,2026-09-03 13:30:00+00:00,0,0,0,0,True,True,False,23.9331572611387,-49.19871123981071,2.946543021915475,3.8476179579871164,0.9320062012577258,0.0,0.03761622521438444,on,connected,True,synthetic_device_spec_v11
synthetic_customer_005,cabinet_005,2026-09-03 13:40:00+00:00,0,0,0,0,True,True,False,24.16908258430259,-49.038795486530695,2.8717324739708947,3.9969876716270134,0.887229939169789,0.0,0.02321033629757211,on,connected,True,synthetic_device_spec_v11
synthetic_customer_005,cabinet_005,2026-09-03 13:50:00+00:00,0,0,0,0,True,True,False,24.125442103968428,-48.3466298566666,2.9694640222715134,3.957585444593274,0.0,0.0,0.0,on,connected,True,synthetic_device_spec_v11
synthetic_customer_005,cabinet_005,2026-09-03 14:00:00+00:00,0,0,0,0,True,True,False,24.053760551499035,-49.64976538725738,2.967611499744088,4.020981068062949,0.0,0.0,0.024762729801889746,on,connected,True,synthetic_device_spec_v11
synthetic_customer_005,cabinet_005,2026-09-03 14:10:00+00:00,0,0,0,0,True,True,False,23.996622246703915,-48.95652826240494,2.9839434176923754,3.9656917677348678,0.4623502691819404,0.01416042525864874,0.0,on,connected,True,synthetic_device_spec_v11
synthetic_customer_005,cabinet_005,2026-09-03 14:20:00+00:00,0,0,0,0,True,True,False,24.122815624969487,-48.865923867815006,3.0629427795767317,3.986571930791365,0.0,0.008255782094872672,0.0,on,connected,True,synthetic_device_spec_v11
synthetic_customer_005,cabinet_005,2026-09-03 14:30:00+00:00,0,0,0,0,True,True,False,23.924977531195353,-47.20684673267105,2.965794631636903,4.0284652221782915,0.0,0.006042402426314816,0.013789070537378614,on,connected,True,synthetic_device_spec_v11
synthetic_customer_005,cabinet_005,2026-09-03 14:40:00+00:00,0,0,0,0,True,True,False,23.912855973288472,-49.54489972556381,3.0429013609599025,4.0449722557411185,0.0,0.00506334286504985,0.0,on,connected,True,synthetic_device_spec_v11
synthetic_customer_005,cabinet_005,2026-09-03 14:50:00+00:00,0,0,0,0,True,True,False,24.089338388045476,-49.04658468844793,2.992295822762568,4.091826782595168,0.4200322326682512,0.024787396877316945,0.014446563998824413,on,connected,True,synthetic_device_spec_v11
synthetic_customer_005,cabinet_005,2026-09-03 15:00:00+00:00,0,0,0,0,True,True,False,23.957560225903364,-47.73348576995839,2.9260908371734065,3.7894445329204447,0.0,0.002158209357706859,0.0118712863625249,on,connected,True,synthetic_device_spec_v11
synthetic_customer_005,cabinet_005,2026-09-03 15:10:00+00:00,0,0,0,0,True,True,False,23.975373629638334,-47.88356220662683,2.9484198291122192,3.8612384540043156,0.010269228158850731,0.01640432513472156,0.00467180911603331,on,connected,True,synthetic_device_spec_v11
synthetic_customer_005,cabinet_005,2026-09-03 15:20:00+00:00,0,0,0,0,True,True,False,23.811547362499148,-46.730612203164725,2.9471968867711413,3.93649157498502,0.0,0.0041949862219300025,0.0,on,connected,True,synthetic_device_spec_v11
synthetic_customer_005,cabinet_005,2026-09-03 15:30:00+00:00,0,0,0,0,True,True,False,23.78201293300933,-49.66083135665225,3.0537738405342494,3.925628566499848,0.0,0.05094037272561447,0.0038932770014246314,on,connected,True,synthetic_device_spec_v11
synthetic_customer_005,cabinet_005,2026-09-03 15:40:00+00:00,0,0,0,0,True,True,False,23.980019071375875,-53.386496574932316,2.991529284789639,4.0966827806182256,0.0,0.07067006321613017,0.014063841452344732,on,connected,True,synthetic_device_spec_v11
synthetic_customer_005,cabinet_005,2026-09-03 15:50:00+00:00,0,0,0,0,True,True,False,23.993328317493653,-52.416004421652374,2.9582706510577763,3.966326421168744,0.5634581341007311,0.04147953125977211,0.0,on,connected,True,synthetic_device_spec_v11
synthetic_customer_005,cabinet_005,2026-09-03 16:00:00+00:00,0,0,0,0,True,True,False,24.126004421038697,-55.28735159085563,2.995601706198307,3.996111852214239,0.825851546127627,0.14025732914502512,0.0031898099679823757,on,connected,True,synthetic_device_spec_v11
synthetic_customer_005,cabinet_005,2026-09-03 16:10:00+00:00,0,0,0,0,True,True,False,24.02809288960285,-58.88968695253176,2.9758490212807187,3.9908246571014647,0.0,0.14790578618099637,0.0,on,connected,True,synthetic_device_spec_v11
synthetic_customer_005,cabinet_005,2026-09-03 16:20:00+00:00,0,0,0,0,True,True,False,24.12022177284219,-57.77207261896007,2.8897526736461066,4.070794354555239,0.0,0.18423993921098147,0.0,on,connected,True,synthetic_device_spec_v11
synthetic_customer_005,cabinet_005,2026-09-03 16:30:00+00:00,0,0,0,0,True,True,False,23.96444444266472,-61.81918061919892,3.0325458345803367,3.952668182118465,0.0,0.22399325759656785,0.0,on,connected,True,synthetic_device_spec_v11
synthetic_customer_005,cabinet_005,2026-09-03 16:40:00+00:00,0,0,0,0,True,True,False,24.160104586099628,-61.73295656610352,3.0267303441005713,3.9357771479421926,0.1560001247319459,0.2515629187354624,0.0,on,connected,True,synthetic_device_spec_v11
synthetic_customer_005,cabinet_005,2026-09-03 16:50:00+00:00,0,0,0,0,True,True,False,24.056207024722212,-65.42447706846227,3.0300905904945656,4.002333862032343,0.0,0.28890317862155,0.006146037307418335,on,connected,True,synthetic_device_spec_v11
synthetic_customer_005,cabinet_005,2026-09-03 17:00:00+00:00,0,0,0,0,True,True,False,23.896612382510387,-65.76696442853697,3.0022412929767435,3.975970716705574,0.4406293461120838,0.32347026311545546,0.01966858086508036,on,connected,True,synthetic_device_spec_v11
synthetic_customer_005,cabinet_005,2026-09-03 17:10:00+00:00,0,0,0,0,True,True,False,23.602727439104843,-67.66327041722973,2.9326843724771647,3.969695122612616,0.0,0.28777358431124467,0.0,on,connected,True,synthetic_device_spec_v11
synthetic_customer_005,cabinet_005,2026-09-03 17:20:00+00:00,0,0,0,0,True,True,False,23.98901163854298,-69.96624425141562,2.986439654819406,3.987833448414104,0.7692485491621278,0.3448619716458804,0.0,on,connected,True,synthetic_device_spec_v11
synthetic_customer_005,cabinet_005,2026-09-03 17:30:00+00:00,0,0,0,0,True,True,False,24.045104920088846,-70.51228184865435,3.1429802672125806,4.0999623501808395,0.5365931123418667,0.4287434315104517,0.00014932409784399175,on,connected,True,synthetic_device_spec_v11
synthetic_customer_005,cabinet_005,2026-09-03 17:40:00+00:00,0,0,0,0,True,True,False,24.185392256384098,-71.57014315605704,2.965328989767937,4.009066951815552,1.441480397766097,0.43858318193962753,0.03516604513300269,on,connected,True,synthetic_device_spec_v11
synthetic_customer_005,cabinet_005,2026-09-03 17:50:00+00:00,0,0,0,0,True,True,False,23.8436646752629,-76.16309604811042,3.0977056904212117,4.0142367433673565,2.3047061222514653,0.41993943734743744,0.0,on,connected,True,synthetic_device_spec_v11
synthetic_customer_005,cabinet_005,2026-09-03 18:00:00+00:00,0,0,0,0,True,True,False,23.86759941448681,-75.31249374591954,3.005323392286985,4.040156698488292,3.703753729890204,0.5511832805536919,0.0,on,connected,True,synthetic_device_spec_v11
synthetic_customer_005,cabinet_005,2026-09-03 18:10:00+00:00,1,1,1,1,True,True,False,23.973918954272577,-77.48009357548285,3.093329498686913,4.090888093767459,4.0627531759885,0.5887895057433961,0.031687999054143816,on,connected,True,synthetic_device_spec_v11
synthetic_customer_005,cabinet_005,2026-09-03 18:20:00+00:00,1,1,1,1,True,True,False,24.062630454508184,-81.9117318783443,2.9689292267017877,4.092327753705151,6.116022483486824,0.543316576701922,0.009661486584219087,on,connected,True,synthetic_device_spec_v11
synthetic_customer_005,cabinet_005,2026-09-03 18:30:00+00:00,1,1,1,1,True,True,False,23.944207630843653,-81.14394218461149,3.008497555694594,3.8573412086394345,7.062371422900494,0.5944374038496618,0.019708219713783757,on,connected,True,synthetic_device_spec_v11
synthetic_customer_005,cabinet_005,2026-09-03 18:40:00+00:00,0,0,0,0,True,True,False,23.920848632471554,-83.42251255552561,3.017814591653347,3.9589713442868573,8.253163269164437,0.6450117739845368,0.0,on,connected,True,synthetic_device_spec_v11
synthetic_customer_005,cabinet_005,2026-09-03 19:40:00+00:00,0,0,0,0,True,True,False,21.720745600837567,-48.2016303400665,3.0502197207720645,3.9755376804449973,15.375230712843289,0.012090634502459428,0.0,on,connected,True,synthetic_device_spec_v11
synthetic_customer_005,cabinet_005,2026-09-03 19:50:00+00:00,0,0,0,0,True,True,False,21.267981154328208,-47.97409104782047,2.9509720284455483,4.049055561781073,16.56419813324588,0.0069990431762439595,0.0193269987117272,on,connected,True,synthetic_device_spec_v11
synthetic_customer_005,cabinet_005,2026-09-03 20:00:00+00:00,0,0,0,0,True,True,False,21.02677479660017,-49.132973736867406,2.9943836078327206,4.005513603057995,18.10031866806354,0.0,0.0,on,connected,True,synthetic_device_spec_v11
synthetic_customer_005,cabinet_005,2026-09-03 20:10:00+00:00,0,0,0,0,True,True,False,20.720831570911677,-49.97209072571103,2.9497545289101805,4.016297436799699,19.578387939581418,0.004592063605889153,0.00674395634812744,on,connected,True,synthetic_device_spec_v11
synthetic_customer_005,cabinet_005,2026-09-03 20:20:00+00:00,0,0,0,0,True,True,False,20.118981039964734,-46.47501736357739,3.000062164574146,3.9179411594238465,19.839155964532754,0.0,0.0,on,connected,True,synthetic_device_spec_v11
synthetic_customer_005,cabinet_005,2026-09-03 20:30:00+00:00,0,0,0,0,True,True,False,19.996786172743604,-49.38429655363001,2.893544322264607,3.9995493363694847,22.003073875875177,0.0,0.0,on,connected,True,synthetic_device_spec_v11
synthetic_customer_005,cabinet_005,2026-09-03 20:40:00+00:00,0,0,0,0,True,True,False,19.604842755625942,-45.1307042761898,2.994188797182812,3.947323727054195,22.145328842577836,0.0,0.0,on,connected,True,synthetic_device_spec_v11
synthetic_customer_005,cabinet_005,2026-09-03 20:50:00+00:00,0,0,0,0,True,True,False,19.18176118019887,-48.553574964103234,3.0266138608641224,3.9901121274139784,23.510308476407147,0.04095276296366065,0.0,on,connected,True,synthetic_device_spec_v11
synthetic_customer_005,cabinet_005,2026-09-03 21:00:00+00:00,0,0,0,0,True,True,False,18.64301131581867,-48.2808990758749,2.985217515412742,3.9600339618781133,24.23019800482722,0.0,0.0,on,connected,True,synthetic_device_spec_v11
synthetic_customer_005,cabinet_005,2026-09-03 22:00:00+00:00,0,0,0,0,True,True,False,23.877409562138975,-48.177232294104684,2.9916682360551916,4.103312633851445,24.483244907734367,0.012496940140426446,0.0,on,connected,True,synthetic_device_spec_v11
synthetic_customer_005,cabinet_005,2026-09-03 22:10:00+00:00,0,0,0,0,True,True,False,23.85171319902145,-46.41148399462916,2.9581403854392403,4.066023604409195,24.92301024502054,0.016537336696375526,0.0,on,connected,True,synthetic_device_spec_v11
synthetic_customer_005,cabinet_005,2026-09-03 22:20:00+00:00,0,0,0,0,True,True,False,23.913960419825695,-46.974911772395,3.0141837159900984,3.974714609359976,0.1158595264339536,0.028976755819458508,0.0,on,connected,True,synthetic_device_spec_v11
synthetic_customer_005,cabinet_005,2026-09-03 22:30:00+00:00,0,0,0,0,True,True,False,24.003788548523403,-48.71662727786208,3.039088467372209,4.051589124528509,0.1969163755223941,0.0,0.0,on,connected,True,synthetic_device_spec_v11
synthetic_customer_005,cabinet_005,2026-09-03 22:40:00+00:00,0,0,0,0,True,True,False,24.019389178399507,-47.51697530618541,2.9737795634073514,4.009815374149177,0.0,0.013492918059847946,0.0,on,connected,True,synthetic_device_spec_v11
synthetic_customer_005,cabinet_005,2026-09-03 22:50:00+00:00,0,0,0,0,True,True,False,23.88818763009062,-48.809270901287356,3.005663567132473,3.993085697228139,0.0,0.0,0.0,on,connected,True,synthetic_device_spec_v11
synthetic_customer_005,cabinet_005,2026-09-03 23:00:00+00:00,0,0,0,0,True,True,False,23.99269138599829,-47.208621125674895,2.9340687401842023,4.014448676979525,0.0,0.04235811475650858,0.0,on,connected,True,synthetic_device_spec_v11
synthetic_customer_005,cabinet_005,2026-09-03 23:10:00+00:00,0,0,0,0,True,True,False,24.278991150052406,-49.16725316162601,2.962368471757898,3.9498451417689666,0.0,0.054390825189074614,0.0,on,connected,True,synthetic_device_spec_v11
synthetic_customer_005,cabinet_005,2026-09-03 23:20:00+00:00,0,0,0,0,True,True,False,24.212777304894523,-46.232855587646604,3.009345593141264,3.995509924267595,0.14347701376029695,0.01618057394194061,0.005710112926819979,on,connected,True,synthetic_device_spec_v11
synthetic_customer_005,cabinet_005,2026-09-03 23:30:00+00:00,0,0,0,0,True,True,False,24.120897407489235,-46.406323925028794,3.017860407037544,3.851712735565752,0.0,0.0,0.01219405014126331,on,connected,True,synthetic_device_spec_v11
synthetic_customer_005,cabinet_005,2026-09-03 23:40:00+00:00,0,0,0,0,True,True,False,24.007074042145163,-47.168917923849435,3.0623296735010705,3.9054143494746594,0.1318467769307488,0.0026355229133720286,0.0,on,connected,True,synthetic_device_spec_v11
synthetic_customer_005,cabinet_005,2026-09-03 23:50:00+00:00,0,0,0,0,True,True,False,23.803859288484023,-47.06810105321342,3.0047302996643968,3.9707190367810616,0.09025256027430918,0.006098314954299141,0.023034583039812522,on,connected,True,synthetic_device_spec_v11
synthetic_customer_005,cabinet_005,2026-09-04 00:00:00+00:00,0,0,0,0,True,True,False,23.94234611805855,-48.41784114743615,3.1045874249372396,4.060139695891061,0.04303587764413823,0.0,0.015713231299888147,on,connected,True,synthetic_device_spec_v11
synthetic_customer_005,cabinet_005,2026-09-04 00:10:00+00:00,1,1,1,1,True,True,False,23.962902223788323,-46.84457155166838,3.0374748339295,4.060259614069468,0.034015130251736525,0.009799738534995321,0.02429473924082183,on,connected,True,synthetic_device_spec_v11
synthetic_customer_005,cabinet_005,2026-09-04 00:20:00+00:00,1,1,1,1,True,True,False,23.90499425937701,-48.27513217400934,3.0442399340061206,3.999649152096491,0.0,0.008002043276607028,0.00788232425838481,on,connected,True,synthetic_device_spec_v11
synthetic_customer_005,cabinet_005,2026-09-04 00:30:00+00:00,1,1,1,1,True,True,False,24.016539755305082,-48.217831813090946,3.026293593811417,3.9607414207070426,0.0,0.011939348706535602,0.009388443496809092,on,connected,True,synthetic_device_spec_v11
synthetic_customer_005,cabinet_005,2026-09-04 00:40:00+00:00,0,0,0,0,True,True,False,24.206584469148943,-47.52699285838974,3.0295777312674215,4.096317940003872,0.9951617911279534,0.01320546800499757,0.0,on,connected,True,synthetic_device_spec_v11
synthetic_customer_005,cabinet_005,2026-09-04 00:50:00+00:00,0,0,0,0,True,True,False,23.766884265952527,-46.18869583695829,3.02784248084304,3.9209673362095607,0.17634708762178755,0.00352546615115692,0.020295502776541647,on,connected,True,synthetic_device_spec_v11
synthetic_customer_005,cabinet_005,2026-09-04 01:00:00+00:00,0,0,0,0,True,True,False,24.135490694922687,-46.91101182932255,3.0686397502252123,3.96983508988537,0.0,0.02111437962467543,0.008467163655894661,on,connected,True,synthetic_device_spec_v11
synthetic_customer_005,cabinet_005,2026-09-04 01:10:00+00:00,0,0,0,0,True,True,False,24.08769037596815,-47.21677222103043,3.0379487422878806,4.0771964377215895,0.44429966320883135,0.0,0.0030330366060364244,on,connected,True,synthetic_device_spec_v11
synthetic_customer_005,cabinet_005,2026-09-04 01:20:00+00:00,0,0,0,0,True,True,False,23.980239045056198,-47.777137780586884,3.0006809745257494,3.9070392375866554,0.0,0.012232835771152518,0.017932413753584266,on,connected,True,synthetic_device_spec_v11
synthetic_customer_005,cabinet_005,2026-09-04 01:30:00+00:00,0,0,0,0,True,True,False,24.053042268591586,-46.397856921331005,3.0364510601151706,4.033106519987813,0.5812186935764942,0.020126990240143167,0.015230012396517442,on,connected,True,synthetic_device_spec_v11
synthetic_customer_005,cabinet_005,2026-09-04 01:40:00+00:00,0,0,0,0,True,True,False,24.181603595463976,-48.31116524831902,3.0020877423416508,3.919357332523497,1.0041046351401686,0.012127343625651238,0.0,on,connected,True,synthetic_device_spec_v11
synthetic_customer_005,cabinet_005,2026-09-04 01:50:00+00:00,0,0,0,0,True,True,False,24.221332420482238,-47.93722557050685,2.94944812023764,4.021657478039652,0.0,0.03549848595981161,0.0,on,connected,True,synthetic_device_spec_v11
synthetic_customer_005,cabinet_005,2026-09-04 02:00:00+00:00,0,0,0,0,True,True,False,24.09043332425549,-46.4818057828808,3.0425298357857007,4.057815204468255,0.38783976538877957,0.03929574080798351,0.01948698901115176,on,connected,True,synthetic_device_spec_v11
synthetic_customer_005,cabinet_005,2026-09-04 02:10:00+00:00,0,0,0,0,True,True,False,24.04356650786155,-47.50061159262114,2.97326803477589,3.8890910428774896,0.05475013083818168,0.0,0.009169531149579718,on,connected,True,synthetic_device_spec_v11
synthetic_customer_005,cabinet_005,2026-09-04 02:20:00+00:00,0,0,0,0,True,True,False,23.951114570865133,-47.070802322867785,2.98107372647725,3.8937252030368548,0.0,0.0,0.017142600262476746,on,connected,True,synthetic_device_spec_v11
synthetic_customer_005,cabinet_005,2026-09-04 02:30:00+00:00,0,0,0,0,True,True,False,23.752615898229827,-48.72799649044246,2.922159187710798,4.148482379708398,0.0,0.007362948272751614,0.0,on,connected,True,synthetic_device_spec_v11
synthetic_customer_005,cabinet_005,2026-09-04 02:40:00+00:00,0,0,0,0,True,True,False,23.877322816703494,-49.339109206289095,2.9474504979789526,3.9691132484645637,0.04442109154286026,0.03250912795681259,0.0,on,connected,True,synthetic_device_spec_v11
synthetic_customer_005,cabinet_005,2026-09-04 02:50:00+00:00,0,0,0,0,True,True,False,23.914169032103153,-48.04031219200118,3.009170148116458,3.9445533297285706,0.0,0.043886483218062565,0.0,on,connected,True,synthetic_device_spec_v11
synthetic_customer_005,cabinet_005,2026-09-04 03:00:00+00:00,0,0,0,0,True,True,False,23.919668522943184,-48.94086072761636,2.9715713165926925,3.900991884871358,0.0,0.0,0.007178518553620633,on,connected,True,synthetic_device_spec_v11
synthetic_customer_005,cabinet_005,2026-09-04 03:10:00+00:00,0,0,0,0,True,True,False,23.996408335009093,-46.7708852479638,2.9120948454717017,4.135996797945492,0.298643496439192,0.0,0.017669119301189976,on,connected,True,synthetic_device_spec_v11
synthetic_customer_005,cabinet_005,2026-09-04 03:20:00+00:00,0,0,0,0,True,True,False,24.10827830102245,-47.0094334211841,2.823842361134809,4.094516741550141,0.0,0.0,0.0,on,connected,True,synthetic_device_spec_v11
synthetic_customer_005,cabinet_005,2026-09-04 03:30:00+00:00,0,0,0,0,True,True,False,24.057849738995593,-49.817419837677726,2.925841491902446,4.0184755689581495,0.0,0.0,0.01023174717694931,on,connected,True,synthetic_device_spec_v11
synthetic_customer_005,cabinet_005,2026-09-04 03:40:00+00:00,0,0,0,0,True,True,False,23.67187025175331,-48.74167482243332,2.8633391939520703,4.039000629966432,0.0,0.0,0.0065105164421704696,on,connected,True,synthetic_device_spec_v11
synthetic_customer_005,cabinet_005,2026-09-04 03:50:00+00:00,0,0,0,0,True,True,False,23.892830968622935,-47.92476528787695,2.7901854164295283,3.9772623802908655,0.0,0.014101434108055734,0.011151475173999956,on,connected,True,synthetic_device_spec_v11
synthetic_customer_005,cabinet_005,2026-09-04 04:00:00+00:00,0,0,0,0,True,True,False,24.04670001032338,-48.883317019056825,2.7586994839753265,3.9003209955028226,0.5625132406861184,0.0,0.004660533773032705,on,connected,True,synthetic_device_spec_v11
synthetic_customer_005,cabinet_005,2026-09-04 04:10:00+00:00,0,0,0,0,True,True,False,23.818896167497453,-48.07221860156694,2.7508447043821334,3.9906566858556816,0.0,0.0,0.0,on,connected,True,synthetic_device_spec_v11
synthetic_customer_005,cabinet_005,2026-09-04 04:20:00+00:00,0,0,0,0,True,True,False,23.696090315887766,-45.166047735848345,2.671776353967577,3.986821039644093,0.16382055697550732,0.0,0.0,on,connected,True,synthetic_device_spec_v11
synthetic_customer_005,cabinet_005,2026-09-04 04:30:00+00:00,0,0,0,0,True,True,False,23.96667099158968,-47.72362498597254,2.6782867561921933,3.935658227815243,0.12647493255159567,0.03760295100632678,0.0,on,connected,True,synthetic_device_spec_v11
synthetic_customer_005,cabinet_005,2026-09-04 04:40:00+00:00,0,0,0,0,True,True,False,24.02054678143061,-47.709640897537945,2.549243534976416,3.953088417002463,0.3855657020939848,0.0,0.00045230657616276916,on,connected,True,synthetic_device_spec_v11
synthetic_customer_005,cabinet_005,2026-09-04 04:50:00+00:00,0,0,0,0,True,True,False,23.89918802584208,-48.869836813797605,2.5305493482323276,4.017629982832631,0.0,0.0,0.016618916384978345,on,connected,True,synthetic_device_spec_v11
synthetic_customer_005,cabinet_005,2026-09-04 05:00:00+00:00,0,0,0,0,True,True,False,23.818337857304183,-46.53201568954722,2.5030490236497407,4.142962901836752,0.0,0.00916976448999033,0.0,on,connected,True,synthetic_device_spec_v11
synthetic_customer_005,cabinet_005,2026-09-04 05:10:00+00:00,0,0,0,0,True,True,False,23.911965161955013,-48.20667078549372,2.413180764361095,3.987830003700644,0.03572614889964598,0.07011315290259666,0.0,on,connected,True,synthetic_device_spec_v11
synthetic_customer_005,cabinet_005,2026-09-04 05:20:00+00:00,0,0,0,0,True,True,False,24.114901929173026,-46.82685040287496,2.478538489720107,4.028131538440581,0.0,0.0,0.0,on,connected,True,synthetic_device_spec_v11
synthetic_customer_005,cabinet_005,2026-09-04 05:30:00+00:00,0,0,0,0,True,True,False,23.9391696723365,-48.17795877821709,2.3877027484267965,4.119870763894878,0.2412490615985991,0.0,0.0,on,connected,True,synthetic_device_spec_v11
synthetic_customer_005,cabinet_005,2026-09-04 05:40:00+00:00,0,0,0,0,True,True,False,23.981292359003334,-48.71558567887894,2.3780668489691887,3.955380865308377,0.0,0.026274701503967875,0.0167751147111336,on,connected,True,synthetic_device_spec_v11
synthetic_customer_005,cabinet_005,2026-09-04 05:50:00+00:00,0,0,0,0,True,True,False,23.96687816725044,-49.25660027454755,2.3301827185651742,4.04334753223363,0.665415057301699,0.0,0.0,on,connected,True,synthetic_device_spec_v11
synthetic_customer_005,cabinet_005,2026-09-04 06:00:00+00:00,0,0,0,0,True,True,False,23.942735417294415,-47.90114266854987,2.2454158038114826,3.9195145381950507,0.11438870913940835,0.0,0.0,on,connected,True,synthetic_device_spec_v11
synthetic_customer_005,cabinet_005,2026-09-04 06:10:00+00:00,1,1,1,1,True,True,False,24.122345370155074,-49.776740355583904,2.1638506103504715,3.954201438555988,0.0,0.0,0.0,on,connected,True,synthetic_device_spec_v11
synthetic_customer_005,cabinet_005,2026-09-04 06:20:00+00:00,1,1,1,1,True,True,False,23.926260303449386,-47.37272450339149,2.244299129593024,3.880274078930666,0.0,0.0,0.0,on,connected,True,synthetic_device_spec_v11
synthetic_customer_005,cabinet_005,2026-09-04 06:30:00+00:00,1,1,1,1,True,True,False,23.658871000469752,-46.670471385353096,2.2857155416718133,4.007553815048083,0.12853096191694352,0.0,0.01409209096960992,on,connected,True,synthetic_device_spec_v11
synthetic_customer_005,cabinet_005,2026-09-04 06:40:00+00:00,0,0,0,0,True,True,False,24.156329131137955,-47.70658657344355,2.2375460735588346,3.990486293982877,0.0,0.0,0.0,on,connected,True,synthetic_device_spec_v11
synthetic_customer_005,cabinet_005,2026-09-04 06:50:00+00:00,0,0,0,0,True,True,False,23.966565183385132,-47.9824205042747,2.238652949069197,4.070748274671796,0.0,0.0,0.017799258410542484,on,connected,True,synthetic_device_spec_v11
synthetic_customer_005,cabinet_005,2026-09-04 07:00:00+00:00,0,0,0,0,True,True,False,23.84984933076888,-46.88972304733316,2.185072262240769,4.001906243674357,0.3671124821898265,0.0,0.0,on,connected,True,synthetic_device_spec_v11
synthetic_customer_005,cabinet_005,2026-09-04 07:10:00+00:00,0,0,0,0,True,True,False,23.828188991988842,-48.66404138176127,2.243890625509166,4.06344694616245,0.35783624413933734,0.0,0.004490016805030802,on,connected,True,synthetic_device_spec_v11
synthetic_customer_005,cabinet_005,2026-09-04 07:20:00+00:00,0,0,0,0,True,True,False,24.162788547469752,-47.61545999035626,2.177080615840626,4.086961957388364,0.4858357194098752,0.0,0.004932231072056314,on,connected,True,synthetic_device_spec_v11
synthetic_customer_005,cabinet_005,2026-09-04 07:30:00+00:00,0,0,0,0,True,True,False,24.020955541632436,-47.22832377612326,2.180231748140087,4.009423409613596,0.1003929849425664,0.0527770148383031,0.027987958336680562,on,connected,True,synthetic_device_spec_v11
synthetic_customer_005,cabinet_005,2026-09-04 07:40:00+00:00,0,0,0,0,True,True,False,23.858085960972698,-48.600694796176285,2.1623617299244895,4.0005365933629955,0.0,0.03236120398687958,0.0,on,connected,True,synthetic_device_spec_v11
synthetic_customer_005,cabinet_005,2026-09-04 07:50:00+00:00,0,0,0,0,True,True,False,23.958941890938803,-48.721099726747205,3.0113157863534536,3.956668624744319,0.4828358956393182,0.008021862668024729,0.0,on,connected,True,synthetic_device_spec_v11
synthetic_customer_005,cabinet_005,2026-09-04 08:00:00+00:00,0,0,0,0,True,True,False,23.84167533189354,-47.464727647477915,3.0105817569325155,3.9890811952438794,0.0,0.0,0.010847176896242271,on,connected,True,synthetic_device_spec_v11
synthetic_customer_005,cabinet_005,2026-09-04 08:10:00+00:00,0,0,0,0,True,True,False,23.878024637507302,-46.29536764722967,2.9801653532741224,3.9627302864510443,0.33515725641676664,0.01267191888735237,0.0065110184093172445,on,connected,True,synthetic_device_spec_v11
synthetic_customer_005,cabinet_005,2026-09-04 08:20:00+00:00,0,0,0,0,True,True,False,23.870577932439083,-45.536571715020436,2.9266483812077646,4.002246145703304,0.6426527003829849,0.0,0.0,on,connected,True,synthetic_device_spec_v11
synthetic_customer_005,cabinet_005,2026-09-04 08:30:00+00:00,0,0,0,0,True,True,False,24.05023160891974,-47.9659129499671,2.923432276049053,4.130917387250317,0.20864567873108944,0.023891318323863597,0.0,on,connected,True,synthetic_device_spec_v11
synthetic_customer_005,cabinet_005,2026-09-04 08:40:00+00:00,0,0,0,0,True,True,False,24.39986076199398,-45.512038238806035,2.9852465857631687,4.083217610405872,0.2699760837930931,0.02103944663227662,0.02669239606073407,on,connected,True,synthetic_device_spec_v11
synthetic_customer_005,cabinet_005,2026-09-04 08:50:00+00:00,0,0,0,0,True,True,False,24.01455471520227,-46.93570684014303,2.967844208300559,3.9704242329322117,0.15492789601884746,0.0,0.0,on,connected,True,synthetic_device_spec_v11
synthetic_customer_005,cabinet_005,2026-09-04 09:00:00+00:00,0,0,0,0,True,True,False,24.048552434121166,-46.6900177714738,3.040072399646792,3.939215800985806,0.0,0.024214367520970257,0.0,on,connected,True,synthetic_device_spec_v11
synthetic_customer_005,cabinet_005,2026-09-04 09:10:00+00:00,0,0,0,0,True,True,False,23.91504043329888,-48.69427646715173,2.9947420912541665,4.027654326280563,0.22217739909384462,0.0,0.0,on,connected,True,synthetic_device_spec_v11
synthetic_customer_005,cabinet_005,2026-09-04 09:20:00+00:00,0,0,0,0,True,True,False,24.046589437642602,-47.77489695497162,3.066326600108159,3.7860819738631837,0.19502702304304306,0.022239218456857224,0.0,on,connected,True,synthetic_device_spec_v11
synthetic_customer_005,cabinet_005,2026-09-04 09:30:00+00:00,0,0,0,0,True,True,False,23.83382889376914,-48.60387560510423,2.968129661188067,4.118088788984593,0.1565276311178369,0.021694648023990275,0.0,on,connected,True,synthetic_device_spec_v11
synthetic_customer_005,cabinet_005,2026-09-04 09:40:00+00:00,0,0,0,0,True,True,False,24.192234846457886,-46.30830239622903,3.002997420493528,4.017877823270229,0.0,0.0,0.014992118744702475,on,connected,True,synthetic_device_spec_v11
synthetic_customer_005,cabinet_005,2026-09-04 09:50:00+00:00,0,0,0,0,True,True,False,23.85970414021554,-48.06820419479289,3.0260506108712986,3.9479794812910822,0.35564238071254534,0.0,0.004293150054166233,on,connected,True,synthetic_device_spec_v11
synthetic_customer_005,cabinet_005,2026-09-04 10:00:00+00:00,0,0,0,0,True,True,False,23.96804935627647,-47.93883692808169,3.0038326576331915,4.0192028502169155,0.0,0.02344124058151652,0.0,on,connected,True,synthetic_device_spec_v11
synthetic_customer_005,cabinet_005,2026-09-04 10:10:00+00:00,0,0,0,0,True,True,False,24.032609348994797,-51.03204537429895,2.9770233892939246,3.9713602598110564,0.07152707874264119,0.03580778758807626,0.0,on,connected,True,synthetic_device_spec_v11
synthetic_customer_005,cabinet_005,2026-09-04 10:20:00+00:00,0,0,0,0,True,True,False,23.96907296815338,-49.104080171662424,2.9388051198188627,3.938675116014828,0.0,0.0,0.0,on,connected,True,synthetic_device_spec_v11
synthetic_customer_005,cabinet_005,2026-09-04 10:30:00+00:00,0,0,0,0,True,True,False,24.147421966066712,-47.88622061155752,2.9794612800826674,3.9222053467908067,0.0818435551105107,0.0,0.01863017566721682,on,connected,True,synthetic_device_spec_v11
synthetic_customer_005,cabinet_005,2026-09-04 10:40:00+00:00,0,0,0,0,True,True,False,23.912548513281127,-47.694195858630955,3.0162561100057874,3.9403231565214036,0.0,0.0012898164407938,0.0,on,connected,True,synthetic_device_spec_v11
synthetic_customer_005,cabinet_005,2026-09-04 10:50:00+00:00,0,0,0,0,True,True,False,23.89558550958947,-47.731353139876845,3.047604302311799,4.0219020671352395,0.19545309519802126,0.022318972371941845,0.02846622161307458,on,connected,True,synthetic_device_spec_v11
synthetic_customer_005,cabinet_005,2026-09-04 11:00:00+00:00,0,0,0,0,True,True,False,24.304372179015335,-50.18025135494746,3.016199152978879,4.078584739221278,0.7671033691894611,0.0545050237165473,0.013293966489075397,on,connected,True,synthetic_device_spec_v11
synthetic_customer_005,cabinet_005,2026-09-04 11:10:00+00:00,0,0,0,0,True,True,False,23.888530887751273,-47.138053691863945,2.9442792139406557,4.13217402282391,0.5519808428243533,0.04227419617515528,0.019545936903756177,on,connected,True,synthetic_device_spec_v11
synthetic_customer_005,cabinet_005,2026-09-04 11:20:00+00:00,0,0,0,0,True,True,False,24.000703981885923,-47.890407279287075,3.029858015995844,4.4474979587966725,0.0,0.0,0.024271563299994813,on,connected,True,synthetic_device_spec_v11
synthetic_customer_005,cabinet_005,2026-09-04 11:30:00+00:00,0,0,0,0,True,True,False,24.201860553957303,-47.96870734706763,2.9638467636073518,4.406179900609467,0.0,0.0,0.04738320732503854,on,connected,True,synthetic_device_spec_v11
synthetic_customer_005,cabinet_005,2026-09-04 11:40:00+00:00,0,0,0,0,True,True,False,24.06776622787273,-47.80278126412034,3.0181986890058723,4.67957629491324,0.0,0.0,0.07519652911313612,on,connected,True,synthetic_device_spec_v11
synthetic_customer_005,cabinet_005,2026-09-04 11:50:00+00:00,0,0,0,0,True,True,False,24.036144417222047,-45.80987063802078,2.972827284514255,4.8872645436096604,0.772520200311465,0.0008943248939922842,0.14394420257887933,on,connected,True,synthetic_device_spec_v11
synthetic_customer_005,cabinet_005,2026-09-04 12:00:00+00:00,0,0,0,0,True,True,False,23.974612846193605,-47.7268524111893,2.9498796352917576,4.995116626345067,0.0,0.019728059331868827,0.1686387372011153,on,connected,True,synthetic_device_spec_v11
synthetic_customer_005,cabinet_005,2026-09-04 12:10:00+00:00,1,1,1,1,True,True,False,23.80520835776052,-48.41821070224995,3.0428047838736996,5.207133357334427,0.4249138227065558,0.0,0.1698736775380437,on,connected,True,synthetic_device_spec_v11
synthetic_customer_005,cabinet_005,2026-09-04 12:20:00+00:00,1,1,1,1,True,True,False,24.138523447915777,-46.80917702598414,3.041092371117183,5.350796908410629,0.0,0.0,0.20508808339978274,on,connected,True,synthetic_device_spec_v11
synthetic_customer_005,cabinet_005,2026-09-04 12:30:00+00:00,1,1,1,1,True,True,False,24.016644997557382,-47.68330296220035,2.95954233593331,5.648379280744235,0.0,0.016552258738492514,0.20510690498742293,on,connected,True,synthetic_device_spec_v11
synthetic_customer_005,cabinet_005,2026-09-04 12:40:00+00:00,0,0,0,0,True,True,False,24.08800412114277,-48.7991768051964,2.9025450530035792,5.804781741486332,0.0,0.0,0.22865880014353893,on,connected,True,synthetic_device_spec_v11
synthetic_customer_005,cabinet_005,2026-09-04 12:50:00+00:00,0,0,0,0,True,True,False,24.003318687963006,-49.06535088472549,3.005981896492535,5.928297872410939,0.2203071984279077,0.0,0.2459380108482953,on,connected,True,synthetic_device_spec_v11
synthetic_customer_005,cabinet_005,2026-09-04 13:00:00+00:00,0,0,0,0,True,True,False,23.930665005535108,-48.39243392259321,2.9173615907831763,6.096541005149574,0.2041366634306404,0.016905919663815792,0.28488853126471514,on,connected,True,synthetic_device_spec_v11
synthetic_customer_005,cabinet_005,2026-09-04 13:10:00+00:00,0,0,0,0,True,True,False,23.743124784772874,-46.73178980714421,3.004523453788342,6.328407733319264,0.0,0.0,0.29859643018923676,on,connected,True,synthetic_device_spec_v11
synthetic_customer_005,cabinet_005,2026-09-04 13:20:00+00:00,0,0,0,0,True,True,False,23.674961481442175,-46.506635547267315,2.981304202103119,6.471705063865612,0.5101878643345524,0.0,0.3708504724397381,on,connected,True,synthetic_device_spec_v11
synthetic_customer_005,cabinet_005,2026-09-04 13:30:00+00:00,0,0,0,0,True,True,False,24.005576461286694,-48.6319591812759,2.9778188692376046,6.512035072463379,0.0,0.0,0.3592592508562106,on,connected,True,synthetic_device_spec_v11
synthetic_customer_005,cabinet_005,2026-09-04 13:40:00+00:00,0,0,0,0,True,True,False,24.02796792192808,-47.68638018298858,3.037769052053565,6.83070457650653,0.0,0.0034211873445998717,0.38561702806066767,on,connected,True,synthetic_device_spec_v11
synthetic_customer_005,cabinet_005,2026-09-04 13:50:00+00:00,0,0,0,0,True,True,False,24.064158318736823,-48.49673732291746,2.9775972246427007,6.979876222360897,0.4078816392160849,0.0005861198008995723,0.4103103332627608,on,connected,True,synthetic_device_spec_v11
synthetic_customer_005,cabinet_005,2026-09-04 14:00:00+00:00,0,0,0,0,True,True,False,24.039471959132587,-47.20460841047273,3.0348935351601773,6.945380742714631,0.04983825016974384,0.0,0.3671536344348151,on,connected,True,synthetic_device_spec_v11
synthetic_customer_005,cabinet_005,2026-09-04 14:10:00+00:00,0,0,0,0,True,True,False,24.08575319479886,-47.20831332770021,3.098417424593788,6.990266269811088,0.0,0.0,0.39735602915841955,on,connected,True,synthetic_device_spec_v11
synthetic_customer_005,cabinet_005,2026-09-04 14:20:00+00:00,0,0,0,0,True,True,False,24.074846793934178,-49.74322229034496,2.973912752718155,7.068730765030844,0.0,0.0,0.4002802849231981,on,connected,True,synthetic_device_spec_v11
synthetic_customer_005,cabinet_005,2026-09-04 14:30:00+00:00,0,0,0,0,True,True,False,23.979075440691606,-47.87156712011761,2.980096348339795,6.986796247915173,0.0,0.0,0.3823761304263557,on,connected,True,synthetic_device_spec_v11
synthetic_customer_005,cabinet_005,2026-09-04 14:40:00+00:00,0,0,0,0,True,True,False,23.75770183451243,-47.053176763764874,2.9765036425823057,7.024685421189376,0.0,0.0,0.387273648235376,on,connected,True,synthetic_device_spec_v11
synthetic_customer_005,cabinet_005,2026-09-04 14:50:00+00:00,0,0,0,0,True,True,False,24.20760056092473,-47.284569378723795,3.0185699534199815,7.0023936981098425,0.791044947190653,0.0,0.3995230793789561,on,connected,True,synthetic_device_spec_v11
synthetic_customer_005,cabinet_005,2026-09-04 15:00:00+00:00,0,0,0,0,True,True,False,24.03100076188662,-47.63238144543936,2.93492585600379,3.944670763386093,0.0,0.006673241728080441,0.0007840307394909868,on,connected,True,synthetic_device_spec_v11
synthetic_customer_005,cabinet_005,2026-09-04 15:10:00+00:00,0,0,0,0,True,True,False,24.058453482327803,-47.54180852725516,2.7795718683001427,4.103626877936404,0.1865007546732086,0.0,0.004525584553871248,on,connected,True,synthetic_device_spec_v11
synthetic_customer_005,cabinet_005,2026-09-04 15:20:00+00:00,0,0,0,0,True,True,False,23.891361389955435,-46.291613486126224,2.506219748362707,4.047465554430001,0.2347658904894457,0.04911703152102098,0.010200731815654175,on,connected,True,synthetic_device_spec_v11
synthetic_customer_005,cabinet_005,2026-09-04 15:30:00+00:00,0,0,0,0,True,True,False,24.26927119866845,-49.13587769784045,2.2667372010983144,3.970562490036558,0.4239516210003474,0.0,0.0,on,connected,True,synthetic_device_spec_v11
synthetic_customer_005,cabinet_005,2026-09-04 15:40:00+00:00,0,0,0,0,True,True,False,23.752877181893272,-48.92082617561983,2.1480070326066225,3.943210417604789,0.6312714422592969,0.038567010660902484,0.0,on,connected,True,synthetic_device_spec_v11
synthetic_customer_005,cabinet_005,2026-09-04 15:50:00+00:00,0,0,0,0,True,True,False,23.918760936974664,-49.33493419957596,1.9060116915267074,4.030930314838206,0.0,0.0044760485255045815,0.0,on,connected,True,synthetic_device_spec_v11
synthetic_customer_005,cabinet_005,2026-09-04 16:00:00+00:00,0,0,0,0,True,True,False,23.912989560248562,-48.36377023222873,1.7941722205751562,3.9591617603718956,0.0,0.0,0.016090104157207206,on,connected,True,synthetic_device_spec_v11
synthetic_customer_005,cabinet_005,2026-09-04 16:10:00+00:00,0,0,0,0,True,True,False,23.808313384418675,-48.446483990287355,1.5897379373335756,3.967637189438377,0.0,0.0,0.0,on,connected,True,synthetic_device_spec_v11
synthetic_customer_005,cabinet_005,2026-09-04 16:20:00+00:00,0,0,0,0,True,True,False,23.939372483786265,-47.95100560860574,1.408015590979989,4.05550491981107,0.2281458779996822,0.0,0.0002571796986941773,on,connected,True,synthetic_device_spec_v11
synthetic_customer_005,cabinet_005,2026-09-04 16:30:00+00:00,0,0,0,0,True,True,False,24.023640167024556,-47.15474238172302,1.185535175709275,4.0028269537092855,0.2413953363428722,0.0,0.0,on,connected,True,synthetic_device_spec_v11
synthetic_customer_005,cabinet_005,2026-09-04 16:40:00+00:00,0,0,0,0,True,True,False,23.990359420203546,-49.218159231214635,0.9943953185843165,4.039061495847611,0.4048895037181443,0.0,0.0,on,connected,True,synthetic_device_spec_v11
synthetic_customer_005,cabinet_005,2026-09-04 16:50:00+00:00,0,0,0,0,True,True,False,23.932156439988628,-51.40427490974478,1.0192995192427812,4.0888736383400435,0.3499801372469539,0.012553234831627083,0.001532411427443552,on,connected,True,synthetic_device_spec_v11
synthetic_customer_005,cabinet_005,2026-09-04 17:00:00+00:00,0,0,0,0,True,True,False,23.858766957286164,-52.375162890834424,1.039155563881216,3.960045747523986,0.0,0.06677575425690767,0.0,on,connected,True,synthetic_device_spec_v11
synthetic_customer_005,cabinet_005,2026-09-04 17:10:00+00:00,0,0,0,0,True,True,False,23.876656011425077,-53.56451069743416,0.9412240577703214,3.9498744356794773,0.0,0.10735819858223451,0.0,on,connected,True,synthetic_device_spec_v11
synthetic_customer_005,cabinet_005,2026-09-04 17:20:00+00:00,0,0,0,0,True,True,False,23.971757455930522,-55.73061079707014,1.0152821602195434,4.053150947547722,0.0,0.1838445381804648,0.033916161829928786,on,connected,True,synthetic_device_spec_v11
synthetic_customer_005,cabinet_005,2026-09-04 17:30:00+00:00,0,0,0,0,True,True,False,24.127027953665188,-56.99801240421932,2.9422817300924216,3.9370326531932442,0.0,0.17301001856305015,0.0,on,connected,True,synthetic_device_spec_v11
synthetic_customer_005,cabinet_005,2026-09-04 17:40:00+00:00,0,0,0,0,True,True,False,23.93025475490647,-60.755226769853884,3.0127618223989803,3.8843120975429644,0.0,0.20469447655727008,0.0,on,connected,True,synthetic_device_spec_v11
synthetic_customer_005,cabinet_005,2026-09-04 17:50:00+00:00,0,0,0,0,True,True,False,23.972660990914225,-60.99323533955281,3.066094764494147,4.060035719526395,0.5829212560967213,0.22608296995322033,0.0,on,connected,True,synthetic_device_spec_v11
synthetic_customer_005,cabinet_005,2026-09-04 18:00:00+00:00,0,0,0,0,True,True,False,23.81084091805504,-62.9949888956151,2.923514613900422,3.977398053562529,0.0,0.2524617797143425,0.001943369637833342,on,connected,True,synthetic_device_spec_v11
synthetic_customer_005,cabinet_005,2026-09-04 18:10:00+00:00,1,1,1,1,True,True,False,24.35875687403013,-68.4311358515719,3.0593961713722835,4.0266539866408735,0.1255576413774689,0.3113224517333731,0.0,on,connected,True,synthetic_device_spec_v11
synthetic_customer_005,cabinet_005,2026-09-04 18:20:00+00:00,1,1,1,1,True,True,False,23.80176663009227,-68.89658535007834,2.9366442720501773,4.007305919768884,0.26318333037645175,0.37856858278625927,0.01221734087078309,on,connected,True,synthetic_device_spec_v11
synthetic_customer_005,cabinet_005,2026-09-04 18:30:00+00:00,1,1,1,1,True,True,False,24.077526690163246,-72.09186372120556,3.021710728540656,3.9613508675831484,0.0,0.3972487057461821,0.006469193151314337,on,connected,True,synthetic_device_spec_v11
synthetic_customer_005,cabinet_005,2026-09-04 18:40:00+00:00,0,0,0,0,True,True,False,24.251991301536506,-72.47711809729316,2.9810347695219575,3.9038536165612125,0.0,0.46522269106435254,0.01743737447780273,on,connected,True,synthetic_device_spec_v11
synthetic_customer_005,cabinet_005,2026-09-04 18:50:00+00:00,0,0,0,0,True,True,False,24.238874079386402,-74.60962187513839,2.9750596031446546,3.9055625673998575,0.0,0.5417982399918487,0.014911724294811518,on,connected,True,synthetic_device_spec_v11
synthetic_customer_005,cabinet_005,2026-09-04 19:00:00+00:00,0,0,0,0,True,True,False,24.009664475655452,-77.8876984004609,2.9770583533629886,3.9622694863382653,0.0,0.5416544177736025,0.0,on,connected,True,synthetic_device_spec_v11
synthetic_customer_005,cabinet_005,2026-09-04 19:10:00+00:00,0,0,0,0,True,True,False,24.15688082833909,-78.44487432095671,2.973375174000696,4.027486057016234,0.0,0.500840089616637,0.008024078770687148,on,connected,True,synthetic_device_spec_v11
synthetic_customer_005,cabinet_005,2026-09-04 19:20:00+00:00,0,0,0,0,True,True,False,24.038629322581052,-82.02615982944714,3.0107004033995257,4.031995638046533,0.8187825427257716,0.6450450288777225,0.0,on,connected,True,synthetic_device_spec_v11
synthetic_customer_005,cabinet_005,2026-09-04 19:30:00+00:00,0,0,0,0,True,True,False,23.998143064467676,-84.01971420981222,3.0191539212643987,4.028880816909596,0.0,0.6550586898676537,0.024895934832455724,on,connected,True,synthetic_device_spec_v11
synthetic_customer_005,cabinet_005,2026-09-04 21:00:00+00:00,0,0,0,0,True,True,False,24.23650052350543,-47.69593443833612,3.013300093085572,4.010713173380649,0.7487422469340153,0.0,0.0,on,connected,True,synthetic_device_spec_v11
synthetic_customer_005,cabinet_005,2026-09-04 21:10:00+00:00,0,0,0,0,True,True,False,23.854224795583818,-46.4994380149215,3.051200027329862,3.9285716573799383,0.5922273825305833,0.0,0.008055225607695629,on,connected,True,synthetic_device_spec_v11
synthetic_customer_005,cabinet_005,2026-09-04 21:20:00+00:00,0,0,0,0,True,True,False,23.900863884607478,-47.42432961467831,3.038605589212475,3.9953535521932406,0.0,0.0,0.0,on,connected,True,synthetic_device_spec_v11
synthetic_customer_005,cabinet_005,2026-09-04 21:30:00+00:00,0,0,0,0,True,True,False,23.913363901585203,-48.38414334731594,2.933392316789775,4.01733391917442,0.0,0.0192125919641907,0.008608309475933168,on,connected,True,synthetic_device_spec_v11
synthetic_customer_005,cabinet_005,2026-09-04 21:40:00+00:00,0,0,0,0,True,True,False,23.956929637744256,-48.96950576895518,2.966774979053922,4.011545043021987,0.6056499796094469,0.0,0.003132603805156265,on,connected,True,synthetic_device_spec_v11
synthetic_customer_005,cabinet_005,2026-09-04 21:50:00+00:00,0,0,0,0,True,True,False,24.221400176953747,-48.55721143739444,3.0069072466010254,4.012776111080661,0.0,0.034815119556763356,0.0,on,connected,True,synthetic_device_spec_v11
synthetic_customer_005,cabinet_005,2026-09-04 22:00:00+00:00,0,0,0,0,True,True,False,23.88711996150095,-48.557482107267276,2.9937600300589766,3.8469600666737116,0.05427307468821552,0.05235285135597664,0.0,on,connected,True,synthetic_device_spec_v11
synthetic_customer_005,cabinet_005,2026-09-04 22:10:00+00:00,0,0,0,0,True,True,False,24.003372478641467,-47.93227702125117,2.998385752833423,4.016763626667846,0.0,0.0,0.0,on,connected,True,synthetic_device_spec_v11
synthetic_customer_005,cabinet_005,2026-09-04 22:20:00+00:00,0,0,0,0,True,True,False,23.991109752117893,-47.87583083222514,3.0106311987140026,3.942376707024102,0.0,0.005702870261898802,0.012876818546675417,on,connected,True,synthetic_device_spec_v11
synthetic_customer_005,cabinet_005,2026-09-04 22:30:00+00:00,0,0,0,0,True,True,False,23.955520234310825,-47.31650911453256,2.960111443651199,3.997885518152537,0.7339421836316914,0.0,0.03514574223673254,on,connected,True,synthetic_device_spec_v11
synthetic_customer_005,cabinet_005,2026-09-04 22:40:00+00:00,0,0,0,0,True,True,False,24.08088837807207,-48.37911893243547,3.0035025436202916,3.9602430702166,0.5249296477958072,0.01121775748010422,0.0,on,connected,True,synthetic_device_spec_v11
synthetic_customer_005,cabinet_005,2026-09-04 22:50:00+00:00,0,0,0,0,True,True,False,24.066043688128172,-49.5319017841254,2.95275228543505,4.071587927986899,0.6898011660430738,0.010109145742305675,0.009719871483358915,on,connected,True,synthetic_device_spec_v11
synthetic_customer_005,cabinet_005,2026-09-04 23:00:00+00:00,0,0,0,0,True,True,False,24.14378227923901,-49.34317032705241,2.9814220859289673,3.9650287627811287,0.5840790733421254,0.007609431949766116,0.004472280962804318,on,connected,True,synthetic_device_spec_v11
synthetic_customer_005,cabinet_005,2026-09-04 23:10:00+00:00,0,0,0,0,True,True,False,24.261241235040675,-49.1535166282928,3.033997719870461,4.011064064914032,0.047885608698355724,0.0,0.0,on,connected,True,synthetic_device_spec_v11
synthetic_customer_005,cabinet_005,2026-09-04 23:20:00+00:00,0,0,0,0,True,True,False,24.19855710639527,-47.75456108115566,2.95456705505322,3.9281763429434062,0.7692219672468953,0.04584355495465099,0.0,on,connected,True,synthetic_device_spec_v11
synthetic_customer_005,cabinet_005,2026-09-04 23:30:00+00:00,0,0,0,0,True,True,False,24.098929775231337,-46.83790328831802,3.0223763086673947,4.03907026261427,0.6073476449700597,0.000860556426626701,0.005277820046140078,on,connected,True,synthetic_device_spec_v11
synthetic_customer_005,cabinet_005,2026-09-04 23:40:00+00:00,0,0,0,0,True,True,False,23.939517360406615,-47.11685678210674,2.9547210763616802,4.090415480495496,0.8311048091356472,0.03589095287859941,0.011992222754184935,on,connected,True,synthetic_device_spec_v11
synthetic_customer_005,cabinet_005,2026-09-04 23:50:00+00:00,0,0,0,0,True,True,False,23.888226689373933,-49.118762863912885,2.9683177878682407,4.088615514743115,3.8346605584336433,0.0,0.017857042525405237,on,connected,True,synthetic_device_spec_v11
synthetic_customer_005,cabinet_005,2026-09-05 00:00:00+00:00,0,0,0,0,True,True,False,23.87608068006088,-49.12750612577859,2.982914489743124,4.019903661045758,5.838831805518792,0.0,0.016960156883716684,on,connected,True,synthetic_device_spec_v11
synthetic_customer_005,cabinet_005,2026-09-05 00:10:00+00:00,1,1,1,1,True,True,False,23.980652869452086,-48.37970030445856,2.9919956928795903,3.9638679665177143,9.843987224512501,0.030104419001946797,0.008466632742905092,on,connected,True,synthetic_device_spec_v11
synthetic_customer_005,cabinet_005,2026-09-05 00:20:00+00:00,1,1,1,1,True,True,False,23.807324433238502,-46.916573686788084,2.972474808738129,4.095939362127721,9.900635784001583,0.0,0.04761547446402736,on,connected,True,synthetic_device_spec_v11
synthetic_customer_005,cabinet_005,2026-09-05 00:30:00+00:00,1,1,1,1,True,True,False,23.89445871727053,-48.143167007410305,3.0057494767022894,4.05736483333159,13.912641414267274,0.0,0.0,on,connected,True,synthetic_device_spec_v11
synthetic_customer_005,cabinet_005,2026-09-05 00:40:00+00:00,0,0,0,0,True,True,False,23.97752486983199,-49.35572280579223,2.9732672363456345,4.059252386676691,16.384198362110425,0.0,0.008271623495525238,on,connected,True,synthetic_device_spec_v11
synthetic_customer_005,cabinet_005,2026-09-05 00:50:00+00:00,0,0,0,0,True,True,False,23.988030592879394,-48.363435335737115,2.9270599471359944,3.937743388580189,17.934409456663346,0.0010245410751761885,0.0,on,connected,True,synthetic_device_spec_v11
synthetic_customer_005,cabinet_005,2026-09-05 01:00:00+00:00,0,0,0,0,True,True,False,24.055309864683313,-47.81687931602839,3.007826234584205,4.06351880451124,20.83201593786896,0.024177527588048708,0.02373998048883233,on,connected,True,synthetic_device_spec_v11
synthetic_customer_005,cabinet_005,2026-09-05 01:10:00+00:00,0,0,0,0,True,True,False,23.75322995731913,-47.50569502504255,3.0784065880838805,4.009012570505325,22.942276416229557,0.018204208639860175,0.013604578098730388,on,connected,True,synthetic_device_spec_v11
synthetic_customer_005,cabinet_005,2026-09-05 01:20:00+00:00,0,0,0,0,True,True,False,24.04085237928164,-46.76852265278665,3.0098947371891325,3.9740852162393336,25.48668705782959,0.0,0.0,on,connected,True,synthetic_device_spec_v11
synthetic_customer_005,cabinet_005,2026-09-05 01:30:00+00:00,0,0,0,0,True,True,False,24.017721411303796,-48.93210259688667,2.9748868078952557,4.011855137973185,24.59053094847583,0.009831300464272498,0.04751297602072071,on,connected,True,synthetic_device_spec_v11
synthetic_customer_005,cabinet_005,2026-09-05 01:40:00+00:00,0,0,0,0,True,True,False,23.894288092483944,-47.68619033195307,3.029800344970351,3.960392605760066,25.460092817253518,0.04342991143858267,0.030863674293750264,on,connected,True,synthetic_device_spec_v11
synthetic_customer_005,cabinet_005,2026-09-05 01:50:00+00:00,0,0,0,0,True,True,False,24.105916494185877,-49.67669932279783,3.015545469209012,3.981827253971786,25.820551003878986,0.0032256708796364036,0.0,on,connected,True,synthetic_device_spec_v11
synthetic_customer_005,cabinet_005,2026-09-05 02:00:00+00:00,0,0,0,0,True,True,False,24.110497604476222,-46.53711156397155,2.9728955859983524,3.9928741207373704,0.08194973325133997,0.03269375336242494,0.014897810722321938,on,connected,True,synthetic_device_spec_v11
synthetic_customer_005,cabinet_005,2026-09-05 02:10:00+00:00,0,0,0,0,True,True,False,24.20424976724881,-48.449537838868686,2.988224342491837,4.005562422966836,0.0,0.0,0.0,on,connected,True,synthetic_device_spec_v11
synthetic_customer_005,cabinet_005,2026-09-05 02:20:00+00:00,0,0,0,0,True,True,False,23.826411995540646,-47.07529528978042,2.916340211484366,3.9384236907305614,8.671426860330526e-05,0.0,0.0,on,connected,True,synthetic_device_spec_v11
synthetic_customer_005,cabinet_005,2026-09-05 02:30:00+00:00,0,0,0,0,True,True,False,24.159486245399574,-49.0764253370558,2.933756944508542,4.063611949999384,0.21426180491634633,0.0,0.011711906025173118,on,connected,True,synthetic_device_spec_v11
synthetic_customer_005,cabinet_005,2026-09-05 02:40:00+00:00,0,0,0,0,True,True,False,23.97795731157673,-47.493502037398386,2.822483118747606,4.032102204292,0.0,0.0,0.011539305211146472,on,connected,True,synthetic_device_spec_v11
synthetic_customer_005,cabinet_005,2026-09-05 02:50:00+00:00,0,0,0,0,True,True,False,24.05428872984864,-47.72176131203991,2.778146323538747,4.068538259852817,0.0,0.0,0.0032026812318167426,on,connected,True,synthetic_device_spec_v11
synthetic_customer_005,cabinet_005,2026-09-05 03:00:00+00:00,0,0,0,0,True,True,False,23.84734037022776,-49.06606442280985,2.765180427608268,4.010762048945043,0.0,0.0,0.0,on,connected,True,synthetic_device_spec_v11
synthetic_customer_005,cabinet_005,2026-09-05 03:10:00+00:00,0,0,0,0,True,True,False,24.017460977494622,-46.433911139814285,2.734627969368008,3.9289269121298,0.27293645824840856,0.0,0.02181208339018406,on,connected,True,synthetic_device_spec_v11
synthetic_customer_005,cabinet_005,2026-09-05 03:20:00+00:00,0,0,0,0,True,True,False,23.721357704131528,-47.64215710439454,2.722308158845808,3.914008155406174,0.0,0.0,0.0,on,connected,True,synthetic_device_spec_v11
synthetic_customer_005,cabinet_005,2026-09-05 03:30:00+00:00,0,0,0,0,True,True,False,23.945456376554485,-47.5377569785005,2.7143491477936434,4.062797824321533,0.3312969064601605,0.0,0.008423080493236104,on,connected,True,synthetic_device_spec_v11
synthetic_customer_005,cabinet_005,2026-09-05 03:40:00+00:00,0,0,0,0,True,True,False,24.28142818664538,-45.323313648329204,2.640129390475769,3.990018124538347,0.0,0.0,0.0021977710014543747,on,connected,True,synthetic_device_spec_v11
synthetic_customer_005,cabinet_005,2026-09-05 03:50:00+00:00,0,0,0,0,True,True,False,24.21729532559904,-48.29272287139425,2.635538652930648,4.179339342956191,0.06481118740694228,0.006258068975026357,0.003659130455379664,on,connected,True,synthetic_device_spec_v11
synthetic_customer_005,cabinet_005,2026-09-05 04:00:00+00:00,0,0,0,0,True,True,False,24.129613670916886,-48.50912958244705,2.5032136759907777,3.970412811243644,0.0,0.022521969472010933,0.0,on,connected,True,synthetic_device_spec_v11
synthetic_customer_005,cabinet_005,2026-09-05 04:10:00+00:00,0,0,0,0,True,True,False,23.998250924559002,-47.02208777915335,2.489934136852023,3.979617382570067,0.0,0.0,0.0,on,connected,True,synthetic_device_spec_v11
synthetic_customer_005,cabinet_005,2026-09-05 04:20:00+00:00,0,0,0,0,True,True,False,24.00614647623314,-49.52647412641114,2.442355739801789,3.837513659799359,0.5617583505629032,0.017356788947731988,0.0,on,connected,True,synthetic_device_spec_v11
synthetic_customer_005,cabinet_005,2026-09-05 04:30:00+00:00,0,0,0,0,True,True,False,24.171352263654448,-49.936638362343786,2.40555271010785,4.1070150580113935,0.0,0.0,0.03780713043600192,on,connected,True,synthetic_device_spec_v11
synthetic_customer_005,cabinet_005,2026-09-05 04:40:00+00:00,0,0,0,0,True,True,False,23.918175405938264,-48.17460008093128,2.3730700313244055,3.928973199011753,0.0,0.016718703799641323,0.0008877486728922599,on,connected,True,synthetic_device_spec_v11
synthetic_customer_005,cabinet_005,2026-09-05 04:50:00+00:00,0,0,0,0,True,True,False,23.799614921576147,-49.06694572780638,2.320607589482314,4.049414022105172,0.45872045826592367,0.021391153230361924,0.0006961504105960238,on,connected,True,synthetic_device_spec_v11
synthetic_customer_005,cabinet_005,2026-09-05 05:00:00+00:00,0,0,0,0,True,True,False,23.96383469325548,-49.05642877267583,2.2296812180644836,4.083514705692789,0.19578000098992723,0.011630685225691507,0.0,on,connected,True,synthetic_device_spec_v11
synthetic_customer_005,cabinet_005,2026-09-05 05:10:00+00:00,0,0,0,0,True,True,False,23.63341546640159,-48.15542887796849,2.2391209454571324,3.951308853594627,0.0,0.0,0.01653240839041436,on,connected,True,synthetic_device_spec_v11
synthetic_customer_005,cabinet_005,2026-09-05 05:20:00+00:00,0,0,0,0,True,True,False,23.763371968923984,-46.72826199367588,2.220355226561422,4.01030871005028,0.0,0.0,0.0,on,connected,True,synthetic_device_spec_v11
synthetic_customer_005,cabinet_005,2026-09-05 05:30:00+00:00,0,0,0,0,True,True,False,24.027616599288194,-46.576131647607795,2.1934681803244693,3.854702561995472,0.26548586293590554,0.019597912834502726,0.0,on,connected,True,synthetic_device_spec_v11
synthetic_customer_005,cabinet_005,2026-09-05 05:40:00+00:00,0,0,0,0,True,True,False,24.205163684158446,-47.445097899535966,2.2335840339834983,4.014577013352754,0.32414835242155116,0.0513176019522251,0.0,on,connected,True,synthetic_device_spec_v11
synthetic_customer_005,cabinet_005,2026-09-05 05:50:00+00:00,0,0,0,0,True,True,False,23.736707132805567,-47.71987869095008,2.1167216363593138,4.038794846649209,0.0,0.0224158922354405,0.0,on,connected,True,synthetic_device_spec_v11
synthetic_customer_005,cabinet_005,2026-09-05 06:00:00+00:00,0,0,0,0,True,True,False,24.042401171714747,-50.327433756007935,2.2063544896240015,4.017407537208369,0.0,0.015611119523300871,0.0,on,connected,True,synthetic_device_spec_v11
synthetic_customer_005,cabinet_005,2026-09-05 06:10:00+00:00,1,1,1,1,True,True,False,23.79692267107576,-45.66535252934396,2.983497697041512,3.999010362095183,0.0,0.01744325165817895,0.0,on,connected,True,synthetic_device_spec_v11
synthetic_customer_005,cabinet_005,2026-09-05 06:20:00+00:00,1,1,1,1,True,True,False,23.808969464906525,-49.038814302906616,2.957266141525015,3.9794697168456494,0.5639497203239526,0.00036636357840297295,0.0,on,connected,True,synthetic_device_spec_v11
synthetic_customer_005,cabinet_005,2026-09-05 06:30:00+00:00,1,1,1,1,True,True,False,24.12586946021224,-48.17213930190079,2.978063562441606,3.982276062946973,0.8798583060093053,0.0,0.009926695041007929,on,connected,True,synthetic_device_spec_v11
synthetic_customer_005,cabinet_005,2026-09-05 06:40:00+00:00,0,0,0,0,True,True,False,23.954136194806072,-48.03204721371889,3.0135177747356097,3.970195237833169,0.0,4.649707680875531e-05,0.01690156347389631,on,connected,True,synthetic_device_spec_v11
synthetic_customer_005,cabinet_005,2026-09-05 06:50:00+00:00,0,0,0,0,True,True,False,23.979005294869285,-47.371170905623465,3.071529888967755,3.9358247876386296,0.519934400580172,0.0,0.0,on,connected,True,synthetic_device_spec_v11
synthetic_customer_005,cabinet_005,2026-09-05 07:00:00+00:00,0,0,0,0,True,True,False,24.19242245695271,-46.49938596776138,2.9930579847542256,4.081931570703325,0.40446177913112896,0.0,0.005206683198253662,on,connected,True,synthetic_device_spec_v11
synthetic_customer_005,cabinet_005,2026-09-05 07:10:00+00:00,0,0,0,0,True,True,False,24.005250459201402,-48.1943658143229,2.974798349069064,3.9550616416082316,0.5020370390537404,0.029172389990125877,0.0024238246825004028,on,connected,True,synthetic_device_spec_v11
synthetic_customer_005,cabinet_005,2026-09-05 07:20:00+00:00,0,0,0,0,True,True,False,23.928318620688742,-47.272616548444724,2.958046772677702,4.0007243697902215,0.0,0.00010441473654548195,0.0,on,connected,True,synthetic_device_spec_v11
synthetic_customer_005,cabinet_005,2026-09-05 07:30:00+00:00,0,0,0,0,True,True,False,23.995351917539924,-48.79170405589834,2.9749406218725265,3.963356857247862,0.03321501180672966,0.0,0.0,on,connected,True,synthetic_device_spec_v11
synthetic_customer_005,cabinet_005,2026-09-05 07:40:00+00:00,0,0,0,0,True,True,False,24.013385706580213,-47.42070237264268,2.9914694106952244,3.9649009710618253,0.0,0.0,0.013485975107478405,on,connected,True,synthetic_device_spec_v11
synthetic_customer_005,cabinet_005,2026-09-05 07:50:00+00:00,0,0,0,0,True,True,False,24.02996820727237,-48.607054380769654,2.9891736463670218,3.9248765883022805,0.0,0.0,0.0,on,connected,True,synthetic_device_spec_v11
synthetic_customer_005,cabinet_005,2026-09-05 08:00:00+00:00,0,0,0,0,True,True,False,23.640121423439595,-47.64619121957323,2.9541384065344656,4.05551306504029,0.0,0.0,0.023302651533785808,on,connected,True,synthetic_device_spec_v11
synthetic_customer_005,cabinet_005,2026-09-05 08:10:00+00:00,0,0,0,0,True,True,False,23.96370607584248,-47.78905218048385,2.986540932658561,4.067938910080165,0.0,0.02152219272228093,0.0,on,connected,True,synthetic_device_spec_v11
synthetic_customer_005,cabinet_005,2026-09-05 08:20:00+00:00,0,0,0,0,True,True,False,24.0038183625327,-46.66370105945753,3.006542309951123,4.178516801280349,0.038684928468868764,0.014650323020428044,0.01280235426676693,on,connected,True,synthetic_device_spec_v11
synthetic_customer_005,cabinet_005,2026-09-05 08:30:00+00:00,0,0,0,0,True,True,False,24.233485741216526,-47.90677353200221,2.9739348661097127,4.44779592598252,0.13166545370648172,0.0,0.056023552636470755,on,connected,True,synthetic_device_spec_v11
synthetic_customer_005,cabinet_005,2026-09-05 08:40:00+00:00,0,0,0,0,True,True,False,24.10381468418992,-47.710301574928096,2.964180159268452,4.564709462220923,0.596066704493372,0.03980216923322991,0.08713623496276335,on,connected,True,synthetic_device_spec_v11
synthetic_customer_005,cabinet_005,2026-09-05 08:50:00+00:00,0,0,0,0,True,True,False,24.003602267644702,-46.89398873752698,3.0401388391627697,4.705416860704428,0.0,0.00857839876707769,0.12010439298067732,on,connected,True,synthetic_device_spec_v11
synthetic_customer_005,cabinet_005,2026-09-05 09:00:00+00:00,0,0,0,0,True,True,False,23.756502944083376,-48.013525961234215,3.004829557952198,4.8939736658693835,1.4208401087663625,0.01380193568145302,0.13681808029737494,on,connected,True,synthetic_device_spec_v11
synthetic_customer_005,cabinet_005,2026-09-05 09:10:00+00:00,0,0,0,0,True,True,False,23.494940133786507,-47.26571196971142,2.933397988747695,5.071930538763978,0.0,0.0,0.1626778257772114,on,connected,True,synthetic_device_spec_v11
synthetic_customer_005,cabinet_005,2026-09-05 09:20:00+00:00,0,0,0,0,True,True,False,22.88416458336258,-47.07045892906045,2.981549321914738,5.157766916402418,0.18444628761940224,0.0,0.1892228072206509,on,connected,True,synthetic_device_spec_v11
synthetic_customer_005,cabinet_005,2026-09-05 09:30:00+00:00,0,0,0,0,True,True,False,23.01237281444942,-46.91246738266167,2.949185530689744,5.468297851158759,0.31056994906835755,0.004981423292825258,0.2156207397825973,on,connected,True,synthetic_device_spec_v11
synthetic_customer_005,cabinet_005,2026-09-05 09:40:00+00:00,0,0,0,0,True,True,False,22.563929867801296,-46.988390896220174,2.9961737471940966,5.7158168116869925,0.0,0.0,0.23050621977199262,on,connected,True,synthetic_device_spec_v11
synthetic_customer_005,cabinet_005,2026-09-05 09:50:00+00:00,0,0,0,0,True,True,False,22.11211999477019,-48.27270781261586,2.9126553490316414,5.958424948117441,0.6203256312050109,0.0,0.28573135776939923,on,connected,True,synthetic_device_spec_v11
synthetic_customer_005,cabinet_005,2026-09-05 10:00:00+00:00,0,0,0,0,True,True,False,21.682053328414707,-48.9295546934609,3.014856771508603,6.008514106389546,0.3360694994500084,0.0,0.27041742927174733,on,connected,True,synthetic_device_spec_v11
synthetic_customer_005,cabinet_005,2026-09-05 10:10:00+00:00,0,0,0,0,True,True,False,21.424183137793115,-48.83680594088814,2.9352128087642906,6.346172985345942,0.006433457596797352,0.0,0.28035868026245975,on,connected,True,synthetic_device_spec_v11
synthetic_customer_005,cabinet_005,2026-09-05 10:20:00+00:00,0,0,0,0,True,True,False,21.29783300122668,-48.40011553049802,2.9607573108515517,6.261593254785969,1.329681423075918,0.008920109442149224,0.3254680422056932,on,connected,True,synthetic_device_spec_v11
synthetic_customer_005,cabinet_005,2026-09-05 10:30:00+00:00,0,0,0,0,True,True,False,20.75369117490846,-48.90837683716713,2.990670755163968,6.672013026216708,0.4790136320893371,0.020689889255641893,0.31518710210979123,on,connected,True,synthetic_device_spec_v11
synthetic_customer_005,cabinet_005,2026-09-05 10:40:00+00:00,0,0,0,0,True,True,False,20.684721448487903,-48.43078967697321,2.9712760331457577,6.741729427648827,0.08386216602534464,0.014518884933932977,0.4014317110228887,on,connected,True,synthetic_device_spec_v11
synthetic_customer_005,cabinet_005,2026-09-05 10:50:00+00:00,0,0,0,0,True,True,False,20.32145095033541,-47.17722525686519,2.9785816334265904,6.988265777513548,0.43168739364269465,0.0,0.37835528650321343,on,connected,True,synthetic_device_spec_v11
synthetic_customer_005,cabinet_005,2026-09-05 11:00:00+00:00,0,0,0,0,True,True,False,19.703425599723058,-47.71313397321518,2.957794318136224,6.966705801096312,0.0,0.002089946014284086,0.4037624811988295,on,connected,True,synthetic_device_spec_v11
synthetic_customer_005,cabinet_005,2026-09-05 11:10:00+00:00,0,0,0,0,True,True,False,19.611679053997392,-48.420279676949995,3.116951176719684,6.962974200342932,0.1434839923587618,0.0028032719441011614,0.38225035998447565,on,connected,True,synthetic_device_spec_v11
synthetic_customer_005,cabinet_005,2026-09-05 11:20:00+00:00,0,0,0,0,True,True,False,19.333092753462417,-47.45523308642523,3.035916610485919,7.036671919211662,0.43053520044731847,0.0,0.4037588231559175,on,connected,True,synthetic_device_spec_v11
synthetic_customer_005,cabinet_005,2026-09-05 11:30:00+00:00,0,0,0,0,True,True,False,19.09405103411382,-48.159693151708865,2.9281776712521594,7.019344662856263,0.45851076148626935,0.0,0.3992516069353735,on,connected,True,synthetic_device_spec_v11
synthetic_customer_005,cabinet_005,2026-09-05 11:40:00+00:00,0,0,0,0,True,True,False,18.547904501338863,-49.2968161401447,2.9917747798056675,6.984420101853961,0.05994086577663365,0.0043851995916465766,0.39016303656043305,on,connected,True,synthetic_device_spec_v11
synthetic_customer_005,cabinet_005,2026-09-05 12:20:00+00:00,1,1,1,1,True,True,False,23.81084851779165,-48.649630892932045,2.9276448597620655,4.048428126750575,0.0,0.0034003789807206725,0.008448099508527552,on,connected,True,synthetic_device_spec_v11
synthetic_customer_005,cabinet_005,2026-09-05 12:30:00+00:00,1,1,1,1,True,True,False,24.09444148706185,-47.194183794323514,3.0427711524406953,4.002395194994183,0.0,0.0041137093870956465,0.0,on,connected,True,synthetic_device_spec_v11
synthetic_customer_005,cabinet_005,2026-09-05 12:40:00+00:00,0,0,0,0,True,True,False,23.989556291408917,-50.1081548045945,2.9953051414758907,4.116601756488924,0.7834865841512063,0.0,0.0,on,connected,True,synthetic_device_spec_v11
synthetic_customer_005,cabinet_005,2026-09-05 12:50:00+00:00,0,0,0,0,True,True,False,23.99606578686405,-48.00152603905927,3.024962733539311,4.095907855320916,0.0,0.03172502432599513,0.03264917015503188,on,connected,True,synthetic_device_spec_v11
synthetic_customer_005,cabinet_005,2026-09-05 13:00:00+00:00,0,0,0,0,True,True,False,24.04444305658141,-48.88041545243448,3.0292370903217143,3.9685882997641726,0.0,0.008901215187888797,0.02133345612825824,on,connected,True,synthetic_device_spec_v11
synthetic_customer_005,cabinet_005,2026-09-05 13:10:00+00:00,0,0,0,0,True,True,False,23.900294075385375,-49.195284077323386,3.015003140842549,4.121180377067617,0.11323929632546663,0.018122483485812243,0.0,on,connected,True,synthetic_device_spec_v11
synthetic_customer_005,cabinet_005,2026-09-05 13:20:00+00:00,0,0,0,0,True,True,False,24.093363846936377,-47.46060597417756,2.9048009534310144,4.03940680456706,0.16854218456287332,0.011427454326950671,0.0,on,connected,True,synthetic_device_spec_v11
synthetic_customer_005,cabinet_005,2026-09-05 13:30:00+00:00,0,0,0,0,True,True,False,23.838132410628806,-48.43341545188138,2.9392393739867373,3.963832997548039,0.0,0.007222726050289412,0.00016964204581797408,on,connected,True,synthetic_device_spec_v11
synthetic_customer_005,cabinet_005,2026-09-05 13:40:00+00:00,0,0,0,0,True,True,False,23.988941046104646,-46.671383444122235,3.017621472437521,3.9813763262433564,0.0,0.03808056865040551,0.0,on,connected,True,synthetic_device_spec_v11
synthetic_customer_005,cabinet_005,2026-09-05 13:50:00+00:00,0,0,0,0,True,True,False,23.948007133751464,-47.56655382938946,3.016662132980398,4.075654922771305,0.018860216776115685,0.0006123790064479593,0.004120448192310256,on,connected,True,synthetic_device_spec_v11
synthetic_customer_005,cabinet_005,2026-09-05 14:00:00+00:00,0,0,0,0,True,True,False,24.088181723965924,-46.849731729318336,2.9943128820828178,4.096173743163218,1.464709594314499,0.0,0.033212848355461164,on,connected,True,synthetic_device_spec_v11
synthetic_customer_005,cabinet_005,2026-09-05 14:10:00+00:00,0,0,0,0,True,True,False,24.127754023384256,-50.82445755848776,2.9284502798830068,3.948402927685248,0.21266501657416575,0.00490287264782382,0.01944040192520833,on,connected,True,synthetic_device_spec_v11
synthetic_customer_005,cabinet_005,2026-09-05 14:20:00+00:00,0,0,0,0,True,True,False,24.02083096506161,-50.15951481160014,3.0743038190789616,3.9771817311664535,0.3739014538774241,0.016524244700292776,0.011779018155898819,on,connected,True,synthetic_device_spec_v11
synthetic_customer_005,cabinet_005,2026-09-05 14:30:00+00:00,0,0,0,0,True,True,False,23.989215532221625,-46.84926619484881,3.049013901185104,3.9812196409886536,0.0,0.0,0.0,on,connected,True,synthetic_device_spec_v11
synthetic_customer_005,cabinet_005,2026-09-05 14:40:00+00:00,0,0,0,0,True,True,False,23.914929360736167,-48.40469251272471,3.0059888017816006,3.8876163000551727,0.0,0.016478362983373993,0.01761743249696184,on,connected,True,synthetic_device_spec_v11
synthetic_customer_005,cabinet_005,2026-09-05 14:50:00+00:00,0,0,0,0,True,True,False,24.08309190658105,-49.779697232336055,3.0995459889658084,3.892791994613613,0.0,0.0,0.0,on,connected,True,synthetic_device_spec_v11
synthetic_customer_005,cabinet_005,2026-09-05 15:00:00+00:00,0,0,0,0,True,True,False,23.96657630071164,-47.7737682540968,2.997834092565998,3.9208298384198867,0.0,0.012950141047047746,0.0,on,connected,True,synthetic_device_spec_v11
synthetic_customer_005,cabinet_005,2026-09-05 15:10:00+00:00,0,0,0,0,True,True,False,24.017500639129697,-47.77899099676809,2.9441101235252023,3.980485574038142,0.6758653075957405,0.005393409464290334,0.024795799063556234,on,connected,True,synthetic_device_spec_v11
synthetic_customer_005,cabinet_005,2026-09-05 15:20:00+00:00,0,0,0,0,True,True,False,23.722332104037804,-47.03633194018892,3.0440667799583205,3.980241838912401,0.0,0.02307920934780157,0.02283660262685499,on,connected,True,synthetic_device_spec_v11
synthetic_customer_005,cabinet_005,2026-09-05 15:30:00+00:00,0,0,0,0,True,True,False,24.05391973021366,-49.13636038776895,2.9932260689574606,4.068862178581487,0.507719545443513,0.0,0.02842783059532774,on,connected,True,synthetic_device_spec_v11
synthetic_customer_005,cabinet_005,2026-09-05 15:40:00+00:00,0,0,0,0,True,True,False,24.173280269223056,-47.15726609034498,2.9652201068613664,3.980112404828493,0.0,0.046444786796250984,0.0,on,connected,True,synthetic_device_spec_v11
synthetic_customer_005,cabinet_005,2026-09-05 15:50:00+00:00,0,0,0,0,True,True,False,24.030552004024045,-48.04668495651532,2.999932039673784,4.077113481614826,1.1242673333708149,0.0,0.0,on,connected,True,synthetic_device_spec_v11
synthetic_customer_005,cabinet_005,2026-09-05 16:00:00+00:00,0,0,0,0,True,True,False,24.17601468471585,-47.27858955527747,3.020040620474412,4.094609201187926,0.03184114579421173,0.013834862787372068,0.0,on,connected,True,synthetic_device_spec_v11
synthetic_customer_005,cabinet_005,2026-09-05 16:10:00+00:00,0,0,0,0,True,True,False,23.9398284901029,-45.25732538920538,3.002756157962373,3.9228014578392205,0.0,0.03025015389166374,0.0055575585595167044,on,connected,True,synthetic_device_spec_v11
synthetic_customer_005,cabinet_005,2026-09-05 16:20:00+00:00,0,0,0,0,True,True,False,24.13866835996833,-48.133126906464554,2.982130641334523,3.9566634679847503,0.43814111365575914,0.0,0.008032679047040114,on,connected,True,synthetic_device_spec_v11
synthetic_customer_005,cabinet_005,2026-09-05 16:30:00+00:00,0,0,0,0,True,True,False,24.139216955697144,-45.94254840532688,2.9786258992993675,4.04446860860381,0.0,0.02600322235108667,0.0,on,connected,True,synthetic_device_spec_v11
synthetic_customer_005,cabinet_005,2026-09-05 16:40:00+00:00,0,0,0,0,True,True,False,23.990328692583816,-46.51775307349014,2.945637995584634,3.900736987746921,0.05979264038935655,0.0,0.0034725226159724003,on,connected,True,synthetic_device_spec_v11
synthetic_customer_005,cabinet_005,2026-09-05 16:50:00+00:00,0,0,0,0,True,True,False,23.984795647812486,-47.05354261257301,2.9418017898912208,4.11115772751356,0.0,0.0,0.004984118878414373,on,connected,True,synthetic_device_spec_v11
synthetic_customer_005,cabinet_005,2026-09-05 17:00:00+00:00,0,0,0,0,True,True,False,23.84041140869485,-47.651784888182284,3.04322017160626,3.919260791380491,0.0,0.035911477353141784,0.0,on,connected,True,synthetic_device_spec_v11
synthetic_customer_005,cabinet_005,2026-09-05 17:10:00+00:00,0,0,0,0,True,True,False,24.12003626164298,-47.971321546003445,3.0049099695937818,3.9058023760795613,0.5786011525170682,0.049065101280168937,0.016873276831830097,on,connected,True,synthetic_device_spec_v11
synthetic_customer_005,cabinet_005,2026-09-05 17:20:00+00:00,0,0,0,0,True,True,False,23.97514881036105,-48.424896710701454,2.988188513808799,3.838368797309149,0.0,0.01541413824376435,0.013502017132947058,on,connected,True,synthetic_device_spec_v11
synthetic_customer_005,cabinet_005,2026-09-05 17:30:00+00:00,0,0,0,0,True,True,False,23.994182343084546,-46.96562704498436,3.0712037665736833,4.035504267894673,0.0,0.0,0.01189290780332126,on,connected,True,synthetic_device_spec_v11
synthetic_customer_005,cabinet_005,2026-09-05 17:40:00+00:00,0,0,0,0,True,True,False,23.93479214692035,-47.58064922851874,2.93330582896592,4.10849576471662,0.0,0.05485550872050246,0.009460318338183588,on,connected,True,synthetic_device_spec_v11
synthetic_customer_005,cabinet_005,2026-09-05 17:50:00+00:00,0,0,0,0,True,True,False,23.931150877390582,-50.550994641983415,3.0125286655724812,4.065506592302154,0.34669203580587854,0.0,0.0,on,connected,True,synthetic_device_spec_v11
synthetic_customer_005,cabinet_005,2026-09-05 18:00:00+00:00,0,0,0,0,True,True,False,23.791854026929965,-49.2980015178099,2.9379297485793736,4.041307624429491,0.2794755739858582,0.0,0.04552180197829889,on,connected,True,synthetic_device_spec_v11
synthetic_customer_005,cabinet_005,2026-09-05 18:10:00+00:00,1,1,1,1,True,True,False,23.746119730343437,-47.131646014049444,3.049590956450528,3.9561039015180675,0.0,0.0,0.016843376165085022,on,connected,True,synthetic_device_spec_v11
synthetic_customer_005,cabinet_005,2026-09-05 18:20:00+00:00,1,1,1,1,True,True,False,24.032794741342897,-47.4615242245635,3.0260777593358723,4.0660016257149865,0.5498037711536855,0.0,0.0,on,connected,True,synthetic_device_spec_v11
synthetic_customer_005,cabinet_005,2026-09-05 18:30:00+00:00,1,1,1,1,True,True,False,24.034247027385366,-47.89662255716604,3.0631347781078944,3.9636547117914143,0.0,0.046191116100620655,0.0,on,connected,True,synthetic_device_spec_v11
synthetic_customer_005,cabinet_005,2026-09-05 18:40:00+00:00,0,0,0,0,True,True,False,23.94596244305843,-48.14955633653656,2.99901194531733,4.07085094986618,0.0,0.0,0.01338134942496584,on,connected,True,synthetic_device_spec_v11
synthetic_customer_005,cabinet_005,2026-09-05 18:50:00+00:00,0,0,0,0,True,True,False,23.879752725037303,-47.58403191516941,3.0244271342548354,3.9156204431043866,0.0,0.01974993361431554,0.0,on,connected,True,synthetic_device_spec_v11
synthetic_customer_005,cabinet_005,2026-09-05 19:00:00+00:00,0,0,0,0,True,True,False,24.02717770912118,-47.336248909598595,2.9712424817622556,4.051365849508898,0.0,0.00568417946999911,0.0,on,connected,True,synthetic_device_spec_v11
synthetic_customer_005,cabinet_005,2026-09-05 19:10:00+00:00,0,0,0,0,True,True,False,24.0537015072499,-48.36254510842221,3.0709619930215335,4.020671918057815,0.11315886939353714,0.017143334448384284,0.0,on,connected,True,synthetic_device_spec_v11
synthetic_customer_005,cabinet_005,2026-09-05 19:20:00+00:00,0,0,0,0,True,True,False,23.97851811736885,-48.080692355266045,3.078131558332829,4.07276549426595,0.2899922525160208,0.0,0.0,on,connected,True,synthetic_device_spec_v11
synthetic_customer_005,cabinet_005,2026-09-05 19:30:00+00:00,0,0,0,0,True,True,False,24.153059013241887,-46.96833041405694,3.0026351112210024,4.06652305830875,0.09809739687274609,0.0,0.0,on,connected,True,synthetic_device_spec_v11
synthetic_customer_005,cabinet_005,2026-09-05 19:40:00+00:00,0,0,0,0,True,True,False,24.282040634663048,-48.73332664346954,3.066554751055668,4.041149990316905,0.7502936989822852,0.011109222401008095,0.0,on,connected,True,synthetic_device_spec_v11
synthetic_customer_005,cabinet_005,2026-09-05 19:50:00+00:00,0,0,0,0,True,True,False,23.896577329382616,-48.595994220758925,3.0224208171576255,4.006438585534422,0.43355486006438704,0.0,0.007856933428530909,on,connected,True,synthetic_device_spec_v11
synthetic_customer_005,cabinet_005,2026-09-05 20:00:00+00:00,0,0,0,0,True,True,False,23.884513981609604,-47.916088432862956,2.9636379852142336,4.100002174261444,0.0,0.018374971091488626,0.0,on,connected,True,synthetic_device_spec_v11
synthetic_customer_005,cabinet_005,2026-09-05 20:10:00+00:00,0,0,0,0,True,True,False,24.066455875643573,-49.64085845294531,2.926094220880971,3.9518928467947756,1.0606523578876172,0.02698859734181118,0.02825503912167513,on,connected,True,synthetic_device_spec_v11
synthetic_customer_005,cabinet_005,2026-09-05 20:20:00+00:00,0,0,0,0,True,True,False,24.06177450809026,-48.54534517885617,2.9646079515123738,4.066742535952403,1.033762040902359,0.0,0.0,on,connected,True,synthetic_device_spec_v11
synthetic_customer_005,cabinet_005,2026-09-05 20:30:00+00:00,0,0,0,0,True,True,False,23.97492429682807,-47.35851198607366,2.9983569422323164,4.072161888265379,0.0,0.004838147497581391,0.0,on,connected,True,synthetic_device_spec_v11
synthetic_customer_005,cabinet_005,2026-09-05 20:40:00+00:00,0,0,0,0,True,True,False,23.825039259850854,-48.31643068052094,2.974560205512853,3.9917517952231947,0.5607181067612208,0.02413856898801578,0.03158105627280081,on,connected,True,synthetic_device_spec_v11
synthetic_customer_005,cabinet_005,2026-09-05 20:50:00+00:00,0,0,0,0,True,True,False,23.875784692248423,-48.687751911038454,3.0247022273510558,4.022057431239709,0.0,0.024193846613152964,0.0,on,connected,True,synthetic_device_spec_v11
synthetic_customer_005,cabinet_005,2026-09-05 21:00:00+00:00,0,0,0,0,True,True,False,23.941636821868027,-47.56937379311036,2.9863558403132573,4.019859376473016,0.19817141974690985,0.0,0.0036050358696408454,on,connected,True,synthetic_device_spec_v11
synthetic_customer_005,cabinet_005,2026-09-05 21:10:00+00:00,0,0,0,0,True,True,False,24.26389225243042,-49.035069241061684,2.9784133438974547,3.9307040711677725,0.4632186457628746,0.0,0.02534661468793353,on,connected,True,synthetic_device_spec_v11
synthetic_customer_005,cabinet_005,2026-09-05 21:20:00+00:00,0,0,0,0,True,True,False,24.100211319814363,-47.89614839600457,3.0316134517805904,4.0631354147884515,0.39889830443513824,0.0,0.005018589633913141,on,connected,True,synthetic_device_spec_v11
synthetic_customer_005,cabinet_005,2026-09-05 21:30:00+00:00,0,0,0,0,True,True,False,23.85055478003756,-49.61437888159197,2.9827641860222642,4.002230919144748,0.7961051605149371,0.0,0.0,on,connected,True,synthetic_device_spec_v11
synthetic_customer_005,cabinet_005,2026-09-05 21:40:00+00:00,0,0,0,0,True,True,False,23.790945117038923,-48.97001563703045,3.0169854419763107,3.970321749765209,0.955696190353142,0.032124729234997915,0.0,on,connected,True,synthetic_device_spec_v11
synthetic_customer_005,cabinet_005,2026-09-05 21:50:00+00:00,0,0,0,0,True,True,False,24.011155571006217,-48.229308011808165,3.0202473149746747,4.049354501498002,0.0,0.0,0.0015210461754138877,on,connected,True,synthetic_device_spec_v11
synthetic_customer_005,cabinet_005,2026-09-05 22:00:00+00:00,0,0,0,0,True,True,False,23.82811581809699,-46.20024857398459,2.964107050342096,4.0020019663142525,0.0,0.009945284864928836,0.0,on,connected,True,synthetic_device_spec_v11
synthetic_customer_005,cabinet_005,2026-09-05 22:10:00+00:00,0,0,0,0,True,True,False,23.92959056899253,-47.39730385379579,2.980715969601955,4.010720685563843,0.043230676542153866,0.0,0.0,on,connected,True,synthetic_device_spec_v11
synthetic_customer_005,cabinet_005,2026-09-05 22:20:00+00:00,0,0,0,0,True,True,False,24.1050300935755,-49.88247338846855,3.0213371980898267,3.9560201737352854,0.5749615232726665,0.010055035880544388,0.000596458121275186,on,connected,True,synthetic_device_spec_v11
synthetic_customer_005,cabinet_005,2026-09-05 22:30:00+00:00,0,0,0,0,True,True,False,23.907019422504234,-48.33396108570651,3.0310593476240006,3.926726250976198,0.017115082266543676,0.0,0.019862644580850852,on,connected,True,synthetic_device_spec_v11
synthetic_customer_005,cabinet_005,2026-09-05 22:40:00+00:00,0,0,0,0,True,True,False,23.870301929856282,-48.20391531488381,2.9978258553692885,3.9727296783815276,0.9060070951052246,0.005490713288437926,0.0,on,connected,True,synthetic_device_spec_v11
synthetic_customer_005,cabinet_005,2026-09-05 22:50:00+00:00,0,0,0,0,True,True,False,23.952653995958002,-49.944197516207566,2.9332522526255116,4.037622412500392,0.28774743520120183,0.004071616513376897,0.014028050028229412,on,connected,True,synthetic_device_spec_v11
synthetic_customer_005,cabinet_005,2026-09-05 23:00:00+00:00,0,0,0,0,True,True,False,23.89824150296212,-52.971053621283254,2.9786898370206103,3.962572151103825,0.7882845291427208,0.08014248515909891,0.01030435020161685,on,connected,True,synthetic_device_spec_v11
synthetic_customer_005,cabinet_005,2026-09-05 23:10:00+00:00,0,0,0,0,True,True,False,23.954504048927227,-56.46553436839824,3.0231796646110247,3.87438790386035,0.6565372573293558,0.13160454972425586,0.0,on,connected,True,synthetic_device_spec_v11
synthetic_customer_005,cabinet_005,2026-09-05 23:20:00+00:00,0,0,0,0,True,True,False,24.17966923808468,-61.126986388497976,3.0183848316921384,3.837010472572274,0.1916723736128281,0.2395038158890422,0.0,on,connected,True,synthetic_device_spec_v11
synthetic_customer_005,cabinet_005,2026-09-05 23:30:00+00:00,0,0,0,0,True,True,False,24.187165079081872,-64.96970043916636,2.993514031334611,4.080716474503011,0.35499986986653126,0.3010845979603622,0.02938192870767787,on,connected,True,synthetic_device_spec_v11
synthetic_customer_005,cabinet_005,2026-09-05 23:40:00+00:00,0,0,0,0,True,True,False,24.275358907537765,-70.03450042533792,3.04738568222933,4.017680805563,0.0,0.3431133507737655,0.01442395011767345,on,connected,True,synthetic_device_spec_v11
synthetic_customer_005,cabinet_005,2026-09-05 23:50:00+00:00,0,0,0,0,True,True,False,23.937317326668875,-72.09589881317642,3.0507882665520722,4.013128669062749,0.0,0.4618810119843906,0.00869921903175822,on,connected,True,synthetic_device_spec_v11
synthetic_customer_005,cabinet_005,2026-09-06 00:00:00+00:00,0,0,0,0,True,True,False,24.191620197553362,-75.4529156777211,3.0289677889010114,3.9304712078172384,0.0,0.5070736498909444,0.0,on,connected,True,synthetic_device_spec_v11
synthetic_customer_005,cabinet_005,2026-09-06 00:10:00+00:00,1,1,1,1,True,True,False,23.996111903053585,-80.00642835434897,2.9848866512285506,4.044963567363436,0.0,0.5717834960460889,0.0327269740880492,on,connected,True,synthetic_device_spec_v11
synthetic_customer_005,cabinet_005,2026-09-06 00:20:00+00:00,1,1,1,1,True,True,False,24.065096578536878,-85.96193057911367,3.0136634589683564,3.9496097445304112,0.0,0.6380789646149398,0.003939216370053064,on,connected,True,synthetic_device_spec_v11
synthetic_customer_005,cabinet_005,2026-09-06 01:00:00+00:00,0,0,0,0,True,True,False,24.079637478052213,-45.54883659907767,3.029040680014892,3.9763846030436367,0.24437943128673154,0.0,0.0,on,connected,True,synthetic_device_spec_v11
synthetic_customer_005,cabinet_005,2026-09-06 01:10:00+00:00,0,0,0,0,True,True,False,23.882108348288615,-47.99268386995677,3.0835607176430804,4.02560205517713,0.0,0.00862330169624665,0.0,on,connected,True,synthetic_device_spec_v11
synthetic_customer_005,cabinet_005,2026-09-06 01:20:00+00:00,0,0,0,0,True,True,False,24.0192301438165,-45.83634757821345,2.978129561427582,3.9999272912115433,0.6477757133643227,0.0541799687841683,0.022897708405847608,on,connected,True,synthetic_device_spec_v11
synthetic_customer_005,cabinet_005,2026-09-06 01:30:00+00:00,0,0,0,0,True,True,False,24.1848073545263,-45.95824024463139,3.052129337308793,4.018788954032152,0.0,0.010094973552862724,0.0,on,connected,True,synthetic_device_spec_v11
synthetic_customer_005,cabinet_005,2026-09-06 01:40:00+00:00,0,0,0,0,True,True,False,23.997224434217774,-47.71582510771797,3.009399318123074,4.025978268821941,0.6670193749152387,0.0,0.0,on,connected,True,synthetic_device_spec_v11
synthetic_customer_005,cabinet_005,2026-09-06 01:50:00+00:00,0,0,0,0,True,True,False,23.91582760245356,-48.03631667204444,2.9615602311398295,3.8936654332437475,0.0,0.0,0.01883758102155496,on,connected,True,synthetic_device_spec_v11
synthetic_customer_005,cabinet_005,2026-09-06 02:00:00+00:00,0,0,0,0,True,True,False,24.05385994899642,-48.077147213303995,2.9949955294386315,3.9715673278119485,0.0,0.0,0.0,on,connected,True,synthetic_device_spec_v11
synthetic_customer_005,cabinet_005,2026-09-06 02:10:00+00:00,0,0,0,0,True,True,False,23.925575664449624,-46.450079613622854,3.0147853469108497,4.067332247312842,0.5362896152865051,0.017152665698502025,0.007928548914232478,on,connected,True,synthetic_device_spec_v11
synthetic_customer_005,cabinet_005,2026-09-06 02:20:00+00:00,0,0,0,0,True,True,False,23.876764422898162,-50.22156851385754,3.0055411749560696,3.9917804894702886,0.28005515655942653,0.0,0.002282059385329661,on,connected,True,synthetic_device_spec_v11
synthetic_customer_005,cabinet_005,2026-09-06 02:30:00+00:00,0,0,0,0,True,True,False,24.138754515841985,-47.764525208046145,2.9950326918794237,3.8498476288777117,0.0,0.04309256674583461,0.0,on,connected,True,synthetic_device_spec_v11
synthetic_customer_005,cabinet_005,2026-09-06 02:40:00+00:00,0,0,0,0,True,True,False,23.957040281203508,-48.38145207941964,3.0010545491565535,4.061593940612884,0.3171666008746945,0.0,0.0,on,connected,True,synthetic_device_spec_v11
synthetic_customer_005,cabinet_005,2026-09-06 02:50:00+00:00,0,0,0,0,True,True,False,24.160983695002585,-48.963326122878016,2.954965220684114,4.056123242200002,0.0,0.0009415296197498937,0.0,on,connected,True,synthetic_device_spec_v11
synthetic_customer_005,cabinet_005,2026-09-06 03:00:00+00:00,0,0,0,0,True,True,False,24.03739795839771,-46.34715154521017,2.891058254982685,3.8807772169596015,0.0,0.0,0.015661074814206213,on,connected,True,synthetic_device_spec_v11
synthetic_customer_005,cabinet_005,2026-09-06 03:10:00+00:00,0,0,0,0,True,True,False,24.147626167174014,-49.28076592809016,2.9997205793775112,3.9668009580686987,0.0,0.0,0.0,on,connected,True,synthetic_device_spec_v11
synthetic_customer_005,cabinet_005,2026-09-06 03:20:00+00:00,0,0,0,0,True,True,False,24.002652987355884,-47.04958411950362,2.9695778618380793,3.9977777992671406,0.5618984167200933,0.03839059015679686,0.0,on,connected,True,synthetic_device_spec_v11
synthetic_customer_005,cabinet_005,2026-09-06 03:30:00+00:00,0,0,0,0,True,True,False,24.00234479120339,-47.98519638064807,2.90408184927801,4.08495998853617,0.09534304265348503,0.006857197105132851,0.025584605724445222,on,connected,True,synthetic_device_spec_v11
synthetic_customer_005,cabinet_005,2026-09-06 03:40:00+00:00,0,0,0,0,True,True,False,23.827236292249225,-48.46529899605957,3.071162077980463,3.925727494751293,0.0,0.028274689951737337,0.018310239261020815,on,connected,True,synthetic_device_spec_v11
synthetic_customer_005,cabinet_005,2026-09-06 03:50:00+00:00,0,0,0,0,True,True,False,24.01123195497159,-48.31207739175045,3.088157810502568,3.9736970410842223,0.0,0.0,0.0,on,connected,True,synthetic_device_spec_v11
synthetic_customer_005,cabinet_005,2026-09-06 04:00:00+00:00,0,0,0,0,True,True,False,23.751314867458962,-48.43565164149955,2.925648045537672,4.001361172197298,0.1759929890221036,0.053298633214178895,0.0,on,connected,True,synthetic_device_spec_v11
synthetic_customer_005,cabinet_005,2026-09-06 04:10:00+00:00,0,0,0,0,True,True,False,24.181105609558784,-47.684613231737124,2.996652420290363,4.009333681317973,0.0,0.01137577233909541,0.029316612876432963,on,connected,True,synthetic_device_spec_v11
synthetic_customer_005,cabinet_005,2026-09-06 04:20:00+00:00,0,0,0,0,True,True,False,23.774125827665358,-48.34713962301227,2.974448603281487,4.107013525636801,0.0,0.030107535280682458,0.0,on,connected,True,synthetic_device_spec_v11
synthetic_customer_005,cabinet_005,2026-09-06 04:30:00+00:00,0,0,0,0,True,True,False,24.070101661729247,-48.00735848637791,2.9378580644257535,3.9452023067905313,0.0,0.0,0.0,on,connected,True,synthetic_device_spec_v11
synthetic_customer_005,cabinet_005,2026-09-06 04:40:00+00:00,0,0,0,0,True,True,False,24.198710257840347,-48.324198043331236,3.0239015954063326,3.924683172516016,0.02968152289969946,0.0013871620566083185,0.0,on,connected,True,synthetic_device_spec_v11
synthetic_customer_005,cabinet_005,2026-09-06 04:50:00+00:00,0,0,0,0,True,True,False,24.066451412999264,-48.1567518495336,2.9945159393243785,4.006776395604722,0.0,0.0,0.0005244228189992493,on,connected,True,synthetic_device_spec_v11
synthetic_customer_005,cabinet_005,2026-09-06 05:00:00+00:00,0,0,0,0,True,True,False,24.066754881398307,-49.165643548226974,3.0634467557569525,3.8727292963400184,0.5522967572449211,0.0,0.011764782646860292,on,connected,True,synthetic_device_spec_v11
synthetic_customer_005,cabinet_005,2026-09-06 05:10:00+00:00,0,0,0,0,True,True,False,23.997588575122002,-48.21322253705478,3.0037739766357743,4.040771097352835,0.7098460442908049,0.004750776695763072,0.0016657305028847452,on,connected,True,synthetic_device_spec_v11
synthetic_customer_005,cabinet_005,2026-09-06 05:20:00+00:00,0,0,0,0,True,True,False,23.85287774704176,-48.524399205577474,3.0010273738551216,4.02887478960516,0.0,0.0,0.0,on,connected,True,synthetic_device_spec_v11
synthetic_customer_005,cabinet_005,2026-09-06 05:30:00+00:00,0,0,0,0,True,True,False,24.22042149457166,-48.56765827393216,2.9846741448727276,3.8958995280892004,0.31578214933621707,0.0,0.0013446980034192172,on,connected,True,synthetic_device_spec_v11
synthetic_customer_005,cabinet_005,2026-09-06 05:40:00+00:00,0,0,0,0,True,True,False,23.990952732846097,-46.32614170271614,2.9295832155836936,4.006918397974881,0.0,0.0,0.0,on,connected,True,synthetic_device_spec_v11
synthetic_customer_005,cabinet_005,2026-09-06 05:50:00+00:00,0,0,0,0,True,True,False,24.00719780928131,-48.126753515407295,3.0466736502533456,3.9538143186069794,0.0,0.0,0.0,on,connected,True,synthetic_device_spec_v11
synthetic_customer_005,cabinet_005,2026-09-06 06:00:00+00:00,0,0,0,0,True,True,False,23.948768646381325,-49.17902216997476,3.0551981951537295,3.892346247132097,0.0,0.0,0.0,on,connected,True,synthetic_device_spec_v11
synthetic_customer_005,cabinet_005,2026-09-06 06:10:00+00:00,1,1,1,1,True,True,False,23.932954234246232,-46.74823384190481,3.031840790253676,3.8911631893619605,0.0,0.02669272847008293,0.0,on,connected,True,synthetic_device_spec_v11
synthetic_customer_005,cabinet_005,2026-09-06 06:20:00+00:00,1,1,1,1,True,True,False,24.193728475261018,-47.47915461600517,3.00699637481652,3.9318049035329725,0.0,0.0,0.02501854025495327,on,connected,True,synthetic_device_spec_v11
synthetic_customer_005,cabinet_005,2026-09-06 06:30:00+00:00,1,1,1,1,True,True,False,23.84461528119381,-50.257277725714836,3.0090264883603877,4.006521304750537,0.98973277147101,0.03374549755181063,0.0,on,connected,True,synthetic_device_spec_v11
synthetic_customer_005,cabinet_005,2026-09-06 06:40:00+00:00,0,0,0,0,True,True,False,23.884508333874365,-47.565824662759226,3.0001299642700157,4.009795404226334,3.204831501513535,0.0,0.0,on,connected,True,synthetic_device_spec_v11
synthetic_customer_005,cabinet_005,2026-09-06 06:50:00+00:00,0,0,0,0,True,True,False,24.01139328511679,-47.94946952884972,3.004152313262968,3.908709953898597,4.631445569065745,0.04917923155657435,0.023009682823886816,on,connected,True,synthetic_device_spec_v11
synthetic_customer_005,cabinet_005,2026-09-06 07:00:00+00:00,0,0,0,0,True,True,False,23.969121459373756,-48.693804883091566,3.003999782313551,3.972054615033868,7.731241455254072,0.015584555730519707,0.008362677370822712,on,connected,True,synthetic_device_spec_v11
synthetic_customer_005,cabinet_005,2026-09-06 07:10:00+00:00,0,0,0,0,True,True,False,24.054365423580876,-49.150302133938695,2.9863948495924793,3.9721416308534834,8.220637380820982,0.07172619403252214,0.003762704001849267,on,connected,True,synthetic_device_spec_v11
synthetic_customer_005,cabinet_005,2026-09-06 07:20:00+00:00,0,0,0,0,True,True,False,24.257151503580204,-46.662172396391135,2.9782760254105813,4.011069448186156,10.680149233862155,0.012115037562651969,0.01969056194421447,on,connected,True,synthetic_device_spec_v11
synthetic_customer_005,cabinet_005,2026-09-06 07:30:00+00:00,0,0,0,0,True,True,False,23.940788416472667,-47.763269439374014,2.915076126790046,4.041629810532946,11.326657062229566,0.041904195502823316,0.004954982994793444,on,connected,True,synthetic_device_spec_v11
synthetic_customer_005,cabinet_005,2026-09-06 07:40:00+00:00,0,0,0,0,True,True,False,23.980195273884448,-48.3724029220845,2.7833435032401104,4.070660460126241,13.977632681770991,0.0,0.0,on,connected,True,synthetic_device_spec_v11
synthetic_customer_005,cabinet_005,2026-09-06 07:50:00+00:00,0,0,0,0,True,True,False,24.086504804578993,-47.51465332497533,2.7784131363828273,4.007976499002031,16.216613779690693,0.01733356252732212,0.0,on,connected,True,synthetic_device_spec_v11
synthetic_customer_005,cabinet_005,2026-09-06 08:00:00+00:00,0,0,0,0,True,True,False,24.259289796518374,-48.707620705511495,2.7096592943356104,4.034629180414245,16.697500840550905,0.019055237754976286,0.014841600535605563,on,connected,True,synthetic_device_spec_v11
synthetic_customer_005,cabinet_005,2026-09-06 08:10:00+00:00,0,0,0,0,True,True,False,23.918671528766644,-47.55323778015522,2.637735553827167,3.9859759149333587,20.6488133590609,0.0,0.004379837396383678,on,connected,True,synthetic_device_spec_v11
synthetic_customer_005,cabinet_005,2026-09-06 08:20:00+00:00,0,0,0,0,True,True,False,24.007224211958988,-47.62770311912094,2.5346493608664313,4.029165185985346,21.395158744167087,0.0,0.012161103796509119,on,connected,True,synthetic_device_spec_v11
synthetic_customer_005,cabinet_005,2026-09-06 08:30:00+00:00,0,0,0,0,True,True,False,24.142389776048777,-49.150027746550876,2.5911066211769365,4.00575453805063,22.522151796927815,0.0,0.012600890468247338,on,connected,True,synthetic_device_spec_v11
synthetic_customer_005,cabinet_005,2026-09-06 08:40:00+00:00,0,0,0,0,True,True,False,23.929713380254228,-47.83414828171566,2.4991504192880702,4.118427941664188,24.23320592315768,0.056856703064359596,0.0,on,connected,True,synthetic_device_spec_v11
synthetic_customer_005,cabinet_005,2026-09-06 08:50:00+00:00,0,0,0,0,True,True,False,23.548140403707137,-49.102598372495954,2.389405465373603,4.052673287042446,25.637727326326146,0.0,0.0,on,connected,True,synthetic_device_spec_v11
synthetic_customer_005,cabinet_005,2026-09-06 09:00:00+00:00,0,0,0,0,True,True,False,23.283348229182465,-49.12063666628818,2.3370867978354557,4.001980694164587,24.781106710716383,0.0378445272122283,0.0,on,connected,True,synthetic_device_spec_v11
synthetic_customer_005,cabinet_005,2026-09-06 09:10:00+00:00,0,0,0,0,True,True,False,23.050064853284542,-47.14896109329875,2.356952522396831,3.9116292775633936,24.989157712744102,0.005238899679414562,0.0,on,connected,True,synthetic_device_spec_v11
synthetic_customer_005,cabinet_005,2026-09-06 09:20:00+00:00,0,0,0,0,True,True,False,22.69233759916395,-48.58796124931952,2.1653396897643975,4.0822863622785315,25.62216562305036,0.029292387066381532,0.0,on,connected,True,synthetic_device_spec_v11
synthetic_customer_005,cabinet_005,2026-09-06 09:30:00+00:00,0,0,0,0,True,True,False,22.353339865098633,-46.97875823442036,1.9410832292624332,3.9873776686452076,24.332127307785363,0.019946430570717037,0.01265917417235749,on,connected,True,synthetic_device_spec_v11
synthetic_customer_005,cabinet_005,2026-09-06 09:40:00+00:00,0,0,0,0,True,True,False,22.1407912192641,-46.39492107279862,1.8073833406757651,3.9750950332933837,25.02219642141281,0.0,0.0,on,connected,True,synthetic_device_spec_v11
synthetic_customer_005,cabinet_005,2026-09-06 09:50:00+00:00,0,0,0,0,True,True,False,21.95484249144359,-48.4562795050773,1.7379561516038948,3.9846882938425954,25.179063175326323,0.008572026610213605,0.0,on,connected,True,synthetic_device_spec_v11
synthetic_customer_005,cabinet_005,2026-09-06 10:00:00+00:00,0,0,0,0,True,True,False,21.723033596360068,-47.54934648016266,1.5388652970625978,3.927858288264795,24.46801702603012,0.019612409462793606,0.01164600572794822,on,connected,True,synthetic_device_spec_v11
synthetic_customer_005,cabinet_005,2026-09-06 10:10:00+00:00,0,0,0,0,True,True,False,21.629783683100833,-49.04171270891693,1.3199863859609677,3.9851277298125205,0.3004913610153517,0.0,0.018988036177611054,on,connected,True,synthetic_device_spec_v11
synthetic_customer_005,cabinet_005,2026-09-06 10:20:00+00:00,0,0,0,0,True,True,False,21.129111148588514,-48.038906518271546,1.9964706391445972,4.048818588584483,0.0,0.03823549555271041,0.002464511582279527,on,connected,True,synthetic_device_spec_v11
synthetic_customer_005,cabinet_005,2026-09-06 10:30:00+00:00,0,0,0,0,True,True,False,20.936123495751218,-47.87246393272182,1.7984031842548196,3.8907901927854756,0.4979032820021422,0.046296498965545524,0.0,on,connected,True,synthetic_device_spec_v11
synthetic_customer_005,cabinet_005,2026-09-06 10:40:00+00:00,0,0,0,0,True,True,False,20.639608151746405,-47.13806793351435,1.7240943946870482,4.004215794340013,0.0,0.0,0.03333738294527374,on,connected,True,synthetic_device_spec_v11
synthetic_customer_005,cabinet_005,2026-09-06 10:50:00+00:00,0,0,0,0,True,True,False,20.237736612862772,-48.89222360584293,1.5703310180030576,4.015455933253371,0.0,0.006983779698281934,0.02575396853111017,on,connected,True,synthetic_device_spec_v11
synthetic_customer_005,cabinet_005,2026-09-06 11:00:00+00:00,0,0,0,0,True,True,False,19.979746455010854,-47.631118582547074,1.3711520744200223,3.9284973707618667,0.0,0.0,0.0,on,connected,True,synthetic_device_spec_v11
synthetic_customer_005,cabinet_005,2026-09-06 11:10:00+00:00,0,0,0,0,True,True,False,19.746964218888763,-48.48134651225416,1.3435314104937617,4.1317683619140455,0.8464003848747023,0.0,0.0,on,connected,True,synthetic_device_spec_v11
synthetic_customer_005,cabinet_005,2026-09-06 11:20:00+00:00,0,0,0,0,True,True,False,19.858835756096088,-47.777026439150674,1.1451674280657547,4.164890368613798,0.23092177806873082,0.0,0.0,on,connected,True,synthetic_device_spec_v11
synthetic_customer_005,cabinet_005,2026-09-06 11:30:00+00:00,0,0,0,0,True,True,False,19.30168929879887,-49.94949460543907,1.0274661782043448,4.105060099693169,0.0,0.0,0.0,on,connected,True,synthetic_device_spec_v11
synthetic_customer_005,cabinet_005,2026-09-06 11:40:00+00:00,0,0,0,0,True,True,False,19.212231144473527,-49.257008679873934,1.006161740081706,4.091484208068063,0.5805779088179553,0.019200432602877387,0.0,on,connected,True,synthetic_device_spec_v11
synthetic_customer_005,cabinet_005,2026-09-06 11:50:00+00:00,0,0,0,0,True,True,False,18.92582772896146,-45.712578887708375,1.0399782976295662,3.9851200032447487,0.0,0.0,0.017274035819138455,on,connected,True,synthetic_device_spec_v11
synthetic_customer_005,cabinet_005,2026-09-06 12:00:00+00:00,0,0,0,0,True,True,False,18.722011390491453,-48.00555986655557,1.0382151854790584,3.8985337945379754,0.0,0.022598723494914222,0.02935317563531766,on,connected,True,synthetic_device_spec_v11
synthetic_customer_005,cabinet_005,2026-09-06 13:00:00+00:00,0,0,0,0,True,True,False,23.951534572439044,-46.37756549523721,2.9333393435426163,4.015173860914038,0.0,0.0,0.0,on,connected,True,synthetic_device_spec_v11
synthetic_customer_005,cabinet_005,2026-09-06 13:10:00+00:00,0,0,0,0,True,True,False,24.210971240020704,-47.28001013859588,2.997532850133215,3.9746459465061443,0.450243047851013,0.002008908135084168,0.0015525525383582788,on,connected,True,synthetic_device_spec_v11
synthetic_customer_005,cabinet_005,2026-09-06 13:20:00+00:00,0,0,0,0,True,True,False,23.97534536147429,-49.33035301235064,3.0531983796102544,3.991910282945337,0.0,0.0348262376040026,0.0,on,connected,True,synthetic_device_spec_v11
synthetic_customer_005,cabinet_005,2026-09-06 13:30:00+00:00,0,0,0,0,True,True,False,24.034416424735326,-47.4764421240111,2.9918833877873263,4.110843598587052,0.7245907352818862,0.0,0.0,on,connected,True,synthetic_device_spec_v11
synthetic_customer_005,cabinet_005,2026-09-06 13:40:00+00:00,0,0,0,0,True,True,False,23.791757086446513,-47.97732040334616,2.994589858778727,3.936695644975803,0.0,0.015244054950679537,0.022736158480970436,on,connected,True,synthetic_device_spec_v11
synthetic_customer_005,cabinet_005,2026-09-06 13:50:00+00:00,0,0,0,0,True,True,False,24.15013542322597,-48.52169695810757,3.0552157218153893,4.042891773354063,0.0,0.0,0.0,on,connected,True,synthetic_device_spec_v11
synthetic_customer_005,cabinet_005,2026-09-06 14:00:00+00:00,0,0,0,0,True,True,False,23.875083719963115,-48.95389777271324,2.9504926123340365,4.056614996064941,0.1704019206711695,0.0,0.0,on,connected,True,synthetic_device_spec_v11
synthetic_customer_005,cabinet_005,2026-09-06 14:10:00+00:00,0,0,0,0,True,True,False,23.754768200621726,-48.73231601750311,3.011465033974387,4.026066184563214,0.0,0.004117007605859656,0.01645243371875044,on,connected,True,synthetic_device_spec_v11
synthetic_customer_005,cabinet_005,2026-09-06 14:20:00+00:00,0,0,0,0,True,True,False,24.046229877647356,-46.84000391240096,2.977438670398504,4.038675274336416,0.0,0.0,0.0,on,connected,True,synthetic_device_spec_v11
synthetic_customer_005,cabinet_005,2026-09-06 14:30:00+00:00,0,0,0,0,True,True,False,24.002488076016807,-46.52347557482612,3.013154446407421,3.9307951040437215,0.3911002570128216,0.022201357310638686,0.0055616274623742174,on,connected,True,synthetic_device_spec_v11
synthetic_customer_005,cabinet_005,2026-09-06 14:40:00+00:00,0,0,0,0,True,True,False,24.159780524782867,-47.32553043521646,2.969440717142631,3.983449218827142,0.13705204759117998,0.02203428276220397,0.0038582940668434543,on,connected,True,synthetic_device_spec_v11
synthetic_customer_005,cabinet_005,2026-09-06 14:50:00+00:00,0,0,0,0,True,True,False,23.82251016511433,-48.27460932463091,2.963898564960008,4.009613656117584,0.0,0.0,0.0038548837975035926,on,connected,True,synthetic_device_spec_v11
synthetic_customer_005,cabinet_005,2026-09-06 15:00:00+00:00,0,0,0,0,True,True,False,23.941100872134907,-47.92317620126745,2.9902015430203526,4.0004236981161565,0.0,0.050413668496793906,0.0040150176878600095,on,connected,True,synthetic_device_spec_v11
synthetic_customer_005,cabinet_005,2026-09-06 15:10:00+00:00,0,0,0,0,True,True,False,24.100720769485996,-45.90749306543083,3.007564288112534,4.059605597604509,0.0,0.03868109768965472,0.012911899807701034,on,connected,True,synthetic_device_spec_v11
synthetic_customer_005,cabinet_005,2026-09-06 15:20:00+00:00,0,0,0,0,True,True,False,23.984741757240474,-49.10846743596939,2.9734296263472277,3.9082272721741043,0.39775170708923097,0.0,0.03738030074690615,on,connected,True,synthetic_device_spec_v11
synthetic_customer_005,cabinet_005,2026-09-06 15:30:00+00:00,0,0,0,0,True,True,False,24.015405020620772,-46.950523725008345,2.987036113323892,4.003511546447498,0.6218004385917346,0.019577848765612506,0.00168180404401685,on,connected,True,synthetic_device_spec_v11
synthetic_customer_005,cabinet_005,2026-09-06 15:40:00+00:00,0,0,0,0,True,True,False,24.241747674546552,-49.201916790338245,3.0807591732706427,3.9715966892713293,0.0,0.0,0.014835700132408097,on,connected,True,synthetic_device_spec_v11
synthetic_customer_005,cabinet_005,2026-09-06 15:50:00+00:00,0,0,0,0,True,True,False,23.94928714814919,-48.33221413950211,2.911352640641254,3.99384092903997,0.0,0.03523249383086063,0.005457330188902226,on,connected,True,synthetic_device_spec_v11
synthetic_customer_005,cabinet_005,2026-09-06 16:00:00+00:00,0,0,0,0,True,True,False,23.94259173403507,-48.455026469275964,2.981699296506903,3.986096690964961,0.0,0.0,0.0,on,connected,True,synthetic_device_spec_v11
synthetic_customer_005,cabinet_005,2026-09-06 16:10:00+00:00,0,0,0,0,True,True,False,24.144834968095246,-47.57550285665284,3.0323459183481942,4.104973933655987,0.09951017836410664,0.0,0.024761277322932505,on,connected,True,synthetic_device_spec_v11
synthetic_customer_005,cabinet_005,2026-09-06 16:20:00+00:00,0,0,0,0,True,True,False,24.263581823667984,-48.60067073452242,3.0064635927487857,3.9519779653819276,0.24451429007428208,0.0,2.9051143468877525e-05,on,connected,True,synthetic_device_spec_v11
synthetic_customer_005,cabinet_005,2026-09-06 16:30:00+00:00,0,0,0,0,True,True,False,24.10133263060918,-46.28630128646861,2.989640753312644,4.035661020630656,0.0,0.0,0.0,on,connected,True,synthetic_device_spec_v11
synthetic_customer_005,cabinet_005,2026-09-06 16:40:00+00:00,0,0,0,0,True,True,False,24.1405269517256,-47.503399904331445,3.0112502012508267,4.069031841245061,1.063274559068809,0.0,0.004807587137905896,on,connected,True,synthetic_device_spec_v11
synthetic_customer_005,cabinet_005,2026-09-06 16:50:00+00:00,0,0,0,0,True,True,False,23.963094138150893,-47.80877084842803,2.935852321083407,4.088445160222663,0.0,0.0,0.0,on,connected,True,synthetic_device_spec_v11
synthetic_customer_005,cabinet_005,2026-09-06 17:00:00+00:00,0,0,0,0,True,True,False,24.063495907976087,-48.41255138877928,2.946542771444749,4.030771578065763,0.0,0.0,0.03730601891605577,on,connected,True,synthetic_device_spec_v11
synthetic_customer_005,cabinet_005,2026-09-06 17:10:00+00:00,0,0,0,0,True,True,False,23.940399884134937,-48.742350985944626,3.003662878357665,3.9983751072035973,0.12452357367597588,0.007228041835401583,0.0,on,connected,True,synthetic_device_spec_v11
synthetic_customer_005,cabinet_005,2026-09-06 17:20:00+00:00,0,0,0,0,True,True,False,24.147166276760398,-49.172454918382655,2.9864737970108433,4.084077881584243,0.1612167005542196,0.053940230666763206,0.0,on,connected,True,synthetic_device_spec_v11
synthetic_customer_005,cabinet_005,2026-09-06 17:30:00+00:00,0,0,0,0,True,True,False,24.08326382665049,-48.166633460410104,2.9948220858746875,4.175804088597725,0.0,0.0010646539431541137,0.014944259921097321,on,connected,True,synthetic_device_spec_v11
synthetic_customer_005,cabinet_005,2026-09-06 17:40:00+00:00,0,0,0,0,True,True,False,24.09382751739255,-49.070291668146965,3.0325121812922684,4.250383725528196,0.0,0.0,0.06136618762779083,on,connected,True,synthetic_device_spec_v11
synthetic_customer_005,cabinet_005,2026-09-06 17:50:00+00:00,0,0,0,0,True,True,False,23.907619398764442,-49.262214678863856,2.928237869471736,4.475457557327494,0.0,0.022785342175659373,0.05684007495879173,on,connected,True,synthetic_device_spec_v11
synthetic_customer_005,cabinet_005,2026-09-06 18:00:00+00:00,0,0,0,0,True,True,False,23.967932950142668,-49.67959269786734,2.9436073427737,4.590956395966465,0.0,0.004420896564407652,0.10798258699833733,on,connected,True,synthetic_device_spec_v11
synthetic_customer_005,cabinet_005,2026-09-06 18:10:00+00:00,1,1,1,1,True,True,False,24.000154216813,-49.02636837255905,2.97480764450742,4.877009607554665,0.0,0.0,0.1042541558307628,on,connected,True,synthetic_device_spec_v11
synthetic_customer_005,cabinet_005,2026-09-06 18:20:00+00:00,1,1,1,1,True,True,False,23.959350572062167,-48.18512386073386,2.9712611046986868,5.003713237103078,0.4657141490876931,0.0,0.13378521975707486,on,connected,True,synthetic_device_spec_v11
synthetic_customer_005,cabinet_005,2026-09-06 18:30:00+00:00,1,1,1,1,True,True,False,23.90219895567873,-47.514609542915146,3.035569135899081,5.096013356417045,0.19941287103898225,0.0,0.13023702395831635,on,connected,True,synthetic_device_spec_v11
synthetic_customer_005,cabinet_005,2026-09-06 18:40:00+00:00,0,0,0,0,True,True,False,24.020547395298703,-48.39889698530998,2.9706796425132675,5.275461322976376,0.716959477853538,0.041139320412493345,0.20314206353098696,on,connected,True,synthetic_device_spec_v11
synthetic_customer_005,cabinet_005,2026-09-06 18:50:00+00:00,0,0,0,0,True,True,False,24.05958555839824,-47.963301879721406,2.9893076456022234,5.488330734358488,0.24940952910360858,0.0,0.2224665533151354,on,connected,True,synthetic_device_spec_v11
synthetic_customer_005,cabinet_005,2026-09-06 19:00:00+00:00,0,0,0,0,True,True,False,23.86355789734227,-48.72582535055782,3.058507514683522,5.629884192492408,1.0353306001327502,0.0,0.20928931719195776,on,connected,True,synthetic_device_spec_v11
synthetic_customer_005,cabinet_005,2026-09-06 19:10:00+00:00,0,0,0,0,True,True,False,23.827435793293976,-47.32376938629625,3.0230145882065265,5.604426648962067,0.19058656072789937,0.0,0.2234999375146447,on,connected,True,synthetic_device_spec_v11
synthetic_customer_005,cabinet_005,2026-09-06 19:20:00+00:00,0,0,0,0,True,True,False,23.981254062660216,-47.36743745470627,3.0317898439930207,5.891148900311473,0.0,0.0,0.22720092023727562,on,connected,True,synthetic_device_spec_v11
synthetic_customer_005,cabinet_005,2026-09-06 19:30:00+00:00,0,0,0,0,True,True,False,23.94520090949603,-48.974982402217485,2.996202490449153,6.032358542814255,0.0,0.009185078308753128,0.266076081659396,on,connected,True,synthetic_device_spec_v11
synthetic_customer_005,cabinet_005,2026-09-06 19:40:00+00:00,0,0,0,0,True,True,False,24.176894720235275,-47.77607613683518,2.987725681554193,6.189175867580847,0.0,0.0,0.2818460030834718,on,connected,True,synthetic_device_spec_v11
synthetic_customer_005,cabinet_005,2026-09-06 19:50:00+00:00,0,0,0,0,True,True,False,23.98530786653045,-49.07934108169743,2.9790095292240504,6.458822094233378,0.0,0.03325686441539831,0.3092423866351,on,connected,True,synthetic_device_spec_v11
synthetic_customer_005,cabinet_005,2026-09-06 20:00:00+00:00,0,0,0,0,True,True,False,24.130344165685482,-48.078791489460706,2.962620368703508,6.470528064985031,0.5387304972328173,0.0,0.2945278772041583,on,connected,True,synthetic_device_spec_v11
synthetic_customer_005,cabinet_005,2026-09-06 20:10:00+00:00,0,0,0,0,True,True,False,24.035257267597984,-46.791003494470075,2.966167004840092,6.669872219074204,0.04022324470023678,0.024201446122968373,0.37099980955320677,on,connected,True,synthetic_device_spec_v11
synthetic_customer_005,cabinet_005,2026-09-06 20:20:00+00:00,0,0,0,0,True,True,False,23.968951879008852,-47.59111856820409,2.9244160463004483,6.887079340878357,0.2586369918720944,0.02950910197376413,0.3742824161830724,on,connected,True,synthetic_device_spec_v11
synthetic_customer_005,cabinet_005,2026-09-06 20:30:00+00:00,0,0,0,0,True,True,False,24.120639468366413,-48.768713339570915,3.068691765929067,7.000516903513379,0.2206343146237576,0.014234177700125512,0.40960278821785184,on,connected,True,synthetic_device_spec_v11
synthetic_customer_005,cabinet_005,2026-09-06 20:40:00+00:00,0,0,0,0,True,True,False,23.920442314675782,-49.12360025199955,2.9969611678052646,7.026278461669786,0.23836366855169638,0.01651342128573782,0.3927951063764532,on,connected,True,synthetic_device_spec_v11
synthetic_customer_005,cabinet_005,2026-09-06 20:50:00+00:00,0,0,0,0,True,True,False,24.284397222151117,-48.15711296421199,3.0247682263206976,7.065668830163568,0.3541067291881001,0.0,0.40496568163944596,on,connected,True,synthetic_device_spec_v11
synthetic_customer_005,cabinet_005,2026-09-06 21:00:00+00:00,0,0,0,0,True,True,False,24.032312415001964,-45.97603431339131,2.9774476465191957,6.97457140360503,0.0,0.0,0.38893978506592347,on,connected,True,synthetic_device_spec_v11
synthetic_customer_005,cabinet_005,2026-09-06 21:10:00+00:00,0,0,0,0,True,True,False,24.00265738017209,-49.08078286196022,3.0133068433077983,7.039847686565043,0.0,0.0,0.41983849454123384,on,connected,True,synthetic_device_spec_v11
synthetic_customer_005,cabinet_005,2026-09-06 21:20:00+00:00,0,0,0,0,True,True,False,23.91294820265321,-48.8123500703355,3.0396308634697093,4.0520135315183206,0.21852314042830953,0.0,0.0,on,connected,True,synthetic_device_spec_v11
synthetic_customer_005,cabinet_005,2026-09-06 21:30:00+00:00,0,0,0,0,True,True,False,23.838662708981943,-48.81728177468402,3.0169915784046384,3.9972777461059166,0.0,0.0,0.0,on,connected,True,synthetic_device_spec_v11
synthetic_customer_005,cabinet_005,2026-09-06 21:40:00+00:00,0,0,0,0,True,True,False,24.02598359301995,-46.92249829128458,2.9442801685950943,3.9566334329974633,0.10408463644833368,0.0,0.02075714415435166,on,connected,True,synthetic_device_spec_v11
synthetic_customer_005,cabinet_005,2026-09-06 21:50:00+00:00,0,0,0,0,True,True,False,23.96686427639455,-48.59938060220219,3.0012820440984025,4.026374794861621,0.5534168336913041,0.0,0.0,on,connected,True,synthetic_device_spec_v11
synthetic_customer_005,cabinet_005,2026-09-06 22:00:00+00:00,0,0,0,0,True,True,False,24.163613191901412,-48.10144695530723,2.93460554414951,4.016441452656464,0.0,0.019270955416175874,0.01454678921708836,on,connected,True,synthetic_device_spec_v11
synthetic_customer_005,cabinet_005,2026-09-06 22:10:00+00:00,0,0,0,0,True,True,False,24.04702028535786,-47.311127935868804,3.030855212925279,4.031269817559685,0.0,0.0,0.0,on,connected,True,synthetic_device_spec_v11
synthetic_customer_005,cabinet_005,2026-09-06 22:20:00+00:00,0,0,0,0,True,True,False,23.83367032154268,-47.37407040844977,3.043662187989845,3.825717989054806,0.0,0.001299757066251769,0.0,on,connected,True,synthetic_device_spec_v11
synthetic_customer_005,cabinet_005,2026-09-06 22:30:00+00:00,0,0,0,0,True,True,False,24.082958982266625,-46.01474337370756,3.0185409643402927,4.07067787129354,0.0,0.00929314143095269,0.005648870556130575,on,connected,True,synthetic_device_spec_v11
synthetic_customer_005,cabinet_005,2026-09-06 22:40:00+00:00,0,0,0,0,True,True,False,24.11423472502549,-47.44062920496364,3.0068741445489215,4.028957665786172,0.5166579029565102,0.0016473675659210213,0.002162757996329699,on,connected,True,synthetic_device_spec_v11
synthetic_customer_005,cabinet_005,2026-09-06 22:50:00+00:00,0,0,0,0,True,True,False,23.747954256847187,-47.6133510682888,3.0252543055101975,3.9938374012090865,0.06896055695667551,0.0,0.015561936610877304,on,connected,True,synthetic_device_spec_v11
synthetic_customer_005,cabinet_005,2026-09-06 23:00:00+00:00,0,0,0,0,True,True,False,23.982741320331797,-48.54177473374813,2.9913649670385904,4.054345867631098,0.2558398661447372,0.0,0.0076772363600934295,on,connected,True,synthetic_device_spec_v11
synthetic_customer_005,cabinet_005,2026-09-06 23:10:00+00:00,0,0,0,0,True,True,False,24.0069811596564,-47.808138384970626,3.0015917041847646,4.018616982276124,0.0,0.0,0.0,on,connected,True,synthetic_device_spec_v11
synthetic_customer_005,cabinet_005,2026-09-06 23:20:00+00:00,0,0,0,0,True,True,False,24.081349329519774,-47.56024743075103,2.9882448415967837,3.9729794899443136,0.0,0.02105339557742615,0.035798036137383436,on,connected,True,synthetic_device_spec_v11
synthetic_customer_005,cabinet_005,2026-09-06 23:30:00+00:00,0,0,0,0,True,True,False,23.864490193618778,-46.38637378200826,3.0452318608172515,3.9621543946817983,0.0590799075094973,0.0,0.003653733478938671,on,connected,True,synthetic_device_spec_v11
synthetic_customer_005,cabinet_005,2026-09-06 23:40:00+00:00,0,0,0,0,True,True,False,23.792789179673434,-47.80547265429267,2.9770129290417984,4.048724167531664,0.0,0.0071684072802466695,0.01931196342185318,on,connected,True,synthetic_device_spec_v11
synthetic_customer_005,cabinet_005,2026-09-06 23:50:00+00:00,0,0,0,0,True,True,False,24.165281287364472,-46.87065004601788,3.0172900058605636,3.9725767882162097,0.0,0.008770962750290748,0.014580041242239408,on,connected,True,synthetic_device_spec_v11
synthetic_customer_005,cabinet_005,2026-09-07 00:00:00+00:00,0,0,0,0,True,True,False,23.886576032000253,-48.42050869698138,3.026761443350655,4.016310631167876,0.6081777999153489,0.0,0.0,on,connected,True,synthetic_device_spec_v11
synthetic_customer_005,cabinet_005,2026-09-07 00:10:00+00:00,1,1,1,1,True,True,False,24.230751741077118,-47.339932049840364,3.0218463140630116,3.980836225043444,0.0,0.017734250854367698,0.010437209313666321,on,connected,True,synthetic_device_spec_v11
synthetic_customer_005,cabinet_005,2026-09-07 00:20:00+00:00,1,1,1,1,True,True,False,23.80885875989626,-47.86043288038318,2.999786928215814,4.021234225163902,1.0083837164789127,0.014271118001374634,0.025807829311584346,on,connected,True,synthetic_device_spec_v11
synthetic_customer_005,cabinet_005,2026-09-07 00:30:00+00:00,1,1,1,1,True,True,False,23.932323990480004,-48.98503163145605,2.9721022679595426,3.974586048937234,0.08251116361043,0.0,0.0,on,connected,True,synthetic_device_spec_v11
synthetic_customer_005,cabinet_005,2026-09-07 00:40:00+00:00,0,0,0,0,True,True,False,24.149176169194533,-48.14706662489711,2.9845964556525297,3.960895617900913,0.0,0.0,0.0,on,connected,True,synthetic_device_spec_v11
synthetic_customer_005,cabinet_005,2026-09-07 00:50:00+00:00,0,0,0,0,True,True,False,24.028724738914423,-48.068767149046955,2.987650447485501,4.011968464679241,0.42632912289460057,0.0,0.008656235448502643,on,connected,True,synthetic_device_spec_v11
synthetic_customer_005,cabinet_005,2026-09-07 01:00:00+00:00,0,0,0,0,True,True,False,23.854874399911026,-46.601451891976275,2.957999142621099,4.021388937632482,0.0,0.0,0.0,on,connected,True,synthetic_device_spec_v11
synthetic_customer_005,cabinet_005,2026-09-07 01:10:00+00:00,0,0,0,0,True,True,False,23.92790834072187,-46.31318351863344,3.0318141258921774,3.9797495977486985,0.0,0.0,0.014946857954612197,on,connected,True,synthetic_device_spec_v11
synthetic_customer_005,cabinet_005,2026-09-07 01:20:00+00:00,0,0,0,0,True,True,False,23.928379711962073,-47.99426275058391,2.9923516218416792,3.943492472866168,0.0,0.011325307532637923,0.0,on,connected,True,synthetic_device_spec_v11
synthetic_customer_005,cabinet_005,2026-09-07 01:30:00+00:00,0,0,0,0,True,True,False,23.831484011572673,-48.6464919819921,3.045677188480248,3.9762072881847415,0.5500108628319051,0.0,0.017045147662884945,on,connected,True,synthetic_device_spec_v11
synthetic_customer_005,cabinet_005,2026-09-07 01:40:00+00:00,0,0,0,0,True,True,False,24.084386708397542,-48.23663238825615,3.096082954713891,4.088069306152147,0.0,0.008407057901049921,0.0,on,connected,True,synthetic_device_spec_v11
synthetic_customer_005,cabinet_005,2026-09-07 01:50:00+00:00,0,0,0,0,True,True,False,23.985076933279363,-48.72900918161095,3.0110541796317842,3.9839986539961294,0.7975207521705949,0.024198299287758834,0.0,on,connected,True,synthetic_device_spec_v11
synthetic_customer_005,cabinet_005,2026-09-07 02:00:00+00:00,0,0,0,0,True,True,False,24.091222704783103,-46.95539511074396,3.0092788938165085,4.0233276069858475,0.0,0.006291057189067806,0.0,on,connected,True,synthetic_device_spec_v11
synthetic_customer_005,cabinet_005,2026-09-07 02:10:00+00:00,0,0,0,0,True,True,False,24.127340243824676,-47.11967317380116,3.081512098563791,3.9503219254893214,0.0,0.0,0.03050716118642702,on,connected,True,synthetic_device_spec_v11
synthetic_customer_005,cabinet_005,2026-09-07 02:20:00+00:00,0,0,0,0,True,True,False,23.85017012188363,-50.467444558976595,2.9346139415786334,3.9689656936555275,0.0,0.0,0.027069330934647893,on,connected,True,synthetic_device_spec_v11
synthetic_customer_005,cabinet_005,2026-09-07 02:30:00+00:00,0,0,0,0,True,True,False,23.976730569348362,-46.751649749918215,2.9523047917896252,3.953492370923536,0.0,0.07106849709407596,0.01676653445192693,on,connected,True,synthetic_device_spec_v11
synthetic_customer_005,cabinet_005,2026-09-07 02:40:00+00:00,0,0,0,0,True,True,False,23.742136449627242,-49.04099530857369,3.1087936611447042,4.014585107302535,0.29175566141270176,0.0,0.04225891594431337,on,connected,True,synthetic_device_spec_v11
synthetic_customer_005,cabinet_005,2026-09-07 02:50:00+00:00,0,0,0,0,True,True,False,23.856145328855813,-49.010231807735494,2.9398024762388624,4.091981878591848,0.0,0.0,0.0,on,connected,True,synthetic_device_spec_v11
synthetic_customer_005,cabinet_005,2026-09-07 03:00:00+00:00,0,0,0,0,True,True,False,24.063070512440458,-47.4098089462194,2.9543603954355806,4.097612329383117,0.1281579243704249,0.0,0.0006514853326695907,on,connected,True,synthetic_device_spec_v11
synthetic_customer_005,cabinet_005,2026-09-07 03:10:00+00:00,0,0,0,0,True,True,False,23.922660530653932,-48.73630980347546,2.9421013145908246,3.973178203567894,0.2805593902912968,0.0,0.0,on,connected,True,synthetic_device_spec_v11
synthetic_customer_005,cabinet_005,2026-09-07 03:20:00+00:00,0,0,0,0,True,True,False,24.142487336731445,-47.33932439183175,3.016260285912033,4.094453846959996,0.0,0.042951928616874746,0.005243580245255979,on,connected,True,synthetic_device_spec_v11
synthetic_customer_005,cabinet_005,2026-09-07 03:30:00+00:00,0,0,0,0,True,True,False,24.00153855866104,-48.28040719144859,2.9865006493710893,3.983185672600127,0.19237716927785078,0.015713274438305305,0.0,on,connected,True,synthetic_device_spec_v11
synthetic_customer_005,cabinet_005,2026-09-07 03:40:00+00:00,0,0,0,0,True,True,False,24.103812088682755,-46.9801780705151,2.9572496330408016,3.9994658262538545,0.0,0.019722543550035804,0.018116991528722343,on,connected,True,synthetic_device_spec_v11
synthetic_customer_005,cabinet_005,2026-09-07 03:50:00+00:00,0,0,0,0,True,True,False,23.873132415592913,-47.42430359620564,2.9666098199424624,3.9953542856179136,0.8761269440531324,0.0,0.0,on,connected,True,synthetic_device_spec_v11
synthetic_customer_005,cabinet_005,2026-09-07 04:00:00+00:00,0,0,0,0,True,True,False,24.1099230459924,-49.683070497183245,2.98869040190955,4.046900535114504,0.07528342325572952,0.04128542753908833,0.0,on,connected,True,synthetic_device_spec_v11
synthetic_customer_005,cabinet_005,2026-09-07 04:10:00+00:00,0,0,0,0,True,True,False,24.06208565804123,-48.03452733343493,2.9488729517003507,4.059022355935367,0.17056915107526419,0.012366387842609461,0.02991837378466619,on,connected,True,synthetic_device_spec_v11
synthetic_customer_005,cabinet_005,2026-09-07 04:20:00+00:00,0,0,0,0,True,True,False,23.880018397863203,-48.119639562651564,2.997331594634498,4.029400709111117,0.0,0.010635910391853437,0.0,on,connected,True,synthetic_device_spec_v11
synthetic_customer_005,cabinet_005,2026-09-07 04:30:00+00:00,0,0,0,0,True,True,False,23.88539233057042,-46.29791169155586,3.003073252049704,3.9964115352553393,0.1572313847305303,0.0,0.0,on,connected,True,synthetic_device_spec_v11
synthetic_customer_005,cabinet_005,2026-09-07 04:40:00+00:00,0,0,0,0,True,True,False,24.017894703829757,-48.193413879250535,2.980762544172437,4.0162346842795476,0.11713784218914723,0.005091921221549728,0.03306068290029651,on,connected,True,synthetic_device_spec_v11
synthetic_customer_005,cabinet_005,2026-09-07 04:50:00+00:00,0,0,0,0,True,True,False,24.086466395821322,-48.2904918220788,2.9941222845780238,4.023113367856449,0.0,0.0,0.029258863282188397,on,connected,True,synthetic_device_spec_v11
synthetic_customer_005,cabinet_005,2026-09-07 05:00:00+00:00,0,0,0,0,True,True,False,24.045941597695784,-47.233993548845106,3.007558453985453,3.939427912656752,0.0,0.0,0.0,on,connected,True,synthetic_device_spec_v11
synthetic_customer_005,cabinet_005,2026-09-07 05:10:00+00:00,0,0,0,0,True,True,False,24.07467165181729,-48.80057210382972,2.9640084624904333,3.8928700175555746,0.49680022676775276,0.0,0.0,on,connected,True,synthetic_device_spec_v11
synthetic_customer_005,cabinet_005,2026-09-07 05:20:00+00:00,0,0,0,0,True,True,False,23.805983234713,-48.87936461258299,2.9740563202229082,3.9709095949893287,0.0,0.013364308687050222,0.0,on,connected,True,synthetic_device_spec_v11
synthetic_customer_005,cabinet_005,2026-09-07 05:30:00+00:00,0,0,0,0,True,True,False,24.28818808027744,-49.01239061874089,3.0335529422938174,4.028119650571783,0.0,0.0,0.004398316533698854,on,connected,True,synthetic_device_spec_v11
synthetic_customer_005,cabinet_005,2026-09-07 05:40:00+00:00,0,0,0,0,True,True,False,23.91512484308181,-48.99088633526936,2.9146212453311775,4.086570323581457,0.25797580654896224,0.049635594169168344,0.0,on,connected,True,synthetic_device_spec_v11
synthetic_customer_005,cabinet_005,2026-09-07 05:50:00+00:00,0,0,0,0,True,True,False,23.991402511911108,-50.73198262614466,3.026325241451136,4.074672190725626,0.0,0.044723360983866256,0.0,on,connected,True,synthetic_device_spec_v11
synthetic_customer_005,cabinet_005,2026-09-07 06:00:00+00:00,0,0,0,0,True,True,False,24.227132354492692,-48.715465708835055,3.04374346522462,3.9968966650325597,0.13970882138483562,0.0,0.0,on,connected,True,synthetic_device_spec_v11
synthetic_customer_005,cabinet_005,2026-09-07 06:10:00+00:00,1,1,1,1,True,True,False,23.98562404401168,-48.84731593549645,3.015348239566905,4.067551357953484,0.0,0.0,0.0,on,connected,True,synthetic_device_spec_v11
synthetic_customer_005,cabinet_005,2026-09-07 06:20:00+00:00,1,1,1,1,True,True,False,23.893995562330065,-50.458207638466405,3.043785756799093,4.048398853895315,0.8546565531094369,0.03296258883798294,0.0038621908525786333,on,connected,True,synthetic_device_spec_v11
synthetic_customer_005,cabinet_005,2026-09-07 06:30:00+00:00,1,1,1,1,True,True,False,24.124758979847126,-48.44656387671939,3.0123524287726853,4.054811933050119,0.4971462489964172,0.0,0.0002925262650444647,on,connected,True,synthetic_device_spec_v11
synthetic_customer_005,cabinet_005,2026-09-07 06:40:00+00:00,0,0,0,0,True,True,False,24.164801588520774,-47.26353394892838,3.028238837411839,3.929356005935447,0.0,0.06493671944888402,0.0,on,connected,True,synthetic_device_spec_v11
synthetic_customer_005,cabinet_005,2026-09-07 06:50:00+00:00,0,0,0,0,True,True,False,23.971720657526994,-49.67953337757846,2.980770921414513,3.9458885485464044,0.0,0.025933700198617113,0.0,on,connected,True,synthetic_device_spec_v11
synthetic_customer_005,cabinet_005,2026-09-07 07:00:00+00:00,0,0,0,0,True,True,False,24.002638465277766,-48.012343131585745,3.019482869307696,4.0466479294142506,0.0,0.0,0.0037339318603385376,on,connected,True,synthetic_device_spec_v11
synthetic_customer_005,cabinet_005,2026-09-07 07:10:00+00:00,0,0,0,0,True,True,False,24.114449654870917,-48.37838124507582,3.0314329745554347,4.0316673197755675,0.054783106355320334,0.0,0.01618865026981808,on,connected,True,synthetic_device_spec_v11
synthetic_customer_005,cabinet_005,2026-09-07 07:20:00+00:00,0,0,0,0,True,True,False,23.876158699382398,-47.23089392943067,3.012369441533637,3.937872389132879,0.20244990804604918,0.0,0.0,on,connected,True,synthetic_device_spec_v11
synthetic_customer_005,cabinet_005,2026-09-07 07:30:00+00:00,0,0,0,0,True,True,False,24.32052587230943,-47.77497838262906,3.0087596641084273,4.071973405159167,0.0,0.010744321671983224,0.0,on,connected,True,synthetic_device_spec_v11
synthetic_customer_005,cabinet_005,2026-09-07 07:40:00+00:00,0,0,0,0,True,True,False,24.021889880852008,-48.04214686424951,2.960477217642421,4.074728842221018,0.19854911923331453,0.036635255788325154,0.02419449572762977,on,connected,True,synthetic_device_spec_v11
synthetic_customer_005,cabinet_005,2026-09-07 07:50:00+00:00,0,0,0,0,True,True,False,24.024775742957633,-48.267534514379406,3.036465434280591,4.01642306214048,0.09291599365172386,0.0,0.03319228973469077,on,connected,True,synthetic_device_spec_v11
synthetic_customer_005,cabinet_005,2026-09-07 08:00:00+00:00,0,0,0,0,True,True,False,23.956599831624782,-48.5287397106813,3.0262282044820417,4.09434793413548,0.0,0.0,4.493365159344976e-06,on,connected,True,synthetic_device_spec_v11
synthetic_customer_005,cabinet_005,2026-09-07 08:10:00+00:00,0,0,0,0,True,True,False,24.04615673829558,-48.41047019392195,2.9877482340639854,4.037880225330735,0.0,0.017584244393434867,0.0,on,connected,True,synthetic_device_spec_v11
synthetic_customer_005,cabinet_005,2026-09-07 08:20:00+00:00,0,0,0,0,True,True,False,23.995715112963204,-47.151601120080954,2.9544032387425263,4.028225148888286,0.2366882177378392,0.01208352380129452,0.0,on,connected,True,synthetic_device_spec_v11
synthetic_customer_005,cabinet_005,2026-09-07 08:30:00+00:00,0,0,0,0,True,True,False,23.90562881792265,-47.780521197962,2.9764732620544807,3.992899407534739,0.5842523139009971,0.0,0.0,on,connected,True,synthetic_device_spec_v11
synthetic_customer_005,cabinet_005,2026-09-07 08:40:00+00:00,0,0,0,0,True,True,False,24.025237102420416,-47.46829654282182,2.996640769473125,4.011014597741685,0.0355333132297796,0.010674506907926965,0.019274757189149453,on,connected,True,synthetic_device_spec_v11
synthetic_customer_005,cabinet_005,2026-09-07 08:50:00+00:00,0,0,0,0,True,True,False,24.293114879168243,-47.305277655301076,3.0668792203364257,4.013261295369417,0.7229870056273497,0.0,0.03733854759914793,on,connected,True,synthetic_device_spec_v11
synthetic_customer_005,cabinet_005,2026-09-07 09:00:00+00:00,0,0,0,0,True,True,False,23.88185154698052,-49.51405651149405,2.9622854627732593,3.9613699057148466,0.0,0.0,0.0,on,connected,True,synthetic_device_spec_v11
synthetic_customer_005,cabinet_005,2026-09-07 09:10:00+00:00,0,0,0,0,True,True,False,24.229552035829574,-49.76066883684847,2.9721121304274485,4.031010319895446,0.02634450285511315,0.0,0.0,on,connected,True,synthetic_device_spec_v11
synthetic_customer_005,cabinet_005,2026-09-07 09:20:00+00:00,0,0,0,0,True,True,False,23.95676897872446,-47.90505764809781,2.950513068912458,3.949229454959569,0.0,0.010288091826457388,0.0,on,connected,True,synthetic_device_spec_v11
synthetic_customer_005,cabinet_005,2026-09-07 09:30:00+00:00,0,0,0,0,True,True,False,24.09326775526622,-49.64372292424981,2.999145525015314,3.89907699833445,0.11277271489278257,0.0,0.0,on,connected,True,synthetic_device_spec_v11
synthetic_customer_005,cabinet_005,2026-09-07 09:40:00+00:00,0,0,0,0,True,True,False,24.070038095307176,-46.800319001112285,3.0169765068534624,3.93025511501234,0.24970597968793043,0.00490993752554708,0.033998914304970616,on,connected,True,synthetic_device_spec_v11
synthetic_customer_005,cabinet_005,2026-09-07 09:50:00+00:00,0,0,0,0,True,True,False,24.194596164006605,-49.25071087421064,2.990755051945952,4.006921050553326,0.0,0.00572654077137776,0.016977683521665753,on,connected,True,synthetic_device_spec_v11
synthetic_customer_005,cabinet_005,2026-09-07 10:00:00+00:00,0,0,0,0,True,True,False,23.963564230926398,-49.71230328621822,2.9067296052608134,4.018253177979604,1.1003556122304525,0.0,0.006925711883143177,on,connected,True,synthetic_device_spec_v11
synthetic_customer_005,cabinet_005,2026-09-07 10:10:00+00:00,0,0,0,0,True,True,False,24.17496513402919,-48.37720297269102,3.0112727432606383,4.0626379517719515,0.7126204886407398,0.00046293034740310955,0.013123396350055197,on,connected,True,synthetic_device_spec_v11
synthetic_customer_005,cabinet_005,2026-09-07 10:20:00+00:00,0,0,0,0,True,True,False,24.159011694886576,-48.440154745978326,3.036479807688119,4.0449525132906405,0.0,0.011677903805368815,0.01057809885528177,on,connected,True,synthetic_device_spec_v11
synthetic_customer_005,cabinet_005,2026-09-07 10:30:00+00:00,0,0,0,0,True,True,False,23.928227978651943,-49.01240254199697,2.9527419608682632,4.05063845230733,0.7252265745037461,0.0,0.022446399935147528,on,connected,True,synthetic_device_spec_v11
synthetic_customer_005,cabinet_005,2026-09-07 10:40:00+00:00,0,0,0,0,True,True,False,23.930546425449343,-47.33292144355174,3.0089757044074785,4.022946277392388,0.0,0.0,0.0,on,connected,True,synthetic_device_spec_v11
synthetic_customer_005,cabinet_005,2026-09-07 10:50:00+00:00,0,0,0,0,True,True,False,24.12171835348939,-48.28616550160397,3.0600905866107073,4.019773897316649,0.0,0.0,0.01786742128793872,on,connected,True,synthetic_device_spec_v11
synthetic_customer_005,cabinet_005,2026-09-07 11:00:00+00:00,0,0,0,0,True,True,False,23.973894448513757,-47.45716260165743,3.005846127506783,4.077159008879555,0.0,0.04377582317196159,0.004250474024454636,on,connected,True,synthetic_device_spec_v11
synthetic_customer_005,cabinet_005,2026-09-07 11:10:00+00:00,0,0,0,0,True,True,False,24.075160001524385,-47.357682044628596,3.0191915809704377,3.992379604417185,0.0,0.03337279404914452,0.0,on,connected,True,synthetic_device_spec_v11
synthetic_customer_005,cabinet_005,2026-09-07 11:20:00+00:00,0,0,0,0,True,True,False,24.041282375234527,-48.303770741264024,2.9873773211443937,3.9867892721403777,0.3211902773368389,0.02173120255068854,0.02612434083663279,on,connected,True,synthetic_device_spec_v11
synthetic_customer_005,cabinet_005,2026-09-07 11:30:00+00:00,0,0,0,0,True,True,False,24.097532681741523,-49.25759290475554,3.0575752763678175,3.9191503843633635,0.0,0.021887735775563646,0.0,on,connected,True,synthetic_device_spec_v11
synthetic_customer_005,cabinet_005,2026-09-07 11:40:00+00:00,0,0,0,0,True,True,False,24.209875491398996,-47.427749719855726,3.0366296817544995,4.028703676137083,0.0,0.046294677179947605,0.00026685891893105026,on,connected,True,synthetic_device_spec_v11
synthetic_customer_005,cabinet_005,2026-09-07 11:50:00+00:00,0,0,0,0,True,True,False,23.689452294094057,-48.712739364456574,2.9952466809063187,3.9519281653116307,0.31706076694404933,0.0,0.0,on,connected,True,synthetic_device_spec_v11
synthetic_customer_005,cabinet_005,2026-09-07 12:00:00+00:00,0,0,0,0,True,True,False,23.356995694678307,-47.89976341179811,3.0322699995400546,4.0145765845575605,0.0,0.02873255926225762,0.0,on,connected,True,synthetic_device_spec_v11
synthetic_customer_005,cabinet_005,2026-09-07 12:10:00+00:00,1,1,1,1,True,True,False,22.899475171773762,-47.76084547831153,2.9949553632206443,4.090692583512594,0.29109349407891294,0.0038692939279387677,0.002595836513418888,on,connected,True,synthetic_device_spec_v11
synthetic_customer_005,cabinet_005,2026-09-07 12:20:00+00:00,1,1,1,1,True,True,False,22.629958155406026,-47.14166244864969,2.9467872742026713,3.9475217784374372,0.0,0.0,0.0111428805481586,on,connected,True,synthetic_device_spec_v11
synthetic_customer_005,cabinet_005,2026-09-07 12:30:00+00:00,1,1,1,1,True,True,False,22.342124916579728,-48.7295922410991,3.0105622666705583,4.075655407910186,0.11467471616239823,0.009894531417625922,0.0,on,connected,True,synthetic_device_spec_v11
synthetic_customer_005,cabinet_005,2026-09-07 12:40:00+00:00,0,0,0,0,True,True,False,21.94482952519133,-45.97486801071519,3.034462262483952,3.9670017914503335,0.0,0.028638412309996693,0.0,on,connected,True,synthetic_device_spec_v11
synthetic_customer_005,cabinet_005,2026-09-07 12:50:00+00:00,0,0,0,0,True,True,False,21.649677662707365,-47.11693508649189,2.993398697512481,3.99724534671299,0.0,0.0,0.0,on,connected,True,synthetic_device_spec_v11
synthetic_customer_005,cabinet_005,2026-09-07 13:00:00+00:00,0,0,0,0,True,True,False,21.105202413103026,-47.73520215100326,2.9808714448376534,4.038740542524884,0.0,0.017905067496756952,0.005141730059334555,on,connected,True,synthetic_device_spec_v11
synthetic_customer_005,cabinet_005,2026-09-07 13:10:00+00:00,0,0,0,0,True,True,False,21.11101782644662,-46.392964169597974,3.03882387761888,3.959527676791292,1.577039904781594,0.0,0.0,on,connected,True,synthetic_device_spec_v11
synthetic_customer_005,cabinet_005,2026-09-07 13:20:00+00:00,0,0,0,0,True,True,False,20.516073961247542,-49.0980692088315,3.072988686211377,4.055478136578737,0.0,0.059106552254495695,0.025881474036619386,on,connected,True,synthetic_device_spec_v11
synthetic_customer_005,cabinet_005,2026-09-07 13:30:00+00:00,0,0,0,0,True,True,False,20.191615630978664,-50.124905351934466,3.022798255621361,4.074650046781323,0.001205864023515672,0.0,0.022996374144292807,on,connected,True,synthetic_device_spec_v11
synthetic_customer_005,cabinet_005,2026-09-07 13:40:00+00:00,0,0,0,0,True,True,False,20.023232111957125,-48.80451817880109,3.044980209099371,3.974726356034855,0.0,0.005460729163040355,0.0,on,connected,True,synthetic_device_spec_v11
synthetic_customer_005,cabinet_005,2026-09-07 13:50:00+00:00,0,0,0,0,True,True,False,19.315299579393137,-47.433790074320356,2.988700373327315,3.9214821851040513,0.0,0.0025704988883987877,0.0,on,connected,True,synthetic_device_spec_v11
synthetic_customer_005,cabinet_005,2026-09-07 14:00:00+00:00,0,0,0,0,True,True,False,19.145784485402856,-48.74447154743134,2.992718340019472,4.022390481111884,0.4328160756245743,0.0,0.004461565166582216,on,connected,True,synthetic_device_spec_v11
synthetic_customer_005,cabinet_005,2026-09-07 14:10:00+00:00,0,0,0,0,True,True,False,18.818501234751665,-48.61536481918831,2.998205600629573,3.9186576390500107,0.11564211321265581,0.04398201395087578,0.0023058655021690752,on,connected,True,synthetic_device_spec_v11
synthetic_customer_005,cabinet_005,2026-09-07 15:00:00+00:00,0,0,0,0,True,True,False,24.194746668028525,-47.13734083338488,3.0368864064383643,3.981343515943814,0.18630990663112315,0.0,0.0009387850607121297,on,connected,True,synthetic_device_spec_v11
synthetic_customer_005,cabinet_005,2026-09-07 15:10:00+00:00,0,0,0,0,True,True,False,24.19909555608845,-48.67640584247096,2.911712615139382,4.002640721318932,0.7723157536747828,0.0,0.0,on,connected,True,synthetic_device_spec_v11
synthetic_customer_005,cabinet_005,2026-09-07 15:20:00+00:00,0,0,0,0,True,True,False,24.036766050554935,-47.08525738007555,2.7554539627287005,4.0893194245801325,0.0,0.04678823254721961,0.0,on,connected,True,synthetic_device_spec_v11
synthetic_customer_005,cabinet_005,2026-09-07 15:30:00+00:00,0,0,0,0,True,True,False,23.976030148163552,-48.24371396652555,2.662133598320372,4.043449860761279,0.11063547759674533,0.0,0.0,on,connected,True,synthetic_device_spec_v11
synthetic_customer_005,cabinet_005,2026-09-07 15:40:00+00:00,0,0,0,0,True,True,False,24.000692130949474,-45.46485684756002,2.6318613723464805,4.076254420854243,0.0,0.00867154460117431,0.0069421092812654685,on,connected,True,synthetic_device_spec_v11
synthetic_customer_005,cabinet_005,2026-09-07 15:50:00+00:00,0,0,0,0,True,True,False,23.854859261034093,-48.41656020736468,2.5611616045291137,4.055410351668092,0.0,0.0,0.0,on,connected,True,synthetic_device_spec_v11
synthetic_customer_005,cabinet_005,2026-09-07 16:00:00+00:00,0,0,0,0,True,True,False,24.11415820817431,-48.665870395781496,2.3572750813480483,4.058662948193894,0.0,0.0,0.0,on,connected,True,synthetic_device_spec_v11
synthetic_customer_005,cabinet_005,2026-09-07 16:10:00+00:00,0,0,0,0,True,True,False,23.965536127772932,-48.937946498186356,2.2863375401752504,3.9962345641390487,0.0,0.05742517349496147,0.0,on,connected,True,synthetic_device_spec_v11
synthetic_customer_005,cabinet_005,2026-09-07 16:20:00+00:00,0,0,0,0,True,True,False,24.1308252309686,-53.34719810101884,2.1978073422403295,4.0925091671048355,0.0,0.05387581165281963,0.0,on,connected,True,synthetic_device_spec_v11
synthetic_customer_005,cabinet_005,2026-09-07 16:30:00+00:00,0,0,0,0,True,True,False,24.00158346403813,-56.3319148656695,2.069047950139645,3.9314085674570753,0.0,0.15230808865126877,0.0,on,connected,True,synthetic_device_spec_v11
synthetic_customer_005,cabinet_005,2026-09-07 16:40:00+00:00,0,0,0,0,True,True,False,23.737685670897488,-56.503712684742204,1.984458372265661,4.008199409136661,0.16808755262503722,0.15918298767306965,0.0,on,connected,True,synthetic_device_spec_v11
synthetic_customer_005,cabinet_005,2026-09-07 16:50:00+00:00,0,0,0,0,True,True,False,23.900737779634415,-58.24506726797378,1.8639968663345976,3.955295920186158,0.0,0.1899928363309642,0.0021267738076761835,on,connected,True,synthetic_device_spec_v11
synthetic_customer_005,cabinet_005,2026-09-07 17:00:00+00:00,0,0,0,0,True,True,False,23.866424969808033,-60.6041411099467,1.7251203338813372,4.101656847674151,0.0,0.16567502062269823,0.011147379473087207,on,connected,True,synthetic_device_spec_v11
synthetic_customer_005,cabinet_005,2026-09-07 17:10:00+00:00,0,0,0,0,True,True,False,23.95388796256868,-61.78665248418295,1.664854920507146,4.248266657828427,0.0,0.24243421392590844,0.03909591853050813,on,connected,True,synthetic_device_spec_v11
synthetic_customer_005,cabinet_005,2026-09-07 17:20:00+00:00,0,0,0,0,True,True,False,24.41481222656087,-64.78641319462028,1.6395078527119042,4.359013694891186,0.0,0.3234097589527388,0.055528812545244624,on,connected,True,synthetic_device_spec_v11
synthetic_customer_005,cabinet_005,2026-09-07 17:30:00+00:00,0,0,0,0,True,True,False,23.951277592417274,-65.31689966956915,1.5167305393674162,4.812511196716906,0.0,0.3049991979604997,0.09929813478306168,on,connected,True,synthetic_device_spec_v11
synthetic_customer_005,cabinet_005,2026-09-07 17:40:00+00:00,0,0,0,0,True,True,False,23.955262301412485,-68.19826236671075,1.397229393365051,5.006378598530393,0.0,0.3771126306094598,0.16161935750746456,on,connected,True,synthetic_device_spec_v11
synthetic_customer_005,cabinet_005,2026-09-07 17:50:00+00:00,0,0,0,0,True,True,False,23.89769722958335,-68.60546230397803,1.227019731329896,5.1437812721314655,0.3766908928405057,0.37536777024408946,0.16876841788017805,on,connected,True,synthetic_device_spec_v11
synthetic_customer_005,cabinet_005,2026-09-07 18:00:00+00:00,0,0,0,0,True,True,False,24.179134413729958,-71.80809990961997,1.201494343779253,5.483185164560996,0.0,0.49077278158806886,0.18563084785152248,on,connected,True,synthetic_device_spec_v11
synthetic_customer_005,cabinet_005,2026-09-07 18:10:00+00:00,1,1,1,1,True,True,False,24.034481255403033,-75.25003081225691,0.9988767703230382,5.857931563888214,0.0,0.4437367894576926,0.2425552644979589,on,connected,True,synthetic_device_spec_v11
synthetic_customer_005,cabinet_005,2026-09-07 18:20:00+00:00,1,1,1,1,True,True,False,24.076467428056507,-74.95018271292882,0.9230209570438397,6.147208761968739,0.0,0.5002613010340556,0.2897935412365942,on,connected,True,synthetic_device_spec_v11
synthetic_customer_005,cabinet_005,2026-09-07 18:30:00+00:00,1,1,1,0,True,True,False,23.956173563997385,-79.10963564675205,0.9466219563352981,6.4833378337677905,0.0,0.519286712412591,0.3223273577801025,on,connected,True,synthetic_device_spec_v11
synthetic_customer_005,cabinet_005,2026-09-07 18:40:00+00:00,0,0,0,0,True,True,False,24.07555185158556,-80.14405769370026,0.9637979151425216,6.701068324515665,0.35951165809091057,0.568035316784449,0.36310512212875184,on,connected,True,synthetic_device_spec_v11
synthetic_customer_005,cabinet_005,2026-09-07 18:50:00+00:00,0,0,0,0,True,True,False,24.05247489654947,-82.31100557872253,1.0289433548937723,7.003942453016322,0.0,0.6161114353395639,0.36623959050787147,on,connected,True,synthetic_device_spec_v11
synthetic_customer_005,cabinet_005,2026-09-07 19:00:00+00:00,0,0,0,0,True,True,False,23.737850230159133,-84.5119161383097,1.0001464340586006,6.923682242001839,0.0,0.634222815713113,0.396900345428041,on,connected,True,synthetic_device_spec_v11
synthetic_customer_005,cabinet_005,2026-09-07 20:30:00+00:00,0,0,0,0,True,True,False,24.010741835273596,-46.925417993341036,2.9672558435597467,3.9437001346053586,0.3323150110615408,0.0,0.004829812493258383,on,connected,True,synthetic_device_spec_v11
synthetic_customer_005,cabinet_005,2026-09-07 20:40:00+00:00,0,0,0,0,True,True,False,24.15854297093153,-48.126925951361535,3.0633168644132898,3.99760724512271,0.0,0.0,0.0114233943739049,on,connected,True,synthetic_device_spec_v11
synthetic_customer_005,cabinet_005,2026-09-07 20:50:00+00:00,0,0,0,0,True,True,False,23.869991581220138,-47.53238370473737,2.9641862747424885,3.9782988586310193,0.0,0.0,0.01977245207874494,on,connected,True,synthetic_device_spec_v11
synthetic_customer_005,cabinet_005,2026-09-07 21:00:00+00:00,0,0,0,0,True,True,False,23.9286492615888,-47.46045434510905,3.0049588492273847,3.9668216560459175,0.22234754824897543,0.0,0.0,on,connected,True,synthetic_device_spec_v11
synthetic_customer_005,cabinet_005,2026-09-07 21:10:00+00:00,0,0,0,0,True,True,False,23.7580349586678,-47.225426866869604,3.0032759896551258,4.0489468217654805,0.9071350721465723,0.0,0.0,on,connected,True,synthetic_device_spec_v11
synthetic_customer_005,cabinet_005,2026-09-07 21:20:00+00:00,0,0,0,0,True,True,False,24.00505098039913,-47.950477150690155,3.0783606287902296,4.0448669119005345,0.9640478529256375,0.004512315120961854,0.0,on,connected,True,synthetic_device_spec_v11
synthetic_customer_005,cabinet_005,2026-09-07 21:30:00+00:00,0,0,0,0,True,True,False,24.084359896961367,-47.965698891826456,3.0508006450182745,3.9982839828800536,0.0,0.0035118223103834893,0.009161825495085103,on,connected,True,synthetic_device_spec_v11
synthetic_customer_005,cabinet_005,2026-09-07 21:40:00+00:00,0,0,0,0,True,True,False,24.00394134205523,-48.813483351872364,3.022009663852134,4.119885366832171,0.7820748486179141,0.0,0.008148685894115755,on,connected,True,synthetic_device_spec_v11
synthetic_customer_005,cabinet_005,2026-09-07 21:50:00+00:00,0,0,0,0,True,True,False,23.834155894644002,-47.14151669297323,2.9824785492505073,4.03232690889979,2.6214287546093984,0.0,0.0,on,connected,True,synthetic_device_spec_v11
synthetic_customer_005,cabinet_005,2026-09-07 22:00:00+00:00,0,0,0,0,True,True,False,23.888675599707053,-47.10337420378492,2.9608907165894487,3.9417785463564488,4.753532283938803,0.0,0.018996130217499647,on,connected,True,synthetic_device_spec_v11
synthetic_customer_005,cabinet_005,2026-09-07 22:10:00+00:00,0,0,0,0,True,True,False,24.123457176169193,-48.49856521859331,3.0242490385571044,4.108352041096202,6.149738081464894,0.0,0.0,on,connected,True,synthetic_device_spec_v11
synthetic_customer_005,cabinet_005,2026-09-07 22:20:00+00:00,0,0,0,0,True,True,False,23.97449168805878,-47.081051289898504,2.985467992804941,3.835981889107997,7.349580421605863,0.0,0.0,on,connected,True,synthetic_device_spec_v11
synthetic_customer_005,cabinet_005,2026-09-07 22:30:00+00:00,0,0,0,0,True,True,False,23.860918368550355,-46.92105812151281,3.043530423868306,4.001548797290031,9.863278451595091,0.0,0.010867629880609206,on,connected,True,synthetic_device_spec_v11
synthetic_customer_005,cabinet_005,2026-09-07 22:40:00+00:00,0,0,0,0,True,True,False,24.17311598139661,-48.564296060928314,3.0415698034466825,3.9284182623174555,11.711902901303057,0.0,0.0,on,connected,True,synthetic_device_spec_v11
synthetic_customer_005,cabinet_005,2026-09-07 22:50:00+00:00,0,0,0,0,True,True,False,23.85032266711318,-49.406002366539155,2.9038953523655016,4.022330483494748,12.88130801442735,0.0,0.0,on,connected,True,synthetic_device_spec_v11
synthetic_customer_005,cabinet_005,2026-09-07 23:00:00+00:00,0,0,0,0,True,True,False,23.92465416248872,-48.049418465723875,2.9085708877659235,3.9666607869654325,14.386296345327368,0.001895206635386939,0.025608724255743252,on,connected,True,synthetic_device_spec_v11
synthetic_customer_005,cabinet_005,2026-09-07 23:10:00+00:00,0,0,0,0,True,True,False,23.721218591391246,-48.09996611912835,2.801997707298309,3.9537645301915925,16.378106914486256,0.0,0.020201658172476676,on,connected,True,synthetic_device_spec_v11
synthetic_customer_005,cabinet_005,2026-09-07 23:20:00+00:00,0,0,0,0,True,True,False,23.9879301750145,-49.082324913516864,2.7800137577141575,3.9916339146017985,18.163841164882523,0.0,0.016074390026627187,on,connected,True,synthetic_device_spec_v11
synthetic_customer_005,cabinet_005,2026-09-07 23:30:00+00:00,0,0,0,0,True,True,False,23.969257273704674,-47.898025101647576,2.695398016598166,4.009501778650198,19.80267443760144,0.01057653765907363,0.008961381478320493,on,connected,True,synthetic_device_spec_v11
synthetic_customer_005,cabinet_005,2026-09-07 23:40:00+00:00,0,0,0,0,True,True,False,23.928960538918524,-49.327453220302154,2.6161991126228026,4.103325642885662,21.69071465277276,0.0,0.024133132478588563,on,connected,True,synthetic_device_spec_v11
synthetic_customer_005,cabinet_005,2026-09-07 23:50:00+00:00,0,0,0,0,True,True,False,24.003327314135696,-46.644306975558564,2.5792594028864553,3.9743317929953625,22.4662400553106,0.02528528147418728,0.03339643218395018,on,connected,True,synthetic_device_spec_v11
synthetic_customer_005,cabinet_005,2026-09-08 00:00:00+00:00,0,0,0,0,True,True,False,24.035587396844647,-48.478165449586186,2.498318811292143,4.071845761499352,23.897368618221964,0.009419207867011212,0.01232168445766678,on,connected,True,synthetic_device_spec_v11
synthetic_customer_005,cabinet_005,2026-09-08 00:10:00+00:00,1,1,1,1,True,True,False,23.97552858582822,-47.13920296997375,2.4552962238580496,4.041142863783749,25.594787361275454,0.020015202497081178,0.018775333292718056,on,connected,True,synthetic_device_spec_v11
synthetic_customer_005,cabinet_005,2026-09-08 00:20:00+00:00,1,1,1,1,True,True,False,23.98402766523024,-48.41952038918807,2.4072194696139584,4.092852056335589,24.799210838802797,0.010264061508824328,0.012125453125211488,on,connected,True,synthetic_device_spec_v11
synthetic_customer_005,cabinet_005,2026-09-08 00:30:00+00:00,1,1,1,1,True,True,False,23.983397380242387,-49.52676034744449,2.270246138989975,3.9948631270458397,24.488525498100707,0.0,0.013898766007321395,on,connected,True,synthetic_device_spec_v11
synthetic_customer_005,cabinet_005,2026-09-08 00:40:00+00:00,0,0,0,0,True,True,False,24.08927242618172,-48.09075894728491,2.1708789972175575,4.011058027992484,25.4305845046448,0.003995007857189785,0.010577461635648454,on,connected,True,synthetic_device_spec_v11
synthetic_customer_005,cabinet_005,2026-09-08 00:50:00+00:00,0,0,0,0,True,True,False,23.980996741247758,-49.886810947031535,2.2096560314952285,4.072990238309327,24.91192579354189,0.03259763618137839,0.030522497759354776,on,connected,True,synthetic_device_spec_v11
synthetic_customer_005,cabinet_005,2026-09-08 01:00:00+00:00,0,0,0,0,True,True,False,23.817188208744106,-46.75408349632682,2.206772120543387,4.043952750027993,0.0,0.0,0.004914290574343016,on,connected,True,synthetic_device_spec_v11
synthetic_customer_005,cabinet_005,2026-09-08 01:10:00+00:00,0,0,0,0,True,True,False,24.11448435749621,-48.297605242902534,2.1307567316560116,3.930832136076485,0.5157622088783039,0.0,0.0,on,connected,True,synthetic_device_spec_v11
synthetic_customer_005,cabinet_005,2026-09-08 01:20:00+00:00,0,0,0,0,True,True,False,24.19696262812398,-48.43804561716355,2.193637022305823,4.008856281055835,0.027534349190279833,0.0,0.0,on,connected,True,synthetic_device_spec_v11
synthetic_customer_005,cabinet_005,2026-09-08 01:30:00+00:00,0,0,0,0,True,True,False,23.99342269251398,-49.3148946757943,2.236192758758383,4.022741431685159,0.0,0.0,0.0,on,connected,True,synthetic_device_spec_v11
synthetic_customer_005,cabinet_005,2026-09-08 01:40:00+00:00,0,0,0,0,True,True,False,24.0254394705975,-48.247542933604834,2.2192553422268375,3.9279689301844667,0.0,0.0,0.0,on,connected,True,synthetic_device_spec_v11
synthetic_customer_005,cabinet_005,2026-09-08 01:50:00+00:00,0,0,0,0,True,True,False,24.09829266562587,-49.09927599919972,2.998919560503449,4.046162352161919,0.0,0.059512279454264905,0.0,on,connected,True,synthetic_device_spec_v11
synthetic_customer_005,cabinet_005,2026-09-08 02:00:00+00:00,0,0,0,0,True,True,False,24.17623524852951,-48.266989322618016,2.9965981324496296,4.021894972403831,0.8665431938146929,0.03825048552829214,0.0,on,connected,True,synthetic_device_spec_v11
synthetic_customer_005,cabinet_005,2026-09-08 02:10:00+00:00,0,0,0,0,True,True,False,24.11878733310861,-49.16775145735478,3.0490799555373935,4.020595229831122,0.1487522122169124,0.0,0.015131377478509648,on,connected,True,synthetic_device_spec_v11
synthetic_customer_005,cabinet_005,2026-09-08 02:20:00+00:00,0,0,0,0,True,True,False,23.69131582600648,-49.02400781154068,2.9384591004187484,4.04946761153191,0.4840144113308594,0.0,0.0006376386436014612,on,connected,True,synthetic_device_spec_v11
synthetic_customer_005,cabinet_005,2026-09-08 02:30:00+00:00,0,0,0,0,True,True,False,24.083607221448503,-47.448728415582465,2.9372709817030045,4.0103018537430195,0.6964684343278232,0.00928598862965553,0.008624954561833223,on,connected,True,synthetic_device_spec_v11
synthetic_customer_005,cabinet_005,2026-09-08 02:40:00+00:00,0,0,0,0,True,True,False,23.921862493720354,-48.753559665006556,3.052468014595123,3.933750747954129,0.3451638996322655,0.0222576073999782,0.029375071744606795,on,connected,True,synthetic_device_spec_v11
synthetic_customer_005,cabinet_005,2026-09-08 02:50:00+00:00,0,0,0,0,True,True,False,23.947316821604165,-46.81348041557262,2.971173273133929,4.0206401837604835,0.0,0.009399073864856528,0.00013436038475439686,on,connected,True,synthetic_device_spec_v11
synthetic_customer_005,cabinet_005,2026-09-08 03:00:00+00:00,0,0,0,0,True,True,False,24.123300930293986,-49.13167561784946,2.952562684128686,3.9960036175814526,0.0,0.0,0.01673816373491146,on,connected,True,synthetic_device_spec_v11
synthetic_customer_005,cabinet_005,2026-09-08 03:10:00+00:00,0,0,0,0,True,True,False,23.952221702075136,-48.70622558023341,2.982101874944736,3.9831069806258625,0.5656188462099976,0.033827741693632084,0.03348954845072507,on,connected,True,synthetic_device_spec_v11
synthetic_customer_005,cabinet_005,2026-09-08 03:20:00+00:00,0,0,0,0,True,True,False,23.776263789952814,-48.52980158713193,3.0199271283259392,3.9836982228430218,0.0,0.00010049867223073128,0.0,on,connected,True,synthetic_device_spec_v11
synthetic_customer_005,cabinet_005,2026-09-08 03:30:00+00:00,0,0,0,0,True,True,False,24.15357134631055,-49.06206699672818,2.988675099927027,3.9429209787787367,0.0,0.015552786196628919,0.009007550926363926,on,connected,True,synthetic_device_spec_v11
synthetic_customer_005,cabinet_005,2026-09-08 03:40:00+00:00,0,0,0,0,True,True,False,24.165403653080713,-47.39373992400667,2.9354210611443206,4.074598536157378,0.6128319687995571,0.0,0.0,on,connected,True,synthetic_device_spec_v11
synthetic_customer_005,cabinet_005,2026-09-08 03:50:00+00:00,0,0,0,0,True,True,False,24.053391468605103,-45.742528214550646,2.9850184025778477,3.984207338630394,0.12022166727491718,0.0,0.00012702502112543645,on,connected,True,synthetic_device_spec_v11
synthetic_customer_005,cabinet_005,2026-09-08 04:00:00+00:00,0,0,0,0,True,True,False,24.039107234693184,-48.71190019900941,2.9917816574683025,3.9779121761899083,0.30230478766151847,0.0,0.0,on,connected,True,synthetic_device_spec_v11
synthetic_customer_005,cabinet_005,2026-09-08 04:10:00+00:00,0,0,0,0,True,True,False,24.236200538505116,-48.49270115526619,3.0020177525228475,4.005132238677091,0.0,0.017640878133867523,0.0,on,connected,True,synthetic_device_spec_v11
synthetic_customer_005,cabinet_005,2026-09-08 04:20:00+00:00,0,0,0,0,True,True,False,24.140409384566436,-46.314689375444026,3.001252957960503,3.9409646709494024,0.4252218103877256,0.0,0.011694330648772651,on,connected,True,synthetic_device_spec_v11
synthetic_customer_005,cabinet_005,2026-09-08 04:30:00+00:00,0,0,0,0,True,True,False,24.122654151933652,-48.126294182704555,2.969756631198748,4.026097656767118,0.0,0.0,0.0,on,connected,True,synthetic_device_spec_v11
synthetic_customer_005,cabinet_005,2026-09-08 04:40:00+00:00,0,0,0,0,True,True,False,24.22221833935909,-46.99033086954497,3.0728122735443035,3.915754047921146,0.0,0.00812921199121503,0.004088276247701897,on,connected,True,synthetic_device_spec_v11
synthetic_customer_005,cabinet_005,2026-09-08 04:50:00+00:00,0,0,0,0,True,True,False,24.00259561533535,-46.48693067925805,2.9749493796886934,4.1296724483304486,0.0,0.0,0.01430837301436018,on,connected,True,synthetic_device_spec_v11
synthetic_customer_005,cabinet_005,2026-09-08 05:00:00+00:00,0,0,0,0,True,True,False,24.06335215561459,-49.19633218003498,3.0131265487226147,3.9654792179752176,0.05012229088319203,0.00832684538855365,0.0,on,connected,True,synthetic_device_spec_v11
synthetic_customer_005,cabinet_005,2026-09-08 05:10:00+00:00,0,0,0,0,True,True,False,23.907566890512214,-47.3021118532026,2.967651181232187,3.963101796284629,0.434912078195842,0.02246982637415708,0.0,on,connected,True,synthetic_device_spec_v11
synthetic_customer_005,cabinet_005,2026-09-08 05:20:00+00:00,0,0,0,0,True,True,False,24.026581940559815,-47.90070672165935,3.0262138219799577,3.946524217893327,0.0,0.0,0.027351732628139013,on,connected,True,synthetic_device_spec_v11
synthetic_customer_005,cabinet_005,2026-09-08 05:30:00+00:00,0,0,0,0,True,True,False,24.07318766071464,-47.21235421356384,3.038753987042995,3.997325024124042,0.0,0.0,0.012195340450195179,on,connected,True,synthetic_device_spec_v11
synthetic_customer_005,cabinet_005,2026-09-08 05:40:00+00:00,0,0,0,0,True,True,False,23.795517115635246,-47.52053161620759,3.0836679930927695,3.956305700932629,0.47156036702881626,0.0,0.0,on,connected,True,synthetic_device_spec_v11
synthetic_customer_005,cabinet_005,2026-09-08 05:50:00+00:00,0,0,0,0,True,True,False,24.025326909096865,-50.124745899696855,2.986483645321825,4.0110322539802645,0.0,0.0,0.0,on,connected,True,synthetic_device_spec_v11
synthetic_customer_005,cabinet_005,2026-09-08 06:00:00+00:00,0,0,0,0,True,True,False,24.108325973719285,-49.06450033753455,3.012948741879703,3.9747914924297634,0.19740483613607443,0.021871856204509113,0.017232389339282696,on,connected,True,synthetic_device_spec_v11
synthetic_customer_005,cabinet_005,2026-09-08 06:10:00+00:00,1,1,1,1,True,True,False,23.937746075862627,-48.41338794889515,3.028824102220515,3.953100663348621,0.0,0.0,0.0047471147819807295,on,connected,True,synthetic_device_spec_v11
synthetic_customer_005,cabinet_005,2026-09-08 06:20:00+00:00,1,1,1,1,True,True,False,24.00030672869843,-48.65915372728662,3.016110692854857,3.9853816167317255,0.0,0.0,0.0,on,connected,True,synthetic_device_spec_v11
synthetic_customer_005,cabinet_005,2026-09-08 06:30:00+00:00,1,1,1,1,True,True,False,23.92369357396038,-48.26179624689426,3.019870139758371,4.046569341444861,0.0,0.0,0.0,on,connected,True,synthetic_device_spec_v11
synthetic_customer_005,cabinet_005,2026-09-08 06:40:00+00:00,0,0,0,0,True,True,False,23.8685439877079,-49.08463199713553,3.051688300956069,4.018386558916615,0.0,0.03998586325599228,0.0,on,connected,True,synthetic_device_spec_v11
synthetic_customer_005,cabinet_005,2026-09-08 06:50:00+00:00,0,0,0,0,True,True,False,23.927111235410717,-46.47195254216305,3.0064015053421054,3.9724580249047707,0.0,0.041854710141803864,0.0,on,connected,True,synthetic_device_spec_v11
synthetic_customer_005,cabinet_005,2026-09-08 07:00:00+00:00,0,0,0,0,True,True,False,24.06647223664617,-45.662076330095346,2.969040232899016,4.03149901942371,0.0,0.03260739468196356,0.0,on,connected,True,synthetic_device_spec_v11
synthetic_customer_005,cabinet_005,2026-09-08 07:10:00+00:00,0,0,0,0,True,True,False,24.054425300831856,-48.77428311769032,3.039716363989895,4.020568104804113,0.09108864292522921,0.002669067940939746,0.026224541217585273,on,connected,True,synthetic_device_spec_v11
synthetic_customer_005,cabinet_005,2026-09-08 07:20:00+00:00,0,0,0,0,True,True,False,23.972495946362077,-47.70746391715668,3.0101175963276092,3.9920201648428817,0.0,0.03875162835338551,0.0,on,connected,True,synthetic_device_spec_v11
synthetic_customer_005,cabinet_005,2026-09-08 07:30:00+00:00,0,0,0,0,True,True,False,24.057272013575034,-47.00785202802294,2.9793107382164776,4.072360473080964,0.0,0.026269106665001537,0.0,on,connected,True,synthetic_device_spec_v11
synthetic_customer_005,cabinet_005,2026-09-08 07:40:00+00:00,0,0,0,0,True,True,False,23.90616008239049,-48.8839068780937,3.038623208828629,4.064089760939672,0.0,0.0,0.0,on,connected,True,synthetic_device_spec_v11
synthetic_customer_005,cabinet_005,2026-09-08 07:50:00+00:00,0,0,0,0,True,True,False,23.97405187459619,-46.63869528251923,2.9809110546586126,3.9955288776024886,0.0,0.010749240602054917,0.006314120125708226,on,connected,True,synthetic_device_spec_v11
synthetic_customer_005,cabinet_005,2026-09-08 08:00:00+00:00,0,0,0,0,True,True,False,23.76391628061981,-49.23476046249763,3.0145600817991074,3.942529850433711,0.9867678643532641,0.0,0.009366385919068012,on,connected,True,synthetic_device_spec_v11
synthetic_customer_005,cabinet_005,2026-09-08 08:10:00+00:00,0,0,0,0,True,True,False,23.846113627733505,-48.71723424475046,3.0213695083074934,3.878579509026582,0.0,0.0018806746346776287,0.0,on,connected,True,synthetic_device_spec_v11
synthetic_customer_005,cabinet_005,2026-09-08 08:20:00+00:00,0,0,0,0,True,True,False,24.226506429330453,-48.49435993721355,3.0310608922876985,4.120534772251213,0.0,0.024237329235913027,0.0226259659854252,on,connected,True,synthetic_device_spec_v11
synthetic_customer_005,cabinet_005,2026-09-08 08:30:00+00:00,0,0,0,0,True,True,False,23.995746080307367,-49.2523349053091,3.0182352047131564,4.076323319730919,0.0,0.0,0.011971929819903042,on,connected,True,synthetic_device_spec_v11
synthetic_customer_005,cabinet_005,2026-09-08 08:40:00+00:00,0,0,0,0,True,True,False,24.07415150805417,-48.56654156523886,2.932907648385816,4.0163884930151745,0.5211008360281597,0.005415179645437346,0.010677061281070146,on,connected,True,synthetic_device_spec_v11
synthetic_customer_005,cabinet_005,2026-09-08 08:50:00+00:00,0,0,0,0,True,True,False,24.062132471044062,-48.39631412117795,2.9788288548420456,3.9543717365049784,0.5128002695320074,0.05267670347860957,0.005787610567533615,on,connected,True,synthetic_device_spec_v11
synthetic_customer_005,cabinet_005,2026-09-08 09:00:00+00:00,0,0,0,0,True,True,False,23.872440767055075,-47.14850027381518,2.9961517324254157,4.113686421098188,0.30211524270649287,0.0,0.0,on,connected,True,synthetic_device_spec_v11
synthetic_customer_005,cabinet_005,2026-09-08 09:10:00+00:00,0,0,0,0,True,True,False,24.099035054658014,-47.53811131705168,3.0224756416686693,4.035325110403107,0.1866954731019464,0.002778481533267602,0.0,on,connected,True,synthetic_device_spec_v11
synthetic_customer_005,cabinet_005,2026-09-08 09:20:00+00:00,0,0,0,0,True,True,False,23.98041487088892,-46.258381794820245,2.9244703834137766,4.04015832848837,0.0,0.008510232892285838,0.025976749575058574,on,connected,True,synthetic_device_spec_v11
synthetic_customer_005,cabinet_005,2026-09-08 09:30:00+00:00,0,0,0,0,True,True,False,23.87254328760482,-48.7874536079036,3.016685344161283,4.076635332001532,0.052044821131833376,0.0,0.02403921190403167,on,connected,True,synthetic_device_spec_v11
synthetic_customer_005,cabinet_005,2026-09-08 09:40:00+00:00,0,0,0,0,True,True,False,23.757382355090062,-46.97947374904303,2.9939950831526683,3.982464603843599,0.022686791919143946,0.0,0.026441949722678625,on,connected,True,synthetic_device_spec_v11
synthetic_customer_005,cabinet_005,2026-09-08 09:50:00+00:00,0,0,0,0,True,True,False,23.90055295985799,-48.478287276746656,2.9703682777850147,4.0729823517700074,0.0,0.026387193371862877,0.0,on,connected,True,synthetic_device_spec_v11
synthetic_customer_005,cabinet_005,2026-09-08 10:00:00+00:00,0,0,0,0,True,True,False,24.187431824624344,-48.83627447404674,3.038265959378834,4.041271248036649,0.434682935853782,0.026114501713164668,0.01973796206334588,on,connected,True,synthetic_device_spec_v11
synthetic_customer_005,cabinet_005,2026-09-08 10:10:00+00:00,0,0,0,0,True,True,False,24.034495347582656,-47.41050740267278,2.9572457801500813,4.004176819604047,0.0,0.0,0.023650602123560703,on,connected,True,synthetic_device_spec_v11
synthetic_customer_005,cabinet_005,2026-09-08 10:20:00+00:00,0,0,0,0,True,True,False,23.8400696192235,-49.292567655977294,3.04583978401935,4.08550107135683,0.8599342519209242,0.006503363025556117,0.015381717683739408,on,connected,True,synthetic_device_spec_v11
synthetic_customer_005,cabinet_005,2026-09-08 10:30:00+00:00,0,0,0,0,True,True,False,24.126047221326722,-48.498842309373174,2.9486940229450966,3.965375861541556,0.026061701663771236,0.01174264511861407,0.01665979325150096,on,connected,True,synthetic_device_spec_v11
synthetic_customer_005,cabinet_005,2026-09-08 10:40:00+00:00,0,0,0,0,True,True,False,24.010079118689077,-49.477656871141534,3.0336930074385897,3.9952506060944297,0.9615956334673087,0.0,0.004055304960356077,on,connected,True,synthetic_device_spec_v11
synthetic_customer_005,cabinet_005,2026-09-08 10:50:00+00:00,0,0,0,0,True,True,False,24.256500097207095,-48.31210090924404,3.037124150317672,3.993261166577338,0.0,0.03996180435261108,0.0,on,connected,True,synthetic_device_spec_v11
synthetic_customer_005,cabinet_005,2026-09-08 11:00:00+00:00,0,0,0,0,True,True,False,23.95795994035698,-48.30513601320575,3.070621293713705,4.044685754608875,1.4274630957931886,0.05423031613894011,0.006755870796346428,on,connected,True,synthetic_device_spec_v11
synthetic_customer_005,cabinet_005,2026-09-08 11:10:00+00:00,0,0,0,0,True,True,False,23.823322564418103,-46.12840478490572,2.9745672000916863,4.076424422679006,0.14450976344532143,0.04102274026021902,0.0,on,connected,True,synthetic_device_spec_v11
synthetic_customer_005,cabinet_005,2026-09-08 11:20:00+00:00,0,0,0,0,True,True,False,24.147317098762485,-47.46002677121416,3.037443707891429,4.058866834771949,0.49637252203131715,0.008477040639210998,0.0,on,connected,True,synthetic_device_spec_v11
synthetic_customer_005,cabinet_005,2026-09-08 11:30:00+00:00,0,0,0,0,True,True,False,23.959795291408952,-48.17431265503583,2.968170072324318,4.128787272420501,0.0,0.0,0.02451445664091746,on,connected,True,synthetic_device_spec_v11
synthetic_customer_005,cabinet_005,2026-09-08 11:40:00+00:00,0,0,0,0,True,True,False,24.085432942857558,-46.50110506764818,3.0384859550206906,4.020190901599337,0.0,0.0,0.031242981024675535,on,connected,True,synthetic_device_spec_v11
synthetic_customer_005,cabinet_005,2026-09-08 11:50:00+00:00,0,0,0,0,True,True,False,24.081371324257685,-48.73628909278039,3.0081418575781296,3.9957456335253347,0.22360878404381554,0.018635850898502608,0.0,on,connected,True,synthetic_device_spec_v11
synthetic_customer_005,cabinet_005,2026-09-08 12:00:00+00:00,0,0,0,0,True,True,False,23.865519641784093,-47.797823289355925,3.0252617629345684,4.0510227624443775,0.7178633116621757,0.0,0.027134690584897925,on,connected,True,synthetic_device_spec_v11
synthetic_customer_005,cabinet_005,2026-09-08 12:10:00+00:00,1,1,1,1,True,True,False,23.9487558049255,-48.26020628364949,3.0550571246604843,4.00752614208957,0.20708693252035104,0.0,0.0,on,connected,True,synthetic_device_spec_v11
synthetic_customer_005,cabinet_005,2026-09-08 12:20:00+00:00,1,1,1,1,True,True,False,23.914618335389104,-47.35274728250603,2.986651725853427,3.9212212468183236,0.0,0.0,0.015240559119107445,on,connected,True,synthetic_device_spec_v11
synthetic_customer_005,cabinet_005,2026-09-08 12:30:00+00:00,1,1,1,1,True,True,False,23.81468408640043,-46.40788218494357,3.0347035988026483,4.058696853592444,0.36922210046787596,0.0,0.0,on,connected,True,synthetic_device_spec_v11
synthetic_customer_005,cabinet_005,2026-09-08 12:40:00+00:00,0,0,0,0,True,True,False,23.472330660387726,-47.80576826712581,3.006070238208641,3.938004926620964,0.2272428953533857,0.03318781125087657,0.0,on,connected,True,synthetic_device_spec_v11
synthetic_customer_005,cabinet_005,2026-09-08 12:50:00+00:00,0,0,0,0,True,True,False,23.14663248060461,-46.284030010532604,3.0198314460267137,4.009444529746478,0.477181259689717,0.031011510071399004,0.0,on,connected,True,synthetic_device_spec_v11
synthetic_customer_005,cabinet_005,2026-09-08 13:00:00+00:00,0,0,0,0,True,True,False,22.949046129433217,-45.92587187294932,2.9643961001972636,4.07130336041113,0.0,0.013508541637732028,0.0,on,connected,True,synthetic_device_spec_v11
synthetic_customer_005,cabinet_005,2026-09-08 13:10:00+00:00,0,0,0,0,True,True,False,22.718684707218948,-47.69110451452011,2.9953677694854997,4.000543049494715,0.0,0.02330731994098264,0.0,on,connected,True,synthetic_device_spec_v11
synthetic_customer_005,cabinet_005,2026-09-08 13:20:00+00:00,0,0,0,0,True,True,False,22.51162112504537,-47.56376035157344,3.0440740503251877,3.9944051841371055,0.0,0.07222575570006574,0.002520927317527468,on,connected,True,synthetic_device_spec_v11
synthetic_customer_005,cabinet_005,2026-09-08 13:30:00+00:00,0,0,0,0,True,True,False,22.325618660158437,-47.44438225415798,2.9745839145505295,3.9990549844908494,0.21612471645854356,0.0,0.0,on,connected,True,synthetic_device_spec_v11
synthetic_customer_005,cabinet_005,2026-09-08 13:40:00+00:00,0,0,0,0,True,True,False,21.891547839671144,-48.45481300492351,3.000915629062157,3.9714003481790563,0.5407075057049553,0.0,0.0020659796051892654,on,connected,True,synthetic_device_spec_v11
synthetic_customer_005,cabinet_005,2026-09-08 13:50:00+00:00,0,0,0,0,True,True,False,21.686001491638827,-49.76388549742529,2.993550649860427,3.9101002183108426,0.41185322814468756,0.010550643694363046,0.023232919458665312,on,connected,True,synthetic_device_spec_v11
synthetic_customer_005,cabinet_005,2026-09-08 14:00:00+00:00,0,0,0,0,True,True,False,21.73494258882711,-48.60868119288803,3.0484789344428718,3.956851463303783,0.3110271527209539,0.02103888859016767,0.0,on,connected,True,synthetic_device_spec_v11
synthetic_customer_005,cabinet_005,2026-09-08 14:10:00+00:00,0,0,0,0,True,True,False,21.25266332397986,-48.313358697437785,2.944051266016746,4.012438261037139,0.40803455491870194,0.05515595769649208,0.01862301513744323,on,connected,True,synthetic_device_spec_v11
synthetic_customer_005,cabinet_005,2026-09-08 14:20:00+00:00,0,0,0,0,True,True,False,20.885668043058498,-46.263519818759576,2.8544694118998994,3.9841228431649585,0.7500706555431054,0.01354489372821181,0.0,on,connected,True,synthetic_device_spec_v11
synthetic_customer_005,cabinet_005,2026-09-08 14:30:00+00:00,0,0,0,0,True,True,False,20.5419773992356,-47.284054127828334,2.77673117332948,3.943645011959276,0.6539354209628011,0.019625009027372575,0.0,on,connected,True,synthetic_device_spec_v11
synthetic_customer_005,cabinet_005,2026-09-08 14:40:00+00:00,0,0,0,0,True,True,False,20.56016260325873,-47.56463603660859,2.5648077440857313,4.006606271533357,0.08769261043639416,0.011136166637148764,0.0,on,connected,True,synthetic_device_spec_v11
synthetic_customer_005,cabinet_005,2026-09-08 14:50:00+00:00,0,0,0,0,True,True,False,20.324971056844554,-48.169759201942284,2.491905871721223,3.9622614507690015,0.0,0.0,0.0,on,connected,True,synthetic_device_spec_v11
synthetic_customer_005,cabinet_005,2026-09-08 15:00:00+00:00,0,0,0,0,True,True,False,20.07592322806298,-48.24082731826196,2.4514213057111265,4.023187503514268,0.0,0.0,0.0034110963927184925,on,connected,True,synthetic_device_spec_v11
synthetic_customer_005,cabinet_005,2026-09-08 15:10:00+00:00,0,0,0,0,True,True,False,19.626422178240492,-48.318944182040596,2.17221165301457,4.141222851705253,0.4842349555724541,0.0529237400350069,0.016662460699053017,on,connected,True,synthetic_device_spec_v11
synthetic_customer_005,cabinet_005,2026-09-08 15:20:00+00:00,0,0,0,0,True,True,False,19.155429187162184,-50.07442040354995,2.090165895484072,4.3649542834672195,0.2146424235777679,0.0,0.06227653300144513,on,connected,True,synthetic_device_spec_v11
synthetic_customer_005,cabinet_005,2026-09-08 15:30:00+00:00,0,0,0,0,True,True,False,19.242645194376273,-47.56891641531655,1.9833111097116256,4.5497445019674405,0.0,0.02136184099476027,0.07586466916590086,on,connected,True,synthetic_device_spec_v11
synthetic_customer_005,cabinet_005,2026-09-08 15:40:00+00:00,0,0,0,0,True,True,False,18.976267453188466,-47.221730193337,1.724819661998207,4.784147563915623,0.23549791301836484,0.0,0.105297659828646,on,connected,True,synthetic_device_spec_v11
synthetic_customer_005,cabinet_005,2026-09-08 15:50:00+00:00,0,0,0,0,True,True,False,18.817393628284307,-47.08010494643919,1.6846963898102245,4.969239549077547,0.0,0.0,0.1772564174724825,on,connected,True,synthetic_device_spec_v11
synthetic_customer_005,cabinet_005,2026-09-08 16:30:00+00:00,0,0,0,0,True,True,False,23.985533424290622,-46.93994910337594,1.063725465841615,5.75145917494342,0.0,0.0,0.2446591222280105,on,connected,True,synthetic_device_spec_v11
synthetic_customer_005,cabinet_005,2026-09-08 16:40:00+00:00,0,0,0,0,True,True,False,23.874445921537582,-48.03766289303276,1.0156613510810515,6.058572950967179,0.04244257244425659,0.022194535489927364,0.2516888733837863,on,connected,True,synthetic_device_spec_v11
synthetic_customer_005,cabinet_005,2026-09-08 16:50:00+00:00,0,0,0,0,True,True,False,23.75745772698822,-47.27672113796024,1.0683920676351475,6.236550811202005,0.12317370931249517,0.018509042545676205,0.2899454754193082,on,connected,True,synthetic_device_spec_v11
synthetic_customer_005,cabinet_005,2026-09-08 17:00:00+00:00,0,0,0,0,True,True,False,23.776904861711824,-47.82774332717754,0.9322828638055899,6.362500276754015,0.45190196169131797,0.01345979121724139,0.28840341435764405,on,connected,True,synthetic_device_spec_v11
synthetic_customer_005,cabinet_005,2026-09-08 17:10:00+00:00,0,0,0,0,True,True,False,23.885708416241098,-48.39758351105949,0.9759054841053074,6.617978361409839,0.7738120695558184,0.0022601640631577276,0.323107325500457,on,connected,True,synthetic_device_spec_v11
synthetic_customer_005,cabinet_005,2026-09-08 17:20:00+00:00,0,0,0,0,True,True,False,24.025850048147504,-47.761212764342574,1.0194232856439691,6.759431538469209,0.5253137807060663,0.0,0.3403910061671657,on,connected,True,synthetic_device_spec_v11
synthetic_customer_005,cabinet_005,2026-09-08 17:30:00+00:00,0,0,0,0,True,True,False,23.990088438777942,-49.10806972901211,1.0383746787310888,7.066196310394942,1.0578571371090726,0.0,0.397810360117867,on,connected,True,synthetic_device_spec_v11
synthetic_customer_005,cabinet_005,2026-09-08 17:40:00+00:00,0,0,0,0,True,True,False,24.256474725306283,-47.56908992128352,0.9784264757567759,7.065963059705197,0.2714980486199122,0.008175514877722905,0.4128018263978742,on,connected,True,synthetic_device_spec_v11
synthetic_customer_005,cabinet_005,2026-09-08 17:50:00+00:00,0,0,0,0,True,True,False,23.999698488552596,-48.19354729014361,2.9588357861833092,7.000120985911371,0.0,0.016114819176246614,0.41055256419957004,on,connected,True,synthetic_device_spec_v11
synthetic_customer_005,cabinet_005,2026-09-08 18:00:00+00:00,0,0,0,0,True,True,False,23.889002899724062,-47.53468549708981,3.0286757845993506,6.943455808404883,0.03039163592253369,0.010370337784687123,0.4314869377921334,on,connected,True,synthetic_device_spec_v11
synthetic_customer_005,cabinet_005,2026-09-08 18:10:00+00:00,0,1,1,0,True,True,False,23.833101539904092,-47.869291671626314,2.9350639762895767,7.029886238412132,0.0,0.0,0.3827518366056818,on,connected,True,synthetic_device_spec_v11
synthetic_customer_005,cabinet_005,2026-09-08 18:20:00+00:00,0,1,1,0,True,True,False,24.033721080679783,-48.51039705966057,2.971068965205679,7.037935175994035,0.0,0.011114768109868431,0.39543409908418997,on,connected,True,synthetic_device_spec_v11
synthetic_customer_005,cabinet_005,2026-09-08 18:30:00+00:00,0,1,1,0,True,True,False,23.99350474801316,-48.88357395201058,2.9751290702040163,6.950116648542056,0.0,0.02483647201010068,0.4227540212337487,on,connected,True,synthetic_device_spec_v11
synthetic_customer_005,cabinet_005,2026-09-08 18:40:00+00:00,0,0,0,0,True,True,False,24.03484521213411,-48.90057284384312,2.958255021143914,7.044506801238669,0.0,0.0,0.40003273135221856,on,connected,True,synthetic_device_spec_v11
synthetic_customer_005,cabinet_005,2026-09-08 18:50:00+00:00,0,0,0,0,True,True,False,24.046484711562172,-46.92826774070989,2.9680952706601076,4.079439459908271,0.21034430031902393,0.0,0.0,on,connected,True,synthetic_device_spec_v11
synthetic_customer_005,cabinet_005,2026-09-08 19:00:00+00:00,0,0,0,0,True,True,False,23.763395258766895,-45.977027968368525,2.896649552289186,4.025016438964849,0.0,0.0,0.0,on,connected,True,synthetic_device_spec_v11
synthetic_customer_005,cabinet_005,2026-09-08 19:10:00+00:00,0,0,0,0,True,True,False,23.93447921352827,-49.36863618635733,2.7839811729300834,4.044579250905089,0.0,0.0,0.0,on,connected,True,synthetic_device_spec_v11
synthetic_customer_005,cabinet_005,2026-09-08 19:20:00+00:00,0,0,0,0,True,True,False,24.00882174458809,-48.30454301230792,2.783037498737607,4.035625540950583,0.11688343378115389,0.0010879915691085474,0.007543521137882832,on,connected,True,synthetic_device_spec_v11
synthetic_customer_005,cabinet_005,2026-09-08 19:30:00+00:00,0,0,0,0,True,True,False,23.97722446192561,-48.26966319723146,2.593514740330372,4.007105472475086,0.0,0.0,0.00507323399565536,on,connected,True,synthetic_device_spec_v11
synthetic_customer_005,cabinet_005,2026-09-08 19:40:00+00:00,0,0,0,0,True,True,False,23.96123231478366,-49.1537447860135,2.5969806320606454,3.984055832792193,0.5300869122553167,0.0,0.02217053204366062,on,connected,True,synthetic_device_spec_v11
synthetic_customer_005,cabinet_005,2026-09-08 19:50:00+00:00,0,0,0,0,True,True,False,24.03260517392392,-48.675869815738466,2.4449532786586285,3.85282753542013,0.10245266058562737,0.0,0.03214200768673253,on,connected,True,synthetic_device_spec_v11
synthetic_customer_005,cabinet_005,2026-09-08 20:00:00+00:00,0,0,0,0,True,True,False,24.10786449409764,-47.18358780891255,2.3418584276341163,4.014743936762648,0.0,0.0,0.0,on,connected,True,synthetic_device_spec_v11
synthetic_customer_005,cabinet_005,2026-09-08 20:10:00+00:00,0,0,0,0,True,True,False,24.289714284447413,-46.81439322353431,2.217898008050748,3.9674406826666093,0.15577502657569564,0.019721833956057408,0.009282932678595675,on,connected,True,synthetic_device_spec_v11
synthetic_customer_005,cabinet_005,2026-09-08 20:20:00+00:00,0,0,0,0,True,True,False,24.161357475525882,-47.79030757321454,2.2053151820837167,4.118432078719223,0.1472794162072555,0.0009274235842172305,0.01035313960957746,on,connected,True,synthetic_device_spec_v11
synthetic_customer_005,cabinet_005,2026-09-08 20:30:00+00:00,0,0,0,0,True,True,False,24.093999660308448,-48.08308174531097,2.1771804069554306,3.9526825227553486,0.0,0.0,0.0,on,connected,True,synthetic_device_spec_v11
synthetic_customer_005,cabinet_005,2026-09-08 20:40:00+00:00,0,0,0,0,True,True,False,23.815746620975276,-47.75257444409401,2.2426523463877484,3.995104815831447,0.0,0.030185477203734115,0.0,on,connected,True,synthetic_device_spec_v11
synthetic_customer_005,cabinet_005,2026-09-08 20:50:00+00:00,0,0,0,0,True,True,False,23.84833082054365,-49.02845238923145,2.2462026710263108,3.9937735246877537,0.0,0.014561836950435681,0.0054901065026661785,on,connected,True,synthetic_device_spec_v11
synthetic_customer_005,cabinet_005,2026-09-08 21:00:00+00:00,0,0,0,0,True,True,False,24.072612405040097,-47.858679716841266,2.9759930826675745,3.96435555855043,1.0000064905840202,0.011498121532333896,0.0,on,connected,True,synthetic_device_spec_v11
synthetic_customer_005,cabinet_005,2026-09-08 21:10:00+00:00,0,0,0,0,True,True,False,23.82930681962967,-47.55722992107763,2.9369793766358203,3.9946589621054174,0.0,0.0,0.016133795220493265,on,connected,True,synthetic_device_spec_v11
synthetic_customer_005,cabinet_005,2026-09-08 21:20:00+00:00,0,0,0,0,True,True,False,23.891828430549968,-48.461230287875516,2.9375919133079287,3.9167654087882915,0.5019142014144263,0.004746023578373924,0.014787029894595405,on,connected,True,synthetic_device_spec_v11
synthetic_customer_005,cabinet_005,2026-09-08 21:30:00+00:00,0,0,0,0,True,True,False,23.953882586122724,-47.1068754036879,2.963843314925743,4.053061562522061,0.0,0.055556664305173614,0.0,on,connected,True,synthetic_device_spec_v11
synthetic_customer_005,cabinet_005,2026-09-08 21:40:00+00:00,0,0,0,0,True,True,False,23.948299509473237,-47.546475673981575,2.967215786491372,4.104725853737103,0.0,0.0,0.0026574905111879815,on,connected,True,synthetic_device_spec_v11
synthetic_customer_005,cabinet_005,2026-09-08 21:50:00+00:00,0,0,0,0,True,True,False,23.965364930244796,-47.9097518011202,3.033545351725819,3.987498540614553,0.0,0.0,0.00718703433021319,on,connected,True,synthetic_device_spec_v11
synthetic_customer_005,cabinet_005,2026-09-08 22:00:00+00:00,0,0,0,0,True,True,False,23.9409853176758,-47.99351776853387,2.9628756970965324,3.954624151272088,0.29664874525186957,0.009974470529699728,0.011766462298388807,on,connected,True,synthetic_device_spec_v11
synthetic_customer_005,cabinet_005,2026-09-08 22:10:00+00:00,0,0,0,0,True,True,False,23.95932013993153,-46.26925535962675,2.938316830622402,4.035399063157038,0.0,0.0,0.0,on,connected,True,synthetic_device_spec_v11
synthetic_customer_005,cabinet_005,2026-09-08 22:20:00+00:00,0,0,0,0,True,True,False,23.888475155864466,-49.524878287409585,3.039770196111117,4.01495181860821,0.0,0.02381333414197663,0.0,on,connected,True,synthetic_device_spec_v11
synthetic_customer_005,cabinet_005,2026-09-08 22:30:00+00:00,0,0,0,0,True,True,False,24.00168301422624,-48.34510464867685,2.9562942702085366,3.8750612567010765,0.44227468986852014,0.014217147403027023,0.03690399851955078,on,connected,True,synthetic_device_spec_v11
synthetic_customer_005,cabinet_005,2026-09-08 22:40:00+00:00,0,0,0,0,True,True,False,23.978976869713016,-48.08865806237414,3.0547188595052788,4.034334054618414,0.0,0.0,0.020088327744396044,on,connected,True,synthetic_device_spec_v11
synthetic_customer_005,cabinet_005,2026-09-08 22:50:00+00:00,0,0,0,0,True,True,False,24.13328744536037,-44.89351921009864,3.034769183093799,4.1140187121916325,0.602302765287564,0.0,0.0,on,connected,True,synthetic_device_spec_v11
synthetic_customer_005,cabinet_005,2026-09-08 23:00:00+00:00,0,0,0,0,True,True,False,24.192209558334465,-47.62871409297972,2.996447496052137,3.9803984947223703,1.1255848897369318,0.0,0.0,on,connected,True,synthetic_device_spec_v11
synthetic_customer_005,cabinet_005,2026-09-08 23:10:00+00:00,0,0,0,0,True,True,False,24.087422830994353,-48.69988107965506,3.0672390933759797,3.9625592148741235,0.0,0.0,0.03646918505744023,on,connected,True,synthetic_device_spec_v11
synthetic_customer_005,cabinet_005,2026-09-08 23:20:00+00:00,0,0,0,0,True,True,False,24.177133083878957,-48.51972906774057,3.0308217483775994,4.035718172175715,0.7005182063789634,0.00562226522892176,0.0,on,connected,True,synthetic_device_spec_v11
synthetic_customer_005,cabinet_005,2026-09-08 23:30:00+00:00,0,0,0,0,True,True,False,24.225098971648933,-47.007346419667094,2.972861153520476,4.023561169277513,0.5250004422547819,0.0,0.004093886296721194,on,connected,True,synthetic_device_spec_v11
synthetic_customer_005,cabinet_005,2026-09-08 23:40:00+00:00,0,0,0,0,True,True,False,23.89481364307766,-48.76257050936689,3.059269210126522,4.037758580459638,0.11663271783381217,0.01862932731654283,0.0,on,connected,True,synthetic_device_spec_v11
synthetic_customer_005,cabinet_005,2026-09-08 23:50:00+00:00,0,0,0,0,True,True,False,24.151142134716896,-47.94056447579867,2.9799107681228185,4.017477045608958,0.0,0.012410436638486629,0.0,on,connected,True,synthetic_device_spec_v11
synthetic_customer_005,cabinet_005,2026-09-09 00:00:00+00:00,0,0,0,0,True,True,False,23.874213268382572,-46.61031472838391,3.0024405329141417,3.869824097669952,0.0,0.0,0.0,on,connected,True,synthetic_device_spec_v11
