customer_id,device_id,observed_at,pump_running,valve_running,fertilizer_requested,fertilizer_running,dosage_configured,meter_configured,emergency_stop,supply_voltage,rssi,pressure,pump_current,sensor_bus_errors,packet_loss_rate,command_failure_rate,power_state,mqtt_state,online,source
synthetic_customer_009,cabinet_009,2026-09-02 00:10:00+00:00,1,1,1,1,True,True,False,23.887995848761587,-48.088765623535394,3.0041885231869743,3.991129143438164,0.0,0.0,0.0031706661457441363,on,connected,True,synthetic_device_spec_v11
synthetic_customer_009,cabinet_009,2026-09-02 00:20:00+00:00,1,1,1,1,True,True,False,23.873995544157133,-46.978829055381624,2.9981992024281037,4.060985106117365,0.0,0.02137032696714429,0.002033037549552938,on,connected,True,synthetic_device_spec_v11
synthetic_customer_009,cabinet_009,2026-09-02 00:30:00+00:00,1,1,1,1,True,True,False,23.938278661141712,-46.34021395199177,2.9975917955891522,3.9756710979722385,0.0,0.0,0.0,on,connected,True,synthetic_device_spec_v11
synthetic_customer_009,cabinet_009,2026-09-02 00:40:00+00:00,0,0,0,0,True,True,False,23.936966933500887,-47.57259967769402,3.020913093601179,4.027782951632193,0.16044918525074345,0.0,0.02757558944146437,on,connected,True,synthetic_device_spec_v11
synthetic_customer_009,cabinet_009,2026-09-02 00:50:00+00:00,0,0,0,0,True,True,False,23.92717367933009,-48.43595274163716,2.9035962562129045,4.025940652562293,0.6629693502917754,0.00023498514956848734,0.01907208628354327,on,connected,True,synthetic_device_spec_v11
synthetic_customer_009,cabinet_009,2026-09-02 01:00:00+00:00,0,0,0,0,True,True,False,24.050020872287124,-47.765359832762684,2.997106351901599,4.014193780690671,0.2071754083501873,0.01422836712792949,0.0,on,connected,True,synthetic_device_spec_v11
synthetic_customer_009,cabinet_009,2026-09-02 01:10:00+00:00,0,0,0,0,True,True,False,23.962156407174923,-47.00829604429345,3.0232207851384647,3.938951292119222,0.20514057201569613,0.0,0.02705581354290639,on,connected,True,synthetic_device_spec_v11
synthetic_customer_009,cabinet_009,2026-09-02 01:20:00+00:00,0,0,0,0,True,True,False,24.274305815319057,-49.335899213464984,2.9272447419458674,4.039236676558318,0.0,0.016160518767605086,0.0,on,connected,True,synthetic_device_spec_v11
synthetic_customer_009,cabinet_009,2026-09-02 01:30:00+00:00,0,0,0,0,True,True,False,24.249144033013536,-47.14011435577129,2.99951693929692,3.9661447681371067,0.0,0.017169978651252627,0.009928995282414973,on,connected,True,synthetic_device_spec_v11
synthetic_customer_009,cabinet_009,2026-09-02 01:40:00+00:00,0,0,0,0,True,True,False,23.994778020096195,-48.40128247756798,3.0559217059675037,4.150851019653235,1.0120564436528523,0.045033561329204996,0.0,on,connected,True,synthetic_device_spec_v11
synthetic_customer_009,cabinet_009,2026-09-02 01:50:00+00:00,0,0,0,0,True,True,False,23.912764976367022,-47.99579515867669,3.0265733069007577,4.115505464462597,0.12005242700519121,0.0,0.0,on,connected,True,synthetic_device_spec_v11
synthetic_customer_009,cabinet_009,2026-09-02 02:00:00+00:00,0,0,0,0,True,True,False,23.912785296366767,-46.18371442938292,2.994761075439712,3.9925604297162702,0.0,0.0,0.014532444897547271,on,connected,True,synthetic_device_spec_v11
synthetic_customer_009,cabinet_009,2026-09-02 02:10:00+00:00,0,0,0,0,True,True,False,23.983902146539144,-49.66601332871852,2.9933998316799846,3.832493223417887,0.0,0.0,0.0,on,connected,True,synthetic_device_spec_v11
synthetic_customer_009,cabinet_009,2026-09-02 02:20:00+00:00,0,0,0,0,True,True,False,23.90233941394851,-47.65706011560565,3.0169514461353537,4.124258801689233,0.6049156352559764,0.009951423786884423,0.0,on,connected,True,synthetic_device_spec_v11
synthetic_customer_009,cabinet_009,2026-09-02 02:30:00+00:00,0,0,0,0,True,True,False,24.09469671745976,-48.82677660144304,3.0066530228891355,4.064637852235069,0.0,0.0,0.027900677128978927,on,connected,True,synthetic_device_spec_v11
synthetic_customer_009,cabinet_009,2026-09-02 02:40:00+00:00,0,0,0,0,True,True,False,23.96507890366778,-50.041855335282406,2.9675345867561305,4.085169992750197,0.0,0.005019894877665053,0.0,on,connected,True,synthetic_device_spec_v11
synthetic_customer_009,cabinet_009,2026-09-02 02:50:00+00:00,0,0,0,0,True,True,False,23.988177678850963,-47.24184019958307,3.042162910797453,4.028606180352981,0.0,0.0,0.033410646285418684,on,connected,True,synthetic_device_spec_v11
synthetic_customer_009,cabinet_009,2026-09-02 03:00:00+00:00,0,0,0,0,True,True,False,24.02366876543846,-47.752063545303386,3.0327221134694757,4.034964065709911,0.0,0.0,0.002850686319176534,on,connected,True,synthetic_device_spec_v11
synthetic_customer_009,cabinet_009,2026-09-02 03:10:00+00:00,0,0,0,0,True,True,False,24.173033664608877,-47.951553587605005,3.072976515045333,4.071448784982613,0.0,0.0,0.002722237073601275,on,connected,True,synthetic_device_spec_v11
synthetic_customer_009,cabinet_009,2026-09-02 03:20:00+00:00,0,0,0,0,True,True,False,24.057490667599083,-45.67965094768601,2.9695607614258375,4.046131409458174,0.7667049633188281,0.0,0.0,on,connected,True,synthetic_device_spec_v11
synthetic_customer_009,cabinet_009,2026-09-02 03:30:00+00:00,0,0,0,0,True,True,False,23.89156072259657,-47.0113042293181,2.978286603590078,4.047610401476217,0.0,0.01925381435034061,0.0,on,connected,True,synthetic_device_spec_v11
synthetic_customer_009,cabinet_009,2026-09-02 03:40:00+00:00,0,0,0,0,True,True,False,23.921480433422378,-49.83033827556421,3.001644609798022,4.042812964843841,1.110626881534777,0.06423886953617977,0.0,on,connected,True,synthetic_device_spec_v11
synthetic_customer_009,cabinet_009,2026-09-02 03:50:00+00:00,0,0,0,0,True,True,False,23.917777599197986,-49.330729361559655,2.964941666970636,4.304065848755987,0.291906428361152,0.0,0.03998803219959418,on,connected,True,synthetic_device_spec_v11
synthetic_customer_009,cabinet_009,2026-09-02 04:00:00+00:00,0,0,0,0,True,True,False,24.222532574991185,-46.433453789517486,3.0167219236831606,4.608021406089717,0.4993335829720419,0.0014668346947824082,0.07411929430978301,on,connected,True,synthetic_device_spec_v11
synthetic_customer_009,cabinet_009,2026-09-02 04:10:00+00:00,0,0,0,0,True,True,False,24.09115185685153,-46.87542465241992,2.9576405367335727,4.776350521922364,0.0,0.013891610132931113,0.06956500325923903,on,connected,True,synthetic_device_spec_v11
synthetic_customer_009,cabinet_009,2026-09-02 04:20:00+00:00,0,0,0,0,True,True,False,23.916731606847534,-49.140157414254496,2.9564849110014046,5.05339286372066,0.0,0.006083770489307961,0.16036440125917575,on,connected,True,synthetic_device_spec_v11
synthetic_customer_009,cabinet_009,2026-09-02 04:30:00+00:00,0,0,0,0,True,True,False,24.00845993050625,-48.13374430979285,2.752667586827934,5.429699701686623,0.0,0.05846866139686721,0.1731023921359055,on,connected,True,synthetic_device_spec_v11
synthetic_customer_009,cabinet_009,2026-09-02 04:40:00+00:00,0,0,0,0,True,True,False,23.985750780531127,-47.8622417412582,2.6607089269922777,5.620495120942686,0.05739926987162155,0.02168502191795,0.23199230660747527,on,connected,True,synthetic_device_spec_v11
synthetic_customer_009,cabinet_009,2026-09-02 04:50:00+00:00,0,0,0,0,True,True,False,24.024058791796012,-51.90152704084476,2.5315239044996343,5.816784278175226,0.0,0.05272701233400997,0.20183357955785552,on,connected,True,synthetic_device_spec_v11
synthetic_customer_009,cabinet_009,2026-09-02 05:00:00+00:00,0,0,0,0,True,True,False,24.10340815707601,-55.144277131466104,2.415444236333064,5.973948140776852,0.033715182139589586,0.09470845854814695,0.28055939169937677,on,connected,True,synthetic_device_spec_v11
synthetic_customer_009,cabinet_009,2026-09-02 05:10:00+00:00,0,0,0,0,True,True,False,23.85782409928145,-54.92870221541978,2.3465335206993876,6.320080064711248,0.40525233753226986,0.13175307121009527,0.3094251152550383,on,connected,True,synthetic_device_spec_v11
synthetic_customer_009,cabinet_009,2026-09-02 05:20:00+00:00,0,0,0,0,True,True,False,24.181412339696905,-59.01637758987878,2.2211987757993925,6.540594467994671,0.0,0.16635473777700388,0.33468635143122305,on,connected,True,synthetic_device_spec_v11
synthetic_customer_009,cabinet_009,2026-09-02 05:30:00+00:00,0,0,0,0,True,True,False,24.078751549851088,-61.16188894387063,2.0497262576257307,6.751377171398973,0.09732769199960757,0.25441438604194205,0.37290044745545226,on,connected,True,synthetic_device_spec_v11
synthetic_customer_009,cabinet_009,2026-09-02 05:40:00+00:00,0,0,0,0,True,True,False,23.850618670241854,-63.68005438070109,1.8184389431546661,7.003675549882306,0.1557902768419004,0.2846727609976512,0.4331796433699455,on,connected,True,synthetic_device_spec_v11
synthetic_customer_009,cabinet_009,2026-09-02 05:50:00+00:00,0,0,0,0,True,True,False,23.905746717854854,-66.36881929660751,1.7588531357783952,6.909812197439251,0.0,0.3386566567229112,0.39569731268479635,on,connected,True,synthetic_device_spec_v11
synthetic_customer_009,cabinet_009,2026-09-02 06:00:00+00:00,0,0,0,0,True,True,False,23.836940591296486,-66.5366757081816,1.6098852310955616,6.961108960735291,0.2532081024294731,0.3389881228733453,0.40484394775964705,on,connected,True,synthetic_device_spec_v11
synthetic_customer_009,cabinet_009,2026-09-02 06:10:00+00:00,0,1,1,0,True,True,False,24.243033794097297,-70.04401854860787,1.5449986054666085,6.920770809187799,0.6467685665808947,0.3715213986955386,0.4198033997740912,on,connected,True,synthetic_device_spec_v11
synthetic_customer_009,cabinet_009,2026-09-02 06:20:00+00:00,1,1,1,1,True,True,False,24.011272374534418,-72.17646544543987,1.3517709533586115,3.9684603411909336,0.22656789258369706,0.4379741190053084,0.0,on,connected,True,synthetic_device_spec_v11
synthetic_customer_009,cabinet_009,2026-09-02 06:30:00+00:00,1,1,1,1,True,True,False,24.081382266806326,-74.60429582987028,1.2287840886743713,4.089414985340664,0.371742128286462,0.5300474396892294,0.029717604904243893,on,connected,True,synthetic_device_spec_v11
synthetic_customer_009,cabinet_009,2026-09-02 06:40:00+00:00,0,0,0,0,True,True,False,24.099132038860052,-78.21838035179773,1.1200031615178137,3.950589127433808,0.4862703181411749,0.5652278430427574,0.0,on,connected,True,synthetic_device_spec_v11
synthetic_customer_009,cabinet_009,2026-09-02 06:50:00+00:00,0,0,0,0,True,True,False,23.985796567802463,-80.23604174973076,0.9917242442507638,3.964194912520178,0.7898159080347615,0.5638209666795229,0.01164025397500198,on,connected,True,synthetic_device_spec_v11
synthetic_customer_009,cabinet_009,2026-09-02 07:00:00+00:00,0,0,0,0,True,True,False,23.955614069471466,-80.75587380611788,1.0473424842110315,3.9828818621440694,0.0,0.5777524635957363,0.003134563116694556,on,connected,True,synthetic_device_spec_v11
synthetic_customer_009,cabinet_009,2026-09-02 07:10:00+00:00,0,0,0,0,True,True,False,24.061854227506025,-84.99004327671652,1.02242031331538,4.043111989940203,0.6362369236164102,0.6447611233776587,0.0032708711353394474,on,connected,True,synthetic_device_spec_v11
synthetic_customer_009,cabinet_009,2026-09-02 08:00:00+00:00,0,0,0,0,True,True,False,24.05739828727768,-48.225469309025286,2.921765820769451,4.088268577079388,1.4446364467290016,0.031151208658943854,0.003485540635074037,on,connected,True,synthetic_device_spec_v11
synthetic_customer_009,cabinet_009,2026-09-02 08:10:00+00:00,0,0,0,0,True,True,False,23.729522379634872,-47.17246295895935,3.0182289490002154,4.0246971858550395,0.0,0.0,0.0,on,connected,True,synthetic_device_spec_v11
synthetic_customer_009,cabinet_009,2026-09-02 08:20:00+00:00,0,0,0,0,True,True,False,23.9739388046238,-48.96710482214925,3.0278420914487176,4.08847752109663,0.6330159347345999,0.020620894614080072,0.0,on,connected,True,synthetic_device_spec_v11
synthetic_customer_009,cabinet_009,2026-09-02 08:30:00+00:00,0,0,0,0,True,True,False,23.86912800483706,-46.40841582222194,3.0488906325513843,3.950899485878813,0.34175596400871383,0.018220270336430387,0.013096697247645749,on,connected,True,synthetic_device_spec_v11
synthetic_customer_009,cabinet_009,2026-09-02 08:40:00+00:00,0,0,0,0,True,True,False,24.21252848107169,-48.039349214360485,3.0401319747486912,4.030257990479187,0.0,0.0,0.02201655298790186,on,connected,True,synthetic_device_spec_v11
synthetic_customer_009,cabinet_009,2026-09-02 08:50:00+00:00,0,0,0,0,True,True,False,24.013145938458656,-46.91316878789449,2.9515650657886687,4.0386405885213055,0.0,0.01993305469006774,0.03606800650527725,on,connected,True,synthetic_device_spec_v11
synthetic_customer_009,cabinet_009,2026-09-02 09:00:00+00:00,0,0,0,0,True,True,False,24.10493497122019,-46.899068491551,2.998812087992564,4.084694211650697,0.27135850268130096,0.013466525017343793,0.003400210937102666,on,connected,True,synthetic_device_spec_v11
synthetic_customer_009,cabinet_009,2026-09-02 09:10:00+00:00,0,0,0,0,True,True,False,23.77499784337866,-46.12826259838348,2.9760597882029085,4.062695404791788,0.0,0.0,0.00994843188724193,on,connected,True,synthetic_device_spec_v11
synthetic_customer_009,cabinet_009,2026-09-02 09:20:00+00:00,0,0,0,0,True,True,False,24.08562141101854,-48.87556871137718,2.976075792769468,4.068902113987974,0.0,0.0,0.02035488751290306,on,connected,True,synthetic_device_spec_v11
synthetic_customer_009,cabinet_009,2026-09-02 09:30:00+00:00,0,0,0,0,True,True,False,23.92243250096994,-49.28520491673335,2.9128682211879147,3.91643641795052,0.26454497664290455,0.0,0.007269772236044374,on,connected,True,synthetic_device_spec_v11
synthetic_customer_009,cabinet_009,2026-09-02 09:40:00+00:00,0,0,0,0,True,True,False,24.042752660946498,-47.355265769696274,2.986581170698402,3.958387167240753,0.07885622806974606,0.019735973534555234,0.0,on,connected,True,synthetic_device_spec_v11
synthetic_customer_009,cabinet_009,2026-09-02 09:50:00+00:00,0,0,0,0,True,True,False,23.833903327019065,-48.033886185706486,3.0019365554984883,4.048486846366599,0.0,0.00657500078748265,0.02710988907017213,on,connected,True,synthetic_device_spec_v11
synthetic_customer_009,cabinet_009,2026-09-02 10:00:00+00:00,0,0,0,0,True,True,False,23.89254210456608,-47.53070776989195,2.9797801003434237,4.09650574970158,0.0,0.0,0.012471384552383263,on,connected,True,synthetic_device_spec_v11
synthetic_customer_009,cabinet_009,2026-09-02 10:10:00+00:00,0,0,0,0,True,True,False,23.949496459227518,-46.35303265568122,3.001766309755106,4.044731833926207,0.28377774936422073,0.0029274178905611455,0.0,on,connected,True,synthetic_device_spec_v11
synthetic_customer_009,cabinet_009,2026-09-02 10:20:00+00:00,0,0,0,0,True,True,False,23.9763144004195,-47.712932023446456,2.967310341779411,3.9537493055508923,0.0,0.008624353989859343,0.0,on,connected,True,synthetic_device_spec_v11
synthetic_customer_009,cabinet_009,2026-09-02 10:30:00+00:00,0,0,0,0,True,True,False,23.9828850471993,-47.55119108231912,3.0059778189255772,3.8881270608931016,0.0,0.0,0.0,on,connected,True,synthetic_device_spec_v11
synthetic_customer_009,cabinet_009,2026-09-02 10:40:00+00:00,0,0,0,0,True,True,False,24.092091820812033,-47.694875785385264,2.9758883102633944,4.016548764306834,0.17157146721079633,0.0,0.007648730317807627,on,connected,True,synthetic_device_spec_v11
synthetic_customer_009,cabinet_009,2026-09-02 10:50:00+00:00,0,0,0,0,True,True,False,24.18405437005241,-47.329454970677055,2.9743629635138786,4.000658751349923,0.0,0.0,0.0,on,connected,True,synthetic_device_spec_v11
synthetic_customer_009,cabinet_009,2026-09-02 11:00:00+00:00,0,0,0,0,True,True,False,23.936812222467008,-47.13675247026948,3.0015013651813574,3.99507505945334,0.3995237415174632,0.0,0.0,on,connected,True,synthetic_device_spec_v11
synthetic_customer_009,cabinet_009,2026-09-02 11:10:00+00:00,0,0,0,0,True,True,False,24.266958504407803,-47.53178283636229,2.883524826192456,3.999629665449058,0.19914204066875962,0.016995016605074326,0.005113599543627416,on,connected,True,synthetic_device_spec_v11
synthetic_customer_009,cabinet_009,2026-09-02 11:20:00+00:00,0,0,0,0,True,True,False,23.872905068749937,-47.16596269817009,2.931212960541026,3.978878067609919,0.5694402760444633,0.02385858450767827,0.0,on,connected,True,synthetic_device_spec_v11
synthetic_customer_009,cabinet_009,2026-09-02 11:30:00+00:00,0,0,0,0,True,True,False,23.929821118357317,-48.855567089124406,2.8068697311211963,4.101488569537236,0.9758641874165126,0.0,0.012175515330835584,on,connected,True,synthetic_device_spec_v11
synthetic_customer_009,cabinet_009,2026-09-02 11:40:00+00:00,0,0,0,0,True,True,False,24.100243533501878,-49.186496182076326,2.8091264576377872,3.999233269772907,0.46097080342753455,0.0,0.0002410697349669431,on,connected,True,synthetic_device_spec_v11
synthetic_customer_009,cabinet_009,2026-09-02 11:50:00+00:00,0,0,0,0,True,True,False,24.056873714000936,-48.18144622093743,2.7323390167876087,3.9621722123753806,0.3184763917661204,0.006157919108737336,0.0031768078632797648,on,connected,True,synthetic_device_spec_v11
synthetic_customer_009,cabinet_009,2026-09-02 12:00:00+00:00,0,0,0,0,True,True,False,24.344964570013143,-47.61804977506022,2.7762932995447622,4.007372521438519,0.0,0.0,0.009827338069398783,on,connected,True,synthetic_device_spec_v11
synthetic_customer_009,cabinet_009,2026-09-02 12:10:00+00:00,1,1,1,1,True,True,False,23.777563194856754,-48.9375383920621,2.672594177974442,4.027372605269772,0.1982555678836661,0.0,0.00859031341116981,on,connected,True,synthetic_device_spec_v11
synthetic_customer_009,cabinet_009,2026-09-02 12:20:00+00:00,1,1,1,1,True,True,False,23.927381993324936,-48.14487599934993,2.68420542105474,3.9916479726179843,0.08761079323207141,0.015335220233650033,0.0,on,connected,True,synthetic_device_spec_v11
synthetic_customer_009,cabinet_009,2026-09-02 12:30:00+00:00,1,1,1,1,True,True,False,23.97398132402195,-48.10627175997842,2.574352231051916,4.051864859941601,0.0,0.0,0.01660688302849084,on,connected,True,synthetic_device_spec_v11
synthetic_customer_009,cabinet_009,2026-09-02 12:40:00+00:00,0,0,0,0,True,True,False,23.778023754801968,-47.18431329244649,2.5776930838392396,4.0150476376999995,0.3297087307626608,0.03105796687662679,0.010012338947934267,on,connected,True,synthetic_device_spec_v11
synthetic_customer_009,cabinet_009,2026-09-02 12:50:00+00:00,0,0,0,0,True,True,False,23.980071573873097,-47.77281952262759,2.505603687275576,4.031315834841094,1.006389454689505,0.032985303187322776,0.0,on,connected,True,synthetic_device_spec_v11
synthetic_customer_009,cabinet_009,2026-09-02 13:00:00+00:00,0,0,0,0,True,True,False,24.321198670961174,-48.325425680093424,2.4857194594627776,4.0675776601482365,0.0,0.0,0.011792227624911457,on,connected,True,synthetic_device_spec_v11
synthetic_customer_009,cabinet_009,2026-09-02 13:10:00+00:00,0,0,0,0,True,True,False,24.101881266334605,-48.07479181751956,2.4595999397473762,3.9808491469659697,0.26818959847819496,0.04103907424967473,0.0013390410701503857,on,connected,True,synthetic_device_spec_v11
synthetic_customer_009,cabinet_009,2026-09-02 13:20:00+00:00,0,0,0,0,True,True,False,24.06110570119967,-50.111799737379556,2.436985014341173,3.9445877520887835,0.0,0.033292631772985394,0.0,on,connected,True,synthetic_device_spec_v11
synthetic_customer_009,cabinet_009,2026-09-02 13:30:00+00:00,0,0,0,0,True,True,False,23.96236779705461,-46.65733405580713,2.3340352041649046,4.034762312237223,0.8765246667110274,0.0,0.006084734070048061,on,connected,True,synthetic_device_spec_v11
synthetic_customer_009,cabinet_009,2026-09-02 13:40:00+00:00,0,0,0,0,True,True,False,23.987285116116418,-48.02847158958579,2.323873617171203,4.010899049765676,0.15483857480457278,0.0,0.0,on,connected,True,synthetic_device_spec_v11
synthetic_customer_009,cabinet_009,2026-09-02 13:50:00+00:00,0,0,0,0,True,True,False,23.943675739229054,-46.32780785557929,2.3043273376564417,3.978469127962593,1.3116497042476842,0.0,0.002494974604923176,on,connected,True,synthetic_device_spec_v11
synthetic_customer_009,cabinet_009,2026-09-02 14:00:00+00:00,0,0,0,0,True,True,False,23.95390384178914,-48.383103099072244,2.22794089034946,3.978573017633201,3.284059155005937,0.036804966951013034,0.0,on,connected,True,synthetic_device_spec_v11
synthetic_customer_009,cabinet_009,2026-09-02 14:10:00+00:00,0,0,0,0,True,True,False,23.973665056697964,-45.86454718040895,2.1376536588059545,3.8919384895790277,5.761053804215226,0.014347103042906038,0.014032255988078505,on,connected,True,synthetic_device_spec_v11
synthetic_customer_009,cabinet_009,2026-09-02 14:20:00+00:00,0,0,0,0,True,True,False,23.948435716119523,-47.518863119882866,2.2345866484151125,4.032165743780922,7.661311168981462,0.005311399608682161,0.013144463312639194,on,connected,True,synthetic_device_spec_v11
synthetic_customer_009,cabinet_009,2026-09-02 14:30:00+00:00,0,0,0,0,True,True,False,23.905093583055866,-47.932826713872934,2.132263579172225,3.9862384856715543,9.918011664023382,0.0,0.0,on,connected,True,synthetic_device_spec_v11
synthetic_customer_009,cabinet_009,2026-09-02 14:40:00+00:00,0,0,0,0,True,True,False,23.364193442775733,-48.54835501512405,2.1351141797912248,4.085723576657077,11.988627535097006,0.013372425404851208,0.01070857835508653,on,connected,True,synthetic_device_spec_v11
synthetic_customer_009,cabinet_009,2026-09-02 14:50:00+00:00,0,0,0,0,True,True,False,23.23480565101545,-48.117601597393886,2.1629042564771312,4.000423897997923,14.039700459171646,0.0,0.0,on,connected,True,synthetic_device_spec_v11
synthetic_customer_009,cabinet_009,2026-09-02 15:00:00+00:00,0,0,0,0,True,True,False,22.754334716193384,-45.7421054598429,2.2987453769617763,3.9015044988092193,15.502607459564949,0.015701327040126008,0.0,on,connected,True,synthetic_device_spec_v11
synthetic_customer_009,cabinet_009,2026-09-02 15:10:00+00:00,0,0,0,0,True,True,False,22.367704152214902,-47.82159072628102,2.2263063861458647,3.932651828029694,18.16754731369977,0.0028513913120894042,0.0009279424651324266,on,connected,True,synthetic_device_spec_v11
synthetic_customer_009,cabinet_009,2026-09-02 15:20:00+00:00,0,0,0,0,True,True,False,21.942677165700136,-46.64045201215941,2.960724949637929,3.951819564975265,21.015798925292664,0.01681375259966773,0.0,on,connected,True,synthetic_device_spec_v11
synthetic_customer_009,cabinet_009,2026-09-02 15:30:00+00:00,0,0,0,0,True,True,False,21.76218110847017,-47.16624907992677,3.0527016394465782,4.109764565286767,23.56432256980599,0.02974811761067724,0.0,on,connected,True,synthetic_device_spec_v11
synthetic_customer_009,cabinet_009,2026-09-02 15:40:00+00:00,0,0,0,0,True,True,False,21.513474842931746,-49.08922924031399,3.0243310758818667,4.048362143555665,25.34589656784496,0.009246718101756805,0.0,on,connected,True,synthetic_device_spec_v11
synthetic_customer_009,cabinet_009,2026-09-02 15:50:00+00:00,0,0,0,0,True,True,False,21.401600642723082,-47.817143981672274,2.9963763177781817,3.9967854657943334,23.82737839681293,0.021133543400093477,0.0,on,connected,True,synthetic_device_spec_v11
synthetic_customer_009,cabinet_009,2026-09-02 16:00:00+00:00,0,0,0,0,True,True,False,20.692807698514656,-46.74209498046039,3.026873441011835,3.8746065334367135,25.0075929076951,0.0,0.021575243511723012,on,connected,True,synthetic_device_spec_v11
synthetic_customer_009,cabinet_009,2026-09-02 16:10:00+00:00,0,0,0,0,True,True,False,20.755506720080522,-47.87439245491993,3.061957972891559,3.947686934680805,25.115248400342978,0.0,0.021795321607446835,on,connected,True,synthetic_device_spec_v11
synthetic_customer_009,cabinet_009,2026-09-02 16:20:00+00:00,0,0,0,0,True,True,False,20.030094213435813,-48.62655144528631,2.971466999522705,4.012789807221649,25.203940443527543,0.017182307948375667,0.0,on,connected,True,synthetic_device_spec_v11
synthetic_customer_009,cabinet_009,2026-09-02 16:30:00+00:00,0,0,0,0,True,True,False,20.06295173183652,-48.137531679058156,2.9873962871746285,3.9501456637810564,24.35055182019323,0.006408170099919321,0.02861397050078199,on,connected,True,synthetic_device_spec_v11
synthetic_customer_009,cabinet_009,2026-09-02 16:40:00+00:00,0,0,0,0,True,True,False,19.512649747259577,-49.31734842507526,3.0104706042701,4.060972114549389,25.153757784786166,0.0,0.0038214331456309786,on,connected,True,synthetic_device_spec_v11
synthetic_customer_009,cabinet_009,2026-09-02 16:50:00+00:00,0,0,0,0,True,True,False,19.40613062980844,-46.19792595181931,2.9908797427185405,3.8785341015549193,0.0,0.0282218087174218,0.023438132040229008,on,connected,True,synthetic_device_spec_v11
synthetic_customer_009,cabinet_009,2026-09-02 17:00:00+00:00,0,0,0,0,True,True,False,19.210218141816764,-48.45191339463512,3.0206737427684356,3.946121598221043,0.6571046429384749,0.0,0.012028752168597586,on,connected,True,synthetic_device_spec_v11
synthetic_customer_009,cabinet_009,2026-09-02 17:10:00+00:00,0,0,0,0,True,True,False,18.621595043256406,-48.685831979223394,2.959429908966075,3.9685967424940047,0.6851856141667945,0.049854480390320595,0.00957517147795439,on,connected,True,synthetic_device_spec_v11
synthetic_customer_009,cabinet_009,2026-09-02 18:00:00+00:00,0,0,0,0,True,True,False,23.983886245021406,-47.550474693745045,2.9499774452353402,4.097549573295654,0.8256252374833841,0.00073071361257581,0.0,on,connected,True,synthetic_device_spec_v11
synthetic_customer_009,cabinet_009,2026-09-02 18:10:00+00:00,1,1,1,1,True,True,False,24.172256353254753,-48.697245440876095,3.061901793389878,3.9893876575304956,0.0,0.006146514672148347,0.0,on,connected,True,synthetic_device_spec_v11
synthetic_customer_009,cabinet_009,2026-09-02 18:20:00+00:00,1,1,1,1,True,True,False,23.890757767998018,-47.0849696376418,2.9751704351844777,4.083632848273541,0.0,0.0,0.022438837273346106,on,connected,True,synthetic_device_spec_v11
synthetic_customer_009,cabinet_009,2026-09-02 18:30:00+00:00,1,1,1,1,True,True,False,23.97368031582684,-47.802252572076675,2.939087110601651,4.028133969054879,0.6762680214069046,0.03100465483881966,0.025569778609456056,on,connected,True,synthetic_device_spec_v11
synthetic_customer_009,cabinet_009,2026-09-02 18:40:00+00:00,0,0,0,0,True,True,False,24.171397725019673,-47.71542407058121,2.914826511679854,4.017452479662685,0.44784550601610107,0.0,0.0,on,connected,True,synthetic_device_spec_v11
synthetic_customer_009,cabinet_009,2026-09-02 18:50:00+00:00,0,0,0,0,True,True,False,24.082142912044883,-48.834937158079946,3.046982584121619,3.9819650215635916,0.0,0.015471678533304365,0.0016727457218470917,on,connected,True,synthetic_device_spec_v11
synthetic_customer_009,cabinet_009,2026-09-02 19:00:00+00:00,0,0,0,0,True,True,False,23.897763673964146,-48.297128394526645,3.030051586637217,3.950361307946821,0.0,0.014601791768316422,0.0,on,connected,True,synthetic_device_spec_v11
synthetic_customer_009,cabinet_009,2026-09-02 19:10:00+00:00,0,0,0,0,True,True,False,23.99426416681145,-46.32219365987401,3.0186698661793026,3.9992576611035577,0.0,0.002441579970028854,0.0,on,connected,True,synthetic_device_spec_v11
synthetic_customer_009,cabinet_009,2026-09-02 19:20:00+00:00,0,0,0,0,True,True,False,23.86605547451334,-47.87554257718749,3.038681584575483,3.9238348508902012,0.4320408343738944,0.028698736713801378,0.019562777510521757,on,connected,True,synthetic_device_spec_v11
synthetic_customer_009,cabinet_009,2026-09-02 19:30:00+00:00,0,0,0,0,True,True,False,24.188434443571875,-48.67035538593947,3.0372315754170365,3.997636611948621,0.0,0.0,0.0,on,connected,True,synthetic_device_spec_v11
synthetic_customer_009,cabinet_009,2026-09-02 19:40:00+00:00,0,0,0,0,True,True,False,23.945022453260886,-47.094263319688125,2.908449070199359,3.9897800517344857,0.20429838357400365,0.0,0.0,on,connected,True,synthetic_device_spec_v11
synthetic_customer_009,cabinet_009,2026-09-02 19:50:00+00:00,0,0,0,0,True,True,False,24.154283579597436,-45.90927138403123,2.9368460079210026,3.9349397824080397,0.0,0.030067174521780524,0.038235066839575636,on,connected,True,synthetic_device_spec_v11
synthetic_customer_009,cabinet_009,2026-09-02 20:00:00+00:00,0,0,0,0,True,True,False,24.010463018976818,-47.03181013923457,2.9624625244835365,3.8996634678520463,0.43130194669761474,0.03643664454582364,0.0,on,connected,True,synthetic_device_spec_v11
synthetic_customer_009,cabinet_009,2026-09-02 20:10:00+00:00,0,0,0,0,True,True,False,23.966967428214634,-46.63870050020539,2.968651257682632,3.992684933660258,0.9959132348755487,0.020859765126851823,0.0,on,connected,True,synthetic_device_spec_v11
synthetic_customer_009,cabinet_009,2026-09-02 20:20:00+00:00,0,0,0,0,True,True,False,23.849155260067494,-48.246933904244685,2.9378798372541564,4.04601899483121,0.0,0.006045057599257572,0.0030014185138335387,on,connected,True,synthetic_device_spec_v11
synthetic_customer_009,cabinet_009,2026-09-02 20:30:00+00:00,0,0,0,0,True,True,False,24.10063709035952,-47.08106956221938,2.9646592159727088,3.9864589944448015,0.0,0.019217596422915408,0.01560836462883925,on,connected,True,synthetic_device_spec_v11
synthetic_customer_009,cabinet_009,2026-09-02 20:40:00+00:00,0,0,0,0,True,True,False,24.105747660166834,-48.12935573412111,3.0153652652794363,4.023212712092597,0.0,0.0,0.010821961924341757,on,connected,True,synthetic_device_spec_v11
synthetic_customer_009,cabinet_009,2026-09-02 20:50:00+00:00,0,0,0,0,True,True,False,24.06403053525106,-48.6259468208224,2.9916167176015187,4.1220299877212785,0.614608399046124,0.0,0.0,on,connected,True,synthetic_device_spec_v11
synthetic_customer_009,cabinet_009,2026-09-02 21:00:00+00:00,0,0,0,0,True,True,False,23.9407393268563,-46.22248273200253,2.9041725629233026,3.9524526630870116,0.0,0.0,0.0,on,connected,True,synthetic_device_spec_v11
synthetic_customer_009,cabinet_009,2026-09-02 21:10:00+00:00,0,0,0,0,True,True,False,23.97295839336111,-47.73493712895114,2.993810060103744,3.933759973247738,0.0,0.0,0.0,on,connected,True,synthetic_device_spec_v11
synthetic_customer_009,cabinet_009,2026-09-02 21:20:00+00:00,0,0,0,0,True,True,False,24.068291262779,-49.27470178557546,2.984493243495217,4.056930032905818,0.0,0.0,0.01690187172536388,on,connected,True,synthetic_device_spec_v11
synthetic_customer_009,cabinet_009,2026-09-02 21:30:00+00:00,0,0,0,0,True,True,False,23.853333328657616,-46.89604912771705,2.974717989747254,3.9162260055120712,0.18965386235702503,0.029194354557348975,0.0,on,connected,True,synthetic_device_spec_v11
synthetic_customer_009,cabinet_009,2026-09-02 21:40:00+00:00,0,0,0,0,True,True,False,23.968916861218375,-46.95660801202607,3.009446751800979,4.033238786179262,0.46405733818897055,0.0,0.0,on,connected,True,synthetic_device_spec_v11
synthetic_customer_009,cabinet_009,2026-09-02 21:50:00+00:00,0,0,0,0,True,True,False,24.00607922038601,-47.81319728017295,3.0486767605666825,3.8429434788795978,0.0,0.0,0.0,on,connected,True,synthetic_device_spec_v11
synthetic_customer_009,cabinet_009,2026-09-02 22:00:00+00:00,0,0,0,0,True,True,False,24.1211432417041,-49.272637637127545,2.9841810611887096,3.990631581544262,0.0,0.021449931028923203,0.012304521320023324,on,connected,True,synthetic_device_spec_v11
synthetic_customer_009,cabinet_009,2026-09-02 22:10:00+00:00,0,0,0,0,True,True,False,24.138586127772804,-47.914426768813414,3.018203304986993,3.9552035223008764,0.0,0.0,0.02704630601263622,on,connected,True,synthetic_device_spec_v11
synthetic_customer_009,cabinet_009,2026-09-02 22:20:00+00:00,0,0,0,0,True,True,False,23.99286945848628,-47.825349946332665,2.940806162513964,3.990869796355942,0.2395856522456962,0.0,0.011588330445677567,on,connected,True,synthetic_device_spec_v11
synthetic_customer_009,cabinet_009,2026-09-02 22:30:00+00:00,0,0,0,0,True,True,False,23.978787683253728,-46.95444325949358,2.9809852883263024,4.02438820795132,0.0,0.0,0.0,on,connected,True,synthetic_device_spec_v11
synthetic_customer_009,cabinet_009,2026-09-02 22:40:00+00:00,0,0,0,0,True,True,False,23.763228968565766,-48.212118848698466,3.030631359979132,4.006154356765746,0.18155139592792738,0.027515742746414048,0.0,on,connected,True,synthetic_device_spec_v11
synthetic_customer_009,cabinet_009,2026-09-02 22:50:00+00:00,0,0,0,0,True,True,False,23.896928769594716,-48.26235171912199,3.024626655618983,4.0218815016303235,0.0,0.0,0.002602278575861532,on,connected,True,synthetic_device_spec_v11
synthetic_customer_009,cabinet_009,2026-09-02 23:00:00+00:00,0,0,0,0,True,True,False,23.909502900725037,-48.87303249021336,2.9525552193018982,3.850109469271458,0.2457294725675878,0.0,0.0019311748109899411,on,connected,True,synthetic_device_spec_v11
synthetic_customer_009,cabinet_009,2026-09-02 23:10:00+00:00,0,0,0,0,True,True,False,23.96647347167005,-46.764156701251444,3.008641044010673,4.050821419348496,0.0,0.04533011868189257,0.0039507758141908746,on,connected,True,synthetic_device_spec_v11
synthetic_customer_009,cabinet_009,2026-09-02 23:20:00+00:00,0,0,0,0,True,True,False,23.848263066872246,-47.94811526844202,2.972265959323309,4.0617880270436295,0.14095295311200481,0.03872168599504949,0.0037759024771310524,on,connected,True,synthetic_device_spec_v11
synthetic_customer_009,cabinet_009,2026-09-02 23:30:00+00:00,0,0,0,0,True,True,False,24.063577980079504,-47.55469545682198,3.014109838642678,3.9296975635397886,0.0,0.0,0.012173862614201971,on,connected,True,synthetic_device_spec_v11
synthetic_customer_009,cabinet_009,2026-09-02 23:40:00+00:00,0,0,0,0,True,True,False,24.10050840510733,-46.17909761820903,3.015086081322868,3.9961344403290653,0.4534611227418298,0.0,0.01236976642037464,on,connected,True,synthetic_device_spec_v11
synthetic_customer_009,cabinet_009,2026-09-02 23:50:00+00:00,0,0,0,0,True,True,False,24.085188911158788,-46.9098529468054,3.002619493071715,3.897242818531339,0.0,0.06647498573005592,0.0213795899856998,on,connected,True,synthetic_device_spec_v11
synthetic_customer_009,cabinet_009,2026-09-03 00:00:00+00:00,0,0,0,0,True,True,False,24.415316579075903,-47.7979707727379,3.0074954641514497,4.0786781782824875,0.012909733699881496,0.018510007451102675,0.0,on,connected,True,synthetic_device_spec_v11
synthetic_customer_009,cabinet_009,2026-09-03 00:10:00+00:00,1,1,1,1,True,True,False,23.941568110986434,-47.84174486949102,3.056540188766082,4.04590772094472,0.6954366794482311,0.004920942324535992,0.006851883933764967,on,connected,True,synthetic_device_spec_v11
synthetic_customer_009,cabinet_009,2026-09-03 00:20:00+00:00,1,1,1,1,True,True,False,24.143311120100595,-48.17489216663082,2.9790538908260533,4.130347954067553,0.0,0.027326246989148706,0.0018273459020581816,on,connected,True,synthetic_device_spec_v11
synthetic_customer_009,cabinet_009,2026-09-03 00:30:00+00:00,1,1,1,1,True,True,False,24.099543867763956,-47.309256061644,2.938984579692779,4.038888741669981,0.0,0.0,0.0,on,connected,True,synthetic_device_spec_v11
synthetic_customer_009,cabinet_009,2026-09-03 00:40:00+00:00,0,0,0,0,True,True,False,24.083752042412353,-47.68515117159093,2.9769762657744248,4.063946324115162,0.8382785310923241,0.0,0.0026035285070918966,on,connected,True,synthetic_device_spec_v11
synthetic_customer_009,cabinet_009,2026-09-03 00:50:00+00:00,0,0,0,0,True,True,False,24.027284101025252,-47.151380912868646,2.9657330450364388,3.958572032017417,0.0,0.00951557320499558,0.0,on,connected,True,synthetic_device_spec_v11
synthetic_customer_009,cabinet_009,2026-09-03 01:00:00+00:00,0,0,0,0,True,True,False,23.72562399993706,-47.49270947105778,3.04061158212127,3.963191258911736,0.0,0.0017998914757580157,0.0,on,connected,True,synthetic_device_spec_v11
synthetic_customer_009,cabinet_009,2026-09-03 01:10:00+00:00,0,0,0,0,True,True,False,24.050477551821356,-49.20946102811966,2.944775310788789,3.9279792317960074,0.0,0.012609014083975335,0.020220555775822987,on,connected,True,synthetic_device_spec_v11
synthetic_customer_009,cabinet_009,2026-09-03 01:20:00+00:00,0,0,0,0,True,True,False,23.971751351478147,-46.93341209119925,3.0682512267513613,4.069254894450117,0.2343653178022415,0.0,0.0,on,connected,True,synthetic_device_spec_v11
synthetic_customer_009,cabinet_009,2026-09-03 01:30:00+00:00,0,0,0,0,True,True,False,24.12932364030043,-47.33864660881549,2.8964390870794063,4.105694619845814,0.0,0.0,0.013485340636070486,on,connected,True,synthetic_device_spec_v11
synthetic_customer_009,cabinet_009,2026-09-03 01:40:00+00:00,0,0,0,0,True,True,False,23.849265373375165,-47.06864751284329,3.024156624454768,3.9932380476188754,0.5848298024792865,0.024662991339266055,0.016206409862139705,on,connected,True,synthetic_device_spec_v11
synthetic_customer_009,cabinet_009,2026-09-03 01:50:00+00:00,0,0,0,0,True,True,False,23.736692149024208,-48.07337471779358,2.95266298450277,3.98214565907892,0.5558575463165655,0.05416984306273315,0.0,on,connected,True,synthetic_device_spec_v11
synthetic_customer_009,cabinet_009,2026-09-03 02:00:00+00:00,0,0,0,0,True,True,False,24.018979729092226,-47.357922973499655,2.9812702667236666,4.103092421176492,0.0,0.0,0.002862315653938886,on,connected,True,synthetic_device_spec_v11
synthetic_customer_009,cabinet_009,2026-09-03 02:10:00+00:00,0,0,0,0,True,True,False,24.064508484583815,-47.817669045453236,2.957811555319769,3.98492189526156,0.18951791442785304,0.0,0.007602643994575888,on,connected,True,synthetic_device_spec_v11
synthetic_customer_009,cabinet_009,2026-09-03 02:20:00+00:00,0,0,0,0,True,True,False,23.719055618685402,-47.825572758503405,3.012733215696705,4.05821188266599,0.0,0.0,0.0,on,connected,True,synthetic_device_spec_v11
synthetic_customer_009,cabinet_009,2026-09-03 02:30:00+00:00,0,0,0,0,True,True,False,24.011006322835016,-47.504919819272914,2.9441387898669285,4.022972631146911,0.6124788406628934,0.0,0.0,on,connected,True,synthetic_device_spec_v11
synthetic_customer_009,cabinet_009,2026-09-03 02:40:00+00:00,0,0,0,0,True,True,False,23.881117575637546,-47.90338147909194,3.0032888760238623,3.998381835616418,0.0,0.007864153421204171,0.0,on,connected,True,synthetic_device_spec_v11
synthetic_customer_009,cabinet_009,2026-09-03 02:50:00+00:00,0,0,0,0,True,True,False,24.077217111294487,-47.54175106292034,2.9347069469870455,4.004005865908732,0.0,0.010313075903152918,0.024581335930859767,on,connected,True,synthetic_device_spec_v11
synthetic_customer_009,cabinet_009,2026-09-03 03:00:00+00:00,0,0,0,0,True,True,False,24.233873454402723,-46.86116774618732,2.947986335597298,4.0571133816712415,0.0,0.0,0.0,on,connected,True,synthetic_device_spec_v11
synthetic_customer_009,cabinet_009,2026-09-03 03:10:00+00:00,0,0,0,0,True,True,False,24.222638244564195,-48.77218800938645,3.0026145757409837,3.9768982806502553,0.0,0.04897634137196726,0.0,on,connected,True,synthetic_device_spec_v11
synthetic_customer_009,cabinet_009,2026-09-03 03:20:00+00:00,0,0,0,0,True,True,False,24.010917388778207,-47.63237084227158,3.0287669022525043,4.048289160453962,0.0,0.0,0.023245518094722774,on,connected,True,synthetic_device_spec_v11
synthetic_customer_009,cabinet_009,2026-09-03 03:30:00+00:00,0,0,0,0,True,True,False,24.31120849774309,-49.58992520206245,3.0086025990487455,4.060534802713405,0.6801604268082234,0.0,0.02575202140299703,on,connected,True,synthetic_device_spec_v11
synthetic_customer_009,cabinet_009,2026-09-03 03:40:00+00:00,0,0,0,0,True,True,False,23.942870893287004,-48.26829288845165,3.095287267201358,4.053160056472246,0.0,0.016881111538684077,0.00927052639002025,on,connected,True,synthetic_device_spec_v11
synthetic_customer_009,cabinet_009,2026-09-03 03:50:00+00:00,0,0,0,0,True,True,False,24.28421360309166,-48.96519851761404,3.066420194528993,3.939568392260302,0.4755278732285354,0.0,0.008789746674644867,on,connected,True,synthetic_device_spec_v11
synthetic_customer_009,cabinet_009,2026-09-03 04:00:00+00:00,0,0,0,0,True,True,False,23.83450421370679,-48.058405142271596,3.053023847457178,3.968034218305419,0.6151923283781461,0.04414172580109464,0.00921271689835382,on,connected,True,synthetic_device_spec_v11
synthetic_customer_009,cabinet_009,2026-09-03 04:10:00+00:00,0,0,0,0,True,True,False,24.190526401234916,-48.77139515360718,2.9342634321046646,3.9311241208718406,0.6142044792976461,0.01795820953999283,0.006621104058882647,on,connected,True,synthetic_device_spec_v11
synthetic_customer_009,cabinet_009,2026-09-03 04:20:00+00:00,0,0,0,0,True,True,False,24.208435289877766,-46.57079519165252,2.9503553369471747,3.98359057940588,0.7089452911508661,0.035738334800867556,0.025636603169924877,on,connected,True,synthetic_device_spec_v11
synthetic_customer_009,cabinet_009,2026-09-03 04:30:00+00:00,0,0,0,0,True,True,False,24.094366409927083,-47.3543359653923,3.008484007095594,4.004767430795839,0.4607661271085326,0.03040764755732402,0.0,on,connected,True,synthetic_device_spec_v11
synthetic_customer_009,cabinet_009,2026-09-03 04:40:00+00:00,0,0,0,0,True,True,False,23.985130263794346,-47.680829912406914,3.0495068526652744,4.02237376118585,0.0,0.0,0.008257271208585755,on,connected,True,synthetic_device_spec_v11
synthetic_customer_009,cabinet_009,2026-09-03 04:50:00+00:00,0,0,0,0,True,True,False,23.856461425202088,-48.583356192639826,3.035358108661594,3.9444903592310783,0.5669343450768753,0.0,0.0,on,connected,True,synthetic_device_spec_v11
synthetic_customer_009,cabinet_009,2026-09-03 05:00:00+00:00,0,0,0,0,True,True,False,23.947982830187524,-47.08651995891818,2.9790760535908913,3.9720868844788035,0.0,0.0,0.011746738276176574,on,connected,True,synthetic_device_spec_v11
synthetic_customer_009,cabinet_009,2026-09-03 05:10:00+00:00,0,0,0,0,True,True,False,23.99171929238211,-47.270995746659494,2.874735969842006,4.047904271892958,1.0146871970935083,0.026116927865688935,0.0,on,connected,True,synthetic_device_spec_v11
synthetic_customer_009,cabinet_009,2026-09-03 05:20:00+00:00,0,0,0,0,True,True,False,24.155486082318422,-47.89395608869695,2.7693556066472875,3.9467411799050023,0.165971143923074,0.012132220763847474,0.0,on,connected,True,synthetic_device_spec_v11
synthetic_customer_009,cabinet_009,2026-09-03 05:30:00+00:00,0,0,0,0,True,True,False,23.964063273661253,-49.433814176408596,2.647888276927677,3.999871937262484,0.007501810796908968,0.0,0.0024873640654927845,on,connected,True,synthetic_device_spec_v11
synthetic_customer_009,cabinet_009,2026-09-03 05:40:00+00:00,0,0,0,0,True,True,False,23.968694524976073,-46.608039985082186,2.5754274959549197,4.111535035093723,0.0,0.0,0.0,on,connected,True,synthetic_device_spec_v11
synthetic_customer_009,cabinet_009,2026-09-03 05:50:00+00:00,0,0,0,0,True,True,False,23.931679918033563,-48.52543858951668,2.3878493781600016,4.0199078964298,0.0,0.0,0.0,on,connected,True,synthetic_device_spec_v11
synthetic_customer_009,cabinet_009,2026-09-03 06:00:00+00:00,0,0,0,0,True,True,False,23.77048622610109,-49.36324708309489,2.264557209934277,3.9396078216712924,0.0005635501237973466,0.00235670576017943,0.0,on,connected,True,synthetic_device_spec_v11
synthetic_customer_009,cabinet_009,2026-09-03 06:10:00+00:00,1,1,1,1,True,True,False,23.98508979569777,-46.46175256844839,2.1894127611150185,3.925089259346995,0.0,0.0,0.0,on,connected,True,synthetic_device_spec_v11
synthetic_customer_009,cabinet_009,2026-09-03 06:20:00+00:00,1,1,1,1,True,True,False,24.163797269280114,-48.4678984796687,2.0430873082003145,3.9568256634218657,0.40062972542466807,0.0,0.03451958645745596,on,connected,True,synthetic_device_spec_v11
synthetic_customer_009,cabinet_009,2026-09-03 06:30:00+00:00,1,1,1,1,True,True,False,24.174875668146655,-48.96014734808158,1.9852891428851638,3.8025494858362046,0.0,0.0016630669153629412,0.013937965590188301,on,connected,True,synthetic_device_spec_v11
synthetic_customer_009,cabinet_009,2026-09-03 06:40:00+00:00,0,0,0,0,True,True,False,23.757204342460426,-49.67422678090821,1.7941464695386355,3.9617979269622317,0.0,0.0,0.0034520513258205093,on,connected,True,synthetic_device_spec_v11
synthetic_customer_009,cabinet_009,2026-09-03 06:50:00+00:00,0,0,0,0,True,True,False,24.157238859707494,-47.42592023567968,1.7222405124112503,3.9518345032224755,0.0,0.0,0.0,on,connected,True,synthetic_device_spec_v11
synthetic_customer_009,cabinet_009,2026-09-03 07:00:00+00:00,0,0,0,0,True,True,False,24.20885479215902,-46.920954881548234,1.5824280707554184,4.079471192543229,1.209802781476189,0.021247814711927923,0.014569031760218412,on,connected,True,synthetic_device_spec_v11
synthetic_customer_009,cabinet_009,2026-09-03 07:10:00+00:00,0,0,0,0,True,True,False,23.84760212461423,-47.22092062650777,1.4258344927448796,3.9759350158545343,0.0,0.0,0.0,on,connected,True,synthetic_device_spec_v11
synthetic_customer_009,cabinet_009,2026-09-03 07:20:00+00:00,0,0,0,0,True,True,False,23.78360577946626,-46.3250394861012,1.4004577874948554,4.062300290146644,0.5059976288552345,0.0,0.0,on,connected,True,synthetic_device_spec_v11
synthetic_customer_009,cabinet_009,2026-09-03 07:30:00+00:00,0,0,0,0,True,True,False,23.921613964723534,-47.038738410258006,1.2739055978950868,4.019168258330139,0.6411766966137988,0.0,0.0,on,connected,True,synthetic_device_spec_v11
synthetic_customer_009,cabinet_009,2026-09-03 07:40:00+00:00,0,0,0,0,True,True,False,24.032338188026472,-48.511425053559535,1.0967142029184564,3.9158462994948233,0.024749467885504004,0.015649467193936013,0.0,on,connected,True,synthetic_device_spec_v11
synthetic_customer_009,cabinet_009,2026-09-03 07:50:00+00:00,0,0,0,0,True,True,False,23.938114668936162,-47.586007183673246,0.9613986619573303,4.0497270904565,0.0,0.03277209601809641,0.0010191910326331842,on,connected,True,synthetic_device_spec_v11
synthetic_customer_009,cabinet_009,2026-09-03 08:00:00+00:00,0,0,0,0,True,True,False,24.063064692857054,-47.57397677033257,1.0284639590113775,4.107401231107881,1.0011163790508717,0.04000571093474253,0.0,on,connected,True,synthetic_device_spec_v11
synthetic_customer_009,cabinet_009,2026-09-03 08:10:00+00:00,0,0,0,0,True,True,False,24.06566121493766,-47.99705714714091,1.0132562187688456,3.9508709581363917,0.0,0.0,0.0,on,connected,True,synthetic_device_spec_v11
synthetic_customer_009,cabinet_009,2026-09-03 08:20:00+00:00,0,0,0,0,True,True,False,24.138721778137352,-47.47123593999984,1.0077699879278532,4.101872428077945,0.0,0.0,0.018130750693422626,on,connected,True,synthetic_device_spec_v11
synthetic_customer_009,cabinet_009,2026-09-03 08:30:00+00:00,0,0,0,0,True,True,False,23.915825607405075,-48.61217850724598,0.975806979431246,3.8768265981043375,0.5683393405964062,0.016318315911375898,0.0,on,connected,True,synthetic_device_spec_v11
synthetic_customer_009,cabinet_009,2026-09-03 08:40:00+00:00,0,0,0,0,True,True,False,24.035405174581534,-49.637970563160586,1.038810200520156,3.9848823746911752,0.0,0.024959752935448068,0.03350731624773661,on,connected,True,synthetic_device_spec_v11
synthetic_customer_009,cabinet_009,2026-09-03 08:50:00+00:00,0,0,0,0,True,True,False,24.00331096263235,-47.80507597558109,0.9258674425865396,4.025919400599884,0.0,0.023537063042163027,0.004458255207924579,on,connected,True,synthetic_device_spec_v11
synthetic_customer_009,cabinet_009,2026-09-03 09:00:00+00:00,0,0,0,0,True,True,False,23.8427779327751,-47.25724992963917,2.97605330958492,4.038959408828055,0.18326107517288004,0.0,0.0,on,connected,True,synthetic_device_spec_v11
synthetic_customer_009,cabinet_009,2026-09-03 09:10:00+00:00,0,0,0,0,True,True,False,23.94917665949996,-47.87483482793233,2.9700847582719447,4.001204531371166,0.0,0.02714291514722599,0.0,on,connected,True,synthetic_device_spec_v11
synthetic_customer_009,cabinet_009,2026-09-03 09:20:00+00:00,0,0,0,0,True,True,False,23.958499937511807,-48.81230605689783,3.02299954690342,4.057780253129898,0.6971026822692731,0.045914827207113616,0.01869948166154234,on,connected,True,synthetic_device_spec_v11
synthetic_customer_009,cabinet_009,2026-09-03 09:30:00+00:00,0,0,0,0,True,True,False,24.162381723240497,-47.91034451861756,3.0251357090314026,3.995104511175106,0.0,0.0,0.019239367401718638,on,connected,True,synthetic_device_spec_v11
synthetic_customer_009,cabinet_009,2026-09-03 09:40:00+00:00,0,0,0,0,True,True,False,24.14149946760315,-48.54584550954211,2.967928563382579,3.9134266639181132,0.0,0.0,0.0,on,connected,True,synthetic_device_spec_v11
synthetic_customer_009,cabinet_009,2026-09-03 09:50:00+00:00,0,0,0,0,True,True,False,23.859058466170477,-48.313811329942396,2.9795779262677415,4.026903534151519,0.0,0.0,0.0,on,connected,True,synthetic_device_spec_v11
synthetic_customer_009,cabinet_009,2026-09-03 10:00:00+00:00,0,0,0,0,True,True,False,24.044406898254067,-48.566789855185185,2.996958710794975,4.061884490054812,0.6530518280000724,0.0,0.0,on,connected,True,synthetic_device_spec_v11
synthetic_customer_009,cabinet_009,2026-09-03 10:10:00+00:00,0,0,0,0,True,True,False,24.014653688271533,-48.528298724926735,2.972093400959262,3.939768060071543,0.2994825114328134,0.05773269339016355,0.025186551815681885,on,connected,True,synthetic_device_spec_v11
synthetic_customer_009,cabinet_009,2026-09-03 10:20:00+00:00,0,0,0,0,True,True,False,23.79318514991612,-47.20828681449543,2.990335364177567,4.033413677102331,0.0,0.0,0.008521452061466463,on,connected,True,synthetic_device_spec_v11
synthetic_customer_009,cabinet_009,2026-09-03 10:30:00+00:00,0,0,0,0,True,True,False,24.196900580677905,-47.11428921089944,2.9032191644826075,4.024217574058879,0.02422060148505054,0.013696421776024476,0.0,on,connected,True,synthetic_device_spec_v11
synthetic_customer_009,cabinet_009,2026-09-03 10:40:00+00:00,0,0,0,0,True,True,False,24.29926302690265,-48.8377272603364,3.033665604024971,3.9302438273013647,0.0,0.0,0.00046418713298226557,on,connected,True,synthetic_device_spec_v11
synthetic_customer_009,cabinet_009,2026-09-03 10:50:00+00:00,0,0,0,0,True,True,False,24.239244651897668,-48.507908252561876,3.0367231126665284,3.9380670642440467,0.0,0.0,0.0070847925678934115,on,connected,True,synthetic_device_spec_v11
synthetic_customer_009,cabinet_009,2026-09-03 11:00:00+00:00,0,0,0,0,True,True,False,24.09169789656428,-48.22882607850956,3.0523807278285933,3.93877229040268,0.3464615183985425,0.0,0.0,on,connected,True,synthetic_device_spec_v11
synthetic_customer_009,cabinet_009,2026-09-03 11:10:00+00:00,0,0,0,0,True,True,False,24.175589556476055,-47.96416211896897,2.997445644816517,3.9825420963478466,0.0393991625682803,0.0012200195184427812,0.027350540221009408,on,connected,True,synthetic_device_spec_v11
synthetic_customer_009,cabinet_009,2026-09-03 11:20:00+00:00,0,0,0,0,True,True,False,24.00850459554337,-48.053017153515476,3.0875312682244385,3.9642169438915373,0.05808422286872636,0.0,0.0,on,connected,True,synthetic_device_spec_v11
synthetic_customer_009,cabinet_009,2026-09-03 11:30:00+00:00,0,0,0,0,True,True,False,24.15497881717678,-47.490669738701314,2.970582036570628,3.9737667332655566,0.30018379827874353,0.004286949165267924,0.009767478022043231,on,connected,True,synthetic_device_spec_v11
synthetic_customer_009,cabinet_009,2026-09-03 11:40:00+00:00,0,0,0,0,True,True,False,24.09380700563554,-48.134328514517904,2.9177093706653037,3.958338406187198,0.5575326594477293,0.0,0.0,on,connected,True,synthetic_device_spec_v11
synthetic_customer_009,cabinet_009,2026-09-03 11:50:00+00:00,0,0,0,0,True,True,False,23.768095810166052,-46.35468739478453,2.9860178080609003,4.1570888415958684,0.0,0.009485461441649932,0.0246078208365376,on,connected,True,synthetic_device_spec_v11
synthetic_customer_009,cabinet_009,2026-09-03 12:00:00+00:00,0,0,0,0,True,True,False,24.057594187189952,-46.77865926011755,3.0134033052953635,4.0517694687519015,0.0,0.0,0.0,on,connected,True,synthetic_device_spec_v11
synthetic_customer_009,cabinet_009,2026-09-03 12:10:00+00:00,1,1,1,1,True,True,False,24.12086596684809,-47.35942904189622,3.060900032489308,3.9510012131356707,0.0,0.027092119892530925,0.0017138252167007901,on,connected,True,synthetic_device_spec_v11
synthetic_customer_009,cabinet_009,2026-09-03 12:20:00+00:00,1,1,1,1,True,True,False,24.298726499360306,-46.48250170753758,2.978466422629456,3.975110877615067,0.0,0.017451363499904015,0.0,on,connected,True,synthetic_device_spec_v11
synthetic_customer_009,cabinet_009,2026-09-03 12:30:00+00:00,1,1,1,1,True,True,False,23.854544082406832,-48.39700845768902,3.054682492633375,3.989680368827452,0.0,0.0,0.005658823592858137,on,connected,True,synthetic_device_spec_v11
synthetic_customer_009,cabinet_009,2026-09-03 12:40:00+00:00,0,0,0,0,True,True,False,23.916010053386866,-46.641164212792596,3.0335123117555782,4.050418338545357,0.0,0.0,0.0,on,connected,True,synthetic_device_spec_v11
synthetic_customer_009,cabinet_009,2026-09-03 12:50:00+00:00,0,0,0,0,True,True,False,23.807711005238243,-48.70005499675206,2.976216082642817,4.00503124867527,0.0,0.0,0.0,on,connected,True,synthetic_device_spec_v11
synthetic_customer_009,cabinet_009,2026-09-03 13:00:00+00:00,0,0,0,0,True,True,False,24.010542849918235,-48.055142248001296,3.032939008222037,4.132851097004746,0.008021621560678665,0.055316398762304375,0.0,on,connected,True,synthetic_device_spec_v11
synthetic_customer_009,cabinet_009,2026-09-03 13:10:00+00:00,0,0,0,0,True,True,False,24.020839807965636,-48.23627919547683,2.909586813481029,4.0813120621503804,0.3925124014567734,0.0,4.9145130715113685e-05,on,connected,True,synthetic_device_spec_v11
synthetic_customer_009,cabinet_009,2026-09-03 13:20:00+00:00,0,0,0,0,True,True,False,23.93248749087751,-47.29361476164255,2.999519291193896,3.958200262165344,0.57356442725265,0.0,0.03341816383129883,on,connected,True,synthetic_device_spec_v11
synthetic_customer_009,cabinet_009,2026-09-03 13:30:00+00:00,0,0,0,0,True,True,False,24.161606802562027,-48.662886563690684,2.959237002901039,4.039513030494027,0.0,0.0,0.02711099449587689,on,connected,True,synthetic_device_spec_v11
synthetic_customer_009,cabinet_009,2026-09-03 13:40:00+00:00,0,0,0,0,True,True,False,24.094767359281125,-48.49796347356891,3.022944808025951,4.046565509930259,0.0,0.0,0.003909018431397444,on,connected,True,synthetic_device_spec_v11
synthetic_customer_009,cabinet_009,2026-09-03 13:50:00+00:00,0,0,0,0,True,True,False,24.120957057415634,-47.28755654366896,2.990493060079447,4.008003819544695,0.0,0.015973786040912177,0.005809154833979313,on,connected,True,synthetic_device_spec_v11
synthetic_customer_009,cabinet_009,2026-09-03 14:00:00+00:00,0,0,0,0,True,True,False,24.063870194700062,-47.35958488187614,2.9835297796222857,3.9276329132751666,0.2931776935621796,0.011128985277774499,0.0,on,connected,True,synthetic_device_spec_v11
synthetic_customer_009,cabinet_009,2026-09-03 14:10:00+00:00,0,0,0,0,True,True,False,24.048922520655793,-48.054869165058996,3.0977261560034797,3.909223993793059,0.0,0.02328280591036692,0.009734451798392394,on,connected,True,synthetic_device_spec_v11
synthetic_customer_009,cabinet_009,2026-09-03 14:20:00+00:00,0,0,0,0,True,True,False,23.9641335667032,-51.2356400703815,2.9521215757148527,4.025972371528989,0.0,0.040617644707252265,0.0,on,connected,True,synthetic_device_spec_v11
synthetic_customer_009,cabinet_009,2026-09-03 14:30:00+00:00,0,0,0,0,True,True,False,24.22605238935713,-47.13370996947008,2.9894933153747294,4.05263644225579,0.7551555039684321,0.03659514275215031,0.015550656612611758,on,connected,True,synthetic_device_spec_v11
synthetic_customer_009,cabinet_009,2026-09-03 14:40:00+00:00,0,0,0,0,True,True,False,23.770073927950587,-45.70489624602856,2.9510183692143466,4.00230989070349,0.0,0.0,0.0193527260269853,on,connected,True,synthetic_device_spec_v11
synthetic_customer_009,cabinet_009,2026-09-03 14:50:00+00:00,0,0,0,0,True,True,False,24.09567744788886,-47.043498992972,2.987011016732161,3.9887754432761975,0.2578519868845861,0.024040061672837662,0.006290319024741675,on,connected,True,synthetic_device_spec_v11
synthetic_customer_009,cabinet_009,2026-09-03 15:00:00+00:00,0,0,0,0,True,True,False,24.10349023632367,-47.93760017726055,3.0310290343806487,3.94879167791403,0.0,0.015047229403094409,0.0,on,connected,True,synthetic_device_spec_v11
synthetic_customer_009,cabinet_009,2026-09-03 15:10:00+00:00,0,0,0,0,True,True,False,23.995894088363517,-48.318492021839,2.9396844347699234,3.9213640093328603,0.8974070685403944,0.011033748593982219,0.0011703913099757601,on,connected,True,synthetic_device_spec_v11
synthetic_customer_009,cabinet_009,2026-09-03 15:20:00+00:00,0,0,0,0,True,True,False,24.044820777008468,-48.624751924090866,2.9134456265763453,4.17524903772915,0.0,0.0,0.0029879341317640587,on,connected,True,synthetic_device_spec_v11
synthetic_customer_009,cabinet_009,2026-09-03 15:30:00+00:00,0,0,0,0,True,True,False,23.843873678234818,-50.74531477758617,2.8684020332719853,4.118262087973944,0.0,0.019766304170170543,0.0,on,connected,True,synthetic_device_spec_v11
synthetic_customer_009,cabinet_009,2026-09-03 15:40:00+00:00,0,0,0,0,True,True,False,23.854520151569538,-53.0607177906709,2.8559873847636035,4.012910546975636,0.7720744891361867,0.10759329510368008,0.0,on,connected,True,synthetic_device_spec_v11
synthetic_customer_009,cabinet_009,2026-09-03 15:50:00+00:00,0,0,0,0,True,True,False,24.207765336233578,-56.15414770558119,2.763909617701536,4.028810898928287,0.0,0.1755961348699721,0.0,on,connected,True,synthetic_device_spec_v11
synthetic_customer_009,cabinet_009,2026-09-03 16:00:00+00:00,0,0,0,0,True,True,False,24.048065607647835,-56.898486840001304,2.715770168726731,4.054443397205276,0.6416103157194144,0.20880019659455085,0.0124867218400672,on,connected,True,synthetic_device_spec_v11
synthetic_customer_009,cabinet_009,2026-09-03 16:10:00+00:00,0,0,0,0,True,True,False,24.026281232758432,-59.288985480783076,2.7604277649584197,4.005018010035698,2.059411067405315,0.24162179696421338,0.0,on,connected,True,synthetic_device_spec_v11
synthetic_customer_009,cabinet_009,2026-09-03 16:20:00+00:00,0,0,0,0,True,True,False,23.87765770623832,-61.39537659110816,2.5630872833836884,4.003265330596404,2.3213881232410887,0.2797863593938092,0.024672612197362408,on,connected,True,synthetic_device_spec_v11
synthetic_customer_009,cabinet_009,2026-09-03 16:30:00+00:00,0,0,0,0,True,True,False,23.94240540916113,-64.73803288608367,2.6626762782848954,4.0113796084468385,3.787962561601954,0.292083850088697,0.02406587376472574,on,connected,True,synthetic_device_spec_v11
synthetic_customer_009,cabinet_009,2026-09-03 16:40:00+00:00,0,0,0,0,True,True,False,23.91111997230673,-64.76666901088488,2.4997633871885263,4.018701968233807,4.515536471938628,0.32233009861392753,0.0,on,connected,True,synthetic_device_spec_v11
synthetic_customer_009,cabinet_009,2026-09-03 16:50:00+00:00,0,0,0,0,True,True,False,24.029506906176074,-67.53001042334044,2.4502839405118313,4.036720309135628,5.903073319972902,0.39549379064831114,0.00257805843277336,on,connected,True,synthetic_device_spec_v11
synthetic_customer_009,cabinet_009,2026-09-03 17:00:00+00:00,0,0,0,0,True,True,False,23.823283701332212,-69.01701277912952,2.5742636339553298,4.015244426868157,6.969040983133333,0.3715540484898699,0.004024680924293469,on,connected,True,synthetic_device_spec_v11
synthetic_customer_009,cabinet_009,2026-09-03 17:10:00+00:00,0,0,0,0,True,True,False,23.815375727194645,-73.31684015255577,2.4340074155131783,4.094894976399453,8.125895015749961,0.45798646321718534,0.0,on,connected,True,synthetic_device_spec_v11
synthetic_customer_009,cabinet_009,2026-09-03 17:20:00+00:00,0,0,0,0,True,True,False,23.82278039791416,-72.46744530830365,2.4282188254650827,4.144877391959261,10.46347943377275,0.4799027127327977,0.05701485139453558,on,connected,True,synthetic_device_spec_v11
synthetic_customer_009,cabinet_009,2026-09-03 17:30:00+00:00,0,0,0,0,True,True,False,24.124533910176996,-76.82122748539737,2.2733813236604385,4.473289312458412,10.64284940947363,0.5287271529412962,0.08744046844543749,on,connected,True,synthetic_device_spec_v11
synthetic_customer_009,cabinet_009,2026-09-03 17:40:00+00:00,0,0,0,0,True,True,False,23.759525368906903,-77.58695171806258,2.283472172052047,4.603349864909501,10.924904147208927,0.5532157752705181,0.06684268067750987,on,connected,True,synthetic_device_spec_v11
synthetic_customer_009,cabinet_009,2026-09-03 17:50:00+00:00,0,0,0,0,True,True,False,23.95988972408042,-78.48540079905376,2.252454170142188,4.9258297425223585,13.64713851713174,0.5521338094544146,0.10055136747238229,on,connected,True,synthetic_device_spec_v11
synthetic_customer_009,cabinet_009,2026-09-03 18:00:00+00:00,0,0,0,0,True,True,False,23.87969859844322,-81.85442623243947,2.2181903576468343,5.169564222069013,15.134096631180796,0.6259727890419273,0.17774194260601348,on,connected,True,synthetic_device_spec_v11
synthetic_customer_009,cabinet_009,2026-09-03 18:10:00+00:00,1,1,1,1,True,True,False,24.102571283660925,-83.92899014267849,2.1937978009866503,5.456204427754335,15.768743184990988,0.6509344990846673,0.18355626200582992,on,connected,True,synthetic_device_spec_v11
synthetic_customer_009,cabinet_009,2026-09-03 19:30:00+00:00,0,0,0,0,True,True,False,23.805548933358157,-48.680075921489305,3.026352712384591,7.025038298931952,25.042279307859097,0.008536971560077667,0.3934728588634499,on,connected,True,synthetic_device_spec_v11
synthetic_customer_009,cabinet_009,2026-09-03 19:40:00+00:00,0,0,0,0,True,True,False,23.85628042985793,-49.19838681985692,2.9828368484413805,7.049875316443454,24.366746835020265,0.006331087533853887,0.392439361016362,on,connected,True,synthetic_device_spec_v11
synthetic_customer_009,cabinet_009,2026-09-03 19:50:00+00:00,0,0,0,0,True,True,False,23.891008629225013,-50.54636688424301,2.9557167401636293,6.9357702034673565,25.590704147229804,0.0,0.37467602839194614,on,connected,True,synthetic_device_spec_v11
synthetic_customer_009,cabinet_009,2026-09-03 20:00:00+00:00,0,0,0,0,True,True,False,23.724925072084762,-49.19071738451299,3.01846129189444,6.905084203912776,25.66075204885523,0.0,0.3827535152960717,on,connected,True,synthetic_device_spec_v11
synthetic_customer_009,cabinet_009,2026-09-03 20:10:00+00:00,0,0,0,0,True,True,False,23.327924958158736,-48.26061927390048,3.034981221132032,6.960777434259583,25.504760868040997,0.0,0.38073649633065565,on,connected,True,synthetic_device_spec_v11
synthetic_customer_009,cabinet_009,2026-09-03 20:20:00+00:00,0,0,0,0,True,True,False,23.153541419563506,-47.844347161764944,3.0147643842494625,3.99649538096515,0.04742500771003611,0.016569234415623937,0.0,on,connected,True,synthetic_device_spec_v11
synthetic_customer_009,cabinet_009,2026-09-03 20:30:00+00:00,0,0,0,0,True,True,False,22.989607083513732,-48.37695802455156,3.0526168419036903,4.109467116893935,0.0,0.01509405573786721,0.006746504412945255,on,connected,True,synthetic_device_spec_v11
synthetic_customer_009,cabinet_009,2026-09-03 20:40:00+00:00,0,0,0,0,True,True,False,22.899573237388264,-49.04871504015689,2.932933563467194,3.911068819678395,0.0,0.007534317386620856,0.005864006543523802,on,connected,True,synthetic_device_spec_v11
synthetic_customer_009,cabinet_009,2026-09-03 20:50:00+00:00,0,0,0,0,True,True,False,22.5081107222773,-48.989436324052186,3.038892998931873,4.04427556387487,0.21172799187100783,0.0,0.0,on,connected,True,synthetic_device_spec_v11
synthetic_customer_009,cabinet_009,2026-09-03 21:00:00+00:00,0,0,0,0,True,True,False,22.286638173446203,-49.78590574415008,3.0084870931853636,3.944817274571534,0.0,0.0,0.0,on,connected,True,synthetic_device_spec_v11
synthetic_customer_009,cabinet_009,2026-09-03 21:10:00+00:00,0,0,0,0,True,True,False,21.982240452555544,-46.220103254035166,2.988649824365145,4.001199032346017,0.9309237126000101,0.003809484877753418,0.0,on,connected,True,synthetic_device_spec_v11
synthetic_customer_009,cabinet_009,2026-09-03 21:20:00+00:00,0,0,0,0,True,True,False,21.71950272854279,-48.69076110978808,2.989734569517395,3.9871936734188345,0.0,0.0,0.0002912575971170915,on,connected,True,synthetic_device_spec_v11
synthetic_customer_009,cabinet_009,2026-09-03 21:30:00+00:00,0,0,0,0,True,True,False,21.529310198589833,-49.24021374262067,3.0829260916386887,4.092710095742046,0.7062296715897084,0.002848991039064355,0.0,on,connected,True,synthetic_device_spec_v11
synthetic_customer_009,cabinet_009,2026-09-03 21:40:00+00:00,0,0,0,0,True,True,False,21.310678329869432,-47.81219591952041,2.9611688065509,4.0066142807163745,0.6096711795054055,0.0,0.0,on,connected,True,synthetic_device_spec_v11
synthetic_customer_009,cabinet_009,2026-09-03 21:50:00+00:00,0,0,0,0,True,True,False,21.039879689573592,-48.8479946358469,3.0040078046333107,4.003371294967788,0.9126091659443023,0.0,0.0,on,connected,True,synthetic_device_spec_v11
synthetic_customer_009,cabinet_009,2026-09-03 22:00:00+00:00,0,0,0,0,True,True,False,20.750291452330398,-46.55687890838599,2.9862006810581696,3.9635573784435927,0.0,0.0,0.004249693083691806,on,connected,True,synthetic_device_spec_v11
synthetic_customer_009,cabinet_009,2026-09-03 22:10:00+00:00,0,0,0,0,True,True,False,20.314776675715883,-47.14898302003319,3.0055573653475904,4.054766047402801,0.0,0.0,0.0026964822970146868,on,connected,True,synthetic_device_spec_v11
synthetic_customer_009,cabinet_009,2026-09-03 22:20:00+00:00,0,0,0,0,True,True,False,20.340360815510444,-47.00224234285325,2.9996421245092386,4.007514863289667,0.4525437346382664,0.03978143338887076,0.0,on,connected,True,synthetic_device_spec_v11
synthetic_customer_009,cabinet_009,2026-09-03 22:30:00+00:00,0,0,0,0,True,True,False,19.912277876280335,-46.61797399025636,3.010004792998815,3.9290842272512827,0.14648879512600088,0.04045026376048221,0.0002298937164336544,on,connected,True,synthetic_device_spec_v11
synthetic_customer_009,cabinet_009,2026-09-03 22:40:00+00:00,0,0,0,0,True,True,False,19.789452089174148,-48.76585491051003,2.9862895186604006,3.997954634095361,0.0,0.026028951575521556,0.0,on,connected,True,synthetic_device_spec_v11
synthetic_customer_009,cabinet_009,2026-09-03 22:50:00+00:00,0,0,0,0,True,True,False,19.61168096709109,-48.57660999117946,2.9675260094240032,4.022662613363166,0.5674215558313674,0.0,0.0,on,connected,True,synthetic_device_spec_v11
synthetic_customer_009,cabinet_009,2026-09-03 23:00:00+00:00,0,0,0,0,True,True,False,19.08381873555327,-47.80449973953961,3.007325155542846,4.034130520380265,0.0,0.04052767220510225,0.0,on,connected,True,synthetic_device_spec_v11
synthetic_customer_009,cabinet_009,2026-09-03 23:10:00+00:00,0,0,0,0,True,True,False,19.057745931066755,-47.73388703153141,3.0726469362657256,4.035305951273541,0.5708514201685421,0.030070088388220256,0.0,on,connected,True,synthetic_device_spec_v11
synthetic_customer_009,cabinet_009,2026-09-03 23:20:00+00:00,0,0,0,0,True,True,False,18.79298980545929,-47.29614134477584,3.0651539052759254,4.0337871196644635,0.25341593758854236,0.014192706144851533,0.021847703078925213,on,connected,True,synthetic_device_spec_v11
synthetic_customer_009,cabinet_009,2026-09-04 00:50:00+00:00,0,0,0,0,True,True,False,24.081213094088675,-47.54709173527789,3.0126051074323184,3.9670097457418234,0.6135810118351016,0.0038854096651925966,0.002014340609510103,on,connected,True,synthetic_device_spec_v11
synthetic_customer_009,cabinet_009,2026-09-04 01:00:00+00:00,0,0,0,0,True,True,False,24.003959753833353,-46.6926085542303,3.064185344674067,3.9307883024848396,0.8077943555220221,0.02214895391604024,0.006932510555786676,on,connected,True,synthetic_device_spec_v11
synthetic_customer_009,cabinet_009,2026-09-04 01:10:00+00:00,0,0,0,0,True,True,False,23.979848006826494,-48.333327543629814,2.9662915348369987,4.062524867815186,0.0,0.0,0.0051965375193867595,on,connected,True,synthetic_device_spec_v11
synthetic_customer_009,cabinet_009,2026-09-04 01:20:00+00:00,0,0,0,0,True,True,False,23.97786924187308,-48.67895145849553,3.0258100688559195,4.04741444899328,0.0,0.0,0.0,on,connected,True,synthetic_device_spec_v11
synthetic_customer_009,cabinet_009,2026-09-04 01:30:00+00:00,0,0,0,0,True,True,False,23.85126391894861,-48.54549771331601,2.9416714854731074,4.094684910549819,0.0,0.01660743945132868,0.03269301158565548,on,connected,True,synthetic_device_spec_v11
synthetic_customer_009,cabinet_009,2026-09-04 01:40:00+00:00,0,0,0,0,True,True,False,24.152654624843585,-48.770148688380274,3.0242548627141836,3.902070875619312,0.0,0.0,0.029354496254742436,on,connected,True,synthetic_device_spec_v11
synthetic_customer_009,cabinet_009,2026-09-04 01:50:00+00:00,0,0,0,0,True,True,False,24.06851214746914,-48.76138610513717,3.009438472848732,4.031079274062188,0.6337045376342567,0.0,0.0,on,connected,True,synthetic_device_spec_v11
synthetic_customer_009,cabinet_009,2026-09-04 02:00:00+00:00,0,0,0,0,True,True,False,23.979432967235493,-47.28835933160588,3.023127896933957,3.9936103665038667,0.7616975400972297,0.0,0.00044029452437318385,on,connected,True,synthetic_device_spec_v11
synthetic_customer_009,cabinet_009,2026-09-04 02:10:00+00:00,0,0,0,0,True,True,False,23.870924455980834,-47.367624565892655,3.01226339039679,4.013010046141567,0.5250285737557447,0.030703130214394633,0.0,on,connected,True,synthetic_device_spec_v11
synthetic_customer_009,cabinet_009,2026-09-04 02:20:00+00:00,0,0,0,0,True,True,False,24.003151142887212,-47.37622783822941,3.0207532456367048,3.9660000733889524,0.19412452608528177,0.0015869422508085216,0.0,on,connected,True,synthetic_device_spec_v11
synthetic_customer_009,cabinet_009,2026-09-04 02:30:00+00:00,0,0,0,0,True,True,False,24.021817114464646,-49.07966409073301,2.9642144838580338,4.088868434149228,0.2045908484855066,0.00026510104070104795,0.00040456915055935564,on,connected,True,synthetic_device_spec_v11
synthetic_customer_009,cabinet_009,2026-09-04 02:40:00+00:00,0,0,0,0,True,True,False,24.129226537189734,-47.81840911802924,2.9809689786024167,4.0280697600577415,0.06532386523061753,0.020702115950629166,0.007565788671209735,on,connected,True,synthetic_device_spec_v11
synthetic_customer_009,cabinet_009,2026-09-04 02:50:00+00:00,0,0,0,0,True,True,False,24.1248475154119,-48.35090565529196,3.031516012311159,4.076816681726679,0.27983302406623856,0.02187578508133628,0.024478205781038882,on,connected,True,synthetic_device_spec_v11
synthetic_customer_009,cabinet_009,2026-09-04 03:00:00+00:00,0,0,0,0,True,True,False,24.09854617718931,-46.74780096528951,2.918507794791855,4.0433680218943815,0.0,0.026684674725532893,0.0,on,connected,True,synthetic_device_spec_v11
synthetic_customer_009,cabinet_009,2026-09-04 03:10:00+00:00,0,0,0,0,True,True,False,24.016592006134097,-47.522394559099666,3.015407352632646,3.975242119787824,0.0,0.0,0.005789138789655395,on,connected,True,synthetic_device_spec_v11
synthetic_customer_009,cabinet_009,2026-09-04 03:20:00+00:00,0,0,0,0,True,True,False,24.078735875723197,-48.183699848755026,2.954420203880605,4.091798130860443,0.0,0.0,0.0,on,connected,True,synthetic_device_spec_v11
synthetic_customer_009,cabinet_009,2026-09-04 03:30:00+00:00,0,0,0,0,True,True,False,24.195882259200967,-50.600018853437184,2.943530134951106,3.968127442362709,0.0,0.00019343564476871755,0.0,on,connected,True,synthetic_device_spec_v11
synthetic_customer_009,cabinet_009,2026-09-04 03:40:00+00:00,0,0,0,0,True,True,False,23.821305326569583,-49.223229831315926,2.9993067185962112,4.114260966025495,0.0,0.0,0.0018462552761950985,on,connected,True,synthetic_device_spec_v11
synthetic_customer_009,cabinet_009,2026-09-04 03:50:00+00:00,0,0,0,0,True,True,False,23.937896205208332,-48.29317354138617,3.037299083786772,4.078432360926988,0.0,0.04869771632515192,0.008125073936860794,on,connected,True,synthetic_device_spec_v11
synthetic_customer_009,cabinet_009,2026-09-04 04:00:00+00:00,0,0,0,0,True,True,False,24.110937259552,-48.13193082322607,2.958114633769067,3.9413064538096667,0.0,0.020723483729374437,0.0014281382297554944,on,connected,True,synthetic_device_spec_v11
synthetic_customer_009,cabinet_009,2026-09-04 04:10:00+00:00,0,0,0,0,True,True,False,23.965036383257825,-47.3169185323394,3.0022326733248437,4.039821154193279,0.0,0.0,0.0,on,connected,True,synthetic_device_spec_v11
synthetic_customer_009,cabinet_009,2026-09-04 04:20:00+00:00,0,0,0,0,True,True,False,24.007690806497692,-49.47966808507565,2.9743976036306785,4.012071054250099,0.5858155315833073,0.015507723786583237,0.0,on,connected,True,synthetic_device_spec_v11
synthetic_customer_009,cabinet_009,2026-09-04 04:30:00+00:00,0,0,0,0,True,True,False,23.893854091457307,-46.524508207326825,3.0120692492288614,3.9608529245588935,0.8229802161362233,0.0,0.00783347591026368,on,connected,True,synthetic_device_spec_v11
synthetic_customer_009,cabinet_009,2026-09-04 04:40:00+00:00,0,0,0,0,True,True,False,24.031152109506074,-48.03370222180206,2.9716333112246445,3.9480899317769245,0.21414944470240485,0.037497179531011095,0.0,on,connected,True,synthetic_device_spec_v11
synthetic_customer_009,cabinet_009,2026-09-04 04:50:00+00:00,0,0,0,0,True,True,False,24.04537444795446,-48.672699012610806,2.993390002623322,3.9747667583795403,0.7877930038965573,0.022223286485934753,0.0,on,connected,True,synthetic_device_spec_v11
synthetic_customer_009,cabinet_009,2026-09-04 05:00:00+00:00,0,0,0,0,True,True,False,23.90484410461203,-47.1262076740274,3.019164920099533,4.056979169166688,0.0,0.0,0.010555708080323127,on,connected,True,synthetic_device_spec_v11
synthetic_customer_009,cabinet_009,2026-09-04 05:10:00+00:00,0,0,0,0,True,True,False,24.20701103109031,-47.08415563236237,2.9854734112866916,4.032366359278275,0.1124797663519053,0.06637768442939064,0.006980870301227268,on,connected,True,synthetic_device_spec_v11
synthetic_customer_009,cabinet_009,2026-09-04 05:20:00+00:00,0,0,0,0,True,True,False,24.14380719292645,-47.366231884797344,2.953530570946645,4.003593923299221,0.0,0.0,0.0,on,connected,True,synthetic_device_spec_v11
synthetic_customer_009,cabinet_009,2026-09-04 05:30:00+00:00,0,0,0,0,True,True,False,23.90944628493574,-48.55907965083382,3.037069382102995,4.13091042495058,0.0049086358394569785,0.0,0.0,on,connected,True,synthetic_device_spec_v11
synthetic_customer_009,cabinet_009,2026-09-04 05:40:00+00:00,0,0,0,0,True,True,False,24.089577396996997,-49.03447308049556,2.9792218544196216,4.081510660524448,0.31833533332983727,0.031332115976718165,0.0,on,connected,True,synthetic_device_spec_v11
synthetic_customer_009,cabinet_009,2026-09-04 05:50:00+00:00,0,0,0,0,True,True,False,23.85494325900159,-47.219190561494266,2.980767833807571,3.9681481361235402,0.25242677927425267,0.004287500577336306,0.0071989818676630795,on,connected,True,synthetic_device_spec_v11
synthetic_customer_009,cabinet_009,2026-09-04 06:00:00+00:00,0,0,0,0,True,True,False,24.218262223585512,-45.949357457903474,2.9785147041313036,4.002157353183424,0.3243544982737042,0.0,0.0,on,connected,True,synthetic_device_spec_v11
synthetic_customer_009,cabinet_009,2026-09-04 06:10:00+00:00,1,1,1,1,True,True,False,24.027555727822218,-47.62180937683005,3.0320805706512806,4.008707174384235,0.30135152939797716,0.04593109820327827,0.005724789248510225,on,connected,True,synthetic_device_spec_v11
synthetic_customer_009,cabinet_009,2026-09-04 06:20:00+00:00,1,1,1,1,True,True,False,24.049231576247383,-47.46188012876697,2.9714917453568748,4.018094283925718,0.0,0.006426474963291991,0.0,on,connected,True,synthetic_device_spec_v11
synthetic_customer_009,cabinet_009,2026-09-04 06:30:00+00:00,1,1,1,1,True,True,False,24.032410876499124,-48.557987455715256,2.9705623136405155,3.9474069169613974,0.0,0.0,0.0,on,connected,True,synthetic_device_spec_v11
synthetic_customer_009,cabinet_009,2026-09-04 06:40:00+00:00,0,0,0,0,True,True,False,23.988322431901004,-48.49192889295184,2.960794429874149,3.9838112649381094,0.0,0.0,0.0,on,connected,True,synthetic_device_spec_v11
synthetic_customer_009,cabinet_009,2026-09-04 06:50:00+00:00,0,0,0,0,True,True,False,24.08029954942681,-46.876642360065404,2.926914009982447,3.9260792972241965,0.24069743079848366,0.02017962940225106,0.01585559049679225,on,connected,True,synthetic_device_spec_v11
synthetic_customer_009,cabinet_009,2026-09-04 07:00:00+00:00,0,0,0,0,True,True,False,24.023484257373003,-48.42261742187567,3.0115467570382393,4.076599084183386,0.07987169656799172,0.0020503547707646087,0.010234469876362513,on,connected,True,synthetic_device_spec_v11
synthetic_customer_009,cabinet_009,2026-09-04 07:10:00+00:00,0,0,0,0,True,True,False,24.29273020783483,-46.47179854432423,3.016425470307779,3.9032693548384603,0.4708734730504359,0.0,0.024105664298045597,on,connected,True,synthetic_device_spec_v11
synthetic_customer_009,cabinet_009,2026-09-04 07:20:00+00:00,0,0,0,0,True,True,False,24.10553950645103,-47.33479833256415,3.0146627216694535,4.109034814349528,0.1458833647072802,0.0,0.01665104843755188,on,connected,True,synthetic_device_spec_v11
synthetic_customer_009,cabinet_009,2026-09-04 07:30:00+00:00,0,0,0,0,True,True,False,23.905546506655845,-47.5634993768149,2.9825682606721147,3.9192381807025094,0.2244469542156685,0.00012247885951158864,0.0,on,connected,True,synthetic_device_spec_v11
synthetic_customer_009,cabinet_009,2026-09-04 07:40:00+00:00,0,0,0,0,True,True,False,23.936027356911154,-47.175454605060786,2.9367111643382224,4.02159097676944,0.0,0.017386837884664587,0.0,on,connected,True,synthetic_device_spec_v11
synthetic_customer_009,cabinet_009,2026-09-04 07:50:00+00:00,0,0,0,0,True,True,False,24.28523624453748,-48.25274272994729,3.001139418305027,4.007798687809723,0.0,0.018149841577166682,0.0,on,connected,True,synthetic_device_spec_v11
synthetic_customer_009,cabinet_009,2026-09-04 08:00:00+00:00,0,0,0,0,True,True,False,24.0372983451227,-49.13550994110041,3.076806216463547,3.9415761533477567,0.0,0.0,0.0359487980806989,on,connected,True,synthetic_device_spec_v11
synthetic_customer_009,cabinet_009,2026-09-04 08:10:00+00:00,0,0,0,0,True,True,False,23.919158279846393,-47.58210689768255,3.038280395709662,4.119694840103809,0.0,0.0005394606931878735,0.0,on,connected,True,synthetic_device_spec_v11
synthetic_customer_009,cabinet_009,2026-09-04 08:20:00+00:00,0,0,0,0,True,True,False,23.955402587968447,-49.141969582030406,3.0888312437600165,4.019940725703862,0.0,0.0,0.0,on,connected,True,synthetic_device_spec_v11
synthetic_customer_009,cabinet_009,2026-09-04 08:30:00+00:00,0,0,0,0,True,True,False,24.03858191996768,-47.60105964015748,3.005251344947236,3.9008344806707274,0.396402956656582,0.030662150716010694,0.0,on,connected,True,synthetic_device_spec_v11
synthetic_customer_009,cabinet_009,2026-09-04 08:40:00+00:00,0,0,0,0,True,True,False,24.05433622240139,-47.772070703534986,3.030750417024023,3.9765572762913903,0.0,0.02809097060484101,0.0,on,connected,True,synthetic_device_spec_v11
synthetic_customer_009,cabinet_009,2026-09-04 08:50:00+00:00,0,0,0,0,True,True,False,23.85745698355557,-48.57239227558701,3.016220742430043,3.9776546416763012,0.17033291242806634,0.0,0.004508964406091698,on,connected,True,synthetic_device_spec_v11
synthetic_customer_009,cabinet_009,2026-09-04 09:00:00+00:00,0,0,0,0,True,True,False,23.858227214095045,-46.79347309100866,2.970433635838774,4.131183715676494,0.3418285801567888,0.024358331935135792,0.011829724448292427,on,connected,True,synthetic_device_spec_v11
synthetic_customer_009,cabinet_009,2026-09-04 09:10:00+00:00,0,0,0,0,True,True,False,24.16282012903035,-48.85193602091258,3.0630139238847596,3.9724582367715353,0.8886729145939588,0.02843316933984641,0.0,on,connected,True,synthetic_device_spec_v11
synthetic_customer_009,cabinet_009,2026-09-04 09:20:00+00:00,0,0,0,0,True,True,False,24.092165967949505,-47.72544976094544,2.9889072483214583,3.9254397168743624,0.247160151922779,0.0,0.0,on,connected,True,synthetic_device_spec_v11
synthetic_customer_009,cabinet_009,2026-09-04 09:30:00+00:00,0,0,0,0,True,True,False,23.9555846628232,-48.400758558209894,2.9682578335813097,3.9047961827994353,0.727474107307372,0.0,0.0037266937528528336,on,connected,True,synthetic_device_spec_v11
synthetic_customer_009,cabinet_009,2026-09-04 09:40:00+00:00,0,0,0,0,True,True,False,23.879634930240996,-47.85749443856531,2.9022502579389404,4.021927966955925,0.050119494465959494,0.0,0.002524919211114172,on,connected,True,synthetic_device_spec_v11
synthetic_customer_009,cabinet_009,2026-09-04 09:50:00+00:00,0,0,0,0,True,True,False,24.027605102623614,-49.0006932105931,2.9979020021367537,3.918906555128249,0.09397417623810532,0.00224460360872779,0.0,on,connected,True,synthetic_device_spec_v11
synthetic_customer_009,cabinet_009,2026-09-04 10:00:00+00:00,0,0,0,0,True,True,False,23.924594028705826,-46.330035881546266,2.966340688875537,3.997441463485808,0.09031741173029315,0.054568120348452036,0.005348942938766385,on,connected,True,synthetic_device_spec_v11
synthetic_customer_009,cabinet_009,2026-09-04 10:10:00+00:00,0,0,0,0,True,True,False,23.92081500446477,-46.45838144909143,3.0282061643556695,4.018701872155104,0.030234697964512624,0.0,0.00016562117101252052,on,connected,True,synthetic_device_spec_v11
synthetic_customer_009,cabinet_009,2026-09-04 10:20:00+00:00,0,0,0,0,True,True,False,23.924525284978888,-46.42378465067852,3.068302734203538,3.9693741128477344,0.3588251209547754,0.03009816452057483,0.0022959319188627105,on,connected,True,synthetic_device_spec_v11
synthetic_customer_009,cabinet_009,2026-09-04 10:30:00+00:00,0,0,0,0,True,True,False,24.11918002174876,-49.2943656725808,2.9963050484345666,4.013055407049378,0.5575107899473024,0.023059218302303584,0.009537365223022272,on,connected,True,synthetic_device_spec_v11
synthetic_customer_009,cabinet_009,2026-09-04 10:40:00+00:00,0,0,0,0,True,True,False,23.962819255470823,-49.78177837844037,2.984335538737894,4.052739241978269,0.1471566415335165,0.0,0.011062734561426478,on,connected,True,synthetic_device_spec_v11
synthetic_customer_009,cabinet_009,2026-09-04 10:50:00+00:00,0,0,0,0,True,True,False,24.072011696808108,-48.742707927284364,2.9620598483272476,3.9928418561579493,0.0,0.012601499763575413,0.011997621908363952,on,connected,True,synthetic_device_spec_v11
synthetic_customer_009,cabinet_009,2026-09-04 11:00:00+00:00,0,0,0,0,True,True,False,24.036421010938852,-49.669183696488105,3.0071901715454437,3.9806570845350255,0.8061118206381948,0.0,0.004151812912442249,on,connected,True,synthetic_device_spec_v11
synthetic_customer_009,cabinet_009,2026-09-04 11:10:00+00:00,0,0,0,0,True,True,False,24.048188574582742,-48.75113697780394,3.0656531356363073,3.9959866205962467,0.044203300796365946,0.0,0.0,on,connected,True,synthetic_device_spec_v11
synthetic_customer_009,cabinet_009,2026-09-04 11:20:00+00:00,0,0,0,0,True,True,False,23.717157903759716,-48.70404528563615,2.9796151777915316,3.966349450193553,0.1568660275866274,0.0,0.0,on,connected,True,synthetic_device_spec_v11
synthetic_customer_009,cabinet_009,2026-09-04 11:30:00+00:00,0,0,0,0,True,True,False,23.683100002518533,-47.62708175453684,2.9879213576712687,3.9910755932647004,0.0,0.030681866537355492,0.0,on,connected,True,synthetic_device_spec_v11
synthetic_customer_009,cabinet_009,2026-09-04 11:40:00+00:00,0,0,0,0,True,True,False,24.175022742699873,-47.83800361046363,3.0275587608704635,4.015090054245855,1.160621615972397,0.0,0.0,on,connected,True,synthetic_device_spec_v11
synthetic_customer_009,cabinet_009,2026-09-04 11:50:00+00:00,0,0,0,0,True,True,False,23.924734856260674,-48.345299392100394,2.9665396122811525,3.9815579144959132,0.10471542587971146,0.06226809232621691,0.0,on,connected,True,synthetic_device_spec_v11
synthetic_customer_009,cabinet_009,2026-09-04 12:00:00+00:00,0,0,0,0,True,True,False,24.048439928764815,-47.07376653267754,2.982301925607716,4.052730089457728,0.10470268390848196,0.0,0.0,on,connected,True,synthetic_device_spec_v11
synthetic_customer_009,cabinet_009,2026-09-04 12:10:00+00:00,1,1,1,1,True,True,False,23.943805902340237,-47.120854548583345,2.9490541121549225,3.9129990668031995,0.0,0.0,0.02253190770315471,on,connected,True,synthetic_device_spec_v11
synthetic_customer_009,cabinet_009,2026-09-04 12:20:00+00:00,1,1,1,1,True,True,False,23.93253051793169,-48.94803604116062,3.053186041224957,3.9764238939393426,0.0,0.0004469048788748465,0.012562287989300988,on,connected,True,synthetic_device_spec_v11
synthetic_customer_009,cabinet_009,2026-09-04 12:30:00+00:00,1,1,1,1,True,True,False,23.9374401840778,-47.58867091146348,3.003393147118597,3.921243585949314,0.0,0.025402347928501823,0.0,on,connected,True,synthetic_device_spec_v11
synthetic_customer_009,cabinet_009,2026-09-04 12:40:00+00:00,0,0,0,0,True,True,False,23.89572385210765,-48.03845298827201,2.942040884927743,3.9090464387977644,0.39524697917395585,0.01859123432308942,0.025351027473730452,on,connected,True,synthetic_device_spec_v11
synthetic_customer_009,cabinet_009,2026-09-04 12:50:00+00:00,0,0,0,0,True,True,False,23.82660444324708,-46.27921420643956,3.0335490808634638,3.9227938959806847,0.0,0.013177024531038407,0.005862524855424604,on,connected,True,synthetic_device_spec_v11
synthetic_customer_009,cabinet_009,2026-09-04 13:00:00+00:00,0,0,0,0,True,True,False,23.928652526961567,-48.37147092568397,3.09815518255849,3.926897730412175,0.0,0.003276529555999363,0.00824040062815575,on,connected,True,synthetic_device_spec_v11
synthetic_customer_009,cabinet_009,2026-09-04 13:10:00+00:00,0,0,0,0,True,True,False,24.20238867916463,-48.4546366389306,2.989038441030741,4.014071256487572,0.1987686872869944,0.0,0.0,on,connected,True,synthetic_device_spec_v11
synthetic_customer_009,cabinet_009,2026-09-04 13:20:00+00:00,0,0,0,0,True,True,False,23.92110732961169,-47.03536775341491,2.9553744181252117,4.041783164477664,0.030311699922430952,0.0,0.0,on,connected,True,synthetic_device_spec_v11
synthetic_customer_009,cabinet_009,2026-09-04 13:30:00+00:00,0,0,0,0,True,True,False,23.841122810860764,-52.37264558942426,3.0403629956607423,3.982028952668898,0.0,0.0,0.015897260630500468,on,connected,True,synthetic_device_spec_v11
synthetic_customer_009,cabinet_009,2026-09-04 13:40:00+00:00,0,0,0,0,True,True,False,24.09523983303608,-47.57239825851044,3.069909457018672,4.0059427251711055,0.0,0.0,0.0,on,connected,True,synthetic_device_spec_v11
synthetic_customer_009,cabinet_009,2026-09-04 13:50:00+00:00,0,0,0,0,True,True,False,24.048617340039232,-46.59690002381742,2.9588309594610114,3.9911917887123103,0.0,0.0,0.011132048534952723,on,connected,True,synthetic_device_spec_v11
synthetic_customer_009,cabinet_009,2026-09-04 14:00:00+00:00,0,0,0,0,True,True,False,23.658629489666662,-49.223741792794954,2.9901645806101507,3.9892874215044554,1.1471667352876393,0.0,0.02165432620605783,on,connected,True,synthetic_device_spec_v11
synthetic_customer_009,cabinet_009,2026-09-04 14:10:00+00:00,0,0,0,0,True,True,False,24.07282412027305,-49.063071636193264,3.0010794068963045,4.103226248630237,0.12680308257624073,0.009464358950588558,0.005281540214055338,on,connected,True,synthetic_device_spec_v11
synthetic_customer_009,cabinet_009,2026-09-04 14:20:00+00:00,0,0,0,0,True,True,False,24.045706282447544,-47.02378790249449,2.9242667820202093,4.104411135997324,0.2739163055507086,0.0,0.006034881220594415,on,connected,True,synthetic_device_spec_v11
synthetic_customer_009,cabinet_009,2026-09-04 14:30:00+00:00,0,0,0,0,True,True,False,24.133525273619743,-47.378673891743766,3.073515008625961,4.37893217205604,0.0,0.005305378493650633,0.05864947761067284,on,connected,True,synthetic_device_spec_v11
synthetic_customer_009,cabinet_009,2026-09-04 14:40:00+00:00,0,0,0,0,True,True,False,24.28483495009861,-47.10918791617508,2.96696045256918,4.549423850760901,0.002253602184289243,0.0,0.07296031511493371,on,connected,True,synthetic_device_spec_v11
synthetic_customer_009,cabinet_009,2026-09-04 14:50:00+00:00,0,0,0,0,True,True,False,24.217568230236473,-48.62481594728285,2.9857763950077922,4.778164465034672,1.391578176292773,0.0,0.09436909180730133,on,connected,True,synthetic_device_spec_v11
synthetic_customer_009,cabinet_009,2026-09-04 15:00:00+00:00,0,0,0,0,True,True,False,23.968416703610362,-49.43914306195362,2.960208143160201,4.892122497436336,3.330214860953947,0.0,0.1499728306641905,on,connected,True,synthetic_device_spec_v11
synthetic_customer_009,cabinet_009,2026-09-04 15:10:00+00:00,0,0,0,0,True,True,False,23.960781661763647,-48.27194034122045,3.0023266996772913,5.066657349347851,4.42919997511222,0.0025267550256531965,0.15448440762800628,on,connected,True,synthetic_device_spec_v11
synthetic_customer_009,cabinet_009,2026-09-04 15:20:00+00:00,0,0,0,0,True,True,False,24.1105933502834,-48.69458257247134,2.989975419424178,5.389585697990036,6.609811061552531,0.0,0.1896393993921957,on,connected,True,synthetic_device_spec_v11
synthetic_customer_009,cabinet_009,2026-09-04 15:30:00+00:00,0,0,0,0,True,True,False,24.038638553307646,-47.09282381957104,3.0603289645460428,5.59389163132319,7.350414365883808,0.03974868843122723,0.18273725073343552,on,connected,True,synthetic_device_spec_v11
synthetic_customer_009,cabinet_009,2026-09-04 15:40:00+00:00,0,0,0,0,True,True,False,24.154850232079685,-49.07262187410611,3.0686565036476763,5.776083181553331,8.538268016978948,0.007846277076956005,0.2522293202051782,on,connected,True,synthetic_device_spec_v11
synthetic_customer_009,cabinet_009,2026-09-04 15:50:00+00:00,0,0,0,0,True,True,False,23.868029661368592,-48.75443967838155,3.0217055767261907,5.953978595349249,11.179394391789824,0.0,0.2697895634496605,on,connected,True,synthetic_device_spec_v11
synthetic_customer_009,cabinet_009,2026-09-04 16:00:00+00:00,0,0,0,0,True,True,False,24.265927182751387,-45.876246683713795,3.009746132624704,6.081536747710635,12.008381644041215,0.0,0.28450500747018914,on,connected,True,synthetic_device_spec_v11
synthetic_customer_009,cabinet_009,2026-09-04 16:10:00+00:00,0,0,0,0,True,True,False,24.09750353782654,-47.47104311507966,3.0318782323214575,6.376470225693392,14.283580544609801,0.0,0.31604491956229974,on,connected,True,synthetic_device_spec_v11
synthetic_customer_009,cabinet_009,2026-09-04 16:20:00+00:00,0,0,0,0,True,True,False,23.9623967670512,-47.68624803038114,3.0801812416231464,6.600305685574114,15.986322601315347,0.0,0.3547891330114372,on,connected,True,synthetic_device_spec_v11
synthetic_customer_009,cabinet_009,2026-09-04 16:30:00+00:00,0,0,0,0,True,True,False,23.975434093722622,-47.55051031390885,2.9910836630508313,6.925915558536423,16.54728408668581,0.0,0.3774462406831808,on,connected,True,synthetic_device_spec_v11
synthetic_customer_009,cabinet_009,2026-09-04 16:40:00+00:00,0,0,0,0,True,True,False,23.97907338776544,-48.62107167833841,2.958299529982015,6.956714072390441,17.07579199997068,0.0,0.3910752184658459,on,connected,True,synthetic_device_spec_v11
synthetic_customer_009,cabinet_009,2026-09-04 16:50:00+00:00,0,0,0,0,True,True,False,23.89315821383726,-47.68150240068494,3.000867177096662,6.989366423881842,20.814062826415157,0.0,0.39931786048507895,on,connected,True,synthetic_device_spec_v11
synthetic_customer_009,cabinet_009,2026-09-04 17:00:00+00:00,0,0,0,0,True,True,False,23.855599454166903,-46.745603945522625,3.0042271863033734,6.908905677939021,22.050955423144483,0.008843522223247661,0.38926301876056796,on,connected,True,synthetic_device_spec_v11
synthetic_customer_009,cabinet_009,2026-09-04 17:10:00+00:00,0,0,0,0,True,True,False,24.063113753830816,-47.46023566589999,3.020274364890809,6.9050467487209275,23.605992849489514,0.0,0.4166688844286611,on,connected,True,synthetic_device_spec_v11
synthetic_customer_009,cabinet_009,2026-09-04 17:20:00+00:00,0,0,0,0,True,True,False,24.060228700222915,-49.88542816814082,2.9382581183254617,7.055871050910969,25.254976553991575,0.04640903054630288,0.39534234308480476,on,connected,True,synthetic_device_spec_v11
synthetic_customer_009,cabinet_009,2026-09-04 17:30:00+00:00,0,0,0,0,True,True,False,24.008396729015164,-48.19696336637104,3.0162881733031814,6.904046317884458,25.50017020294089,0.0,0.40843000937850327,on,connected,True,synthetic_device_spec_v11
synthetic_customer_009,cabinet_009,2026-09-04 17:40:00+00:00,0,0,0,0,True,True,False,23.94676489346136,-48.831644541004984,3.00290084417017,7.02390229735967,25.560705266048604,0.015158019898288064,0.38640981258069285,on,connected,True,synthetic_device_spec_v11
synthetic_customer_009,cabinet_009,2026-09-04 17:50:00+00:00,0,0,0,0,True,True,False,24.084869321114255,-49.03031373672932,3.049623841077312,7.043733088369204,24.503445775234972,0.04452426341145687,0.3887645784919538,on,connected,True,synthetic_device_spec_v11
synthetic_customer_009,cabinet_009,2026-09-04 18:00:00+00:00,0,0,0,0,True,True,False,23.73629644392011,-47.99700920248389,3.0508399625555884,4.050437446070987,24.067799160210715,0.031084552854687614,0.0,on,connected,True,synthetic_device_spec_v11
synthetic_customer_009,cabinet_009,2026-09-04 18:10:00+00:00,1,1,1,1,True,True,False,24.08716664568178,-48.56879070899525,3.043162955163529,4.101116257355554,0.024553899617386875,0.004304930761082536,0.023569203096910116,on,connected,True,synthetic_device_spec_v11
synthetic_customer_009,cabinet_009,2026-09-04 18:20:00+00:00,1,1,1,1,True,True,False,24.085017363536565,-49.33272912032092,3.013545141885571,3.932835569455604,0.0,0.0,0.02876552176522765,on,connected,True,synthetic_device_spec_v11
synthetic_customer_009,cabinet_009,2026-09-04 18:30:00+00:00,1,1,1,1,True,True,False,23.948240665087933,-49.02161967195221,2.9446087830152674,3.8723747384106626,0.0,0.06474958641287613,0.01132260240037831,on,connected,True,synthetic_device_spec_v11
synthetic_customer_009,cabinet_009,2026-09-04 18:40:00+00:00,0,0,0,0,True,True,False,23.951324527818336,-47.589349189315364,2.945653921318139,4.087939472979189,0.3300981433238252,0.0,0.00032620964383113906,on,connected,True,synthetic_device_spec_v11
synthetic_customer_009,cabinet_009,2026-09-04 18:50:00+00:00,0,0,0,0,True,True,False,23.996232358516426,-47.47521942138739,3.043387123534617,4.046611305961566,0.0,0.04086151275411506,0.0,on,connected,True,synthetic_device_spec_v11
synthetic_customer_009,cabinet_009,2026-09-04 19:00:00+00:00,0,0,0,0,True,True,False,24.005589244248615,-48.71916971708804,2.9920490016435917,4.016135710921277,0.3627945460034827,0.0,0.0031655494451501994,on,connected,True,synthetic_device_spec_v11
synthetic_customer_009,cabinet_009,2026-09-04 19:10:00+00:00,0,0,0,0,True,True,False,24.101003457533043,-49.564497620486534,3.0302450349228556,3.9187884455358795,0.3068552297497227,0.0,0.0,on,connected,True,synthetic_device_spec_v11
synthetic_customer_009,cabinet_009,2026-09-04 19:20:00+00:00,0,0,0,0,True,True,False,23.946900500966386,-48.898514948150925,3.0100776008506047,4.041202847783722,0.0,0.0464361486842877,0.010015541027324278,on,connected,True,synthetic_device_spec_v11
synthetic_customer_009,cabinet_009,2026-09-04 19:30:00+00:00,0,0,0,0,True,True,False,24.017002579970743,-48.298161917918115,3.0076733348928766,4.006926661561859,0.0,0.0,0.002459163738325195,on,connected,True,synthetic_device_spec_v11
synthetic_customer_009,cabinet_009,2026-09-04 19:40:00+00:00,0,0,0,0,True,True,False,24.045219992636273,-47.063697068433264,3.001927411194471,3.987674948130288,0.0,0.0,0.0,on,connected,True,synthetic_device_spec_v11
synthetic_customer_009,cabinet_009,2026-09-04 19:50:00+00:00,0,0,0,0,True,True,False,23.930568975412353,-47.71497964383616,2.953060786111167,4.118216198515359,0.3417726412648835,0.0,0.0,on,connected,True,synthetic_device_spec_v11
synthetic_customer_009,cabinet_009,2026-09-04 20:00:00+00:00,0,0,0,0,True,True,False,23.848751925304374,-49.981978739167516,2.8903422585231415,3.989367948952524,0.0,0.0,0.0,on,connected,True,synthetic_device_spec_v11
synthetic_customer_009,cabinet_009,2026-09-04 20:10:00+00:00,0,0,0,0,True,True,False,23.941972226862514,-48.586049321465104,3.0126983915164827,4.0079198576791235,0.0,0.004135223127692708,0.008032578660018745,on,connected,True,synthetic_device_spec_v11
synthetic_customer_009,cabinet_009,2026-09-04 20:20:00+00:00,0,0,0,0,True,True,False,23.929821189800265,-46.82700269006962,2.981686912546399,4.022012580822939,0.4420835370840825,0.0,0.023645325559470003,on,connected,True,synthetic_device_spec_v11
synthetic_customer_009,cabinet_009,2026-09-04 20:30:00+00:00,0,0,0,0,True,True,False,24.112309988098815,-48.0162960195771,3.0250363251015813,4.0486408805291125,0.0,0.0,0.008890822336332932,on,connected,True,synthetic_device_spec_v11
synthetic_customer_009,cabinet_009,2026-09-04 20:40:00+00:00,0,0,0,0,True,True,False,23.915622654724082,-48.37988386367754,3.04881039999478,4.035087353463972,0.5122287153326768,0.016388190958479924,0.0024859251133013374,on,connected,True,synthetic_device_spec_v11
synthetic_customer_009,cabinet_009,2026-09-04 20:50:00+00:00,0,0,0,0,True,True,False,23.929004515982115,-49.370188132601946,2.9969604055956465,3.8158064001214638,0.0,0.0,0.0,on,connected,True,synthetic_device_spec_v11
synthetic_customer_009,cabinet_009,2026-09-04 21:00:00+00:00,0,0,0,0,True,True,False,23.92990272291897,-49.18022785735596,2.990772840634796,4.0903658012275255,0.0,0.016654915230668154,0.025062335218922736,on,connected,True,synthetic_device_spec_v11
synthetic_customer_009,cabinet_009,2026-09-04 21:10:00+00:00,0,0,0,0,True,True,False,23.920301686776064,-48.77258226489085,3.021215737286479,4.0364243546231995,0.0,0.008623534539366871,0.0,on,connected,True,synthetic_device_spec_v11
synthetic_customer_009,cabinet_009,2026-09-04 21:20:00+00:00,0,0,0,0,True,True,False,23.74714932666918,-48.648110684758876,2.9954967580773277,3.98749893730818,0.0,0.016351549509486484,0.007802330597808397,on,connected,True,synthetic_device_spec_v11
synthetic_customer_009,cabinet_009,2026-09-04 21:30:00+00:00,0,0,0,0,True,True,False,24.016965131285463,-47.369525195975406,2.9700943938728117,3.8979451351557235,0.0,0.0,0.0,on,connected,True,synthetic_device_spec_v11
synthetic_customer_009,cabinet_009,2026-09-04 21:40:00+00:00,0,0,0,0,True,True,False,24.00170951979395,-45.893215420076956,3.014211298810342,3.9291835936835198,0.0,0.0,0.023415428436606617,on,connected,True,synthetic_device_spec_v11
synthetic_customer_009,cabinet_009,2026-09-04 21:50:00+00:00,0,0,0,0,True,True,False,23.992887364485814,-48.45975206597437,3.038353183258299,3.9893237335950213,0.9698931590801623,0.0,0.0,on,connected,True,synthetic_device_spec_v11
synthetic_customer_009,cabinet_009,2026-09-04 22:00:00+00:00,0,0,0,0,True,True,False,24.017414829533145,-48.306879622409575,3.0278239314334625,4.00920520513882,0.0,0.007064632606736078,0.0,on,connected,True,synthetic_device_spec_v11
synthetic_customer_009,cabinet_009,2026-09-04 22:10:00+00:00,0,0,0,0,True,True,False,23.969999252024664,-48.5696785521088,3.060110070610852,3.9901980020852865,0.0,0.0,0.0012372855861097285,on,connected,True,synthetic_device_spec_v11
synthetic_customer_009,cabinet_009,2026-09-04 22:20:00+00:00,0,0,0,0,True,True,False,23.885523427409606,-48.933340064118006,3.0067456877936496,3.9962789379902923,0.3538174232286565,0.0,0.020201691179473274,on,connected,True,synthetic_device_spec_v11
synthetic_customer_009,cabinet_009,2026-09-04 22:30:00+00:00,0,0,0,0,True,True,False,23.70138215422517,-46.66563589385246,3.0892857259938213,4.053192866106377,0.35864771696505643,0.0,0.021933836547232983,on,connected,True,synthetic_device_spec_v11
synthetic_customer_009,cabinet_009,2026-09-04 22:40:00+00:00,0,0,0,0,True,True,False,23.285983294626934,-48.4791535891227,2.9661137900263026,3.9857370797975333,0.31072932557599475,0.0,0.0,on,connected,True,synthetic_device_spec_v11
synthetic_customer_009,cabinet_009,2026-09-04 22:50:00+00:00,0,0,0,0,True,True,False,23.18861927504248,-47.56766425808902,2.9908183977845777,4.0623301884860705,0.0,0.0,0.008119630391519701,on,connected,True,synthetic_device_spec_v11
synthetic_customer_009,cabinet_009,2026-09-04 23:00:00+00:00,0,0,0,0,True,True,False,23.048639167918004,-48.219835146275955,3.002967771521281,3.879899697241762,0.9590237735159438,0.0,0.0,on,connected,True,synthetic_device_spec_v11
synthetic_customer_009,cabinet_009,2026-09-04 23:10:00+00:00,0,0,0,0,True,True,False,22.618298720306708,-46.23957110221892,3.0030713926241304,4.049177495711865,0.5811522402935272,0.03428613961234046,0.010407617842488316,on,connected,True,synthetic_device_spec_v11
synthetic_customer_009,cabinet_009,2026-09-04 23:20:00+00:00,0,0,0,0,True,True,False,22.14723422185246,-48.63626549048704,2.958222145921394,3.9674347054469674,0.15062377046029932,0.0,0.011168620556879038,on,connected,True,synthetic_device_spec_v11
synthetic_customer_009,cabinet_009,2026-09-04 23:30:00+00:00,0,0,0,0,True,True,False,21.771237036895126,-48.615756750983564,2.9465829615635006,3.9220501263928056,0.0,0.0,0.0,on,connected,True,synthetic_device_spec_v11
synthetic_customer_009,cabinet_009,2026-09-04 23:40:00+00:00,0,0,0,0,True,True,False,21.568598784665106,-49.34795124448456,2.9958799856298284,4.038735561961718,0.0,0.0,0.0,on,connected,True,synthetic_device_spec_v11
synthetic_customer_009,cabinet_009,2026-09-04 23:50:00+00:00,0,0,0,0,True,True,False,21.378906422881588,-47.95044079801056,2.9600549358368946,3.8933404777225964,0.0,0.0,0.007497313348392411,on,connected,True,synthetic_device_spec_v11
synthetic_customer_009,cabinet_009,2026-09-05 00:00:00+00:00,0,0,0,0,True,True,False,20.932795736673516,-46.58873389548584,2.9410837628525006,4.018971926009952,0.1827741893652635,0.0,0.0,on,connected,True,synthetic_device_spec_v11
synthetic_customer_009,cabinet_009,2026-09-05 00:10:00+00:00,1,1,1,1,True,True,False,20.730087996643707,-48.89027482975537,3.029775869319311,4.00413780500962,0.18058964906756284,0.0021640615117163664,0.016597611105440727,on,connected,True,synthetic_device_spec_v11
synthetic_customer_009,cabinet_009,2026-09-05 00:20:00+00:00,1,1,1,1,True,True,False,20.283645583092614,-46.48594731847714,2.910475712485951,3.9907482388830045,0.0,0.005497009956892783,0.0,on,connected,True,synthetic_device_spec_v11
synthetic_customer_009,cabinet_009,2026-09-05 00:30:00+00:00,1,1,1,1,True,True,False,20.338163387811093,-48.238241059732026,2.9854800557191865,3.977846167217283,0.2613763481993843,0.005305447118995686,0.01055728453355107,on,connected,True,synthetic_device_spec_v11
synthetic_customer_009,cabinet_009,2026-09-05 00:40:00+00:00,0,0,0,0,True,True,False,19.890707452248297,-47.81125041268561,2.9154586704703895,3.9371773471431712,0.0,0.026886742930007607,0.0,on,connected,True,synthetic_device_spec_v11
synthetic_customer_009,cabinet_009,2026-09-05 00:50:00+00:00,0,0,0,0,True,True,False,19.753732663222227,-47.819708344291655,2.666016738866765,3.960455806803284,0.17169001920710117,0.003845673263892442,0.004979288539722837,on,connected,True,synthetic_device_spec_v11
synthetic_customer_009,cabinet_009,2026-09-05 01:00:00+00:00,0,0,0,0,True,True,False,19.451256104320468,-47.432168817397304,2.5907369952720516,3.979483878379992,0.13036229954167866,0.012618676675355614,0.030397631301266825,on,connected,True,synthetic_device_spec_v11
synthetic_customer_009,cabinet_009,2026-09-05 01:10:00+00:00,0,0,0,0,True,True,False,18.878412102198936,-47.71427882929955,2.4127645417177033,4.020880125475212,0.0,0.0,0.013078759754307947,on,connected,True,synthetic_device_spec_v11
synthetic_customer_009,cabinet_009,2026-09-05 01:20:00+00:00,0,0,0,0,True,True,False,18.61535280752015,-48.62425363973796,2.234288938089288,4.051184492867318,0.17169898153793664,0.0,0.0,on,connected,True,synthetic_device_spec_v11
synthetic_customer_009,cabinet_009,2026-09-05 02:30:00+00:00,0,0,0,0,True,True,False,23.703603304137307,-47.558732526611905,0.7108515690168468,4.083048912843685,0.0,0.006232048344151733,0.0,on,connected,True,synthetic_device_spec_v11
synthetic_customer_009,cabinet_009,2026-09-05 02:40:00+00:00,0,0,0,0,True,True,False,23.925065932115412,-47.90555489258632,0.7651355513055115,3.9016625515624512,0.0,0.0026804192474242363,0.0,on,connected,True,synthetic_device_spec_v11
synthetic_customer_009,cabinet_009,2026-09-05 02:50:00+00:00,0,0,0,0,True,True,False,23.825979159936367,-48.265255432161574,0.658232529879316,4.080086495106498,0.0458985963359012,0.013017551278363959,0.0,on,connected,True,synthetic_device_spec_v11
synthetic_customer_009,cabinet_009,2026-09-05 03:00:00+00:00,0,0,0,0,True,True,False,23.955487168795525,-48.36557714327108,0.6898619890151101,3.985970530059534,0.5774133952368917,0.02042399328569293,0.019016802225433307,on,connected,True,synthetic_device_spec_v11
synthetic_customer_009,cabinet_009,2026-09-05 03:10:00+00:00,0,0,0,0,True,True,False,23.903824077836287,-47.883228672413786,0.5915882913798135,3.916635052277401,0.09074956551005328,0.0,0.007702389808542076,on,connected,True,synthetic_device_spec_v11
synthetic_customer_009,cabinet_009,2026-09-05 03:20:00+00:00,0,0,0,0,True,True,False,23.994339734523283,-48.453320034061555,2.5041448233153707,3.9121972201893023,0.0,0.02643576470333834,0.012396323973251324,on,connected,True,synthetic_device_spec_v11
synthetic_customer_009,cabinet_009,2026-09-05 03:30:00+00:00,0,0,0,0,True,True,False,24.05801051444413,-47.155484021999506,2.517526700410275,4.048970850703696,0.0,0.02468839792030273,0.0008118387290920322,on,connected,True,synthetic_device_spec_v11
synthetic_customer_009,cabinet_009,2026-09-05 03:40:00+00:00,0,0,0,0,True,True,False,24.10483898780094,-49.11488405593678,2.431935157593414,4.040481847113289,0.42330599143039793,0.0,0.0,on,connected,True,synthetic_device_spec_v11
synthetic_customer_009,cabinet_009,2026-09-05 03:50:00+00:00,0,0,0,0,True,True,False,24.12887441947947,-48.5473431167375,2.4488804733122715,4.0676781770862,0.0,0.0,0.0,on,connected,True,synthetic_device_spec_v11
synthetic_customer_009,cabinet_009,2026-09-05 04:00:00+00:00,0,0,0,0,True,True,False,24.0207567775671,-48.23204546835988,2.3921874227781883,4.038859534753939,0.1738787586521394,0.02129589472752579,0.0,on,connected,True,synthetic_device_spec_v11
synthetic_customer_009,cabinet_009,2026-09-05 04:10:00+00:00,0,0,0,0,True,True,False,23.992032257916094,-48.162784936125405,2.4275063800857892,4.006032789457767,0.0,0.0,0.011118287515211557,on,connected,True,synthetic_device_spec_v11
synthetic_customer_009,cabinet_009,2026-09-05 04:20:00+00:00,0,0,0,0,True,True,False,23.875305939424567,-47.90748166091328,2.349843309645294,3.9721372065645086,0.0,0.02325352057209045,0.01948222398402667,on,connected,True,synthetic_device_spec_v11
synthetic_customer_009,cabinet_009,2026-09-05 04:30:00+00:00,0,0,0,0,True,True,False,24.05912079912735,-47.45926797471382,2.2114473497399585,3.982396267869866,0.0,0.0,0.0,on,connected,True,synthetic_device_spec_v11
synthetic_customer_009,cabinet_009,2026-09-05 04:40:00+00:00,0,0,0,0,True,True,False,24.06314803030603,-47.542290095452174,2.313101333783784,3.9987277612611587,0.0,0.03180767027489366,0.023465273059190852,on,connected,True,synthetic_device_spec_v11
synthetic_customer_009,cabinet_009,2026-09-05 04:50:00+00:00,0,0,0,0,True,True,False,23.72825858925003,-47.761130057662776,2.2145447603712682,3.927102584430457,0.7611383838647026,0.009841639977125135,0.00978925739816557,on,connected,True,synthetic_device_spec_v11
synthetic_customer_009,cabinet_009,2026-09-05 05:00:00+00:00,0,0,0,0,True,True,False,23.8427705914876,-49.86758933083728,2.204566869446837,4.080261315158811,0.31772128095279506,0.0,0.0,on,connected,True,synthetic_device_spec_v11
synthetic_customer_009,cabinet_009,2026-09-05 05:10:00+00:00,0,0,0,0,True,True,False,24.344490287020463,-49.41235859856848,2.226071645262527,4.087785390552173,0.12662592852767307,0.012992003709669393,0.020600226417543298,on,connected,True,synthetic_device_spec_v11
synthetic_customer_009,cabinet_009,2026-09-05 05:20:00+00:00,0,0,0,0,True,True,False,24.186072733952297,-46.70126872834794,2.206556222928076,4.133816603012104,0.0,0.0,0.03814495446563277,on,connected,True,synthetic_device_spec_v11
synthetic_customer_009,cabinet_009,2026-09-05 05:30:00+00:00,0,0,0,0,True,True,False,24.08704977731513,-46.30225777014129,2.2004774314307474,4.009119442220162,0.397291786659699,0.03172562219944125,0.0,on,connected,True,synthetic_device_spec_v11
synthetic_customer_009,cabinet_009,2026-09-05 05:40:00+00:00,0,0,0,0,True,True,False,24.001119623705335,-47.54984022944491,2.186085710957564,4.061060281087158,0.40323309635816934,0.020688217126486465,0.007748742417495735,on,connected,True,synthetic_device_spec_v11
synthetic_customer_009,cabinet_009,2026-09-05 05:50:00+00:00,0,0,0,0,True,True,False,24.04526246219403,-47.42399466868534,3.009951056238138,3.8616864432735136,0.01707871256877337,0.0028456654571706653,0.023788091148306902,on,connected,True,synthetic_device_spec_v11
synthetic_customer_009,cabinet_009,2026-09-05 06:00:00+00:00,0,0,0,0,True,True,False,24.099019803813132,-46.463723475087626,2.9826576662530746,4.035100074571204,0.28594020940001597,0.0,0.0,on,connected,True,synthetic_device_spec_v11
synthetic_customer_009,cabinet_009,2026-09-05 06:10:00+00:00,1,1,1,1,True,True,False,24.072397984815282,-47.64146520200976,3.0028014057360064,4.030987744045863,0.0,0.0,0.03601214628201716,on,connected,True,synthetic_device_spec_v11
synthetic_customer_009,cabinet_009,2026-09-05 06:20:00+00:00,1,1,1,1,True,True,False,23.828587800353347,-48.142134609405765,2.944078906598825,3.9604539779207166,0.6292557709488965,0.000243663675586049,0.0016975555217358114,on,connected,True,synthetic_device_spec_v11
synthetic_customer_009,cabinet_009,2026-09-05 06:30:00+00:00,1,1,1,1,True,True,False,23.904829310838156,-46.900681086202965,2.9475764776938704,4.066029433814807,0.021513042069216247,0.021706125015908566,0.00486658778788906,on,connected,True,synthetic_device_spec_v11
synthetic_customer_009,cabinet_009,2026-09-05 06:40:00+00:00,0,0,0,0,True,True,False,23.827661643171105,-48.66063749512548,2.996527646297191,4.058465817747585,0.08137105367072481,0.008148504724665322,0.026219297754750008,on,connected,True,synthetic_device_spec_v11
synthetic_customer_009,cabinet_009,2026-09-05 06:50:00+00:00,0,0,0,0,True,True,False,23.89983247058977,-50.36708008572426,2.993175745162884,4.035566290433561,0.0,0.09693690156104925,0.0,on,connected,True,synthetic_device_spec_v11
synthetic_customer_009,cabinet_009,2026-09-05 07:00:00+00:00,0,0,0,0,True,True,False,23.815879318288587,-53.663594495678026,2.9756567865238077,3.993503877742278,0.5116334607520818,0.14797772748593102,0.004523481465790855,on,connected,True,synthetic_device_spec_v11
synthetic_customer_009,cabinet_009,2026-09-05 07:10:00+00:00,0,0,0,0,True,True,False,23.919365908797253,-55.75517985717854,2.9891578348603574,3.9749181686164814,0.1947519043823492,0.13590342636702055,0.0,on,connected,True,synthetic_device_spec_v11
synthetic_customer_009,cabinet_009,2026-09-05 07:20:00+00:00,0,0,0,0,True,True,False,24.33369931038776,-56.91520041336271,2.985087384838418,4.079650893847549,0.9730695653570368,0.18264722847229833,0.0,on,connected,True,synthetic_device_spec_v11
synthetic_customer_009,cabinet_009,2026-09-05 07:30:00+00:00,0,0,0,0,True,True,False,23.884798437703534,-59.031679713431295,3.0971536314644856,4.015523197375816,0.2589779709764897,0.14416852026523563,0.0,on,connected,True,synthetic_device_spec_v11
synthetic_customer_009,cabinet_009,2026-09-05 07:40:00+00:00,0,0,0,0,True,True,False,23.957403233614944,-59.04671839555075,3.015495615967723,3.9518429867915534,0.370793626393968,0.21390373764806211,0.0,on,connected,True,synthetic_device_spec_v11
synthetic_customer_009,cabinet_009,2026-09-05 07:50:00+00:00,0,0,0,0,True,True,False,24.09060913727224,-62.05743635524365,2.8781682661950447,3.969839696230878,0.23516436721611372,0.24336624351717273,0.0,on,connected,True,synthetic_device_spec_v11
synthetic_customer_009,cabinet_009,2026-09-05 08:00:00+00:00,0,0,0,0,True,True,False,24.274652617248286,-63.54565086997094,3.050055068118585,4.009593287102168,0.0,0.2999183871356446,0.0,on,connected,True,synthetic_device_spec_v11
synthetic_customer_009,cabinet_009,2026-09-05 08:10:00+00:00,0,0,0,0,True,True,False,24.029429131543946,-66.53352713637445,2.9872061732648985,4.005048260112862,0.0,0.2713822186812679,0.0,on,connected,True,synthetic_device_spec_v11
synthetic_customer_009,cabinet_009,2026-09-05 08:20:00+00:00,0,0,0,0,True,True,False,23.988042273423446,-65.82003446170881,2.9777310543496776,3.9807770041712396,0.0,0.3491562622240317,0.0,on,connected,True,synthetic_device_spec_v11
synthetic_customer_009,cabinet_009,2026-09-05 08:30:00+00:00,0,0,0,0,True,True,False,24.16019332989979,-69.59079474335131,2.973573164070381,3.937944188423354,0.0,0.3973694069233663,0.0,on,connected,True,synthetic_device_spec_v11
synthetic_customer_009,cabinet_009,2026-09-05 08:40:00+00:00,0,0,0,0,True,True,False,23.907757520933615,-69.55319424154928,2.8924296288002096,4.051845396789691,0.6162281011520335,0.39669324370998116,0.027983256358539245,on,connected,True,synthetic_device_spec_v11
synthetic_customer_009,cabinet_009,2026-09-05 08:50:00+00:00,0,0,0,0,True,True,False,24.101532726890344,-71.19844576718805,2.9713901773698375,4.004226759884946,0.0,0.48088960107728235,0.001971200489294083,on,connected,True,synthetic_device_spec_v11
synthetic_customer_009,cabinet_009,2026-09-05 09:00:00+00:00,0,0,0,0,True,True,False,24.04082956010484,-73.73007073731473,3.0315190436527852,3.961802508140697,0.0,0.4430106923357268,0.02033015191191787,on,connected,True,synthetic_device_spec_v11
synthetic_customer_009,cabinet_009,2026-09-05 09:10:00+00:00,0,0,0,0,True,True,False,24.03434538920022,-75.51937126228977,2.9611774121328747,4.001663938715088,0.0,0.4712032304171202,0.007046061318935946,on,connected,True,synthetic_device_spec_v11
synthetic_customer_009,cabinet_009,2026-09-05 09:20:00+00:00,0,0,0,0,True,True,False,24.097467380064074,-77.83042079553317,2.9345581851716585,4.030819882496188,0.0,0.5402605102705206,0.0,on,connected,True,synthetic_device_spec_v11
synthetic_customer_009,cabinet_009,2026-09-05 09:30:00+00:00,0,0,0,0,True,True,False,23.984709552300686,-78.71556063451101,3.001143810721903,3.9867164476667902,0.2590767934953716,0.5974682989658164,0.0,on,connected,True,synthetic_device_spec_v11
synthetic_customer_009,cabinet_009,2026-09-05 09:40:00+00:00,0,0,0,0,True,True,False,23.995623215283544,-81.96384127953675,3.038401564374252,4.086581638119949,0.0,0.6004134607098565,0.011205719530380092,on,connected,True,synthetic_device_spec_v11
synthetic_customer_009,cabinet_009,2026-09-05 09:50:00+00:00,0,0,0,0,True,True,False,24.048935880570145,-83.4359646982396,2.984090320813154,3.9582374287098028,1.2535387391649402,0.6514922780189113,0.0,on,connected,True,synthetic_device_spec_v11
synthetic_customer_009,cabinet_009,2026-09-05 10:00:00+00:00,0,0,0,0,True,True,False,23.94298023909418,-83.36910446735558,2.9604872614906483,4.0144136770938355,0.0,0.6717220783284108,0.002027128953961804,on,connected,True,synthetic_device_spec_v11
synthetic_customer_009,cabinet_009,2026-09-05 11:30:00+00:00,0,0,0,0,True,True,False,23.80498460314125,-48.503014200385856,2.9671782766330876,3.9991737640915774,0.0,0.0,0.009989017381779052,on,connected,True,synthetic_device_spec_v11
synthetic_customer_009,cabinet_009,2026-09-05 11:40:00+00:00,0,0,0,0,True,True,False,24.098920968127096,-47.468305446090774,2.983465031153427,4.0301406121381715,0.0,0.01683989931285525,0.0,on,connected,True,synthetic_device_spec_v11
synthetic_customer_009,cabinet_009,2026-09-05 11:50:00+00:00,0,0,0,0,True,True,False,23.959035345395513,-49.02130517074746,2.994103940636942,3.985302244042643,0.0,0.007965721199648095,0.02385765535574025,on,connected,True,synthetic_device_spec_v11
synthetic_customer_009,cabinet_009,2026-09-05 12:00:00+00:00,0,0,0,0,True,True,False,24.033265608311595,-46.786037601693245,3.0306995991648864,4.069573694235848,0.0,0.0,0.015429063506980393,on,connected,True,synthetic_device_spec_v11
synthetic_customer_009,cabinet_009,2026-09-05 12:10:00+00:00,1,1,1,1,True,True,False,23.7250429776314,-46.62075211855992,2.906646343034375,4.0117488973916124,0.0,0.0,0.0,on,connected,True,synthetic_device_spec_v11
synthetic_customer_009,cabinet_009,2026-09-05 12:20:00+00:00,1,1,1,1,True,True,False,23.94574067353518,-48.11594327020125,2.928933468298718,4.138545244721317,0.0,0.023327297325072695,0.0,on,connected,True,synthetic_device_spec_v11
synthetic_customer_009,cabinet_009,2026-09-05 12:30:00+00:00,1,1,1,1,True,True,False,23.909082006568028,-48.81555626010381,2.969828672531475,4.03773494831929,0.0,0.004750128069223716,0.0,on,connected,True,synthetic_device_spec_v11
synthetic_customer_009,cabinet_009,2026-09-05 12:40:00+00:00,0,0,0,0,True,True,False,23.99416160770321,-47.74357110631553,3.015226137450278,4.041224839665053,0.3980059399092371,0.044069046076263996,0.017127220222346584,on,connected,True,synthetic_device_spec_v11
synthetic_customer_009,cabinet_009,2026-09-05 12:50:00+00:00,0,0,0,0,True,True,False,24.083271965399227,-47.67320658025148,2.9888097825688242,4.0216725939836655,0.8469743702911079,0.013955529542303703,0.0019325389951727616,on,connected,True,synthetic_device_spec_v11
synthetic_customer_009,cabinet_009,2026-09-05 13:00:00+00:00,0,0,0,0,True,True,False,23.883909646329357,-49.2097291336966,2.996932008788284,4.090855375562555,2.8184392293303615,0.013542652432937589,0.0,on,connected,True,synthetic_device_spec_v11
synthetic_customer_009,cabinet_009,2026-09-05 13:10:00+00:00,0,0,0,0,True,True,False,24.01380073445912,-47.48920269667913,2.9651628027817867,3.947346093794098,3.663067498537902,0.0,0.0,on,connected,True,synthetic_device_spec_v11
synthetic_customer_009,cabinet_009,2026-09-05 13:20:00+00:00,0,0,0,0,True,True,False,23.722422772325128,-48.28781604624324,3.0279916240773503,3.9294457075148626,4.571286295516348,0.0683633918927969,0.012918076831089434,on,connected,True,synthetic_device_spec_v11
synthetic_customer_009,cabinet_009,2026-09-05 13:30:00+00:00,0,0,0,0,True,True,False,24.12033890235032,-47.156967739853954,3.0480873250790887,3.9983028693520044,5.2912005828380915,0.0009596402846516463,0.0,on,connected,True,synthetic_device_spec_v11
synthetic_customer_009,cabinet_009,2026-09-05 13:40:00+00:00,0,0,0,0,True,True,False,23.975150960603038,-47.92510146274037,2.976213405974425,3.935919068406935,6.959517711229419,0.0,0.011753476911607474,on,connected,True,synthetic_device_spec_v11
synthetic_customer_009,cabinet_009,2026-09-05 13:50:00+00:00,0,0,0,0,True,True,False,23.895270411546708,-47.92829918731058,3.075317521220253,4.02926994529807,9.402844617615603,0.0,0.0,on,connected,True,synthetic_device_spec_v11
synthetic_customer_009,cabinet_009,2026-09-05 14:00:00+00:00,0,0,0,0,True,True,False,24.147359751037012,-47.22321413697114,2.9538828270647755,3.893318975108922,9.41346415457628,0.0,0.007461400731520739,on,connected,True,synthetic_device_spec_v11
synthetic_customer_009,cabinet_009,2026-09-05 14:10:00+00:00,0,0,0,0,True,True,False,24.05235285108436,-47.153319444726876,2.9548911340400124,4.004000749275448,10.639917977563911,0.0,0.026390127079279135,on,connected,True,synthetic_device_spec_v11
synthetic_customer_009,cabinet_009,2026-09-05 14:20:00+00:00,0,0,0,0,True,True,False,23.912134488943472,-47.25542116258479,3.034349542568751,3.969659273087265,11.662601390834158,0.0,0.004124212526072921,on,connected,True,synthetic_device_spec_v11
synthetic_customer_009,cabinet_009,2026-09-05 14:30:00+00:00,0,0,0,0,True,True,False,23.946956508378108,-48.690916303073664,2.9735605561767153,3.9707969810176533,13.142459291297271,0.0,0.007787849467910207,on,connected,True,synthetic_device_spec_v11
synthetic_customer_009,cabinet_009,2026-09-05 14:40:00+00:00,0,0,0,0,True,True,False,24.095498523782393,-49.21721636033037,2.9668219350433462,3.9915280233047343,14.267940297672586,0.022121939475942785,0.0,on,connected,True,synthetic_device_spec_v11
synthetic_customer_009,cabinet_009,2026-09-05 14:50:00+00:00,0,0,0,0,True,True,False,24.073387161722604,-48.68968438241423,2.9909199488408555,3.9470458316843415,15.147216564037976,0.0,0.007895325344671467,on,connected,True,synthetic_device_spec_v11
synthetic_customer_009,cabinet_009,2026-09-05 15:00:00+00:00,0,0,0,0,True,True,False,24.028454303090506,-47.58422203527508,2.963814040608238,3.9705154372647713,16.261625032567913,0.0,0.02004886657199163,on,connected,True,synthetic_device_spec_v11
synthetic_customer_009,cabinet_009,2026-09-05 15:10:00+00:00,0,0,0,0,True,True,False,23.873791384396466,-47.39552356807277,3.0179631892693957,3.920817261394797,17.529014852439648,0.020522545837112462,0.0,on,connected,True,synthetic_device_spec_v11
synthetic_customer_009,cabinet_009,2026-09-05 15:20:00+00:00,0,0,0,0,True,True,False,24.053761535434244,-49.059414797791895,2.988077980966547,4.049173641697919,19.59751563723483,0.012509648452542533,0.0,on,connected,True,synthetic_device_spec_v11
synthetic_customer_009,cabinet_009,2026-09-05 15:30:00+00:00,0,0,0,0,True,True,False,24.015035508621608,-46.86321481757885,2.9426566924867315,3.953654190285553,20.380325121206514,0.03874711209224938,0.0,on,connected,True,synthetic_device_spec_v11
synthetic_customer_009,cabinet_009,2026-09-05 15:40:00+00:00,0,0,0,0,True,True,False,24.10164397074793,-48.99629863199092,2.9783518436513226,3.977330651337384,21.74576936591981,0.0,0.0,on,connected,True,synthetic_device_spec_v11
synthetic_customer_009,cabinet_009,2026-09-05 15:50:00+00:00,0,0,0,0,True,True,False,23.84540522810637,-48.76347484167816,2.9930737256962754,3.9686564170648873,22.501298429118723,0.02698152275879343,0.009553066517972681,on,connected,True,synthetic_device_spec_v11
synthetic_customer_009,cabinet_009,2026-09-05 16:00:00+00:00,0,0,0,0,True,True,False,23.974154799160168,-47.67594304175608,2.9860545952380892,3.9366714634531843,23.456697761410187,0.0,0.0,on,connected,True,synthetic_device_spec_v11
synthetic_customer_009,cabinet_009,2026-09-05 16:10:00+00:00,0,0,0,0,True,True,False,24.04714852230188,-46.63760425182479,2.9709716751296593,4.089966876081804,26.139491078570096,0.051634522627935886,0.024721698305286286,on,connected,True,synthetic_device_spec_v11
synthetic_customer_009,cabinet_009,2026-09-05 16:20:00+00:00,0,0,0,0,True,True,False,23.93200698986833,-48.77587720432734,3.0190296564236423,4.108758876924849,24.521791096661637,0.006168367290659955,0.0,on,connected,True,synthetic_device_spec_v11
synthetic_customer_009,cabinet_009,2026-09-05 16:30:00+00:00,0,0,0,0,True,True,False,24.085157340831987,-48.30742025256637,2.9949943423890497,3.959398519536421,25.437661108290467,0.010833946975708754,0.009362642181237004,on,connected,True,synthetic_device_spec_v11
synthetic_customer_009,cabinet_009,2026-09-05 16:40:00+00:00,0,0,0,0,True,True,False,24.006025151978445,-47.91282170465037,3.034000392004868,3.912629033654097,25.541925620823726,0.00016074693489294618,0.008083911601519372,on,connected,True,synthetic_device_spec_v11
synthetic_customer_009,cabinet_009,2026-09-05 16:50:00+00:00,0,0,0,0,True,True,False,24.081786467593876,-47.58179837712822,2.9965744887316976,3.9809568350115025,24.49684944735145,0.0,0.031139916151970003,on,connected,True,synthetic_device_spec_v11
synthetic_customer_009,cabinet_009,2026-09-05 17:00:00+00:00,0,0,0,0,True,True,False,23.927299662832205,-49.618974018566384,2.918613292767362,3.9053418194603,0.09851908539777719,0.01667322098117614,0.06697674016699698,on,connected,True,synthetic_device_spec_v11
synthetic_customer_009,cabinet_009,2026-09-05 17:10:00+00:00,0,0,0,0,True,True,False,23.933804385644386,-46.72944079015311,2.942187175262595,4.092490387488628,0.12212143262625264,0.0,0.0,on,connected,True,synthetic_device_spec_v11
synthetic_customer_009,cabinet_009,2026-09-05 17:20:00+00:00,0,0,0,0,True,True,False,24.275536257226214,-48.71748918036414,3.023601580400718,3.9672502070949762,0.28588864284239685,0.0,0.0,on,connected,True,synthetic_device_spec_v11
synthetic_customer_009,cabinet_009,2026-09-05 17:30:00+00:00,0,0,0,0,True,True,False,24.039235063042952,-48.909797718012186,3.002352159195076,4.126979347947359,0.0,0.0,0.0016370073115580946,on,connected,True,synthetic_device_spec_v11
synthetic_customer_009,cabinet_009,2026-09-05 17:40:00+00:00,0,0,0,0,True,True,False,23.970871278405866,-46.71760028100923,2.9800488144940798,3.999172825624492,0.0,0.0,0.011712417239866326,on,connected,True,synthetic_device_spec_v11
synthetic_customer_009,cabinet_009,2026-09-05 17:50:00+00:00,0,0,0,0,True,True,False,23.999314692930486,-48.05081224247483,3.037118908525455,4.045087969901987,0.10501807466292767,0.0,0.0,on,connected,True,synthetic_device_spec_v11
synthetic_customer_009,cabinet_009,2026-09-05 18:00:00+00:00,0,0,0,0,True,True,False,23.929255625709388,-47.95113981316103,3.043672213272469,4.034692546392519,0.6063935726653147,0.037907914409943955,0.0,on,connected,True,synthetic_device_spec_v11
synthetic_customer_009,cabinet_009,2026-09-05 18:10:00+00:00,1,1,1,1,True,True,False,23.913166522775892,-48.373780075565534,2.9628049550149,3.9237492255335376,0.0,0.001156270769959059,0.04259321726212751,on,connected,True,synthetic_device_spec_v11
synthetic_customer_009,cabinet_009,2026-09-05 18:20:00+00:00,1,1,1,1,True,True,False,23.89473950989961,-47.22924852220575,2.9652668683890715,3.974997611755522,0.661369188798991,0.0,0.0,on,connected,True,synthetic_device_spec_v11
synthetic_customer_009,cabinet_009,2026-09-05 18:30:00+00:00,1,1,1,1,True,True,False,24.027967156137127,-47.2531774271932,2.9985728293114593,4.08840812271595,0.2987338007941765,0.0,0.0,on,connected,True,synthetic_device_spec_v11
synthetic_customer_009,cabinet_009,2026-09-05 18:40:00+00:00,0,0,0,0,True,True,False,24.052520979147364,-48.37701259331473,2.9939087455767264,3.9567565292867433,0.18753793623930345,0.01820840413849814,0.0,on,connected,True,synthetic_device_spec_v11
synthetic_customer_009,cabinet_009,2026-09-05 18:50:00+00:00,0,0,0,0,True,True,False,24.002385880085946,-49.40026746430541,2.9298823932801095,4.012899569418443,0.1891410735298972,0.0,0.01214345965013943,on,connected,True,synthetic_device_spec_v11
synthetic_customer_009,cabinet_009,2026-09-05 19:00:00+00:00,0,0,0,0,True,True,False,24.16014867171182,-49.49258971394517,3.0080452246408904,4.045329300914777,0.2911928388650001,0.0,0.018184145613039025,on,connected,True,synthetic_device_spec_v11
synthetic_customer_009,cabinet_009,2026-09-05 19:10:00+00:00,0,0,0,0,True,True,False,23.789616607107963,-48.25098120429229,2.971745322010086,3.9792835399075015,0.6789502531055849,0.0,0.0,on,connected,True,synthetic_device_spec_v11
synthetic_customer_009,cabinet_009,2026-09-05 19:20:00+00:00,0,0,0,0,True,True,False,23.852612797404987,-47.05479763599162,2.91715605533937,3.93444752291284,0.0,0.02129939462172806,0.0,on,connected,True,synthetic_device_spec_v11
synthetic_customer_009,cabinet_009,2026-09-05 19:30:00+00:00,0,0,0,0,True,True,False,24.097299951176304,-48.655732625456686,2.9004314745332165,3.9525165373878095,0.5973935219464105,0.036736493651314345,0.06253460166364136,on,connected,True,synthetic_device_spec_v11
synthetic_customer_009,cabinet_009,2026-09-05 19:40:00+00:00,0,0,0,0,True,True,False,23.910536001303342,-48.48256867644322,3.0685428805592228,3.975982903709997,0.0,0.0008761703931061325,0.0,on,connected,True,synthetic_device_spec_v11
synthetic_customer_009,cabinet_009,2026-09-05 19:50:00+00:00,0,0,0,0,True,True,False,24.051676905716953,-47.13317745688478,2.999665926856374,4.0755366878097545,0.0,0.02756735779324576,0.013724840683216593,on,connected,True,synthetic_device_spec_v11
synthetic_customer_009,cabinet_009,2026-09-05 20:00:00+00:00,0,0,0,0,True,True,False,24.17327779106926,-48.56638176893172,2.959192665676793,3.974543798273714,0.19617451308341283,0.0,0.02057514944925557,on,connected,True,synthetic_device_spec_v11
synthetic_customer_009,cabinet_009,2026-09-05 20:10:00+00:00,0,0,0,0,True,True,False,23.983227809104743,-47.082925167941056,2.997363306302482,4.048421199317364,0.017897973028738624,0.0,0.01121016226327905,on,connected,True,synthetic_device_spec_v11
synthetic_customer_009,cabinet_009,2026-09-05 20:20:00+00:00,0,0,0,0,True,True,False,24.171491344573095,-48.75766793828697,2.987839922316572,3.9863391079398367,0.5072544466211225,0.0,0.0,on,connected,True,synthetic_device_spec_v11
synthetic_customer_009,cabinet_009,2026-09-05 20:30:00+00:00,0,0,0,0,True,True,False,24.154794552080354,-47.70116579417973,3.0044749643786273,3.9248830369215106,0.0,0.0,0.006649993936267269,on,connected,True,synthetic_device_spec_v11
synthetic_customer_009,cabinet_009,2026-09-05 20:40:00+00:00,0,0,0,0,True,True,False,24.09059836027894,-47.66262667799309,2.9916215879797017,3.9625306811118897,0.2937775718690493,0.014745618329583994,0.0,on,connected,True,synthetic_device_spec_v11
synthetic_customer_009,cabinet_009,2026-09-05 20:50:00+00:00,0,0,0,0,True,True,False,23.65112615096961,-48.96295862602037,2.9494754530153693,4.079169444295009,0.4329132317321624,0.001470954187976264,0.0,on,connected,True,synthetic_device_spec_v11
synthetic_customer_009,cabinet_009,2026-09-05 21:00:00+00:00,0,0,0,0,True,True,False,24.044379299769304,-47.84876150308155,2.987931406765267,3.9538326044632255,0.0,0.0,0.03842103863358891,on,connected,True,synthetic_device_spec_v11
synthetic_customer_009,cabinet_009,2026-09-05 21:10:00+00:00,0,0,0,0,True,True,False,24.065716554577254,-48.32390209023391,3.015555999297707,3.9654407971274446,0.0,0.0,0.027790633878781112,on,connected,True,synthetic_device_spec_v11
synthetic_customer_009,cabinet_009,2026-09-05 21:20:00+00:00,0,0,0,0,True,True,False,23.865673602531075,-48.11142141030544,2.985266488649734,4.098409146525298,0.1799668423923395,0.0,0.016180139810932633,on,connected,True,synthetic_device_spec_v11
synthetic_customer_009,cabinet_009,2026-09-05 21:30:00+00:00,0,0,0,0,True,True,False,24.10280176683609,-48.55005433663335,2.9953830098319383,3.9417146187007464,0.0,0.03550705706720514,0.008309616852860639,on,connected,True,synthetic_device_spec_v11
synthetic_customer_009,cabinet_009,2026-09-05 21:40:00+00:00,0,0,0,0,True,True,False,24.154469562981365,-49.35176509389179,3.011284403092531,3.8427286909616774,0.15789141651355584,0.03130374843927743,0.0,on,connected,True,synthetic_device_spec_v11
synthetic_customer_009,cabinet_009,2026-09-05 21:50:00+00:00,0,0,0,0,True,True,False,24.194585792171875,-47.57803609204103,3.043870387528227,4.088767926874724,0.30739471939519997,0.04489546392974189,0.010854386214686757,on,connected,True,synthetic_device_spec_v11
synthetic_customer_009,cabinet_009,2026-09-05 22:00:00+00:00,0,0,0,0,True,True,False,23.592297683221013,-45.97811443900491,3.013299898135783,4.007657617924098,0.33381401548431533,0.05091695917353206,0.013816013593899707,on,connected,True,synthetic_device_spec_v11
synthetic_customer_009,cabinet_009,2026-09-05 22:10:00+00:00,0,0,0,0,True,True,False,24.053089719132583,-49.31529033756086,2.964086659127291,3.9075419448331643,0.5878435207730214,0.0,0.0,on,connected,True,synthetic_device_spec_v11
synthetic_customer_009,cabinet_009,2026-09-05 22:20:00+00:00,0,0,0,0,True,True,False,24.122369158167,-47.52758503026349,3.0323175160056564,4.019154169810972,0.0,0.0,0.00435604319446618,on,connected,True,synthetic_device_spec_v11
synthetic_customer_009,cabinet_009,2026-09-05 22:30:00+00:00,0,0,0,0,True,True,False,23.845183361475456,-48.19373370812224,2.9797656313017074,4.008811674589044,0.0,0.0,0.01550230431081641,on,connected,True,synthetic_device_spec_v11
synthetic_customer_009,cabinet_009,2026-09-05 22:40:00+00:00,0,0,0,0,True,True,False,23.99223863801311,-46.82602351383874,2.9226718047286253,3.984902903013612,0.0,0.0,0.0015751665826212583,on,connected,True,synthetic_device_spec_v11
synthetic_customer_009,cabinet_009,2026-09-05 22:50:00+00:00,0,0,0,0,True,True,False,24.059884101825382,-48.84336674079664,2.9356367585207117,3.9132776679184293,0.3867487517292588,0.017211461038379453,0.009688041590155785,on,connected,True,synthetic_device_spec_v11
synthetic_customer_009,cabinet_009,2026-09-05 23:00:00+00:00,0,0,0,0,True,True,False,23.82439527959919,-47.0750823889734,2.976854733766313,3.9208664512400966,0.0,0.0003666122474110208,0.03622443158937589,on,connected,True,synthetic_device_spec_v11
synthetic_customer_009,cabinet_009,2026-09-05 23:10:00+00:00,0,0,0,0,True,True,False,23.778044966659714,-46.67168726791872,3.0374322107128076,4.0066945946593515,0.0,0.0,0.0368816878061779,on,connected,True,synthetic_device_spec_v11
synthetic_customer_009,cabinet_009,2026-09-05 23:20:00+00:00,0,0,0,0,True,True,False,23.87619198206082,-49.02768861177548,3.042385837022301,4.020176058411186,0.0,0.0,0.0,on,connected,True,synthetic_device_spec_v11
synthetic_customer_009,cabinet_009,2026-09-05 23:30:00+00:00,0,0,0,0,True,True,False,23.968119341946608,-45.79256343606449,3.023732913199593,3.888051604428886,0.10548504122890905,0.03304927730616476,0.02644593228757412,on,connected,True,synthetic_device_spec_v11
synthetic_customer_009,cabinet_009,2026-09-05 23:40:00+00:00,0,0,0,0,True,True,False,24.03038138062134,-48.022216770256364,2.9727549418567483,3.9296031232439885,0.0,0.014496431454001072,0.011772312149072052,on,connected,True,synthetic_device_spec_v11
synthetic_customer_009,cabinet_009,2026-09-05 23:50:00+00:00,0,0,0,0,True,True,False,24.317223215424548,-47.71858934866726,2.9587808831271194,3.94446856688024,0.0,0.0,7.45446638530942e-05,on,connected,True,synthetic_device_spec_v11
synthetic_customer_009,cabinet_009,2026-09-06 00:00:00+00:00,0,0,0,0,True,True,False,24.150645082876714,-47.43465407871014,3.0182518667095173,3.9853362543893236,0.3753309704214378,0.011157381135217963,0.014571319440811942,on,connected,True,synthetic_device_spec_v11
synthetic_customer_009,cabinet_009,2026-09-06 00:10:00+00:00,1,1,1,1,True,True,False,23.91630229916733,-48.9856532691339,3.1047611499277443,4.150074180102767,0.0,0.003015650353448149,0.0,on,connected,True,synthetic_device_spec_v11
synthetic_customer_009,cabinet_009,2026-09-06 00:20:00+00:00,1,1,1,1,True,True,False,24.17480793025507,-49.07144341626161,2.970418647010918,4.150638012861984,0.0,0.0,0.04517629029024625,on,connected,True,synthetic_device_spec_v11
synthetic_customer_009,cabinet_009,2026-09-06 00:30:00+00:00,1,1,1,1,True,True,False,24.272491864950275,-49.6814698977533,2.992629725735491,4.33570895264267,0.5763885945170452,0.0069397636796250176,0.025898903583207088,on,connected,True,synthetic_device_spec_v11
synthetic_customer_009,cabinet_009,2026-09-06 00:40:00+00:00,0,0,0,0,True,True,False,23.921636800593795,-49.13322820412371,2.8874435111498,4.545264653532428,0.0,0.0,0.07726755885641172,on,connected,True,synthetic_device_spec_v11
synthetic_customer_009,cabinet_009,2026-09-06 00:50:00+00:00,0,0,0,0,True,True,False,23.83835001600887,-47.392736444953215,3.0634943956090455,4.780323116467386,0.0,0.038626685887229686,0.11989335667908073,on,connected,True,synthetic_device_spec_v11
synthetic_customer_009,cabinet_009,2026-09-06 01:00:00+00:00,0,0,0,0,True,True,False,24.023786773760047,-46.91999515144253,2.9975798207235784,5.118513306941169,0.0,0.012379166491427708,0.14563249024113917,on,connected,True,synthetic_device_spec_v11
synthetic_customer_009,cabinet_009,2026-09-06 01:10:00+00:00,0,0,0,0,True,True,False,23.90602085693853,-48.97935656124272,2.99943922594867,5.143745241356847,0.0,0.0,0.18481431334502121,on,connected,True,synthetic_device_spec_v11
synthetic_customer_009,cabinet_009,2026-09-06 01:20:00+00:00,0,0,0,0,True,True,False,23.98132204647038,-48.83118435841631,2.9866063684338413,5.331327930698793,0.019860436005189438,0.023967649036715884,0.2007840259917413,on,connected,True,synthetic_device_spec_v11
synthetic_customer_009,cabinet_009,2026-09-06 01:30:00+00:00,0,0,0,0,True,True,False,24.259514437247766,-46.73227570954437,3.0015768364911803,5.620239186504054,0.5732038767459462,0.022454978410178628,0.20379041525270872,on,connected,True,synthetic_device_spec_v11
synthetic_customer_009,cabinet_009,2026-09-06 01:40:00+00:00,0,0,0,0,True,True,False,23.87154929308088,-48.507362543182815,2.9668773209773565,5.953343635262028,0.0,0.010377737745555613,0.2352379079879781,on,connected,True,synthetic_device_spec_v11
synthetic_customer_009,cabinet_009,2026-09-06 01:50:00+00:00,0,0,0,0,True,True,False,23.969208160000665,-48.437663613054276,2.9303073083375355,6.11571338576185,0.0,0.021440163132601397,0.2658897165138505,on,connected,True,synthetic_device_spec_v11
synthetic_customer_009,cabinet_009,2026-09-06 02:00:00+00:00,0,0,0,0,True,True,False,23.784114180400447,-47.086890812707836,3.062865926973501,6.410167741795108,0.683613980531619,0.0,0.3098494336355445,on,connected,True,synthetic_device_spec_v11
synthetic_customer_009,cabinet_009,2026-09-06 02:10:00+00:00,0,0,0,0,True,True,False,23.948168755673297,-47.50926120895267,3.0607553390511697,6.580703552942616,0.4653509189535549,0.0,0.36094736312413156,on,connected,True,synthetic_device_spec_v11
synthetic_customer_009,cabinet_009,2026-09-06 02:20:00+00:00,0,0,0,0,True,True,False,24.177203327146678,-47.732961267626195,2.9852537116937263,6.7339236123916555,0.04535414444923077,0.026264467704093228,0.3725454978845714,on,connected,True,synthetic_device_spec_v11
synthetic_customer_009,cabinet_009,2026-09-06 02:30:00+00:00,0,0,0,0,True,True,False,23.914491678233087,-47.52966129269589,3.053621202782736,6.961766214449891,0.0,0.011093024570933517,0.3952739925081608,on,connected,True,synthetic_device_spec_v11
synthetic_customer_009,cabinet_009,2026-09-06 02:40:00+00:00,0,0,0,0,True,True,False,24.116669934141537,-48.575537127194785,3.011592433991696,6.929752430005049,0.0,0.0,0.385061825280844,on,connected,True,synthetic_device_spec_v11
synthetic_customer_009,cabinet_009,2026-09-06 02:50:00+00:00,0,0,0,0,True,True,False,23.95956558727758,-46.95737001098347,2.888928714960216,7.014652235205403,0.439228903539711,0.0,0.3718884408665779,on,connected,True,synthetic_device_spec_v11
synthetic_customer_009,cabinet_009,2026-09-06 03:00:00+00:00,0,0,0,0,True,True,False,24.120361789272874,-47.52721815349248,2.935926940228327,6.9865347943829805,0.6897053791763345,0.0,0.37731133000281686,on,connected,True,synthetic_device_spec_v11
synthetic_customer_009,cabinet_009,2026-09-06 03:10:00+00:00,0,0,0,0,True,True,False,24.053469789668487,-48.83121932584663,2.828820486511375,7.017963890446896,0.1757451531701293,0.0,0.393121124881862,on,connected,True,synthetic_device_spec_v11
synthetic_customer_009,cabinet_009,2026-09-06 03:20:00+00:00,0,0,0,0,True,True,False,24.022680143196812,-47.1287386193652,2.746809711837172,7.052308116994007,0.0,0.0,0.3912290856942744,on,connected,True,synthetic_device_spec_v11
synthetic_customer_009,cabinet_009,2026-09-06 03:30:00+00:00,0,0,0,0,True,True,False,24.035877858374416,-48.2857124099414,2.8829355873511417,7.0674633628879855,0.0,0.025917311263108478,0.38122226511518054,on,connected,True,synthetic_device_spec_v11
synthetic_customer_009,cabinet_009,2026-09-06 03:40:00+00:00,0,0,0,0,True,True,False,23.997485028040245,-49.37791488933815,2.7359814340532385,3.990113997625206,0.0,0.028531725698782453,0.00830080656784031,on,connected,True,synthetic_device_spec_v11
synthetic_customer_009,cabinet_009,2026-09-06 03:50:00+00:00,0,0,0,0,True,True,False,23.984074284579386,-49.670230976834304,2.7219850055590866,4.012492746881436,0.0,0.0,0.0,on,connected,True,synthetic_device_spec_v11
synthetic_customer_009,cabinet_009,2026-09-06 04:00:00+00:00,0,0,0,0,True,True,False,23.816734933836276,-48.53483042001913,2.6271071907108885,3.998601486195881,0.0,0.00790777538686594,0.017377815234284402,on,connected,True,synthetic_device_spec_v11
synthetic_customer_009,cabinet_009,2026-09-06 04:10:00+00:00,0,0,0,0,True,True,False,24.03878611844598,-46.994009357823664,2.6229330382743616,3.9538500902470526,0.0,0.0,0.015042257324266799,on,connected,True,synthetic_device_spec_v11
synthetic_customer_009,cabinet_009,2026-09-06 04:20:00+00:00,0,0,0,0,True,True,False,23.788240434142665,-46.47542730920033,2.6072455970781614,3.9726423784912903,0.09915986242054727,0.0,0.0,on,connected,True,synthetic_device_spec_v11
synthetic_customer_009,cabinet_009,2026-09-06 04:30:00+00:00,0,0,0,0,True,True,False,24.084478102004457,-46.188450760017865,2.5058708333092166,4.019932147864388,0.0,0.01586085070291509,0.0,on,connected,True,synthetic_device_spec_v11
synthetic_customer_009,cabinet_009,2026-09-06 04:40:00+00:00,0,0,0,0,True,True,False,24.023256424620556,-46.234231641287224,2.419009235869187,4.092220098771673,0.0,0.03502299968125387,0.0,on,connected,True,synthetic_device_spec_v11
synthetic_customer_009,cabinet_009,2026-09-06 04:50:00+00:00,0,0,0,0,True,True,False,24.007248879013833,-48.82355511136804,2.3982332611412303,3.9921081354351955,0.0,0.0,0.01495128418855006,on,connected,True,synthetic_device_spec_v11
synthetic_customer_009,cabinet_009,2026-09-06 05:00:00+00:00,0,0,0,0,True,True,False,23.81104501914894,-50.12804794108598,2.3706519222304814,3.942198406976258,0.0,0.013883228619456648,0.0,on,connected,True,synthetic_device_spec_v11
synthetic_customer_009,cabinet_009,2026-09-06 05:10:00+00:00,0,0,0,0,True,True,False,23.96965655839167,-48.01501002314059,2.2606589559466754,3.9399212361156133,0.4172922835421479,0.02144816955547945,0.009108943583746809,on,connected,True,synthetic_device_spec_v11
synthetic_customer_009,cabinet_009,2026-09-06 05:20:00+00:00,0,0,0,0,True,True,False,24.133119843048537,-47.31497358208059,2.268975051979268,4.036786115513182,0.0,0.011652232528438033,0.0032742749168743514,on,connected,True,synthetic_device_spec_v11
synthetic_customer_009,cabinet_009,2026-09-06 05:30:00+00:00,0,0,0,0,True,True,False,23.96379490213212,-45.978461860377635,2.209490640622738,3.95455716150632,0.0,0.015932949565786912,0.0,on,connected,True,synthetic_device_spec_v11
synthetic_customer_009,cabinet_009,2026-09-06 05:40:00+00:00,0,0,0,0,True,True,False,23.91633994775627,-47.28600031284586,2.2697403982923614,3.926655558850156,0.35321137041903894,0.0054471761184667344,0.0,on,connected,True,synthetic_device_spec_v11
synthetic_customer_009,cabinet_009,2026-09-06 05:50:00+00:00,0,0,0,0,True,True,False,23.88041196493781,-49.79484448991427,2.060289459603152,3.988919369602282,0.19002465439311905,0.0,0.012036245663688033,on,connected,True,synthetic_device_spec_v11
synthetic_customer_009,cabinet_009,2026-09-06 06:00:00+00:00,0,0,0,0,True,True,False,24.07069341039712,-46.87094285869322,2.219502916841335,4.046798592393775,0.29427153929555727,0.0,0.008878056957453972,on,connected,True,synthetic_device_spec_v11
synthetic_customer_009,cabinet_009,2026-09-06 06:10:00+00:00,1,1,1,1,True,True,False,23.83544578646217,-48.410958782317614,2.2130879857848207,4.045854607153133,0.07830046151770978,0.0,0.0,on,connected,True,synthetic_device_spec_v11
synthetic_customer_009,cabinet_009,2026-09-06 06:20:00+00:00,1,1,1,1,True,True,False,24.205004617415486,-46.99133515833342,2.2243192116384662,3.984329378551601,0.1347126068018535,0.0323209820610836,0.0,on,connected,True,synthetic_device_spec_v11
synthetic_customer_009,cabinet_009,2026-09-06 06:30:00+00:00,1,1,1,1,True,True,False,23.893650872880176,-49.500156664989966,2.2401856146351475,3.9417233913340017,0.3614688282365112,0.0,0.0,on,connected,True,synthetic_device_spec_v11
synthetic_customer_009,cabinet_009,2026-09-06 06:40:00+00:00,0,0,0,0,True,True,False,23.85636435850106,-48.081237118087515,2.2662838993055625,3.972676173925221,0.7128621930160752,0.0,0.0013384133300073941,on,connected,True,synthetic_device_spec_v11
synthetic_customer_009,cabinet_009,2026-09-06 06:50:00+00:00,0,0,0,0,True,True,False,23.80339210162354,-47.559152706286234,2.20614382213639,4.021761672290525,0.0,0.0,0.009885386808541431,on,connected,True,synthetic_device_spec_v11
synthetic_customer_009,cabinet_009,2026-09-06 07:00:00+00:00,0,0,0,0,True,True,False,24.15157055326554,-48.34196495004309,3.005983917414419,4.048331005614819,0.0,0.0,0.000292039264091111,on,connected,True,synthetic_device_spec_v11
synthetic_customer_009,cabinet_009,2026-09-06 07:10:00+00:00,0,0,0,0,True,True,False,23.853502213886216,-47.08879488548626,3.058223654293604,3.9445646316761747,0.0,0.019229168967647387,0.005651686287908215,on,connected,True,synthetic_device_spec_v11
synthetic_customer_009,cabinet_009,2026-09-06 07:20:00+00:00,0,0,0,0,True,True,False,24.07169378078811,-48.0468950604358,2.9970369075659318,3.9816572984950094,1.0186063398566272,0.013912096212813564,0.009928663070146726,on,connected,True,synthetic_device_spec_v11
synthetic_customer_009,cabinet_009,2026-09-06 07:30:00+00:00,0,0,0,0,True,True,False,23.882950680299867,-47.24634412936773,2.988988954530469,3.995412619720999,0.0,0.024592165586799025,0.0,on,connected,True,synthetic_device_spec_v11
synthetic_customer_009,cabinet_009,2026-09-06 07:40:00+00:00,0,0,0,0,True,True,False,23.989315717273307,-47.39917102206907,3.0365800618112524,3.93784508322713,0.3805700160709759,0.0,0.0020016136209084654,on,connected,True,synthetic_device_spec_v11
synthetic_customer_009,cabinet_009,2026-09-06 07:50:00+00:00,0,0,0,0,True,True,False,24.262862237948898,-47.2730121156758,2.970818843935971,3.9213862768419854,0.0,0.03319459023288284,0.0028802894947808073,on,connected,True,synthetic_device_spec_v11
synthetic_customer_009,cabinet_009,2026-09-06 08:00:00+00:00,0,0,0,0,True,True,False,24.13928977581715,-47.67121188489422,2.9931849218697253,3.9800121402561817,0.7978964225670006,0.004569622929965993,0.013357188502069184,on,connected,True,synthetic_device_spec_v11
synthetic_customer_009,cabinet_009,2026-09-06 08:10:00+00:00,0,0,0,0,True,True,False,24.105620882005965,-46.999750503669674,2.9681267592785385,3.972355305450241,0.0,0.0,0.0,on,connected,True,synthetic_device_spec_v11
synthetic_customer_009,cabinet_009,2026-09-06 08:20:00+00:00,0,0,0,0,True,True,False,23.872562577459206,-48.77679642279495,3.0559195565460717,4.035030599419671,0.0,0.0,0.027110608335080572,on,connected,True,synthetic_device_spec_v11
synthetic_customer_009,cabinet_009,2026-09-06 08:30:00+00:00,0,0,0,0,True,True,False,24.04476550728411,-47.69819638671623,2.9260956974844543,4.059401743313239,0.9312745614018975,0.003884452491852497,0.0,on,connected,True,synthetic_device_spec_v11
synthetic_customer_009,cabinet_009,2026-09-06 08:40:00+00:00,0,0,0,0,True,True,False,23.953074596279297,-49.1286966049694,3.0043617907674425,4.067408619586846,0.7293270292556373,0.04592288352578795,0.0,on,connected,True,synthetic_device_spec_v11
synthetic_customer_009,cabinet_009,2026-09-06 08:50:00+00:00,0,0,0,0,True,True,False,24.313169146568573,-48.10272442126695,3.0086286128947406,4.013729733046331,0.3168756198592676,0.03585578292985233,0.0,on,connected,True,synthetic_device_spec_v11
synthetic_customer_009,cabinet_009,2026-09-06 09:00:00+00:00,0,0,0,0,True,True,False,23.872180661080375,-47.190786727315654,2.9746349443165245,3.9488095352314905,0.3847544517184313,0.058201305069787046,0.0,on,connected,True,synthetic_device_spec_v11
synthetic_customer_009,cabinet_009,2026-09-06 09:10:00+00:00,0,0,0,0,True,True,False,23.832207014295246,-49.42685860343788,2.855013496639627,4.016248178229787,0.0,0.03380072604516392,0.0,on,connected,True,synthetic_device_spec_v11
synthetic_customer_009,cabinet_009,2026-09-06 09:20:00+00:00,0,0,0,0,True,True,False,23.805886611961448,-47.04715358461468,2.856942291494393,4.001799490797749,0.18369352732218314,0.0,0.0,on,connected,True,synthetic_device_spec_v11
synthetic_customer_009,cabinet_009,2026-09-06 09:30:00+00:00,0,0,0,0,True,True,False,23.058768081535817,-47.683942834311,2.6958345164588824,4.029306955448524,0.16791586316695845,0.0416464505859886,0.0365371366763454,on,connected,True,synthetic_device_spec_v11
synthetic_customer_009,cabinet_009,2026-09-06 09:40:00+00:00,0,0,0,0,True,True,False,22.81861416078397,-46.25455532282482,2.591116255858478,4.016708373613908,0.5722054549741893,0.0010662084708888606,0.0,on,connected,True,synthetic_device_spec_v11
synthetic_customer_009,cabinet_009,2026-09-06 09:50:00+00:00,0,0,0,0,True,True,False,22.206093171350016,-48.45666354092481,2.5448123013111954,4.031948099237931,0.0,0.0,0.0,on,connected,True,synthetic_device_spec_v11
synthetic_customer_009,cabinet_009,2026-09-06 10:00:00+00:00,0,0,0,0,True,True,False,21.58958320739478,-48.01682450456336,2.310326025125662,3.9389695885998126,0.39351008941694177,0.0,0.01229384625570214,on,connected,True,synthetic_device_spec_v11
synthetic_customer_009,cabinet_009,2026-09-06 10:10:00+00:00,0,0,0,0,True,True,False,21.038300435416602,-49.00810897567284,2.313715366397569,3.9540451346128287,0.0,0.0,0.0,on,connected,True,synthetic_device_spec_v11
synthetic_customer_009,cabinet_009,2026-09-06 10:20:00+00:00,0,0,0,0,True,True,False,20.466728495663364,-49.05551439550968,2.038692322709472,3.9872920415171245,0.7380082770888281,0.047657182146102095,0.0,on,connected,True,synthetic_device_spec_v11
synthetic_customer_009,cabinet_009,2026-09-06 10:30:00+00:00,0,0,0,0,True,True,False,20.488207649410228,-46.92218708150626,1.9654286422690583,4.039586115500549,0.0,0.010526349654086786,0.020792741747093467,on,connected,True,synthetic_device_spec_v11
synthetic_customer_009,cabinet_009,2026-09-06 10:40:00+00:00,0,0,0,0,True,True,False,19.794170690795834,-47.47525900118188,1.898851361051385,3.9580573821458094,0.4463530119727639,0.0,0.0,on,connected,True,synthetic_device_spec_v11
synthetic_customer_009,cabinet_009,2026-09-06 10:50:00+00:00,0,0,0,0,True,True,False,19.38407453067829,-48.09127532805094,1.8224292275990293,3.949217472130514,0.5322824772581756,0.0,0.023961635607505534,on,connected,True,synthetic_device_spec_v11
synthetic_customer_009,cabinet_009,2026-09-06 11:00:00+00:00,0,0,0,0,True,True,False,18.570893654270524,-47.4644302344836,1.7770564970808111,4.013278817699075,0.0,0.0,0.012508573371288958,on,connected,True,synthetic_device_spec_v11
synthetic_customer_009,cabinet_009,2026-09-06 12:10:00+00:00,1,1,1,1,True,True,False,23.954450402817244,-47.949273055878805,0.9360702123221423,3.9807098083807504,0.4544701127735771,0.0,0.0,on,connected,True,synthetic_device_spec_v11
synthetic_customer_009,cabinet_009,2026-09-06 12:20:00+00:00,1,1,1,0,True,True,False,24.107470516707355,-49.21045336840039,0.9746872012700833,3.8353366766468913,0.0,0.0,0.0,on,connected,True,synthetic_device_spec_v11
synthetic_customer_009,cabinet_009,2026-09-06 12:30:00+00:00,1,1,1,0,True,True,False,23.956908682793994,-48.1819237644955,0.975601839197187,4.023947302302512,0.10911877393750968,0.002199928752246278,0.0,on,connected,True,synthetic_device_spec_v11
synthetic_customer_009,cabinet_009,2026-09-06 12:40:00+00:00,0,0,0,0,True,True,False,23.817455226097316,-47.54895226576281,1.0859114644705745,3.8750139306204816,0.3262437602644322,0.028154883616387294,0.009056707132791735,on,connected,True,synthetic_device_spec_v11
synthetic_customer_009,cabinet_009,2026-09-06 12:50:00+00:00,0,0,0,0,True,True,False,24.074991248824954,-47.91935109190367,0.9875330562595758,3.985279136809372,0.0,0.0,0.0,on,connected,True,synthetic_device_spec_v11
synthetic_customer_009,cabinet_009,2026-09-06 13:00:00+00:00,0,0,0,0,True,True,False,24.02675629377272,-46.93507148154821,0.903070147049606,4.007319985048034,0.0979260347425264,0.0,0.0,on,connected,True,synthetic_device_spec_v11
synthetic_customer_009,cabinet_009,2026-09-06 13:10:00+00:00,0,0,0,0,True,True,False,24.03376268785568,-50.08553927814997,1.0368493197060822,4.04673398323916,1.2267447051092892,0.0,0.009511635059983826,on,connected,True,synthetic_device_spec_v11
synthetic_customer_009,cabinet_009,2026-09-06 13:20:00+00:00,0,0,0,0,True,True,False,23.705699376192488,-49.31949486052165,0.9474211201633096,4.06957019341866,0.5144713385319132,0.020521076972201756,0.03662780965600425,on,connected,True,synthetic_device_spec_v11
synthetic_customer_009,cabinet_009,2026-09-06 13:30:00+00:00,0,0,0,0,True,True,False,24.03918906881266,-48.194458846533806,2.9649847914006777,3.9645091312486205,0.024705308492662947,0.0,0.0,on,connected,True,synthetic_device_spec_v11
synthetic_customer_009,cabinet_009,2026-09-06 13:40:00+00:00,0,0,0,0,True,True,False,24.001482502560975,-45.13766754049387,2.9311697840534467,3.9964472526051464,0.2329221238572728,0.00596599510150835,0.004321351230031427,on,connected,True,synthetic_device_spec_v11
synthetic_customer_009,cabinet_009,2026-09-06 13:50:00+00:00,0,0,0,0,True,True,False,24.010499599866428,-46.994372065071595,3.0100222474979588,3.9789414791709357,0.8592388516999689,0.0,0.0,on,connected,True,synthetic_device_spec_v11
synthetic_customer_009,cabinet_009,2026-09-06 14:00:00+00:00,0,0,0,0,True,True,False,23.960884373905028,-46.692264133565615,3.0393195640614756,4.003917176050259,0.0,0.021752686982977568,0.003195626482857695,on,connected,True,synthetic_device_spec_v11
synthetic_customer_009,cabinet_009,2026-09-06 14:10:00+00:00,0,0,0,0,True,True,False,23.70205259506797,-50.007974310906604,2.9976076371797054,4.107130939693472,0.45706885580210727,0.023058558423305314,0.058173264546800156,on,connected,True,synthetic_device_spec_v11
synthetic_customer_009,cabinet_009,2026-09-06 14:20:00+00:00,0,0,0,0,True,True,False,23.91822337195788,-46.82395580616449,3.0445742748094973,4.0435323635634015,0.0,0.0,0.008791742772219006,on,connected,True,synthetic_device_spec_v11
synthetic_customer_009,cabinet_009,2026-09-06 14:30:00+00:00,0,0,0,0,True,True,False,23.914632535987874,-48.069956685201234,2.949202752877388,3.9959928909447675,0.29490704502501847,0.0,0.0,on,connected,True,synthetic_device_spec_v11
synthetic_customer_009,cabinet_009,2026-09-06 14:40:00+00:00,0,0,0,0,True,True,False,23.957112285752732,-48.70540316033435,2.9456329480259433,4.063332713845979,0.0,0.013691843326098116,0.00946689279296767,on,connected,True,synthetic_device_spec_v11
synthetic_customer_009,cabinet_009,2026-09-06 14:50:00+00:00,0,0,0,0,True,True,False,23.91745212366086,-49.03495704914249,2.9875620027474974,4.036314201184622,0.672089657402531,0.010515022182327863,0.0,on,connected,True,synthetic_device_spec_v11
synthetic_customer_009,cabinet_009,2026-09-06 15:00:00+00:00,0,0,0,0,True,True,False,24.163221928340462,-49.31331595838084,2.894268957778516,4.013390164442715,0.1867501532573689,0.0,0.0,on,connected,True,synthetic_device_spec_v11
synthetic_customer_009,cabinet_009,2026-09-06 15:10:00+00:00,0,0,0,0,True,True,False,24.08954854855626,-48.0732704976294,3.031990160942469,4.015414990316607,0.7699122903550116,0.0,0.005473494102197404,on,connected,True,synthetic_device_spec_v11
synthetic_customer_009,cabinet_009,2026-09-06 15:20:00+00:00,0,0,0,0,True,True,False,24.02894560246857,-48.315472780795254,3.0187654749956323,4.02751890799589,0.0,0.0,0.0,on,connected,True,synthetic_device_spec_v11
synthetic_customer_009,cabinet_009,2026-09-06 15:30:00+00:00,0,0,0,0,True,True,False,23.77358440361259,-47.50547294010404,3.0321526888556862,3.833582423218359,0.30182276904301875,0.003913097945072612,0.0,on,connected,True,synthetic_device_spec_v11
synthetic_customer_009,cabinet_009,2026-09-06 15:40:00+00:00,0,0,0,0,True,True,False,24.035109232795026,-49.07378522609778,3.0123281949966727,4.013251049459289,0.0,0.0,0.006327107259668155,on,connected,True,synthetic_device_spec_v11
synthetic_customer_009,cabinet_009,2026-09-06 15:50:00+00:00,0,0,0,0,True,True,False,24.296803115085257,-47.92184585192505,3.0348247701929507,4.008353366066021,0.0,0.04215678201561329,0.0004118921541348978,on,connected,True,synthetic_device_spec_v11
synthetic_customer_009,cabinet_009,2026-09-06 16:00:00+00:00,0,0,0,0,True,True,False,23.791403719043686,-47.258415068888034,2.99859923958537,3.930233455994232,0.0,0.036634757954437464,0.011980948544727647,on,connected,True,synthetic_device_spec_v11
synthetic_customer_009,cabinet_009,2026-09-06 16:10:00+00:00,0,0,0,0,True,True,False,24.25822516227164,-48.30714921444638,2.99198832632632,3.8847693865724904,0.587903965469974,0.0,0.0,on,connected,True,synthetic_device_spec_v11
synthetic_customer_009,cabinet_009,2026-09-06 16:20:00+00:00,0,0,0,0,True,True,False,24.06677355878613,-46.2530052680621,2.9623805332117388,3.9231234359582947,0.5330891107521953,0.01965132942978862,0.0,on,connected,True,synthetic_device_spec_v11
synthetic_customer_009,cabinet_009,2026-09-06 16:30:00+00:00,0,0,0,0,True,True,False,24.106864541467523,-49.406704041984746,2.9890711093683366,4.088466130542628,0.0,0.027769103377753575,0.02342248275904054,on,connected,True,synthetic_device_spec_v11
synthetic_customer_009,cabinet_009,2026-09-06 16:40:00+00:00,0,0,0,0,True,True,False,24.16265615133067,-49.01285899450086,3.0522983573037363,4.017073872778837,0.1037621867370924,0.0,0.003377711348303319,on,connected,True,synthetic_device_spec_v11
synthetic_customer_009,cabinet_009,2026-09-06 16:50:00+00:00,0,0,0,0,True,True,False,24.13971427022179,-48.71737196139336,3.0324997388777613,4.081845042516275,0.22258106135962646,0.0,0.0,on,connected,True,synthetic_device_spec_v11
synthetic_customer_009,cabinet_009,2026-09-06 17:00:00+00:00,0,0,0,0,True,True,False,24.112579074559086,-48.86959302163772,3.0005390138245183,3.9121134983602643,0.07871549561554804,0.050149164598128675,0.0,on,connected,True,synthetic_device_spec_v11
synthetic_customer_009,cabinet_009,2026-09-06 17:10:00+00:00,0,0,0,0,True,True,False,24.163104943833513,-47.95914432926641,2.9874075134086238,3.943943753609403,0.2595094222314899,0.012062991811139734,0.03259849996527858,on,connected,True,synthetic_device_spec_v11
synthetic_customer_009,cabinet_009,2026-09-06 17:20:00+00:00,0,0,0,0,True,True,False,24.127199755653084,-48.792924265140385,2.9355173879556293,3.9813997583366594,0.0,0.03801530762458525,0.012513477186211952,on,connected,True,synthetic_device_spec_v11
synthetic_customer_009,cabinet_009,2026-09-06 17:30:00+00:00,0,0,0,0,True,True,False,23.77273318577944,-47.3681366342834,3.000258926091446,3.9935383073094783,0.24358536963659372,0.0,0.0,on,connected,True,synthetic_device_spec_v11
synthetic_customer_009,cabinet_009,2026-09-06 17:40:00+00:00,0,0,0,0,True,True,False,24.08973986446631,-48.1220780842863,2.961253861198221,4.012842679165347,0.0,0.0,0.0003303156664747787,on,connected,True,synthetic_device_spec_v11
synthetic_customer_009,cabinet_009,2026-09-06 17:50:00+00:00,0,0,0,0,True,True,False,24.187582466716876,-48.9904624154043,2.9937728906459458,3.907625723972073,0.0,0.0,0.0,on,connected,True,synthetic_device_spec_v11
synthetic_customer_009,cabinet_009,2026-09-06 18:00:00+00:00,0,0,0,0,True,True,False,23.91588862037158,-48.285845048555274,2.952281384091236,3.936730588791952,0.1966587781505352,0.0031675681445060724,0.021572844542270642,on,connected,True,synthetic_device_spec_v11
synthetic_customer_009,cabinet_009,2026-09-06 18:10:00+00:00,1,1,1,1,True,True,False,24.11988116157222,-48.52715798280317,2.988599912425011,4.1113716995436285,0.0,0.0,0.04860725274161122,on,connected,True,synthetic_device_spec_v11
synthetic_customer_009,cabinet_009,2026-09-06 18:20:00+00:00,1,1,1,1,True,True,False,24.126805074495252,-48.21761014904381,2.959336924390998,4.020637553653288,0.0,0.0040482993386076,0.019816757338222152,on,connected,True,synthetic_device_spec_v11
synthetic_customer_009,cabinet_009,2026-09-06 18:30:00+00:00,1,1,1,1,True,True,False,24.05818987733388,-48.425573343930544,2.976446629014805,4.109393847170529,0.5922381149534587,0.02437159115468576,0.0,on,connected,True,synthetic_device_spec_v11
synthetic_customer_009,cabinet_009,2026-09-06 18:40:00+00:00,0,0,0,0,True,True,False,24.317434456015892,-47.57432686757761,3.0396196983911383,4.00301490822741,0.0,0.008696001263577119,0.038950113342856967,on,connected,True,synthetic_device_spec_v11
synthetic_customer_009,cabinet_009,2026-09-06 18:50:00+00:00,0,0,0,0,True,True,False,24.090740331379088,-50.01961776081459,3.0005977803532473,4.110037667323403,0.0,0.0,0.0,on,connected,True,synthetic_device_spec_v11
synthetic_customer_009,cabinet_009,2026-09-06 19:00:00+00:00,0,0,0,0,True,True,False,23.83102419673895,-47.477290398766925,2.9924930300795727,3.973907403066284,0.46361874721721263,0.0,0.0,on,connected,True,synthetic_device_spec_v11
synthetic_customer_009,cabinet_009,2026-09-06 19:10:00+00:00,0,0,0,0,True,True,False,24.122593442475,-47.83526107745888,3.0023894110330756,3.8994064504194204,0.0,0.0,0.0355210432088904,on,connected,True,synthetic_device_spec_v11
synthetic_customer_009,cabinet_009,2026-09-06 19:20:00+00:00,0,0,0,0,True,True,False,23.925329925672195,-49.812565352528196,3.09442486540408,4.080400385459284,0.0,0.025390519317662136,0.0,on,connected,True,synthetic_device_spec_v11
synthetic_customer_009,cabinet_009,2026-09-06 19:30:00+00:00,0,0,0,0,True,True,False,24.198264057744368,-49.58795383008206,3.006522303934452,4.0325210404583505,0.0,0.030070606698422177,0.0,on,connected,True,synthetic_device_spec_v11
synthetic_customer_009,cabinet_009,2026-09-06 19:40:00+00:00,0,0,0,0,True,True,False,24.177728770263762,-48.572804361126906,2.9981026842726974,3.905126112654819,0.0,0.009393289026652594,0.006234613559542783,on,connected,True,synthetic_device_spec_v11
synthetic_customer_009,cabinet_009,2026-09-06 19:50:00+00:00,0,0,0,0,True,True,False,24.103511419188294,-46.73953741052018,2.9288209421745597,4.027422052240597,0.7068997413752593,0.0,0.0,on,connected,True,synthetic_device_spec_v11
synthetic_customer_009,cabinet_009,2026-09-06 20:00:00+00:00,0,0,0,0,True,True,False,24.200833362319703,-48.568191357775646,2.9660586339028887,4.038776074972653,1.0595981199976927,0.0,0.0038056388144585866,on,connected,True,synthetic_device_spec_v11
synthetic_customer_009,cabinet_009,2026-09-06 20:10:00+00:00,0,0,0,0,True,True,False,24.007480557696322,-49.7103210199858,3.0164551176382925,3.993427317559703,0.5949351435312179,0.0,0.0,on,connected,True,synthetic_device_spec_v11
synthetic_customer_009,cabinet_009,2026-09-06 20:20:00+00:00,0,0,0,0,True,True,False,23.939937116360706,-48.40568157700797,2.980607090159946,3.907492742719208,0.43212616159733047,0.029676688017415617,0.027230666020711992,on,connected,True,synthetic_device_spec_v11
synthetic_customer_009,cabinet_009,2026-09-06 20:30:00+00:00,0,0,0,0,True,True,False,23.883082584702834,-49.425563202953086,3.0704061734271004,4.007078048130085,0.4650324170027006,0.0,0.0,on,connected,True,synthetic_device_spec_v11
synthetic_customer_009,cabinet_009,2026-09-06 20:40:00+00:00,0,0,0,0,True,True,False,23.99080917470914,-47.911056166183606,3.0517071622321597,3.963951899310545,0.0,0.0,0.0,on,connected,True,synthetic_device_spec_v11
synthetic_customer_009,cabinet_009,2026-09-06 20:50:00+00:00,0,0,0,0,True,True,False,24.009324833555198,-48.22590857262162,3.0982288741022854,3.98242263380874,0.0,0.0,0.012532486562772041,on,connected,True,synthetic_device_spec_v11
synthetic_customer_009,cabinet_009,2026-09-06 21:00:00+00:00,0,0,0,0,True,True,False,24.105926625202695,-47.777730423637976,3.0392396994712807,4.0146596096145,0.0,0.0,0.006622143084929646,on,connected,True,synthetic_device_spec_v11
synthetic_customer_009,cabinet_009,2026-09-06 21:10:00+00:00,0,0,0,0,True,True,False,24.162277605565475,-49.11189175777428,3.045754846996636,3.9033789729354798,0.3418425044102949,0.03076102819673956,0.0,on,connected,True,synthetic_device_spec_v11
synthetic_customer_009,cabinet_009,2026-09-06 21:20:00+00:00,0,0,0,0,True,True,False,24.121595886686233,-47.04433988925065,3.0180870512146813,3.8984898212007715,0.0,0.027064237905064077,0.013029372751740284,on,connected,True,synthetic_device_spec_v11
synthetic_customer_009,cabinet_009,2026-09-06 21:30:00+00:00,0,0,0,0,True,True,False,23.788014698436843,-49.968536822300194,3.03908406843785,4.020734110625755,0.0,0.0,0.0,on,connected,True,synthetic_device_spec_v11
synthetic_customer_009,cabinet_009,2026-09-06 21:40:00+00:00,0,0,0,0,True,True,False,24.474624327678857,-48.114073432474626,3.015963545947312,3.9556819385763937,0.15475471947181652,0.02169704432556864,0.0,on,connected,True,synthetic_device_spec_v11
synthetic_customer_009,cabinet_009,2026-09-06 21:50:00+00:00,0,0,0,0,True,True,False,24.144013773684087,-48.47308820378702,3.0072624258932645,4.049886357298694,0.0,0.048511025750824124,0.0003025155284399511,on,connected,True,synthetic_device_spec_v11
synthetic_customer_009,cabinet_009,2026-09-06 22:00:00+00:00,0,0,0,0,True,True,False,24.096735292592097,-48.26187671181771,3.019036363439377,3.947473257657644,1.172193609429368,0.0017330317075123559,0.0,on,connected,True,synthetic_device_spec_v11
synthetic_customer_009,cabinet_009,2026-09-06 22:10:00+00:00,0,0,0,0,True,True,False,24.003292868408874,-47.64053527684045,2.9790189917182266,4.029489737486127,0.0,0.04830474827819014,0.03654224848318001,on,connected,True,synthetic_device_spec_v11
synthetic_customer_009,cabinet_009,2026-09-06 22:20:00+00:00,0,0,0,0,True,True,False,24.095292185370575,-46.69678214040376,2.9335980145873353,4.087162674839583,0.0,0.0,0.02161734416457021,on,connected,True,synthetic_device_spec_v11
synthetic_customer_009,cabinet_009,2026-09-06 22:30:00+00:00,0,0,0,0,True,True,False,24.01466240057035,-47.450328698782016,3.009650766837443,3.9719007068036065,0.011332781696526562,0.0,0.0,on,connected,True,synthetic_device_spec_v11
synthetic_customer_009,cabinet_009,2026-09-06 22:40:00+00:00,0,0,0,0,True,True,False,24.14328769933107,-48.20335589902912,3.0307228821215775,4.022098544791505,0.01241170501462147,0.0,0.006307201885966755,on,connected,True,synthetic_device_spec_v11
synthetic_customer_009,cabinet_009,2026-09-06 22:50:00+00:00,0,0,0,0,True,True,False,23.814135993389105,-48.472696023314306,3.0351495653708676,3.984887779969784,0.0851581605834678,0.04648256607317955,0.007425296587847555,on,connected,True,synthetic_device_spec_v11
synthetic_customer_009,cabinet_009,2026-09-06 23:00:00+00:00,0,0,0,0,True,True,False,24.246255742676915,-47.71854621440722,3.074487468849308,4.085092300070872,0.0,0.0,0.006863940387481744,on,connected,True,synthetic_device_spec_v11
synthetic_customer_009,cabinet_009,2026-09-06 23:10:00+00:00,0,0,0,0,True,True,False,23.89093469190234,-47.19931275906453,3.036408969385248,4.076105807245569,0.0,0.025580656310487133,0.00842296165071248,on,connected,True,synthetic_device_spec_v11
synthetic_customer_009,cabinet_009,2026-09-06 23:20:00+00:00,0,0,0,0,True,True,False,24.100438534921423,-46.257746525837206,3.037433567165443,3.9902133221845375,0.7581141414015954,0.0,0.013279273008376523,on,connected,True,synthetic_device_spec_v11
synthetic_customer_009,cabinet_009,2026-09-06 23:30:00+00:00,0,0,0,0,True,True,False,23.80137983911868,-49.17939602193097,3.0080123340911507,3.969332099031166,0.0,0.0,0.001486147972449851,on,connected,True,synthetic_device_spec_v11
synthetic_customer_009,cabinet_009,2026-09-06 23:40:00+00:00,0,0,0,0,True,True,False,24.117352018708264,-49.981633205100785,2.97787149401469,4.024116903020019,0.11848030089773288,0.01944990492947167,0.032235970168462684,on,connected,True,synthetic_device_spec_v11
synthetic_customer_009,cabinet_009,2026-09-06 23:50:00+00:00,0,0,0,0,True,True,False,23.919469147166208,-49.541010838966656,2.9886230470151007,3.8706802877025375,0.3217552287236118,0.0,0.0,on,connected,True,synthetic_device_spec_v11
synthetic_customer_009,cabinet_009,2026-09-07 00:00:00+00:00,0,0,0,0,True,True,False,24.186353331429068,-48.21058587002364,3.0192661920053143,3.950272535754918,0.40050290009705247,0.028839178959311068,0.0,on,connected,True,synthetic_device_spec_v11
synthetic_customer_009,cabinet_009,2026-09-07 00:10:00+00:00,1,1,1,1,True,True,False,24.17990888194825,-47.910303656637915,2.976909607479928,4.007320564874893,0.7151935825158819,0.0,0.0,on,connected,True,synthetic_device_spec_v11
synthetic_customer_009,cabinet_009,2026-09-07 00:20:00+00:00,1,1,1,1,True,True,False,23.972411508272618,-46.67887258818879,2.9201226958001962,4.106777817133076,0.0,0.0,0.020350851676390273,on,connected,True,synthetic_device_spec_v11
synthetic_customer_009,cabinet_009,2026-09-07 00:30:00+00:00,1,1,1,1,True,True,False,23.91439419079952,-49.259255173345146,2.9999056609356485,3.9532216468666714,0.036622897643719135,0.0,0.019696041148100706,on,connected,True,synthetic_device_spec_v11
synthetic_customer_009,cabinet_009,2026-09-07 00:40:00+00:00,0,0,0,0,True,True,False,24.021819340104926,-49.075475524538525,2.9922757890762606,4.078453620405391,0.07917685482889834,0.0,0.007058471578459113,on,connected,True,synthetic_device_spec_v11
synthetic_customer_009,cabinet_009,2026-09-07 00:50:00+00:00,0,0,0,0,True,True,False,24.131269296012867,-48.952282849588606,3.0425698715429115,4.075450943218285,0.3747202959419186,0.0209234740457113,0.012870268180814978,on,connected,True,synthetic_device_spec_v11
synthetic_customer_009,cabinet_009,2026-09-07 01:00:00+00:00,0,0,0,0,True,True,False,23.96991096232405,-49.97546702459501,2.9951077223621034,3.918845466256794,0.6876602441219517,0.0,0.021147459169511145,on,connected,True,synthetic_device_spec_v11
synthetic_customer_009,cabinet_009,2026-09-07 01:10:00+00:00,0,0,0,0,True,True,False,24.082451513255773,-48.39379191667109,2.9778684712628127,3.998828943796935,0.0,0.011377822096850168,0.0175309770316827,on,connected,True,synthetic_device_spec_v11
synthetic_customer_009,cabinet_009,2026-09-07 01:20:00+00:00,0,0,0,0,True,True,False,23.826574964163758,-49.20797727402001,2.9993461449938557,4.014528232128328,0.0,0.024858242720477722,0.0,on,connected,True,synthetic_device_spec_v11
synthetic_customer_009,cabinet_009,2026-09-07 01:30:00+00:00,0,0,0,0,True,True,False,23.78213001539929,-48.29526061934441,2.9946317819058916,3.989010052715525,0.0,0.0,0.018413771323676265,on,connected,True,synthetic_device_spec_v11
synthetic_customer_009,cabinet_009,2026-09-07 01:40:00+00:00,0,0,0,0,True,True,False,24.088421945216005,-48.19185673798946,3.0090855293672396,3.9831952653076574,0.411235684031067,0.0,0.022052124351528972,on,connected,True,synthetic_device_spec_v11
synthetic_customer_009,cabinet_009,2026-09-07 01:50:00+00:00,0,0,0,0,True,True,False,24.018996217783368,-47.204950526659175,3.047387212307912,3.999922259773468,0.867354141001239,0.034074564042703426,0.0,on,connected,True,synthetic_device_spec_v11
synthetic_customer_009,cabinet_009,2026-09-07 02:00:00+00:00,0,0,0,0,True,True,False,24.2615204364253,-47.933961225519525,3.0411834370710125,3.9251324094539797,0.0,0.041001380868038555,0.0,on,connected,True,synthetic_device_spec_v11
synthetic_customer_009,cabinet_009,2026-09-07 02:10:00+00:00,0,0,0,0,True,True,False,23.889479185917146,-48.5335970270373,2.9747089038781875,4.083450727977084,0.3380063733713638,0.037808543005731714,0.0,on,connected,True,synthetic_device_spec_v11
synthetic_customer_009,cabinet_009,2026-09-07 02:20:00+00:00,0,0,0,0,True,True,False,24.130737030581113,-49.545035948976505,3.001743390630694,4.061404649347597,0.31369986948722095,0.013623500833851816,0.0,on,connected,True,synthetic_device_spec_v11
synthetic_customer_009,cabinet_009,2026-09-07 02:30:00+00:00,0,0,0,0,True,True,False,24.23182792464209,-47.55485969274421,3.0388354475711647,3.898293105613433,0.062179038724219024,0.0,0.0,on,connected,True,synthetic_device_spec_v11
synthetic_customer_009,cabinet_009,2026-09-07 02:40:00+00:00,0,0,0,0,True,True,False,23.961017852072455,-50.11786791623199,2.9402366464734073,3.99160317727293,0.444867122923982,0.09736808647534699,0.0,on,connected,True,synthetic_device_spec_v11
synthetic_customer_009,cabinet_009,2026-09-07 02:50:00+00:00,0,0,0,0,True,True,False,24.03171770156921,-50.937131489567236,2.997105212472257,3.917740855284461,0.0,0.03648297010746156,0.0,on,connected,True,synthetic_device_spec_v11
synthetic_customer_009,cabinet_009,2026-09-07 03:00:00+00:00,0,0,0,0,True,True,False,23.830992535784194,-53.90314505271673,3.026027636716546,4.045567072730789,0.0,0.18317758087981062,0.036875994186033795,on,connected,True,synthetic_device_spec_v11
synthetic_customer_009,cabinet_009,2026-09-07 03:10:00+00:00,0,0,0,0,True,True,False,24.17649065922456,-55.747960136833335,2.9853443230636545,3.957232160188619,0.0,0.13015021048095843,0.0,on,connected,True,synthetic_device_spec_v11
synthetic_customer_009,cabinet_009,2026-09-07 03:20:00+00:00,0,0,0,0,True,True,False,24.058762665152756,-58.506243515475276,3.0591748412940336,3.842827426471769,0.22231038983686727,0.21595876749813755,0.009550028011218256,on,connected,True,synthetic_device_spec_v11
synthetic_customer_009,cabinet_009,2026-09-07 03:30:00+00:00,0,0,0,0,True,True,False,24.005337162672056,-60.948541585929036,3.004622169209502,3.99567448085706,0.5596334698516009,0.22134119043407047,0.0061996843875978215,on,connected,True,synthetic_device_spec_v11
synthetic_customer_009,cabinet_009,2026-09-07 03:40:00+00:00,0,0,0,0,True,True,False,23.871544085987615,-60.873082112915256,3.0250763452184373,4.051101377286668,0.0,0.3218650369646578,0.007668453336151451,on,connected,True,synthetic_device_spec_v11
synthetic_customer_009,cabinet_009,2026-09-07 03:50:00+00:00,0,0,0,0,True,True,False,23.93249474690918,-63.355127609792596,3.0048801925376356,3.9469208447298363,0.3967374895251807,0.2947853785213904,0.003142667499595872,on,connected,True,synthetic_device_spec_v11
synthetic_customer_009,cabinet_009,2026-09-07 04:00:00+00:00,0,0,0,0,True,True,False,23.953705953066855,-66.01298539305968,3.0056735660383564,3.9376218061292323,0.0,0.35055254930979873,0.0,on,connected,True,synthetic_device_spec_v11
synthetic_customer_009,cabinet_009,2026-09-07 04:10:00+00:00,0,0,0,0,True,True,False,23.840680956562014,-69.6769806549865,2.993365013766931,3.9892598260720677,0.16642658853270795,0.36137638288278967,0.0,on,connected,True,synthetic_device_spec_v11
synthetic_customer_009,cabinet_009,2026-09-07 04:20:00+00:00,0,0,0,0,True,True,False,24.161494107090014,-71.91355204405323,2.938843254677247,4.014410595289381,0.15303799173364085,0.3741577216491406,0.0,on,connected,True,synthetic_device_spec_v11
synthetic_customer_009,cabinet_009,2026-09-07 04:30:00+00:00,0,0,0,0,True,True,False,23.99679393822176,-73.9846381923123,3.018264986241035,3.911326802430603,0.02016112010446107,0.4763114423111945,0.0,on,connected,True,synthetic_device_spec_v11
synthetic_customer_009,cabinet_009,2026-09-07 04:40:00+00:00,0,0,0,0,True,True,False,23.910092345571602,-74.83219655065865,2.9833248325011983,3.9944452574567184,0.0,0.48142635352020674,0.0,on,connected,True,synthetic_device_spec_v11
synthetic_customer_009,cabinet_009,2026-09-07 04:50:00+00:00,0,0,0,0,True,True,False,23.994111460630794,-78.86966767355709,2.9641133955636048,4.087744283646954,0.10872493327461606,0.5580430331359642,0.0,on,connected,True,synthetic_device_spec_v11
synthetic_customer_009,cabinet_009,2026-09-07 05:00:00+00:00,0,0,0,0,True,True,False,24.240519855429667,-79.39202690511118,3.04431784193873,3.932095469443589,0.0,0.5543015630623825,0.0,on,connected,True,synthetic_device_spec_v11
synthetic_customer_009,cabinet_009,2026-09-07 05:10:00+00:00,0,0,0,0,True,True,False,24.07615101632491,-82.03957589692361,2.9861168606108794,3.8744271317648935,0.7846083436278259,0.573697217978165,0.00877206219290135,on,connected,True,synthetic_device_spec_v11
synthetic_customer_009,cabinet_009,2026-09-07 05:20:00+00:00,0,0,0,0,True,True,False,24.201912363256653,-84.89572849567642,3.006096479183888,4.087029812971469,0.0,0.65403753832415,0.0,on,connected,True,synthetic_device_spec_v11
synthetic_customer_009,cabinet_009,2026-09-07 06:20:00+00:00,1,1,1,1,True,True,False,24.136246627949546,-47.87988558799268,2.9691349970185508,3.9717999031424047,0.0,0.0,0.00894332620917555,on,connected,True,synthetic_device_spec_v11
synthetic_customer_009,cabinet_009,2026-09-07 06:30:00+00:00,1,1,1,1,True,True,False,24.002774889041056,-49.85210269583945,3.0028356698246204,3.962195368147249,0.22927171079369926,0.0,0.04014606301958167,on,connected,True,synthetic_device_spec_v11
synthetic_customer_009,cabinet_009,2026-09-07 06:40:00+00:00,0,0,0,0,True,True,False,24.029833185908263,-45.803424927085885,2.9586398612940346,3.9379460051858493,0.0,0.016797229689075557,0.008061620691354732,on,connected,True,synthetic_device_spec_v11
synthetic_customer_009,cabinet_009,2026-09-07 06:50:00+00:00,0,0,0,0,True,True,False,24.044385496563063,-49.58710955989287,3.0264276963733483,3.9914400249688566,0.0,0.0,0.012572747882445626,on,connected,True,synthetic_device_spec_v11
synthetic_customer_009,cabinet_009,2026-09-07 07:00:00+00:00,0,0,0,0,True,True,False,24.192355921335103,-46.93771623244381,3.0193305253976863,4.007575110522236,0.038344947284358104,0.0,0.015033723886874364,on,connected,True,synthetic_device_spec_v11
synthetic_customer_009,cabinet_009,2026-09-07 07:10:00+00:00,0,0,0,0,True,True,False,24.010474803790938,-47.479802322575594,2.952808041533631,4.000717616733551,0.0,0.0,0.0,on,connected,True,synthetic_device_spec_v11
synthetic_customer_009,cabinet_009,2026-09-07 07:20:00+00:00,0,0,0,0,True,True,False,23.855307895205172,-48.99996319242141,3.0213841516246163,4.026329232611425,0.0,0.0,0.0,on,connected,True,synthetic_device_spec_v11
synthetic_customer_009,cabinet_009,2026-09-07 07:30:00+00:00,0,0,0,0,True,True,False,23.733905503064594,-49.13037606249606,3.005568472584379,3.8730639324672946,0.06313516725118587,0.0,0.0,on,connected,True,synthetic_device_spec_v11
synthetic_customer_009,cabinet_009,2026-09-07 07:40:00+00:00,0,0,0,0,True,True,False,24.013515226112762,-46.71620998615204,3.0056124929668018,3.9971832510620517,0.0,0.0,0.008056537116090352,on,connected,True,synthetic_device_spec_v11
synthetic_customer_009,cabinet_009,2026-09-07 07:50:00+00:00,0,0,0,0,True,True,False,24.007233409273933,-47.21455474316434,3.02920739743098,3.977029577035289,0.0,0.0,0.0,on,connected,True,synthetic_device_spec_v11
synthetic_customer_009,cabinet_009,2026-09-07 08:00:00+00:00,0,0,0,0,True,True,False,24.032360127531206,-48.64698827066416,3.031421068056663,3.9062501602587334,0.28201075028456474,0.020842973411603617,4.825125759743012e-05,on,connected,True,synthetic_device_spec_v11
synthetic_customer_009,cabinet_009,2026-09-07 08:10:00+00:00,0,0,0,0,True,True,False,23.93216266477381,-47.72837458439201,3.082696866046617,4.148298462106479,0.40256158010026133,0.0,0.0,on,connected,True,synthetic_device_spec_v11
synthetic_customer_009,cabinet_009,2026-09-07 08:20:00+00:00,0,0,0,0,True,True,False,23.73637822022531,-47.57488859706279,3.0465767620694937,3.9932363682213987,0.0,0.020964204403557715,0.01593773404912287,on,connected,True,synthetic_device_spec_v11
synthetic_customer_009,cabinet_009,2026-09-07 08:30:00+00:00,0,0,0,0,True,True,False,23.96121120499614,-48.101442557361715,2.9989951109854167,4.031983279075392,0.458410019357384,0.0,0.0,on,connected,True,synthetic_device_spec_v11
synthetic_customer_009,cabinet_009,2026-09-07 08:40:00+00:00,0,0,0,0,True,True,False,23.914548937642035,-47.313088884192496,2.9852556474239607,3.948389629602985,2.4870377138988298,0.002938044068769626,0.0,on,connected,True,synthetic_device_spec_v11
synthetic_customer_009,cabinet_009,2026-09-07 08:50:00+00:00,0,0,0,0,True,True,False,23.948452875400058,-49.408968434310616,3.0168291252050174,3.9661701242726273,3.2411224321056267,0.0,0.0022598505211199097,on,connected,True,synthetic_device_spec_v11
synthetic_customer_009,cabinet_009,2026-09-07 09:00:00+00:00,0,0,0,0,True,True,False,23.87004025670382,-49.1005550002392,3.037965313320481,4.161054331254746,5.392808499202405,0.0012808066600845252,0.0,on,connected,True,synthetic_device_spec_v11
synthetic_customer_009,cabinet_009,2026-09-07 09:10:00+00:00,0,0,0,0,True,True,False,24.12221950954034,-48.00314409380436,3.054893400073034,4.015623508179591,5.936684297487125,0.0,0.0,on,connected,True,synthetic_device_spec_v11
synthetic_customer_009,cabinet_009,2026-09-07 09:20:00+00:00,0,0,0,0,True,True,False,24.401971281303354,-46.983433818130024,2.9948806933942094,4.082003240322643,7.885237960588595,0.01096079494922858,0.0,on,connected,True,synthetic_device_spec_v11
synthetic_customer_009,cabinet_009,2026-09-07 09:30:00+00:00,0,0,0,0,True,True,False,24.063458371431857,-48.92340525810995,3.076370672247356,3.98046467380231,9.257824582893488,0.0,0.0013645977531645793,on,connected,True,synthetic_device_spec_v11
synthetic_customer_009,cabinet_009,2026-09-07 09:40:00+00:00,0,0,0,0,True,True,False,23.96563902325119,-47.524293500167005,2.981458453910092,4.056726451458351,11.496977395385441,0.01067050786889931,0.0,on,connected,True,synthetic_device_spec_v11
synthetic_customer_009,cabinet_009,2026-09-07 09:50:00+00:00,0,0,0,0,True,True,False,23.9877436003151,-47.390037393408555,2.9921029909141286,4.02316509849201,12.275304976105122,0.0,0.031857569275953665,on,connected,True,synthetic_device_spec_v11
synthetic_customer_009,cabinet_009,2026-09-07 10:00:00+00:00,0,0,0,0,True,True,False,23.900703833425105,-48.7861951182673,2.9674914802115584,3.941775333307573,13.508033894459416,0.00669036129469519,0.0,on,connected,True,synthetic_device_spec_v11
synthetic_customer_009,cabinet_009,2026-09-07 10:10:00+00:00,0,0,0,0,True,True,False,23.708942498802607,-47.53123522874514,3.044789056373935,3.975711922555719,13.471885071213984,0.03988343565640014,0.017103050346648163,on,connected,True,synthetic_device_spec_v11
synthetic_customer_009,cabinet_009,2026-09-07 10:20:00+00:00,0,0,0,0,True,True,False,23.877443995353236,-47.052602205526775,3.0651470621903028,3.984879599404579,15.640183203039104,0.0366183271884238,0.022732060360386677,on,connected,True,synthetic_device_spec_v11
synthetic_customer_009,cabinet_009,2026-09-07 10:30:00+00:00,0,0,0,0,True,True,False,23.974792784076808,-48.47395283094833,3.0050369315553467,3.9622750696747646,16.40876764650378,0.020884624553660476,0.0,on,connected,True,synthetic_device_spec_v11
synthetic_customer_009,cabinet_009,2026-09-07 10:40:00+00:00,0,0,0,0,True,True,False,24.208957823077508,-47.13770994443815,2.995683262080568,3.925091177819852,17.414308957777124,0.01806845550893055,0.001680118530402579,on,connected,True,synthetic_device_spec_v11
synthetic_customer_009,cabinet_009,2026-09-07 10:50:00+00:00,0,0,0,0,True,True,False,24.168664914329113,-47.9182621397145,2.9639635786550445,4.058215655302104,17.848955506119918,0.0,0.0,on,connected,True,synthetic_device_spec_v11
synthetic_customer_009,cabinet_009,2026-09-07 11:00:00+00:00,0,0,0,0,True,True,False,24.028413262751556,-49.379302026261264,3.0026227162067323,3.8924779208067912,19.04219493813373,0.0,0.0,on,connected,True,synthetic_device_spec_v11
synthetic_customer_009,cabinet_009,2026-09-07 11:10:00+00:00,0,0,0,0,True,True,False,23.841302651764018,-48.18477433525376,3.035828450440035,3.9610298381767723,21.276512313576298,0.0,0.02824844459129272,on,connected,True,synthetic_device_spec_v11
synthetic_customer_009,cabinet_009,2026-09-07 11:20:00+00:00,0,0,0,0,True,True,False,23.892280537187997,-46.48150900883605,3.0331361566525334,3.981779931180426,22.887892425179416,0.0,0.0,on,connected,True,synthetic_device_spec_v11
synthetic_customer_009,cabinet_009,2026-09-07 11:30:00+00:00,0,0,0,0,True,True,False,24.208104890863464,-49.3069768094419,2.955224318987143,4.032707464693705,24.43838867629548,0.020332493135632825,0.0,on,connected,True,synthetic_device_spec_v11
synthetic_customer_009,cabinet_009,2026-09-07 11:40:00+00:00,0,0,0,0,True,True,False,24.039020390573366,-48.11133530705389,3.0102206225687946,3.982283780618083,25.89651068167329,0.01835337487041559,0.0032162805276863635,on,connected,True,synthetic_device_spec_v11
synthetic_customer_009,cabinet_009,2026-09-07 11:50:00+00:00,0,0,0,0,True,True,False,23.92800427647306,-47.61928968360147,2.9518033024340156,3.937193695231762,24.171308401944838,0.0,0.012138253433352385,on,connected,True,synthetic_device_spec_v11
synthetic_customer_009,cabinet_009,2026-09-07 12:00:00+00:00,0,0,0,0,True,True,False,23.847345656641654,-48.65400564123075,3.0089534902491826,4.091050521782703,25.504656443825215,0.0,0.01925653665162615,on,connected,True,synthetic_device_spec_v11
synthetic_customer_009,cabinet_009,2026-09-07 12:10:00+00:00,1,1,1,1,True,True,False,23.863335930252283,-47.02951160585887,3.0077016309914235,4.043702976067345,24.90580366707245,0.01683328135571948,0.0,on,connected,True,synthetic_device_spec_v11
synthetic_customer_009,cabinet_009,2026-09-07 12:20:00+00:00,1,1,1,1,True,True,False,24.04533973788072,-48.09230049719977,3.051461342664909,4.049834560794855,25.559943158064197,0.010062947930790196,0.0,on,connected,True,synthetic_device_spec_v11
synthetic_customer_009,cabinet_009,2026-09-07 12:30:00+00:00,1,1,1,1,True,True,False,23.949130695554846,-48.29601505081693,3.0091161957200696,4.020352059978351,24.163830554587804,0.0,0.017462020174048423,on,connected,True,synthetic_device_spec_v11
synthetic_customer_009,cabinet_009,2026-09-07 12:40:00+00:00,0,0,0,0,True,True,False,23.619317777122962,-48.42712555899118,2.938119677336767,4.00126744503119,24.745356222499048,0.010979478130373786,0.02525553925947441,on,connected,True,synthetic_device_spec_v11
synthetic_customer_009,cabinet_009,2026-09-07 12:50:00+00:00,0,0,0,0,True,True,False,24.058633680097234,-50.29950079673835,3.037520636446682,3.966951518755367,24.95181183399021,0.038241198397998895,0.0,on,connected,True,synthetic_device_spec_v11
synthetic_customer_009,cabinet_009,2026-09-07 13:00:00+00:00,0,0,0,0,True,True,False,23.990014254867454,-48.699162390825705,2.9930825843006623,3.9999234828477976,0.0,0.040975251704346766,0.013372700141467358,on,connected,True,synthetic_device_spec_v11
synthetic_customer_009,cabinet_009,2026-09-07 13:10:00+00:00,0,0,0,0,True,True,False,24.17148494481795,-48.32677563542728,2.9544674022344903,3.9574814399141682,0.0,0.0,0.02106914741140356,on,connected,True,synthetic_device_spec_v11
synthetic_customer_009,cabinet_009,2026-09-07 13:20:00+00:00,0,0,0,0,True,True,False,23.804080276797766,-47.903225651426204,3.024840510198156,3.9655361245124894,0.34551043192017417,0.010585177641818926,0.0,on,connected,True,synthetic_device_spec_v11
synthetic_customer_009,cabinet_009,2026-09-07 13:30:00+00:00,0,0,0,0,True,True,False,23.933990569092213,-49.196410969444116,3.067604120744282,4.01728819674682,0.5847079104627148,0.013675444247479724,0.01811089057050719,on,connected,True,synthetic_device_spec_v11
synthetic_customer_009,cabinet_009,2026-09-07 13:40:00+00:00,0,0,0,0,True,True,False,23.953862617174508,-48.935244932416325,3.02468924244781,4.019823480726769,0.38287879710756995,0.0,0.021144583570510772,on,connected,True,synthetic_device_spec_v11
synthetic_customer_009,cabinet_009,2026-09-07 13:50:00+00:00,0,0,0,0,True,True,False,24.16673021277776,-47.499766003992164,3.014796430926138,4.008021064968729,0.0,0.028672190952696693,0.0,on,connected,True,synthetic_device_spec_v11
synthetic_customer_009,cabinet_009,2026-09-07 14:00:00+00:00,0,0,0,0,True,True,False,24.15571848845604,-49.08487171278645,2.9547036625773972,4.040760479053067,0.7445375087362777,0.02230727369994965,0.0,on,connected,True,synthetic_device_spec_v11
synthetic_customer_009,cabinet_009,2026-09-07 14:10:00+00:00,0,0,0,0,True,True,False,23.984336673444684,-48.58680279475027,2.9814110884429175,4.027619495793189,0.08365904443598711,0.018469341027907562,0.0,on,connected,True,synthetic_device_spec_v11
synthetic_customer_009,cabinet_009,2026-09-07 14:20:00+00:00,0,0,0,0,True,True,False,23.96993595562285,-48.82163169956222,2.8904916016091877,3.9606389213224475,0.0,0.004179568606781064,0.024616686939438543,on,connected,True,synthetic_device_spec_v11
synthetic_customer_009,cabinet_009,2026-09-07 14:30:00+00:00,0,0,0,0,True,True,False,23.986782500475375,-47.21937032339347,2.9612293031733654,4.021019376533599,0.0,0.0,0.026912446666544156,on,connected,True,synthetic_device_spec_v11
synthetic_customer_009,cabinet_009,2026-09-07 14:40:00+00:00,0,0,0,0,True,True,False,23.702754666280228,-48.965903367597264,2.925246333851834,4.0119674109649655,0.0,0.0,0.0,on,connected,True,synthetic_device_spec_v11
synthetic_customer_009,cabinet_009,2026-09-07 14:50:00+00:00,0,0,0,0,True,True,False,23.34891205400303,-48.93211043465914,3.003228694661226,4.05635213077261,0.0,0.0,0.002894114096440751,on,connected,True,synthetic_device_spec_v11
synthetic_customer_009,cabinet_009,2026-09-07 15:00:00+00:00,0,0,0,0,True,True,False,22.836906953548574,-49.10550824966395,2.9612585999389403,3.966136461434158,0.0,0.035985446354631516,0.006081867553630286,on,connected,True,synthetic_device_spec_v11
synthetic_customer_009,cabinet_009,2026-09-07 15:10:00+00:00,0,0,0,0,True,True,False,22.464001663912995,-47.92583954283418,3.0902357361272403,3.9938684560547415,0.0,0.008431598235835232,0.0,on,connected,True,synthetic_device_spec_v11
synthetic_customer_009,cabinet_009,2026-09-07 15:20:00+00:00,0,0,0,0,True,True,False,22.16118831836845,-46.44389684305492,2.993852383370822,3.9501023739120105,0.15066227243266608,0.015859183863372792,0.007127509510040595,on,connected,True,synthetic_device_spec_v11
synthetic_customer_009,cabinet_009,2026-09-07 15:30:00+00:00,0,0,0,0,True,True,False,21.774940865837657,-46.74911716781737,3.0126702990125422,3.968873089015225,0.0,0.0,0.0,on,connected,True,synthetic_device_spec_v11
synthetic_customer_009,cabinet_009,2026-09-07 15:40:00+00:00,0,0,0,0,True,True,False,21.458672620307,-48.11021892368955,3.0674658273070237,3.9986645751642853,0.5013091855236685,0.0,0.0,on,connected,True,synthetic_device_spec_v11
synthetic_customer_009,cabinet_009,2026-09-07 15:50:00+00:00,0,0,0,0,True,True,False,21.033806868950887,-47.84691199332646,2.9511570674561693,4.070423955273011,0.0,0.010006360543136625,0.002189822633523632,on,connected,True,synthetic_device_spec_v11
synthetic_customer_009,cabinet_009,2026-09-07 16:00:00+00:00,0,0,0,0,True,True,False,20.656467589470786,-46.10942243472487,2.902529172249105,3.8259220702870445,0.20192047398989013,0.004648713299205818,0.012609115199050896,on,connected,True,synthetic_device_spec_v11
synthetic_customer_009,cabinet_009,2026-09-07 16:10:00+00:00,0,0,0,0,True,True,False,20.237641781742493,-48.84404592277382,3.0539119739366947,4.010255121029314,0.0,0.0,0.013331773954898209,on,connected,True,synthetic_device_spec_v11
synthetic_customer_009,cabinet_009,2026-09-07 16:20:00+00:00,0,0,0,0,True,True,False,19.81503397817853,-48.47774056090254,3.0306867275229803,4.058639194621266,0.1310156310565904,0.0012952698405711647,0.0,on,connected,True,synthetic_device_spec_v11
synthetic_customer_009,cabinet_009,2026-09-07 16:30:00+00:00,0,0,0,0,True,True,False,19.54189905921613,-48.36320003513538,2.937991550418258,3.951062577475594,0.0,0.0,0.0,on,connected,True,synthetic_device_spec_v11
synthetic_customer_009,cabinet_009,2026-09-07 16:40:00+00:00,0,0,0,0,True,True,False,19.1341625791212,-46.05513173333252,2.9894904554191815,4.035206322540196,0.0,0.0,0.0,on,connected,True,synthetic_device_spec_v11
synthetic_customer_009,cabinet_009,2026-09-07 16:50:00+00:00,0,0,0,0,True,True,False,18.80409471265792,-48.43024037405298,3.00564539412812,4.013089883541833,0.38973574924477955,0.0,0.0007072264089842162,on,connected,True,synthetic_device_spec_v11
synthetic_customer_009,cabinet_009,2026-09-07 17:50:00+00:00,0,0,0,0,True,True,False,23.95989955681101,-50.030473416863686,3.061540000917937,4.059385651874261,0.0,0.0344520359456408,0.0037898405434917907,on,connected,True,synthetic_device_spec_v11
synthetic_customer_009,cabinet_009,2026-09-07 18:00:00+00:00,0,0,0,0,True,True,False,23.874968500698227,-48.05163650601595,3.01753254753001,3.9588234554300987,0.28160694615486737,0.01787000897504361,0.0,on,connected,True,synthetic_device_spec_v11
synthetic_customer_009,cabinet_009,2026-09-07 18:10:00+00:00,1,1,1,1,True,True,False,24.005363866323897,-47.26922219425609,2.9645071217055223,3.9666783131344516,0.380891134860355,0.0012748560835754948,0.0,on,connected,True,synthetic_device_spec_v11
synthetic_customer_009,cabinet_009,2026-09-07 18:20:00+00:00,1,1,1,1,True,True,False,23.89973972121193,-46.17453605503135,2.9450487304357895,3.927575823996946,0.0,0.014573489564221765,0.0,on,connected,True,synthetic_device_spec_v11
synthetic_customer_009,cabinet_009,2026-09-07 18:30:00+00:00,1,1,1,1,True,True,False,24.077322993079576,-47.065880102259975,3.0097056535733606,4.109984102892704,0.6678392596293329,0.004581247458949717,0.01207778110611071,on,connected,True,synthetic_device_spec_v11
synthetic_customer_009,cabinet_009,2026-09-07 18:40:00+00:00,0,0,0,0,True,True,False,23.91695448130306,-48.487263597236655,2.9251217378323346,3.983544227311206,0.0,0.008653260875688663,0.029538059461904922,on,connected,True,synthetic_device_spec_v11
synthetic_customer_009,cabinet_009,2026-09-07 18:50:00+00:00,0,0,0,0,True,True,False,24.041083790905194,-46.75451518297633,2.6795982016758306,4.094150161198738,0.3448447662569228,0.011314476658781322,0.012293998046475532,on,connected,True,synthetic_device_spec_v11
synthetic_customer_009,cabinet_009,2026-09-07 19:00:00+00:00,0,0,0,0,True,True,False,24.086982656184908,-46.92024833934792,2.52005338861174,4.189907698491403,0.0,0.029234621299565357,0.015441800999103594,on,connected,True,synthetic_device_spec_v11
synthetic_customer_009,cabinet_009,2026-09-07 19:10:00+00:00,0,0,0,0,True,True,False,23.854742223711725,-47.239232156813486,2.271047925973664,4.357960680912105,0.0,0.007108527636510424,0.05542869751944718,on,connected,True,synthetic_device_spec_v11
synthetic_customer_009,cabinet_009,2026-09-07 19:20:00+00:00,0,0,0,0,True,True,False,24.028261481108835,-47.2483795092177,2.080591171203581,4.51852225016795,0.0,0.030905885622575426,0.08473146079685247,on,connected,True,synthetic_device_spec_v11
synthetic_customer_009,cabinet_009,2026-09-07 19:30:00+00:00,0,0,0,0,True,True,False,24.164534757677323,-49.370940559575544,1.9452263626410637,4.647163347882782,0.0,0.0,0.08577095451297725,on,connected,True,synthetic_device_spec_v11
synthetic_customer_009,cabinet_009,2026-09-07 19:40:00+00:00,0,0,0,0,True,True,False,23.971402788269803,-46.2585274086203,1.7436962974003831,4.863945554871801,0.12017471857443937,0.0,0.11304906059389554,on,connected,True,synthetic_device_spec_v11
synthetic_customer_009,cabinet_009,2026-09-07 19:50:00+00:00,0,0,0,0,True,True,False,23.83484743954748,-48.3877213718252,1.5812827484584124,5.0551694467326,0.0,0.025671773885163226,0.13540387981553026,on,connected,True,synthetic_device_spec_v11
synthetic_customer_009,cabinet_009,2026-09-07 20:00:00+00:00,0,0,0,0,True,True,False,23.898172237970947,-48.05611365261653,1.3918360992743943,5.231949632844587,0.1484274607169525,0.0006673101348453131,0.14797114385824997,on,connected,True,synthetic_device_spec_v11
synthetic_customer_009,cabinet_009,2026-09-07 20:10:00+00:00,0,0,0,0,True,True,False,23.945843813922544,-46.933929159333736,1.1183978142208704,5.31321992161674,0.0,0.0,0.19781761681097668,on,connected,True,synthetic_device_spec_v11
synthetic_customer_009,cabinet_009,2026-09-07 20:20:00+00:00,0,0,0,0,True,True,False,23.973638530025813,-47.67492340319803,1.0208041866336726,5.5248478760098285,0.0,0.024163413205563505,0.19530417526197735,on,connected,True,synthetic_device_spec_v11
synthetic_customer_009,cabinet_009,2026-09-07 20:30:00+00:00,0,0,0,0,True,True,False,24.044613084623737,-47.38998321938598,0.9838421231807074,5.791591817122299,0.2549035396383349,0.0,0.23272045367426042,on,connected,True,synthetic_device_spec_v11
synthetic_customer_009,cabinet_009,2026-09-07 20:40:00+00:00,0,0,0,0,True,True,False,24.12747440320982,-47.54082378078096,0.969269780231274,5.872596586615797,0.0,0.020834507448352454,0.2296138751794252,on,connected,True,synthetic_device_spec_v11
synthetic_customer_009,cabinet_009,2026-09-07 20:50:00+00:00,0,0,0,0,True,True,False,24.02615869761331,-48.82558034713806,0.9416613382491542,6.090484000574247,0.0,0.0,0.2547164025634788,on,connected,True,synthetic_device_spec_v11
synthetic_customer_009,cabinet_009,2026-09-07 21:00:00+00:00,0,0,0,0,True,True,False,23.972736907245295,-47.22516056338911,0.8268327699556888,6.302000265443993,0.0,0.0,0.3173446404442819,on,connected,True,synthetic_device_spec_v11
synthetic_customer_009,cabinet_009,2026-09-07 21:10:00+00:00,0,0,0,0,True,True,False,23.774518307691874,-47.683984058913424,0.8354285876693709,6.527960450217442,0.17999094553765133,0.0,0.35474971640274416,on,connected,True,synthetic_device_spec_v11
synthetic_customer_009,cabinet_009,2026-09-07 21:20:00+00:00,0,0,0,0,True,True,False,24.160405272103464,-47.78102213606485,0.7454631706068047,6.623962728507646,0.3043975041353286,0.008426901709685129,0.3261640706096668,on,connected,True,synthetic_device_spec_v11
synthetic_customer_009,cabinet_009,2026-09-07 21:30:00+00:00,0,0,0,0,True,True,False,23.900499202294746,-46.52734410794981,0.6013784187431368,6.786824466624773,0.001780833354707753,0.02498539158469695,0.41411951310915407,on,connected,True,synthetic_device_spec_v11
synthetic_customer_009,cabinet_009,2026-09-07 21:40:00+00:00,0,0,0,0,True,True,False,23.827866151539617,-51.15853480263455,2.5953524382442303,7.02088039694772,0.0,0.0,0.3868925402380262,on,connected,True,synthetic_device_spec_v11
synthetic_customer_009,cabinet_009,2026-09-07 21:50:00+00:00,0,0,0,0,True,True,False,24.067340747646732,-48.17068513506703,2.542307614924107,6.977086992697429,0.22288645714592142,0.0,0.3672793248783523,on,connected,True,synthetic_device_spec_v11
synthetic_customer_009,cabinet_009,2026-09-07 22:00:00+00:00,0,0,0,0,True,True,False,24.01864148700156,-48.78757889893714,2.4715077238687937,6.977035083797738,0.0,0.0,0.36824894041116535,on,connected,True,synthetic_device_spec_v11
synthetic_customer_009,cabinet_009,2026-09-07 22:10:00+00:00,0,0,0,0,True,True,False,24.046853129596784,-47.16170669520256,2.3504191841462805,7.029922535844127,0.0,0.0,0.4030999619841876,on,connected,True,synthetic_device_spec_v11
synthetic_customer_009,cabinet_009,2026-09-07 22:20:00+00:00,0,0,0,0,True,True,False,23.943485605555125,-45.18931207431328,2.2948699994177995,7.039805662507661,0.0,0.0,0.38428043227133485,on,connected,True,synthetic_device_spec_v11
synthetic_customer_009,cabinet_009,2026-09-07 22:30:00+00:00,0,0,0,0,True,True,False,23.979109510753936,-46.74524197208881,2.270693716266977,7.13609200064475,0.0,0.007871732563948127,0.3715142943982898,on,connected,True,synthetic_device_spec_v11
synthetic_customer_009,cabinet_009,2026-09-07 22:40:00+00:00,0,0,0,0,True,True,False,24.062308232800635,-48.324657618278025,2.2096266442109305,7.052131394120026,0.0,0.018973481641017313,0.3727858037422933,on,connected,True,synthetic_device_spec_v11
synthetic_customer_009,cabinet_009,2026-09-07 22:50:00+00:00,0,0,0,0,True,True,False,23.972626701219205,-47.06915345805264,2.1761434878099353,3.9445764524716513,0.0,0.00587815160512854,0.003105267069960563,on,connected,True,synthetic_device_spec_v11
synthetic_customer_009,cabinet_009,2026-09-07 23:00:00+00:00,0,0,0,0,True,True,False,24.05144813447907,-48.044708880021034,2.180143247150999,4.0463436156445125,0.6684215751915367,0.0,0.0,on,connected,True,synthetic_device_spec_v11
synthetic_customer_009,cabinet_009,2026-09-07 23:10:00+00:00,0,0,0,0,True,True,False,24.22060142277992,-48.521852285631624,2.127902688978876,4.055913874291551,0.0,0.02268306090105604,0.0,on,connected,True,synthetic_device_spec_v11
synthetic_customer_009,cabinet_009,2026-09-07 23:20:00+00:00,0,0,0,0,True,True,False,24.013076629116416,-47.76582466617691,2.2328989097322935,4.068291168479272,0.0,0.0215639332765232,0.003263357933755102,on,connected,True,synthetic_device_spec_v11
synthetic_customer_009,cabinet_009,2026-09-07 23:30:00+00:00,0,0,0,0,True,True,False,23.99388870918676,-46.94336532203755,2.272798457817791,4.061560002753814,0.17271356443928557,0.012106723215520978,0.007196378836742249,on,connected,True,synthetic_device_spec_v11
synthetic_customer_009,cabinet_009,2026-09-07 23:40:00+00:00,0,0,0,0,True,True,False,24.027228680678206,-47.3810080288287,2.1475567643855125,4.104374823008603,0.0,0.0,0.0,on,connected,True,synthetic_device_spec_v11
synthetic_customer_009,cabinet_009,2026-09-07 23:50:00+00:00,0,0,0,0,True,True,False,23.964541616501027,-47.23219900645265,2.2123908188144377,3.974819533787893,0.8535191561968655,0.029093641968471487,0.0032349762932376348,on,connected,True,synthetic_device_spec_v11
synthetic_customer_009,cabinet_009,2026-09-08 00:00:00+00:00,0,0,0,0,True,True,False,23.74710571620387,-47.777625435732425,2.1767037052862004,4.132741696039776,0.3942455463795465,0.0043217838780467656,0.021377783896494744,on,connected,True,synthetic_device_spec_v11
synthetic_customer_009,cabinet_009,2026-09-08 00:10:00+00:00,1,1,1,1,True,True,False,24.149658849985673,-48.70598011895442,2.9788017046661364,3.9430372990407796,0.0,0.016504350589590357,0.0,on,connected,True,synthetic_device_spec_v11
synthetic_customer_009,cabinet_009,2026-09-08 00:20:00+00:00,1,1,1,1,True,True,False,24.173770518544753,-48.57533873405553,2.984115341142253,3.9661515261850697,0.041154089663491794,0.0,0.027343412475121925,on,connected,True,synthetic_device_spec_v11
synthetic_customer_009,cabinet_009,2026-09-08 00:30:00+00:00,1,1,1,1,True,True,False,24.149091411054677,-47.59391099038682,2.9838387926785703,4.055809016188814,0.0,0.0005295481959001646,0.0,on,connected,True,synthetic_device_spec_v11
synthetic_customer_009,cabinet_009,2026-09-08 00:40:00+00:00,0,0,0,0,True,True,False,23.72527886508547,-47.98836681482215,3.014354860898472,3.99166914475232,0.5893902415190282,0.008467347445604042,0.0,on,connected,True,synthetic_device_spec_v11
synthetic_customer_009,cabinet_009,2026-09-08 00:50:00+00:00,0,0,0,0,True,True,False,23.923521696857485,-47.362404897772606,2.9770185158247595,4.0179470330845755,0.0,0.0,0.02012943319014177,on,connected,True,synthetic_device_spec_v11
synthetic_customer_009,cabinet_009,2026-09-08 01:00:00+00:00,0,0,0,0,True,True,False,23.9293761483061,-48.60157618886409,2.971607766741931,4.013386840305519,0.5194733659074866,0.0,0.0,on,connected,True,synthetic_device_spec_v11
synthetic_customer_009,cabinet_009,2026-09-08 01:10:00+00:00,0,0,0,0,True,True,False,23.869467694295064,-49.56971701167446,3.0608181604285476,4.009177177469922,0.5750346310787611,0.0,0.024290253785751,on,connected,True,synthetic_device_spec_v11
synthetic_customer_009,cabinet_009,2026-09-08 01:20:00+00:00,0,0,0,0,True,True,False,23.905591770463364,-48.015976453014176,3.002143507857537,4.105026722306561,0.0,0.0,0.029523580754710753,on,connected,True,synthetic_device_spec_v11
synthetic_customer_009,cabinet_009,2026-09-08 01:30:00+00:00,0,0,0,0,True,True,False,23.942182055761258,-47.81494094843332,2.9454813061582645,3.9050403091136574,0.7228450090717475,0.025590379412864912,0.0,on,connected,True,synthetic_device_spec_v11
synthetic_customer_009,cabinet_009,2026-09-08 01:40:00+00:00,0,0,0,0,True,True,False,24.15533373155218,-48.209308446699715,2.975366204088598,3.9748869595303185,0.31155433392985843,0.013157084818634519,0.0,on,connected,True,synthetic_device_spec_v11
synthetic_customer_009,cabinet_009,2026-09-08 01:50:00+00:00,0,0,0,0,True,True,False,23.99920038315346,-47.28803650310319,2.9716278504626503,3.931279370673252,0.0,0.0038475957302890004,0.0,on,connected,True,synthetic_device_spec_v11
synthetic_customer_009,cabinet_009,2026-09-08 02:00:00+00:00,0,0,0,0,True,True,False,24.257105370190576,-47.257416108930656,2.9918594480104796,3.9933777824082397,0.0,0.0010642521821393352,0.017402975752453958,on,connected,True,synthetic_device_spec_v11
synthetic_customer_009,cabinet_009,2026-09-08 02:10:00+00:00,0,0,0,0,True,True,False,24.02546558814673,-49.25696236949293,3.084265849873674,3.9683456690916783,0.0,0.05356577381849201,0.005297224073241562,on,connected,True,synthetic_device_spec_v11
synthetic_customer_009,cabinet_009,2026-09-08 02:20:00+00:00,0,0,0,0,True,True,False,23.952180460683955,-48.89226499562667,2.9690428965671423,3.947893159523062,0.0,0.0,0.0,on,connected,True,synthetic_device_spec_v11
synthetic_customer_009,cabinet_009,2026-09-08 02:30:00+00:00,0,0,0,0,True,True,False,23.965196461195312,-49.524020663854856,2.9500617933296946,3.964104050026889,0.0,0.0014520418139749422,0.0,on,connected,True,synthetic_device_spec_v11
synthetic_customer_009,cabinet_009,2026-09-08 02:40:00+00:00,0,0,0,0,True,True,False,24.22498427557794,-47.14824752672006,2.9609809680434123,3.9216210508793914,0.44753283279979605,0.0,0.0014745366643361955,on,connected,True,synthetic_device_spec_v11
synthetic_customer_009,cabinet_009,2026-09-08 02:50:00+00:00,0,0,0,0,True,True,False,23.977653982485204,-48.603164962362456,3.0762580290714476,4.009388273254252,0.0,0.07127404715465434,0.018855390487682346,on,connected,True,synthetic_device_spec_v11
synthetic_customer_009,cabinet_009,2026-09-08 03:00:00+00:00,0,0,0,0,True,True,False,24.127393221048585,-46.29838930383287,3.074097488909792,3.9503671079189444,0.16311630290735954,0.0,0.025820338868754743,on,connected,True,synthetic_device_spec_v11
synthetic_customer_009,cabinet_009,2026-09-08 03:10:00+00:00,0,0,0,0,True,True,False,24.064321056507772,-47.89457580886522,3.0833337500808757,3.892313786531323,0.0,0.01722976005653244,0.004282037783430099,on,connected,True,synthetic_device_spec_v11
synthetic_customer_009,cabinet_009,2026-09-08 03:20:00+00:00,0,0,0,0,True,True,False,24.02678977285409,-48.683809911634356,3.0029389708413707,4.026348985640142,0.0,0.0,0.0,on,connected,True,synthetic_device_spec_v11
synthetic_customer_009,cabinet_009,2026-09-08 03:30:00+00:00,0,0,0,0,True,True,False,24.051297657591014,-46.90899991249409,2.9527682760937846,4.032094356685733,0.0,0.0,0.009893765357723336,on,connected,True,synthetic_device_spec_v11
synthetic_customer_009,cabinet_009,2026-09-08 03:40:00+00:00,0,0,0,0,True,True,False,24.110272902565207,-49.71250776549784,2.9661482062535147,3.921991709842417,0.0,0.030100492121668283,0.0013375796442863402,on,connected,True,synthetic_device_spec_v11
synthetic_customer_009,cabinet_009,2026-09-08 03:50:00+00:00,0,0,0,0,True,True,False,23.70640302797408,-47.73895745964671,3.0346982402212133,4.081645811149306,0.0,0.048874406935704356,0.010307705045770185,on,connected,True,synthetic_device_spec_v11
synthetic_customer_009,cabinet_009,2026-09-08 04:00:00+00:00,0,0,0,0,True,True,False,23.925470740406134,-48.409665620596876,3.012635423340691,4.020546073848445,0.2826809082803357,0.03114510523962933,0.020948475927950894,on,connected,True,synthetic_device_spec_v11
synthetic_customer_009,cabinet_009,2026-09-08 04:10:00+00:00,0,0,0,0,True,True,False,23.87732710632865,-46.41513540623394,2.945753926308472,3.9592710963205184,0.0,0.010338717224822193,0.0,on,connected,True,synthetic_device_spec_v11
synthetic_customer_009,cabinet_009,2026-09-08 04:20:00+00:00,0,0,0,0,True,True,False,24.04037833651445,-50.045730910911026,2.9484523896581534,3.9650212836480256,0.0,0.0,0.0,on,connected,True,synthetic_device_spec_v11
synthetic_customer_009,cabinet_009,2026-09-08 04:30:00+00:00,0,0,0,0,True,True,False,23.832934118273023,-47.83132989384067,2.98215818627971,3.949775231048379,0.0,0.026957598047450366,0.022581049522878906,on,connected,True,synthetic_device_spec_v11
synthetic_customer_009,cabinet_009,2026-09-08 04:40:00+00:00,0,0,0,0,True,True,False,24.13816428392124,-49.57743166925614,3.009298161714483,4.014775221683805,0.46292265018771245,0.0,0.0254502732158928,on,connected,True,synthetic_device_spec_v11
synthetic_customer_009,cabinet_009,2026-09-08 04:50:00+00:00,0,0,0,0,True,True,False,23.975168579358076,-48.506650155907245,3.0419022964834443,3.9914245204196104,0.0,0.02622379373929093,0.000300367819562833,on,connected,True,synthetic_device_spec_v11
synthetic_customer_009,cabinet_009,2026-09-08 05:00:00+00:00,0,0,0,0,True,True,False,23.7744539047193,-47.223875668835966,2.929057523705967,3.943001199343989,0.17096262648933822,0.0,0.0,on,connected,True,synthetic_device_spec_v11
synthetic_customer_009,cabinet_009,2026-09-08 05:10:00+00:00,0,0,0,0,True,True,False,24.184954686736496,-48.91635036147823,3.0283083151429224,3.9723049950996865,0.0,0.013814953482377124,0.0,on,connected,True,synthetic_device_spec_v11
synthetic_customer_009,cabinet_009,2026-09-08 05:20:00+00:00,0,0,0,0,True,True,False,23.859651426503014,-48.33637800553701,3.0088140680208704,3.976979175744684,0.0,0.0,0.005487954840908154,on,connected,True,synthetic_device_spec_v11
synthetic_customer_009,cabinet_009,2026-09-08 05:30:00+00:00,0,0,0,0,True,True,False,24.1408046402573,-50.3362570469445,3.023771851142605,4.016508145184713,0.5113758589332447,0.0015947981418504937,0.010900633603743529,on,connected,True,synthetic_device_spec_v11
synthetic_customer_009,cabinet_009,2026-09-08 05:40:00+00:00,0,0,0,0,True,True,False,23.727106367510565,-49.771710396085155,2.98817760750347,3.982392698568454,0.8517363099924482,0.016365496243525787,0.0,on,connected,True,synthetic_device_spec_v11
synthetic_customer_009,cabinet_009,2026-09-08 05:50:00+00:00,0,0,0,0,True,True,False,24.030078713080403,-48.08256566647416,2.990368474852546,3.9713683194022327,0.0,0.0,0.0,on,connected,True,synthetic_device_spec_v11
synthetic_customer_009,cabinet_009,2026-09-08 06:00:00+00:00,0,0,0,0,True,True,False,23.808397799591877,-47.66445277584426,2.987872724624058,4.036760466565526,0.0,0.030202416439101848,0.005941328694922033,on,connected,True,synthetic_device_spec_v11
synthetic_customer_009,cabinet_009,2026-09-08 06:10:00+00:00,1,1,1,1,True,True,False,23.950884368791687,-48.30227756268757,2.9751996548107744,4.06777888787448,0.0,0.012190564973796711,0.0,on,connected,True,synthetic_device_spec_v11
synthetic_customer_009,cabinet_009,2026-09-08 06:20:00+00:00,1,1,1,1,True,True,False,23.855253523096497,-48.89274865331366,2.9989571373705006,4.001142720286168,0.14583764237752567,0.0,0.027961817014807943,on,connected,True,synthetic_device_spec_v11
synthetic_customer_009,cabinet_009,2026-09-08 06:30:00+00:00,1,1,1,1,True,True,False,24.049463576853004,-47.82239493095765,2.961193276437864,4.022895966634261,0.0,0.0,0.0,on,connected,True,synthetic_device_spec_v11
synthetic_customer_009,cabinet_009,2026-09-08 06:40:00+00:00,0,0,0,0,True,True,False,23.997047960568047,-46.03911806149227,3.0430261318050618,3.991852334455103,0.9819119366293096,0.0,0.0039161956395218685,on,connected,True,synthetic_device_spec_v11
synthetic_customer_009,cabinet_009,2026-09-08 06:50:00+00:00,0,0,0,0,True,True,False,23.97701860537213,-45.60884601747898,2.9629798646902685,3.988559904432017,0.16959032333852067,0.0,0.008612262100063914,on,connected,True,synthetic_device_spec_v11
synthetic_customer_009,cabinet_009,2026-09-08 07:00:00+00:00,0,0,0,0,True,True,False,23.85678864343968,-47.43362088199284,3.027796982082955,4.0100026826009865,0.02289285728057949,0.034345037269562416,0.0,on,connected,True,synthetic_device_spec_v11
synthetic_customer_009,cabinet_009,2026-09-08 07:10:00+00:00,0,0,0,0,True,True,False,23.99980122402045,-48.62557531707674,2.9821511907658795,3.9993562831405227,0.034701630855584205,0.0063169925667925985,0.009161557113167847,on,connected,True,synthetic_device_spec_v11
synthetic_customer_009,cabinet_009,2026-09-08 07:20:00+00:00,0,0,0,0,True,True,False,23.958720428619745,-47.7890345264552,2.944926648571155,3.9485962245530093,0.0,0.03950360109384639,0.0,on,connected,True,synthetic_device_spec_v11
synthetic_customer_009,cabinet_009,2026-09-08 07:30:00+00:00,0,0,0,0,True,True,False,23.826528241447345,-49.566722259093595,3.0428563700533053,4.050048146371884,0.022077265886549558,0.0015103002140749349,0.0073887600858093825,on,connected,True,synthetic_device_spec_v11
synthetic_customer_009,cabinet_009,2026-09-08 07:40:00+00:00,0,0,0,0,True,True,False,24.059012340720937,-48.692839026981346,2.989065603670158,4.018173388577661,0.0,0.03390363000186372,0.0,on,connected,True,synthetic_device_spec_v11
synthetic_customer_009,cabinet_009,2026-09-08 07:50:00+00:00,0,0,0,0,True,True,False,23.879299372750474,-46.927642236544685,2.954005754214953,3.988357265018044,0.0,0.0,0.013981962859079983,on,connected,True,synthetic_device_spec_v11
synthetic_customer_009,cabinet_009,2026-09-08 08:00:00+00:00,0,0,0,0,True,True,False,24.093123903729325,-47.87393546061238,3.0393963016673102,3.9854424489386298,0.0,0.011891766868332897,0.0,on,connected,True,synthetic_device_spec_v11
synthetic_customer_009,cabinet_009,2026-09-08 08:10:00+00:00,0,0,0,0,True,True,False,23.846750096391123,-45.27392208919757,2.9631863441600244,3.9936565980796668,0.622106335257485,0.0,0.015696697440109597,on,connected,True,synthetic_device_spec_v11
synthetic_customer_009,cabinet_009,2026-09-08 08:20:00+00:00,0,0,0,0,True,True,False,24.125677221901878,-47.041578793488206,3.008765088702308,3.9721476615925106,0.0,0.004769692601636372,0.0,on,connected,True,synthetic_device_spec_v11
synthetic_customer_009,cabinet_009,2026-09-08 08:30:00+00:00,0,0,0,0,True,True,False,23.85989445418751,-48.13080918813072,2.955537266960284,3.9595931958752,0.2589056196979312,0.0,0.024656890206841052,on,connected,True,synthetic_device_spec_v11
synthetic_customer_009,cabinet_009,2026-09-08 08:40:00+00:00,0,0,0,0,True,True,False,24.023975192033276,-47.41709165858847,3.0089421431523355,4.008507839570471,0.30343585424787317,0.0,0.008284420227397985,on,connected,True,synthetic_device_spec_v11
synthetic_customer_009,cabinet_009,2026-09-08 08:50:00+00:00,0,0,0,0,True,True,False,23.867232808552334,-48.337134531193776,3.00262845875774,4.048086412634444,0.6820513278815271,0.0018030388318883653,0.0,on,connected,True,synthetic_device_spec_v11
synthetic_customer_009,cabinet_009,2026-09-08 09:00:00+00:00,0,0,0,0,True,True,False,23.808309965494026,-48.70071569097026,3.020086557353771,4.042868355900595,0.0,0.03786551711295922,0.0,on,connected,True,synthetic_device_spec_v11
synthetic_customer_009,cabinet_009,2026-09-08 09:10:00+00:00,0,0,0,0,True,True,False,24.229036583367318,-49.169264225155835,3.011178100846203,4.156214446170118,0.0,0.0,0.022669424540533136,on,connected,True,synthetic_device_spec_v11
synthetic_customer_009,cabinet_009,2026-09-08 09:20:00+00:00,0,0,0,0,True,True,False,24.020833156369193,-48.35024515758372,2.979097832758005,3.9810521196204034,0.0,0.00770534431619551,0.0,on,connected,True,synthetic_device_spec_v11
synthetic_customer_009,cabinet_009,2026-09-08 09:30:00+00:00,0,0,0,0,True,True,False,24.11533548236417,-48.88173035364813,3.0113270227092372,4.009399731745304,0.40205347932831764,0.003939652720798875,0.011686183398430213,on,connected,True,synthetic_device_spec_v11
synthetic_customer_009,cabinet_009,2026-09-08 09:40:00+00:00,0,0,0,0,True,True,False,23.902292272351755,-48.8078634197142,3.044684949536218,3.9579171693142468,0.5717557806960059,0.006979202403652712,0.0,on,connected,True,synthetic_device_spec_v11
synthetic_customer_009,cabinet_009,2026-09-08 09:50:00+00:00,0,0,0,0,True,True,False,24.12720072783092,-48.54163990326193,2.9938122936210494,3.9315012559980604,0.0,0.07162549609320737,0.003256185218378932,on,connected,True,synthetic_device_spec_v11
synthetic_customer_009,cabinet_009,2026-09-08 10:00:00+00:00,0,0,0,0,True,True,False,24.122662684104114,-48.42847936687669,2.9005443770090524,4.0221984425700725,0.0,0.01600152839684177,0.0,on,connected,True,synthetic_device_spec_v11
synthetic_customer_009,cabinet_009,2026-09-08 10:10:00+00:00,0,0,0,0,True,True,False,23.875782518490116,-47.08205376013351,3.0488729594825292,4.00790775983622,0.9580834076518977,0.0,0.0,on,connected,True,synthetic_device_spec_v11
synthetic_customer_009,cabinet_009,2026-09-08 10:20:00+00:00,0,0,0,0,True,True,False,23.95788343333216,-48.620281660108986,3.0253944161910935,3.990918210495834,0.6529132765079431,0.03137017919857745,0.0,on,connected,True,synthetic_device_spec_v11
synthetic_customer_009,cabinet_009,2026-09-08 10:30:00+00:00,0,0,0,0,True,True,False,23.703282639645828,-45.66467038149977,2.970473426041521,3.9765649174961135,0.5915001327462243,0.008287399797560555,0.0,on,connected,True,synthetic_device_spec_v11
synthetic_customer_009,cabinet_009,2026-09-08 10:40:00+00:00,0,0,0,0,True,True,False,24.184465287011975,-48.84504605719715,3.045117731874818,4.044524825493073,1.0839190251232442,0.0,0.0,on,connected,True,synthetic_device_spec_v11
synthetic_customer_009,cabinet_009,2026-09-08 10:50:00+00:00,0,0,0,0,True,True,False,24.053728457328504,-48.81362704439422,2.992870948443609,3.968989721292567,0.3130681051598848,0.032497609450769294,0.0026445099653953493,on,connected,True,synthetic_device_spec_v11
synthetic_customer_009,cabinet_009,2026-09-08 11:00:00+00:00,0,0,0,0,True,True,False,23.744771437835883,-48.85080222417744,3.002519792078179,4.033105291158094,0.3349767447209475,0.0,0.04113249336761634,on,connected,True,synthetic_device_spec_v11
synthetic_customer_009,cabinet_009,2026-09-08 11:10:00+00:00,0,0,0,0,True,True,False,24.18937296638901,-48.473573024148,2.9735944910622467,4.060195277809132,0.0,0.0010266815522143639,0.005833172524095524,on,connected,True,synthetic_device_spec_v11
synthetic_customer_009,cabinet_009,2026-09-08 11:20:00+00:00,0,0,0,0,True,True,False,23.902920085199618,-48.38710020703972,3.0573088243337514,4.059009742005739,0.3433676425736915,0.03831437040258783,0.0,on,connected,True,synthetic_device_spec_v11
synthetic_customer_009,cabinet_009,2026-09-08 11:30:00+00:00,0,0,0,0,True,True,False,24.044878292907974,-49.06654687643017,2.9546636069959384,3.9593807466875175,1.1439946898463447,0.001473105769090123,0.0,on,connected,True,synthetic_device_spec_v11
synthetic_customer_009,cabinet_009,2026-09-08 11:40:00+00:00,0,0,0,0,True,True,False,23.755759952093502,-48.524060593751464,2.981953493354143,4.0053980281684405,2.7419083754395848,0.0,0.013872847899363426,on,connected,True,synthetic_device_spec_v11
synthetic_customer_009,cabinet_009,2026-09-08 11:50:00+00:00,0,0,0,0,True,True,False,24.06062875704286,-49.35445872872162,3.0254617794541416,3.9919845388643305,5.902138428995098,0.07949744192232673,0.0,on,connected,True,synthetic_device_spec_v11
synthetic_customer_009,cabinet_009,2026-09-08 12:00:00+00:00,0,0,0,0,True,True,False,23.903422266082792,-49.03453132821727,2.9687597434962103,3.966279810837693,7.434852972114135,0.0,0.0,on,connected,True,synthetic_device_spec_v11
synthetic_customer_009,cabinet_009,2026-09-08 12:10:00+00:00,1,1,1,1,True,True,False,24.204776165044798,-47.1569671262581,2.993559627490623,3.9183663217819014,8.467742522469772,0.007769848641051224,0.0,on,connected,True,synthetic_device_spec_v11
synthetic_customer_009,cabinet_009,2026-09-08 12:20:00+00:00,1,1,1,1,True,True,False,23.898516386801706,-48.52292337684176,2.983040700054163,3.894462501595192,11.328911849600408,0.0014486689984105783,0.016067353949600037,on,connected,True,synthetic_device_spec_v11
synthetic_customer_009,cabinet_009,2026-09-08 12:30:00+00:00,1,1,1,1,True,True,False,23.683726372098263,-48.79814985461361,2.976999345179864,4.0292827685314405,12.65780753306705,0.017206732633668096,0.007796416456284203,on,connected,True,synthetic_device_spec_v11
synthetic_customer_009,cabinet_009,2026-09-08 12:40:00+00:00,0,0,0,0,True,True,False,23.85002768340535,-50.12427239858249,3.0100396679952817,4.02991551802389,15.994046433790876,0.0073439104106197625,0.0,on,connected,True,synthetic_device_spec_v11
synthetic_customer_009,cabinet_009,2026-09-08 12:50:00+00:00,0,0,0,0,True,True,False,24.048938035419607,-48.864801868632576,2.974629020626879,3.9776069071653866,17.245943435904145,0.02332430144193305,0.018501899540811134,on,connected,True,synthetic_device_spec_v11
synthetic_customer_009,cabinet_009,2026-09-08 13:00:00+00:00,0,0,0,0,True,True,False,23.888872333298686,-48.085763297955324,3.0140384966389027,4.060933570828749,19.273841279482777,0.0,0.01130162590414665,on,connected,True,synthetic_device_spec_v11
synthetic_customer_009,cabinet_009,2026-09-08 13:10:00+00:00,0,0,0,0,True,True,False,24.1329855306605,-48.526439520074206,2.9773952451264045,3.9294696841250136,20.670204749594756,0.0,0.0,on,connected,True,synthetic_device_spec_v11
synthetic_customer_009,cabinet_009,2026-09-08 13:20:00+00:00,0,0,0,0,True,True,False,23.819994837155193,-47.519145562494195,3.025517172882048,3.992380111221532,23.24785349440704,0.037241723263006614,0.0,on,connected,True,synthetic_device_spec_v11
synthetic_customer_009,cabinet_009,2026-09-08 13:30:00+00:00,0,0,0,0,True,True,False,24.090914319967087,-49.2876110945574,3.0007531049862552,3.873746259187476,24.48561780461208,0.0,0.00229775361924802,on,connected,True,synthetic_device_spec_v11
synthetic_customer_009,cabinet_009,2026-09-08 13:40:00+00:00,0,0,0,0,True,True,False,23.87843397483265,-46.4958269442732,2.951352624336682,3.8842398956163744,24.525498633658614,0.010735145317512042,0.0075661178494465285,on,connected,True,synthetic_device_spec_v11
synthetic_customer_009,cabinet_009,2026-09-08 13:50:00+00:00,0,0,0,0,True,True,False,23.985056830324478,-48.123294359938654,3.0514076422801417,3.964617324784663,25.210136988140974,0.0009099296804545783,0.0008627353795137165,on,connected,True,synthetic_device_spec_v11
synthetic_customer_009,cabinet_009,2026-09-08 14:00:00+00:00,0,0,0,0,True,True,False,24.064234126955462,-48.46548466301387,2.8801521221063306,4.01247959651473,24.807729625990753,0.018403619074652815,0.006206137641619911,on,connected,True,synthetic_device_spec_v11
synthetic_customer_009,cabinet_009,2026-09-08 14:10:00+00:00,0,0,0,0,True,True,False,24.206576030940504,-48.299255795372524,3.028134310171033,4.039274694044176,0.0,0.021689635308980004,0.0,on,connected,True,synthetic_device_spec_v11
synthetic_customer_009,cabinet_009,2026-09-08 14:20:00+00:00,0,0,0,0,True,True,False,23.763962567046836,-46.70399517055207,2.980800709820206,4.046491473069589,0.78931313380941,0.0,0.006595181275348718,on,connected,True,synthetic_device_spec_v11
synthetic_customer_009,cabinet_009,2026-09-08 14:30:00+00:00,0,0,0,0,True,True,False,23.89168861981871,-47.872785675611595,3.020480120070727,3.937584861168114,0.26231048133178464,0.014641704503864714,0.005176331664171424,on,connected,True,synthetic_device_spec_v11
synthetic_customer_009,cabinet_009,2026-09-08 14:40:00+00:00,0,0,0,0,True,True,False,23.801891028113747,-47.381156079013046,2.9263933672123446,3.916807010455424,0.0,0.0,0.0,on,connected,True,synthetic_device_spec_v11
synthetic_customer_009,cabinet_009,2026-09-08 14:50:00+00:00,0,0,0,0,True,True,False,23.854030133901993,-47.6675940941723,3.0414547557984304,4.00803839693767,0.0,0.0,0.0,on,connected,True,synthetic_device_spec_v11
synthetic_customer_009,cabinet_009,2026-09-08 15:00:00+00:00,0,0,0,0,True,True,False,23.882750048346132,-47.09984770144553,3.003072572299204,4.015493237121875,0.0,0.029905772967001355,0.0,on,connected,True,synthetic_device_spec_v11
synthetic_customer_009,cabinet_009,2026-09-08 15:10:00+00:00,0,0,0,0,True,True,False,24.06357897162137,-46.208677136964674,3.0329976867443778,4.130286242285592,0.139351580356706,0.012371043423505174,0.0,on,connected,True,synthetic_device_spec_v11
synthetic_customer_009,cabinet_009,2026-09-08 15:20:00+00:00,0,0,0,0,True,True,False,24.128848644984902,-47.88877559220671,2.9604941729101477,3.9063931857646788,0.0,0.0,0.0,on,connected,True,synthetic_device_spec_v11
synthetic_customer_009,cabinet_009,2026-09-08 15:30:00+00:00,0,0,0,0,True,True,False,23.921985353780233,-48.638179819378244,3.012820675589297,4.055936650919907,0.0,0.03207954423243612,0.0,on,connected,True,synthetic_device_spec_v11
synthetic_customer_009,cabinet_009,2026-09-08 15:40:00+00:00,0,0,0,0,True,True,False,24.312904875082165,-45.93656235817487,3.0525214008713806,4.0240271414457185,0.0,0.0,0.0,on,connected,True,synthetic_device_spec_v11
synthetic_customer_009,cabinet_009,2026-09-08 15:50:00+00:00,0,0,0,0,True,True,False,23.748862543093747,-48.55004883363681,2.989436741870016,3.8850998260609653,0.6842616588388675,0.02391309287957902,0.011176187914975372,on,connected,True,synthetic_device_spec_v11
synthetic_customer_009,cabinet_009,2026-09-08 16:00:00+00:00,0,0,0,0,True,True,False,24.000631265781216,-51.88129205936024,2.968531711083197,3.942303128497898,0.05850658011749006,0.0552246253991701,0.0,on,connected,True,synthetic_device_spec_v11
synthetic_customer_009,cabinet_009,2026-09-08 16:10:00+00:00,0,0,0,0,True,True,False,24.131570995490485,-51.92472542023487,2.979926975199039,3.9582084277991623,0.012283451437661564,0.09711371170722642,0.0,on,connected,True,synthetic_device_spec_v11
synthetic_customer_009,cabinet_009,2026-09-08 16:20:00+00:00,0,0,0,0,True,True,False,23.942341315877492,-53.9776475912872,3.0423928230792194,4.080753077045393,0.6334494170443455,0.09713779517074325,0.0,on,connected,True,synthetic_device_spec_v11
synthetic_customer_009,cabinet_009,2026-09-08 16:30:00+00:00,0,0,0,0,True,True,False,23.991314332096362,-56.84366411141298,2.962491107975381,4.023935296015215,0.44122827776568263,0.14867649075654,0.010310363020865401,on,connected,True,synthetic_device_spec_v11
synthetic_customer_009,cabinet_009,2026-09-08 16:40:00+00:00,0,0,0,0,True,True,False,23.66800173564937,-59.733324059438694,3.0311358432886646,3.948680496932802,0.44953946459288535,0.1525563085194932,0.0,on,connected,True,synthetic_device_spec_v11
synthetic_customer_009,cabinet_009,2026-09-08 16:50:00+00:00,0,0,0,0,True,True,False,23.9767825670192,-60.957838626917024,2.885135169540679,3.932570699384357,0.1338613057962218,0.2120241308592347,0.017947768355285672,on,connected,True,synthetic_device_spec_v11
synthetic_customer_009,cabinet_009,2026-09-08 17:00:00+00:00,0,0,0,0,True,True,False,24.019152292800687,-62.857182128352115,2.742963215661101,4.018877712572542,0.0,0.25727337930389343,2.5969268032934635e-05,on,connected,True,synthetic_device_spec_v11
synthetic_customer_009,cabinet_009,2026-09-08 17:10:00+00:00,0,0,0,0,True,True,False,24.001711768159918,-63.76562635514896,2.519208285101042,4.032218000242309,0.0,0.3214420916039825,0.0,on,connected,True,synthetic_device_spec_v11
synthetic_customer_009,cabinet_009,2026-09-08 17:20:00+00:00,0,0,0,0,True,True,False,24.204312814473838,-67.68229129322553,2.2994656853082094,3.952801126893123,0.0,0.3443698574507293,0.0,on,connected,True,synthetic_device_spec_v11
synthetic_customer_009,cabinet_009,2026-09-08 17:30:00+00:00,0,0,0,0,True,True,False,23.99944765812527,-69.93818594401958,2.1872596764078556,3.9612442387849196,0.0,0.35664884254803586,0.0,on,connected,True,synthetic_device_spec_v11
synthetic_customer_009,cabinet_009,2026-09-08 17:40:00+00:00,0,0,0,0,True,True,False,23.79138278688653,-69.9253350821636,1.9306863746232992,4.017123135081305,0.04511361715834354,0.3750776355755209,0.0,on,connected,True,synthetic_device_spec_v11
synthetic_customer_009,cabinet_009,2026-09-08 17:50:00+00:00,0,0,0,0,True,True,False,24.035429123319272,-74.14460264010405,1.7933643035102138,4.061908216265153,0.0,0.4233286500431598,0.002598358987753852,on,connected,True,synthetic_device_spec_v11
synthetic_customer_009,cabinet_009,2026-09-08 18:00:00+00:00,0,0,0,0,True,True,False,24.190324313157877,-75.05255152774082,1.6016540713581713,3.992453988349062,0.0,0.47408017307897277,0.0,on,connected,True,synthetic_device_spec_v11
synthetic_customer_009,cabinet_009,2026-09-08 18:10:00+00:00,1,1,1,1,True,True,False,24.209341588390213,-75.46288891408311,1.385011909207433,4.045364210123078,0.8176793006253524,0.49792711406274826,0.0,on,connected,True,synthetic_device_spec_v11
synthetic_customer_009,cabinet_009,2026-09-08 18:20:00+00:00,1,1,1,1,True,True,False,24.12101055178403,-77.101357328333,1.1959992961647672,3.925980058206719,0.0,0.497048270342236,0.0,on,connected,True,synthetic_device_spec_v11
synthetic_customer_009,cabinet_009,2026-09-08 18:30:00+00:00,1,1,1,1,True,True,False,23.997998659332808,-80.33342942566426,1.0081913814655037,3.9289543121366775,0.012673178442987562,0.5634954471614617,0.034263859664573765,on,connected,True,synthetic_device_spec_v11
synthetic_customer_009,cabinet_009,2026-09-08 18:40:00+00:00,0,0,0,0,True,True,False,23.933769626190816,-81.38939047714773,0.9426541733199723,3.936206727626481,0.21394950382334096,0.5976952772866314,0.0,on,connected,True,synthetic_device_spec_v11
synthetic_customer_009,cabinet_009,2026-09-08 18:50:00+00:00,0,0,0,0,True,True,False,23.835369346404182,-84.67834467544361,1.0034036573088345,3.989719200091053,0.0,0.6875646396502081,0.0,on,connected,True,synthetic_device_spec_v11
synthetic_customer_009,cabinet_009,2026-09-08 19:30:00+00:00,0,0,0,0,True,True,False,24.05111973244315,-48.21146598655728,0.9745884010308217,4.006519379767647,0.0,0.0,0.0020565427916548356,on,connected,True,synthetic_device_spec_v11
synthetic_customer_009,cabinet_009,2026-09-08 19:40:00+00:00,0,0,0,0,True,True,False,23.98017851684259,-50.02190945418233,0.9859993969775969,3.9243669379254182,0.0,0.0,0.014723295316899475,on,connected,True,synthetic_device_spec_v11
synthetic_customer_009,cabinet_009,2026-09-08 19:50:00+00:00,0,0,0,0,True,True,False,24.000892685969898,-47.60777436064684,2.986031350351297,4.043511980825224,0.0,0.011094160811958464,0.0,on,connected,True,synthetic_device_spec_v11
synthetic_customer_009,cabinet_009,2026-09-08 20:00:00+00:00,0,0,0,0,True,True,False,24.216206055207195,-49.15674535219319,2.9730366496839595,3.965853643823728,0.0,0.0,0.019175818966188703,on,connected,True,synthetic_device_spec_v11
synthetic_customer_009,cabinet_009,2026-09-08 20:10:00+00:00,0,0,0,0,True,True,False,23.916732528218724,-46.91260410234584,2.95909253677043,3.956955057775957,0.0,0.0052369462739182545,0.0,on,connected,True,synthetic_device_spec_v11
synthetic_customer_009,cabinet_009,2026-09-08 20:20:00+00:00,0,0,0,0,True,True,False,23.950989342636568,-49.93369649261314,3.017041831199984,3.992026498538938,0.0,0.04986216219024943,0.0,on,connected,True,synthetic_device_spec_v11
synthetic_customer_009,cabinet_009,2026-09-08 20:30:00+00:00,0,0,0,0,True,True,False,24.30045372688961,-46.057474805773296,2.9851704304821496,3.9607559671209343,0.0,0.034825496086073236,0.0050927210735709615,on,connected,True,synthetic_device_spec_v11
synthetic_customer_009,cabinet_009,2026-09-08 20:40:00+00:00,0,0,0,0,True,True,False,23.954869230047045,-48.69896674365608,2.9281444964741503,4.047165081240291,0.0,0.0022876990628962982,0.0,on,connected,True,synthetic_device_spec_v11
synthetic_customer_009,cabinet_009,2026-09-08 20:50:00+00:00,0,0,0,0,True,True,False,24.11026096951027,-48.07667026045296,3.0214046969599497,3.9980955221473913,0.8058028340071648,0.03705505025386564,0.0,on,connected,True,synthetic_device_spec_v11
synthetic_customer_009,cabinet_009,2026-09-08 21:00:00+00:00,0,0,0,0,True,True,False,23.931824593375723,-47.27237712798651,2.960334627119776,4.002870453977458,0.0,0.035373257394998726,0.0009523381287461014,on,connected,True,synthetic_device_spec_v11
synthetic_customer_009,cabinet_009,2026-09-08 21:10:00+00:00,0,0,0,0,True,True,False,24.016979763069298,-47.72184576695616,3.0514735486614053,3.96368154146938,0.0,0.001983593363894915,0.020776539094777707,on,connected,True,synthetic_device_spec_v11
synthetic_customer_009,cabinet_009,2026-09-08 21:20:00+00:00,0,0,0,0,True,True,False,24.05215757271768,-49.20987177143385,3.0181172313508826,3.9356103939211606,0.0,0.03917847100092742,0.029876232921929757,on,connected,True,synthetic_device_spec_v11
synthetic_customer_009,cabinet_009,2026-09-08 21:30:00+00:00,0,0,0,0,True,True,False,23.732749617727325,-48.100932718499585,2.978568160826686,4.0482369365850905,0.0,0.0,0.010810419979207371,on,connected,True,synthetic_device_spec_v11
synthetic_customer_009,cabinet_009,2026-09-08 21:40:00+00:00,0,0,0,0,True,True,False,23.77737089436444,-45.54511183222615,2.9830635457167207,4.010363932428896,0.0,0.0,0.0,on,connected,True,synthetic_device_spec_v11
synthetic_customer_009,cabinet_009,2026-09-08 21:50:00+00:00,0,0,0,0,True,True,False,24.013930888956427,-46.79218313926873,2.9462968530863884,3.9350696230071636,0.4727438724869866,0.07719710297197682,0.0,on,connected,True,synthetic_device_spec_v11
synthetic_customer_009,cabinet_009,2026-09-08 22:00:00+00:00,0,0,0,0,True,True,False,23.93959949713018,-46.49003238513507,3.027286823298784,3.9274865418564233,0.5367801616568674,0.0,0.0,on,connected,True,synthetic_device_spec_v11
synthetic_customer_009,cabinet_009,2026-09-08 22:10:00+00:00,0,0,0,0,True,True,False,24.0885460267685,-46.97235786202097,2.9696401750791117,4.005985472812693,0.8540930597876305,0.021229349564314465,0.005575291948947939,on,connected,True,synthetic_device_spec_v11
synthetic_customer_009,cabinet_009,2026-09-08 22:20:00+00:00,0,0,0,0,True,True,False,23.9917819242981,-46.57661503575997,2.9565615446687534,4.043583642433403,0.0,0.015665497358251724,0.0,on,connected,True,synthetic_device_spec_v11
synthetic_customer_009,cabinet_009,2026-09-08 22:30:00+00:00,0,0,0,0,True,True,False,24.067118471573053,-49.189128381726306,2.982550870599548,3.93545804388034,0.0,0.04217213102723352,0.0,on,connected,True,synthetic_device_spec_v11
synthetic_customer_009,cabinet_009,2026-09-08 22:40:00+00:00,0,0,0,0,True,True,False,24.11608046702909,-47.51356434100153,2.9317471550550676,4.019922257417943,0.0,0.0016152082211216296,0.0,on,connected,True,synthetic_device_spec_v11
synthetic_customer_009,cabinet_009,2026-09-08 22:50:00+00:00,0,0,0,0,True,True,False,24.159886360133758,-48.457276122270386,3.007304820422353,4.17496841650747,0.0,0.02719111403250496,0.0,on,connected,True,synthetic_device_spec_v11
synthetic_customer_009,cabinet_009,2026-09-08 23:00:00+00:00,0,0,0,0,True,True,False,23.786427271961852,-49.32382547647878,3.0562025990468884,3.9857526952313695,0.06902994008453286,0.0,0.0185621841946616,on,connected,True,synthetic_device_spec_v11
synthetic_customer_009,cabinet_009,2026-09-08 23:10:00+00:00,0,0,0,0,True,True,False,24.235969014201643,-50.35242036445087,2.960183503030474,4.023256943259444,0.0,0.0,0.0003066133620794271,on,connected,True,synthetic_device_spec_v11
synthetic_customer_009,cabinet_009,2026-09-08 23:20:00+00:00,0,0,0,0,True,True,False,24.150570941028707,-48.02272457148861,3.0354386951979055,4.061056299933815,0.0,0.0,0.010041902155141178,on,connected,True,synthetic_device_spec_v11
synthetic_customer_009,cabinet_009,2026-09-08 23:30:00+00:00,0,0,0,0,True,True,False,23.96027772073923,-47.23615316568945,2.9770865505594073,4.059588445230595,0.5632995081658723,0.02137629200413306,0.0124279506459126,on,connected,True,synthetic_device_spec_v11
synthetic_customer_009,cabinet_009,2026-09-08 23:40:00+00:00,0,0,0,0,True,True,False,23.921864596186623,-47.146101271110446,2.9631890899842603,4.0253016477368595,0.0,0.0,0.014698322927936006,on,connected,True,synthetic_device_spec_v11
synthetic_customer_009,cabinet_009,2026-09-08 23:50:00+00:00,0,0,0,0,True,True,False,24.065958984725423,-46.64871148306685,2.9894805240512614,3.9141361137829946,0.377139379928204,0.0,0.0,on,connected,True,synthetic_device_spec_v11
synthetic_customer_009,cabinet_009,2026-09-09 00:00:00+00:00,0,0,0,0,True,True,False,23.92080214715394,-47.78970614597078,2.974061655539831,4.129583562153135,0.0,0.017228290492596412,0.0,on,connected,True,synthetic_device_spec_v11
