customer_id,device_id,observed_at,pump_running,valve_running,fertilizer_requested,fertilizer_running,dosage_configured,meter_configured,emergency_stop,supply_voltage,rssi,pressure,pump_current,sensor_bus_errors,packet_loss_rate,command_failure_rate,power_state,mqtt_state,online,source
synthetic_customer_005,cabinet_005,2026-09-02 00:10:00+00:00,1,1,1,1,True,True,False,23.97536678881346,-47.41089918874035,2.987683798193871,3.88994343377637,0.0,0.0,0.0,on,connected,True,synthetic_device_spec_v11
synthetic_customer_005,cabinet_005,2026-09-02 00:20:00+00:00,1,1,1,1,True,True,False,24.187486761917665,-47.37026600472132,2.957592607791565,4.06343613386626,0.0,0.0,0.011193729810716722,on,connected,True,synthetic_device_spec_v11
synthetic_customer_005,cabinet_005,2026-09-02 00:30:00+00:00,1,1,1,1,True,True,False,23.701976681409533,-48.8754466023913,3.0337989303144552,3.9679226273900245,0.22799783663383005,0.0,0.0,on,connected,True,synthetic_device_spec_v11
synthetic_customer_005,cabinet_005,2026-09-02 00:40:00+00:00,0,0,0,0,True,True,False,23.963945059217718,-48.72272045974736,3.064980766658657,3.9175711594305165,0.39132305513579696,0.008069060345959115,0.0,on,connected,True,synthetic_device_spec_v11
synthetic_customer_005,cabinet_005,2026-09-02 00:50:00+00:00,0,0,0,0,True,True,False,23.982576801746305,-46.90400575007838,2.977486187666242,4.107870600586843,0.0,0.0,0.00426490481468143,on,connected,True,synthetic_device_spec_v11
synthetic_customer_005,cabinet_005,2026-09-02 01:00:00+00:00,0,0,0,0,True,True,False,23.999960383474228,-47.207758517661496,2.9861818281246526,3.965558290222883,0.12888906898952773,0.0,0.0,on,connected,True,synthetic_device_spec_v11
synthetic_customer_005,cabinet_005,2026-09-02 01:10:00+00:00,0,0,0,0,True,True,False,24.13860410499127,-48.661330094695714,3.0006618742811075,4.027920939824807,0.0,0.0,0.022608375260090834,on,connected,True,synthetic_device_spec_v11
synthetic_customer_005,cabinet_005,2026-09-02 01:20:00+00:00,0,0,0,0,True,True,False,24.24909801539255,-49.68235087090611,3.013839909950663,4.07854980139448,0.19745214026720373,0.0,0.020305050657454318,on,connected,True,synthetic_device_spec_v11
synthetic_customer_005,cabinet_005,2026-09-02 01:30:00+00:00,0,0,0,0,True,True,False,24.103307666402706,-47.195326616938935,2.978113735637995,4.002912669053643,0.30341275025962616,0.0,0.0,on,connected,True,synthetic_device_spec_v11
synthetic_customer_005,cabinet_005,2026-09-02 01:40:00+00:00,0,0,0,0,True,True,False,23.999549032600928,-47.825272835167596,2.97601407601372,4.01867379654592,0.3389510963942667,0.0,0.005895955055046164,on,connected,True,synthetic_device_spec_v11
synthetic_customer_005,cabinet_005,2026-09-02 01:50:00+00:00,0,0,0,0,True,True,False,23.88255335324923,-46.98564651986648,3.0074061381404222,4.035624356749013,0.7757707892078021,0.031150254556061043,0.0,on,connected,True,synthetic_device_spec_v11
synthetic_customer_005,cabinet_005,2026-09-02 02:00:00+00:00,0,0,0,0,True,True,False,24.189532506193245,-47.70893840026373,2.9870376552280717,3.8392677741171304,0.6837827200392506,0.0,0.0119887093088273,on,connected,True,synthetic_device_spec_v11
synthetic_customer_005,cabinet_005,2026-09-02 02:10:00+00:00,0,0,0,0,True,True,False,23.870158764439946,-46.34239882610119,2.9706512557264926,3.9867388502345307,0.0008200586410595065,0.0,0.0,on,connected,True,synthetic_device_spec_v11
synthetic_customer_005,cabinet_005,2026-09-02 02:20:00+00:00,0,0,0,0,True,True,False,23.8967256816738,-49.02132124326044,2.9530168819292237,3.966278080604537,0.0,0.024039816823464514,0.01796868292266021,on,connected,True,synthetic_device_spec_v11
synthetic_customer_005,cabinet_005,2026-09-02 02:30:00+00:00,0,0,0,0,True,True,False,23.869816306307257,-48.15518134578976,2.9502377440352743,4.018223429883074,0.016807624756274727,0.0,0.0,on,connected,True,synthetic_device_spec_v11
synthetic_customer_005,cabinet_005,2026-09-02 02:40:00+00:00,0,0,0,0,True,True,False,23.803863131793566,-49.123817183876966,2.999852877641451,3.950966472365651,0.0,0.0,0.031034328362926678,on,connected,True,synthetic_device_spec_v11
synthetic_customer_005,cabinet_005,2026-09-02 02:50:00+00:00,0,0,0,0,True,True,False,23.71374290431329,-47.18134818058998,2.9571226462115594,4.075590342723084,0.28543453077501524,0.0,0.0,on,connected,True,synthetic_device_spec_v11
synthetic_customer_005,cabinet_005,2026-09-02 03:00:00+00:00,0,0,0,0,True,True,False,24.02807334140549,-48.05282395085446,2.895032732862633,3.926085826293215,0.0,0.015360941227011865,0.0,on,connected,True,synthetic_device_spec_v11
synthetic_customer_005,cabinet_005,2026-09-02 03:10:00+00:00,0,0,0,0,True,True,False,24.28543654303671,-46.86141783410928,3.0400401161599806,4.014518327385585,0.0,0.035420642042908526,0.0,on,connected,True,synthetic_device_spec_v11
synthetic_customer_005,cabinet_005,2026-09-02 03:20:00+00:00,0,0,0,0,True,True,False,24.080256991815922,-48.530051555656826,3.028173594904847,3.986328842520988,0.35056842305451863,0.01617833937593392,0.0021805111973587843,on,connected,True,synthetic_device_spec_v11
synthetic_customer_005,cabinet_005,2026-09-02 03:30:00+00:00,0,0,0,0,True,True,False,24.09496113507984,-47.619598310557,3.0354593500850195,3.963341855016544,0.28868374264147906,0.0,0.008173945369075198,on,connected,True,synthetic_device_spec_v11
synthetic_customer_005,cabinet_005,2026-09-02 03:40:00+00:00,0,0,0,0,True,True,False,24.124151423380148,-49.25765021117665,3.033342850913958,4.0618724846889265,0.0,0.03589095209028037,0.013547892244731113,on,connected,True,synthetic_device_spec_v11
synthetic_customer_005,cabinet_005,2026-09-02 03:50:00+00:00,0,0,0,0,True,True,False,24.134478273356105,-46.21036047854647,2.9383939571489917,3.987930257720054,0.7246715216947521,0.012862623429548437,0.0,on,connected,True,synthetic_device_spec_v11
synthetic_customer_005,cabinet_005,2026-09-02 04:00:00+00:00,0,0,0,0,True,True,False,23.882003637988394,-49.35722704140784,3.004860250044349,3.9622510983476538,1.1396145629230272,0.0,0.0,on,connected,True,synthetic_device_spec_v11
synthetic_customer_005,cabinet_005,2026-09-02 04:10:00+00:00,0,0,0,0,True,True,False,24.04657300785229,-49.29571826660382,3.027473332206824,4.048460815428432,0.16747948187461595,0.0,0.0,on,connected,True,synthetic_device_spec_v11
synthetic_customer_005,cabinet_005,2026-09-02 04:20:00+00:00,0,0,0,0,True,True,False,24.087785857305036,-47.853136786334574,2.8926448256324306,3.9740495950693417,0.2338960939662152,0.0,0.0,on,connected,True,synthetic_device_spec_v11
synthetic_customer_005,cabinet_005,2026-09-02 04:30:00+00:00,0,0,0,0,True,True,False,24.043467003731703,-47.905868604091886,2.9864919517259882,3.927460123926559,1.3473710564082617,0.05534969193905254,0.0,on,connected,True,synthetic_device_spec_v11
synthetic_customer_005,cabinet_005,2026-09-02 04:40:00+00:00,0,0,0,0,True,True,False,23.983313262339017,-48.64702789716047,3.050304473340037,4.088504048672974,0.05223112667878593,0.00033358676404289934,0.0,on,connected,True,synthetic_device_spec_v11
synthetic_customer_005,cabinet_005,2026-09-02 04:50:00+00:00,0,0,0,0,True,True,False,23.932138256129733,-49.0367918212608,3.0242539110007667,3.96746620080516,0.0,0.0,0.006638931498370816,on,connected,True,synthetic_device_spec_v11
synthetic_customer_005,cabinet_005,2026-09-02 05:00:00+00:00,0,0,0,0,True,True,False,24.174939434442365,-48.29209068264885,3.007967322881309,4.060981349542518,0.0,0.005070695891152687,0.0021346249862945685,on,connected,True,synthetic_device_spec_v11
synthetic_customer_005,cabinet_005,2026-09-02 05:10:00+00:00,0,0,0,0,True,True,False,24.023769796135852,-47.28537228125361,3.01949578122414,4.0247964301176085,0.0,0.041972113146415295,0.02252158644722215,on,connected,True,synthetic_device_spec_v11
synthetic_customer_005,cabinet_005,2026-09-02 05:20:00+00:00,0,0,0,0,True,True,False,23.865374359739796,-47.93174890752338,2.9528656679370977,3.988989325934758,0.0,0.004360485192938002,0.0,on,connected,True,synthetic_device_spec_v11
synthetic_customer_005,cabinet_005,2026-09-02 05:30:00+00:00,0,0,0,0,True,True,False,23.79828311343817,-46.38662805901602,3.031546713226764,4.090414811557884,0.8692389543178534,0.01496272501853501,0.0,on,connected,True,synthetic_device_spec_v11
synthetic_customer_005,cabinet_005,2026-09-02 05:40:00+00:00,0,0,0,0,True,True,False,24.01516661927657,-46.76840378009898,2.975534664283714,3.9892990046420937,0.35663107543874717,0.017547172420078347,0.0,on,connected,True,synthetic_device_spec_v11
synthetic_customer_005,cabinet_005,2026-09-02 05:50:00+00:00,0,0,0,0,True,True,False,23.777002847646784,-48.84194212915356,2.967862240591825,4.093564481148065,0.0,0.002299600117147826,0.0,on,connected,True,synthetic_device_spec_v11
synthetic_customer_005,cabinet_005,2026-09-02 06:00:00+00:00,0,0,0,0,True,True,False,23.836352397712126,-47.10841529183594,3.0876070575549655,4.062807520760934,0.0,0.0,0.009471504460256621,on,connected,True,synthetic_device_spec_v11
synthetic_customer_005,cabinet_005,2026-09-02 06:10:00+00:00,1,1,1,1,True,True,False,23.894239883271208,-47.8129638860144,3.0427693643227602,3.950170623834513,0.21448433049597018,0.004122677001916884,0.024490901809103974,on,connected,True,synthetic_device_spec_v11
synthetic_customer_005,cabinet_005,2026-09-02 06:20:00+00:00,1,1,1,1,True,True,False,24.06688560973464,-49.33165563892337,2.938362028144818,4.025856281431676,0.0,0.012265838557902638,0.02149718475605625,on,connected,True,synthetic_device_spec_v11
synthetic_customer_005,cabinet_005,2026-09-02 06:30:00+00:00,1,1,1,1,True,True,False,24.087584875371416,-48.000630079059604,3.049142427336821,4.068196996174237,0.0,0.0,0.0,on,connected,True,synthetic_device_spec_v11
synthetic_customer_005,cabinet_005,2026-09-02 06:40:00+00:00,0,0,0,0,True,True,False,23.919361386789188,-46.98528345109846,2.9287773033667177,4.090899103723974,0.0,0.005644449040574407,0.011585559129142154,on,connected,True,synthetic_device_spec_v11
synthetic_customer_005,cabinet_005,2026-09-02 06:50:00+00:00,0,0,0,0,True,True,False,24.015254446538258,-46.81934038398973,3.0577775922433807,4.03344658054602,0.0,0.0,0.0,on,connected,True,synthetic_device_spec_v11
synthetic_customer_005,cabinet_005,2026-09-02 07:00:00+00:00,0,0,0,0,True,True,False,24.03267527082315,-49.01192450032844,3.141777521955812,3.9795380440012473,0.4119535248219606,0.0,0.011598425157294747,on,connected,True,synthetic_device_spec_v11
synthetic_customer_005,cabinet_005,2026-09-02 07:10:00+00:00,0,0,0,0,True,True,False,23.96330401098107,-48.44132480266766,3.065410616960793,4.028690673749114,0.0,0.00647490063807022,0.0,on,connected,True,synthetic_device_spec_v11
synthetic_customer_005,cabinet_005,2026-09-02 07:20:00+00:00,0,0,0,0,True,True,False,24.03239501618655,-49.7739369111601,2.9181945415776798,4.021206895221865,0.0,0.0,0.0,on,connected,True,synthetic_device_spec_v11
synthetic_customer_005,cabinet_005,2026-09-02 07:30:00+00:00,0,0,0,0,True,True,False,24.05869763043481,-47.81737284114114,3.0115325191981652,4.06312332269242,0.5655865963923208,0.0,0.008920368442714625,on,connected,True,synthetic_device_spec_v11
synthetic_customer_005,cabinet_005,2026-09-02 07:40:00+00:00,0,0,0,0,True,True,False,23.817381586239375,-48.38401979596678,3.014291063467714,4.050243414500312,0.11244956559724402,0.0,0.0,on,connected,True,synthetic_device_spec_v11
synthetic_customer_005,cabinet_005,2026-09-02 07:50:00+00:00,0,0,0,0,True,True,False,23.90971697107629,-47.44879717153421,2.996898123826968,3.9375583330934854,0.8048648265624745,0.0,0.0,on,connected,True,synthetic_device_spec_v11
synthetic_customer_005,cabinet_005,2026-09-02 08:00:00+00:00,0,0,0,0,True,True,False,24.10568493896722,-49.50380902382401,3.0264707931444934,3.9787790304360304,0.0,0.0,0.014733389879640749,on,connected,True,synthetic_device_spec_v11
synthetic_customer_005,cabinet_005,2026-09-02 08:10:00+00:00,0,0,0,0,True,True,False,24.02390245936144,-47.02848800931221,2.9962176450557174,3.9505586858789843,0.28731240750748804,0.0,0.0013924593690651343,on,connected,True,synthetic_device_spec_v11
synthetic_customer_005,cabinet_005,2026-09-02 08:20:00+00:00,0,0,0,0,True,True,False,24.31928286130487,-48.00106017204333,2.9941193737494602,3.9687721279519077,0.5677614122915089,0.026287917530977967,0.01494482757718124,on,connected,True,synthetic_device_spec_v11
synthetic_customer_005,cabinet_005,2026-09-02 08:30:00+00:00,0,0,0,0,True,True,False,23.89960538848847,-46.253115550538936,3.003256525758071,3.9798390546603013,0.010203397890343663,0.001164119386095271,0.0,on,connected,True,synthetic_device_spec_v11
synthetic_customer_005,cabinet_005,2026-09-02 08:40:00+00:00,0,0,0,0,True,True,False,24.090037230909317,-47.56027727180662,3.001786123075803,4.065399190803798,0.0,0.0,0.008473646410906486,on,connected,True,synthetic_device_spec_v11
synthetic_customer_005,cabinet_005,2026-09-02 08:50:00+00:00,0,0,0,0,True,True,False,23.92841204486086,-48.6178581350985,2.844083930973955,3.989477543060243,0.050949404312246545,0.010747516215622449,0.022601758199479113,on,connected,True,synthetic_device_spec_v11
synthetic_customer_005,cabinet_005,2026-09-02 09:00:00+00:00,0,0,0,0,True,True,False,24.040306644968663,-46.13927637047422,2.7048391933466234,3.9690777108217263,0.0,0.0,0.0,on,connected,True,synthetic_device_spec_v11
synthetic_customer_005,cabinet_005,2026-09-02 09:10:00+00:00,0,0,0,0,True,True,False,23.92503835780722,-48.4164984067657,2.5749613820422512,4.023130791215951,0.0,0.0,0.0,on,connected,True,synthetic_device_spec_v11
synthetic_customer_005,cabinet_005,2026-09-02 09:20:00+00:00,0,0,0,0,True,True,False,24.14678404590563,-47.964294759813264,2.4408614125182884,4.102373013957596,0.2654995709161377,0.00552016342114091,0.0008719669243968459,on,connected,True,synthetic_device_spec_v11
synthetic_customer_005,cabinet_005,2026-09-02 09:30:00+00:00,0,0,0,0,True,True,False,24.02463802322746,-47.93860397658819,2.332305884987105,3.9548353822206903,0.9245361503488507,0.0,0.014045912314651196,on,connected,True,synthetic_device_spec_v11
synthetic_customer_005,cabinet_005,2026-09-02 09:40:00+00:00,0,0,0,0,True,True,False,23.867210027460928,-48.141039399304276,2.0899998763389838,4.009385788923377,0.20680131565342466,0.0,0.0,on,connected,True,synthetic_device_spec_v11
synthetic_customer_005,cabinet_005,2026-09-02 09:50:00+00:00,0,0,0,0,True,True,False,23.791030460618327,-48.84021599758957,1.996026583876345,3.9786607144977504,0.0,0.007567832632362416,0.018582623563295136,on,connected,True,synthetic_device_spec_v11
synthetic_customer_005,cabinet_005,2026-09-02 10:00:00+00:00,0,0,0,0,True,True,False,24.025597227344733,-47.779486763398715,1.8657050597335851,4.098666923230966,0.7850978634051148,0.0,0.0,on,connected,True,synthetic_device_spec_v11
synthetic_customer_005,cabinet_005,2026-09-02 10:10:00+00:00,0,0,0,0,True,True,False,23.800409681166872,-48.25745306426275,1.772225418398954,3.942031168693618,0.0,0.0,0.0,on,connected,True,synthetic_device_spec_v11
synthetic_customer_005,cabinet_005,2026-09-02 10:20:00+00:00,0,0,0,0,True,True,False,24.044482305715203,-48.73901741557668,1.624959229294127,3.891553553091819,0.0,0.0,0.03419488620328318,on,connected,True,synthetic_device_spec_v11
synthetic_customer_005,cabinet_005,2026-09-02 10:30:00+00:00,0,0,0,0,True,True,False,24.050290893761815,-47.49619645240372,1.4577776609789221,4.029222576469871,0.0,0.0211360914898185,0.0,on,connected,True,synthetic_device_spec_v11
synthetic_customer_005,cabinet_005,2026-09-02 10:40:00+00:00,0,0,0,0,True,True,False,24.11800826351215,-47.53748222679519,1.286929097947954,4.0979241437316345,0.0,0.009689318064615338,0.029607244822185925,on,connected,True,synthetic_device_spec_v11
synthetic_customer_005,cabinet_005,2026-09-02 10:50:00+00:00,0,0,0,0,True,True,False,23.856295376750708,-47.59654182601577,1.1248232455938214,4.046530875522003,0.0,0.06509613564681249,0.021230244273948564,on,connected,True,synthetic_device_spec_v11
synthetic_customer_005,cabinet_005,2026-09-02 11:00:00+00:00,0,0,0,0,True,True,False,23.91551404162816,-46.49196471739869,1.0396132803141211,4.028004815378162,0.0,0.0,0.0,on,connected,True,synthetic_device_spec_v11
synthetic_customer_005,cabinet_005,2026-09-02 11:10:00+00:00,0,0,0,0,True,True,False,23.653920511272588,-48.3098304693823,1.0038208508009727,4.0762512879032675,0.7860142072156315,0.0,0.0,on,connected,True,synthetic_device_spec_v11
synthetic_customer_005,cabinet_005,2026-09-02 11:20:00+00:00,0,0,0,0,True,True,False,23.364763749554765,-47.084790374054215,1.0231067157198348,4.015222258610568,0.0,0.0,0.0,on,connected,True,synthetic_device_spec_v11
synthetic_customer_005,cabinet_005,2026-09-02 11:30:00+00:00,0,0,0,0,True,True,False,22.84999643315828,-49.106617800698906,0.9908602589988041,4.102601475891734,0.0,0.0,0.016211050432397147,on,connected,True,synthetic_device_spec_v11
synthetic_customer_005,cabinet_005,2026-09-02 11:40:00+00:00,0,0,0,0,True,True,False,22.466202184183334,-46.01559158755677,0.9597544306241635,4.043410504406929,0.17171771436423441,0.0,0.0,on,connected,True,synthetic_device_spec_v11
synthetic_customer_005,cabinet_005,2026-09-02 11:50:00+00:00,0,0,0,0,True,True,False,22.297955187877932,-48.995068267571654,0.9244313472139611,4.055956366247638,0.0,0.0,0.00040150488494908326,on,connected,True,synthetic_device_spec_v11
synthetic_customer_005,cabinet_005,2026-09-02 12:00:00+00:00,0,0,0,0,True,True,False,21.985252265311544,-47.306600370839604,0.8076881311755088,4.081940438516735,0.0,0.0009150493976250774,0.0,on,connected,True,synthetic_device_spec_v11
synthetic_customer_005,cabinet_005,2026-09-02 12:10:00+00:00,1,1,1,1,True,True,False,21.35714763722805,-49.079512228770845,2.8311903801419707,4.029420423734688,0.0,0.0004107368252419052,0.0,on,connected,True,synthetic_device_spec_v11
synthetic_customer_005,cabinet_005,2026-09-02 12:20:00+00:00,1,1,1,1,True,True,False,21.157092736928522,-48.099628109131324,2.6877331359021572,3.9297717687381954,0.7787056675396042,0.028825612917640128,0.0,on,connected,True,synthetic_device_spec_v11
synthetic_customer_005,cabinet_005,2026-09-02 12:30:00+00:00,1,1,1,1,True,True,False,20.753426571198816,-48.4588298692349,2.767563170398153,4.012334657330457,3.6056735492780643,0.02945486023557095,0.0,on,connected,True,synthetic_device_spec_v11
synthetic_customer_005,cabinet_005,2026-09-02 12:40:00+00:00,0,0,0,0,True,True,False,20.658004781900743,-49.36692435142535,2.6429761350366676,4.1136027504436505,4.814289546585238,0.0010414892996283146,0.012959718076075327,on,connected,True,synthetic_device_spec_v11
synthetic_customer_005,cabinet_005,2026-09-02 12:50:00+00:00,0,0,0,0,True,True,False,20.158081809445104,-50.52000303207374,2.5926026465876175,3.939678561827294,7.737822804456801,0.0,0.01072833908569397,on,connected,True,synthetic_device_spec_v11
synthetic_customer_005,cabinet_005,2026-09-02 13:00:00+00:00,0,0,0,0,True,True,False,19.74217261060001,-47.52358548072934,2.5562765038532658,4.030855190452495,8.659112366625866,0.029412436594107083,0.0011446551151702512,on,connected,True,synthetic_device_spec_v11
synthetic_customer_005,cabinet_005,2026-09-02 13:10:00+00:00,0,0,0,0,True,True,False,19.235329245980225,-46.7758713891989,2.4265950908364724,4.016969536983565,10.942383616612311,0.014356577653332155,0.022810533976046665,on,connected,True,synthetic_device_spec_v11
synthetic_customer_005,cabinet_005,2026-09-02 13:20:00+00:00,0,0,0,0,True,True,False,19.05838887070409,-46.54525740975053,2.441141009353837,3.952184264556062,12.744254551718742,0.0,0.0,on,connected,True,synthetic_device_spec_v11
synthetic_customer_005,cabinet_005,2026-09-02 13:30:00+00:00,0,0,0,0,True,True,False,18.708126580507287,-49.180217524895895,2.4095575663529494,3.993467851220431,15.672561308992346,0.02655150016238966,0.021608181422892826,on,connected,True,synthetic_device_spec_v11
synthetic_customer_005,cabinet_005,2026-09-02 15:00:00+00:00,0,0,0,0,True,True,False,24.215784380624235,-47.361359428811326,2.20260519767441,5.222829336621076,24.964418524868783,0.00784824754979004,0.16488484362477582,on,connected,True,synthetic_device_spec_v11
synthetic_customer_005,cabinet_005,2026-09-02 15:10:00+00:00,0,0,0,0,True,True,False,24.09615304874637,-48.102574871313536,2.9807391439357365,5.365905397429979,0.0,0.011770999594354988,0.2077902531438299,on,connected,True,synthetic_device_spec_v11
synthetic_customer_005,cabinet_005,2026-09-02 15:20:00+00:00,0,0,0,0,True,True,False,24.06852302370633,-47.83489253950197,2.982195065274921,5.650543707225827,0.0,0.0,0.21385832578918776,on,connected,True,synthetic_device_spec_v11
synthetic_customer_005,cabinet_005,2026-09-02 15:30:00+00:00,0,0,0,0,True,True,False,23.971183741107232,-49.33925767726422,3.083127987469826,5.816943114606276,1.3138233259738654,0.0,0.25799431970264497,on,connected,True,synthetic_device_spec_v11
synthetic_customer_005,cabinet_005,2026-09-02 15:40:00+00:00,0,0,0,0,True,True,False,23.983197656545507,-46.17095828287182,3.0540926078217883,6.0505573857725246,0.0,0.0,0.2603762929584389,on,connected,True,synthetic_device_spec_v11
synthetic_customer_005,cabinet_005,2026-09-02 15:50:00+00:00,0,0,0,0,True,True,False,24.169666333767424,-48.79564145016637,2.9497009707292228,6.324485937947296,0.6438282716693791,0.0,0.32874579958120187,on,connected,True,synthetic_device_spec_v11
synthetic_customer_005,cabinet_005,2026-09-02 16:00:00+00:00,0,0,0,0,True,True,False,23.969791296296478,-49.88596605322782,2.9851818919900905,6.464669379270992,0.0,0.041882589052200984,0.30934296295332936,on,connected,True,synthetic_device_spec_v11
synthetic_customer_005,cabinet_005,2026-09-02 16:10:00+00:00,0,0,0,0,True,True,False,23.90309407126451,-52.47699119227274,3.0347664247577084,6.547217273863193,0.06972235884615144,0.05737333121304279,0.31985579172140466,on,connected,True,synthetic_device_spec_v11
synthetic_customer_005,cabinet_005,2026-09-02 16:20:00+00:00,0,0,0,0,True,True,False,23.85209638869,-54.281307192343675,2.998613037704507,6.779508345487662,0.0,0.12264728589270762,0.3787447221268825,on,connected,True,synthetic_device_spec_v11
synthetic_customer_005,cabinet_005,2026-09-02 16:30:00+00:00,0,0,0,0,True,True,False,24.089077334745443,-57.06033174333979,3.014456137880621,7.053689908612944,0.0,0.16269419305806446,0.4216416769382233,on,connected,True,synthetic_device_spec_v11
synthetic_customer_005,cabinet_005,2026-09-02 16:40:00+00:00,0,0,0,0,True,True,False,24.02245951447324,-59.845717709965335,3.0598526365892353,7.062295203094083,0.0,0.23937716929556196,0.4094745443052286,on,connected,True,synthetic_device_spec_v11
synthetic_customer_005,cabinet_005,2026-09-02 16:50:00+00:00,0,0,0,0,True,True,False,24.149410833919667,-61.20180185008332,2.996679152922003,7.038518362600122,0.6810905832514136,0.2302993379134996,0.38246655754853576,on,connected,True,synthetic_device_spec_v11
synthetic_customer_005,cabinet_005,2026-09-02 17:00:00+00:00,0,0,0,0,True,True,False,23.896531341547742,-62.20467147470744,2.9799347598549377,6.955329276494835,0.36172355220122776,0.2663776947786137,0.40563433772802576,on,connected,True,synthetic_device_spec_v11
synthetic_customer_005,cabinet_005,2026-09-02 17:10:00+00:00,0,0,0,0,True,True,False,23.952508059554937,-66.52627173815509,2.980541850774148,6.933867470682476,0.5038584772069481,0.3060540767255134,0.40006740417411785,on,connected,True,synthetic_device_spec_v11
synthetic_customer_005,cabinet_005,2026-09-02 17:20:00+00:00,0,0,0,0,True,True,False,24.209139250084156,-68.8826316959618,3.0164091320195676,3.954962812383316,0.6142390226370622,0.357535618969937,0.03574408590052052,on,connected,True,synthetic_device_spec_v11
synthetic_customer_005,cabinet_005,2026-09-02 17:30:00+00:00,0,0,0,0,True,True,False,23.87410662196337,-70.91237340422124,2.9904108706987853,4.134640085580731,0.0,0.3829640709517852,0.016624290187492955,on,connected,True,synthetic_device_spec_v11
synthetic_customer_005,cabinet_005,2026-09-02 17:40:00+00:00,0,0,0,0,True,True,False,23.86945611146672,-71.82557589882096,3.0124091751042767,4.013023516034883,0.0,0.4176147033002411,0.011856759074900006,on,connected,True,synthetic_device_spec_v11
synthetic_customer_005,cabinet_005,2026-09-02 17:50:00+00:00,0,0,0,0,True,True,False,23.99943428170056,-76.45649475815183,2.9640514512084715,4.032242908761795,0.4943774420639545,0.477570267624417,0.0,on,connected,True,synthetic_device_spec_v11
synthetic_customer_005,cabinet_005,2026-09-02 18:00:00+00:00,0,0,0,0,True,True,False,23.929117311141074,-76.42214003789783,3.0128080287663623,4.054895851264008,0.3238054839536206,0.5685648355733339,0.0,on,connected,True,synthetic_device_spec_v11
synthetic_customer_005,cabinet_005,2026-09-02 18:10:00+00:00,1,1,1,1,True,True,False,24.015138562928943,-81.45588611493113,3.02546062744955,3.9867512643291043,0.0,0.5725359839516146,0.0,on,connected,True,synthetic_device_spec_v11
synthetic_customer_005,cabinet_005,2026-09-02 18:20:00+00:00,1,1,1,1,True,True,False,23.95879425489062,-80.45080886117434,2.998052783324982,3.9738977656762784,0.23684645676213048,0.6696402167903855,0.015321325632352929,on,connected,True,synthetic_device_spec_v11
synthetic_customer_005,cabinet_005,2026-09-02 18:30:00+00:00,1,1,1,1,True,True,False,24.115518113433136,-83.66052108976149,3.0933234421714957,3.9713066878723637,0.35156898680669224,0.6596885193340107,0.001181262885487682,on,connected,True,synthetic_device_spec_v11
synthetic_customer_005,cabinet_005,2026-09-02 19:40:00+00:00,0,0,0,0,True,True,False,23.929998408802454,-47.99343241129521,3.001856406427191,4.012637902177108,0.0,0.0,0.020775402952528426,on,connected,True,synthetic_device_spec_v11
synthetic_customer_005,cabinet_005,2026-09-02 19:50:00+00:00,0,0,0,0,True,True,False,24.111193260370584,-48.623141446882414,3.0097058842646685,3.919219548090735,0.23335231958401972,0.004024540287820134,0.0024829975109808117,on,connected,True,synthetic_device_spec_v11
synthetic_customer_005,cabinet_005,2026-09-02 20:00:00+00:00,0,0,0,0,True,True,False,24.1334097692253,-48.625084683813846,2.9370212347172773,3.9874213942977876,0.0,0.019237678173753124,0.011658643226586574,on,connected,True,synthetic_device_spec_v11
synthetic_customer_005,cabinet_005,2026-09-02 20:10:00+00:00,0,0,0,0,True,True,False,23.88840614338533,-48.203121633366095,3.0267501793242464,3.923668950987041,0.0,0.0,0.004455875591361724,on,connected,True,synthetic_device_spec_v11
synthetic_customer_005,cabinet_005,2026-09-02 20:20:00+00:00,0,0,0,0,True,True,False,24.095414606195643,-48.94505526806156,2.9824928975455127,3.95403963866531,0.0,0.0,0.0,on,connected,True,synthetic_device_spec_v11
synthetic_customer_005,cabinet_005,2026-09-02 20:30:00+00:00,0,0,0,0,True,True,False,24.004411352781005,-48.19031414045865,3.0145649653638964,4.052345684498671,0.0,0.0,0.02662178305964705,on,connected,True,synthetic_device_spec_v11
synthetic_customer_005,cabinet_005,2026-09-02 20:40:00+00:00,0,0,0,0,True,True,False,23.771444096480472,-47.158722531864065,3.017277860777079,4.016834146535036,0.0,0.013880555034032696,0.008167118509359802,on,connected,True,synthetic_device_spec_v11
synthetic_customer_005,cabinet_005,2026-09-02 20:50:00+00:00,0,0,0,0,True,True,False,24.05349853037744,-48.83679547794725,2.9420059818632383,4.074389847739178,0.05010201328676273,0.0,0.0,on,connected,True,synthetic_device_spec_v11
synthetic_customer_005,cabinet_005,2026-09-02 21:00:00+00:00,0,0,0,0,True,True,False,23.885248794753632,-47.29448394722222,3.015927631213415,4.057561589215142,0.6039099356657224,0.007386718831745544,0.016557482490572924,on,connected,True,synthetic_device_spec_v11
synthetic_customer_005,cabinet_005,2026-09-02 21:10:00+00:00,0,0,0,0,True,True,False,23.876189138057438,-48.380114731067344,2.972078818493083,3.9931943375216585,0.0,0.0,0.02159530214228329,on,connected,True,synthetic_device_spec_v11
synthetic_customer_005,cabinet_005,2026-09-02 21:20:00+00:00,0,0,0,0,True,True,False,24.048709828438582,-47.48011203719397,3.0290117082837873,3.8842302845552803,0.16760406998065994,0.047331902434926514,0.02023374028334224,on,connected,True,synthetic_device_spec_v11
synthetic_customer_005,cabinet_005,2026-09-02 21:30:00+00:00,0,0,0,0,True,True,False,24.13341858868683,-50.3444727937168,2.942697395710249,4.097459202495142,0.26227943714574725,0.007766643340617763,0.0,on,connected,True,synthetic_device_spec_v11
synthetic_customer_005,cabinet_005,2026-09-02 21:40:00+00:00,0,0,0,0,True,True,False,24.11006748428088,-45.895358916440536,2.992008636173437,4.018504493800122,0.0,0.024732122496679745,0.053255516169818266,on,connected,True,synthetic_device_spec_v11
synthetic_customer_005,cabinet_005,2026-09-02 21:50:00+00:00,0,0,0,0,True,True,False,23.83004045144987,-48.9196329608721,3.0198486059638268,3.9684980814214286,0.0,0.0326506154426581,0.0,on,connected,True,synthetic_device_spec_v11
synthetic_customer_005,cabinet_005,2026-09-02 22:00:00+00:00,0,0,0,0,True,True,False,23.755090271126022,-48.08217964497355,3.021446636410559,3.956903845736023,0.5924543836194668,0.015055306925780734,0.0,on,connected,True,synthetic_device_spec_v11
synthetic_customer_005,cabinet_005,2026-09-02 22:10:00+00:00,0,0,0,0,True,True,False,24.148161827588154,-48.89974307103216,3.0091708305062146,4.033032138391097,0.0,0.0006744194566690909,0.03483188170812543,on,connected,True,synthetic_device_spec_v11
synthetic_customer_005,cabinet_005,2026-09-02 22:20:00+00:00,0,0,0,0,True,True,False,24.032261665745697,-49.258307945702704,2.9271823804485733,3.9905548525037,0.0836460349388745,0.0,0.0,on,connected,True,synthetic_device_spec_v11
synthetic_customer_005,cabinet_005,2026-09-02 22:30:00+00:00,0,0,0,0,True,True,False,24.198721415688425,-47.522640834583655,3.0660161674594124,3.9997600143069323,1.1331845718526095,0.0,4.190480341671665e-05,on,connected,True,synthetic_device_spec_v11
synthetic_customer_005,cabinet_005,2026-09-02 22:40:00+00:00,0,0,0,0,True,True,False,24.020749545059523,-47.203451756272976,3.0321201548329357,3.977222687668979,0.5113591075186728,0.026101983823044753,0.0,on,connected,True,synthetic_device_spec_v11
synthetic_customer_005,cabinet_005,2026-09-02 22:50:00+00:00,0,0,0,0,True,True,False,24.036501413226567,-47.6021240180803,3.0236814443143394,4.106037145605876,0.0,0.023370181327217132,0.0023557130371190753,on,connected,True,synthetic_device_spec_v11
synthetic_customer_005,cabinet_005,2026-09-02 23:00:00+00:00,0,0,0,0,True,True,False,23.90169008643958,-47.34763599250598,3.0682381003984425,4.076172272805713,0.0,0.0,0.0013485115827598035,on,connected,True,synthetic_device_spec_v11
synthetic_customer_005,cabinet_005,2026-09-02 23:10:00+00:00,0,0,0,0,True,True,False,23.874768534708064,-48.29851389256717,2.9632012809969464,4.0623470932383245,0.0,0.0,0.010316734259959937,on,connected,True,synthetic_device_spec_v11
synthetic_customer_005,cabinet_005,2026-09-02 23:20:00+00:00,0,0,0,0,True,True,False,23.94889009298635,-48.659541975153424,3.0344257358018187,3.9205439174773486,0.8070467024502335,0.013534366401990511,0.04748139826632308,on,connected,True,synthetic_device_spec_v11
synthetic_customer_005,cabinet_005,2026-09-02 23:30:00+00:00,0,0,0,0,True,True,False,24.063095468497966,-48.03207819419129,3.0041746881310116,4.060189704246006,0.015978772202202094,0.0,0.0,on,connected,True,synthetic_device_spec_v11
synthetic_customer_005,cabinet_005,2026-09-02 23:40:00+00:00,0,0,0,0,True,True,False,24.28546377542293,-47.798241828812856,2.9995411744586233,3.877786637754163,0.0,0.004481404973392217,0.0,on,connected,True,synthetic_device_spec_v11
synthetic_customer_005,cabinet_005,2026-09-02 23:50:00+00:00,0,0,0,0,True,True,False,24.012927541496264,-47.00926959843329,3.0183849459059364,3.9550279038450658,0.0,0.0,0.02101182707955692,on,connected,True,synthetic_device_spec_v11
synthetic_customer_005,cabinet_005,2026-09-03 00:00:00+00:00,0,0,0,0,True,True,False,24.117386587160336,-47.9056002589744,2.980049789078576,4.092041896163553,0.0,0.0,0.0,on,connected,True,synthetic_device_spec_v11
synthetic_customer_005,cabinet_005,2026-09-03 00:10:00+00:00,1,1,1,1,True,True,False,23.94371175327989,-47.30556403457898,3.071502011759104,4.094297258422457,0.3607740452731644,0.0,0.0,on,connected,True,synthetic_device_spec_v11
synthetic_customer_005,cabinet_005,2026-09-03 00:20:00+00:00,1,1,1,1,True,True,False,23.88667998334299,-47.06176179871033,2.9899074390487432,3.9406557108619302,0.8668670456277544,0.003397733228640266,0.0,on,connected,True,synthetic_device_spec_v11
synthetic_customer_005,cabinet_005,2026-09-03 00:30:00+00:00,1,1,1,1,True,True,False,23.95432895944656,-46.89847097572436,2.995437198149704,4.055880035777569,0.3311475812228773,0.01116963934497571,0.036450116789904376,on,connected,True,synthetic_device_spec_v11
synthetic_customer_005,cabinet_005,2026-09-03 00:40:00+00:00,0,0,0,0,True,True,False,23.915839470397966,-47.22305348065014,2.8910487329385415,4.032214309813538,0.0,0.0,0.0,on,connected,True,synthetic_device_spec_v11
synthetic_customer_005,cabinet_005,2026-09-03 00:50:00+00:00,0,0,0,0,True,True,False,24.188612728476905,-47.56957973160203,3.0371202479059014,3.9195785486159656,0.0,0.01511377862518578,0.013061811700242398,on,connected,True,synthetic_device_spec_v11
synthetic_customer_005,cabinet_005,2026-09-03 01:00:00+00:00,0,0,0,0,True,True,False,24.116447537218946,-48.00785816791424,3.072644130419982,3.981695469630496,0.5871165011849558,0.011470056042047915,0.029033117544979517,on,connected,True,synthetic_device_spec_v11
synthetic_customer_005,cabinet_005,2026-09-03 01:10:00+00:00,0,0,0,0,True,True,False,24.139899097545097,-46.74092250827352,3.033731708402123,3.947359156019761,0.03544088278143649,0.0,0.0,on,connected,True,synthetic_device_spec_v11
synthetic_customer_005,cabinet_005,2026-09-03 01:20:00+00:00,0,0,0,0,True,True,False,24.013368036662634,-48.53673854676969,3.0459057418410995,4.053087945557788,0.1316624849314222,0.04481936050849678,0.0,on,connected,True,synthetic_device_spec_v11
synthetic_customer_005,cabinet_005,2026-09-03 01:30:00+00:00,0,0,0,0,True,True,False,24.12065168716735,-48.63712099272053,2.9833594817555102,4.020556313270415,1.4743980400020225,0.0,0.03883846639114346,on,connected,True,synthetic_device_spec_v11
synthetic_customer_005,cabinet_005,2026-09-03 01:40:00+00:00,0,0,0,0,True,True,False,23.939698636206746,-49.55879199438749,2.9816211774686154,3.997324842110743,0.0,0.0,0.0,on,connected,True,synthetic_device_spec_v11
synthetic_customer_005,cabinet_005,2026-09-03 01:50:00+00:00,0,0,0,0,True,True,False,24.037199017671664,-46.7472502520898,3.049880634503163,3.9404625025811253,0.2357509442140192,0.0,0.028379757920152987,on,connected,True,synthetic_device_spec_v11
synthetic_customer_005,cabinet_005,2026-09-03 02:00:00+00:00,0,0,0,0,True,True,False,24.04048636502298,-44.64801890781715,3.0046896347568595,4.069086353526885,0.0,0.0006714930571062069,0.0,on,connected,True,synthetic_device_spec_v11
synthetic_customer_005,cabinet_005,2026-09-03 02:10:00+00:00,0,0,0,0,True,True,False,23.929566979981338,-47.697531222685676,3.005207039606402,3.9810448290737592,0.0,0.0021026864280849324,0.030083186726509066,on,connected,True,synthetic_device_spec_v11
synthetic_customer_005,cabinet_005,2026-09-03 02:20:00+00:00,0,0,0,0,True,True,False,23.921876561433233,-47.71607763083486,2.9899259309968285,3.9515960984176317,0.0,0.0,0.0,on,connected,True,synthetic_device_spec_v11
synthetic_customer_005,cabinet_005,2026-09-03 02:30:00+00:00,0,0,0,0,True,True,False,24.09982501192756,-45.832430702481766,2.9736740642334114,4.01864677304782,0.17856393972326987,0.03352666202151491,0.0,on,connected,True,synthetic_device_spec_v11
synthetic_customer_005,cabinet_005,2026-09-03 02:40:00+00:00,0,0,0,0,True,True,False,23.871349060986645,-47.29477614504145,3.034090026123128,4.058933808627741,0.0,0.01751389323591019,0.008492955656694537,on,connected,True,synthetic_device_spec_v11
synthetic_customer_005,cabinet_005,2026-09-03 02:50:00+00:00,0,0,0,0,True,True,False,24.005451761397197,-46.160154417055885,2.960335718296461,3.9672287528224466,0.22173445055960034,0.0,0.01158197875312838,on,connected,True,synthetic_device_spec_v11
synthetic_customer_005,cabinet_005,2026-09-03 03:00:00+00:00,0,0,0,0,True,True,False,24.260138054399754,-47.38096425021652,2.95734179028809,4.062299419914903,0.0,0.0,0.0,on,connected,True,synthetic_device_spec_v11
synthetic_customer_005,cabinet_005,2026-09-03 03:10:00+00:00,0,0,0,0,True,True,False,23.93054907888058,-49.14312298837272,2.947863238753215,3.993262446163839,0.0,0.0,0.04404654189260817,on,connected,True,synthetic_device_spec_v11
synthetic_customer_005,cabinet_005,2026-09-03 03:20:00+00:00,0,0,0,0,True,True,False,24.11893213745263,-49.29581545058476,2.9840197405516258,4.011830686890852,0.15127938549227712,0.0,0.0,on,connected,True,synthetic_device_spec_v11
synthetic_customer_005,cabinet_005,2026-09-03 03:30:00+00:00,0,0,0,0,True,True,False,23.93736286383981,-47.39973161786007,3.0286479825125574,3.9479896187843173,0.0,0.0,0.005785645830073716,on,connected,True,synthetic_device_spec_v11
synthetic_customer_005,cabinet_005,2026-09-03 03:40:00+00:00,0,0,0,0,True,True,False,23.969188377886024,-48.80134086221251,2.982817020492996,4.008753617026511,0.24304974141556435,0.00505196410686856,0.0,on,connected,True,synthetic_device_spec_v11
synthetic_customer_005,cabinet_005,2026-09-03 03:50:00+00:00,0,0,0,0,True,True,False,24.094162897813646,-49.74896629727691,3.055047315763377,3.957455621807014,0.0,0.013586532242423652,0.004085386851149513,on,connected,True,synthetic_device_spec_v11
synthetic_customer_005,cabinet_005,2026-09-03 04:00:00+00:00,0,0,0,0,True,True,False,23.916785319008294,-49.401906513271605,3.079366939552964,3.897642757495383,0.061986953285310245,0.023053850642377843,0.02805771393738581,on,connected,True,synthetic_device_spec_v11
synthetic_customer_005,cabinet_005,2026-09-03 04:10:00+00:00,0,0,0,0,True,True,False,23.985615056650445,-47.656422223072305,2.976183669768116,3.9277306675175434,0.6293677157688672,0.03172605027161483,0.0006675558787966559,on,connected,True,synthetic_device_spec_v11
synthetic_customer_005,cabinet_005,2026-09-03 04:20:00+00:00,0,0,0,0,True,True,False,24.144706872073073,-49.91638288025213,3.0078266735917722,3.999190157298877,0.08688890708503946,0.0,0.024210444132705625,on,connected,True,synthetic_device_spec_v11
synthetic_customer_005,cabinet_005,2026-09-03 04:30:00+00:00,0,0,0,0,True,True,False,24.06173897280854,-47.59250536982481,2.905053895005034,4.052517145382354,0.07126170592461807,0.0,0.0,on,connected,True,synthetic_device_spec_v11
synthetic_customer_005,cabinet_005,2026-09-03 04:40:00+00:00,0,0,0,0,True,True,False,23.804499772364224,-47.65204997383195,3.011143769513763,3.977467628415833,0.0,0.014027655805293344,0.0,on,connected,True,synthetic_device_spec_v11
synthetic_customer_005,cabinet_005,2026-09-03 04:50:00+00:00,0,0,0,0,True,True,False,24.074164525912,-48.45351866820336,3.0582301611741163,3.9610296035897914,0.4341473063669566,0.041255215624363094,0.00590085122677397,on,connected,True,synthetic_device_spec_v11
synthetic_customer_005,cabinet_005,2026-09-03 05:00:00+00:00,0,0,0,0,True,True,False,23.873974818875887,-47.7473407089352,3.0187555876938217,4.036026812308213,0.15047446279733578,0.04486149616745898,0.0,on,connected,True,synthetic_device_spec_v11
synthetic_customer_005,cabinet_005,2026-09-03 05:10:00+00:00,0,0,0,0,True,True,False,24.14949300139328,-45.43365112198751,2.9927121669481487,4.020223570797201,0.1875274102429638,0.0004611336930332825,0.021037062230695586,on,connected,True,synthetic_device_spec_v11
synthetic_customer_005,cabinet_005,2026-09-03 05:20:00+00:00,0,0,0,0,True,True,False,24.02817140522514,-47.579437450740805,2.9382936259442674,4.022776873941589,0.0,0.003632136831162209,0.03141663003528515,on,connected,True,synthetic_device_spec_v11
synthetic_customer_005,cabinet_005,2026-09-03 05:30:00+00:00,0,0,0,0,True,True,False,23.745524445375327,-49.20415075593788,3.0343699579885834,3.9215328380796675,0.0,0.044052761455752626,0.005455279163251193,on,connected,True,synthetic_device_spec_v11
synthetic_customer_005,cabinet_005,2026-09-03 05:40:00+00:00,0,0,0,0,True,True,False,23.82772571769345,-47.3139664335151,2.9463482987824965,4.068298943921129,0.26687963099454587,0.0,0.0,on,connected,True,synthetic_device_spec_v11
synthetic_customer_005,cabinet_005,2026-09-03 05:50:00+00:00,0,0,0,0,True,True,False,23.91849515315283,-48.91981589423933,2.9979410408836853,4.018982610056091,0.0,0.013069242629753137,0.0,on,connected,True,synthetic_device_spec_v11
synthetic_customer_005,cabinet_005,2026-09-03 06:00:00+00:00,0,0,0,0,True,True,False,23.872718372538106,-47.96846068024935,3.022502631977151,4.107554929130255,0.0,0.0023863691460753564,0.0,on,connected,True,synthetic_device_spec_v11
synthetic_customer_005,cabinet_005,2026-09-03 06:10:00+00:00,1,1,1,1,True,True,False,24.083244553143327,-45.37538025184157,3.039125771367419,3.8957980865139934,0.27360140839054475,0.0,0.0,on,connected,True,synthetic_device_spec_v11
synthetic_customer_005,cabinet_005,2026-09-03 06:20:00+00:00,1,1,1,1,True,True,False,24.115678948440994,-46.51737189799623,2.972955746471897,4.046157240312186,0.5277414408496892,0.0,0.0,on,connected,True,synthetic_device_spec_v11
synthetic_customer_005,cabinet_005,2026-09-03 06:30:00+00:00,1,1,1,1,True,True,False,23.97831928499008,-48.29133510539339,2.9526487833927098,4.035708142145948,0.0,0.012607422286958768,0.004045695224496616,on,connected,True,synthetic_device_spec_v11
synthetic_customer_005,cabinet_005,2026-09-03 06:40:00+00:00,0,0,0,0,True,True,False,24.22499097325864,-47.56053410264366,2.862439727472606,4.022729173565153,0.29657301117835283,0.0,0.0,on,connected,True,synthetic_device_spec_v11
synthetic_customer_005,cabinet_005,2026-09-03 06:50:00+00:00,0,0,0,0,True,True,False,23.868958924238914,-48.49155565832874,3.023065135565389,3.9974099069571634,0.0,0.0,0.0036054969277300552,on,connected,True,synthetic_device_spec_v11
synthetic_customer_005,cabinet_005,2026-09-03 07:00:00+00:00,0,0,0,0,True,True,False,24.253705049938496,-46.333110752502044,2.9569632140013278,4.096016815028541,0.03695321282817026,0.0,0.0,on,connected,True,synthetic_device_spec_v11
synthetic_customer_005,cabinet_005,2026-09-03 07:10:00+00:00,0,0,0,0,True,True,False,24.159682447285128,-47.5509731068052,2.9596486545722307,3.96178747095932,0.0,0.0,0.0,on,connected,True,synthetic_device_spec_v11
synthetic_customer_005,cabinet_005,2026-09-03 07:20:00+00:00,0,0,0,0,True,True,False,24.13332932109558,-48.428252108996205,2.9355283248416324,3.9790818302966113,0.0,0.0,0.005169386335730212,on,connected,True,synthetic_device_spec_v11
synthetic_customer_005,cabinet_005,2026-09-03 07:30:00+00:00,0,0,0,0,True,True,False,23.937085454793618,-48.49905098636385,3.0031177157667632,3.9916679039671457,0.0,0.006871597456568127,0.005241478693446476,on,connected,True,synthetic_device_spec_v11
synthetic_customer_005,cabinet_005,2026-09-03 07:40:00+00:00,0,0,0,0,True,True,False,24.092140914701158,-48.082028469462394,3.059311811723115,3.971038437423373,0.43483823762513635,0.0019264668073820787,0.00802244547747074,on,connected,True,synthetic_device_spec_v11
synthetic_customer_005,cabinet_005,2026-09-03 07:50:00+00:00,0,0,0,0,True,True,False,24.269284933317824,-48.280868472118485,2.9745543693922865,4.0019138356310355,0.11792373345769692,0.0,0.0,on,connected,True,synthetic_device_spec_v11
synthetic_customer_005,cabinet_005,2026-09-03 08:00:00+00:00,0,0,0,0,True,True,False,23.849796376211764,-48.23200103172849,2.9931573673833785,4.01001516806222,0.26967839052054143,0.018284197851340854,0.0,on,connected,True,synthetic_device_spec_v11
synthetic_customer_005,cabinet_005,2026-09-03 08:10:00+00:00,0,0,0,0,True,True,False,23.80610529420034,-47.59739655576958,3.000790143670523,4.09563020642843,0.6106873417921762,0.011635258624727,0.02065687850499163,on,connected,True,synthetic_device_spec_v11
synthetic_customer_005,cabinet_005,2026-09-03 08:20:00+00:00,0,0,0,0,True,True,False,24.11888227105801,-47.35995175105398,3.0243994768468014,4.021398717739091,0.0,0.009565293331917302,0.004816316275022008,on,connected,True,synthetic_device_spec_v11
synthetic_customer_005,cabinet_005,2026-09-03 08:30:00+00:00,0,0,0,0,True,True,False,24.110999161255357,-48.855418947922736,3.00829228863705,3.98910273677572,0.4263377184009063,0.03760080986269729,0.024972970659320345,on,connected,True,synthetic_device_spec_v11
synthetic_customer_005,cabinet_005,2026-09-03 08:40:00+00:00,0,0,0,0,True,True,False,23.9426666831691,-47.06678237003325,3.07831705467343,4.001973327578181,0.0,0.03534308102871892,0.0,on,connected,True,synthetic_device_spec_v11
synthetic_customer_005,cabinet_005,2026-09-03 08:50:00+00:00,0,0,0,0,True,True,False,24.05774602185051,-48.43995837626456,3.0140294027654124,3.9903842613962652,0.0,0.006230595935364461,0.0,on,connected,True,synthetic_device_spec_v11
synthetic_customer_005,cabinet_005,2026-09-03 09:00:00+00:00,0,0,0,0,True,True,False,24.096477713692686,-48.21693831450663,3.068696616817676,3.984975380379855,1.0567741568469813,0.003013180898731993,0.019081414639233026,on,connected,True,synthetic_device_spec_v11
synthetic_customer_005,cabinet_005,2026-09-03 09:10:00+00:00,0,0,0,0,True,True,False,24.06522247356571,-49.94117611631007,3.0050814953870573,3.8346766842029347,0.37886777868639615,0.009575651739860415,0.023683485833290496,on,connected,True,synthetic_device_spec_v11
synthetic_customer_005,cabinet_005,2026-09-03 09:20:00+00:00,0,0,0,0,True,True,False,24.15785714427975,-48.137376593672634,3.0395390722481817,3.95018303833403,0.0,0.02236619838459889,0.041037608957213825,on,connected,True,synthetic_device_spec_v11
synthetic_customer_005,cabinet_005,2026-09-03 09:30:00+00:00,0,0,0,0,True,True,False,24.14348178319518,-46.85737141819161,2.9306720313065115,3.982104452219669,0.0,0.03468443132553827,0.0,on,connected,True,synthetic_device_spec_v11
synthetic_customer_005,cabinet_005,2026-09-03 09:40:00+00:00,0,0,0,0,True,True,False,24.10461479524585,-48.08999957143138,2.9169948866234083,3.9893223999372673,0.0,6.002146594280829e-05,0.009526983721401405,on,connected,True,synthetic_device_spec_v11
synthetic_customer_005,cabinet_005,2026-09-03 09:50:00+00:00,0,0,0,0,True,True,False,24.17630328296566,-46.7844606154628,2.9696089563357506,4.0468567516095515,0.0,0.0,0.0,on,connected,True,synthetic_device_spec_v11
synthetic_customer_005,cabinet_005,2026-09-03 10:00:00+00:00,0,0,0,0,True,True,False,24.04845057302562,-47.755582145338586,2.9827000505740418,3.974549956167338,0.0,0.0,0.0,on,connected,True,synthetic_device_spec_v11
synthetic_customer_005,cabinet_005,2026-09-03 10:10:00+00:00,0,0,0,0,True,True,False,24.097426923366992,-49.587569297165935,2.9820353088630833,4.039587843499139,0.005973326428679289,0.0,0.0,on,connected,True,synthetic_device_spec_v11
synthetic_customer_005,cabinet_005,2026-09-03 10:20:00+00:00,0,0,0,0,True,True,False,24.091734726239164,-50.06130257997903,3.074462879842766,4.013410215208652,0.7606907129195092,0.03886194288202871,0.0,on,connected,True,synthetic_device_spec_v11
synthetic_customer_005,cabinet_005,2026-09-03 10:30:00+00:00,0,0,0,0,True,True,False,23.794948512039664,-46.068542953011644,2.976908780411841,3.966705411957727,0.049462009671860784,0.0,0.015240676110566509,on,connected,True,synthetic_device_spec_v11
synthetic_customer_005,cabinet_005,2026-09-03 10:40:00+00:00,0,0,0,0,True,True,False,23.91918445118395,-47.53542344812816,2.9925361991923864,3.9492250219598812,0.0,0.01856242013859346,0.006884918749256928,on,connected,True,synthetic_device_spec_v11
synthetic_customer_005,cabinet_005,2026-09-03 10:50:00+00:00,0,0,0,0,True,True,False,24.128592168011334,-48.07039456513964,2.9918485132007455,4.110934492417807,0.4448723878436229,0.022219614558081996,0.00872294128525508,on,connected,True,synthetic_device_spec_v11
synthetic_customer_005,cabinet_005,2026-09-03 11:00:00+00:00,0,0,0,0,True,True,False,24.12904262228394,-48.32064861633262,3.0149860288128085,3.9635431858913632,0.0,0.014843377290220033,0.0,on,connected,True,synthetic_device_spec_v11
synthetic_customer_005,cabinet_005,2026-09-03 11:10:00+00:00,0,0,0,0,True,True,False,23.771653287407524,-48.11077570041595,2.98214687632794,3.988696503023957,0.0,0.0014394556828530823,0.0,on,connected,True,synthetic_device_spec_v11
synthetic_customer_005,cabinet_005,2026-09-03 11:20:00+00:00,0,0,0,0,True,True,False,23.79429609116521,-49.4599741453444,2.9878277682047396,4.067200580762931,0.1823482130962814,0.0,0.0,on,connected,True,synthetic_device_spec_v11
synthetic_customer_005,cabinet_005,2026-09-03 11:30:00+00:00,0,0,0,0,True,True,False,23.80704558937367,-47.576520515658615,3.005602799638853,4.017459778127483,0.5399782334327183,0.024701764763951074,0.0,on,connected,True,synthetic_device_spec_v11
synthetic_customer_005,cabinet_005,2026-09-03 11:40:00+00:00,0,0,0,0,True,True,False,23.9263673577078,-50.037035417126745,2.874086908025775,3.9486539951383355,0.0,0.0,0.030345438824085715,on,connected,True,synthetic_device_spec_v11
synthetic_customer_005,cabinet_005,2026-09-03 11:50:00+00:00,0,0,0,0,True,True,False,23.90782740497581,-48.30015338829381,2.9950054065401086,3.952199502903434,0.3215946637895617,0.0,0.0,on,connected,True,synthetic_device_spec_v11
synthetic_customer_005,cabinet_005,2026-09-03 12:00:00+00:00,0,0,0,0,True,True,False,23.983394560516853,-46.569474362718935,3.0402954756278273,4.063360990225975,0.0,0.04554579822138427,0.006121628152324183,on,connected,True,synthetic_device_spec_v11
synthetic_customer_005,cabinet_005,2026-09-03 12:10:00+00:00,1,1,1,1,True,True,False,23.81468685023791,-48.08963195052583,3.0968369048158686,3.9476853389768705,0.6274698507034994,0.001490962070665063,0.026754481260986798,on,connected,True,synthetic_device_spec_v11
synthetic_customer_005,cabinet_005,2026-09-03 12:20:00+00:00,1,1,1,1,True,True,False,24.00233666479395,-49.02017922174262,3.009297233824191,4.03739347913079,0.16563466612059144,0.0,0.005694778536699111,on,connected,True,synthetic_device_spec_v11
synthetic_customer_005,cabinet_005,2026-09-03 12:30:00+00:00,1,1,1,1,True,True,False,24.103127908563092,-47.77369598703669,3.001032979789865,3.9733832507203015,1.3467837191523353,0.0,0.015868997927162294,on,connected,True,synthetic_device_spec_v11
synthetic_customer_005,cabinet_005,2026-09-03 12:40:00+00:00,0,0,0,0,True,True,False,23.890209512849722,-47.362037646111936,3.027229947847839,3.9512551806889835,0.0,0.0,0.0,on,connected,True,synthetic_device_spec_v11
synthetic_customer_005,cabinet_005,2026-09-03 12:50:00+00:00,0,0,0,0,True,True,False,23.96089081931798,-47.24523683130686,3.018295894799756,3.895639156418875,0.6338908988144414,0.0,0.0,on,connected,True,synthetic_device_spec_v11
synthetic_customer_005,cabinet_005,2026-09-03 13:00:00+00:00,0,0,0,0,True,True,False,24.083559035816602,-47.14742930250266,3.0221496884416648,3.9965443916091146,2.5615739490100617,0.001079148713178646,0.0,on,connected,True,synthetic_device_spec_v11
synthetic_customer_005,cabinet_005,2026-09-03 13:10:00+00:00,0,0,0,0,True,True,False,23.98527206320315,-45.08446723723982,2.9635491871152992,3.9430138204029643,4.347642713484838,0.005247639789869436,0.02912427718984267,on,connected,True,synthetic_device_spec_v11
synthetic_customer_005,cabinet_005,2026-09-03 13:20:00+00:00,0,0,0,0,True,True,False,24.022057378227544,-47.221361196196504,2.9441608553994847,4.048048310516105,6.691335399251407,0.005034141166086514,0.008188910890189301,on,connected,True,synthetic_device_spec_v11
synthetic_customer_005,cabinet_005,2026-09-03 13:30:00+00:00,0,0,0,0,True,True,False,23.936080354450567,-48.39868710214315,3.015582953223298,4.015088916009456,7.835850883475576,0.029539658342615373,0.010327775420474396,on,connected,True,synthetic_device_spec_v11
synthetic_customer_005,cabinet_005,2026-09-03 13:40:00+00:00,0,0,0,0,True,True,False,24.077209490507382,-48.16715639793986,2.974463103494641,4.146361536017725,9.54273860901223,0.018744497502738558,0.034884225373643794,on,connected,True,synthetic_device_spec_v11
synthetic_customer_005,cabinet_005,2026-09-03 13:50:00+00:00,0,0,0,0,True,True,False,24.043352542883714,-48.7382104191363,2.9907651932335826,3.964581157771041,10.819895359871595,0.002186512012250519,0.016280585851001974,on,connected,True,synthetic_device_spec_v11
synthetic_customer_005,cabinet_005,2026-09-03 14:00:00+00:00,0,0,0,0,True,True,False,23.915772433889984,-48.45267184718563,2.9657314937162482,4.050079556163719,12.84753762676655,0.0,0.0,on,connected,True,synthetic_device_spec_v11
synthetic_customer_005,cabinet_005,2026-09-03 14:10:00+00:00,0,0,0,0,True,True,False,24.31672430794173,-47.31890823648221,2.956042922057645,4.065680883712085,15.813751822996764,0.0,0.02492869536143482,on,connected,True,synthetic_device_spec_v11
synthetic_customer_005,cabinet_005,2026-09-03 14:20:00+00:00,0,0,0,0,True,True,False,23.991120942552303,-49.20152738828528,2.9817860999264862,4.1475613867665775,16.75369917070705,0.0,0.03501996198918774,on,connected,True,synthetic_device_spec_v11
synthetic_customer_005,cabinet_005,2026-09-03 14:30:00+00:00,0,0,0,0,True,True,False,24.058372983443817,-47.66183345356254,2.930332942749179,4.079046951109049,18.01644848047112,0.0,0.0,on,connected,True,synthetic_device_spec_v11
synthetic_customer_005,cabinet_005,2026-09-03 14:40:00+00:00,0,0,0,0,True,True,False,23.761901076820326,-48.02253587357788,2.7771965557698213,4.077334325091516,19.69174799445797,0.0,0.019711669159133166,on,connected,True,synthetic_device_spec_v11
synthetic_customer_005,cabinet_005,2026-09-03 14:50:00+00:00,0,0,0,0,True,True,False,23.877181299598472,-47.03252896009003,2.6808537832525903,3.946876588680262,21.03852718101252,0.0,0.010128284548662493,on,connected,True,synthetic_device_spec_v11
synthetic_customer_005,cabinet_005,2026-09-03 15:00:00+00:00,0,0,0,0,True,True,False,24.1216004163817,-45.351740848232716,2.560270516477262,4.078074803670004,22.143980446889934,0.0,0.0,on,connected,True,synthetic_device_spec_v11
synthetic_customer_005,cabinet_005,2026-09-03 15:10:00+00:00,0,0,0,0,True,True,False,23.962378173172034,-48.7103110966554,2.3748246134570605,4.12889397605291,25.583482366336757,0.027182605719027194,0.0008660706092979467,on,connected,True,synthetic_device_spec_v11
synthetic_customer_005,cabinet_005,2026-09-03 15:20:00+00:00,0,0,0,0,True,True,False,23.85831408556418,-49.28568682363994,2.1957563648609493,4.024582455771649,25.161946489606,0.0,0.0,on,connected,True,synthetic_device_spec_v11
synthetic_customer_005,cabinet_005,2026-09-03 15:30:00+00:00,0,0,0,0,True,True,False,23.74519492927356,-49.02274837939978,2.0433487187140744,4.0748187203549415,24.73282674430936,0.0050195757889834785,0.012066296325149588,on,connected,True,synthetic_device_spec_v11
synthetic_customer_005,cabinet_005,2026-09-03 15:40:00+00:00,0,0,0,0,True,True,False,24.01497599327196,-48.52006824905873,2.0387609415114456,3.904191532204085,25.2206180766974,0.0,0.0,on,connected,True,synthetic_device_spec_v11
synthetic_customer_005,cabinet_005,2026-09-03 15:50:00+00:00,0,0,0,0,True,True,False,24.34175888893542,-45.491798415421826,1.8272940261031034,4.114450528536005,0.8753484576414426,0.0,0.0,on,connected,True,synthetic_device_spec_v11
synthetic_customer_005,cabinet_005,2026-09-03 16:00:00+00:00,0,0,0,0,True,True,False,23.94105875468588,-47.79558425073533,1.7044427155814148,3.922629507970943,0.7906367636066794,0.0,0.0,on,connected,True,synthetic_device_spec_v11
synthetic_customer_005,cabinet_005,2026-09-03 16:10:00+00:00,0,0,0,0,True,True,False,24.27703434726035,-47.56434832131181,1.5945688357582788,4.127582935398625,0.0,0.05035139796910046,0.0,on,connected,True,synthetic_device_spec_v11
synthetic_customer_005,cabinet_005,2026-09-03 16:20:00+00:00,0,0,0,0,True,True,False,24.23591203036588,-48.788984597578626,1.3806551147264405,3.981486517702926,0.0,0.0363438311093892,0.021138625376658195,on,connected,True,synthetic_device_spec_v11
synthetic_customer_005,cabinet_005,2026-09-03 16:30:00+00:00,0,0,0,0,True,True,False,24.051423347309278,-48.71465382196038,1.3211097466017891,4.021653128115524,0.0,0.0,0.0024412760388857415,on,connected,True,synthetic_device_spec_v11
synthetic_customer_005,cabinet_005,2026-09-03 16:40:00+00:00,0,0,0,0,True,True,False,23.970645088319678,-46.80743305227272,1.0746381259412923,3.978023034003306,0.8653611202564951,0.02009633677055508,0.0,on,connected,True,synthetic_device_spec_v11
synthetic_customer_005,cabinet_005,2026-09-03 16:50:00+00:00,0,0,0,0,True,True,False,24.030886625958473,-46.92259657331372,1.0312531521401969,3.9844770933458644,0.2216858725069246,0.015057105996038345,0.0,on,connected,True,synthetic_device_spec_v11
synthetic_customer_005,cabinet_005,2026-09-03 17:00:00+00:00,0,0,0,0,True,True,False,24.082095792183498,-47.12054801317929,0.9897308881294682,4.032249004294902,0.12269677112674134,0.013314978415538496,0.0,on,connected,True,synthetic_device_spec_v11
synthetic_customer_005,cabinet_005,2026-09-03 17:10:00+00:00,0,0,0,0,True,True,False,24.070609359981994,-46.32242568918577,1.0598672074591442,3.99594516317533,0.4460212172416667,0.0054310112741308815,0.025451488538251958,on,connected,True,synthetic_device_spec_v11
synthetic_customer_005,cabinet_005,2026-09-03 17:20:00+00:00,0,0,0,0,True,True,False,23.92863653561873,-48.591782524753185,0.9155564219572098,3.952453210389259,0.0,0.016771561831742703,0.008683248511425748,on,connected,True,synthetic_device_spec_v11
synthetic_customer_005,cabinet_005,2026-09-03 17:30:00+00:00,0,0,0,0,True,True,False,23.94358747656658,-49.43435666685316,0.9871409955679842,4.082709340330052,0.3287230187940841,0.029514023892197257,0.01878986201717598,on,connected,True,synthetic_device_spec_v11
synthetic_customer_005,cabinet_005,2026-09-03 17:40:00+00:00,0,0,0,0,True,True,False,24.03687332500565,-48.3777620086764,1.0414357112984303,4.007621802122119,0.0,0.0,0.0,on,connected,True,synthetic_device_spec_v11
synthetic_customer_005,cabinet_005,2026-09-03 17:50:00+00:00,0,0,0,0,True,True,False,24.045186469653196,-49.234373650664786,1.0031850712395074,4.037086817970307,0.0,0.0,0.026749867189485084,on,connected,True,synthetic_device_spec_v11
synthetic_customer_005,cabinet_005,2026-09-03 18:00:00+00:00,0,0,0,0,True,True,False,24.09091641686295,-49.70159759502699,1.0042946425665686,4.010483061639567,0.2523055679969613,0.03316641910244455,0.027790439936305315,on,connected,True,synthetic_device_spec_v11
synthetic_customer_005,cabinet_005,2026-09-03 18:10:00+00:00,1,1,1,1,True,True,False,24.03497005890025,-48.23281883779826,2.9631354696823338,3.884627262846021,0.0,0.02012513321461991,0.0,on,connected,True,synthetic_device_spec_v11
synthetic_customer_005,cabinet_005,2026-09-03 18:20:00+00:00,1,1,1,1,True,True,False,23.70713713287171,-47.6371205155349,3.013960008807817,3.979361918429179,0.6865675127127034,0.0,0.0,on,connected,True,synthetic_device_spec_v11
synthetic_customer_005,cabinet_005,2026-09-03 18:30:00+00:00,1,1,1,1,True,True,False,23.677718284588995,-47.823507801579126,2.981548876956493,3.9975292006045957,0.0,0.0,0.0,on,connected,True,synthetic_device_spec_v11
synthetic_customer_005,cabinet_005,2026-09-03 18:40:00+00:00,0,0,0,0,True,True,False,24.14180099280349,-48.36546129224025,2.9750786337495496,4.0408169725367715,0.0,0.00921113955991835,0.0024924966820290056,on,connected,True,synthetic_device_spec_v11
synthetic_customer_005,cabinet_005,2026-09-03 18:50:00+00:00,0,0,0,0,True,True,False,23.919357548477393,-47.486237657553346,2.893587308188232,4.01452968079917,0.0,0.0,0.0,on,connected,True,synthetic_device_spec_v11
synthetic_customer_005,cabinet_005,2026-09-03 19:00:00+00:00,0,0,0,0,True,True,False,23.832529275578718,-48.107820017631994,2.88148974427966,4.039083342281418,0.09016929641673535,0.0,0.0,on,connected,True,synthetic_device_spec_v11
synthetic_customer_005,cabinet_005,2026-09-03 19:10:00+00:00,0,0,0,0,True,True,False,23.944712497950995,-47.52396704285717,2.851039126133719,3.904435235483919,0.0,0.0,0.011521591819365419,on,connected,True,synthetic_device_spec_v11
synthetic_customer_005,cabinet_005,2026-09-03 19:20:00+00:00,0,0,0,0,True,True,False,24.005812672721486,-47.81282135490206,2.780277284283558,4.087193285813421,0.0,0.003082950008893185,0.010021922455443377,on,connected,True,synthetic_device_spec_v11
synthetic_customer_005,cabinet_005,2026-09-03 19:30:00+00:00,0,0,0,0,True,True,False,24.012560436782927,-50.15251000411819,2.702548797537733,4.061182164951003,0.1787841259770509,0.0,0.0,on,connected,True,synthetic_device_spec_v11
synthetic_customer_005,cabinet_005,2026-09-03 19:40:00+00:00,0,0,0,0,True,True,False,23.99385508694273,-46.20487585337323,2.6733273849200625,4.038533370657292,0.0,0.012605939595341401,0.0,on,connected,True,synthetic_device_spec_v11
synthetic_customer_005,cabinet_005,2026-09-03 19:50:00+00:00,0,0,0,0,True,True,False,24.100560857706594,-46.69591411122089,2.622311139226469,3.9137104170733252,0.5434883067069924,0.0,0.0,on,connected,True,synthetic_device_spec_v11
synthetic_customer_005,cabinet_005,2026-09-03 20:00:00+00:00,0,0,0,0,True,True,False,23.942910143903802,-45.44468434994725,2.604951915842362,4.1585873769627035,0.0,0.0,0.05821696000177665,on,connected,True,synthetic_device_spec_v11
synthetic_customer_005,cabinet_005,2026-09-03 20:10:00+00:00,0,0,0,0,True,True,False,23.894141521150654,-46.98302406869582,2.5731922506062332,4.502679750194362,0.3357652238277218,4.558597100421613e-05,0.0471493852405043,on,connected,True,synthetic_device_spec_v11
synthetic_customer_005,cabinet_005,2026-09-03 20:20:00+00:00,0,0,0,0,True,True,False,23.934151506191817,-47.7660058512123,2.454505106714702,4.7915673550443225,0.0,0.003477013979931224,0.07410601167607561,on,connected,True,synthetic_device_spec_v11
synthetic_customer_005,cabinet_005,2026-09-03 20:30:00+00:00,0,0,0,0,True,True,False,24.05371886502991,-48.773642774216505,2.415454765574129,5.031648694933255,0.3582426359725546,0.0,0.15096991344053665,on,connected,True,synthetic_device_spec_v11
synthetic_customer_005,cabinet_005,2026-09-03 20:40:00+00:00,0,0,0,0,True,True,False,23.895646239846126,-47.77317472083727,2.3970996211564053,5.275269619063236,0.0,0.03721031003370509,0.16654986019324847,on,connected,True,synthetic_device_spec_v11
synthetic_customer_005,cabinet_005,2026-09-03 20:50:00+00:00,0,0,0,0,True,True,False,23.8888160344387,-48.627505954745374,2.379194457008203,5.6064619858772105,0.0,0.01159430747217689,0.2081294134344261,on,connected,True,synthetic_device_spec_v11
synthetic_customer_005,cabinet_005,2026-09-03 21:00:00+00:00,0,0,0,0,True,True,False,24.10527809674684,-48.97945328755746,2.253926458909062,5.896727777398283,0.03231986132393094,0.01084043072745787,0.2671002728127516,on,connected,True,synthetic_device_spec_v11
synthetic_customer_005,cabinet_005,2026-09-03 21:10:00+00:00,0,0,0,0,True,True,False,23.89846489752554,-50.25319980556375,2.2683895526145856,6.108750954522601,0.0,0.0,0.31182731543283565,on,connected,True,synthetic_device_spec_v11
synthetic_customer_005,cabinet_005,2026-09-03 21:20:00+00:00,0,0,0,0,True,True,False,23.88850400215052,-50.582207450816185,2.275935441085563,6.487783722816038,0.0,0.037084623115039086,0.2980307929640841,on,connected,True,synthetic_device_spec_v11
synthetic_customer_005,cabinet_005,2026-09-03 21:30:00+00:00,0,0,0,0,True,True,False,24.11749647049131,-53.73275111121292,2.1596716583348265,6.696086277857979,0.09386744788038406,0.10461262128610405,0.37404377192586713,on,connected,True,synthetic_device_spec_v11
synthetic_customer_005,cabinet_005,2026-09-03 21:40:00+00:00,0,0,0,0,True,True,False,24.04538446410011,-54.21987813773387,2.242151915790485,7.00715210757009,0.0,0.13269039727955456,0.361722074917455,on,connected,True,synthetic_device_spec_v11
synthetic_customer_005,cabinet_005,2026-09-03 21:50:00+00:00,0,0,0,0,True,True,False,24.003337134124145,-57.59595151932741,2.152398010092509,6.971498182396314,0.0,0.18785891694260826,0.4389806023619951,on,connected,True,synthetic_device_spec_v11
synthetic_customer_005,cabinet_005,2026-09-03 22:00:00+00:00,0,0,0,0,True,True,False,24.345410821450756,-58.37968566952367,2.1742781933510966,6.955780321296599,0.09684218999063501,0.1829999363836211,0.39082532460862934,on,connected,True,synthetic_device_spec_v11
synthetic_customer_005,cabinet_005,2026-09-03 22:10:00+00:00,0,0,0,0,True,True,False,23.97585911756733,-59.42931477724024,2.1969250690781448,6.904487366568035,0.6999467884680379,0.20660844327822148,0.40541804970271145,on,connected,True,synthetic_device_spec_v11
synthetic_customer_005,cabinet_005,2026-09-03 22:20:00+00:00,0,0,0,0,True,True,False,23.892824317608408,-61.237444279405196,2.1770216854859243,7.010945113294907,0.07685220219481481,0.2996889016812145,0.39311482043405893,on,connected,True,synthetic_device_spec_v11
synthetic_customer_005,cabinet_005,2026-09-03 22:30:00+00:00,0,0,0,0,True,True,False,24.10008891941955,-65.30765052506923,2.191297183999879,3.9728235147467474,0.09451382460355418,0.277868667343477,0.0,on,connected,True,synthetic_device_spec_v11
synthetic_customer_005,cabinet_005,2026-09-03 22:40:00+00:00,0,0,0,0,True,True,False,23.68961774849941,-65.14398285018257,3.028137569343558,4.068776987246963,0.2213758459944399,0.33826696544875073,0.0,on,connected,True,synthetic_device_spec_v11
synthetic_customer_005,cabinet_005,2026-09-03 22:50:00+00:00,0,0,0,0,True,True,False,24.095723702219654,-66.28205661111406,2.968270414955041,4.082943378132209,0.6269525946033252,0.3443751569332207,0.0,on,connected,True,synthetic_device_spec_v11
synthetic_customer_005,cabinet_005,2026-09-03 23:00:00+00:00,0,0,0,0,True,True,False,24.107868188144966,-68.4173607515637,3.0039436201281684,3.889619227580227,0.0,0.37324379845378935,0.0163794771351438,on,connected,True,synthetic_device_spec_v11
synthetic_customer_005,cabinet_005,2026-09-03 23:10:00+00:00,0,0,0,0,True,True,False,23.91019693240416,-73.26598814248253,2.9765673216555446,4.043774792376714,0.0,0.45406797559124823,0.0029367435708157826,on,connected,True,synthetic_device_spec_v11
synthetic_customer_005,cabinet_005,2026-09-03 23:20:00+00:00,0,0,0,0,True,True,False,24.03801249431774,-74.4920761943618,2.9908096209618886,4.0301869982354335,0.0,0.4157015908564312,0.01797214661994224,on,connected,True,synthetic_device_spec_v11
synthetic_customer_005,cabinet_005,2026-09-03 23:30:00+00:00,0,0,0,0,True,True,False,23.99537421150769,-74.80530153727786,2.9563896344065363,4.026292047138909,0.3076012506469095,0.5538657430799261,0.01795265921796631,on,connected,True,synthetic_device_spec_v11
synthetic_customer_005,cabinet_005,2026-09-03 23:40:00+00:00,0,0,0,0,True,True,False,24.20239622135183,-76.20973044924003,2.9869263389963643,4.018508333609607,0.0,0.5219625121454993,0.0008520166547399817,on,connected,True,synthetic_device_spec_v11
synthetic_customer_005,cabinet_005,2026-09-03 23:50:00+00:00,0,0,0,0,True,True,False,24.06936345142335,-79.32797905221439,3.0038557285604193,4.015174579977557,0.1470996882588781,0.5698388259400814,0.0,on,connected,True,synthetic_device_spec_v11
synthetic_customer_005,cabinet_005,2026-09-04 00:00:00+00:00,0,0,0,0,True,True,False,23.642918827828026,-78.72107655920117,2.927186018667917,3.938693528322299,0.0,0.554333716949307,0.0,on,connected,True,synthetic_device_spec_v11
synthetic_customer_005,cabinet_005,2026-09-04 00:10:00+00:00,1,1,1,1,True,True,False,23.77093631830146,-81.94001602421109,2.9873195765264153,3.950576176276336,0.06175706421797546,0.6384501528103587,0.0016109830789310037,on,connected,True,synthetic_device_spec_v11
synthetic_customer_005,cabinet_005,2026-09-04 00:20:00+00:00,1,1,1,1,True,True,False,24.149277591594622,-84.20640197719706,3.0201507372426146,3.9450798197208474,0.220484445951786,0.6625980268480269,0.0,on,connected,True,synthetic_device_spec_v11
synthetic_customer_005,cabinet_005,2026-09-04 01:40:00+00:00,0,0,0,0,True,True,False,23.874676995187798,-46.15959028754646,2.9606882568996142,4.015618354813521,0.0,0.05672778063521077,0.0,on,connected,True,synthetic_device_spec_v11
synthetic_customer_005,cabinet_005,2026-09-04 01:50:00+00:00,0,0,0,0,True,True,False,23.647581392436717,-48.58749894870481,2.9519783556056645,3.958290434661982,0.0,0.0,0.0,on,connected,True,synthetic_device_spec_v11
synthetic_customer_005,cabinet_005,2026-09-04 02:00:00+00:00,0,0,0,0,True,True,False,23.09761982686109,-47.88324103562084,2.9866767582862024,3.971231045982888,0.38784068595122134,0.0,0.02396603630631915,on,connected,True,synthetic_device_spec_v11
synthetic_customer_005,cabinet_005,2026-09-04 02:10:00+00:00,0,0,0,0,True,True,False,22.834023256066803,-47.16386573474144,3.019300506882337,3.969431732108173,0.4274044798933846,0.0075562019915246595,0.014375406699961285,on,connected,True,synthetic_device_spec_v11
synthetic_customer_005,cabinet_005,2026-09-04 02:20:00+00:00,0,0,0,0,True,True,False,22.51262970960072,-49.62926862707079,2.9242235610580103,4.0040846560351255,0.0,0.02447100543678708,0.008324378247429999,on,connected,True,synthetic_device_spec_v11
synthetic_customer_005,cabinet_005,2026-09-04 02:30:00+00:00,0,0,0,0,True,True,False,22.528503723163507,-45.89116026644598,2.986437666776365,3.9078960055548877,0.2652874215464277,0.022249746162144556,0.00019550734496968567,on,connected,True,synthetic_device_spec_v11
synthetic_customer_005,cabinet_005,2026-09-04 02:40:00+00:00,0,0,0,0,True,True,False,21.98092919947094,-47.93164123245216,2.9973957960618325,3.928847048309339,0.0,0.03907537422424626,0.0,on,connected,True,synthetic_device_spec_v11
synthetic_customer_005,cabinet_005,2026-09-04 02:50:00+00:00,0,0,0,0,True,True,False,21.75563386986366,-47.902196453959306,3.0036015303965464,3.918634651351763,0.0,0.01561610547164391,0.007068122715374738,on,connected,True,synthetic_device_spec_v11
synthetic_customer_005,cabinet_005,2026-09-04 03:00:00+00:00,0,0,0,0,True,True,False,21.251314592790226,-47.95625350467786,3.024013429552682,4.082291314352758,0.5145135885174944,0.0,0.0025717804414791133,on,connected,True,synthetic_device_spec_v11
synthetic_customer_005,cabinet_005,2026-09-04 03:10:00+00:00,0,0,0,0,True,True,False,21.194316746739425,-49.51053564722878,3.0610393562536373,4.080484138292016,0.0,0.0,0.0054539700594810805,on,connected,True,synthetic_device_spec_v11
synthetic_customer_005,cabinet_005,2026-09-04 03:20:00+00:00,0,0,0,0,True,True,False,20.830019353509638,-46.28280621728578,3.044801609957905,3.9764987049092793,0.0,0.0,0.00988805504023845,on,connected,True,synthetic_device_spec_v11
synthetic_customer_005,cabinet_005,2026-09-04 03:30:00+00:00,0,0,0,0,True,True,False,20.778396190238176,-48.45091537519265,3.01091604962482,4.047664732759844,0.4198817574698391,0.03131657377805545,0.030255706213012063,on,connected,True,synthetic_device_spec_v11
synthetic_customer_005,cabinet_005,2026-09-04 03:40:00+00:00,0,0,0,0,True,True,False,20.538372646127435,-47.86365318683687,2.9468077398581056,4.034732633812711,0.17780411521311315,0.016195857708031846,0.009346709166351495,on,connected,True,synthetic_device_spec_v11
synthetic_customer_005,cabinet_005,2026-09-04 03:50:00+00:00,0,0,0,0,True,True,False,20.37201719206156,-48.65429519055043,2.9912113281914148,4.005008974668169,0.6674140765791859,0.022400065480786116,0.01701294501548386,on,connected,True,synthetic_device_spec_v11
synthetic_customer_005,cabinet_005,2026-09-04 04:00:00+00:00,0,0,0,0,True,True,False,19.66700035204757,-49.245208299899865,2.951789948714572,4.019703714306383,0.0,0.02056267573550355,0.02341440042647547,on,connected,True,synthetic_device_spec_v11
synthetic_customer_005,cabinet_005,2026-09-04 04:10:00+00:00,0,0,0,0,True,True,False,19.64924970374191,-48.23969974020734,3.054687648655331,3.981024359049557,1.3583648844911431,0.015112554616109398,0.0,on,connected,True,synthetic_device_spec_v11
synthetic_customer_005,cabinet_005,2026-09-04 04:20:00+00:00,0,0,0,0,True,True,False,18.808829287307386,-48.37810338488687,2.9772429452864984,4.022039748667725,0.0,0.0,0.015747297329517226,on,connected,True,synthetic_device_spec_v11
synthetic_customer_005,cabinet_005,2026-09-04 04:30:00+00:00,0,0,0,0,True,True,False,19.22918927073582,-46.481677463542006,3.0189942749045917,4.0016286725821555,0.20022867452290588,0.03638365153229029,0.0,on,connected,True,synthetic_device_spec_v11
synthetic_customer_005,cabinet_005,2026-09-04 04:40:00+00:00,0,0,0,0,True,True,False,18.579220447530147,-47.485172572528114,3.003695362469636,3.951348216143991,0.0,0.02174538365311861,0.0,on,connected,True,synthetic_device_spec_v11
synthetic_customer_005,cabinet_005,2026-09-04 06:10:00+00:00,1,1,1,1,True,True,False,24.16438534487476,-49.39961723019271,3.016160819123186,3.9830355769761105,0.0,0.004581686158503794,0.01466434386255428,on,connected,True,synthetic_device_spec_v11
synthetic_customer_005,cabinet_005,2026-09-04 06:20:00+00:00,1,1,1,1,True,True,False,24.08248799148888,-49.177307894596346,3.0172641139475824,3.9478948872743307,0.6720254001057351,0.002205620199543358,0.016612779994142287,on,connected,True,synthetic_device_spec_v11
synthetic_customer_005,cabinet_005,2026-09-04 06:30:00+00:00,1,1,1,1,True,True,False,24.09764500314295,-47.66661163771758,2.9711220861316714,3.9153050542103136,0.0,0.0,0.029972136822335977,on,connected,True,synthetic_device_spec_v11
synthetic_customer_005,cabinet_005,2026-09-04 06:40:00+00:00,0,0,0,0,True,True,False,23.869763303518408,-48.520491761856796,2.961365710204431,4.087816435128169,0.479888143839477,0.04652412613582321,0.0,on,connected,True,synthetic_device_spec_v11
synthetic_customer_005,cabinet_005,2026-09-04 06:50:00+00:00,0,0,0,0,True,True,False,24.053071865559197,-46.81548682572736,2.9951657840278463,4.073707382964285,0.0,0.0,0.0,on,connected,True,synthetic_device_spec_v11
synthetic_customer_005,cabinet_005,2026-09-04 07:00:00+00:00,0,0,0,0,True,True,False,24.053295028006623,-48.9371486117225,2.980061037716546,3.9654296899551285,0.3756717009290882,0.016307636121530154,0.0,on,connected,True,synthetic_device_spec_v11
synthetic_customer_005,cabinet_005,2026-09-04 07:10:00+00:00,0,0,0,0,True,True,False,23.835183606102177,-48.14614784627169,3.023467766213346,3.933781017280665,0.0,0.0,0.004908836007400099,on,connected,True,synthetic_device_spec_v11
synthetic_customer_005,cabinet_005,2026-09-04 07:20:00+00:00,0,0,0,0,True,True,False,24.010525668871928,-47.0045772976009,3.0813640410429874,4.014595856776935,0.0,0.003946306721666773,0.01011996391372964,on,connected,True,synthetic_device_spec_v11
synthetic_customer_005,cabinet_005,2026-09-04 07:30:00+00:00,0,0,0,0,True,True,False,24.112740877524324,-48.22522698968278,2.975088480196988,3.9800291924891105,0.3388899674197746,0.025038050299928755,0.00842772815650735,on,connected,True,synthetic_device_spec_v11
synthetic_customer_005,cabinet_005,2026-09-04 07:40:00+00:00,0,0,0,0,True,True,False,23.966006729435342,-48.6882741369103,2.9624014915875643,4.02021347780301,0.4400524510569389,0.0,0.0,on,connected,True,synthetic_device_spec_v11
synthetic_customer_005,cabinet_005,2026-09-04 07:50:00+00:00,0,0,0,0,True,True,False,23.950692031235985,-46.92480502557043,3.0322011953412598,4.048606844391082,0.0,0.00865042968654303,0.0,on,connected,True,synthetic_device_spec_v11
synthetic_customer_005,cabinet_005,2026-09-04 08:00:00+00:00,0,0,0,0,True,True,False,23.906035801629596,-46.13561150080325,3.011130734838662,4.013462315234046,0.9585991871546455,0.0,0.0,on,connected,True,synthetic_device_spec_v11
synthetic_customer_005,cabinet_005,2026-09-04 08:10:00+00:00,0,0,0,0,True,True,False,23.753739118951824,-49.09486771871537,3.041604275442522,3.9141135202465214,0.0,0.022099821778659334,0.0,on,connected,True,synthetic_device_spec_v11
synthetic_customer_005,cabinet_005,2026-09-04 08:20:00+00:00,0,0,0,0,True,True,False,23.747597755655633,-48.665909745834455,3.015064904027427,4.117893979825667,0.0,0.04053475254772222,0.0,on,connected,True,synthetic_device_spec_v11
synthetic_customer_005,cabinet_005,2026-09-04 08:30:00+00:00,0,0,0,0,True,True,False,24.034484067782103,-47.685947359413255,3.0558284160801965,4.021327447429064,0.0,0.0,0.0,on,connected,True,synthetic_device_spec_v11
synthetic_customer_005,cabinet_005,2026-09-04 08:40:00+00:00,0,0,0,0,True,True,False,24.0299603408145,-47.66781224872084,3.069015106919247,4.002757539713516,0.0,0.0,0.014872482541089034,on,connected,True,synthetic_device_spec_v11
synthetic_customer_005,cabinet_005,2026-09-04 08:50:00+00:00,0,0,0,0,True,True,False,23.962307083807985,-46.422307199350065,3.0432550657654422,3.9376544842035877,0.0,0.00012459888701006963,0.0,on,connected,True,synthetic_device_spec_v11
synthetic_customer_005,cabinet_005,2026-09-04 09:00:00+00:00,0,0,0,0,True,True,False,24.125799501685233,-49.92093754134224,3.088829747515462,4.165535020291878,0.21657485831197465,0.032406240603403295,0.0,on,connected,True,synthetic_device_spec_v11
synthetic_customer_005,cabinet_005,2026-09-04 09:10:00+00:00,0,0,0,0,True,True,False,23.962039963763075,-49.023409923599516,2.9161376181647185,3.9672900837448473,0.0,0.0,0.0,on,connected,True,synthetic_device_spec_v11
synthetic_customer_005,cabinet_005,2026-09-04 09:20:00+00:00,0,0,0,0,True,True,False,23.844097940205014,-47.87475715771298,3.0585516371484336,3.951302134901084,0.6490983958848767,0.03273924708332898,0.0058521746745547375,on,connected,True,synthetic_device_spec_v11
synthetic_customer_005,cabinet_005,2026-09-04 09:30:00+00:00,0,0,0,0,True,True,False,23.904497967638303,-46.36800835865934,3.0483967390033917,3.9542568048243383,0.7452851814631696,0.045546675922310355,0.008190392689463363,on,connected,True,synthetic_device_spec_v11
synthetic_customer_005,cabinet_005,2026-09-04 09:40:00+00:00,0,0,0,0,True,True,False,23.953832994968927,-48.098412893858395,2.991620996086251,3.979656052333592,0.9178341827165539,0.0,0.0,on,connected,True,synthetic_device_spec_v11
synthetic_customer_005,cabinet_005,2026-09-04 09:50:00+00:00,0,0,0,0,True,True,False,23.98255803980153,-47.659622247476086,2.9736699004765104,4.0127779734414455,0.0,0.02038916048849044,0.0,on,connected,True,synthetic_device_spec_v11
synthetic_customer_005,cabinet_005,2026-09-04 10:00:00+00:00,0,0,0,0,True,True,False,23.965298867959245,-48.15998208744039,2.9255735489157346,4.0060583230318185,0.0,0.0,0.0,on,connected,True,synthetic_device_spec_v11
synthetic_customer_005,cabinet_005,2026-09-04 10:10:00+00:00,0,0,0,0,True,True,False,23.791249641084857,-48.1808816137332,3.029237912098099,4.139372052284425,0.0,0.037375718435650636,0.017561393105818078,on,connected,True,synthetic_device_spec_v11
synthetic_customer_005,cabinet_005,2026-09-04 10:20:00+00:00,0,0,0,0,True,True,False,24.068582466748495,-48.084902792927686,2.9609159587614355,3.965074314665014,0.0,0.0,0.0,on,connected,True,synthetic_device_spec_v11
synthetic_customer_005,cabinet_005,2026-09-04 10:30:00+00:00,0,0,0,0,True,True,False,23.840808862894296,-47.672378539808705,3.016979692434155,3.9529230779543996,0.0,0.0011369173225297716,0.0,on,connected,True,synthetic_device_spec_v11
synthetic_customer_005,cabinet_005,2026-09-04 10:40:00+00:00,0,0,0,0,True,True,False,23.898180033815898,-49.87844269859226,2.9824495976857794,4.04216103426838,0.29617848335026487,0.0,0.005579471835705057,on,connected,True,synthetic_device_spec_v11
synthetic_customer_005,cabinet_005,2026-09-04 10:50:00+00:00,0,0,0,0,True,True,False,23.8973914409279,-49.14553492781536,3.0934053829370454,3.874256532906101,0.0,0.0,0.001961126297561906,on,connected,True,synthetic_device_spec_v11
synthetic_customer_005,cabinet_005,2026-09-04 11:00:00+00:00,0,0,0,0,True,True,False,24.176358274552808,-46.79742070378088,2.9609193952209747,3.947052575972721,0.20474971997351077,0.015259070544022075,0.01200373710843884,on,connected,True,synthetic_device_spec_v11
synthetic_customer_005,cabinet_005,2026-09-04 11:10:00+00:00,0,0,0,0,True,True,False,24.035775915103613,-49.92555150618528,2.9486322691230784,3.908624982641972,0.7187488816235198,0.04483001048709259,0.0033763395842875852,on,connected,True,synthetic_device_spec_v11
synthetic_customer_005,cabinet_005,2026-09-04 11:20:00+00:00,0,0,0,0,True,True,False,24.02670115859215,-47.83204850938576,3.0189753525189715,4.089218793945534,0.29214900757236073,0.0,0.0,on,connected,True,synthetic_device_spec_v11
synthetic_customer_005,cabinet_005,2026-09-04 11:30:00+00:00,0,0,0,0,True,True,False,23.98841550834877,-48.95052482940193,2.9796332230641682,3.9587167036469015,0.6159276845925542,0.0049001932340740064,0.0,on,connected,True,synthetic_device_spec_v11
synthetic_customer_005,cabinet_005,2026-09-04 11:40:00+00:00,0,0,0,0,True,True,False,23.979236045011547,-47.14122288003958,2.9743685299504827,4.026998222858952,0.0,0.0,0.0,on,connected,True,synthetic_device_spec_v11
synthetic_customer_005,cabinet_005,2026-09-04 11:50:00+00:00,0,0,0,0,True,True,False,24.079603585194967,-47.217772487293715,3.046361362373827,3.9843003002112853,0.0,0.0,0.004433816428184884,on,connected,True,synthetic_device_spec_v11
synthetic_customer_005,cabinet_005,2026-09-04 12:00:00+00:00,0,0,0,0,True,True,False,23.921302855296926,-48.12844155610792,3.057620423704003,4.036406109264419,0.30160427034747866,0.02801004814802263,0.01414431769602561,on,connected,True,synthetic_device_spec_v11
synthetic_customer_005,cabinet_005,2026-09-04 12:10:00+00:00,1,1,1,1,True,True,False,24.034447774402018,-48.07382142768065,2.9716989850009186,4.036398477393533,0.22585605124912128,0.0,0.0,on,connected,True,synthetic_device_spec_v11
synthetic_customer_005,cabinet_005,2026-09-04 12:20:00+00:00,1,1,1,1,True,True,False,24.028462798693045,-47.73967894286876,3.01668136603725,4.069792363238413,0.3527470693964892,0.0,0.0,on,connected,True,synthetic_device_spec_v11
synthetic_customer_005,cabinet_005,2026-09-04 12:30:00+00:00,1,1,1,1,True,True,False,23.971902637613084,-48.67547224638008,3.035328822403405,4.045364684495181,0.0,0.0,0.0,on,connected,True,synthetic_device_spec_v11
synthetic_customer_005,cabinet_005,2026-09-04 12:40:00+00:00,0,0,0,0,True,True,False,23.95717115946602,-47.63465334398264,3.012112298290431,3.9770186432989085,0.1526058470288644,0.008148959096248666,0.008388398893305244,on,connected,True,synthetic_device_spec_v11
synthetic_customer_005,cabinet_005,2026-09-04 12:50:00+00:00,0,0,0,0,True,True,False,23.893568194500197,-48.73583773374696,2.9742690024975085,3.987956758329534,0.13644356663197696,0.015383868678739684,0.0,on,connected,True,synthetic_device_spec_v11
synthetic_customer_005,cabinet_005,2026-09-04 13:00:00+00:00,0,0,0,0,True,True,False,24.119172858608145,-47.46363206440834,2.9951457297698547,3.9184255157053154,0.0,0.004799909857751795,0.0,on,connected,True,synthetic_device_spec_v11
synthetic_customer_005,cabinet_005,2026-09-04 13:10:00+00:00,0,0,0,0,True,True,False,23.98368486773479,-48.01078177476732,2.93157502919065,3.971775667791653,0.481281939081487,0.0,0.006762619158176075,on,connected,True,synthetic_device_spec_v11
synthetic_customer_005,cabinet_005,2026-09-04 13:20:00+00:00,0,0,0,0,True,True,False,24.058489561611584,-50.127854895036435,2.9516591155476384,4.0687657692554975,0.8756765859637752,0.0,0.021119699365057507,on,connected,True,synthetic_device_spec_v11
synthetic_customer_005,cabinet_005,2026-09-04 13:30:00+00:00,0,0,0,0,True,True,False,23.898014175022887,-47.92079344198249,3.06678161446617,3.9477227046477132,0.0,0.015794059503399422,0.0,on,connected,True,synthetic_device_spec_v11
synthetic_customer_005,cabinet_005,2026-09-04 13:40:00+00:00,0,0,0,0,True,True,False,23.997389038293782,-47.385265451080265,2.943865970917813,4.039934976843323,0.0,0.039848597188599025,0.02388175854671333,on,connected,True,synthetic_device_spec_v11
synthetic_customer_005,cabinet_005,2026-09-04 13:50:00+00:00,0,0,0,0,True,True,False,23.98056835865315,-47.338407665985926,2.990977179401378,4.0227445639455865,0.4514163132563234,0.0,0.0,on,connected,True,synthetic_device_spec_v11
synthetic_customer_005,cabinet_005,2026-09-04 14:00:00+00:00,0,0,0,0,True,True,False,23.94841802584995,-46.51577626636472,3.0246317130540445,4.026601881105947,0.0,0.008382644163709617,0.0,on,connected,True,synthetic_device_spec_v11
synthetic_customer_005,cabinet_005,2026-09-04 14:10:00+00:00,0,0,0,0,True,True,False,24.13369802829577,-44.42054719179144,2.9774409753084057,3.9620168616036975,0.0,0.0,0.02007302126950571,on,connected,True,synthetic_device_spec_v11
synthetic_customer_005,cabinet_005,2026-09-04 14:20:00+00:00,0,0,0,0,True,True,False,23.554459251369487,-47.56998582160984,2.9977710379713933,4.067848685698823,0.3637224859916766,0.0,0.023670334575378173,on,connected,True,synthetic_device_spec_v11
synthetic_customer_005,cabinet_005,2026-09-04 14:30:00+00:00,0,0,0,0,True,True,False,23.801680621641818,-47.31950608040957,3.002869075544448,4.026900445920161,1.1767682810626008,0.03069756702865034,0.018558585180450927,on,connected,True,synthetic_device_spec_v11
synthetic_customer_005,cabinet_005,2026-09-04 14:40:00+00:00,0,0,0,0,True,True,False,23.955469481762364,-48.85055854748641,3.022497362995503,4.074413426049293,0.830218216965414,0.008555667409962983,0.016877072045185505,on,connected,True,synthetic_device_spec_v11
synthetic_customer_005,cabinet_005,2026-09-04 14:50:00+00:00,0,0,0,0,True,True,False,23.907461135851538,-48.09545717379304,3.0154082078276483,3.9891729989810525,1.6911110997968883,0.011898252522934818,0.012532201963638759,on,connected,True,synthetic_device_spec_v11
synthetic_customer_005,cabinet_005,2026-09-04 15:00:00+00:00,0,0,0,0,True,True,False,24.071082980057597,-49.1825936095615,3.0042741731024436,4.038520894845212,0.0,0.0,0.002261270069485538,on,connected,True,synthetic_device_spec_v11
synthetic_customer_005,cabinet_005,2026-09-04 15:10:00+00:00,0,0,0,0,True,True,False,24.0089438841913,-47.53078494917856,2.991911440676633,3.9395831951258313,0.13389999818975484,0.009592439369650051,0.0,on,connected,True,synthetic_device_spec_v11
synthetic_customer_005,cabinet_005,2026-09-04 15:20:00+00:00,0,0,0,0,True,True,False,23.726341354648092,-46.975638054430476,3.012995040787874,4.008441582904373,0.0,0.04434191420918311,0.0,on,connected,True,synthetic_device_spec_v11
synthetic_customer_005,cabinet_005,2026-09-04 15:30:00+00:00,0,0,0,0,True,True,False,23.744275475977016,-47.44736451167931,3.0707100713317415,4.028387146770113,0.5399638531813445,0.0,0.006075678322775342,on,connected,True,synthetic_device_spec_v11
synthetic_customer_005,cabinet_005,2026-09-04 15:40:00+00:00,0,0,0,0,True,True,False,23.848112430426138,-46.65370684141574,3.0483647977603514,4.0109644415536225,0.0,0.0062964628233539086,0.006985060415547164,on,connected,True,synthetic_device_spec_v11
synthetic_customer_005,cabinet_005,2026-09-04 15:50:00+00:00,0,0,0,0,True,True,False,23.846389795982567,-48.50146305491764,3.038154748548402,4.14753614727436,0.3386730244851637,0.002816328420132994,0.04230866210545672,on,connected,True,synthetic_device_spec_v11
synthetic_customer_005,cabinet_005,2026-09-04 16:00:00+00:00,0,0,0,0,True,True,False,23.982429612423665,-48.67455211128826,2.999600579815191,4.231296636581432,0.28000396369011554,0.017470122502861767,0.04670821090486202,on,connected,True,synthetic_device_spec_v11
synthetic_customer_005,cabinet_005,2026-09-04 16:10:00+00:00,0,0,0,0,True,True,False,23.866344007909465,-48.57729448581983,3.0930625107865244,4.4894108311063325,0.0,0.01616305017209006,0.046539964061930006,on,connected,True,synthetic_device_spec_v11
synthetic_customer_005,cabinet_005,2026-09-04 16:20:00+00:00,0,0,0,0,True,True,False,24.11336857296907,-47.3003800939512,3.0053986778319843,4.652482200943776,0.23135095233556222,0.0,0.10192582921940631,on,connected,True,synthetic_device_spec_v11
synthetic_customer_005,cabinet_005,2026-09-04 16:30:00+00:00,0,0,0,0,True,True,False,24.02124928544118,-49.440636923154536,2.998506892292571,4.76512571214754,0.30025590627477394,0.003018078572039228,0.11837815106988833,on,connected,True,synthetic_device_spec_v11
synthetic_customer_005,cabinet_005,2026-09-04 16:40:00+00:00,0,0,0,0,True,True,False,24.123250432265056,-47.069856253756534,3.0158979234632706,4.94074373244839,0.0,0.0,0.13389902301565018,on,connected,True,synthetic_device_spec_v11
synthetic_customer_005,cabinet_005,2026-09-04 16:50:00+00:00,0,0,0,0,True,True,False,24.03098620622941,-47.86382871016487,3.072074428423921,5.203607225563192,0.30589701990766194,0.029073119395525784,0.16285848255934693,on,connected,True,synthetic_device_spec_v11
synthetic_customer_005,cabinet_005,2026-09-04 17:00:00+00:00,0,0,0,0,True,True,False,24.087644356212685,-48.41063150825545,2.985539797288696,5.41969445622487,0.6841488977359045,0.05765879196570796,0.17565261515591507,on,connected,True,synthetic_device_spec_v11
synthetic_customer_005,cabinet_005,2026-09-04 17:10:00+00:00,0,0,0,0,True,True,False,23.845648784877053,-49.179087757338436,2.963922403927464,5.459920459543327,0.0643993717682605,0.0,0.2273382754804301,on,connected,True,synthetic_device_spec_v11
synthetic_customer_005,cabinet_005,2026-09-04 17:20:00+00:00,0,0,0,0,True,True,False,24.12148280559468,-47.86888998447392,2.961476855881312,5.644170210416384,0.0,0.045593712792948105,0.22065513429209066,on,connected,True,synthetic_device_spec_v11
synthetic_customer_005,cabinet_005,2026-09-04 17:30:00+00:00,0,0,0,0,True,True,False,24.030300227079337,-47.722341096474175,3.0027262912866513,5.845901245784243,0.10318191338141582,0.0,0.24909111546285065,on,connected,True,synthetic_device_spec_v11
synthetic_customer_005,cabinet_005,2026-09-04 17:40:00+00:00,0,0,0,0,True,True,False,23.981942277289342,-50.107757656360285,2.985361464155349,6.039717214892846,0.38180260628318763,0.04683100691042736,0.25628935597807806,on,connected,True,synthetic_device_spec_v11
synthetic_customer_005,cabinet_005,2026-09-04 17:50:00+00:00,0,0,0,0,True,True,False,23.853247971749067,-46.92677607183753,2.9295639838442193,6.104491603800799,0.25146748238651456,0.018557461335774256,0.2895321386234354,on,connected,True,synthetic_device_spec_v11
synthetic_customer_005,cabinet_005,2026-09-04 18:00:00+00:00,0,0,0,0,True,True,False,23.90057391083635,-48.11754322133982,2.924564912382935,6.337779165827595,0.0,0.02757291688925515,0.2776956221651173,on,connected,True,synthetic_device_spec_v11
synthetic_customer_005,cabinet_005,2026-09-04 18:10:00+00:00,1,1,1,1,True,True,False,23.99903885757024,-48.20292189272622,2.9741084513599487,6.516937290168739,0.5699087657151931,0.0,0.3399447097796113,on,connected,True,synthetic_device_spec_v11
synthetic_customer_005,cabinet_005,2026-09-04 18:20:00+00:00,1,1,1,1,True,True,False,24.04702066105971,-49.46058759925555,2.990148833805988,6.680867506080766,0.10998415447421905,0.0,0.3406471337389205,on,connected,True,synthetic_device_spec_v11
synthetic_customer_005,cabinet_005,2026-09-04 18:30:00+00:00,1,1,1,1,True,True,False,24.253130568896747,-48.561310372090624,3.020438365495831,6.908840390961614,0.0,0.012955916117317237,0.35618943503125167,on,connected,True,synthetic_device_spec_v11
synthetic_customer_005,cabinet_005,2026-09-04 18:40:00+00:00,0,0,0,0,True,True,False,24.014959987791617,-47.94219687132631,3.008262959388153,6.99047562082909,0.0,0.0,0.4038944926849624,on,connected,True,synthetic_device_spec_v11
synthetic_customer_005,cabinet_005,2026-09-04 18:50:00+00:00,0,0,0,0,True,True,False,24.069590003692106,-47.8629009237409,3.0765985767051265,7.05011267442133,0.10916881241313874,0.0,0.4078483863682312,on,connected,True,synthetic_device_spec_v11
synthetic_customer_005,cabinet_005,2026-09-04 19:00:00+00:00,0,0,0,0,True,True,False,24.099361443740587,-48.28670645728071,3.076297230197321,7.0210698438259795,0.1264272558504806,0.0,0.38289124474237685,on,connected,True,synthetic_device_spec_v11
synthetic_customer_005,cabinet_005,2026-09-04 19:10:00+00:00,0,0,0,0,True,True,False,23.900712096324597,-48.875022202684555,3.0033603220716376,7.041515103032357,0.0,0.015187211856095374,0.4213954433186348,on,connected,True,synthetic_device_spec_v11
synthetic_customer_005,cabinet_005,2026-09-04 19:20:00+00:00,0,0,0,0,True,True,False,24.090374179490244,-48.94228872106994,2.9975496810454496,6.922167298860963,0.0,0.06418324512880483,0.41798922226032065,on,connected,True,synthetic_device_spec_v11
synthetic_customer_005,cabinet_005,2026-09-04 19:30:00+00:00,0,0,0,0,True,True,False,23.863628284972094,-46.58965680297624,3.0066270175392584,6.932885183635477,0.0,0.0178471595227685,0.37993316417818984,on,connected,True,synthetic_device_spec_v11
synthetic_customer_005,cabinet_005,2026-09-04 19:40:00+00:00,0,0,0,0,True,True,False,24.00100723776019,-47.97594702618129,2.9301999254518325,7.012613453934012,0.0,0.0,0.3999684051596438,on,connected,True,synthetic_device_spec_v11
synthetic_customer_005,cabinet_005,2026-09-04 19:50:00+00:00,0,0,0,0,True,True,False,24.181782263995217,-48.320536207790944,3.0515450639987427,6.959610929939367,0.8974955390445587,0.013208469401489726,0.4075033650361512,on,connected,True,synthetic_device_spec_v11
synthetic_customer_005,cabinet_005,2026-09-04 20:00:00+00:00,0,0,0,0,True,True,False,23.858253485985916,-48.740562082155854,2.9757113303407587,6.987101440127799,0.0,0.01262412120493693,0.4151650156084795,on,connected,True,synthetic_device_spec_v11
synthetic_customer_005,cabinet_005,2026-09-04 20:10:00+00:00,0,0,0,0,True,True,False,24.29559498404054,-47.20387052340902,3.034715397450669,4.096405970314506,0.0,0.010078649365160262,0.0032618255764035645,on,connected,True,synthetic_device_spec_v11
synthetic_customer_005,cabinet_005,2026-09-04 20:20:00+00:00,0,0,0,0,True,True,False,23.965992323957735,-49.07861690642398,2.999374666463012,3.9988507620963616,0.0,0.0,0.0,on,connected,True,synthetic_device_spec_v11
synthetic_customer_005,cabinet_005,2026-09-04 20:30:00+00:00,0,0,0,0,True,True,False,24.064107360744284,-49.292474994332785,3.0652656117383197,3.9400799123254204,1.2898099182350444,0.04247441056995683,0.012659081486350499,on,connected,True,synthetic_device_spec_v11
synthetic_customer_005,cabinet_005,2026-09-04 20:40:00+00:00,0,0,0,0,True,True,False,23.827932132674363,-47.462166347485706,3.1195484221269045,3.9304603748244737,0.1873589971801632,0.0,0.0008108216949558887,on,connected,True,synthetic_device_spec_v11
synthetic_customer_005,cabinet_005,2026-09-04 20:50:00+00:00,0,0,0,0,True,True,False,23.752032577515557,-48.69740540583346,3.014120325464146,4.003829438627388,0.0,0.053651166253062044,0.0,on,connected,True,synthetic_device_spec_v11
synthetic_customer_005,cabinet_005,2026-09-04 21:00:00+00:00,0,0,0,0,True,True,False,24.134569952474656,-47.447469189585476,3.0680375199668215,3.896770959013413,0.8170696131216401,0.029961089952229725,0.017136501295403853,on,connected,True,synthetic_device_spec_v11
synthetic_customer_005,cabinet_005,2026-09-04 21:10:00+00:00,0,0,0,0,True,True,False,23.90952774461876,-49.75284796476565,3.0309986867778007,3.9278999201523273,0.22821586346885575,0.0,0.020340245677032274,on,connected,True,synthetic_device_spec_v11
synthetic_customer_005,cabinet_005,2026-09-04 21:20:00+00:00,0,0,0,0,True,True,False,23.99273829492401,-49.08204506333112,2.971518486239539,4.01075515509136,0.0,0.0,0.03229030730415273,on,connected,True,synthetic_device_spec_v11
synthetic_customer_005,cabinet_005,2026-09-04 21:30:00+00:00,0,0,0,0,True,True,False,23.874420598266994,-50.7094348577047,2.991257614130977,3.9511713252305665,0.0,0.005541980923143969,0.03380545663084851,on,connected,True,synthetic_device_spec_v11
synthetic_customer_005,cabinet_005,2026-09-04 21:40:00+00:00,0,0,0,0,True,True,False,23.98217852383198,-47.27815597392336,2.998648801964033,3.911854701765988,0.8081697290667633,0.0,0.0013669918141673606,on,connected,True,synthetic_device_spec_v11
synthetic_customer_005,cabinet_005,2026-09-04 21:50:00+00:00,0,0,0,0,True,True,False,24.083922139474915,-48.76657340467602,3.0084906351166936,4.022084846133645,1.1691693850282685,0.0,0.008827196738460878,on,connected,True,synthetic_device_spec_v11
synthetic_customer_005,cabinet_005,2026-09-04 22:00:00+00:00,0,0,0,0,True,True,False,23.877541647971047,-48.996140346650584,2.936892403031546,4.03533883307918,0.0,0.006909684914747884,0.042342777011674694,on,connected,True,synthetic_device_spec_v11
synthetic_customer_005,cabinet_005,2026-09-04 22:10:00+00:00,0,0,0,0,True,True,False,23.989075687146066,-48.20998143677114,3.00133343363532,3.952167916091184,0.0,0.021228089282512894,0.017857442833478093,on,connected,True,synthetic_device_spec_v11
synthetic_customer_005,cabinet_005,2026-09-04 22:20:00+00:00,0,0,0,0,True,True,False,23.93394395306136,-48.76699376175869,2.9667398775859253,4.061025098888317,0.15395462539248772,0.030521456075045625,0.0,on,connected,True,synthetic_device_spec_v11
synthetic_customer_005,cabinet_005,2026-09-04 22:30:00+00:00,0,0,0,0,True,True,False,24.178745833195435,-48.54513432555725,2.977056132231817,3.961485508796589,0.3743095104234983,0.0,0.023782821114166824,on,connected,True,synthetic_device_spec_v11
synthetic_customer_005,cabinet_005,2026-09-04 22:40:00+00:00,0,0,0,0,True,True,False,23.86624865659803,-46.38950335694312,3.0134761104092522,4.011405398858124,0.0,0.0,0.0,on,connected,True,synthetic_device_spec_v11
synthetic_customer_005,cabinet_005,2026-09-04 22:50:00+00:00,0,0,0,0,True,True,False,24.103162630302393,-49.52529043520906,2.8586118473727034,3.914106549291467,0.0,0.0,0.0,on,connected,True,synthetic_device_spec_v11
synthetic_customer_005,cabinet_005,2026-09-04 23:00:00+00:00,0,0,0,0,True,True,False,24.054022540554772,-47.272656942677955,2.859420140921463,4.020756888459941,0.18140563672014617,0.024545844455519005,0.0,on,connected,True,synthetic_device_spec_v11
synthetic_customer_005,cabinet_005,2026-09-04 23:10:00+00:00,0,0,0,0,True,True,False,23.98037254439808,-46.22913443500093,2.581514906952128,3.9002603556306017,0.1584517831531684,0.0022575789518871595,0.0,on,connected,True,synthetic_device_spec_v11
synthetic_customer_005,cabinet_005,2026-09-04 23:20:00+00:00,0,0,0,0,True,True,False,23.81404277271786,-47.7147868522003,2.5811561282497855,3.951068762335989,0.275556187354773,0.03494957404172196,0.01072618874861579,on,connected,True,synthetic_device_spec_v11
synthetic_customer_005,cabinet_005,2026-09-04 23:30:00+00:00,0,0,0,0,True,True,False,24.08098697497521,-47.53746751706643,2.4125427118731513,4.05736666882528,0.1477483340139856,0.011908584208860911,0.03563141572923621,on,connected,True,synthetic_device_spec_v11
synthetic_customer_005,cabinet_005,2026-09-04 23:40:00+00:00,0,0,0,0,True,True,False,23.88641422801247,-48.692121534483384,2.311728583211955,4.037525591535764,0.0,0.0,0.008707173818109166,on,connected,True,synthetic_device_spec_v11
synthetic_customer_005,cabinet_005,2026-09-04 23:50:00+00:00,0,0,0,0,True,True,False,24.07158109200692,-48.23927722133645,2.200998321674815,3.9675557592806796,0.0,0.023045740477383433,0.019581070509848978,on,connected,True,synthetic_device_spec_v11
synthetic_customer_005,cabinet_005,2026-09-05 00:00:00+00:00,0,0,0,0,True,True,False,23.96111620325363,-48.32582470366282,2.068165803305768,3.9292852248882886,0.21632661617752594,0.0,0.012942772641347564,on,connected,True,synthetic_device_spec_v11
synthetic_customer_005,cabinet_005,2026-09-05 00:10:00+00:00,1,1,1,1,True,True,False,24.221237660896755,-48.63423277651981,1.8558113162134149,4.023594952298359,0.0,0.014042765655744714,0.005226987408180133,on,connected,True,synthetic_device_spec_v11
synthetic_customer_005,cabinet_005,2026-09-05 00:20:00+00:00,1,1,1,1,True,True,False,23.85343448083558,-47.79947120041733,1.7350334068177082,3.9851261500448754,0.0,0.0,0.0,on,connected,True,synthetic_device_spec_v11
synthetic_customer_005,cabinet_005,2026-09-05 00:30:00+00:00,1,1,1,1,True,True,False,23.94522294099111,-48.08687734927665,1.509622314016483,3.9563779897740385,0.5259009803566361,0.0,0.0,on,connected,True,synthetic_device_spec_v11
synthetic_customer_005,cabinet_005,2026-09-05 00:40:00+00:00,0,0,0,0,True,True,False,23.928444908987487,-48.011235996362736,1.3961089427395799,3.9632944628897953,0.7174101779639533,0.0,0.006624991278617933,on,connected,True,synthetic_device_spec_v11
synthetic_customer_005,cabinet_005,2026-09-05 00:50:00+00:00,0,0,0,0,True,True,False,24.1452498097571,-48.28501370887734,1.2832828996639676,3.9954016320796413,0.0,0.0040378739206808675,0.0,on,connected,True,synthetic_device_spec_v11
synthetic_customer_005,cabinet_005,2026-09-05 01:00:00+00:00,0,0,0,0,True,True,False,24.23048434072527,-47.1069320701342,1.1094666127913335,4.07424758614802,0.0,0.03516461473985849,0.0,on,connected,True,synthetic_device_spec_v11
synthetic_customer_005,cabinet_005,2026-09-05 01:10:00+00:00,0,0,0,0,True,True,False,24.07844773915251,-48.19622944066795,0.8483594826626434,4.070062120991011,0.5112179897386898,0.0064459802759687865,0.021526504720603305,on,connected,True,synthetic_device_spec_v11
synthetic_customer_005,cabinet_005,2026-09-05 01:20:00+00:00,0,0,0,0,True,True,False,23.96325721683548,-47.34503926377478,0.7170644287316543,3.9833150396312127,0.0,0.012543774530930718,0.008026113102088655,on,connected,True,synthetic_device_spec_v11
synthetic_customer_005,cabinet_005,2026-09-05 01:30:00+00:00,0,0,0,0,True,True,False,23.873389371506352,-47.92465589681992,0.6520673353419748,4.006162764650177,0.2248351406619842,0.0010424536112130119,0.0,on,connected,True,synthetic_device_spec_v11
synthetic_customer_005,cabinet_005,2026-09-05 01:40:00+00:00,0,0,0,0,True,True,False,24.06605554144365,-49.17532074960258,0.5765545572540111,4.080954361992317,0.2449341257875689,0.03272573942890548,0.02057840680697231,on,connected,True,synthetic_device_spec_v11
synthetic_customer_005,cabinet_005,2026-09-05 01:50:00+00:00,0,0,0,0,True,True,False,24.07425060749516,-47.0694356543874,0.48493826160568176,3.9996716275042554,0.11241850579718426,0.0,0.0,on,connected,True,synthetic_device_spec_v11
synthetic_customer_005,cabinet_005,2026-09-05 02:00:00+00:00,0,0,0,0,True,True,False,23.932284985688774,-47.42255201112211,0.48868411727419026,4.0780160785020385,2.9381075487133206,0.026793104444041083,0.0,on,connected,True,synthetic_device_spec_v11
synthetic_customer_005,cabinet_005,2026-09-05 02:10:00+00:00,0,0,0,0,True,True,False,24.009589481694682,-47.650777606883224,0.35980781068168727,3.9400967961288456,3.9219706710335336,0.0,0.018836052619512694,on,connected,True,synthetic_device_spec_v11
synthetic_customer_005,cabinet_005,2026-09-05 02:20:00+00:00,0,0,0,0,True,True,False,24.074090033132546,-46.75574276906762,0.41461524742823613,3.926061395349635,4.931197736900049,0.0,0.011121548313649823,on,connected,True,synthetic_device_spec_v11
synthetic_customer_005,cabinet_005,2026-09-05 02:30:00+00:00,0,0,0,0,True,True,False,24.007937602859286,-48.825560981426285,2.2955855109609447,3.90801666735208,6.321469090036363,0.0,0.0,on,connected,True,synthetic_device_spec_v11
synthetic_customer_005,cabinet_005,2026-09-05 02:40:00+00:00,0,0,0,0,True,True,False,23.92630434315638,-47.2967388271945,2.361288722520011,4.004806468532819,8.120984278304892,0.04031767876516304,0.0,on,connected,True,synthetic_device_spec_v11
synthetic_customer_005,cabinet_005,2026-09-05 02:50:00+00:00,0,0,0,0,True,True,False,24.09362763261703,-47.503787049232045,2.1758443573195474,4.032988145655217,9.968254498496528,0.0,0.015375704008322269,on,connected,True,synthetic_device_spec_v11
synthetic_customer_005,cabinet_005,2026-09-05 03:00:00+00:00,0,0,0,0,True,True,False,24.13293547835542,-46.45083494858774,2.1526528872918163,4.111942835065581,10.508217853044536,0.0,0.0,on,connected,True,synthetic_device_spec_v11
synthetic_customer_005,cabinet_005,2026-09-05 03:10:00+00:00,0,0,0,0,True,True,False,24.11065267915421,-47.95357500286655,2.1606405396253114,4.107435832004019,11.593749645457335,0.0,0.0027217197593786906,on,connected,True,synthetic_device_spec_v11
synthetic_customer_005,cabinet_005,2026-09-05 03:20:00+00:00,0,0,0,0,True,True,False,23.94801525163313,-48.56187338121938,2.193406122835517,4.011209271916068,13.886212586225788,0.008867711665419315,0.01694059387122651,on,connected,True,synthetic_device_spec_v11
synthetic_customer_005,cabinet_005,2026-09-05 03:30:00+00:00,0,0,0,0,True,True,False,24.158469002516107,-47.65612502536262,2.237570603924939,3.9790071235992652,14.811256024952794,0.0,0.002152201408517768,on,connected,True,synthetic_device_spec_v11
synthetic_customer_005,cabinet_005,2026-09-05 03:40:00+00:00,0,0,0,0,True,True,False,23.95505738823872,-47.4825914977188,2.2549478195740096,3.959496912394793,15.936476339537336,0.0,0.0,on,connected,True,synthetic_device_spec_v11
synthetic_customer_005,cabinet_005,2026-09-05 03:50:00+00:00,0,0,0,0,True,True,False,23.978082659990015,-47.15837733346987,2.99834866473529,4.039408031951566,17.044664716171486,0.016332126143917835,0.0,on,connected,True,synthetic_device_spec_v11
synthetic_customer_005,cabinet_005,2026-09-05 04:00:00+00:00,0,0,0,0,True,True,False,23.887384039574922,-47.797310379735926,3.0446941661331395,4.018514152865746,19.226035085632333,0.0,0.0,on,connected,True,synthetic_device_spec_v11
synthetic_customer_005,cabinet_005,2026-09-05 04:10:00+00:00,0,0,0,0,True,True,False,24.11088632768518,-47.49892697046341,3.0097506617092717,3.96063108236532,19.893775455498808,0.054273337420215756,0.018572102652415066,on,connected,True,synthetic_device_spec_v11
synthetic_customer_005,cabinet_005,2026-09-05 04:20:00+00:00,0,0,0,0,True,True,False,24.05414633125637,-49.103210778109684,3.0065556611003705,3.929910822981008,20.250439392034064,0.035546949773088705,0.015139354796914074,on,connected,True,synthetic_device_spec_v11
synthetic_customer_005,cabinet_005,2026-09-05 04:30:00+00:00,0,0,0,0,True,True,False,24.11701446283343,-48.87692647267938,2.97317754517438,3.954654590251051,22.01634689296545,0.0016058150059931429,0.0,on,connected,True,synthetic_device_spec_v11
synthetic_customer_005,cabinet_005,2026-09-05 04:40:00+00:00,0,0,0,0,True,True,False,24.3744810943891,-46.645388022450376,3.0592676358222786,3.991565739244325,23.550182803042713,0.0,0.0,on,connected,True,synthetic_device_spec_v11
synthetic_customer_005,cabinet_005,2026-09-05 04:50:00+00:00,0,0,0,0,True,True,False,23.920684266492483,-48.54391574519,3.0423334943743905,4.049869563550352,25.01719143177081,0.0,0.0,on,connected,True,synthetic_device_spec_v11
synthetic_customer_005,cabinet_005,2026-09-05 05:00:00+00:00,0,0,0,0,True,True,False,23.836410120854215,-48.24515753378868,3.0390585534741734,4.043660089113634,25.04527101685016,0.035362207235297635,0.0,on,connected,True,synthetic_device_spec_v11
synthetic_customer_005,cabinet_005,2026-09-05 05:10:00+00:00,0,0,0,0,True,True,False,23.75919452979006,-47.621471008981,2.985251197443171,3.9805027720245874,25.763715862372777,0.0,0.009402720921590026,on,connected,True,synthetic_device_spec_v11
synthetic_customer_005,cabinet_005,2026-09-05 05:20:00+00:00,0,0,0,0,True,True,False,23.894311452408417,-47.698801119000265,2.9131794424184254,4.088028589968404,24.021991193801647,0.01335074492325285,0.0,on,connected,True,synthetic_device_spec_v11
synthetic_customer_005,cabinet_005,2026-09-05 05:30:00+00:00,0,0,0,0,True,True,False,24.124485190047636,-47.983393396768,3.023085258828916,4.13025084866671,25.29269013220372,0.0026356592393205597,0.0,on,connected,True,synthetic_device_spec_v11
synthetic_customer_005,cabinet_005,2026-09-05 05:40:00+00:00,0,0,0,0,True,True,False,24.076498939027164,-47.29172554719593,2.9675615415910066,4.051296126461831,24.910328894016214,0.03318666363223521,0.009931205318962905,on,connected,True,synthetic_device_spec_v11
synthetic_customer_005,cabinet_005,2026-09-05 05:50:00+00:00,0,0,0,0,True,True,False,23.8443157861878,-48.99240581497861,3.012058716286498,3.999011755444706,24.81427934789222,0.0,0.03427508129258306,on,connected,True,synthetic_device_spec_v11
synthetic_customer_005,cabinet_005,2026-09-05 06:00:00+00:00,0,0,0,0,True,True,False,23.952458705714655,-47.12116864265228,2.9630757728658637,4.050863485853698,24.901725915078625,0.0,0.0,on,connected,True,synthetic_device_spec_v11
synthetic_customer_005,cabinet_005,2026-09-05 06:10:00+00:00,1,1,1,1,True,True,False,23.836443598581752,-48.341743233674364,3.0004932651730907,4.019982272221033,25.30853909743132,0.0,0.02968772393742582,on,connected,True,synthetic_device_spec_v11
synthetic_customer_005,cabinet_005,2026-09-05 06:20:00+00:00,1,1,1,1,True,True,False,23.95119602781479,-47.31396678483504,3.0175563892104136,4.008732805267001,0.42241156486084475,0.0,0.00710651825353853,on,connected,True,synthetic_device_spec_v11
synthetic_customer_005,cabinet_005,2026-09-05 06:30:00+00:00,1,1,1,1,True,True,False,24.13178410089188,-47.83688431443658,3.0564758966123495,4.054598847356618,0.03079629736712495,0.0023673736896940765,0.0,on,connected,True,synthetic_device_spec_v11
synthetic_customer_005,cabinet_005,2026-09-05 06:40:00+00:00,0,0,0,0,True,True,False,24.122799967163274,-47.6009004449166,2.9697312385104486,3.9065032790454857,0.0,0.0,0.0,on,connected,True,synthetic_device_spec_v11
synthetic_customer_005,cabinet_005,2026-09-05 06:50:00+00:00,0,0,0,0,True,True,False,24.113991943450092,-49.4813848646377,3.0407534876124114,4.077452619166364,0.36554739322628915,0.001502880924167871,0.0,on,connected,True,synthetic_device_spec_v11
synthetic_customer_005,cabinet_005,2026-09-05 07:00:00+00:00,0,0,0,0,True,True,False,23.821754340670815,-48.67646131750828,2.962585305256422,4.059069307775169,0.0,0.020113761384534204,0.008957289528643327,on,connected,True,synthetic_device_spec_v11
synthetic_customer_005,cabinet_005,2026-09-05 07:10:00+00:00,0,0,0,0,True,True,False,24.157148354321947,-47.771854751689936,3.047566980857427,4.039766234197109,0.07527012856524552,0.0,0.014113553579937991,on,connected,True,synthetic_device_spec_v11
synthetic_customer_005,cabinet_005,2026-09-05 07:20:00+00:00,0,0,0,0,True,True,False,23.907231012144912,-47.84998492273789,3.0577990398678465,3.983689316818341,0.15898531302600827,0.020345045684950894,0.027815121894887537,on,connected,True,synthetic_device_spec_v11
synthetic_customer_005,cabinet_005,2026-09-05 07:30:00+00:00,0,0,0,0,True,True,False,24.19932944017838,-48.094478136595086,3.0059510434982415,3.9581072753072353,0.8422135283267087,0.006477651522455165,0.0,on,connected,True,synthetic_device_spec_v11
synthetic_customer_005,cabinet_005,2026-09-05 07:40:00+00:00,0,0,0,0,True,True,False,23.792065855440125,-48.71030318542658,3.0336941537297997,3.98035068465766,1.1405410375853267,0.0,0.0,on,connected,True,synthetic_device_spec_v11
synthetic_customer_005,cabinet_005,2026-09-05 07:50:00+00:00,0,0,0,0,True,True,False,24.075039695958967,-47.63581526468766,3.0215726545971493,3.9614229345470315,0.0,0.0,0.02161442640775624,on,connected,True,synthetic_device_spec_v11
synthetic_customer_005,cabinet_005,2026-09-05 08:00:00+00:00,0,0,0,0,True,True,False,23.949974066320987,-49.694620943807266,3.0717882221855337,3.9986339679374314,0.5800107198012356,0.0,0.0,on,connected,True,synthetic_device_spec_v11
synthetic_customer_005,cabinet_005,2026-09-05 08:10:00+00:00,0,0,0,0,True,True,False,24.153708248711816,-47.37020634856392,2.9378978298583287,4.126221879672167,0.0,0.02649800792083086,0.03389708970170175,on,connected,True,synthetic_device_spec_v11
synthetic_customer_005,cabinet_005,2026-09-05 08:20:00+00:00,0,0,0,0,True,True,False,23.904834152121612,-48.44225367692277,2.967910186872099,4.074456635682466,0.0,0.03791422019218511,0.0,on,connected,True,synthetic_device_spec_v11
synthetic_customer_005,cabinet_005,2026-09-05 08:30:00+00:00,0,0,0,0,True,True,False,24.019632735443533,-47.59216762240854,2.948261792527088,4.099267659986403,0.08303088920536733,0.003198731374813779,0.0,on,connected,True,synthetic_device_spec_v11
synthetic_customer_005,cabinet_005,2026-09-05 08:40:00+00:00,0,0,0,0,True,True,False,23.977222451185693,-48.49516549699478,2.9711034764638433,3.931870008370561,0.172501868176718,0.00018175675947149298,0.0,on,connected,True,synthetic_device_spec_v11
synthetic_customer_005,cabinet_005,2026-09-05 08:50:00+00:00,0,0,0,0,True,True,False,24.021756517701014,-48.45547768091761,3.014135249982672,3.982647422704217,0.0,0.0,0.0,on,connected,True,synthetic_device_spec_v11
synthetic_customer_005,cabinet_005,2026-09-05 09:00:00+00:00,0,0,0,0,True,True,False,23.876612952969076,-48.339339824904286,3.0032617808429656,3.9656889990129383,0.025859146298308204,0.02655739954910258,0.0,on,connected,True,synthetic_device_spec_v11
synthetic_customer_005,cabinet_005,2026-09-05 09:10:00+00:00,0,0,0,0,True,True,False,23.84409455664768,-46.05676363606324,2.9698748083761055,3.938845112351242,0.15787444362356087,0.0,0.011668774618749838,on,connected,True,synthetic_device_spec_v11
synthetic_customer_005,cabinet_005,2026-09-05 09:20:00+00:00,0,0,0,0,True,True,False,23.949716084847843,-48.45701715427184,2.9667840939347916,3.898032351684234,1.0565421413780918,0.016108351723060004,0.0,on,connected,True,synthetic_device_spec_v11
synthetic_customer_005,cabinet_005,2026-09-05 09:30:00+00:00,0,0,0,0,True,True,False,23.905704728437193,-47.75370600612551,2.9701463920954603,3.9878957963358435,0.0,0.0,0.0,on,connected,True,synthetic_device_spec_v11
synthetic_customer_005,cabinet_005,2026-09-05 09:40:00+00:00,0,0,0,0,True,True,False,24.096607773406166,-47.4175603733004,3.0193700815953792,4.058469472666385,0.30498769444939694,0.0,0.023184164323365442,on,connected,True,synthetic_device_spec_v11
synthetic_customer_005,cabinet_005,2026-09-05 09:50:00+00:00,0,0,0,0,True,True,False,24.112585905712244,-48.53432844654513,2.9671856256469358,3.9783923718266276,0.0,0.02592163615491619,0.008510703818089537,on,connected,True,synthetic_device_spec_v11
synthetic_customer_005,cabinet_005,2026-09-05 10:00:00+00:00,0,0,0,0,True,True,False,23.76382154108441,-48.74990405519937,3.007800918516391,3.9964290210413194,0.385309610133878,0.0063359757594954064,0.010173470524012134,on,connected,True,synthetic_device_spec_v11
synthetic_customer_005,cabinet_005,2026-09-05 10:10:00+00:00,0,0,0,0,True,True,False,23.850255305022287,-47.72386199434772,3.05516254085416,4.029962737038727,0.34965604162559544,0.0,0.0,on,connected,True,synthetic_device_spec_v11
synthetic_customer_005,cabinet_005,2026-09-05 10:20:00+00:00,0,0,0,0,True,True,False,24.03010685408732,-48.89342218715427,3.007785997178595,3.95408832083613,0.39298411038168807,0.0,0.0,on,connected,True,synthetic_device_spec_v11
synthetic_customer_005,cabinet_005,2026-09-05 10:30:00+00:00,0,0,0,0,True,True,False,23.903555914075213,-48.807666173235866,3.01372580564511,4.029383681944339,0.39160768641607563,0.02627079817489572,0.0,on,connected,True,synthetic_device_spec_v11
synthetic_customer_005,cabinet_005,2026-09-05 10:40:00+00:00,0,0,0,0,True,True,False,23.89222689879645,-46.63554927535652,2.9591686382533555,4.052269408458014,0.0,0.0001509711304627615,0.01751979077279382,on,connected,True,synthetic_device_spec_v11
synthetic_customer_005,cabinet_005,2026-09-05 10:50:00+00:00,0,0,0,0,True,True,False,24.200993653093995,-48.15968489800608,3.0761227806084683,4.009874537210472,0.0,0.0,0.0,on,connected,True,synthetic_device_spec_v11
synthetic_customer_005,cabinet_005,2026-09-05 11:00:00+00:00,0,0,0,0,True,True,False,24.00961108897438,-46.70885265136044,2.9147872819569853,3.9871793148656907,0.0,0.0,0.0,on,connected,True,synthetic_device_spec_v11
synthetic_customer_005,cabinet_005,2026-09-05 11:10:00+00:00,0,0,0,0,True,True,False,24.06154712880387,-49.43246409902207,3.0344106288122235,4.012682124946216,0.0,0.0,0.0,on,connected,True,synthetic_device_spec_v11
synthetic_customer_005,cabinet_005,2026-09-05 11:20:00+00:00,0,0,0,0,True,True,False,23.910002006589128,-48.57702573502135,2.986727839784516,4.011924343411415,0.0,0.04020904614580519,0.0,on,connected,True,synthetic_device_spec_v11
synthetic_customer_005,cabinet_005,2026-09-05 11:30:00+00:00,0,0,0,0,True,True,False,23.971818364453277,-47.53029308463857,3.01742817508272,3.9062520753571985,0.4000691588933379,0.0,0.01122768904653001,on,connected,True,synthetic_device_spec_v11
synthetic_customer_005,cabinet_005,2026-09-05 11:40:00+00:00,0,0,0,0,True,True,False,24.07755847046847,-47.360234852637994,2.9419054858866356,3.954026127967049,0.5679697708935129,0.0009590547164755978,0.0,on,connected,True,synthetic_device_spec_v11
synthetic_customer_005,cabinet_005,2026-09-05 11:50:00+00:00,0,0,0,0,True,True,False,23.901519937843194,-47.846851176270434,2.9442618761706196,4.038485353583867,0.0,0.0,0.0,on,connected,True,synthetic_device_spec_v11
synthetic_customer_005,cabinet_005,2026-09-05 12:00:00+00:00,0,0,0,0,True,True,False,24.14122426124956,-48.016674885762065,2.964821121078496,4.030785126643798,0.15105432709089947,0.0,0.0,on,connected,True,synthetic_device_spec_v11
synthetic_customer_005,cabinet_005,2026-09-05 12:10:00+00:00,1,1,1,1,True,True,False,23.855715710693808,-48.79261543836941,2.985414534963373,4.008426393061208,0.30250628944689606,0.0,0.0,on,connected,True,synthetic_device_spec_v11
synthetic_customer_005,cabinet_005,2026-09-05 12:20:00+00:00,1,1,1,1,True,True,False,24.0643351750604,-47.2643251833076,3.0422884977315787,3.9694544306900275,0.0,0.0,0.0,on,connected,True,synthetic_device_spec_v11
synthetic_customer_005,cabinet_005,2026-09-05 12:30:00+00:00,1,1,1,1,True,True,False,23.977936618237898,-48.55664491159387,2.9505972110655274,3.949432807306908,0.16824336844119053,0.0,0.0,on,connected,True,synthetic_device_spec_v11
synthetic_customer_005,cabinet_005,2026-09-05 12:40:00+00:00,0,0,0,0,True,True,False,24.318101124739805,-48.66118482633568,2.9878419378673486,4.042394058776398,0.10374353282983735,0.0,0.004057198015844632,on,connected,True,synthetic_device_spec_v11
synthetic_customer_005,cabinet_005,2026-09-05 12:50:00+00:00,0,0,0,0,True,True,False,23.882005937917796,-47.80124348155869,2.957957816435598,4.038411953794128,0.0,0.0,0.005156983296732737,on,connected,True,synthetic_device_spec_v11
synthetic_customer_005,cabinet_005,2026-09-05 13:00:00+00:00,0,0,0,0,True,True,False,24.07932308033737,-49.62414254829987,2.8838605148105128,4.095380537792748,0.2841330321237973,0.012525678132641058,0.0,on,connected,True,synthetic_device_spec_v11
synthetic_customer_005,cabinet_005,2026-09-05 13:10:00+00:00,0,0,0,0,True,True,False,24.15147058526806,-48.59270681823671,2.983517092262721,3.958848908733633,0.25883792259010413,0.08368540361630865,0.020885181389211364,on,connected,True,synthetic_device_spec_v11
synthetic_customer_005,cabinet_005,2026-09-05 13:20:00+00:00,0,0,0,0,True,True,False,24.16101819643455,-47.450727284410185,2.955344746196305,4.027362781368424,0.015121899158214722,0.0316177432709536,0.0,on,connected,True,synthetic_device_spec_v11
synthetic_customer_005,cabinet_005,2026-09-05 13:30:00+00:00,0,0,0,0,True,True,False,23.869689600305733,-47.709582748284674,3.019399581034199,3.956713532412715,0.0,0.0,0.0,on,connected,True,synthetic_device_spec_v11
synthetic_customer_005,cabinet_005,2026-09-05 13:40:00+00:00,0,0,0,0,True,True,False,23.938925870689946,-48.58681617457507,3.0080999408577958,3.974090694067552,0.0,0.0,0.015487150925191099,on,connected,True,synthetic_device_spec_v11
synthetic_customer_005,cabinet_005,2026-09-05 13:50:00+00:00,0,0,0,0,True,True,False,23.96858053372689,-49.73991384301644,3.040985732454684,4.049258074052476,0.0,0.0,0.020770898294647705,on,connected,True,synthetic_device_spec_v11
synthetic_customer_005,cabinet_005,2026-09-05 14:00:00+00:00,0,0,0,0,True,True,False,23.998809145918568,-47.5553126102361,3.0231165985617685,4.032433493673616,0.12896088072848275,0.0,0.008489840671915109,on,connected,True,synthetic_device_spec_v11
synthetic_customer_005,cabinet_005,2026-09-05 14:10:00+00:00,0,0,0,0,True,True,False,24.09479873123597,-49.78872933181381,3.035176822602005,3.9444410722220122,0.6719917378286009,0.0,0.0,on,connected,True,synthetic_device_spec_v11
synthetic_customer_005,cabinet_005,2026-09-05 14:20:00+00:00,0,0,0,0,True,True,False,24.059833639906444,-48.20516719991705,3.024938418020792,4.024419713981426,0.20262939761443344,0.0,0.0,on,connected,True,synthetic_device_spec_v11
synthetic_customer_005,cabinet_005,2026-09-05 14:30:00+00:00,0,0,0,0,True,True,False,23.864083660060203,-48.60575212402092,3.042021416514864,3.954167107968252,0.22839555322233057,0.005710879961996779,0.0,on,connected,True,synthetic_device_spec_v11
synthetic_customer_005,cabinet_005,2026-09-05 14:40:00+00:00,0,0,0,0,True,True,False,24.044979048240727,-50.154657606532666,3.019177700973619,3.959237846617575,0.6820193114223883,0.010692656439592364,0.0,on,connected,True,synthetic_device_spec_v11
synthetic_customer_005,cabinet_005,2026-09-05 14:50:00+00:00,0,0,0,0,True,True,False,24.080092266260685,-48.83245974246527,2.9437431708714787,3.977139680677454,0.0,0.061608339747052855,0.0,on,connected,True,synthetic_device_spec_v11
synthetic_customer_005,cabinet_005,2026-09-05 15:00:00+00:00,0,0,0,0,True,True,False,24.019160788355933,-48.072665196035175,3.046561860128847,4.000693955442369,0.0,0.0,0.0,on,connected,True,synthetic_device_spec_v11
synthetic_customer_005,cabinet_005,2026-09-05 15:10:00+00:00,0,0,0,0,True,True,False,23.958827233631652,-48.49636650961989,3.0402719136876635,3.9685097782100396,0.0,0.014982695072243632,0.005113581788549669,on,connected,True,synthetic_device_spec_v11
synthetic_customer_005,cabinet_005,2026-09-05 15:20:00+00:00,0,0,0,0,True,True,False,23.931961354004113,-45.137123696695205,3.007549578282842,4.007975678372608,0.1676944508522369,0.0,0.0005237151866733679,on,connected,True,synthetic_device_spec_v11
synthetic_customer_005,cabinet_005,2026-09-05 15:30:00+00:00,0,0,0,0,True,True,False,24.13040371861805,-49.16818857578021,3.014444816314898,3.980874345028914,0.8309506206373825,0.013889454713848674,0.0,on,connected,True,synthetic_device_spec_v11
synthetic_customer_005,cabinet_005,2026-09-05 15:40:00+00:00,0,0,0,0,True,True,False,23.926176282119993,-46.913353086698166,3.0040586259125344,3.983134997835999,0.0,0.0,0.0,on,connected,True,synthetic_device_spec_v11
synthetic_customer_005,cabinet_005,2026-09-05 15:50:00+00:00,0,0,0,0,True,True,False,24.026258890729885,-48.23280380382458,3.037171369261501,4.014415066564263,0.0,0.0025722022062984527,0.012514018918411609,on,connected,True,synthetic_device_spec_v11
synthetic_customer_005,cabinet_005,2026-09-05 16:00:00+00:00,0,0,0,0,True,True,False,24.204062917265816,-47.3712079329435,2.9927868556736477,3.881192953053209,0.21161015946339187,0.023160285037267223,0.015064606361080325,on,connected,True,synthetic_device_spec_v11
synthetic_customer_005,cabinet_005,2026-09-05 16:10:00+00:00,0,0,0,0,True,True,False,23.907995119694196,-48.50447407852588,2.837014173099155,3.9932590145449014,0.0,0.009513860520629549,0.0,on,connected,True,synthetic_device_spec_v11
synthetic_customer_005,cabinet_005,2026-09-05 16:20:00+00:00,0,0,0,0,True,True,False,23.922974068364375,-46.84803007747102,3.0568349349853636,3.9367813592787604,0.0,0.028502935591814244,0.0,on,connected,True,synthetic_device_spec_v11
synthetic_customer_005,cabinet_005,2026-09-05 16:30:00+00:00,0,0,0,0,True,True,False,24.04366695826513,-49.286644552449275,2.949722870681923,4.068513041953608,0.0,0.04705219995201227,0.0,on,connected,True,synthetic_device_spec_v11
synthetic_customer_005,cabinet_005,2026-09-05 16:40:00+00:00,0,0,0,0,True,True,False,23.489692581201513,-48.506070725188565,2.9881237582222315,3.9591218562487716,0.044408914842425304,0.018919089451417934,0.0,on,connected,True,synthetic_device_spec_v11
synthetic_customer_005,cabinet_005,2026-09-05 16:50:00+00:00,0,0,0,0,True,True,False,23.465032472300738,-50.38737179348999,2.9639711513547655,3.9877282295005823,0.37413194333200217,0.05408174106989602,0.0,on,connected,True,synthetic_device_spec_v11
synthetic_customer_005,cabinet_005,2026-09-05 17:00:00+00:00,0,0,0,0,True,True,False,22.88124778031019,-52.53129190523089,2.986179375047175,3.8558560567781566,0.0,0.039846537217385465,0.0,on,connected,True,synthetic_device_spec_v11
synthetic_customer_005,cabinet_005,2026-09-05 17:10:00+00:00,0,0,0,0,True,True,False,22.6365395737966,-55.203784250925175,2.9726943561759938,3.933919876355066,0.42509406045208625,0.1492745341225104,0.022571099606673077,on,connected,True,synthetic_device_spec_v11
synthetic_customer_005,cabinet_005,2026-09-05 17:20:00+00:00,0,0,0,0,True,True,False,22.489883061454403,-57.17471773405484,2.99699157471871,3.9555650937856552,0.0,0.17346331302906368,0.012387922718176419,on,connected,True,synthetic_device_spec_v11
synthetic_customer_005,cabinet_005,2026-09-05 17:30:00+00:00,0,0,0,0,True,True,False,22.287598148716157,-61.662585699403856,2.967194031704998,4.048498437784811,0.0,0.1877326974956752,0.0,on,connected,True,synthetic_device_spec_v11
synthetic_customer_005,cabinet_005,2026-09-05 17:40:00+00:00,0,0,0,0,True,True,False,21.707930495362785,-64.38623547718538,2.9615236616171083,3.956336424601378,0.0,0.3132263699495063,0.0,on,connected,True,synthetic_device_spec_v11
synthetic_customer_005,cabinet_005,2026-09-05 17:50:00+00:00,0,0,0,0,True,True,False,21.549892901589203,-66.52568704301422,3.0242764834714437,4.045374230255429,0.0,0.30356841947913765,0.014509629353594393,on,connected,True,synthetic_device_spec_v11
synthetic_customer_005,cabinet_005,2026-09-05 18:00:00+00:00,0,0,0,0,True,True,False,21.30070868178246,-69.52911534813893,3.0288805102133467,4.04319465715728,0.0,0.3948352561158623,0.013054116363242637,on,connected,True,synthetic_device_spec_v11
synthetic_customer_005,cabinet_005,2026-09-05 18:10:00+00:00,1,1,1,1,True,True,False,20.830390854087614,-73.06918738132099,2.944447360318736,3.961384397763548,0.0,0.4374231107044333,0.0,on,connected,True,synthetic_device_spec_v11
synthetic_customer_005,cabinet_005,2026-09-05 18:20:00+00:00,1,1,1,1,True,True,False,20.75257119619647,-75.94332169282703,2.9967523527793674,4.145233832816837,0.5284214886825584,0.4946889382852407,0.007525241033560378,on,connected,True,synthetic_device_spec_v11
synthetic_customer_005,cabinet_005,2026-09-05 18:30:00+00:00,1,1,1,1,True,True,False,20.301755493474584,-78.86013243405371,3.0201673083346225,3.930904422856619,0.0,0.5608781394435614,0.037403264747497736,on,connected,True,synthetic_device_spec_v11
synthetic_customer_005,cabinet_005,2026-09-05 18:40:00+00:00,0,0,0,0,True,True,False,19.714140616845395,-79.56054711722396,2.993057880601345,3.973398644969397,0.17429961710088085,0.5815650498989109,0.015924250472727615,on,connected,True,synthetic_device_spec_v11
synthetic_customer_005,cabinet_005,2026-09-05 18:50:00+00:00,0,0,0,0,True,True,False,19.7633648938764,-85.13732454756423,2.9918037219143683,3.9736489320867268,0.44474945711777714,0.7121041382362258,0.0,on,connected,True,synthetic_device_spec_v11
synthetic_customer_005,cabinet_005,2026-09-05 20:40:00+00:00,0,0,0,0,True,True,False,24.05258935019296,-48.90537839949341,3.0351409144017945,3.9901055120829905,0.0,0.04003500172953972,0.0,on,connected,True,synthetic_device_spec_v11
synthetic_customer_005,cabinet_005,2026-09-05 20:50:00+00:00,0,0,0,0,True,True,False,23.916790268327706,-48.31587106611386,2.9978415875650493,3.950206075248536,0.08807956098626774,0.0,0.031273561244326946,on,connected,True,synthetic_device_spec_v11
synthetic_customer_005,cabinet_005,2026-09-05 21:00:00+00:00,0,0,0,0,True,True,False,23.825571804745866,-47.56785531950707,3.0419801337303136,3.936623072636968,0.40277480246974906,0.01382657212761159,0.0,on,connected,True,synthetic_device_spec_v11
synthetic_customer_005,cabinet_005,2026-09-05 21:10:00+00:00,0,0,0,0,True,True,False,24.15828261086183,-48.91698404504029,3.0251598218984017,3.9374922979062217,0.36828626367104356,0.03899974547997895,0.0,on,connected,True,synthetic_device_spec_v11
synthetic_customer_005,cabinet_005,2026-09-05 21:20:00+00:00,0,0,0,0,True,True,False,23.88059396456566,-47.69586461165357,3.008690381872159,3.9355223251476676,0.0,0.0,0.0,on,connected,True,synthetic_device_spec_v11
synthetic_customer_005,cabinet_005,2026-09-05 21:30:00+00:00,0,0,0,0,True,True,False,23.8739292435898,-47.1890656362665,3.0243404141387664,4.02038308270747,0.20632628173622242,0.0,0.0,on,connected,True,synthetic_device_spec_v11
synthetic_customer_005,cabinet_005,2026-09-05 21:40:00+00:00,0,0,0,0,True,True,False,23.995735297198358,-49.6634915316372,2.9432634809294296,3.9612472385099173,0.0,0.0,0.0,on,connected,True,synthetic_device_spec_v11
synthetic_customer_005,cabinet_005,2026-09-05 21:50:00+00:00,0,0,0,0,True,True,False,23.846405751901553,-49.518656477748436,3.0041604646935998,3.9898138969708357,0.6894159854950078,0.06121939941468533,0.0,on,connected,True,synthetic_device_spec_v11
synthetic_customer_005,cabinet_005,2026-09-05 22:00:00+00:00,0,0,0,0,True,True,False,23.843776636959817,-48.03975752552239,2.945183729441745,3.961523824215746,0.10315307307876512,0.004305600984465902,0.0,on,connected,True,synthetic_device_spec_v11
synthetic_customer_005,cabinet_005,2026-09-05 22:10:00+00:00,0,0,0,0,True,True,False,24.03443686464482,-47.649683204909074,2.9833697517858706,3.978101507142375,0.0,0.03385127713699614,0.015204066649622192,on,connected,True,synthetic_device_spec_v11
synthetic_customer_005,cabinet_005,2026-09-05 22:20:00+00:00,0,0,0,0,True,True,False,24.037832894293185,-49.058583954640056,3.0262617802279426,3.9659792870681456,0.09272412324015325,0.0,0.0,on,connected,True,synthetic_device_spec_v11
synthetic_customer_005,cabinet_005,2026-09-05 22:30:00+00:00,0,0,0,0,True,True,False,23.962159629620214,-47.04054268589851,3.0013340331854668,3.9003783743795544,0.0,0.0,0.0,on,connected,True,synthetic_device_spec_v11
synthetic_customer_005,cabinet_005,2026-09-05 22:40:00+00:00,0,0,0,0,True,True,False,24.08791191127739,-49.13753827454569,2.982835759130811,4.009143420770314,0.0,0.01860658124012432,0.025466654248487163,on,connected,True,synthetic_device_spec_v11
synthetic_customer_005,cabinet_005,2026-09-05 22:50:00+00:00,0,0,0,0,True,True,False,24.070297454725438,-47.86590615394548,2.971960587744891,4.0487571536919305,0.0,0.017630535441692113,0.0,on,connected,True,synthetic_device_spec_v11
synthetic_customer_005,cabinet_005,2026-09-05 23:00:00+00:00,0,0,0,0,True,True,False,23.888707527264213,-46.19597890147182,3.0376077723653254,4.074796897359791,0.3064616738137214,0.0,0.028263211111272335,on,connected,True,synthetic_device_spec_v11
synthetic_customer_005,cabinet_005,2026-09-05 23:10:00+00:00,0,0,0,0,True,True,False,23.986240760287522,-47.440722787890614,2.9745811037348298,3.8953266357972955,0.19825553867027448,0.006473735562921898,0.0,on,connected,True,synthetic_device_spec_v11
synthetic_customer_005,cabinet_005,2026-09-05 23:20:00+00:00,0,0,0,0,True,True,False,24.232712417043007,-47.69765307896918,2.977112422902816,4.019688685571205,0.9183843123198551,0.025396465193649794,0.0,on,connected,True,synthetic_device_spec_v11
synthetic_customer_005,cabinet_005,2026-09-05 23:30:00+00:00,0,0,0,0,True,True,False,24.006161802533452,-47.09144245873949,2.9948790009814,3.961148322952178,0.0,0.014416393570128947,0.021066158117804813,on,connected,True,synthetic_device_spec_v11
synthetic_customer_005,cabinet_005,2026-09-05 23:40:00+00:00,0,0,0,0,True,True,False,24.34790613236145,-47.07285050822926,2.999960649604201,3.9674924476522015,0.0,0.0,0.00983427475576176,on,connected,True,synthetic_device_spec_v11
synthetic_customer_005,cabinet_005,2026-09-05 23:50:00+00:00,0,0,0,0,True,True,False,23.997257696213506,-45.873485433411936,2.980060320994616,3.9318781484471144,0.7847174970191133,0.04641793934518668,0.0024963826770200543,on,connected,True,synthetic_device_spec_v11
synthetic_customer_005,cabinet_005,2026-09-06 00:00:00+00:00,0,0,0,0,True,True,False,24.152454988499233,-47.61290929457484,2.9661724503020634,4.006975731049304,0.07050616948661802,0.0,0.018870370694316765,on,connected,True,synthetic_device_spec_v11
synthetic_customer_005,cabinet_005,2026-09-06 00:10:00+00:00,1,1,1,1,True,True,False,24.133062501437973,-50.35979412622277,3.010090731548452,4.164689300298353,0.0,0.0,0.013832116358060443,on,connected,True,synthetic_device_spec_v11
synthetic_customer_005,cabinet_005,2026-09-06 00:20:00+00:00,1,1,1,1,True,True,False,24.16084363954697,-46.89763089599885,3.005840687075519,3.949222086541863,0.666753371640196,0.0,0.012398566182075268,on,connected,True,synthetic_device_spec_v11
synthetic_customer_005,cabinet_005,2026-09-06 00:30:00+00:00,1,1,1,1,True,True,False,24.14383776348166,-46.414463198422794,2.995474875526884,4.007224613033102,0.030833396956728678,0.0,0.0,on,connected,True,synthetic_device_spec_v11
synthetic_customer_005,cabinet_005,2026-09-06 00:40:00+00:00,0,0,0,0,True,True,False,23.782328963973782,-48.93083446499086,3.0274234180551707,3.923528781539389,0.9132772166923274,0.03155362303620114,0.0,on,connected,True,synthetic_device_spec_v11
synthetic_customer_005,cabinet_005,2026-09-06 00:50:00+00:00,0,0,0,0,True,True,False,23.94456761213284,-48.70493596138619,3.0101401150161724,3.9738585775176514,0.2659544363503353,0.022595327703600062,0.0,on,connected,True,synthetic_device_spec_v11
synthetic_customer_005,cabinet_005,2026-09-06 01:00:00+00:00,0,0,0,0,True,True,False,24.159639116087316,-45.10656196872658,2.9681131107963536,4.120910456984853,0.6072066211089452,0.01800811094856462,0.008702775342384988,on,connected,True,synthetic_device_spec_v11
synthetic_customer_005,cabinet_005,2026-09-06 01:10:00+00:00,0,0,0,0,True,True,False,23.918733150709656,-47.04452493373482,2.9426935542957713,4.0245357616106885,0.13495277108094786,0.0,0.0026493120528902395,on,connected,True,synthetic_device_spec_v11
synthetic_customer_005,cabinet_005,2026-09-06 01:20:00+00:00,0,0,0,0,True,True,False,24.085348963893875,-47.36056701194912,3.0255278953194127,4.086823187807926,0.0,0.015314969406407334,0.03376089986028585,on,connected,True,synthetic_device_spec_v11
synthetic_customer_005,cabinet_005,2026-09-06 01:30:00+00:00,0,0,0,0,True,True,False,23.98688943210023,-47.39665331088017,3.0349407369831365,4.051532973762234,0.0,0.0,0.044886406576575555,on,connected,True,synthetic_device_spec_v11
synthetic_customer_005,cabinet_005,2026-09-06 01:40:00+00:00,0,0,0,0,True,True,False,24.070085816478787,-47.716939647150525,2.974336145733764,3.9085526233858263,0.28193205464961985,0.0,0.0007571406764612672,on,connected,True,synthetic_device_spec_v11
synthetic_customer_005,cabinet_005,2026-09-06 01:50:00+00:00,0,0,0,0,True,True,False,23.81722268031674,-48.057301356320394,2.9698726944294007,4.060957816952235,0.3166126201692889,0.0,0.0,on,connected,True,synthetic_device_spec_v11
synthetic_customer_005,cabinet_005,2026-09-06 02:00:00+00:00,0,0,0,0,True,True,False,24.160048352912998,-48.009139038923685,2.961643398004023,3.9924569453158023,0.31924167364055245,0.0,0.0,on,connected,True,synthetic_device_spec_v11
synthetic_customer_005,cabinet_005,2026-09-06 02:10:00+00:00,0,0,0,0,True,True,False,24.206830477643997,-46.7748791231296,2.980654480676959,4.019670678208067,0.4722610229420496,0.008709132183709627,0.002515590419417974,on,connected,True,synthetic_device_spec_v11
synthetic_customer_005,cabinet_005,2026-09-06 02:20:00+00:00,0,0,0,0,True,True,False,23.89110791600533,-47.43741177518355,3.0292630632361677,4.093064816408984,0.0,0.0,0.021057409777966614,on,connected,True,synthetic_device_spec_v11
synthetic_customer_005,cabinet_005,2026-09-06 02:30:00+00:00,0,0,0,0,True,True,False,24.149327277666995,-46.47195644138275,2.9001597456894985,3.962590075273872,0.0,0.0,0.0,on,connected,True,synthetic_device_spec_v11
synthetic_customer_005,cabinet_005,2026-09-06 02:40:00+00:00,0,0,0,0,True,True,False,23.947551546421277,-46.941329262424425,2.837743097991699,3.9822417287536216,0.0,0.0,0.0032497227285068703,on,connected,True,synthetic_device_spec_v11
synthetic_customer_005,cabinet_005,2026-09-06 02:50:00+00:00,0,0,0,0,True,True,False,24.03832201383626,-47.797516485758436,2.744926193280437,4.131854617926969,0.09112777278276286,0.0,0.013145676486965248,on,connected,True,synthetic_device_spec_v11
synthetic_customer_005,cabinet_005,2026-09-06 03:00:00+00:00,0,0,0,0,True,True,False,23.84419481840834,-47.84471325178376,2.7470779838626322,4.2813719126353735,0.19385538269762218,0.004310213548099255,0.02715774680677959,on,connected,True,synthetic_device_spec_v11
synthetic_customer_005,cabinet_005,2026-09-06 03:10:00+00:00,0,0,0,0,True,True,False,23.82200998674717,-47.32839057831618,2.6934594756854326,4.482672533321189,0.0,0.03227322992389311,0.09734920830120175,on,connected,True,synthetic_device_spec_v11
synthetic_customer_005,cabinet_005,2026-09-06 03:20:00+00:00,0,0,0,0,True,True,False,23.828745825429504,-48.53734387318536,2.515880439853388,4.821166185483747,0.0,0.0,0.06239004801414955,on,connected,True,synthetic_device_spec_v11
synthetic_customer_005,cabinet_005,2026-09-06 03:30:00+00:00,0,0,0,0,True,True,False,23.934733101046657,-47.80539595113119,2.4461516387681956,4.8795187671118505,0.1433182286012428,0.0,0.1153891546779747,on,connected,True,synthetic_device_spec_v11
synthetic_customer_005,cabinet_005,2026-09-06 03:40:00+00:00,0,0,0,0,True,True,False,23.835772943626672,-48.33856352415157,2.4086733013671564,5.0917938054895755,0.0,0.0,0.1466015905990392,on,connected,True,synthetic_device_spec_v11
synthetic_customer_005,cabinet_005,2026-09-06 03:50:00+00:00,0,0,0,0,True,True,False,23.901743887831113,-47.83016293046773,2.37987439856796,5.34642225424814,0.0,0.011431165134581662,0.21546803774609952,on,connected,True,synthetic_device_spec_v11
synthetic_customer_005,cabinet_005,2026-09-06 04:00:00+00:00,0,0,0,0,True,True,False,24.15090980455326,-48.79479216999456,2.2508719164800612,5.537507207712602,0.2903363407029017,0.0,0.18736289448986682,on,connected,True,synthetic_device_spec_v11
synthetic_customer_005,cabinet_005,2026-09-06 04:10:00+00:00,0,0,0,0,True,True,False,24.048329765244073,-49.16524649162489,2.175169356876933,5.740792159749528,0.0,0.0,0.23711315691547505,on,connected,True,synthetic_device_spec_v11
synthetic_customer_005,cabinet_005,2026-09-06 04:20:00+00:00,0,0,0,0,True,True,False,23.721367258704575,-48.20312412216186,2.2266331356340014,6.0478209541490076,0.15315376568460093,0.020054476780784126,0.2924977237192397,on,connected,True,synthetic_device_spec_v11
synthetic_customer_005,cabinet_005,2026-09-06 04:30:00+00:00,0,0,0,0,True,True,False,23.82414747831415,-47.87731317123296,2.235959866889884,6.137458268582771,0.3328180608808033,0.005789759093601642,0.2956469254508494,on,connected,True,synthetic_device_spec_v11
synthetic_customer_005,cabinet_005,2026-09-06 04:40:00+00:00,0,0,0,0,True,True,False,24.036949924170145,-46.272358975910464,2.223950934806914,6.38143563373675,0.26285204963395525,0.0,0.3113855920458521,on,connected,True,synthetic_device_spec_v11
synthetic_customer_005,cabinet_005,2026-09-06 04:50:00+00:00,0,0,0,0,True,True,False,24.069035197910477,-50.04718733088937,2.200799652117609,6.633293722825945,0.0,0.0,0.3570001344984457,on,connected,True,synthetic_device_spec_v11
synthetic_customer_005,cabinet_005,2026-09-06 05:00:00+00:00,0,0,0,0,True,True,False,23.960255821530406,-48.59113138076771,2.179994781090162,6.7601810993356555,0.27545406973931175,0.0,0.3695228493295087,on,connected,True,synthetic_device_spec_v11
synthetic_customer_005,cabinet_005,2026-09-06 05:10:00+00:00,0,0,0,0,True,True,False,24.08103220156695,-48.89458962786177,2.213049850737127,7.098456595393374,0.0035333425424513877,0.0,0.4188716363214398,on,connected,True,synthetic_device_spec_v11
synthetic_customer_005,cabinet_005,2026-09-06 05:20:00+00:00,0,0,0,0,True,True,False,24.127832735472662,-48.252185011492735,2.9460720011163866,6.992433086009231,0.0,0.03040095314816074,0.3893055256398758,on,connected,True,synthetic_device_spec_v11
synthetic_customer_005,cabinet_005,2026-09-06 05:30:00+00:00,0,0,0,0,True,True,False,23.93454819775644,-48.897324545899934,2.973795915090382,7.087273768244342,0.0,0.02695746624472502,0.41691259271388514,on,connected,True,synthetic_device_spec_v11
synthetic_customer_005,cabinet_005,2026-09-06 05:40:00+00:00,0,0,0,0,True,True,False,23.962532441338812,-48.364300352925525,3.0346115171987194,6.9713751402084485,0.0,0.03000389007688922,0.41251167546180156,on,connected,True,synthetic_device_spec_v11
synthetic_customer_005,cabinet_005,2026-09-06 05:50:00+00:00,0,0,0,0,True,True,False,23.84857659005355,-46.22390193986268,2.992888112598701,6.991529065332115,0.38578707951125063,0.027078861000410816,0.40098099851513763,on,connected,True,synthetic_device_spec_v11
synthetic_customer_005,cabinet_005,2026-09-06 06:00:00+00:00,0,0,0,0,True,True,False,24.24436912818405,-48.53102507336768,3.017773218900816,4.044589430121795,0.03904154635648533,0.010810148301412765,0.0,on,connected,True,synthetic_device_spec_v11
synthetic_customer_005,cabinet_005,2026-09-06 06:10:00+00:00,1,1,1,1,True,True,False,24.067898644253752,-49.63355434160183,3.014367759561453,3.993119965999522,0.0,0.02125875935902029,0.0,on,connected,True,synthetic_device_spec_v11
synthetic_customer_005,cabinet_005,2026-09-06 06:20:00+00:00,1,1,1,1,True,True,False,24.073746783444506,-47.773273163850114,2.9884489349512084,3.95319824394738,0.24867047755527544,0.05491776363601186,0.01907946735920209,on,connected,True,synthetic_device_spec_v11
synthetic_customer_005,cabinet_005,2026-09-06 06:30:00+00:00,1,1,1,1,True,True,False,23.898598632627795,-46.469090207862095,3.020818229222147,3.953927546449487,0.0,0.0,0.008387301931139252,on,connected,True,synthetic_device_spec_v11
synthetic_customer_005,cabinet_005,2026-09-06 06:40:00+00:00,0,0,0,0,True,True,False,23.878748173820224,-48.23338158522849,2.9901159394956625,4.057076254978858,0.0,0.0,0.024046884321459176,on,connected,True,synthetic_device_spec_v11
synthetic_customer_005,cabinet_005,2026-09-06 06:50:00+00:00,0,0,0,0,True,True,False,23.939829582326205,-48.563921494110495,3.0387693722424647,4.0176105310042995,0.0,0.0,0.02400602634150995,on,connected,True,synthetic_device_spec_v11
synthetic_customer_005,cabinet_005,2026-09-06 07:00:00+00:00,0,0,0,0,True,True,False,24.019673877221624,-46.89903013323536,2.9898891303983994,4.058928022511507,0.19973083971329378,0.004394850987933028,0.0,on,connected,True,synthetic_device_spec_v11
synthetic_customer_005,cabinet_005,2026-09-06 07:10:00+00:00,0,0,0,0,True,True,False,23.880136711731677,-46.89349987446266,3.0310720317511275,4.068531605884541,0.0,0.0,0.0,on,connected,True,synthetic_device_spec_v11
synthetic_customer_005,cabinet_005,2026-09-06 07:20:00+00:00,0,0,0,0,True,True,False,24.008735409853205,-49.082851673639794,2.9349510349788934,4.003370023129978,0.20544804842927467,0.0,0.0,on,connected,True,synthetic_device_spec_v11
synthetic_customer_005,cabinet_005,2026-09-06 07:30:00+00:00,0,0,0,0,True,True,False,24.031874583185967,-49.06676758186189,2.786604531356168,4.06721811634684,0.0,0.0,0.0,on,connected,True,synthetic_device_spec_v11
synthetic_customer_005,cabinet_005,2026-09-06 07:40:00+00:00,0,0,0,0,True,True,False,23.777189877178035,-47.95297661828894,2.5886280912242885,4.034618385498767,0.0,0.0,0.006746839428561193,on,connected,True,synthetic_device_spec_v11
synthetic_customer_005,cabinet_005,2026-09-06 07:50:00+00:00,0,0,0,0,True,True,False,24.282916630915945,-46.301832935607955,2.4960422693311175,4.062702352435534,0.5383280428768551,0.0,0.0020740473495294643,on,connected,True,synthetic_device_spec_v11
synthetic_customer_005,cabinet_005,2026-09-06 08:00:00+00:00,0,0,0,0,True,True,False,24.128274480871916,-47.74717716676705,2.266314076611593,4.019631820224704,0.37064615291749853,0.010877988927088529,0.0027804321029184825,on,connected,True,synthetic_device_spec_v11
synthetic_customer_005,cabinet_005,2026-09-06 08:10:00+00:00,0,0,0,0,True,True,False,23.767081800815507,-48.69052871308632,2.277400385830367,4.018088266079444,0.0,0.026243527827940007,0.0,on,connected,True,synthetic_device_spec_v11
synthetic_customer_005,cabinet_005,2026-09-06 08:20:00+00:00,0,0,0,0,True,True,False,23.974410753532812,-47.900951042540854,2.111383726614754,4.019241325061136,0.11165368807951316,0.0,0.0,on,connected,True,synthetic_device_spec_v11
synthetic_customer_005,cabinet_005,2026-09-06 08:30:00+00:00,0,0,0,0,True,True,False,24.164328194450523,-47.622505432188305,1.9887796279442602,4.040083764014392,0.009534147968427905,0.023380412319526367,0.0030619952837222966,on,connected,True,synthetic_device_spec_v11
synthetic_customer_005,cabinet_005,2026-09-06 08:40:00+00:00,0,0,0,0,True,True,False,23.88110644021144,-48.0979983310159,1.7626244664059458,3.9277488363575905,0.26745611929712815,0.0,0.021762016311150625,on,connected,True,synthetic_device_spec_v11
synthetic_customer_005,cabinet_005,2026-09-06 08:50:00+00:00,0,0,0,0,True,True,False,24.16790675830444,-47.44494002530494,1.7308350837765167,4.049160661043988,0.0,0.0,0.0006651559666683785,on,connected,True,synthetic_device_spec_v11
synthetic_customer_005,cabinet_005,2026-09-06 09:00:00+00:00,0,0,0,0,True,True,False,23.91531194566915,-47.96685407484682,1.5094284400987201,4.056603306588564,0.0,0.00478648723925864,0.0,on,connected,True,synthetic_device_spec_v11
synthetic_customer_005,cabinet_005,2026-09-06 09:10:00+00:00,0,0,0,0,True,True,False,23.97364247785048,-47.87897531724661,1.3062652381568556,4.09072126214595,0.14664318095117868,0.0,0.011895398468671279,on,connected,True,synthetic_device_spec_v11
synthetic_customer_005,cabinet_005,2026-09-06 09:20:00+00:00,0,0,0,0,True,True,False,24.174171258221353,-48.01219236474929,1.2647356610532803,4.012862238033512,0.0,0.009639049923300119,0.0,on,connected,True,synthetic_device_spec_v11
synthetic_customer_005,cabinet_005,2026-09-06 09:30:00+00:00,0,0,0,0,True,True,False,23.932328862302654,-47.22358226964506,1.1557159779704982,4.010868032681053,0.36541801936298757,0.0,0.001048610970718058,on,connected,True,synthetic_device_spec_v11
synthetic_customer_005,cabinet_005,2026-09-06 09:40:00+00:00,0,0,0,0,True,True,False,24.030481036841625,-48.392046302132684,1.007491773613595,4.089320990553957,0.0,0.0,0.0,on,connected,True,synthetic_device_spec_v11
synthetic_customer_005,cabinet_005,2026-09-06 09:50:00+00:00,0,0,0,0,True,True,False,24.077339237467246,-48.49879186785384,1.0070445800588457,3.963070960863013,0.32456763351875134,0.04959823983360043,0.01738164695205308,on,connected,True,synthetic_device_spec_v11
synthetic_customer_005,cabinet_005,2026-09-06 10:00:00+00:00,0,0,0,0,True,True,False,23.760788349615705,-47.94553658059457,1.0613311081541428,3.9056330927103646,0.44371938082037815,0.020934589447769866,0.0,on,connected,True,synthetic_device_spec_v11
synthetic_customer_005,cabinet_005,2026-09-06 10:10:00+00:00,0,0,0,0,True,True,False,24.18871385219145,-46.5934650728337,1.0041441378714129,3.9583147237060263,0.0,0.0,0.0,on,connected,True,synthetic_device_spec_v11
synthetic_customer_005,cabinet_005,2026-09-06 10:20:00+00:00,0,0,0,0,True,True,False,23.938210102144275,-47.79954542611574,2.9470627523912056,3.987332945473622,0.021345133764310846,0.0,0.0,on,connected,True,synthetic_device_spec_v11
synthetic_customer_005,cabinet_005,2026-09-06 10:30:00+00:00,0,0,0,0,True,True,False,24.034806816046775,-47.260325535643794,2.9786338956676834,3.9655518440833792,0.17158445647041837,0.011291912173534605,0.014014208184659477,on,connected,True,synthetic_device_spec_v11
synthetic_customer_005,cabinet_005,2026-09-06 10:40:00+00:00,0,0,0,0,True,True,False,24.156479102643672,-48.880369398562806,2.903970629875504,3.9868508679911923,0.2769056672685683,0.0,0.0,on,connected,True,synthetic_device_spec_v11
synthetic_customer_005,cabinet_005,2026-09-06 10:50:00+00:00,0,0,0,0,True,True,False,24.066959618906196,-47.617305465361234,2.9972593304105732,3.9760577573149396,0.16256154038289822,0.012475133371838159,0.0,on,connected,True,synthetic_device_spec_v11
synthetic_customer_005,cabinet_005,2026-09-06 11:00:00+00:00,0,0,0,0,True,True,False,24.002320694081106,-46.85265097939394,2.974566682394325,3.928479167308594,0.2652291842661668,0.0,0.023718724099153106,on,connected,True,synthetic_device_spec_v11
synthetic_customer_005,cabinet_005,2026-09-06 11:10:00+00:00,0,0,0,0,True,True,False,23.791948953813076,-48.635969660882004,3.0384358828752287,4.027759835723062,0.4998350190480333,0.0,0.0,on,connected,True,synthetic_device_spec_v11
synthetic_customer_005,cabinet_005,2026-09-06 11:20:00+00:00,0,0,0,0,True,True,False,23.907979876344832,-48.518212592285344,2.95138682397548,3.9715244575872335,0.0,0.028206829733127464,0.011043881079607737,on,connected,True,synthetic_device_spec_v11
synthetic_customer_005,cabinet_005,2026-09-06 11:30:00+00:00,0,0,0,0,True,True,False,23.92747610523954,-47.87769783323596,3.005762656948231,4.03425775799895,0.12053057028957359,0.04619586702860243,0.0,on,connected,True,synthetic_device_spec_v11
synthetic_customer_005,cabinet_005,2026-09-06 11:40:00+00:00,0,0,0,0,True,True,False,23.829519820596193,-47.78424328155255,2.9891599792394006,4.002364101356325,1.0020528118946617,0.005567581793147772,0.014341855855378931,on,connected,True,synthetic_device_spec_v11
synthetic_customer_005,cabinet_005,2026-09-06 11:50:00+00:00,0,0,0,0,True,True,False,23.980196795208506,-50.07759495602884,2.98069273488689,3.926694907451813,0.0,0.0,0.030994715399660405,on,connected,True,synthetic_device_spec_v11
synthetic_customer_005,cabinet_005,2026-09-06 12:00:00+00:00,0,0,0,0,True,True,False,23.912884577949225,-49.03617115354977,3.026784417351674,3.918990328499661,0.2280860316250027,0.00905317108828524,0.0,on,connected,True,synthetic_device_spec_v11
synthetic_customer_005,cabinet_005,2026-09-06 12:10:00+00:00,1,1,1,1,True,True,False,24.231489457350833,-48.07055215829285,2.986132224236548,3.9328887387302967,0.09383089277413524,0.006297076196906625,0.0,on,connected,True,synthetic_device_spec_v11
synthetic_customer_005,cabinet_005,2026-09-06 12:20:00+00:00,1,1,1,1,True,True,False,23.912436660495548,-46.02946723091212,2.9680055629676483,3.921222915341484,0.389966686902454,0.0,0.043615726561918707,on,connected,True,synthetic_device_spec_v11
synthetic_customer_005,cabinet_005,2026-09-06 12:30:00+00:00,1,1,1,1,True,True,False,24.10179671293724,-48.95300622846491,2.966162602693872,4.01472161869993,0.0,0.0005651007208743304,0.0,on,connected,True,synthetic_device_spec_v11
synthetic_customer_005,cabinet_005,2026-09-06 12:40:00+00:00,0,0,0,0,True,True,False,23.921110776653443,-47.63296682301561,2.9891920583885283,3.905193460808654,0.0,0.0,0.01044224434205341,on,connected,True,synthetic_device_spec_v11
synthetic_customer_005,cabinet_005,2026-09-06 12:50:00+00:00,0,0,0,0,True,True,False,24.171520459766725,-47.13837307322034,3.02538883012846,3.956506437296562,0.09392259385266488,0.0,0.0,on,connected,True,synthetic_device_spec_v11
synthetic_customer_005,cabinet_005,2026-09-06 13:00:00+00:00,0,0,0,0,True,True,False,23.9352127251311,-46.03212317054244,3.0139981354640693,3.981569873760385,0.541850782086362,0.0,0.012593106587100528,on,connected,True,synthetic_device_spec_v11
synthetic_customer_005,cabinet_005,2026-09-06 13:10:00+00:00,0,0,0,0,True,True,False,23.910616200211887,-49.4728661986503,3.0610482316775967,4.019587537310366,0.0,0.013263742453370891,0.011658589246651413,on,connected,True,synthetic_device_spec_v11
synthetic_customer_005,cabinet_005,2026-09-06 13:20:00+00:00,0,0,0,0,True,True,False,23.854830924249903,-49.33924103348126,2.950747205875591,4.022597717725243,0.0,0.0,0.029719677890515345,on,connected,True,synthetic_device_spec_v11
synthetic_customer_005,cabinet_005,2026-09-06 13:30:00+00:00,0,0,0,0,True,True,False,23.97246299738258,-48.7137457428147,2.9628709530726227,4.054215971633516,0.0,0.0,0.0,on,connected,True,synthetic_device_spec_v11
synthetic_customer_005,cabinet_005,2026-09-06 13:40:00+00:00,0,0,0,0,True,True,False,23.90218145657813,-49.33078071912769,2.8809032530937766,3.996613255429604,0.21933959301377948,0.0,0.017237037716280688,on,connected,True,synthetic_device_spec_v11
synthetic_customer_005,cabinet_005,2026-09-06 13:50:00+00:00,0,0,0,0,True,True,False,23.91335189271997,-47.85036209730139,3.0249135697812477,3.9600075989645145,0.0,0.009808584070306976,0.001374285509919631,on,connected,True,synthetic_device_spec_v11
synthetic_customer_005,cabinet_005,2026-09-06 14:00:00+00:00,0,0,0,0,True,True,False,24.09052618591343,-48.18386985999235,3.0130988509888836,3.982258245137237,0.0,0.0,0.0013162093595014638,on,connected,True,synthetic_device_spec_v11
synthetic_customer_005,cabinet_005,2026-09-06 14:10:00+00:00,0,0,0,0,True,True,False,23.943302943449083,-47.98777407352182,2.941981960377875,3.9472349604241206,0.3759449112686666,0.012321331193357418,0.0,on,connected,True,synthetic_device_spec_v11
synthetic_customer_005,cabinet_005,2026-09-06 14:20:00+00:00,0,0,0,0,True,True,False,24.00326321376639,-47.0278730477313,3.0184819335683253,3.9621170903732006,1.2582915816670281,0.0,0.008326739570861585,on,connected,True,synthetic_device_spec_v11
synthetic_customer_005,cabinet_005,2026-09-06 14:30:00+00:00,0,0,0,0,True,True,False,24.102454947445054,-47.19354085878831,2.9400477872164004,4.079106502018047,0.0,0.0,0.0,on,connected,True,synthetic_device_spec_v11
synthetic_customer_005,cabinet_005,2026-09-06 14:40:00+00:00,0,0,0,0,True,True,False,23.92912531570889,-47.75565279524852,2.932370519868914,4.01792610460918,0.0,0.0,0.0,on,connected,True,synthetic_device_spec_v11
synthetic_customer_005,cabinet_005,2026-09-06 14:50:00+00:00,0,0,0,0,True,True,False,24.151780811108782,-48.04094175558874,3.0183058412240564,4.030364018099063,0.0,0.01643252234281553,0.0,on,connected,True,synthetic_device_spec_v11
synthetic_customer_005,cabinet_005,2026-09-06 15:00:00+00:00,0,0,0,0,True,True,False,24.036265685831314,-48.004138477899204,3.04348915627704,4.021616712112507,0.0,0.006722953053375171,0.011023059166579691,on,connected,True,synthetic_device_spec_v11
synthetic_customer_005,cabinet_005,2026-09-06 15:10:00+00:00,0,0,0,0,True,True,False,24.029111908511062,-48.77367302311767,3.029753588701191,4.092654366356212,0.609699392842285,0.02070882086466178,0.011279180253438357,on,connected,True,synthetic_device_spec_v11
synthetic_customer_005,cabinet_005,2026-09-06 15:20:00+00:00,0,0,0,0,True,True,False,23.796878037065202,-48.09152015227276,3.005473812320279,4.052613451152735,0.0,0.0,0.027841094457710693,on,connected,True,synthetic_device_spec_v11
synthetic_customer_005,cabinet_005,2026-09-06 15:30:00+00:00,0,0,0,0,True,True,False,23.95434348532102,-46.97610196611771,3.0364693950111836,3.9939520906907777,0.0,0.0,0.03659948394206646,on,connected,True,synthetic_device_spec_v11
synthetic_customer_005,cabinet_005,2026-09-06 15:40:00+00:00,0,0,0,0,True,True,False,23.95267551097134,-47.45805867238559,3.0127488106250087,3.9919822702541765,0.8773875902093944,0.0,0.0,on,connected,True,synthetic_device_spec_v11
synthetic_customer_005,cabinet_005,2026-09-06 15:50:00+00:00,0,0,0,0,True,True,False,23.847961025642118,-48.15200185173371,2.944367612374812,3.9425377313286254,0.0,0.013200672393336716,0.0,on,connected,True,synthetic_device_spec_v11
synthetic_customer_005,cabinet_005,2026-09-06 16:00:00+00:00,0,0,0,0,True,True,False,23.96946854135191,-47.55244909315443,3.0013882421707327,4.003274245025359,0.0,0.0,0.0,on,connected,True,synthetic_device_spec_v11
synthetic_customer_005,cabinet_005,2026-09-06 16:10:00+00:00,0,0,0,0,True,True,False,24.06201005427919,-47.94799632045965,2.9693153150944,4.076316201625726,0.0,0.0,0.016229940662894717,on,connected,True,synthetic_device_spec_v11
synthetic_customer_005,cabinet_005,2026-09-06 16:20:00+00:00,0,0,0,0,True,True,False,24.10141545389849,-47.69319387070724,3.0352297702369246,4.000512102968756,0.0,0.03738073453964374,0.0,on,connected,True,synthetic_device_spec_v11
synthetic_customer_005,cabinet_005,2026-09-06 16:30:00+00:00,0,0,0,0,True,True,False,24.075930984452736,-46.81582522690149,3.000465820330026,4.036846939271696,0.0,0.015563218974748876,0.0,on,connected,True,synthetic_device_spec_v11
synthetic_customer_005,cabinet_005,2026-09-06 16:40:00+00:00,0,0,0,0,True,True,False,24.09111199725297,-47.63382278914731,3.002830818960083,3.9725901776648596,0.0,0.0,0.011754115836030763,on,connected,True,synthetic_device_spec_v11
synthetic_customer_005,cabinet_005,2026-09-06 16:50:00+00:00,0,0,0,0,True,True,False,23.859216383035854,-47.22080522684332,2.975248573182861,4.1388366541995705,0.0,0.013859084193445982,0.026944796786559855,on,connected,True,synthetic_device_spec_v11
synthetic_customer_005,cabinet_005,2026-09-06 17:00:00+00:00,0,0,0,0,True,True,False,23.955423320408173,-46.95868812779773,2.9993245345021537,3.960606820127573,0.0,0.039988686929775086,0.0,on,connected,True,synthetic_device_spec_v11
synthetic_customer_005,cabinet_005,2026-09-06 17:10:00+00:00,0,0,0,0,True,True,False,24.02948766908882,-49.10534415001979,3.0711708461584095,3.9980413471228555,0.12578030272906912,0.013924004837378993,0.0,on,connected,True,synthetic_device_spec_v11
synthetic_customer_005,cabinet_005,2026-09-06 17:20:00+00:00,0,0,0,0,True,True,False,24.18087737563522,-47.37809097097949,3.0265840902687344,3.98409117041714,0.0,0.0,0.011040176011247526,on,connected,True,synthetic_device_spec_v11
synthetic_customer_005,cabinet_005,2026-09-06 17:30:00+00:00,0,0,0,0,True,True,False,24.145428688186765,-48.360655044581804,3.0055170269119764,3.9706517392925718,0.8732437571893445,0.0,0.0,on,connected,True,synthetic_device_spec_v11
synthetic_customer_005,cabinet_005,2026-09-06 17:40:00+00:00,0,0,0,0,True,True,False,23.995391525723065,-48.4222895435205,3.0435261500019246,3.889697496667365,3.4538115495471007,0.0,0.024418742474595977,on,connected,True,synthetic_device_spec_v11
synthetic_customer_005,cabinet_005,2026-09-06 17:50:00+00:00,0,0,0,0,True,True,False,23.980410383295755,-50.09276600628945,2.96987236613619,4.041836174876314,5.137273274571416,0.0,0.027329614038215072,on,connected,True,synthetic_device_spec_v11
synthetic_customer_005,cabinet_005,2026-09-06 18:00:00+00:00,0,0,0,0,True,True,False,24.065695697844482,-50.049332811630954,3.006458458600956,4.131503560974578,7.020024087532155,0.0020156403437213187,0.008608766573326229,on,connected,True,synthetic_device_spec_v11
synthetic_customer_005,cabinet_005,2026-09-06 18:10:00+00:00,1,1,1,1,True,True,False,23.987251674145128,-47.88316203602416,3.0037342855329885,4.079930392031627,10.092858375295434,0.0,0.0,on,connected,True,synthetic_device_spec_v11
synthetic_customer_005,cabinet_005,2026-09-06 18:20:00+00:00,1,1,1,1,True,True,False,24.223932129762158,-48.47278376821591,2.9405455431595495,4.029819198204787,12.318828304551195,0.0,0.0,on,connected,True,synthetic_device_spec_v11
synthetic_customer_005,cabinet_005,2026-09-06 18:30:00+00:00,1,1,1,1,True,True,False,23.747453375751686,-48.00877839427236,3.0164656973208763,4.086261492889204,14.039537060691423,0.0,0.0038919810328184633,on,connected,True,synthetic_device_spec_v11
synthetic_customer_005,cabinet_005,2026-09-06 18:40:00+00:00,0,0,0,0,True,True,False,24.054264759409964,-48.85501051796416,2.9905763022576015,3.8629143566975443,15.857213704663689,0.001092232740336745,0.015889573738303058,on,connected,True,synthetic_device_spec_v11
synthetic_customer_005,cabinet_005,2026-09-06 18:50:00+00:00,0,0,0,0,True,True,False,23.865445198779007,-47.20543718248344,3.025863995861129,3.943471547479938,18.39939295709557,0.029157485332475298,0.005629751136938529,on,connected,True,synthetic_device_spec_v11
synthetic_customer_005,cabinet_005,2026-09-06 19:00:00+00:00,0,0,0,0,True,True,False,23.775008367865674,-50.43858604618277,2.9782310584870437,3.910850136968603,20.643951728349524,0.0,0.02297556145400424,on,connected,True,synthetic_device_spec_v11
synthetic_customer_005,cabinet_005,2026-09-06 19:10:00+00:00,0,0,0,0,True,True,False,23.34602046137387,-50.52997735491198,2.9965003696826105,4.037167878661403,22.923164250949856,0.0,0.0,on,connected,True,synthetic_device_spec_v11
synthetic_customer_005,cabinet_005,2026-09-06 19:20:00+00:00,0,0,0,0,True,True,False,22.780263801921546,-49.422436881868066,2.9454762398803234,3.993036354494927,24.415450706976998,0.0,0.03317267830910288,on,connected,True,synthetic_device_spec_v11
synthetic_customer_005,cabinet_005,2026-09-06 19:30:00+00:00,0,0,0,0,True,True,False,22.53879601547322,-49.216106348245425,2.922208050291845,3.9803595708951494,25.12829337038333,0.037428909201491826,0.024780828465617227,on,connected,True,synthetic_device_spec_v11
synthetic_customer_005,cabinet_005,2026-09-06 19:40:00+00:00,0,0,0,0,True,True,False,22.2285736567632,-46.87708115851265,2.949673154182998,3.9777507889853463,25.540116700268744,0.0,0.0,on,connected,True,synthetic_device_spec_v11
synthetic_customer_005,cabinet_005,2026-09-06 19:50:00+00:00,0,0,0,0,True,True,False,21.700289024424023,-47.09309110455208,2.974342200093509,3.88604090565877,25.26537576021724,0.012675782431322877,0.0,on,connected,True,synthetic_device_spec_v11
synthetic_customer_005,cabinet_005,2026-09-06 20:00:00+00:00,0,0,0,0,True,True,False,21.156569397393422,-47.58459764353152,2.984164881487305,3.9950463380512233,0.0,0.061258023500740166,0.0,on,connected,True,synthetic_device_spec_v11
synthetic_customer_005,cabinet_005,2026-09-06 20:10:00+00:00,0,0,0,0,True,True,False,21.057110237983032,-46.72014052448763,3.0205665922446685,4.079819616684239,0.8498809078929274,0.0019977130337756346,0.0,on,connected,True,synthetic_device_spec_v11
synthetic_customer_005,cabinet_005,2026-09-06 20:20:00+00:00,0,0,0,0,True,True,False,20.66072602365921,-49.618710427185775,3.0339068701146195,4.006076995812577,0.2694193845303523,0.018763417086503215,0.008361850132536246,on,connected,True,synthetic_device_spec_v11
synthetic_customer_005,cabinet_005,2026-09-06 20:30:00+00:00,0,0,0,0,True,True,False,20.24174607582899,-46.257208120882105,2.9710581500901285,4.019103181214377,0.1294145489613326,0.0,0.02384943235401299,on,connected,True,synthetic_device_spec_v11
synthetic_customer_005,cabinet_005,2026-09-06 20:40:00+00:00,0,0,0,0,True,True,False,20.047152292617703,-45.70027040025002,2.986523830401543,3.945640267045809,0.22467680198447934,0.0,0.04549717412988347,on,connected,True,synthetic_device_spec_v11
synthetic_customer_005,cabinet_005,2026-09-06 20:50:00+00:00,0,0,0,0,True,True,False,19.513418124912192,-46.76672875459368,2.969793752183131,3.9795919377960978,0.20584400017161522,0.0,0.0,on,connected,True,synthetic_device_spec_v11
synthetic_customer_005,cabinet_005,2026-09-06 21:00:00+00:00,0,0,0,0,True,True,False,18.977759721415378,-47.52255080258363,3.0116539007274077,3.954083617172696,0.4317592805289146,0.0,0.0,on,connected,True,synthetic_device_spec_v11
synthetic_customer_005,cabinet_005,2026-09-06 21:10:00+00:00,0,0,0,0,True,True,False,18.671268003328432,-48.68249232029007,3.0379043247610147,4.025086587929502,1.217907341517764,0.0654697264533706,0.019453660820973516,on,connected,True,synthetic_device_spec_v11
synthetic_customer_005,cabinet_005,2026-09-06 22:30:00+00:00,0,0,0,0,True,True,False,23.949721374755367,-47.21366281589426,3.016833809210334,4.012711952708724,0.11977355180716691,0.06594528937623519,0.0,on,connected,True,synthetic_device_spec_v11
synthetic_customer_005,cabinet_005,2026-09-06 22:40:00+00:00,0,0,0,0,True,True,False,24.084897120209035,-49.20750757020189,3.0039664893375493,4.112332961098469,0.7564994562194282,0.023088565303514903,0.0,on,connected,True,synthetic_device_spec_v11
synthetic_customer_005,cabinet_005,2026-09-06 22:50:00+00:00,0,0,0,0,True,True,False,24.04632531421969,-48.372212123203376,3.0501848552642774,4.084204228131935,0.0,0.0,0.0,on,connected,True,synthetic_device_spec_v11
synthetic_customer_005,cabinet_005,2026-09-06 23:00:00+00:00,0,0,0,0,True,True,False,23.97296004156147,-49.0312004510616,2.968381448227751,3.9886017927621107,0.0,0.001469560419577849,0.0,on,connected,True,synthetic_device_spec_v11
synthetic_customer_005,cabinet_005,2026-09-06 23:10:00+00:00,0,0,0,0,True,True,False,24.03522173005956,-46.127258950054504,3.0025428580553175,3.94657813283978,0.0,0.0,0.0,on,connected,True,synthetic_device_spec_v11
synthetic_customer_005,cabinet_005,2026-09-06 23:20:00+00:00,0,0,0,0,True,True,False,23.896035509065705,-46.74875208222606,2.987929569908514,4.00969225919738,0.0,0.011930651778430704,0.0,on,connected,True,synthetic_device_spec_v11
synthetic_customer_005,cabinet_005,2026-09-06 23:30:00+00:00,0,0,0,0,True,True,False,23.945907293062348,-49.371190251606755,2.955435372946738,4.026017712030759,0.0,0.042953271898155704,0.037195828996297926,on,connected,True,synthetic_device_spec_v11
synthetic_customer_005,cabinet_005,2026-09-06 23:40:00+00:00,0,0,0,0,True,True,False,24.385327247684856,-48.31110806687578,3.0683505756615777,3.954697963452136,0.0,0.0,0.0,on,connected,True,synthetic_device_spec_v11
synthetic_customer_005,cabinet_005,2026-09-06 23:50:00+00:00,0,0,0,0,True,True,False,23.99096765761597,-49.03243629630691,3.0411384231473044,3.968093972335455,0.6376833334660691,0.0,0.0,on,connected,True,synthetic_device_spec_v11
synthetic_customer_005,cabinet_005,2026-09-07 00:00:00+00:00,0,0,0,0,True,True,False,23.839216329568643,-49.49307185696484,3.0248777720141726,3.9858923166588673,0.0,0.02037039846553885,0.0,on,connected,True,synthetic_device_spec_v11
synthetic_customer_005,cabinet_005,2026-09-07 00:10:00+00:00,1,1,1,1,True,True,False,24.09131932174242,-48.47972299029439,3.0517376669685903,3.9537961565908404,0.0,0.02914072258034503,0.021491254281584934,on,connected,True,synthetic_device_spec_v11
synthetic_customer_005,cabinet_005,2026-09-07 00:20:00+00:00,1,1,1,1,True,True,False,23.973474514166785,-46.57315748626248,2.951812769336985,3.970614869923886,0.02450370023431739,0.012789038249264468,0.0062992473813896594,on,connected,True,synthetic_device_spec_v11
synthetic_customer_005,cabinet_005,2026-09-07 00:30:00+00:00,1,1,1,1,True,True,False,23.930460093329277,-46.40864578511386,2.9526945949540284,4.009727571179754,0.35841445731894284,0.018935262037278244,0.0,on,connected,True,synthetic_device_spec_v11
synthetic_customer_005,cabinet_005,2026-09-07 00:40:00+00:00,0,0,0,0,True,True,False,23.81793235580404,-49.2781764192824,3.071537239713911,4.028234751122651,0.18174872841152415,0.004497248723117853,0.0,on,connected,True,synthetic_device_spec_v11
synthetic_customer_005,cabinet_005,2026-09-07 00:50:00+00:00,0,0,0,0,True,True,False,24.17912362152727,-46.66689794531467,3.0177713441491485,4.097570727845147,0.406117163503979,0.009619205539778145,0.025014691170470362,on,connected,True,synthetic_device_spec_v11
synthetic_customer_005,cabinet_005,2026-09-07 01:00:00+00:00,0,0,0,0,True,True,False,24.040017122487676,-47.545010564362464,3.010082500638397,4.040858200432765,0.0,0.0,0.025200728403593907,on,connected,True,synthetic_device_spec_v11
synthetic_customer_005,cabinet_005,2026-09-07 01:10:00+00:00,0,0,0,0,True,True,False,24.127964403357772,-46.18153945704808,3.0182634390136176,3.9772327124754416,0.0,0.012095054009303823,0.0,on,connected,True,synthetic_device_spec_v11
synthetic_customer_005,cabinet_005,2026-09-07 01:20:00+00:00,0,0,0,0,True,True,False,24.04655635897643,-46.71917179578085,2.9498822095207746,3.97441121059189,0.0,0.0,0.0,on,connected,True,synthetic_device_spec_v11
synthetic_customer_005,cabinet_005,2026-09-07 01:30:00+00:00,0,0,0,0,True,True,False,24.17204877613946,-46.298736274777426,3.00622591951658,3.9850351195493907,0.6894574285242014,0.004051248320299227,0.01934025402584098,on,connected,True,synthetic_device_spec_v11
synthetic_customer_005,cabinet_005,2026-09-07 01:40:00+00:00,0,0,0,0,True,True,False,23.972155699056703,-48.30724653123921,2.9862485405941097,4.047114242024663,0.40063549508859464,0.009393415787316936,0.0,on,connected,True,synthetic_device_spec_v11
synthetic_customer_005,cabinet_005,2026-09-07 01:50:00+00:00,0,0,0,0,True,True,False,24.108398643045668,-48.89675823342397,2.9340201653143745,4.015360369129543,0.0,0.014806220203507579,0.0,on,connected,True,synthetic_device_spec_v11
synthetic_customer_005,cabinet_005,2026-09-07 02:00:00+00:00,0,0,0,0,True,True,False,23.920431691765938,-48.33181315647345,3.0369903307016886,4.023520940549747,0.7675045594500338,0.015525844445937265,0.007058497926953019,on,connected,True,synthetic_device_spec_v11
synthetic_customer_005,cabinet_005,2026-09-07 02:10:00+00:00,0,0,0,0,True,True,False,23.861693957693173,-48.98561569257069,2.9514352814814204,4.028623570012986,0.5194670080284869,0.0,0.0,on,connected,True,synthetic_device_spec_v11
synthetic_customer_005,cabinet_005,2026-09-07 02:20:00+00:00,0,0,0,0,True,True,False,24.111083315833525,-47.633749806803664,2.966702728640355,3.906363438817436,0.10285231467959588,0.0,0.015845664755504977,on,connected,True,synthetic_device_spec_v11
synthetic_customer_005,cabinet_005,2026-09-07 02:30:00+00:00,0,0,0,0,True,True,False,24.033739689370876,-48.07903614708285,2.931336856656,3.8377565658682293,0.0,0.0,0.017647446125406207,on,connected,True,synthetic_device_spec_v11
synthetic_customer_005,cabinet_005,2026-09-07 02:40:00+00:00,0,0,0,0,True,True,False,23.989180521609892,-49.3143113892737,2.9814729541833724,4.080286322896669,0.20363824464554053,0.0,0.0,on,connected,True,synthetic_device_spec_v11
synthetic_customer_005,cabinet_005,2026-09-07 02:50:00+00:00,0,0,0,0,True,True,False,23.91197305554678,-48.826798936645325,2.9879044206069194,3.9477007481734607,0.0,0.025228510424851504,0.0,on,connected,True,synthetic_device_spec_v11
synthetic_customer_005,cabinet_005,2026-09-07 03:00:00+00:00,0,0,0,0,True,True,False,23.87969153411855,-47.449403892343916,2.9998949557133527,4.00675200881842,0.9265093265149343,0.006153410442358465,0.0,on,connected,True,synthetic_device_spec_v11
synthetic_customer_005,cabinet_005,2026-09-07 03:10:00+00:00,0,0,0,0,True,True,False,23.962484022747486,-48.28155535075399,2.999681505057099,4.174894012667795,0.0,0.007895510028580402,0.0,on,connected,True,synthetic_device_spec_v11
synthetic_customer_005,cabinet_005,2026-09-07 03:20:00+00:00,0,0,0,0,True,True,False,24.094145976326587,-47.88427605859209,2.987591451124774,4.023150901984431,0.0,0.0,0.0,on,connected,True,synthetic_device_spec_v11
synthetic_customer_005,cabinet_005,2026-09-07 03:30:00+00:00,0,0,0,0,True,True,False,23.946239642478023,-48.29622215795048,2.9263798888618098,4.036270124587365,0.24107434239697179,0.0024157779837769462,0.0002806781227569673,on,connected,True,synthetic_device_spec_v11
synthetic_customer_005,cabinet_005,2026-09-07 03:40:00+00:00,0,0,0,0,True,True,False,24.21379722744507,-48.256208226754126,2.7085584132696217,4.051785533901294,0.4166583314884623,0.015150462468717386,0.0,on,connected,True,synthetic_device_spec_v11
synthetic_customer_005,cabinet_005,2026-09-07 03:50:00+00:00,0,0,0,0,True,True,False,24.14619999513148,-47.09487707674303,2.6059897452695004,4.064105021403219,0.0,0.0,0.006744355421227199,on,connected,True,synthetic_device_spec_v11
synthetic_customer_005,cabinet_005,2026-09-07 04:00:00+00:00,0,0,0,0,True,True,False,23.94556397226577,-47.74070858510999,2.376367842256418,3.915281438683783,0.0,0.0,0.0034213539013714283,on,connected,True,synthetic_device_spec_v11
synthetic_customer_005,cabinet_005,2026-09-07 04:10:00+00:00,0,0,0,0,True,True,False,24.10703909914075,-49.093836912228085,2.3170672996940143,4.04766834723452,0.0,0.004911269846521221,0.0,on,connected,True,synthetic_device_spec_v11
synthetic_customer_005,cabinet_005,2026-09-07 04:20:00+00:00,0,0,0,0,True,True,False,23.723425974648983,-47.22194138183658,2.107247456143931,4.151377503077562,0.0,0.020768754553190803,0.020343382317837444,on,connected,True,synthetic_device_spec_v11
synthetic_customer_005,cabinet_005,2026-09-07 04:30:00+00:00,0,0,0,0,True,True,False,24.145499052756943,-48.19278744539439,1.9312735091440554,4.235710538565403,0.0,0.012767715876272456,0.03230780862930625,on,connected,True,synthetic_device_spec_v11
synthetic_customer_005,cabinet_005,2026-09-07 04:40:00+00:00,0,0,0,0,True,True,False,24.099356315493363,-48.269853279647954,1.7798326477936335,4.4070225654908395,0.0,0.0,0.05657872056847566,on,connected,True,synthetic_device_spec_v11
synthetic_customer_005,cabinet_005,2026-09-07 04:50:00+00:00,0,0,0,0,True,True,False,23.895276341114247,-47.39889540036949,1.6357720275352585,4.6549304348926945,0.0,0.013962789329676982,0.05869432205499958,on,connected,True,synthetic_device_spec_v11
synthetic_customer_005,cabinet_005,2026-09-07 05:00:00+00:00,0,0,0,0,True,True,False,24.010144040723898,-51.920255891246576,1.4507501644389833,4.757929003940891,0.8139198012427936,0.055737640587325686,0.08229161641756791,on,connected,True,synthetic_device_spec_v11
synthetic_customer_005,cabinet_005,2026-09-07 05:10:00+00:00,0,0,0,0,True,True,False,24.075130666336918,-51.43365379022485,1.363484807791355,4.9442592716922436,0.3222451593381007,0.08871929252798691,0.12016596589923549,on,connected,True,synthetic_device_spec_v11
synthetic_customer_005,cabinet_005,2026-09-07 05:20:00+00:00,0,0,0,0,True,True,False,24.170600474406687,-53.54772821535799,1.180627361899782,4.948550699503917,0.0,0.09462780144229588,0.11796130578473393,on,connected,True,synthetic_device_spec_v11
synthetic_customer_005,cabinet_005,2026-09-07 05:30:00+00:00,0,0,0,0,True,True,False,24.06169182305202,-54.51580787012657,1.0117214729551607,5.131884259799751,0.0,0.145258557358322,0.14710296344181253,on,connected,True,synthetic_device_spec_v11
synthetic_customer_005,cabinet_005,2026-09-07 05:40:00+00:00,0,0,0,0,True,True,False,23.911645043624596,-57.120150395740794,0.9263009309716981,5.2691000126834355,0.20708561800269754,0.17688691440993293,0.2308192058851627,on,connected,True,synthetic_device_spec_v11
synthetic_customer_005,cabinet_005,2026-09-07 05:50:00+00:00,0,0,0,0,True,True,False,23.998008963697476,-57.60121061354473,1.0351746361333634,5.404583469655826,0.4828996120912154,0.2135139349279962,0.17800601526251306,on,connected,True,synthetic_device_spec_v11
synthetic_customer_005,cabinet_005,2026-09-07 06:00:00+00:00,0,0,0,0,True,True,False,24.06740090676083,-60.43979917751482,1.0055959375854855,5.544107735644764,0.0,0.20976547390439293,0.20252441886920144,on,connected,True,synthetic_device_spec_v11
synthetic_customer_005,cabinet_005,2026-09-07 06:10:00+00:00,1,1,1,0,True,True,False,23.91220292329281,-62.11526741167785,1.0239673529514652,5.744339059760476,0.6755458424596227,0.20825323560187803,0.23037944585318942,on,connected,True,synthetic_device_spec_v11
synthetic_customer_005,cabinet_005,2026-09-07 06:20:00+00:00,1,1,1,0,True,True,False,24.089323154049506,-64.92091553411966,1.0322396599228256,5.819750068908238,0.1770016599827485,0.3061435142625,0.2357960771945594,on,connected,True,synthetic_device_spec_v11
synthetic_customer_005,cabinet_005,2026-09-07 06:30:00+00:00,1,1,1,1,True,True,False,23.90853612915268,-67.89017495724961,2.9721113057843285,6.011531501168195,0.0,0.34112686302865214,0.2710482214813419,on,connected,True,synthetic_device_spec_v11
synthetic_customer_005,cabinet_005,2026-09-07 06:40:00+00:00,0,0,0,0,True,True,False,23.87197949377472,-68.7805103538553,2.9742743330649857,6.1670820011600735,0.0,0.37637937157917445,0.27140195423329594,on,connected,True,synthetic_device_spec_v11
synthetic_customer_005,cabinet_005,2026-09-07 06:50:00+00:00,0,0,0,0,True,True,False,24.081406779422846,-69.92069343045264,2.9490780091673474,6.269430754022059,0.37840305134582414,0.46334802880413156,0.3150750251848025,on,connected,True,synthetic_device_spec_v11
synthetic_customer_005,cabinet_005,2026-09-07 07:00:00+00:00,0,0,0,0,True,True,False,23.831825816650646,-71.06135417557215,3.026364096031568,6.468023864926628,0.5703885702327831,0.4342749500162674,0.32533809467228003,on,connected,True,synthetic_device_spec_v11
synthetic_customer_005,cabinet_005,2026-09-07 07:10:00+00:00,0,0,0,0,True,True,False,24.212808369969334,-73.70534559600326,2.9922934360661797,6.674138769925086,0.0,0.500370685923233,0.3544889102871666,on,connected,True,synthetic_device_spec_v11
synthetic_customer_005,cabinet_005,2026-09-07 07:20:00+00:00,0,0,0,0,True,True,False,23.959246936758873,-75.79928682090062,3.011395025706717,6.69357915451533,0.0,0.5122210460042669,0.3673134231020792,on,connected,True,synthetic_device_spec_v11
synthetic_customer_005,cabinet_005,2026-09-07 07:30:00+00:00,0,0,0,0,True,True,False,24.074888185863575,-79.61946300062299,3.1125344429257478,6.922678015306618,0.529526765166106,0.5452972100581036,0.39722323214700134,on,connected,True,synthetic_device_spec_v11
synthetic_customer_005,cabinet_005,2026-09-07 07:40:00+00:00,0,0,0,0,True,True,False,24.17365571765861,-80.82673040769622,3.0234427334673564,7.010405119956246,0.0,0.5861744985540498,0.3893532882617275,on,connected,True,synthetic_device_spec_v11
synthetic_customer_005,cabinet_005,2026-09-07 07:50:00+00:00,0,0,0,0,True,True,False,23.961592255676646,-82.65286367378235,3.056909536871972,7.064340064953316,0.5638236713316094,0.6072465319416651,0.408706546446736,on,connected,True,synthetic_device_spec_v11
synthetic_customer_005,cabinet_005,2026-09-07 08:00:00+00:00,0,0,0,0,True,True,False,24.278338157106948,-83.11420385206587,3.0053083423617117,7.006440306538087,0.0,0.6280392157524121,0.40802612558461926,on,connected,True,synthetic_device_spec_v11
synthetic_customer_005,cabinet_005,2026-09-07 09:10:00+00:00,0,0,0,0,True,True,False,23.94781541375283,-47.32400099661652,3.001108183967897,3.859328284642248,1.0657922194260034,0.005216594799376389,0.01526659038446327,on,connected,True,synthetic_device_spec_v11
synthetic_customer_005,cabinet_005,2026-09-07 09:20:00+00:00,0,0,0,0,True,True,False,23.724301477515333,-49.24354533710379,2.981480650848671,3.9524382709592474,0.7284400851479684,0.02717489788965577,0.002888882182213933,on,connected,True,synthetic_device_spec_v11
synthetic_customer_005,cabinet_005,2026-09-07 09:30:00+00:00,0,0,0,0,True,True,False,24.157192666556455,-46.58983264833465,3.020988601556447,4.032628523751393,0.0,0.0,0.019746994007750797,on,connected,True,synthetic_device_spec_v11
synthetic_customer_005,cabinet_005,2026-09-07 09:40:00+00:00,0,0,0,0,True,True,False,23.93128061920089,-49.06645454805165,2.9321608575748384,3.959308390370031,0.0,0.032208115642629015,0.0,on,connected,True,synthetic_device_spec_v11
synthetic_customer_005,cabinet_005,2026-09-07 09:50:00+00:00,0,0,0,0,True,True,False,24.125165183655096,-48.52961044583228,2.960115609655651,4.006145534384402,0.0,0.0,0.0,on,connected,True,synthetic_device_spec_v11
synthetic_customer_005,cabinet_005,2026-09-07 10:00:00+00:00,0,0,0,0,True,True,False,24.150774096266794,-47.12281293700785,3.002024451578948,3.986724517556137,0.0,0.008560940900583675,0.028654831490829803,on,connected,True,synthetic_device_spec_v11
synthetic_customer_005,cabinet_005,2026-09-07 10:10:00+00:00,0,0,0,0,True,True,False,24.171950867034873,-47.59112108569463,3.0446717746967695,3.995179352430251,0.0,0.025878263814434883,0.0,on,connected,True,synthetic_device_spec_v11
synthetic_customer_005,cabinet_005,2026-09-07 10:20:00+00:00,0,0,0,0,True,True,False,23.816514520583354,-47.21945077256424,2.9529210098016314,4.107311431282053,0.0,0.016168077422986635,0.0,on,connected,True,synthetic_device_spec_v11
synthetic_customer_005,cabinet_005,2026-09-07 10:30:00+00:00,0,0,0,0,True,True,False,24.01889990722545,-46.95866891394227,2.9329368855888687,4.025208481502891,0.0,0.0,0.0,on,connected,True,synthetic_device_spec_v11
synthetic_customer_005,cabinet_005,2026-09-07 10:40:00+00:00,0,0,0,0,True,True,False,24.19035110285105,-47.172959533438984,3.001390917950508,4.05089858375396,0.0,0.0,0.0,on,connected,True,synthetic_device_spec_v11
synthetic_customer_005,cabinet_005,2026-09-07 10:50:00+00:00,0,0,0,0,True,True,False,23.892737780559838,-45.124799357590994,2.937514254687778,3.93456390569028,0.8716069873766935,0.0,0.003870252842820532,on,connected,True,synthetic_device_spec_v11
synthetic_customer_005,cabinet_005,2026-09-07 11:00:00+00:00,0,0,0,0,True,True,False,24.055551263101286,-47.502471703836655,2.9414989768207516,4.0608196574168165,0.17037396206469943,0.010226194858688469,0.0018083440792168478,on,connected,True,synthetic_device_spec_v11
synthetic_customer_005,cabinet_005,2026-09-07 11:10:00+00:00,0,0,0,0,True,True,False,23.86500531412254,-47.94248354493047,2.9715263783811485,4.030773345618701,0.13448541179037143,0.01090813326195903,0.03031204024077393,on,connected,True,synthetic_device_spec_v11
synthetic_customer_005,cabinet_005,2026-09-07 11:20:00+00:00,0,0,0,0,True,True,False,23.988834796444767,-48.77110955935568,3.0690155025340244,4.0268019392583945,0.0,0.029405710131350318,0.020498627614264364,on,connected,True,synthetic_device_spec_v11
synthetic_customer_005,cabinet_005,2026-09-07 11:30:00+00:00,0,0,0,0,True,True,False,24.057384322545808,-47.589726313869946,3.0130890270366875,3.908248401483984,0.0012421407538552017,0.0,0.0,on,connected,True,synthetic_device_spec_v11
synthetic_customer_005,cabinet_005,2026-09-07 11:40:00+00:00,0,0,0,0,True,True,False,23.962948344695814,-47.0625325259731,2.914276423743607,3.9460894756811307,0.7675919329951465,0.016244024623978708,0.015918375978339946,on,connected,True,synthetic_device_spec_v11
synthetic_customer_005,cabinet_005,2026-09-07 11:50:00+00:00,0,0,0,0,True,True,False,24.311025206795826,-48.205922001833194,2.846856602186345,4.145803927640874,0.0,0.010411336598725727,0.025568105820467514,on,connected,True,synthetic_device_spec_v11
synthetic_customer_005,cabinet_005,2026-09-07 12:00:00+00:00,0,0,0,0,True,True,False,24.15524489013033,-47.84034002861753,2.8209918924949564,4.042162987775214,0.5364872489682696,0.0065189125502096565,0.0,on,connected,True,synthetic_device_spec_v11
synthetic_customer_005,cabinet_005,2026-09-07 12:10:00+00:00,1,1,1,1,True,True,False,24.120148774918842,-47.158758639997,2.7626960178885196,3.992036281877691,0.09206690368582518,0.0,0.0,on,connected,True,synthetic_device_spec_v11
synthetic_customer_005,cabinet_005,2026-09-07 12:20:00+00:00,1,1,1,1,True,True,False,24.25048237523339,-47.967867464331626,2.6507912328311254,3.9131396626531423,0.6629840829304262,0.0,0.01754812015813474,on,connected,True,synthetic_device_spec_v11
synthetic_customer_005,cabinet_005,2026-09-07 12:30:00+00:00,1,1,1,1,True,True,False,23.95657226083621,-48.66045079666194,2.6703570483145302,3.964381031588951,0.0,0.0,0.013654786204897996,on,connected,True,synthetic_device_spec_v11
synthetic_customer_005,cabinet_005,2026-09-07 12:40:00+00:00,0,0,0,0,True,True,False,24.043792455808426,-45.84559825394983,2.534036066871456,3.954482725011246,0.384762868790745,0.0,0.00014556546653594375,on,connected,True,synthetic_device_spec_v11
synthetic_customer_005,cabinet_005,2026-09-07 12:50:00+00:00,0,0,0,0,True,True,False,24.260249582173333,-48.142461114838014,2.393943739513429,3.938803441854922,0.0,0.0,0.0,on,connected,True,synthetic_device_spec_v11
synthetic_customer_005,cabinet_005,2026-09-07 13:00:00+00:00,0,0,0,0,True,True,False,24.03791018027266,-47.74576619310993,2.3833342123060715,4.039243098797393,0.08666425605207723,0.040496059168813214,0.0,on,connected,True,synthetic_device_spec_v11
synthetic_customer_005,cabinet_005,2026-09-07 13:10:00+00:00,0,0,0,0,True,True,False,24.048089350207704,-47.400461022364226,2.317888649362691,3.952466492603363,0.9035044293379739,0.0,0.0,on,connected,True,synthetic_device_spec_v11
synthetic_customer_005,cabinet_005,2026-09-07 13:20:00+00:00,0,0,0,0,True,True,False,24.17384997684156,-48.241485197275104,2.2207767543514643,4.058751120300034,0.4440120099042291,0.0,0.008036527168895925,on,connected,True,synthetic_device_spec_v11
synthetic_customer_005,cabinet_005,2026-09-07 13:30:00+00:00,0,0,0,0,True,True,False,24.00464412479889,-47.73389103779485,2.229965534029316,4.045140632169218,0.0,0.008761038871743985,0.014637569474010837,on,connected,True,synthetic_device_spec_v11
synthetic_customer_005,cabinet_005,2026-09-07 13:40:00+00:00,0,0,0,0,True,True,False,24.12419389886455,-48.94566493081371,2.19836522426538,4.062725709577895,0.0,0.0,0.0,on,connected,True,synthetic_device_spec_v11
synthetic_customer_005,cabinet_005,2026-09-07 13:50:00+00:00,0,0,0,0,True,True,False,24.1865781003846,-49.50122798031759,2.2354000912628904,4.039734151110558,0.0,0.0,0.0,on,connected,True,synthetic_device_spec_v11
synthetic_customer_005,cabinet_005,2026-09-07 14:00:00+00:00,0,0,0,0,True,True,False,24.03751511677334,-49.10831148256168,2.2011066361623572,4.069859080284746,0.0,0.02090325866970354,0.017331931048075726,on,connected,True,synthetic_device_spec_v11
synthetic_customer_005,cabinet_005,2026-09-07 14:10:00+00:00,0,0,0,0,True,True,False,24.05322131349711,-47.797224307709904,3.056184965850863,4.019148352652773,0.0,0.0,0.0,on,connected,True,synthetic_device_spec_v11
synthetic_customer_005,cabinet_005,2026-09-07 14:20:00+00:00,0,0,0,0,True,True,False,24.06642570209594,-47.2505850624113,2.9594783265724414,3.904341426071158,0.0,0.004599830328275735,0.0,on,connected,True,synthetic_device_spec_v11
synthetic_customer_005,cabinet_005,2026-09-07 14:30:00+00:00,0,0,0,0,True,True,False,24.103081904933497,-49.58451194653942,3.011347390226726,4.062929737096223,0.2245862624600863,0.01098775337860296,0.0,on,connected,True,synthetic_device_spec_v11
synthetic_customer_005,cabinet_005,2026-09-07 14:40:00+00:00,0,0,0,0,True,True,False,23.953121239148864,-48.96204920426577,3.024643631032692,4.012021735201993,0.5532325327437492,0.0,0.01805804759237297,on,connected,True,synthetic_device_spec_v11
synthetic_customer_005,cabinet_005,2026-09-07 14:50:00+00:00,0,0,0,0,True,True,False,23.785573685638656,-46.353892149043965,2.9817407463532417,3.9727556707454545,0.15211152518231671,0.0,0.004289038865803591,on,connected,True,synthetic_device_spec_v11
synthetic_customer_005,cabinet_005,2026-09-07 15:00:00+00:00,0,0,0,0,True,True,False,24.069784004614593,-47.71470217938029,3.0381549049047027,4.029951926299511,0.1975744243655467,0.006210823473424708,0.0,on,connected,True,synthetic_device_spec_v11
synthetic_customer_005,cabinet_005,2026-09-07 15:10:00+00:00,0,0,0,0,True,True,False,24.002087991949683,-49.143814601181525,2.9317276592461456,3.921302610854732,0.09237795763053072,0.0,0.0,on,connected,True,synthetic_device_spec_v11
synthetic_customer_005,cabinet_005,2026-09-07 15:20:00+00:00,0,0,0,0,True,True,False,23.995651492345676,-47.4412686111529,2.975715718340904,4.053200596242887,0.5812642791751085,0.0,0.0014070737768255362,on,connected,True,synthetic_device_spec_v11
synthetic_customer_005,cabinet_005,2026-09-07 15:30:00+00:00,0,0,0,0,True,True,False,23.920726321940283,-47.524846263708255,2.966831258229257,3.971169787031238,0.4332587289655678,0.01142298295654638,0.0,on,connected,True,synthetic_device_spec_v11
synthetic_customer_005,cabinet_005,2026-09-07 15:40:00+00:00,0,0,0,0,True,True,False,24.064436249559478,-46.51580189144144,2.9872994354720457,3.94433740949675,0.3512607901066875,0.0543340509288385,0.0,on,connected,True,synthetic_device_spec_v11
synthetic_customer_005,cabinet_005,2026-09-07 15:50:00+00:00,0,0,0,0,True,True,False,24.112804378889233,-47.31267971584996,2.9489635972144908,4.043867708278247,0.021168713311881263,0.0010760799090677763,0.0,on,connected,True,synthetic_device_spec_v11
synthetic_customer_005,cabinet_005,2026-09-07 16:00:00+00:00,0,0,0,0,True,True,False,24.017399665811983,-48.53059238230002,3.0086915233548264,4.017482465622694,0.0,0.0,0.0,on,connected,True,synthetic_device_spec_v11
synthetic_customer_005,cabinet_005,2026-09-07 16:10:00+00:00,0,0,0,0,True,True,False,24.272858203151856,-47.499772093192064,2.9865933131055016,4.03771808670035,0.0,0.0,0.0,on,connected,True,synthetic_device_spec_v11
synthetic_customer_005,cabinet_005,2026-09-07 16:20:00+00:00,0,0,0,0,True,True,False,23.70510461244509,-48.895891815002315,3.075331756108089,4.0209043572681775,0.0,0.053756603093950354,0.0,on,connected,True,synthetic_device_spec_v11
synthetic_customer_005,cabinet_005,2026-09-07 16:30:00+00:00,0,0,0,0,True,True,False,23.379876322549975,-48.856423768569094,2.9692069874853875,4.042620587414678,0.34658573889582944,0.0,0.011126565007747523,on,connected,True,synthetic_device_spec_v11
synthetic_customer_005,cabinet_005,2026-09-07 16:40:00+00:00,0,0,0,0,True,True,False,22.833953076815607,-47.60437701457611,3.005233033096332,3.942381732269071,0.951846252920761,0.0056430806842775695,0.010754443725747022,on,connected,True,synthetic_device_spec_v11
synthetic_customer_005,cabinet_005,2026-09-07 16:50:00+00:00,0,0,0,0,True,True,False,22.767338150696354,-48.664756041571785,3.067639747170272,4.0005131764374795,0.0,0.0,0.013462540179115424,on,connected,True,synthetic_device_spec_v11
synthetic_customer_005,cabinet_005,2026-09-07 17:00:00+00:00,0,0,0,0,True,True,False,22.539426807742892,-49.10742145143313,3.018173031756082,3.964958452180387,0.0,0.008352327363810079,0.026559574308183433,on,connected,True,synthetic_device_spec_v11
synthetic_customer_005,cabinet_005,2026-09-07 17:10:00+00:00,0,0,0,0,True,True,False,22.112270493903306,-48.76304191164336,2.9862679972804944,4.025282543965701,0.09600420826588181,0.0,0.0,on,connected,True,synthetic_device_spec_v11
synthetic_customer_005,cabinet_005,2026-09-07 17:20:00+00:00,0,0,0,0,True,True,False,21.625638148657345,-48.593260844398536,2.992746975141864,4.047227447472321,0.4028358657924308,0.0,0.008955209126520891,on,connected,True,synthetic_device_spec_v11
synthetic_customer_005,cabinet_005,2026-09-07 17:30:00+00:00,0,0,0,0,True,True,False,21.690675920448594,-48.107003135663064,3.0387697112137637,4.010251749156117,0.7843261653831842,0.026462408882547535,0.019054172802947328,on,connected,True,synthetic_device_spec_v11
synthetic_customer_005,cabinet_005,2026-09-07 17:40:00+00:00,0,0,0,0,True,True,False,21.257355882266356,-46.870296797562425,2.9713211234890275,4.043873188484718,0.03547961913288284,0.01725209322811867,0.0,on,connected,True,synthetic_device_spec_v11
synthetic_customer_005,cabinet_005,2026-09-07 17:50:00+00:00,0,0,0,0,True,True,False,20.961956142143045,-47.707436349938476,3.022862739627899,4.007497823736918,0.0,0.04699607364313474,0.016731716283776215,on,connected,True,synthetic_device_spec_v11
synthetic_customer_005,cabinet_005,2026-09-07 18:00:00+00:00,0,0,0,0,True,True,False,20.60899149432426,-47.03591838056561,3.0312833176043332,3.929454560847938,0.07974593734333735,0.0,0.0,on,connected,True,synthetic_device_spec_v11
synthetic_customer_005,cabinet_005,2026-09-07 18:10:00+00:00,1,1,1,1,True,True,False,20.13333601035884,-48.30583069572279,2.9990920197058304,3.9153557939617603,0.49232110078819763,0.028704841485630836,0.0,on,connected,True,synthetic_device_spec_v11
synthetic_customer_005,cabinet_005,2026-09-07 18:20:00+00:00,1,1,1,1,True,True,False,19.98357737268812,-47.86614170422851,3.0405514817530466,3.8979552404775704,0.018645582327935336,0.0,0.0,on,connected,True,synthetic_device_spec_v11
synthetic_customer_005,cabinet_005,2026-09-07 18:30:00+00:00,1,1,1,1,True,True,False,19.631075405122363,-46.870213469851514,2.9559364646968618,4.031643887205368,0.24707981205571494,0.020270535192028802,0.008259133364410906,on,connected,True,synthetic_device_spec_v11
synthetic_customer_005,cabinet_005,2026-09-07 18:40:00+00:00,0,0,0,0,True,True,False,19.560831870975804,-47.37527317803643,3.016172017931059,4.003234867967937,0.08934003945479138,0.006154924316483909,0.0,on,connected,True,synthetic_device_spec_v11
synthetic_customer_005,cabinet_005,2026-09-07 18:50:00+00:00,0,0,0,0,True,True,False,18.75352217778542,-48.47075256294275,2.9770780655529765,4.031104474689636,0.0,0.0,0.015312106765921114,on,connected,True,synthetic_device_spec_v11
synthetic_customer_005,cabinet_005,2026-09-07 19:00:00+00:00,0,0,0,0,True,True,False,18.80622870214753,-47.561303180238745,2.9746099928416183,4.012600140680188,0.07036598978244472,0.0,0.003237571924998582,on,connected,True,synthetic_device_spec_v11
synthetic_customer_005,cabinet_005,2026-09-07 20:00:00+00:00,0,0,0,0,True,True,False,23.979281816602157,-47.007681891207476,3.036266172049492,3.9458178242474413,0.5116209881933732,0.0,0.0,on,connected,True,synthetic_device_spec_v11
synthetic_customer_005,cabinet_005,2026-09-07 20:10:00+00:00,0,0,0,0,True,True,False,24.02414315691927,-45.47059356288291,2.9734638663782635,3.906179745411137,0.0,0.020706969446368653,0.007322137185885339,on,connected,True,synthetic_device_spec_v11
synthetic_customer_005,cabinet_005,2026-09-07 20:20:00+00:00,0,0,0,0,True,True,False,24.1636593372075,-48.98585614128591,3.066043065293026,4.004037865231273,0.10622991646205342,0.0,0.010430279428749065,on,connected,True,synthetic_device_spec_v11
synthetic_customer_005,cabinet_005,2026-09-07 20:30:00+00:00,0,0,0,0,True,True,False,24.01906732685796,-47.81497269012046,2.9886943440693203,4.019387836300772,0.0,0.012334619490546652,0.0,on,connected,True,synthetic_device_spec_v11
synthetic_customer_005,cabinet_005,2026-09-07 20:40:00+00:00,0,0,0,0,True,True,False,23.909014452671954,-47.38918233218664,3.109021996268159,3.9039545003612632,0.12261563759361158,0.008780968157960119,0.0,on,connected,True,synthetic_device_spec_v11
synthetic_customer_005,cabinet_005,2026-09-07 20:50:00+00:00,0,0,0,0,True,True,False,23.965199449673065,-46.4030295942742,2.9945722125444196,4.023025227756724,0.21567525435712973,0.0,0.023848787009719225,on,connected,True,synthetic_device_spec_v11
synthetic_customer_005,cabinet_005,2026-09-07 21:00:00+00:00,0,0,0,0,True,True,False,24.113002780547315,-47.954966301129595,3.028656399569508,3.9892202616285695,0.1102981207297752,0.011114229628316605,0.01728515476149698,on,connected,True,synthetic_device_spec_v11
synthetic_customer_005,cabinet_005,2026-09-07 21:10:00+00:00,0,0,0,0,True,True,False,23.97765474627789,-49.05807141828306,2.950266392789477,3.9795396443700017,0.0,0.0,0.0,on,connected,True,synthetic_device_spec_v11
synthetic_customer_005,cabinet_005,2026-09-07 21:20:00+00:00,0,0,0,0,True,True,False,23.84446318163275,-49.18894063883297,3.005488384158056,4.07604081805121,0.561771729836774,0.0,0.0,on,connected,True,synthetic_device_spec_v11
synthetic_customer_005,cabinet_005,2026-09-07 21:30:00+00:00,0,0,0,0,True,True,False,23.997248272950966,-48.375372671677,3.0102020923960398,3.992719308432928,0.009451266715561941,0.0,0.0,on,connected,True,synthetic_device_spec_v11
synthetic_customer_005,cabinet_005,2026-09-07 21:40:00+00:00,0,0,0,0,True,True,False,23.913242165287866,-50.68206792891134,2.945726732911857,3.955719569229332,0.35028801081501854,0.03304542056560673,0.0,on,connected,True,synthetic_device_spec_v11
synthetic_customer_005,cabinet_005,2026-09-07 21:50:00+00:00,0,0,0,0,True,True,False,24.03827653963631,-48.92087937036024,2.966719934444525,3.955071588683423,0.08661157982970794,0.0,0.0,on,connected,True,synthetic_device_spec_v11
synthetic_customer_005,cabinet_005,2026-09-07 22:00:00+00:00,0,0,0,0,True,True,False,23.92863168155913,-47.890597688179255,3.033351446087708,3.9912650648548973,0.6041149695774714,0.0,0.0,on,connected,True,synthetic_device_spec_v11
synthetic_customer_005,cabinet_005,2026-09-07 22:10:00+00:00,0,0,0,0,True,True,False,23.99884506824431,-48.73892688153585,3.0064419305216576,4.019412212154531,0.5422192136775001,0.004192321225883404,0.042769620450422444,on,connected,True,synthetic_device_spec_v11
synthetic_customer_005,cabinet_005,2026-09-07 22:20:00+00:00,0,0,0,0,True,True,False,24.157799212685326,-48.38276716146082,2.9856677152220197,4.052527618790071,0.665379406427655,0.02494403793936907,0.0,on,connected,True,synthetic_device_spec_v11
synthetic_customer_005,cabinet_005,2026-09-07 22:30:00+00:00,0,0,0,0,True,True,False,23.955901947759447,-49.630208134083034,3.0660441781270005,4.105030510784583,0.47300814022076626,0.0005507081400057547,0.006203940436211615,on,connected,True,synthetic_device_spec_v11
synthetic_customer_005,cabinet_005,2026-09-07 22:40:00+00:00,0,0,0,0,True,True,False,23.934314661350946,-48.932498884873624,2.9687380103811454,3.8913680117023604,0.3277668419854971,0.04456262907929907,0.0,on,connected,True,synthetic_device_spec_v11
synthetic_customer_005,cabinet_005,2026-09-07 22:50:00+00:00,0,0,0,0,True,True,False,23.982402023806028,-47.919936731172164,2.9883221583209596,3.905024488666342,0.0,0.0,0.0,on,connected,True,synthetic_device_spec_v11
synthetic_customer_005,cabinet_005,2026-09-07 23:00:00+00:00,0,0,0,0,True,True,False,24.08698343210409,-47.463967759384076,3.0242829740527832,4.147529584122743,0.5524517902625004,0.0,0.0020195420309848094,on,connected,True,synthetic_device_spec_v11
synthetic_customer_005,cabinet_005,2026-09-07 23:10:00+00:00,0,0,0,0,True,True,False,24.02662182941191,-46.643862895319614,3.0413775902272517,4.017839144232056,0.0,0.0,0.048124181667841444,on,connected,True,synthetic_device_spec_v11
synthetic_customer_005,cabinet_005,2026-09-07 23:20:00+00:00,0,0,0,0,True,True,False,24.14149569639289,-47.95995123847013,2.9507542083142635,3.9710830431412374,0.0,0.020178021014041512,0.0,on,connected,True,synthetic_device_spec_v11
synthetic_customer_005,cabinet_005,2026-09-07 23:30:00+00:00,0,0,0,0,True,True,False,23.70203763539863,-50.269904406112744,2.984509901650926,4.030890170730657,0.4529115642249961,0.0,0.0,on,connected,True,synthetic_device_spec_v11
synthetic_customer_005,cabinet_005,2026-09-07 23:40:00+00:00,0,0,0,0,True,True,False,24.159963785479626,-50.64104002317645,2.982920459907904,4.00185672116475,0.9141485884361765,0.008589048313469906,0.03304226076593144,on,connected,True,synthetic_device_spec_v11
synthetic_customer_005,cabinet_005,2026-09-07 23:50:00+00:00,0,0,0,0,True,True,False,23.996216188025652,-48.67523419226269,3.010328268874586,4.0359073427727195,0.0,0.0,0.006520727125199003,on,connected,True,synthetic_device_spec_v11
synthetic_customer_005,cabinet_005,2026-09-08 00:00:00+00:00,0,0,0,0,True,True,False,23.871135358798472,-47.657881841934106,3.023028025796883,4.051992931741424,0.0,0.0,0.010691644326938213,on,connected,True,synthetic_device_spec_v11
synthetic_customer_005,cabinet_005,2026-09-08 00:10:00+00:00,1,1,1,1,True,True,False,23.99326568973169,-47.2033478892884,2.9502191645131512,4.084450707238831,0.5107687998586279,0.0,0.0,on,connected,True,synthetic_device_spec_v11
synthetic_customer_005,cabinet_005,2026-09-08 00:20:00+00:00,1,1,1,1,True,True,False,23.87828617288831,-48.248388554557586,3.010933001612435,4.032263988221589,0.0,0.0,0.0,on,connected,True,synthetic_device_spec_v11
synthetic_customer_005,cabinet_005,2026-09-08 00:30:00+00:00,1,1,1,1,True,True,False,23.795910394366892,-47.87101832931076,2.9918626035933613,4.100758901497556,0.16962571913476895,0.015279758433317778,0.0,on,connected,True,synthetic_device_spec_v11
synthetic_customer_005,cabinet_005,2026-09-08 00:40:00+00:00,0,0,0,0,True,True,False,23.9570786066188,-47.167886394269566,2.9515491299501844,3.9506503987324133,0.4410138844362842,0.0029420607623636737,0.00277238674017796,on,connected,True,synthetic_device_spec_v11
synthetic_customer_005,cabinet_005,2026-09-08 00:50:00+00:00,0,0,0,0,True,True,False,23.957842709479504,-48.69572166481836,3.0284265672978368,4.057555147339235,0.0,0.032379594099073976,0.0,on,connected,True,synthetic_device_spec_v11
synthetic_customer_005,cabinet_005,2026-09-08 01:00:00+00:00,0,0,0,0,True,True,False,24.18829716943616,-49.47391655412493,3.029636829503753,4.0120820430607615,0.05183143107388827,0.008633937643763185,0.0,on,connected,True,synthetic_device_spec_v11
synthetic_customer_005,cabinet_005,2026-09-08 01:10:00+00:00,0,0,0,0,True,True,False,24.022829839113648,-46.850818715913846,2.9930482524145336,3.9232859660160138,0.48012666781627267,0.0,0.0,on,connected,True,synthetic_device_spec_v11
synthetic_customer_005,cabinet_005,2026-09-08 01:20:00+00:00,0,0,0,0,True,True,False,23.94541919551557,-49.673489479396636,2.9420167952124348,3.9487184714415626,0.0,0.017827992882094815,0.0,on,connected,True,synthetic_device_spec_v11
synthetic_customer_005,cabinet_005,2026-09-08 01:30:00+00:00,0,0,0,0,True,True,False,23.673163907840845,-47.161997804382,2.9818799923627335,4.037201705255097,0.0,0.0,0.011391551485952032,on,connected,True,synthetic_device_spec_v11
synthetic_customer_005,cabinet_005,2026-09-08 01:40:00+00:00,0,0,0,0,True,True,False,23.978512553761462,-47.66788409211949,2.901403821553931,4.055202631023755,0.0,0.008323558328348201,0.0,on,connected,True,synthetic_device_spec_v11
synthetic_customer_005,cabinet_005,2026-09-08 01:50:00+00:00,0,0,0,0,True,True,False,23.89818229832084,-48.98390334556082,2.7396633797895005,4.018664259798066,0.2869768415646809,0.00792545338198122,0.004960138378110182,on,connected,True,synthetic_device_spec_v11
synthetic_customer_005,cabinet_005,2026-09-08 02:00:00+00:00,0,0,0,0,True,True,False,23.87528436690968,-47.1818524204217,2.7255695156633104,4.071671472216202,0.0,0.0,0.04883165764792362,on,connected,True,synthetic_device_spec_v11
synthetic_customer_005,cabinet_005,2026-09-08 02:10:00+00:00,0,0,0,0,True,True,False,24.066081739650606,-46.711969994215536,2.5087563647700204,3.874754635796332,0.0,0.0,0.021929093124233287,on,connected,True,synthetic_device_spec_v11
synthetic_customer_005,cabinet_005,2026-09-08 02:20:00+00:00,0,0,0,0,True,True,False,23.981069703458736,-47.93804587665672,2.504854431605921,4.021945063404548,0.04907918940904614,0.0,0.024298570865519495,on,connected,True,synthetic_device_spec_v11
synthetic_customer_005,cabinet_005,2026-09-08 02:30:00+00:00,0,0,0,0,True,True,False,23.87301053233958,-47.95981969806732,2.4051962411624626,3.913364286588579,0.22077794581385277,0.0,0.0,on,connected,True,synthetic_device_spec_v11
synthetic_customer_005,cabinet_005,2026-09-08 02:40:00+00:00,0,0,0,0,True,True,False,23.841249301329988,-47.717748989382486,2.224595015462263,3.906637757754982,0.0,0.0,0.007108853835218182,on,connected,True,synthetic_device_spec_v11
synthetic_customer_005,cabinet_005,2026-09-08 02:50:00+00:00,0,0,0,0,True,True,False,23.909372172696806,-48.19363809365447,2.141874366870442,3.983882106291842,0.0,0.0054569682465470315,0.002151977173258403,on,connected,True,synthetic_device_spec_v11
synthetic_customer_005,cabinet_005,2026-09-08 03:00:00+00:00,0,0,0,0,True,True,False,24.26841738895734,-47.209090596077154,2.0765825261543607,4.001788209501295,0.6156139050883495,0.043597388572510165,0.01792025893244217,on,connected,True,synthetic_device_spec_v11
synthetic_customer_005,cabinet_005,2026-09-08 03:10:00+00:00,0,0,0,0,True,True,False,23.87630493746001,-48.24870112047301,1.9439923860484887,3.969883262465519,0.9424042817059187,0.03959053215008866,0.057075752528859144,on,connected,True,synthetic_device_spec_v11
synthetic_customer_005,cabinet_005,2026-09-08 03:20:00+00:00,0,0,0,0,True,True,False,23.933127821120074,-48.028475047011504,1.8167957839666373,4.0369679562539895,0.12174711456687423,0.016960243121350676,0.0,on,connected,True,synthetic_device_spec_v11
synthetic_customer_005,cabinet_005,2026-09-08 03:30:00+00:00,0,0,0,0,True,True,False,23.888151180902213,-48.02332755253151,1.7186046887692628,4.0200161181810286,0.04622041699067786,0.04009527260162149,0.02116064501632512,on,connected,True,synthetic_device_spec_v11
synthetic_customer_005,cabinet_005,2026-09-08 03:40:00+00:00,0,0,0,0,True,True,False,23.8878126132228,-48.843019006245704,1.7243579473262833,3.95992684939787,0.0,0.0,0.0,on,connected,True,synthetic_device_spec_v11
synthetic_customer_005,cabinet_005,2026-09-08 03:50:00+00:00,0,0,0,0,True,True,False,23.823924034953944,-49.189710873311554,1.5049303126176794,4.020610510945788,0.0,0.0,0.0278142289584929,on,connected,True,synthetic_device_spec_v11
synthetic_customer_005,cabinet_005,2026-09-08 04:00:00+00:00,0,0,0,0,True,True,False,23.949746510777885,-47.33825559901757,1.419973924384961,3.977725770212237,0.2194086733513527,0.029268784779750135,0.0,on,connected,True,synthetic_device_spec_v11
synthetic_customer_005,cabinet_005,2026-09-08 04:10:00+00:00,0,0,0,0,True,True,False,23.936173320632193,-47.22291602252377,1.3425804169728206,4.0879371454774605,0.0,0.0,0.0,on,connected,True,synthetic_device_spec_v11
synthetic_customer_005,cabinet_005,2026-09-08 04:20:00+00:00,0,0,0,0,True,True,False,23.993261049171775,-48.903531872410845,1.171682333529511,4.059268537907154,0.07781362411722485,0.029602853513334318,0.003443732897592129,on,connected,True,synthetic_device_spec_v11
synthetic_customer_005,cabinet_005,2026-09-08 04:30:00+00:00,0,0,0,0,True,True,False,23.885096422473055,-47.863110930226185,1.0694247082108606,3.9908407849218617,0.0,0.0,0.002977380800662246,on,connected,True,synthetic_device_spec_v11
synthetic_customer_005,cabinet_005,2026-09-08 04:40:00+00:00,0,0,0,0,True,True,False,23.921859730825716,-48.28198570359109,1.001381210959458,4.0063016225426855,0.0,0.015501423854004416,0.0039386439647552994,on,connected,True,synthetic_device_spec_v11
synthetic_customer_005,cabinet_005,2026-09-08 04:50:00+00:00,0,0,0,0,True,True,False,24.099279220968825,-47.936347031393716,1.0146309787288499,4.026166916574599,0.3410233693144926,0.004506133839257889,0.0,on,connected,True,synthetic_device_spec_v11
synthetic_customer_005,cabinet_005,2026-09-08 05:00:00+00:00,0,0,0,0,True,True,False,23.98581580395546,-46.33402683792471,0.9676149651969379,4.0499960108280595,0.06635384412288575,0.01735503017534166,0.0,on,connected,True,synthetic_device_spec_v11
synthetic_customer_005,cabinet_005,2026-09-08 05:10:00+00:00,0,0,0,0,True,True,False,23.939006846284958,-47.415003939520766,0.9993169923638213,4.030159103401431,0.0,0.024668612689504252,0.0,on,connected,True,synthetic_device_spec_v11
synthetic_customer_005,cabinet_005,2026-09-08 05:20:00+00:00,0,0,0,0,True,True,False,23.914800628777204,-47.761316331259515,0.9782647623699732,4.127818486197014,0.8791241817910556,0.0270183376584468,0.01147047289997325,on,connected,True,synthetic_device_spec_v11
synthetic_customer_005,cabinet_005,2026-09-08 05:30:00+00:00,0,0,0,0,True,True,False,23.933384879763434,-47.087602668103216,1.0141569559141423,4.01860340811756,0.9673218617172026,0.0,0.005935724613763602,on,connected,True,synthetic_device_spec_v11
synthetic_customer_005,cabinet_005,2026-09-08 05:40:00+00:00,0,0,0,0,True,True,False,23.900877381719454,-48.65851654277773,0.9305372243930401,3.916860637057765,0.0,0.061141307713392795,0.0,on,connected,True,synthetic_device_spec_v11
synthetic_customer_005,cabinet_005,2026-09-08 05:50:00+00:00,0,0,0,0,True,True,False,23.93091371568627,-46.78668534586052,2.9585104122018224,4.012959117926326,0.8096028831447651,0.01756908593957942,0.00017145583438478632,on,connected,True,synthetic_device_spec_v11
synthetic_customer_005,cabinet_005,2026-09-08 06:00:00+00:00,0,0,0,0,True,True,False,23.984520815861053,-48.4680499727909,2.965824622771539,3.945689224449493,0.0,0.011165805246610042,0.0,on,connected,True,synthetic_device_spec_v11
synthetic_customer_005,cabinet_005,2026-09-08 06:10:00+00:00,1,1,1,1,True,True,False,23.8802189769405,-49.32517243075362,2.963899295638993,4.054241266347491,1.274874101652597,0.0,0.013910122243791873,on,connected,True,synthetic_device_spec_v11
synthetic_customer_005,cabinet_005,2026-09-08 06:20:00+00:00,1,1,1,1,True,True,False,24.175134669871536,-47.54506294678284,2.962246350750188,4.036563545161258,3.1696608996192746,0.031506709864258485,0.0,on,connected,True,synthetic_device_spec_v11
synthetic_customer_005,cabinet_005,2026-09-08 06:30:00+00:00,1,1,1,1,True,True,False,24.00634014120273,-49.73222750582103,2.9487891713349463,3.9260163613033963,5.299974271222036,0.03680992348167086,0.0,on,connected,True,synthetic_device_spec_v11
synthetic_customer_005,cabinet_005,2026-09-08 06:40:00+00:00,0,0,0,0,True,True,False,23.92363354874927,-49.94899843904948,2.9605230985793196,4.046002829832321,8.042300269220181,0.0,0.0,on,connected,True,synthetic_device_spec_v11
synthetic_customer_005,cabinet_005,2026-09-08 06:50:00+00:00,0,0,0,0,True,True,False,23.64774960203204,-49.106068266516836,2.968316965298367,4.026501941658482,8.892832901707756,0.0,0.0,on,connected,True,synthetic_device_spec_v11
synthetic_customer_005,cabinet_005,2026-09-08 07:00:00+00:00,0,0,0,0,True,True,False,24.11169454338849,-46.736289185178464,2.9901687589697388,4.011069561213189,12.467018378579443,0.0,0.008222973091922926,on,connected,True,synthetic_device_spec_v11
synthetic_customer_005,cabinet_005,2026-09-08 07:10:00+00:00,0,0,0,0,True,True,False,23.86025950527925,-47.198859985704004,3.045750663095881,4.036871866322675,13.157251390469199,0.004692387294872164,0.018128174214203825,on,connected,True,synthetic_device_spec_v11
synthetic_customer_005,cabinet_005,2026-09-08 07:20:00+00:00,0,0,0,0,True,True,False,24.00239400980794,-48.88789690111442,2.990670030438223,4.027492454476216,16.79135773874207,0.0,0.0,on,connected,True,synthetic_device_spec_v11
synthetic_customer_005,cabinet_005,2026-09-08 07:30:00+00:00,0,0,0,0,True,True,False,24.04834838855987,-48.60641315477522,2.997949120023599,4.04703433675664,18.73632512529949,0.0,0.0,on,connected,True,synthetic_device_spec_v11
synthetic_customer_005,cabinet_005,2026-09-08 07:40:00+00:00,0,0,0,0,True,True,False,23.972258444094944,-46.75840410348702,3.0160407993438367,4.060275979455935,20.668050713240298,0.0,0.0,on,connected,True,synthetic_device_spec_v11
synthetic_customer_005,cabinet_005,2026-09-08 07:50:00+00:00,0,0,0,0,True,True,False,24.1128437213455,-48.66131880088015,2.9655168847777853,3.962593073435428,22.625152365639018,0.02109689857565113,0.02036024503419943,on,connected,True,synthetic_device_spec_v11
synthetic_customer_005,cabinet_005,2026-09-08 08:00:00+00:00,0,0,0,0,True,True,False,23.942605860015767,-47.17854538601174,3.000955466765215,3.973737111085072,25.224827633448704,0.04887674079397275,0.0062121349714575,on,connected,True,synthetic_device_spec_v11
synthetic_customer_005,cabinet_005,2026-09-08 08:10:00+00:00,0,0,0,0,True,True,False,23.87361043068837,-48.41655765841966,2.935649270469328,4.0445853995424494,24.97974951367036,0.03098629722608025,0.004622205297663154,on,connected,True,synthetic_device_spec_v11
synthetic_customer_005,cabinet_005,2026-09-08 08:20:00+00:00,0,0,0,0,True,True,False,24.180616981730953,-47.474093712577044,2.922168067224768,3.947815033387226,24.974328900395296,0.026110648221636425,0.016766992747507082,on,connected,True,synthetic_device_spec_v11
synthetic_customer_005,cabinet_005,2026-09-08 08:30:00+00:00,0,0,0,0,True,True,False,23.959340164044555,-49.11791061307127,2.9457682223806816,4.088525368145518,24.357831673321012,0.007780396717425735,0.050752727628544596,on,connected,True,synthetic_device_spec_v11
synthetic_customer_005,cabinet_005,2026-09-08 08:40:00+00:00,0,0,0,0,True,True,False,23.963444175929588,-47.55076762280815,3.0365508428171237,3.8914252428746106,0.41138462150468896,0.0,0.02454213175234803,on,connected,True,synthetic_device_spec_v11
synthetic_customer_005,cabinet_005,2026-09-08 08:50:00+00:00,0,0,0,0,True,True,False,23.90968303000736,-51.189186858714166,2.9784228656515146,4.073117927149522,0.8153357080314189,0.0084408814042044,0.0,on,connected,True,synthetic_device_spec_v11
synthetic_customer_005,cabinet_005,2026-09-08 09:00:00+00:00,0,0,0,0,True,True,False,23.948099062275876,-47.74878095867751,2.942359257525542,3.9181816858568697,0.0,0.0,0.008150421833702088,on,connected,True,synthetic_device_spec_v11
synthetic_customer_005,cabinet_005,2026-09-08 09:10:00+00:00,0,0,0,0,True,True,False,24.061426308559756,-47.421735078225325,3.0077377878502474,3.9965860819972017,0.0,0.0,0.0002746530345565223,on,connected,True,synthetic_device_spec_v11
synthetic_customer_005,cabinet_005,2026-09-08 09:20:00+00:00,0,0,0,0,True,True,False,24.274091683710473,-46.34327169689218,2.996022763281293,4.016740630389033,0.010371777317594488,0.0,0.00643874268317892,on,connected,True,synthetic_device_spec_v11
synthetic_customer_005,cabinet_005,2026-09-08 09:30:00+00:00,0,0,0,0,True,True,False,23.956694659175984,-49.82987766848253,3.0382765600485167,3.9459235319604113,0.0,0.04722901341935185,0.027869883270109867,on,connected,True,synthetic_device_spec_v11
synthetic_customer_005,cabinet_005,2026-09-08 09:40:00+00:00,0,0,0,0,True,True,False,23.98254375290494,-48.42012306449871,3.0622787934438245,4.027757849162482,0.0,0.017659055697732826,0.0,on,connected,True,synthetic_device_spec_v11
synthetic_customer_005,cabinet_005,2026-09-08 09:50:00+00:00,0,0,0,0,True,True,False,23.775891643537083,-48.92221705579011,3.0342970749298788,3.9780801067795863,0.15209216370717116,0.007842409293521603,0.01257982025600564,on,connected,True,synthetic_device_spec_v11
synthetic_customer_005,cabinet_005,2026-09-08 10:00:00+00:00,0,0,0,0,True,True,False,24.330244964505162,-46.9344681544679,3.0374416587007746,3.94879877169125,0.19277642080708932,0.0,0.0,on,connected,True,synthetic_device_spec_v11
synthetic_customer_005,cabinet_005,2026-09-08 10:10:00+00:00,0,0,0,0,True,True,False,24.040828066762682,-47.36935931103649,2.9520858174868723,3.996686916487752,0.0,0.0,0.007263006145846096,on,connected,True,synthetic_device_spec_v11
synthetic_customer_005,cabinet_005,2026-09-08 10:20:00+00:00,0,0,0,0,True,True,False,24.0657939693679,-48.130541969841474,2.973968290236418,3.9287512018008273,0.06276293198777634,0.0,0.0,on,connected,True,synthetic_device_spec_v11
synthetic_customer_005,cabinet_005,2026-09-08 10:30:00+00:00,0,0,0,0,True,True,False,24.19261227556625,-48.049069404123465,2.9890289359017252,4.042749786492066,0.02357660321921047,0.017728619047169335,0.0,on,connected,True,synthetic_device_spec_v11
synthetic_customer_005,cabinet_005,2026-09-08 10:40:00+00:00,0,0,0,0,True,True,False,23.997175871243005,-48.63630248443754,2.9641751942798003,3.944221863162691,0.14513559804999193,0.0,0.0,on,connected,True,synthetic_device_spec_v11
synthetic_customer_005,cabinet_005,2026-09-08 10:50:00+00:00,0,0,0,0,True,True,False,23.993331270759132,-48.63730880052918,2.976826533887984,4.050078220022144,0.0,0.0,0.0,on,connected,True,synthetic_device_spec_v11
synthetic_customer_005,cabinet_005,2026-09-08 11:00:00+00:00,0,0,0,0,True,True,False,23.929862460074382,-48.216319547632544,2.9834692259684688,3.946119047862853,0.35675486477856994,0.02080103013217177,0.0,on,connected,True,synthetic_device_spec_v11
synthetic_customer_005,cabinet_005,2026-09-08 11:10:00+00:00,0,0,0,0,True,True,False,24.02615640804893,-47.22357407453019,2.9883864106005884,4.03564207871487,0.0,0.0,9.931316322352536e-05,on,connected,True,synthetic_device_spec_v11
synthetic_customer_005,cabinet_005,2026-09-08 11:20:00+00:00,0,0,0,0,True,True,False,24.06879780271448,-49.30004575865079,3.0089596809239234,4.042684163081314,0.0,0.001957599533240924,0.0,on,connected,True,synthetic_device_spec_v11
synthetic_customer_005,cabinet_005,2026-09-08 11:30:00+00:00,0,0,0,0,True,True,False,24.028263318518203,-47.28900088864547,3.000866986683048,4.121118637970916,0.18009268984010499,0.022526253709089353,0.015179928846397751,on,connected,True,synthetic_device_spec_v11
synthetic_customer_005,cabinet_005,2026-09-08 11:40:00+00:00,0,0,0,0,True,True,False,23.998444371531527,-48.002108809015844,3.0227246268755565,4.114797611628436,0.32527764386768804,0.039113427784397775,0.0,on,connected,True,synthetic_device_spec_v11
synthetic_customer_005,cabinet_005,2026-09-08 11:50:00+00:00,0,0,0,0,True,True,False,24.155208906564003,-48.600116794286656,3.029207215972351,3.9761211638629366,0.4622422878076012,0.0,0.0,on,connected,True,synthetic_device_spec_v11
synthetic_customer_005,cabinet_005,2026-09-08 12:00:00+00:00,0,0,0,0,True,True,False,23.862653314489936,-47.82527098804721,2.988749101441298,3.9819079176065095,0.0,0.0,0.0,on,connected,True,synthetic_device_spec_v11
synthetic_customer_005,cabinet_005,2026-09-08 12:10:00+00:00,1,1,1,1,True,True,False,23.879309633467493,-45.733258360658915,2.9827502119579443,4.027061247107612,0.0,0.0016038791148928274,0.01622266686782111,on,connected,True,synthetic_device_spec_v11
synthetic_customer_005,cabinet_005,2026-09-08 12:20:00+00:00,1,1,1,1,True,True,False,23.93293074629597,-49.041289001588694,2.9688996752117625,3.996873794000243,0.0,0.021990493469124305,0.0005271343523197517,on,connected,True,synthetic_device_spec_v11
synthetic_customer_005,cabinet_005,2026-09-08 12:30:00+00:00,1,1,1,1,True,True,False,24.0366365628437,-47.93726855596723,3.026057785844732,3.973895744918495,0.5954868587227687,0.014011630492740271,0.0,on,connected,True,synthetic_device_spec_v11
synthetic_customer_005,cabinet_005,2026-09-08 12:40:00+00:00,0,0,0,0,True,True,False,23.842630905410477,-48.31602619086834,2.9407377647457422,3.9651356574804173,0.2873712822466665,0.009207707155820843,0.0,on,connected,True,synthetic_device_spec_v11
synthetic_customer_005,cabinet_005,2026-09-08 12:50:00+00:00,0,0,0,0,True,True,False,24.121785547463066,-46.8484483433944,3.028026386957075,4.060830573497226,0.0,0.0,0.0,on,connected,True,synthetic_device_spec_v11
synthetic_customer_005,cabinet_005,2026-09-08 13:00:00+00:00,0,0,0,0,True,True,False,24.179133754437075,-46.0571380206745,2.9951762783382225,4.0030551576372755,0.0,0.024966657866820306,0.0,on,connected,True,synthetic_device_spec_v11
synthetic_customer_005,cabinet_005,2026-09-08 13:10:00+00:00,0,0,0,0,True,True,False,24.01853091394055,-47.68020223827557,3.06622649294617,4.008695438447954,0.11455932427259076,0.022295386115705244,0.001883385171386668,on,connected,True,synthetic_device_spec_v11
synthetic_customer_005,cabinet_005,2026-09-08 13:20:00+00:00,0,0,0,0,True,True,False,23.910750032989192,-48.50940288705968,2.9965800825413194,4.076962090353263,0.0,0.0,0.0,on,connected,True,synthetic_device_spec_v11
synthetic_customer_005,cabinet_005,2026-09-08 13:30:00+00:00,0,0,0,0,True,True,False,23.791919933655667,-46.98684122571748,2.9934195046573895,3.948728689208938,0.4411822884919233,0.0,0.0,on,connected,True,synthetic_device_spec_v11
synthetic_customer_005,cabinet_005,2026-09-08 13:40:00+00:00,0,0,0,0,True,True,False,23.96175300285669,-45.77752520335789,3.0531620703488143,3.984148698003005,0.29920636661230654,0.0,0.0,on,connected,True,synthetic_device_spec_v11
synthetic_customer_005,cabinet_005,2026-09-08 13:50:00+00:00,0,0,0,0,True,True,False,24.024575672359965,-47.87503354109324,3.0093481816471144,4.038162829391922,0.27444044109847016,0.03923641166644496,0.0,on,connected,True,synthetic_device_spec_v11
synthetic_customer_005,cabinet_005,2026-09-08 14:00:00+00:00,0,0,0,0,True,True,False,24.10268051368385,-48.25942066743188,3.0388948877038024,3.953722161079493,0.0,0.0,0.0,on,connected,True,synthetic_device_spec_v11
synthetic_customer_005,cabinet_005,2026-09-08 14:10:00+00:00,0,0,0,0,True,True,False,23.98967709346458,-47.19598200985721,3.0498410606934763,4.05827674844282,0.9732486200655228,0.0,0.012421278070950234,on,connected,True,synthetic_device_spec_v11
synthetic_customer_005,cabinet_005,2026-09-08 14:20:00+00:00,0,0,0,0,True,True,False,24.024780409174294,-46.91262092451994,2.9751338628783466,3.989178972043895,0.0,0.0,0.0,on,connected,True,synthetic_device_spec_v11
synthetic_customer_005,cabinet_005,2026-09-08 14:30:00+00:00,0,0,0,0,True,True,False,23.859945884597366,-47.2872515711018,2.9736582660341546,4.001137842945966,0.0,0.006559087165222502,0.0005126328339927146,on,connected,True,synthetic_device_spec_v11
synthetic_customer_005,cabinet_005,2026-09-08 14:40:00+00:00,0,0,0,0,True,True,False,24.06198230950868,-48.876785429758186,3.0786548589963942,4.007634068403147,0.0,0.04813568482140868,0.0,on,connected,True,synthetic_device_spec_v11
synthetic_customer_005,cabinet_005,2026-09-08 14:50:00+00:00,0,0,0,0,True,True,False,24.175884082951118,-48.75936545203337,2.965259724883537,3.984847282830147,0.0,0.0,0.0,on,connected,True,synthetic_device_spec_v11
synthetic_customer_005,cabinet_005,2026-09-08 15:00:00+00:00,0,0,0,0,True,True,False,23.98781491835188,-48.08210766248032,2.993452171042825,3.886954702175837,0.0,0.001516927238440404,0.0,on,connected,True,synthetic_device_spec_v11
synthetic_customer_005,cabinet_005,2026-09-08 15:10:00+00:00,0,0,0,0,True,True,False,23.999738847399097,-49.49827811779863,3.0202982573050363,3.9607937984668555,0.0,0.0,0.0,on,connected,True,synthetic_device_spec_v11
synthetic_customer_005,cabinet_005,2026-09-08 15:20:00+00:00,0,0,0,0,True,True,False,23.982555071381157,-48.752868262919606,2.964646825276789,4.089571586064094,0.1746674214349258,0.010752789530855171,0.0,on,connected,True,synthetic_device_spec_v11
synthetic_customer_005,cabinet_005,2026-09-08 15:30:00+00:00,0,0,0,0,True,True,False,24.15986448008258,-48.02538343640501,2.976772866834996,4.028547931483992,0.0,0.0,0.010201574243688744,on,connected,True,synthetic_device_spec_v11
synthetic_customer_005,cabinet_005,2026-09-08 15:40:00+00:00,0,0,0,0,True,True,False,24.053543794540893,-46.327608435634986,3.0310875315988244,4.012624931011877,0.0,0.0,0.0,on,connected,True,synthetic_device_spec_v11
synthetic_customer_005,cabinet_005,2026-09-08 15:50:00+00:00,0,0,0,0,True,True,False,24.03869736874474,-48.395657620393905,3.108793077274083,3.904178948622288,0.8086485668309072,0.0,0.0,on,connected,True,synthetic_device_spec_v11
synthetic_customer_005,cabinet_005,2026-09-08 16:00:00+00:00,0,0,0,0,True,True,False,23.92900482883664,-47.680258862767005,3.034241365915138,4.030477259314406,0.0,0.0,0.0,on,connected,True,synthetic_device_spec_v11
synthetic_customer_005,cabinet_005,2026-09-08 16:10:00+00:00,0,0,0,0,True,True,False,23.657874152572898,-49.47977021162027,2.971636296008122,4.011096304726875,0.0,0.014972565840628624,0.020462436980205462,on,connected,True,synthetic_device_spec_v11
synthetic_customer_005,cabinet_005,2026-09-08 16:20:00+00:00,0,0,0,0,True,True,False,23.874761921308092,-49.104738368276884,3.0617793071756276,3.9465057192515918,0.6078906128343381,0.0,0.0,on,connected,True,synthetic_device_spec_v11
synthetic_customer_005,cabinet_005,2026-09-08 16:30:00+00:00,0,0,0,0,True,True,False,24.07550955455289,-46.5726918758649,3.0259973344032387,4.027184257285879,0.3334246855201058,0.0,0.0,on,connected,True,synthetic_device_spec_v11
synthetic_customer_005,cabinet_005,2026-09-08 16:40:00+00:00,0,0,0,0,True,True,False,24.015119993377944,-48.007105095544105,3.014793399651349,3.910739150983732,0.0,0.0045922513265583866,0.0,on,connected,True,synthetic_device_spec_v11
synthetic_customer_005,cabinet_005,2026-09-08 16:50:00+00:00,0,0,0,0,True,True,False,23.994118973632798,-48.56419394416495,3.014008573340179,3.9659904222416684,0.0,0.0,0.01919747578747597,on,connected,True,synthetic_device_spec_v11
synthetic_customer_005,cabinet_005,2026-09-08 17:00:00+00:00,0,0,0,0,True,True,False,23.780977220092765,-47.87746202697507,3.0461342514757708,3.8936070486565093,0.0,0.0381170252885123,0.02251490101289604,on,connected,True,synthetic_device_spec_v11
synthetic_customer_005,cabinet_005,2026-09-08 17:10:00+00:00,0,0,0,0,True,True,False,23.857209744826932,-47.37374588303925,3.063965172918191,4.058898160301344,0.0,0.029641606203462286,0.009661002652727681,on,connected,True,synthetic_device_spec_v11
synthetic_customer_005,cabinet_005,2026-09-08 17:20:00+00:00,0,0,0,0,True,True,False,23.88868637120159,-47.271068373078016,3.00133900358831,4.047769271661345,0.0,0.025312656114478523,0.0,on,connected,True,synthetic_device_spec_v11
synthetic_customer_005,cabinet_005,2026-09-08 17:30:00+00:00,0,0,0,0,True,True,False,24.079845006109306,-46.93609941639006,3.0269724424841735,4.069244370007804,0.12009938423058963,0.0,0.0,on,connected,True,synthetic_device_spec_v11
synthetic_customer_005,cabinet_005,2026-09-08 17:40:00+00:00,0,0,0,0,True,True,False,24.11884392702079,-48.29606099598796,2.966510267922832,4.126057910210836,0.0,0.013432572126539838,0.0,on,connected,True,synthetic_device_spec_v11
synthetic_customer_005,cabinet_005,2026-09-08 17:50:00+00:00,0,0,0,0,True,True,False,24.23867141479963,-47.99460873533023,2.9788891526069428,4.127757892333061,0.0,0.02086338928003989,0.01551465988508364,on,connected,True,synthetic_device_spec_v11
synthetic_customer_005,cabinet_005,2026-09-08 18:00:00+00:00,0,0,0,0,True,True,False,23.90776798684369,-48.74315309954582,3.009705643129304,3.996512496768356,0.0,0.0,0.0,on,connected,True,synthetic_device_spec_v11
synthetic_customer_005,cabinet_005,2026-09-08 18:10:00+00:00,1,1,1,1,True,True,False,23.742860984924032,-47.245316326162445,3.041447099563265,3.960080021357876,0.0,0.0,0.019040470813918176,on,connected,True,synthetic_device_spec_v11
synthetic_customer_005,cabinet_005,2026-09-08 18:20:00+00:00,1,1,1,1,True,True,False,23.78285460522474,-48.65247700570006,3.026713834115758,3.9972925148372167,0.1992468018777499,0.0,0.009760983567858204,on,connected,True,synthetic_device_spec_v11
synthetic_customer_005,cabinet_005,2026-09-08 18:30:00+00:00,1,1,1,1,True,True,False,24.144134348714726,-47.94048379008304,3.012818949642106,3.9792081800110743,0.0,0.026125710524110887,0.004080848534189727,on,connected,True,synthetic_device_spec_v11
synthetic_customer_005,cabinet_005,2026-09-08 18:40:00+00:00,0,0,0,0,True,True,False,23.904306766559923,-48.20894758903469,2.920625807012562,4.102131251959116,0.0,0.017423455688422587,0.0,on,connected,True,synthetic_device_spec_v11
synthetic_customer_005,cabinet_005,2026-09-08 18:50:00+00:00,0,0,0,0,True,True,False,23.887671586796632,-48.16027371927326,3.0210404295820616,4.0054715531855285,0.0,0.0,0.0,on,connected,True,synthetic_device_spec_v11
synthetic_customer_005,cabinet_005,2026-09-08 19:00:00+00:00,0,0,0,0,True,True,False,24.12221342384007,-47.66916893057311,3.049613086703909,3.9582971930186788,0.0,0.029072859776188887,0.01795331189498609,on,connected,True,synthetic_device_spec_v11
synthetic_customer_005,cabinet_005,2026-09-08 19:10:00+00:00,0,0,0,0,True,True,False,23.772191898082195,-48.67037702955374,2.9287842883286794,4.029982523382413,0.0,0.0,0.0,on,connected,True,synthetic_device_spec_v11
synthetic_customer_005,cabinet_005,2026-09-08 19:20:00+00:00,0,0,0,0,True,True,False,23.87802014181362,-48.33188602627747,2.9425021372817346,3.961989582005807,0.0898330860880576,0.0,0.0,on,connected,True,synthetic_device_spec_v11
synthetic_customer_005,cabinet_005,2026-09-08 19:30:00+00:00,0,0,0,0,True,True,False,23.712869196863384,-49.345205256429594,2.8772825384865466,4.089746754684777,0.31525700168568954,0.0,0.03371356099798266,on,connected,True,synthetic_device_spec_v11
synthetic_customer_005,cabinet_005,2026-09-08 19:40:00+00:00,0,0,0,0,True,True,False,23.978680529590036,-46.7381889760964,3.025656231315815,4.352850805967221,0.0,0.03636377588172042,0.03554674050300023,on,connected,True,synthetic_device_spec_v11
synthetic_customer_005,cabinet_005,2026-09-08 19:50:00+00:00,0,0,0,0,True,True,False,24.118514003115507,-48.3838034135359,2.9620521052155735,4.460157844557711,0.8345725277326499,0.0,0.09692735180633885,on,connected,True,synthetic_device_spec_v11
synthetic_customer_005,cabinet_005,2026-09-08 20:00:00+00:00,0,0,0,0,True,True,False,24.109507892213887,-46.289644786155236,3.00606381889085,4.891495226638211,0.0,0.0008987899074408078,0.08623849893816476,on,connected,True,synthetic_device_spec_v11
synthetic_customer_005,cabinet_005,2026-09-08 20:10:00+00:00,0,0,0,0,True,True,False,24.032739036215784,-48.45638578837347,3.014122696262889,4.892476543648299,0.0,0.01685205885579159,0.12334474847637565,on,connected,True,synthetic_device_spec_v11
synthetic_customer_005,cabinet_005,2026-09-08 20:20:00+00:00,0,0,0,0,True,True,False,23.720697414319105,-49.146928708720004,2.9682020782931438,5.136791606001653,0.4225213296012059,0.0,0.16198655673236656,on,connected,True,synthetic_device_spec_v11
synthetic_customer_005,cabinet_005,2026-09-08 20:30:00+00:00,0,0,0,0,True,True,False,23.93204974842221,-47.77157602245964,2.896767711086747,5.332261072823187,0.0,0.005632732187813828,0.1740843190970768,on,connected,True,synthetic_device_spec_v11
synthetic_customer_005,cabinet_005,2026-09-08 20:40:00+00:00,0,0,0,0,True,True,False,24.089653032881944,-48.86045601923149,2.9242508920132093,5.5484749687537525,0.0,0.0,0.22692832766153156,on,connected,True,synthetic_device_spec_v11
synthetic_customer_005,cabinet_005,2026-09-08 20:50:00+00:00,0,0,0,0,True,True,False,24.036536605745873,-47.36686103844588,3.002807084165609,5.8726602395587895,0.0,0.0,0.25324979688003785,on,connected,True,synthetic_device_spec_v11
synthetic_customer_005,cabinet_005,2026-09-08 21:00:00+00:00,0,0,0,0,True,True,False,24.13788831800625,-49.22189742712633,2.9805475186744217,5.909829206799381,0.5039146781874618,0.0,0.2617308811930091,on,connected,True,synthetic_device_spec_v11
synthetic_customer_005,cabinet_005,2026-09-08 21:10:00+00:00,0,0,0,0,True,True,False,24.071250572926267,-47.815602223195256,2.994453406716661,6.202260797546746,0.2661078734306367,0.04469316428946077,0.30713419073527015,on,connected,True,synthetic_device_spec_v11
synthetic_customer_005,cabinet_005,2026-09-08 21:20:00+00:00,0,0,0,0,True,True,False,24.071456731498095,-48.110447425922,3.007657819305064,6.399381312028192,0.0,0.004037400916889668,0.32088060892566916,on,connected,True,synthetic_device_spec_v11
synthetic_customer_005,cabinet_005,2026-09-08 21:30:00+00:00,0,0,0,0,True,True,False,23.90255891205125,-48.50814927981666,2.9828201460968398,6.671716057713714,0.13785949923343024,0.005210564772250071,0.3327602608904156,on,connected,True,synthetic_device_spec_v11
synthetic_customer_005,cabinet_005,2026-09-08 21:40:00+00:00,0,0,0,0,True,True,False,24.15116908982299,-48.00715092242314,2.9845293110196214,6.74737270660749,0.14584656383851988,0.003584806198207602,0.3996992048242168,on,connected,True,synthetic_device_spec_v11
synthetic_customer_005,cabinet_005,2026-09-08 21:50:00+00:00,0,0,0,0,True,True,False,24.020963317371162,-48.15082753307281,2.956392890023846,6.848913381130883,0.0,0.0,0.42668436929990955,on,connected,True,synthetic_device_spec_v11
synthetic_customer_005,cabinet_005,2026-09-08 22:00:00+00:00,0,0,0,0,True,True,False,24.111611935522724,-47.92884354720233,2.9958804320982764,6.959282902365271,0.3560993787079784,0.0,0.41104076389931715,on,connected,True,synthetic_device_spec_v11
synthetic_customer_005,cabinet_005,2026-09-08 22:10:00+00:00,0,0,0,0,True,True,False,23.813651314907634,-49.48624368600543,3.036817300216723,7.006530067230491,0.0546168134013997,0.0,0.4384581059450633,on,connected,True,synthetic_device_spec_v11
synthetic_customer_005,cabinet_005,2026-09-08 22:20:00+00:00,0,0,0,0,True,True,False,24.02025204594047,-47.50349142919014,2.941040684087421,6.998776515074561,0.0,0.012394669756254646,0.41286039915009,on,connected,True,synthetic_device_spec_v11
synthetic_customer_005,cabinet_005,2026-09-08 22:30:00+00:00,0,0,0,0,True,True,False,24.05665481951273,-47.52356535242186,2.929029929065067,6.939336806194916,0.0,0.0,0.35893210261460023,on,connected,True,synthetic_device_spec_v11
synthetic_customer_005,cabinet_005,2026-09-08 22:40:00+00:00,0,0,0,0,True,True,False,23.927333563728887,-48.03513826321158,3.055168922386139,4.018668417190319,0.0,0.006716947657668167,0.0,on,connected,True,synthetic_device_spec_v11
synthetic_customer_005,cabinet_005,2026-09-08 22:50:00+00:00,0,0,0,0,True,True,False,23.991398935300356,-45.74517107480072,3.0519113489130074,4.0136992835135725,0.0,0.0363094991918075,0.02201123620849497,on,connected,True,synthetic_device_spec_v11
synthetic_customer_005,cabinet_005,2026-09-08 23:00:00+00:00,0,0,0,0,True,True,False,23.98357219228352,-47.70266744714709,2.9766058425722575,3.9976522833482786,0.0,0.027363684182001743,0.018314322057946742,on,connected,True,synthetic_device_spec_v11
synthetic_customer_005,cabinet_005,2026-09-08 23:10:00+00:00,0,0,0,0,True,True,False,23.76041190600238,-45.25795083040403,2.9730953965018516,4.016020150511689,0.7191218345283762,0.008095135999093095,0.0,on,connected,True,synthetic_device_spec_v11
synthetic_customer_005,cabinet_005,2026-09-08 23:20:00+00:00,0,0,0,0,True,True,False,23.913964937800078,-48.590136918950975,3.0527016458562684,4.077758065112695,0.0,0.0,0.0,on,connected,True,synthetic_device_spec_v11
synthetic_customer_005,cabinet_005,2026-09-08 23:30:00+00:00,0,0,0,0,True,True,False,23.96010946786031,-45.985561067050966,3.0585236310465524,4.09935957626622,0.0,0.018452815571031633,0.002928042307589819,on,connected,True,synthetic_device_spec_v11
synthetic_customer_005,cabinet_005,2026-09-08 23:40:00+00:00,0,0,0,0,True,True,False,23.82998396183571,-49.48136932841868,3.034797944595551,3.996411006330825,0.04797719210130987,0.0,0.016034363371024582,on,connected,True,synthetic_device_spec_v11
synthetic_customer_005,cabinet_005,2026-09-08 23:50:00+00:00,0,0,0,0,True,True,False,23.98620171004224,-47.17292313086792,3.046470905745089,4.030247517790667,0.16781410767806396,0.0,0.0,on,connected,True,synthetic_device_spec_v11
synthetic_customer_005,cabinet_005,2026-09-09 00:00:00+00:00,0,0,0,0,True,True,False,23.768919375112603,-49.096047984144136,3.0950756825985164,3.8776226300199563,0.04597355872405551,0.0,0.0011670933998328271,on,connected,True,synthetic_device_spec_v11
