customer_id,device_id,observed_at,soil_moisture,temperature,ec,ph,air_humidity,flow_rate,quality,source
synthetic_customer_005,cabinet_005,2026-09-02 00:10:00+00:00,59.86970560713491,29.501062156510347,1.7866789930601843,6.717793259442948,73.22872860498698,11.898793418426255,good,synthetic_device_spec_v11
synthetic_customer_005,cabinet_005,2026-09-02 00:20:00+00:00,60.176933255453804,29.42131401565806,,6.713709583229506,75.34491202808935,11.990936238604554,good,synthetic_device_spec_v11
synthetic_customer_005,cabinet_005,2026-09-02 00:30:00+00:00,60.09438651490374,29.26932582389253,1.7840642387655115,6.709951077981284,75.05287497544715,11.975295326840543,good,synthetic_device_spec_v11
synthetic_customer_005,cabinet_005,2026-09-02 00:40:00+00:00,60.098351243031956,28.83281784690634,1.7703708719227895,6.715712055200348,76.38199239166642,0.15194716346485035,good,synthetic_device_spec_v11
synthetic_customer_005,cabinet_005,2026-09-02 00:50:00+00:00,60.658143890834204,28.790133302723763,1.7720743296707728,6.710288677686417,76.30919389099553,0.03954423686352185,good,synthetic_device_spec_v11
synthetic_customer_005,cabinet_005,2026-09-02 01:00:00+00:00,60.33950489204138,28.428999953575506,1.76497040186389,6.714006354475246,78.40340888953834,0.12767052344327534,good,synthetic_device_spec_v11
synthetic_customer_005,cabinet_005,2026-09-02 01:10:00+00:00,60.32885735457125,28.15383300846745,1.771419262806479,6.703236308028899,77.44786301553128,0.0,good,synthetic_device_spec_v11
synthetic_customer_005,cabinet_005,2026-09-02 01:20:00+00:00,60.718517955597505,28.146212555121522,1.7580972108610267,6.701414071890661,77.70140716072535,0.0,good,synthetic_device_spec_v11
synthetic_customer_005,cabinet_005,2026-09-02 01:30:00+00:00,60.92222859982953,27.83753656377972,1.7488118709476388,6.701384444898964,78.68574442726374,0.09268573221655677,good,synthetic_device_spec_v11
synthetic_customer_005,cabinet_005,2026-09-02 01:40:00+00:00,60.85441507112022,27.514111116441384,1.7381509729141935,6.701674986156657,77.24671298445215,0.0,good,synthetic_device_spec_v11
synthetic_customer_005,cabinet_005,2026-09-02 01:50:00+00:00,61.01430258983727,27.308622366510075,1.7436660612226889,6.692567547584943,78.21556694818491,0.0,good,synthetic_device_spec_v11
synthetic_customer_005,cabinet_005,2026-09-02 02:00:00+00:00,61.30175784081834,27.212804555248656,1.7360789670331185,6.69579216140507,79.80695809298716,0.007997134563209933,good,synthetic_device_spec_v11
synthetic_customer_005,cabinet_005,2026-09-02 02:10:00+00:00,61.399718583790225,26.929519603790563,1.7259619422990469,6.688533438276513,79.27910747272433,0.005306528263893872,good,synthetic_device_spec_v11
synthetic_customer_005,cabinet_005,2026-09-02 02:20:00+00:00,61.637154375966716,26.743047921055997,1.7207386435269654,6.681309871537318,79.64673768507333,0.0,good,synthetic_device_spec_v11
synthetic_customer_005,cabinet_005,2026-09-02 02:30:00+00:00,61.99625887912401,26.431176765170676,1.7074998196921243,6.677144920521521,79.47536005849882,0.1033072184807418,good,synthetic_device_spec_v11
synthetic_customer_005,cabinet_005,2026-09-02 02:40:00+00:00,62.09254653978254,26.384304128633104,1.71189276552711,6.677336118199157,79.32293469778999,0.17998836268765822,good,synthetic_device_spec_v11
synthetic_customer_005,cabinet_005,2026-09-02 02:50:00+00:00,62.5813082752975,26.27298396616683,1.7074102029164433,6.673446053733299,79.29182746572582,0.056597615640070105,good,synthetic_device_spec_v11
synthetic_customer_005,cabinet_005,2026-09-02 03:00:00+00:00,62.57925832811475,25.930470712115632,1.6980053238646338,6.669723350166922,79.33929777105749,0.07292354591783136,good,synthetic_device_spec_v11
synthetic_customer_005,cabinet_005,2026-09-02 03:10:00+00:00,63.06449917806885,25.767677658951328,1.6943783515585058,6.670617357558944,80.0628703960921,0.0,good,synthetic_device_spec_v11
synthetic_customer_005,cabinet_005,2026-09-02 03:20:00+00:00,63.35747494322617,25.51171077702239,1.6868715688224065,6.659855418671418,81.72198103261037,0.0,good,synthetic_device_spec_v11
synthetic_customer_005,cabinet_005,2026-09-02 03:30:00+00:00,63.71560571700534,25.505505035954453,1.6820577322301522,6.658070636990217,80.70139863789582,0.0,good,synthetic_device_spec_v11
synthetic_customer_005,cabinet_005,2026-09-02 03:40:00+00:00,63.861815263412396,25.15605846800695,1.6745911962557296,6.654439970879364,82.4932659170219,0.02762809309976824,good,synthetic_device_spec_v11
synthetic_customer_005,cabinet_005,2026-09-02 03:50:00+00:00,64.1884145199871,25.074488731102573,1.66934659415766,6.6486807999091715,80.7078200732873,0.0,good,synthetic_device_spec_v11
synthetic_customer_005,cabinet_005,2026-09-02 04:00:00+00:00,64.3120160782502,24.850862215694256,1.661629035637453,6.644002792643894,79.40805444368911,0.11676273030985383,good,synthetic_device_spec_v11
synthetic_customer_005,cabinet_005,2026-09-02 04:10:00+00:00,64.6242302629311,24.7709052213714,1.6575311298503914,6.64206264638853,80.56069565655302,0.018034816981609542,good,synthetic_device_spec_v11
synthetic_customer_005,cabinet_005,2026-09-02 04:20:00+00:00,65.21806270634751,24.487715614726284,1.64397442936844,6.642987872199067,80.1414833750324,0.02417757244649806,good,synthetic_device_spec_v11
synthetic_customer_005,cabinet_005,2026-09-02 04:30:00+00:00,65.33072821900488,24.43562186324536,1.6369116496206608,6.629898383924887,80.75975779966873,0.0,good,synthetic_device_spec_v11
synthetic_customer_005,cabinet_005,2026-09-02 04:40:00+00:00,65.78863558974234,24.244183219321197,1.6320355104430047,6.630660018530225,83.51154775821882,0.0,good,synthetic_device_spec_v11
synthetic_customer_005,cabinet_005,2026-09-02 04:50:00+00:00,66.07610256572114,23.96065339850137,1.632505803030062,6.627853895513603,82.94080405702542,0.011751592846179918,good,synthetic_device_spec_v11
synthetic_customer_005,cabinet_005,2026-09-02 05:00:00+00:00,66.30652700592775,24.019916557289005,1.6142252106901653,6.610002933666742,83.49863045854477,0.008639621504256557,good,synthetic_device_spec_v11
synthetic_customer_005,cabinet_005,2026-09-02 05:10:00+00:00,66.54502148824959,23.8844432061345,1.6252783728649616,6.6136740559428,81.72671089605736,0.07982920623152888,good,synthetic_device_spec_v11
synthetic_customer_005,cabinet_005,2026-09-02 05:20:00+00:00,67.12174631888135,23.966283728198334,1.606026170710391,6.613354391228145,81.78326237475713,0.09373747872252693,good,synthetic_device_spec_v11
synthetic_customer_005,cabinet_005,2026-09-02 05:30:00+00:00,67.59035427080988,23.73938757751331,1.599115141787785,6.610723917677486,82.06758054442854,0.0,good,synthetic_device_spec_v11
synthetic_customer_005,cabinet_005,2026-09-02 05:40:00+00:00,67.83312989810281,23.469042795332054,1.5901867432269203,6.601048395977304,83.70686553389683,0.0,good,synthetic_device_spec_v11
synthetic_customer_005,cabinet_005,2026-09-02 05:50:00+00:00,68.26939100567186,23.594884487811395,1.5808711635691544,6.588903481093781,81.98623108212833,0.01884247109734115,good,synthetic_device_spec_v11
synthetic_customer_005,cabinet_005,2026-09-02 06:00:00+00:00,68.32248918351985,23.369299972377597,1.5823327230182194,6.586391930587263,82.91289532799932,0.0478201411496865,good,synthetic_device_spec_v11
synthetic_customer_005,cabinet_005,2026-09-02 06:10:00+00:00,69.03219461440486,23.337988595180885,1.569192829455651,6.5875776138516375,84.68637688405823,12.088833635154295,good,synthetic_device_spec_v11
synthetic_customer_005,cabinet_005,2026-09-02 06:20:00+00:00,69.1434023629664,23.22857890340598,1.5702611633464716,6.580808415874099,83.14703821984673,11.976200251718296,good,synthetic_device_spec_v11
synthetic_customer_005,cabinet_005,2026-09-02 06:30:00+00:00,69.51334597696902,23.20784014450186,1.5517106919246573,6.5675599321756915,81.80095851582566,11.920554347510757,good,synthetic_device_spec_v11
synthetic_customer_005,cabinet_005,2026-09-02 06:40:00+00:00,69.85171042593166,23.140555501094102,1.5498370465006917,6.57157113840555,83.62917973242972,0.1233852659899139,good,synthetic_device_spec_v11
synthetic_customer_005,cabinet_005,2026-09-02 06:50:00+00:00,69.89791560282804,23.11484818262202,1.546210039852559,6.557600931340523,84.11406798529869,0.08503929188942927,good,synthetic_device_spec_v11
synthetic_customer_005,cabinet_005,2026-09-02 07:00:00+00:00,70.32198740962734,23.054008196192704,1.540428088872195,6.558041744195145,83.54833360789029,0.04126910793185883,good,synthetic_device_spec_v11
synthetic_customer_005,cabinet_005,2026-09-02 07:10:00+00:00,70.81030335669796,22.915241905160578,1.5278850699416164,6.5493818875409575,83.92649540108631,0.227117318693783,good,synthetic_device_spec_v11
synthetic_customer_005,cabinet_005,2026-09-02 07:20:00+00:00,71.21496251807473,22.9515466044548,1.5254017055954643,6.547211216660805,85.2640569042643,0.0,good,synthetic_device_spec_v11
synthetic_customer_005,cabinet_005,2026-09-02 07:30:00+00:00,71.51183248018155,22.993836090280627,1.5186521805806301,6.538761580706975,85.77559090423287,0.031374719700147484,good,synthetic_device_spec_v11
synthetic_customer_005,cabinet_005,2026-09-02 07:40:00+00:00,72.06243901695312,22.863723613303446,1.5120394208038181,6.527991600890319,83.01748574107134,0.08262548888784674,good,synthetic_device_spec_v11
synthetic_customer_005,cabinet_005,2026-09-02 07:50:00+00:00,72.13775368560813,22.96086675352142,1.501367940322615,6.533044937321057,83.48945812498106,0.12013531636098627,good,synthetic_device_spec_v11
synthetic_customer_005,cabinet_005,2026-09-02 08:00:00+00:00,72.2658227266213,22.862973578057524,1.4898049112951308,6.524517542299038,84.51045650537995,0.0,good,synthetic_device_spec_v11
synthetic_customer_005,cabinet_005,2026-09-02 08:10:00+00:00,72.51423726708585,23.110970114213675,1.4913670118729172,6.506729338035751,82.86991562092717,0.0,good,synthetic_device_spec_v11
synthetic_customer_005,cabinet_005,2026-09-02 08:20:00+00:00,72.87654912007748,23.118099032690054,,6.5062167201311265,83.35311261963214,0.0017677144060848527,good,synthetic_device_spec_v11
synthetic_customer_005,cabinet_005,2026-09-02 08:30:00+00:00,73.02450865144027,23.239321340046892,1.4824491981180479,6.498713043252958,82.6290342761062,0.0,good,synthetic_device_spec_v11
synthetic_customer_005,cabinet_005,2026-09-02 08:40:00+00:00,73.69023728789092,23.310035239125476,1.4700316938572378,6.4926281472945835,82.50254411643475,0.0,good,synthetic_device_spec_v11
synthetic_customer_005,cabinet_005,2026-09-02 08:50:00+00:00,73.7070810059845,23.235184300290395,1.464061977034645,6.4880262133429385,83.42930928811985,0.035031904622780184,good,synthetic_device_spec_v11
synthetic_customer_005,cabinet_005,2026-09-02 09:00:00+00:00,74.03399653701584,23.316259681261577,1.4662276738582116,6.486343881294363,84.20309658627579,0.0,good,synthetic_device_spec_v11
synthetic_customer_005,cabinet_005,2026-09-02 09:10:00+00:00,74.35748082549038,23.38626668061903,1.4579839076913161,6.485598233580172,83.02168757614935,0.0,good,synthetic_device_spec_v11
synthetic_customer_005,cabinet_005,2026-09-02 09:20:00+00:00,74.20837919318862,23.645147466187375,1.4549680767216708,6.480348119546158,83.35153783512611,0.04483222869738996,good,synthetic_device_spec_v11
synthetic_customer_005,cabinet_005,2026-09-02 09:30:00+00:00,74.60759086425233,23.605018449240692,1.4515072056220037,6.466890275093165,83.198088625235,0.0,good,synthetic_device_spec_v11
synthetic_customer_005,cabinet_005,2026-09-02 09:40:00+00:00,74.59324456912427,23.936214301903213,1.4333114544941687,6.464124196042263,83.98889589445272,0.0,good,synthetic_device_spec_v11
synthetic_customer_005,cabinet_005,2026-09-02 09:50:00+00:00,74.90927436974279,24.051107790894598,1.443379849997558,6.457995417017456,82.51589874976452,0.05610813763408176,good,synthetic_device_spec_v11
synthetic_customer_005,cabinet_005,2026-09-02 10:00:00+00:00,75.23816672739956,23.878403523051546,1.4408131569391167,6.4404747095458355,83.91757448785631,0.04458579127640242,good,synthetic_device_spec_v11
synthetic_customer_005,cabinet_005,2026-09-02 10:10:00+00:00,75.4582388890528,24.367400892298654,1.431679849909634,6.440030522273179,82.97139421668109,0.0,good,synthetic_device_spec_v11
synthetic_customer_005,cabinet_005,2026-09-02 10:20:00+00:00,75.51706060141346,24.558399587400373,1.4256495668820603,6.436018182222445,82.3768716159434,0.0,good,synthetic_device_spec_v11
synthetic_customer_005,cabinet_005,2026-09-02 10:30:00+00:00,75.53267069400455,24.567203592687196,1.4242455199419954,6.432909153280545,81.54726283222747,0.06610268309537531,good,synthetic_device_spec_v11
synthetic_customer_005,cabinet_005,2026-09-02 10:40:00+00:00,75.63222985567357,24.728191767838073,1.4209685077968723,6.422840778235266,84.89461966484842,0.0,good,synthetic_device_spec_v11
synthetic_customer_005,cabinet_005,2026-09-02 10:50:00+00:00,75.52699977433261,24.902146492925176,1.4107358464001698,6.416919310249947,81.63472895420233,0.0,good,synthetic_device_spec_v11
synthetic_customer_005,cabinet_005,2026-09-02 11:00:00+00:00,75.58528353033591,24.987825590398117,1.4165390998289287,6.412410324313266,81.0619928881139,0.06620995322840136,good,synthetic_device_spec_v11
synthetic_customer_005,cabinet_005,2026-09-02 11:10:00+00:00,75.9029586067495,25.42716101826508,1.4032632223984107,6.400779715267869,82.88522144523886,0.07251398902697448,good,synthetic_device_spec_v11
synthetic_customer_005,cabinet_005,2026-09-02 11:20:00+00:00,76.0638292455542,25.339984057696025,1.4035074784507107,6.401916847378226,81.25591405369703,0.0,good,synthetic_device_spec_v11
synthetic_customer_005,cabinet_005,2026-09-02 11:30:00+00:00,75.65152675166969,25.646822699789936,1.4034628161020641,6.394723358090444,80.52736834548823,0.0,good,synthetic_device_spec_v11
synthetic_customer_005,cabinet_005,2026-09-02 11:40:00+00:00,75.63765106507387,25.822494735080102,1.398403764763593,6.390807838396783,80.40119547615934,0.11015223131953819,good,synthetic_device_spec_v11
synthetic_customer_005,cabinet_005,2026-09-02 11:50:00+00:00,75.91026085843014,25.8686769413202,1.4065246376090672,6.378794222600433,78.91925273208194,0.0,good,synthetic_device_spec_v11
synthetic_customer_005,cabinet_005,2026-09-02 12:00:00+00:00,75.77065834594556,26.12558301437509,1.3986812799646555,6.3723171097027445,78.50500775276286,0.0,good,synthetic_device_spec_v11
synthetic_customer_005,cabinet_005,2026-09-02 12:10:00+00:00,75.94856808645898,26.531404488428336,1.3929772994915264,6.372289333524442,79.76927227367693,11.952734488531988,good,synthetic_device_spec_v11
synthetic_customer_005,cabinet_005,2026-09-02 12:20:00+00:00,75.84225902874726,26.778569824322048,1.3914688018433983,6.357179960924792,78.70500312707607,11.958605067865623,good,synthetic_device_spec_v11
synthetic_customer_005,cabinet_005,2026-09-02 12:30:00+00:00,75.58337193656257,26.935358605474253,1.3890615533712598,6.358175498631443,76.96290967996215,11.90303306358193,good,synthetic_device_spec_v11
synthetic_customer_005,cabinet_005,2026-09-02 12:40:00+00:00,75.62712306245224,27.030741171494004,1.3952497339018388,6.3518458693092805,79.01204897266801,0.0,good,synthetic_device_spec_v11
synthetic_customer_005,cabinet_005,2026-09-02 12:50:00+00:00,75.70129606503903,27.51265634331806,1.3836322495531679,6.339885925859304,77.52100019142247,0.01070633205168277,good,synthetic_device_spec_v11
synthetic_customer_005,cabinet_005,2026-09-02 13:00:00+00:00,75.31957521649777,27.709193031333232,1.3879922970757579,6.334941024967082,75.89159775311497,0.0,good,synthetic_device_spec_v11
synthetic_customer_005,cabinet_005,2026-09-02 13:10:00+00:00,75.17206981218189,27.815076167100845,1.3890010155617756,6.337127732096561,78.89212085321981,0.051288971805231606,good,synthetic_device_spec_v11
synthetic_customer_005,cabinet_005,2026-09-02 13:20:00+00:00,75.02302713634583,28.05046961188484,1.383915112439594,6.3358529052706825,78.7962560068374,0.0,good,synthetic_device_spec_v11
synthetic_customer_005,cabinet_005,2026-09-02 13:30:00+00:00,75.05686059380378,28.09684880559766,1.3795647889000013,6.329684976727563,76.8466712566491,0.09698287871314457,good,synthetic_device_spec_v11
synthetic_customer_005,cabinet_005,2026-09-02 15:00:00+00:00,73.05067313489604,30.1513215294146,1.3882710910321425,6.27341016702665,73.81577201556622,2.5009587886708045,bad,synthetic_device_spec_v11
synthetic_customer_005,cabinet_005,2026-09-02 15:10:00+00:00,72.61923908907552,30.281069192945328,1.3838891059616119,6.2699897707821926,73.28741650037657,0.010305023532786709,good,synthetic_device_spec_v11
synthetic_customer_005,cabinet_005,2026-09-02 15:20:00+00:00,72.3097628533075,30.350161331065426,1.3919939340026228,6.267229738075889,73.93288420299788,0.0,good,synthetic_device_spec_v11
synthetic_customer_005,cabinet_005,2026-09-02 15:30:00+00:00,72.04237774895084,30.62556929055966,1.3902908561111098,6.263811933171109,72.42782686529921,0.0,good,synthetic_device_spec_v11
synthetic_customer_005,cabinet_005,2026-09-02 15:40:00+00:00,71.77657180796233,30.871553042270037,1.3926849998572413,6.246781921966253,74.94132213374994,0.0,good,synthetic_device_spec_v11
synthetic_customer_005,cabinet_005,2026-09-02 15:50:00+00:00,71.36485860738298,31.112946905818458,1.399955226224734,6.247815627859578,73.75405674159383,0.0,good,synthetic_device_spec_v11
synthetic_customer_005,cabinet_005,2026-09-02 16:00:00+00:00,71.26313326290577,31.078811920204192,1.4027869292354456,6.246914564755831,71.98274943525686,0.0,good,synthetic_device_spec_v11
synthetic_customer_005,cabinet_005,2026-09-02 16:10:00+00:00,70.85916970147456,31.293099734519036,1.3940536157236778,6.244012476431429,73.43138676648846,0.0,good,synthetic_device_spec_v11
synthetic_customer_005,cabinet_005,2026-09-02 16:20:00+00:00,70.36842285828479,31.406947676410933,1.4093905276396266,6.235500601780244,72.73020325962474,0.09978223868868763,good,synthetic_device_spec_v11
synthetic_customer_005,cabinet_005,2026-09-02 16:30:00+00:00,70.30105473316982,31.5822163867202,1.4039293634178627,6.229501702277312,72.40209966922116,0.14301494672462367,good,synthetic_device_spec_v11
synthetic_customer_005,cabinet_005,2026-09-02 16:40:00+00:00,69.60819478489907,31.601920492327118,1.4123542930151403,6.228478500159484,74.46469973329154,0.0,good,synthetic_device_spec_v11
synthetic_customer_005,cabinet_005,2026-09-02 16:50:00+00:00,69.41387344694597,31.903332238198022,1.4189433674870404,6.228916367668093,72.99742081185357,0.09878631286788243,good,synthetic_device_spec_v11
synthetic_customer_005,cabinet_005,2026-09-02 17:00:00+00:00,69.0375693792627,32.13241086011442,1.4215778483290218,6.220289742993235,73.41411892072585,0.005084263741159799,good,synthetic_device_spec_v11
synthetic_customer_005,cabinet_005,2026-09-02 17:10:00+00:00,68.79083184491675,32.242559146138284,1.4239152222171214,6.217574028327435,70.87160124657967,0.0,good,synthetic_device_spec_v11
synthetic_customer_005,cabinet_005,2026-09-02 17:20:00+00:00,68.4524427455357,32.17608663204189,1.4254094300398967,6.214513528345532,72.3233382960164,0.06779490255790221,good,synthetic_device_spec_v11
synthetic_customer_005,cabinet_005,2026-09-02 17:30:00+00:00,67.94877178493742,32.43105816115242,1.4303405653226537,6.207655876434734,72.26135599068753,0.04988455954721767,good,synthetic_device_spec_v11
synthetic_customer_005,cabinet_005,2026-09-02 17:40:00+00:00,67.73778192526032,32.67835347884204,1.4421418089969953,6.20396964211721,72.61534812137953,0.14712567668955728,good,synthetic_device_spec_v11
synthetic_customer_005,cabinet_005,2026-09-02 17:50:00+00:00,67.3036871995193,32.6593983568868,1.4371342086537635,6.199591697044683,71.36302594984551,0.0,good,synthetic_device_spec_v11
synthetic_customer_005,cabinet_005,2026-09-02 18:00:00+00:00,67.17394362750055,32.57054054890093,1.4445524532158731,6.195156073951858,70.72604687322956,0.09689849198792526,good,synthetic_device_spec_v11
synthetic_customer_005,cabinet_005,2026-09-02 18:10:00+00:00,66.75432825440078,32.675563025321324,1.4457955332682624,6.195609812397429,71.86658409916524,12.09551719781347,good,synthetic_device_spec_v11
synthetic_customer_005,cabinet_005,2026-09-02 18:20:00+00:00,66.3164379701234,32.75372316473514,1.4619151458443782,6.192353219961808,72.06968926709776,11.927113015619028,good,synthetic_device_spec_v11
synthetic_customer_005,cabinet_005,2026-09-02 18:30:00+00:00,65.74059465335667,32.915635663298104,1.457850194517772,6.184703683324442,69.76066721949168,11.985423120578748,good,synthetic_device_spec_v11
synthetic_customer_005,cabinet_005,2026-09-02 19:40:00+00:00,63.3572115615976,32.97736658746772,1.497249124672769,6.1716901166875475,69.8458805005881,0.04233980954907856,good,synthetic_device_spec_v11
synthetic_customer_005,cabinet_005,2026-09-02 19:50:00+00:00,63.50134491772978,33.06687323156835,1.5081249631619984,6.169396799377843,70.68430768186794,0.0808786336148415,good,synthetic_device_spec_v11
synthetic_customer_005,cabinet_005,2026-09-02 20:00:00+00:00,62.93226387345615,33.069638179602414,1.5124094425160401,6.161854107650959,69.82606202027726,0.008200249091612615,good,synthetic_device_spec_v11
synthetic_customer_005,cabinet_005,2026-09-02 20:10:00+00:00,62.582903908754545,33.04294220795153,1.5178865767530152,6.161424039272183,71.40028505004582,0.1524131269751585,good,synthetic_device_spec_v11
synthetic_customer_005,cabinet_005,2026-09-02 20:20:00+00:00,62.426300991108384,32.91938294828379,1.5223668261592582,6.168665464034036,70.18591680966004,0.0,good,synthetic_device_spec_v11
synthetic_customer_005,cabinet_005,2026-09-02 20:30:00+00:00,62.271893358687734,32.80198320679691,1.5257278184869996,6.16677657015877,72.74321792287857,0.0,good,synthetic_device_spec_v11
synthetic_customer_005,cabinet_005,2026-09-02 20:40:00+00:00,61.785458132181596,32.79859824081394,1.5427606078187908,6.165813880068478,70.61998432957067,0.0,good,synthetic_device_spec_v11
synthetic_customer_005,cabinet_005,2026-09-02 20:50:00+00:00,61.449469205030134,32.67833453151585,1.5394194665167054,6.16898593725489,72.36739180578142,0.0,good,synthetic_device_spec_v11
synthetic_customer_005,cabinet_005,2026-09-02 21:00:00+00:00,61.36196722072731,32.768738008603414,1.5455297520521194,6.161064898256624,71.75130940323987,0.08285109486765022,good,synthetic_device_spec_v11
synthetic_customer_005,cabinet_005,2026-09-02 21:10:00+00:00,61.08121072197539,32.605757734974105,1.5505238497191112,6.163296122060432,72.10706406522304,0.0,good,synthetic_device_spec_v11
synthetic_customer_005,cabinet_005,2026-09-02 21:20:00+00:00,60.88976973217245,32.427453751582526,1.554007945813335,6.159946790857393,72.3353500367,0.06133398760956483,good,synthetic_device_spec_v11
synthetic_customer_005,cabinet_005,2026-09-02 21:30:00+00:00,61.00071552731284,32.25219575108488,1.5710524899957916,6.158371660824557,73.16821731875349,0.07664945824839445,good,synthetic_device_spec_v11
synthetic_customer_005,cabinet_005,2026-09-02 21:40:00+00:00,60.59285281617223,32.17074767565123,1.5801393534959445,6.155424309724817,72.2868909945488,0.03337052337916775,good,synthetic_device_spec_v11
synthetic_customer_005,cabinet_005,2026-09-02 21:50:00+00:00,60.54614319979177,31.99211702282248,1.5818964151607235,6.154889843884609,72.40906066601147,0.0,good,synthetic_device_spec_v11
synthetic_customer_005,cabinet_005,2026-09-02 22:00:00+00:00,60.42370116169719,32.11633812660204,1.5897390037481562,6.157645453600824,73.23090975287039,0.14576636169148657,good,synthetic_device_spec_v11
synthetic_customer_005,cabinet_005,2026-09-02 22:10:00+00:00,60.20403770496251,31.875991297832268,1.593838000236145,6.167159951143177,72.2788895912182,0.05455695041614323,good,synthetic_device_spec_v11
synthetic_customer_005,cabinet_005,2026-09-02 22:20:00+00:00,59.836077228869065,31.65935332163026,1.605218101884294,6.161109722703392,71.84550866590426,0.0,good,synthetic_device_spec_v11
synthetic_customer_005,cabinet_005,2026-09-02 22:30:00+00:00,59.945042794384584,31.691944613724157,1.6092169095680147,6.151879560050255,72.36390578636808,0.008488880520109963,good,synthetic_device_spec_v11
synthetic_customer_005,cabinet_005,2026-09-02 22:40:00+00:00,59.95659108146769,31.362259781186115,1.6181254695944285,6.157933757246709,73.16237381416046,0.0803067494555152,good,synthetic_device_spec_v11
synthetic_customer_005,cabinet_005,2026-09-02 22:50:00+00:00,59.807655094833116,31.26230191402454,1.6277933737691477,6.157537417605326,72.80924675527952,0.06472438475302805,good,synthetic_device_spec_v11
synthetic_customer_005,cabinet_005,2026-09-02 23:00:00+00:00,59.67452968537602,30.937979332055153,1.6316074082750494,6.157049316591385,72.54285973036173,0.16469500061624903,good,synthetic_device_spec_v11
synthetic_customer_005,cabinet_005,2026-09-02 23:10:00+00:00,59.647027626794234,30.93182389775604,1.6424671561936335,6.161904178477981,73.78188215333938,0.10716761002786541,good,synthetic_device_spec_v11
synthetic_customer_005,cabinet_005,2026-09-02 23:20:00+00:00,59.61348541235883,30.603870702643423,1.6522484113131801,6.162751279912562,73.08132483430768,0.0756733336105509,good,synthetic_device_spec_v11
synthetic_customer_005,cabinet_005,2026-09-02 23:30:00+00:00,59.444384705894684,30.504825033999317,1.6473008382129317,6.168887953426378,73.51461608483379,0.13048046078854098,good,synthetic_device_spec_v11
synthetic_customer_005,cabinet_005,2026-09-02 23:40:00+00:00,59.821935033055034,30.240746343732326,1.6619099053380506,6.162972700232085,73.51366266236452,0.0,good,synthetic_device_spec_v11
synthetic_customer_005,cabinet_005,2026-09-02 23:50:00+00:00,59.42489832797791,30.08051303510862,1.6680589363566083,6.1616831560719945,77.04700420925651,0.11413150575473431,good,synthetic_device_spec_v11
synthetic_customer_005,cabinet_005,2026-09-03 00:00:00+00:00,59.5291150610484,29.879920555079288,1.6769386681246277,6.165516540612014,75.26994926902934,0.034967169543854884,good,synthetic_device_spec_v11
synthetic_customer_005,cabinet_005,2026-09-03 00:10:00+00:00,59.56843719037476,29.812879069441237,1.6804677073634464,6.169834335267193,75.0888994932803,12.09148797618498,good,synthetic_device_spec_v11
synthetic_customer_005,cabinet_005,2026-09-03 00:20:00+00:00,59.64712655435851,29.417605714010847,1.6929126036670505,6.163558225705598,76.29245769054067,12.011621257464508,good,synthetic_device_spec_v11
synthetic_customer_005,cabinet_005,2026-09-03 00:30:00+00:00,59.716468526636035,29.268303134954582,1.6904985119310323,6.1730697907178005,76.43609549135645,12.114889533894521,good,synthetic_device_spec_v11
synthetic_customer_005,cabinet_005,2026-09-03 00:40:00+00:00,59.83072050702764,29.23308224988093,1.7070980931988788,6.166804649378228,76.59426964004993,0.0,good,synthetic_device_spec_v11
synthetic_customer_005,cabinet_005,2026-09-03 00:50:00+00:00,60.121305208423095,29.04066016172131,1.7135594516853394,6.175191513325283,77.52249572555615,0.12276100247581735,good,synthetic_device_spec_v11
synthetic_customer_005,cabinet_005,2026-09-03 01:00:00+00:00,60.16874807253277,28.63560575407434,1.7117117823626502,6.171449142752037,76.00641295705854,0.0,good,synthetic_device_spec_v11
synthetic_customer_005,cabinet_005,2026-09-03 01:10:00+00:00,60.33683000892433,28.409531277712183,1.7245811278435474,6.183318306379877,77.25724740866892,0.0,good,synthetic_device_spec_v11
synthetic_customer_005,cabinet_005,2026-09-03 01:20:00+00:00,60.427751423023395,28.322534660183198,1.7224331429355362,6.182654373243396,77.86063170173234,0.0,good,synthetic_device_spec_v11
synthetic_customer_005,cabinet_005,2026-09-03 01:30:00+00:00,60.716905853430745,27.952264252976487,1.73408799291215,6.1811815015422615,76.30746202307975,0.04052179082522527,good,synthetic_device_spec_v11
synthetic_customer_005,cabinet_005,2026-09-03 01:40:00+00:00,60.75039550772209,27.77878629348296,1.7361739857051812,6.1902139567567005,77.25327522751546,0.0,good,synthetic_device_spec_v11
synthetic_customer_005,cabinet_005,2026-09-03 01:50:00+00:00,60.94674636181902,27.618609623749496,1.7487094209364467,6.186559431865648,77.33731252618452,0.0,good,synthetic_device_spec_v11
synthetic_customer_005,cabinet_005,2026-09-03 02:00:00+00:00,61.091729654849374,27.348476374328257,1.754319243259008,6.190013468576429,77.67232423065927,0.06377495044591754,good,synthetic_device_spec_v11
synthetic_customer_005,cabinet_005,2026-09-03 02:10:00+00:00,61.412960303712204,27.163029727119167,1.7646543950726565,6.191661909800362,78.31895925452028,0.0,good,synthetic_device_spec_v11
synthetic_customer_005,cabinet_005,2026-09-03 02:20:00+00:00,61.58146367913696,26.97727530241399,1.7678979245920445,6.196519634741975,77.68992934615484,0.0,good,synthetic_device_spec_v11
synthetic_customer_005,cabinet_005,2026-09-03 02:30:00+00:00,61.63670941192161,26.717535956617606,1.766324364109969,6.206829833067088,77.69207475355134,0.10728477075305343,good,synthetic_device_spec_v11
synthetic_customer_005,cabinet_005,2026-09-03 02:40:00+00:00,62.19731987432859,26.4334761367885,1.7764254523997103,6.203968892737588,80.1005183051662,0.0,good,synthetic_device_spec_v11
synthetic_customer_005,cabinet_005,2026-09-03 02:50:00+00:00,62.76260705683009,26.23464943333447,1.7766937724842673,6.212727415983991,81.75483456647704,0.03851984340362236,good,synthetic_device_spec_v11
synthetic_customer_005,cabinet_005,2026-09-03 03:00:00+00:00,62.587864277070615,26.171496578521175,1.7884331732909664,6.214643563330283,79.40086886779724,0.0,good,synthetic_device_spec_v11
synthetic_customer_005,cabinet_005,2026-09-03 03:10:00+00:00,62.96907833961882,25.865818176210748,1.7931851360300048,6.219783193435551,80.57098815513277,0.009091102420453056,good,synthetic_device_spec_v11
synthetic_customer_005,cabinet_005,2026-09-03 03:20:00+00:00,63.113625614305384,25.79242772853861,1.7959924258042013,6.221346420186394,79.73084047923227,0.0,good,synthetic_device_spec_v11
synthetic_customer_005,cabinet_005,2026-09-03 03:30:00+00:00,63.15341024908274,25.50390035142297,1.7967941314559062,6.218773252498283,81.02711121745025,0.06877617359607699,good,synthetic_device_spec_v11
synthetic_customer_005,cabinet_005,2026-09-03 03:40:00+00:00,63.78176263741569,25.33000598085342,1.800607716168398,6.229999241633791,79.40326668242943,0.05340594942983609,good,synthetic_device_spec_v11
synthetic_customer_005,cabinet_005,2026-09-03 03:50:00+00:00,64.0393326838707,25.329885995080243,1.8123329079870292,6.232337201592279,79.67472353548526,0.03705276317199311,good,synthetic_device_spec_v11
synthetic_customer_005,cabinet_005,2026-09-03 04:00:00+00:00,64.34872517991835,25.07292029581405,1.8152966107340216,6.237973666979931,80.96161758625351,0.2216160154347276,good,synthetic_device_spec_v11
synthetic_customer_005,cabinet_005,2026-09-03 04:10:00+00:00,64.51929604972626,24.701761356936892,1.8192153364572299,6.236934788031177,80.29286346221664,0.0,good,synthetic_device_spec_v11
synthetic_customer_005,cabinet_005,2026-09-03 04:20:00+00:00,65.10527105227168,24.78426921381064,1.8186468068025967,6.243712164435745,81.95062271293656,0.0,good,synthetic_device_spec_v11
synthetic_customer_005,cabinet_005,2026-09-03 04:30:00+00:00,65.17494993843819,24.708914801591977,1.827469778009086,6.247610315147696,79.98964833747392,0.05417458375657799,good,synthetic_device_spec_v11
synthetic_customer_005,cabinet_005,2026-09-03 04:40:00+00:00,65.75661457004637,24.42390575872824,1.831891097297665,6.2589175757955635,81.56969058918949,0.08114365647958549,good,synthetic_device_spec_v11
synthetic_customer_005,cabinet_005,2026-09-03 04:50:00+00:00,65.96795801965756,24.32075316770075,1.836141842136112,6.270076821770325,84.42808591804547,0.0,good,synthetic_device_spec_v11
synthetic_customer_005,cabinet_005,2026-09-03 05:00:00+00:00,66.30624578020401,23.980259562591186,1.8364675698334298,6.261307096684587,82.64056172030257,0.0,good,synthetic_device_spec_v11
synthetic_customer_005,cabinet_005,2026-09-03 05:10:00+00:00,66.756288810106,24.02584332682936,1.8435092924871517,6.272805284522564,81.53082414443017,0.055347121288928984,good,synthetic_device_spec_v11
synthetic_customer_005,cabinet_005,2026-09-03 05:20:00+00:00,67.125230004665,23.98499003216854,1.8443832346451006,6.270591807331487,82.98239122583442,0.0373458435333713,good,synthetic_device_spec_v11
synthetic_customer_005,cabinet_005,2026-09-03 05:30:00+00:00,67.2543987828656,23.85220374143882,1.8509416889765973,6.290488820805601,81.91755806462969,0.032859186033839034,good,synthetic_device_spec_v11
synthetic_customer_005,cabinet_005,2026-09-03 05:40:00+00:00,67.81713447472059,23.672340160945566,1.8554270571120075,6.292099154064138,85.11581847967176,0.0,good,synthetic_device_spec_v11
synthetic_customer_005,cabinet_005,2026-09-03 05:50:00+00:00,68.15820178058159,23.65571862298544,1.855496176329709,6.290522978926343,83.47798976461837,0.0,good,synthetic_device_spec_v11
synthetic_customer_005,cabinet_005,2026-09-03 06:00:00+00:00,68.53021777840152,23.494824368547818,1.855670907165823,6.303800945530087,83.28070722581924,0.0,good,synthetic_device_spec_v11
synthetic_customer_005,cabinet_005,2026-09-03 06:10:00+00:00,68.91148502700374,23.654925769492042,1.8562080726470658,6.304787953925636,84.51939504944318,12.050072013599474,good,synthetic_device_spec_v11
synthetic_customer_005,cabinet_005,2026-09-03 06:20:00+00:00,69.16553388150533,23.30998528196878,1.8554028386884702,6.308755910633736,84.10387413814556,12.012411401813468,good,synthetic_device_spec_v11
synthetic_customer_005,cabinet_005,2026-09-03 06:30:00+00:00,69.60970966326859,23.359835777144035,1.8622474376796936,6.31535874120423,83.62306915538139,12.017740599546725,good,synthetic_device_spec_v11
synthetic_customer_005,cabinet_005,2026-09-03 06:40:00+00:00,69.86943525529671,23.228184950896388,1.8576343384934255,6.319724539474972,83.88443438917031,0.08235416655996236,good,synthetic_device_spec_v11
synthetic_customer_005,cabinet_005,2026-09-03 06:50:00+00:00,70.36295207604364,23.476725067176694,1.860448654915891,6.322761173213949,83.15265677003448,0.13026259171522414,good,synthetic_device_spec_v11
synthetic_customer_005,cabinet_005,2026-09-03 07:00:00+00:00,70.6163285904581,23.15194159075489,1.8662109986617068,6.333244122298532,84.09550391724943,0.0,good,synthetic_device_spec_v11
synthetic_customer_005,cabinet_005,2026-09-03 07:10:00+00:00,70.88260948407508,23.05407727861795,1.8707602264321685,6.3384310776017845,83.67040525369613,0.11102850922746603,good,synthetic_device_spec_v11
synthetic_customer_005,cabinet_005,2026-09-03 07:20:00+00:00,71.05366816596351,23.14016165748903,1.868646497284124,6.341175667509053,83.72922766091702,0.0,good,synthetic_device_spec_v11
synthetic_customer_005,cabinet_005,2026-09-03 07:30:00+00:00,71.45533635195822,23.245930417640054,1.8703852239494325,6.341497850366792,83.61121089025549,0.0,good,synthetic_device_spec_v11
synthetic_customer_005,cabinet_005,2026-09-03 07:40:00+00:00,71.77403676427764,23.29119939624483,1.8758726764648639,6.35319513445787,81.71111936939738,0.0,good,synthetic_device_spec_v11
synthetic_customer_005,cabinet_005,2026-09-03 07:50:00+00:00,72.0488959853012,23.357962813439112,1.8691550666865244,6.357938954021279,84.88574758586907,0.0,good,synthetic_device_spec_v11
synthetic_customer_005,cabinet_005,2026-09-03 08:00:00+00:00,72.65054755107711,23.070236095639736,1.8612448662148777,6.364391456241666,84.05833285175814,0.0,good,synthetic_device_spec_v11
synthetic_customer_005,cabinet_005,2026-09-03 08:10:00+00:00,72.87931288189348,23.406783191303106,1.8622916044235749,6.373827531573089,84.40840010456208,0.0054564745902966685,good,synthetic_device_spec_v11
synthetic_customer_005,cabinet_005,2026-09-03 08:20:00+00:00,73.27733259956685,23.31310043218265,1.8649131753760646,6.379712218974016,83.39302982270227,0.0637679816265637,good,synthetic_device_spec_v11
synthetic_customer_005,cabinet_005,2026-09-03 08:30:00+00:00,72.98866098322203,23.61537245486186,1.8575992413406281,6.383110775183976,84.48976237144844,0.0,good,synthetic_device_spec_v11
synthetic_customer_005,cabinet_005,2026-09-03 08:40:00+00:00,73.41754003322266,23.402529634513197,1.8672333762794608,6.390503353933992,84.12257812185725,0.03284324945633099,good,synthetic_device_spec_v11
synthetic_customer_005,cabinet_005,2026-09-03 08:50:00+00:00,73.5861263229191,23.5558637414626,1.8606738456380563,6.392329803638746,83.8289806335608,0.0,good,synthetic_device_spec_v11
synthetic_customer_005,cabinet_005,2026-09-03 09:00:00+00:00,73.93374394451564,23.733001346358947,1.859791809047535,6.402954971345839,84.37303926832084,0.0028342948443078435,good,synthetic_device_spec_v11
synthetic_customer_005,cabinet_005,2026-09-03 09:10:00+00:00,74.29291976507287,23.68682539808472,1.8556331626446292,6.409443858222624,83.47327753584737,0.10633614894928192,good,synthetic_device_spec_v11
synthetic_customer_005,cabinet_005,2026-09-03 09:20:00+00:00,74.23816180487525,23.811435021416596,1.851721760262133,6.4123852249208815,81.82677633067718,0.09011905830337258,good,synthetic_device_spec_v11
synthetic_customer_005,cabinet_005,2026-09-03 09:30:00+00:00,74.39392558144155,23.873573834382395,1.8560261220768384,6.4155065503848085,83.32316233094228,0.022930232550267344,good,synthetic_device_spec_v11
synthetic_customer_005,cabinet_005,2026-09-03 09:40:00+00:00,74.64146391013692,23.96537675631026,1.852345905080419,6.427256019613958,80.81721629655914,0.054220135187386935,good,synthetic_device_spec_v11
synthetic_customer_005,cabinet_005,2026-09-03 09:50:00+00:00,74.89510782431385,24.19037914560415,1.8531325545803161,6.441825471618126,81.92408222670683,0.07784106672579873,good,synthetic_device_spec_v11
synthetic_customer_005,cabinet_005,2026-09-03 10:00:00+00:00,75.1784148708886,24.31199069402226,1.8462986103580867,6.428155996107826,83.96137911153016,0.0,good,synthetic_device_spec_v11
synthetic_customer_005,cabinet_005,2026-09-03 10:10:00+00:00,75.23799739540529,24.363413007349035,,6.444084871317929,80.39725996426462,0.0,good,synthetic_device_spec_v11
synthetic_customer_005,cabinet_005,2026-09-03 10:20:00+00:00,75.35748065694916,24.543533318088706,1.8425102659833807,6.444968486249997,80.95729142731233,0.0,good,synthetic_device_spec_v11
synthetic_customer_005,cabinet_005,2026-09-03 10:30:00+00:00,75.59363663822923,24.768097880332295,1.8354512797437912,6.458991099944829,80.19751186368732,0.0,good,synthetic_device_spec_v11
synthetic_customer_005,cabinet_005,2026-09-03 10:40:00+00:00,75.7228589922419,24.956008915813904,1.8295151878470155,6.457638935849672,82.24999177675855,0.0,good,synthetic_device_spec_v11
synthetic_customer_005,cabinet_005,2026-09-03 10:50:00+00:00,75.7763995615286,24.91283318230825,1.8341251860847139,6.461957481225847,81.92251193469316,0.071987349413779,good,synthetic_device_spec_v11
synthetic_customer_005,cabinet_005,2026-09-03 11:00:00+00:00,75.75422561490907,25.424135436569465,1.8315266591212342,6.4731952908933605,81.77548755894226,0.03145371042145738,good,synthetic_device_spec_v11
synthetic_customer_005,cabinet_005,2026-09-03 11:10:00+00:00,75.8006349871866,25.599371532221948,1.8190304306896803,6.479875417418223,79.81699049725884,0.036211420762035006,good,synthetic_device_spec_v11
synthetic_customer_005,cabinet_005,2026-09-03 11:20:00+00:00,75.85393824267298,25.68972759608166,1.8162145198908664,6.490413239030148,80.23141454772025,0.13864149101149387,good,synthetic_device_spec_v11
synthetic_customer_005,cabinet_005,2026-09-03 11:30:00+00:00,76.00357815919216,25.906852121991705,1.8149132342309815,6.490619362480959,80.39081371612261,0.0,good,synthetic_device_spec_v11
synthetic_customer_005,cabinet_005,2026-09-03 11:40:00+00:00,75.8925855549663,25.968303926308877,1.8122098761489622,6.505117368947528,78.97484075555916,0.0,good,synthetic_device_spec_v11
synthetic_customer_005,cabinet_005,2026-09-03 11:50:00+00:00,76.06508134724275,26.098011424804444,1.803095500829531,6.5074736150684505,78.30678715263437,0.0,good,synthetic_device_spec_v11
synthetic_customer_005,cabinet_005,2026-09-03 12:00:00+00:00,76.02447910725887,26.476917273884307,1.8021412738106517,6.507771785867246,79.7096940743932,0.004488294631275929,good,synthetic_device_spec_v11
synthetic_customer_005,cabinet_005,2026-09-03 12:10:00+00:00,76.03700862856915,26.95866032598959,1.7931054843742162,6.516235032608817,80.52961199373648,12.059775491801004,good,synthetic_device_spec_v11
synthetic_customer_005,cabinet_005,2026-09-03 12:20:00+00:00,75.98402036191602,26.939694522995566,1.7981766626855735,6.515682490562639,77.520360185992,12.034862429626312,good,synthetic_device_spec_v11
synthetic_customer_005,cabinet_005,2026-09-03 12:30:00+00:00,75.80515745627272,27.108672815613343,1.7866639063448841,6.5245791748959405,76.23312762316084,11.935913742797318,good,synthetic_device_spec_v11
synthetic_customer_005,cabinet_005,2026-09-03 12:40:00+00:00,75.66017336491646,27.63318406597703,1.7762725580722694,6.52696299350098,78.32029051227592,0.0,good,synthetic_device_spec_v11
synthetic_customer_005,cabinet_005,2026-09-03 12:50:00+00:00,75.46523446150918,27.507351169296545,1.782233240091406,6.546340431773221,79.27922878504488,0.0,good,synthetic_device_spec_v11
synthetic_customer_005,cabinet_005,2026-09-03 13:00:00+00:00,75.60326584292632,27.650763704961555,1.7721418776652382,6.544638140148249,77.0959945997148,0.05112371122242554,good,synthetic_device_spec_v11
synthetic_customer_005,cabinet_005,2026-09-03 13:10:00+00:00,75.40908141302974,27.98785339306276,1.7649060048088199,6.53986501765046,77.68771247744398,0.09687900220328163,good,synthetic_device_spec_v11
synthetic_customer_005,cabinet_005,2026-09-03 13:20:00+00:00,75.48651040935609,28.116804535793637,1.7584698169685917,6.558476742381384,77.41680246831541,0.040837085860436204,good,synthetic_device_spec_v11
synthetic_customer_005,cabinet_005,2026-09-03 13:30:00+00:00,75.03462383251447,28.4861936875259,1.7622474259972434,6.559020391996012,76.4256098360838,0.0,good,synthetic_device_spec_v11
synthetic_customer_005,cabinet_005,2026-09-03 13:40:00+00:00,75.00325670074051,28.701023780650385,1.7474686732526699,6.562810342790798,77.16268018852502,0.0,good,synthetic_device_spec_v11
synthetic_customer_005,cabinet_005,2026-09-03 13:50:00+00:00,74.76130291745142,28.795523522047834,1.7377699540851914,6.5674752855810565,76.33800174010103,0.0,good,synthetic_device_spec_v11
synthetic_customer_005,cabinet_005,2026-09-03 14:00:00+00:00,74.69453512400884,28.882669665006738,1.7413810848469913,6.574759910616382,76.27771868697688,0.0,good,synthetic_device_spec_v11
synthetic_customer_005,cabinet_005,2026-09-03 14:10:00+00:00,74.22279265134263,29.35961055915479,1.7313757104626812,6.585226601120328,75.13466107678724,0.04633030129898603,good,synthetic_device_spec_v11
synthetic_customer_005,cabinet_005,2026-09-03 14:20:00+00:00,74.26705748963323,29.357531527418338,1.725718114573603,6.58217538702036,76.22903527325336,0.030439319626120044,good,synthetic_device_spec_v11
synthetic_customer_005,cabinet_005,2026-09-03 14:30:00+00:00,73.97628862315428,29.59372272527569,1.7151623740331647,6.597548763327611,74.98998750302466,0.0,good,synthetic_device_spec_v11
synthetic_customer_005,cabinet_005,2026-09-03 14:40:00+00:00,73.63429401309733,29.88839609602372,1.7077537749422067,6.604939340350882,75.38216729681868,0.0,good,synthetic_device_spec_v11
synthetic_customer_005,cabinet_005,2026-09-03 14:50:00+00:00,73.57767198802618,30.098415062864216,1.7066815009640552,6.600949096786398,75.47560310673987,0.15575442603361847,good,synthetic_device_spec_v11
synthetic_customer_005,cabinet_005,2026-09-03 15:00:00+00:00,73.32876067355326,30.154651109032244,1.6984028263393058,6.615194300384429,75.03527139310027,0.12178639080060266,good,synthetic_device_spec_v11
synthetic_customer_005,cabinet_005,2026-09-03 15:10:00+00:00,73.06715233963591,30.400780579017994,1.6871842088836506,6.610886132939641,74.04612937719659,0.057990776343137033,good,synthetic_device_spec_v11
synthetic_customer_005,cabinet_005,2026-09-03 15:20:00+00:00,72.67205156167547,30.70494683689587,1.682241380753691,6.615930743725683,74.49274133173247,0.19048420227176305,bad,synthetic_device_spec_v11
synthetic_customer_005,cabinet_005,2026-09-03 15:30:00+00:00,72.08498308422028,30.92723854548014,1.6732625721454875,6.61703732621489,72.95978210909932,0.046703443243032626,bad,synthetic_device_spec_v11
synthetic_customer_005,cabinet_005,2026-09-03 15:40:00+00:00,72.07265066474547,31.20557963661145,1.6691551051872149,6.623915409024573,73.72480383236403,0.03392104138492989,bad,synthetic_device_spec_v11
synthetic_customer_005,cabinet_005,2026-09-03 15:50:00+00:00,71.52397176961038,31.374860972709836,1.6631915794753533,6.630255326486593,71.52549762151149,0.0,good,synthetic_device_spec_v11
synthetic_customer_005,cabinet_005,2026-09-03 16:00:00+00:00,71.66384849585683,31.56109502109294,1.6595982032779528,6.637868355724906,74.2501279441124,0.0,good,synthetic_device_spec_v11
synthetic_customer_005,cabinet_005,2026-09-03 16:10:00+00:00,71.07259839690383,31.747083027992957,1.6369131269484998,6.640422253475078,72.47823060340329,0.0,good,synthetic_device_spec_v11
synthetic_customer_005,cabinet_005,2026-09-03 16:20:00+00:00,70.62437564514688,31.885614426496925,1.6399159699079566,6.6418812554544795,71.8287977127148,0.009432488507843539,good,synthetic_device_spec_v11
synthetic_customer_005,cabinet_005,2026-09-03 16:30:00+00:00,70.35736632536127,31.924090474696975,1.6311683899775786,6.6432565032326805,73.03470654580717,0.0,good,synthetic_device_spec_v11
synthetic_customer_005,cabinet_005,2026-09-03 16:40:00+00:00,70.0843954710098,32.11604831929529,1.62863166353655,6.650478773548578,72.51981463887327,0.0,good,synthetic_device_spec_v11
synthetic_customer_005,cabinet_005,2026-09-03 16:50:00+00:00,69.7346282871282,32.264218540487626,1.6149025619605857,6.65206801859388,71.27390885728627,0.0,good,synthetic_device_spec_v11
synthetic_customer_005,cabinet_005,2026-09-03 17:00:00+00:00,69.7698046738078,32.334868286875626,1.6186670257146119,6.6582876524793155,71.3170049406576,0.1444388620987995,good,synthetic_device_spec_v11
synthetic_customer_005,cabinet_005,2026-09-03 17:10:00+00:00,68.92506376503707,32.57015825153722,1.6070374830505123,6.662271125068547,71.54736585295527,0.11021591282915039,good,synthetic_device_spec_v11
synthetic_customer_005,cabinet_005,2026-09-03 17:20:00+00:00,68.8657607484983,32.64204391963222,1.599007360979176,6.666478133352227,70.84017229218202,0.0,good,synthetic_device_spec_v11
synthetic_customer_005,cabinet_005,2026-09-03 17:30:00+00:00,68.42764424308037,32.70317989818989,1.585916315292035,6.669533519580425,72.18577204741777,0.059098057917991005,good,synthetic_device_spec_v11
synthetic_customer_005,cabinet_005,2026-09-03 17:40:00+00:00,68.0848931492842,32.807104140242636,1.5795925969589188,6.671369570930989,71.85660557687288,0.0,good,synthetic_device_spec_v11
synthetic_customer_005,cabinet_005,2026-09-03 17:50:00+00:00,67.6655553016362,33.06113993602366,1.5768272750047334,6.67548552158871,71.90068806775112,0.058800851739770614,good,synthetic_device_spec_v11
synthetic_customer_005,cabinet_005,2026-09-03 18:00:00+00:00,67.16689104283044,32.963612089196616,1.5613503172626984,6.686632803716723,71.19578499782247,0.11691224794840104,good,synthetic_device_spec_v11
synthetic_customer_005,cabinet_005,2026-09-03 18:10:00+00:00,66.6670234541378,33.03458068194105,1.5513289697398578,6.68169914081157,71.27897198825902,11.928663260637647,good,synthetic_device_spec_v11
synthetic_customer_005,cabinet_005,2026-09-03 18:20:00+00:00,66.44739586527773,33.176429263702175,1.5518974257167495,6.69153372801908,71.00624674032643,11.997379254686651,good,synthetic_device_spec_v11
synthetic_customer_005,cabinet_005,2026-09-03 18:30:00+00:00,66.25638517365621,33.181157260960504,1.542256300410337,6.68633031510894,71.0251194416561,12.07812791913588,good,synthetic_device_spec_v11
synthetic_customer_005,cabinet_005,2026-09-03 18:40:00+00:00,65.63929666015954,33.264098266558506,1.5359472766202702,6.691881953463598,70.15138883630763,0.10076171645714316,good,synthetic_device_spec_v11
synthetic_customer_005,cabinet_005,2026-09-03 18:50:00+00:00,65.68772965521175,33.348316704002166,1.5355467664636098,6.696414475336908,70.5519749014773,0.0,good,synthetic_device_spec_v11
synthetic_customer_005,cabinet_005,2026-09-03 19:00:00+00:00,65.44556521217183,33.30485582753372,1.5217733100111717,6.697345549187579,69.29210429336283,0.13264890255811196,good,synthetic_device_spec_v11
synthetic_customer_005,cabinet_005,2026-09-03 19:10:00+00:00,65.05079265203469,33.413316667895394,1.5235780560084755,6.6975439316618,68.78451435592967,0.0,good,synthetic_device_spec_v11
synthetic_customer_005,cabinet_005,2026-09-03 19:20:00+00:00,64.47165388915987,33.31432527046996,1.5107283974321424,6.703417395528162,69.17492900176731,0.04744105967806551,good,synthetic_device_spec_v11
synthetic_customer_005,cabinet_005,2026-09-03 19:30:00+00:00,64.1679876486063,33.37344894222831,1.5089919323147734,6.697953357860156,68.89284215022897,0.02913279800516566,good,synthetic_device_spec_v11
synthetic_customer_005,cabinet_005,2026-09-03 19:40:00+00:00,63.779342838824135,33.25663963815828,1.501896971967424,6.71297507354331,70.59767379924904,0.0,good,synthetic_device_spec_v11
synthetic_customer_005,cabinet_005,2026-09-03 19:50:00+00:00,63.740713486544195,33.482564091662056,1.4932425773325917,6.710246339319932,68.68417112137554,0.0,good,synthetic_device_spec_v11
synthetic_customer_005,cabinet_005,2026-09-03 20:00:00+00:00,63.462655648574426,33.27397430833244,1.4872705424033699,6.70661351435292,70.87427962042258,0.02419997099223165,good,synthetic_device_spec_v11
synthetic_customer_005,cabinet_005,2026-09-03 20:10:00+00:00,63.435272427314416,33.18216467460943,1.480073965246438,6.712594983395854,70.01624085560009,0.01842692102721632,good,synthetic_device_spec_v11
synthetic_customer_005,cabinet_005,2026-09-03 20:20:00+00:00,62.98887065700479,33.13046847073827,1.4748499417628522,6.714092015644154,69.67011990679273,0.02534247326609736,good,synthetic_device_spec_v11
synthetic_customer_005,cabinet_005,2026-09-03 20:30:00+00:00,62.48199212204183,33.14844184908022,1.465302929797092,6.716999860435793,70.82335187211537,0.0,good,synthetic_device_spec_v11
synthetic_customer_005,cabinet_005,2026-09-03 20:40:00+00:00,62.29784318329149,33.07747859977485,1.4655222338606113,6.715239989854783,72.58911994466543,0.014707402164056705,good,synthetic_device_spec_v11
synthetic_customer_005,cabinet_005,2026-09-03 20:50:00+00:00,62.114402934013754,32.94706666590067,1.4537619693608372,6.719432638679895,71.29507236514326,0.14024370185377333,good,synthetic_device_spec_v11
synthetic_customer_005,cabinet_005,2026-09-03 21:00:00+00:00,61.86240657089438,32.914342133005114,1.4503396083553939,6.722628011118494,70.45595296541201,0.0,good,synthetic_device_spec_v11
synthetic_customer_005,cabinet_005,2026-09-03 21:10:00+00:00,61.80262817232878,32.83739217364751,1.4441834325462184,6.72103560696616,71.45306595728702,0.0,good,synthetic_device_spec_v11
synthetic_customer_005,cabinet_005,2026-09-03 21:20:00+00:00,61.30015946131983,32.80884942432129,1.4484591085205636,6.715596679642823,72.17062300825776,0.030904112022994208,good,synthetic_device_spec_v11
synthetic_customer_005,cabinet_005,2026-09-03 21:30:00+00:00,61.340575404206696,32.634317636123846,1.438091111040035,6.717399709641437,71.85289983946862,0.0,good,synthetic_device_spec_v11
synthetic_customer_005,cabinet_005,2026-09-03 21:40:00+00:00,60.889568050577054,32.46427729712969,1.4378507500453805,6.723159898566421,72.48910089475606,2.5879487281419244,good,synthetic_device_spec_v11
synthetic_customer_005,cabinet_005,2026-09-03 21:50:00+00:00,60.70932225031425,32.32534046328161,1.4286236304492432,6.718571861079604,71.23829191095984,2.541742347868071,good,synthetic_device_spec_v11
synthetic_customer_005,cabinet_005,2026-09-03 22:00:00+00:00,60.797314692450016,32.13721412449016,1.4214628265201834,6.721802981468665,71.91324364173047,2.5162189056629196,good,synthetic_device_spec_v11
synthetic_customer_005,cabinet_005,2026-09-03 22:10:00+00:00,60.43540122597879,31.952837855358794,1.4153263511267866,6.718719180339949,71.92614621714651,2.4426368190376015,good,synthetic_device_spec_v11
synthetic_customer_005,cabinet_005,2026-09-03 22:20:00+00:00,60.50084054417296,31.87182897138782,1.4155975298144556,6.720818267284221,72.79567417573037,2.4350021862402778,good,synthetic_device_spec_v11
synthetic_customer_005,cabinet_005,2026-09-03 22:30:00+00:00,60.370568906878795,31.630355998259432,1.4078507780698168,6.718540962810153,73.68388908734224,2.609487601017753,good,synthetic_device_spec_v11
synthetic_customer_005,cabinet_005,2026-09-03 22:40:00+00:00,60.220599527341015,31.437461338864946,1.4031046501458178,6.723049437108906,74.31384386211339,0.005220118376723073,good,synthetic_device_spec_v11
synthetic_customer_005,cabinet_005,2026-09-03 22:50:00+00:00,59.95288407594467,31.31292062632707,1.3962705782481895,6.722474208274311,73.43238307925051,0.062068418070264024,good,synthetic_device_spec_v11
synthetic_customer_005,cabinet_005,2026-09-03 23:00:00+00:00,59.96738788903118,31.109801667852132,1.3954236982735622,6.719803806801277,73.88639620534259,0.0,good,synthetic_device_spec_v11
synthetic_customer_005,cabinet_005,2026-09-03 23:10:00+00:00,59.98011678525874,30.911380039903396,1.394748701846158,6.717680860999023,75.1313919387037,0.018828885001549105,good,synthetic_device_spec_v11
synthetic_customer_005,cabinet_005,2026-09-03 23:20:00+00:00,59.81269805923372,30.822596367533258,1.3882447425541722,6.72172284769041,71.5345559179672,0.0,good,synthetic_device_spec_v11
synthetic_customer_005,cabinet_005,2026-09-03 23:30:00+00:00,59.91979731278424,30.663411838259336,1.3874482752343085,6.720644029550611,75.39008768524506,0.03878855592299925,good,synthetic_device_spec_v11
synthetic_customer_005,cabinet_005,2026-09-03 23:40:00+00:00,59.933861008680935,30.36577708815557,1.3856095301942988,6.718739295972631,74.0935876321384,0.046964924812880664,good,synthetic_device_spec_v11
synthetic_customer_005,cabinet_005,2026-09-03 23:50:00+00:00,59.84900238738821,30.255456168804653,1.3879836699747035,6.712843209346698,73.49383642571378,0.04561289424730805,good,synthetic_device_spec_v11
synthetic_customer_005,cabinet_005,2026-09-04 00:00:00+00:00,59.815373958987784,29.910732019849124,1.3886520243700367,6.716595365901971,73.7975213811048,0.0,good,synthetic_device_spec_v11
synthetic_customer_005,cabinet_005,2026-09-04 00:10:00+00:00,59.94325423727647,29.698446843726686,1.3850695269105446,6.716559601893326,75.45009587268999,11.957039930930714,good,synthetic_device_spec_v11
synthetic_customer_005,cabinet_005,2026-09-04 00:20:00+00:00,59.8575295068311,29.567989869333594,1.3803514302392257,6.7149509600258686,76.56684292613534,12.082223316143748,good,synthetic_device_spec_v11
synthetic_customer_005,cabinet_005,2026-09-04 01:40:00+00:00,60.81955573476025,27.95194492678291,1.3830552551708344,6.697258145617251,76.9771407005703,0.0,good,synthetic_device_spec_v11
synthetic_customer_005,cabinet_005,2026-09-04 01:50:00+00:00,61.130678165084184,27.79761113067004,1.367455076457511,6.696652365551397,77.41409216913904,0.0,good,synthetic_device_spec_v11
synthetic_customer_005,cabinet_005,2026-09-04 02:00:00+00:00,61.07441010286618,27.492762255462782,1.3683066757631168,6.689896180379764,76.82162481745488,0.0,good,synthetic_device_spec_v11
synthetic_customer_005,cabinet_005,2026-09-04 02:10:00+00:00,61.431829729831854,27.222356157415923,1.3673106179500818,6.683251679501379,78.03105520563577,0.0,good,synthetic_device_spec_v11
synthetic_customer_005,cabinet_005,2026-09-04 02:20:00+00:00,61.422914409340876,26.9569915726367,1.373072770664683,6.6821620792083225,79.44237811582383,0.2230852830565961,good,synthetic_device_spec_v11
synthetic_customer_005,cabinet_005,2026-09-04 02:30:00+00:00,61.75562235541619,26.644668844613122,1.3799878068539455,6.681861964831643,79.02361996106872,0.05342275050695264,good,synthetic_device_spec_v11
synthetic_customer_005,cabinet_005,2026-09-04 02:40:00+00:00,61.913429911121376,26.565466324912894,1.3805575522781206,6.678121686778529,80.36903275165592,0.09760739762667775,good,synthetic_device_spec_v11
synthetic_customer_005,cabinet_005,2026-09-04 02:50:00+00:00,62.32295821076958,26.442522791753586,1.3765128197025895,6.6805484433165345,77.75692041338785,0.007468644879189625,good,synthetic_device_spec_v11
synthetic_customer_005,cabinet_005,2026-09-04 03:00:00+00:00,62.64126725309546,26.167985149436873,1.3779157849037098,6.665028804582769,79.53737607985063,0.0,good,synthetic_device_spec_v11
synthetic_customer_005,cabinet_005,2026-09-04 03:10:00+00:00,62.83835222872265,25.892828074285124,,6.664333513689041,80.97738041020537,0.0,good,synthetic_device_spec_v11
synthetic_customer_005,cabinet_005,2026-09-04 03:20:00+00:00,63.07676266984237,25.763709509204226,1.3735202160067586,6.665671013947652,80.21084805554317,0.03222739924453015,good,synthetic_device_spec_v11
synthetic_customer_005,cabinet_005,2026-09-04 03:30:00+00:00,63.44152372698906,25.585133409824437,1.377616197394629,6.656605008387937,80.12080322189456,0.03044606546895274,good,synthetic_device_spec_v11
synthetic_customer_005,cabinet_005,2026-09-04 03:40:00+00:00,63.562649899062805,25.2906112598653,1.382930781330514,6.662927418924872,79.52185579414281,0.04117647166705164,good,synthetic_device_spec_v11
synthetic_customer_005,cabinet_005,2026-09-04 03:50:00+00:00,63.97095476914505,25.181995993538,1.38077318134952,6.658456201547836,80.21528083132269,0.14355821724935522,good,synthetic_device_spec_v11
synthetic_customer_005,cabinet_005,2026-09-04 04:00:00+00:00,64.37139223661148,25.084859466382916,1.3885597720265666,6.645554154874135,80.5907068265468,0.0,good,synthetic_device_spec_v11
synthetic_customer_005,cabinet_005,2026-09-04 04:10:00+00:00,64.59511674732872,24.790767044487808,1.3844930994343572,6.6438522396239925,81.50191753771398,0.0,good,synthetic_device_spec_v11
synthetic_customer_005,cabinet_005,2026-09-04 04:20:00+00:00,65.0151924167757,24.6496149316313,1.3847417567370583,6.6395455692662635,82.24803684576389,0.09634344665152945,good,synthetic_device_spec_v11
synthetic_customer_005,cabinet_005,2026-09-04 04:30:00+00:00,65.30700272121473,24.621807705353895,1.3952667103199716,6.635104949815423,83.73685644421899,0.015621617479322447,good,synthetic_device_spec_v11
synthetic_customer_005,cabinet_005,2026-09-04 04:40:00+00:00,65.38959735281942,24.46336849237484,1.4001118146954605,6.633141026353394,81.77086180774072,0.09635714230055525,good,synthetic_device_spec_v11
synthetic_customer_005,cabinet_005,2026-09-04 06:10:00+00:00,68.60486983839009,23.505077239942732,1.4306317442982888,6.577174867843719,82.32441482711148,12.061625147594908,good,synthetic_device_spec_v11
synthetic_customer_005,cabinet_005,2026-09-04 06:20:00+00:00,69.10137964940066,23.350032354542826,,6.579914262343297,82.61934002282275,11.926219036266994,good,synthetic_device_spec_v11
synthetic_customer_005,cabinet_005,2026-09-04 06:30:00+00:00,69.4433770024874,23.288248647748407,1.4488930985825943,6.5808261773310495,83.48311901373691,11.986660101358387,good,synthetic_device_spec_v11
synthetic_customer_005,cabinet_005,2026-09-04 06:40:00+00:00,70.02464203784535,23.283270460279684,1.453229289908718,6.571978314114006,84.47466189236526,0.0,good,synthetic_device_spec_v11
synthetic_customer_005,cabinet_005,2026-09-04 06:50:00+00:00,70.1656695904629,23.319567089813674,1.4671250014454575,6.558887203035783,83.52997521788569,0.21676915761227797,good,synthetic_device_spec_v11
synthetic_customer_005,cabinet_005,2026-09-04 07:00:00+00:00,70.30569812953563,23.156962636756617,1.4609008983780751,6.560706532949946,82.58311730861041,0.022148622342862793,good,synthetic_device_spec_v11
synthetic_customer_005,cabinet_005,2026-09-04 07:10:00+00:00,70.68357683262778,23.338535375566398,1.4688004643616905,6.5577840527099065,84.28029763613591,0.0,good,synthetic_device_spec_v11
synthetic_customer_005,cabinet_005,2026-09-04 07:20:00+00:00,70.78310953837364,23.35911216093735,1.4710541935084815,6.551693162035853,82.67709151805975,0.0,good,synthetic_device_spec_v11
synthetic_customer_005,cabinet_005,2026-09-04 07:30:00+00:00,71.57235689931252,23.22636558553563,1.4830004479685104,6.538915692381797,82.51001982332755,0.006169148786431647,good,synthetic_device_spec_v11
synthetic_customer_005,cabinet_005,2026-09-04 07:40:00+00:00,71.80251848146432,23.318457173545138,1.4858430484911023,6.539805833688046,83.95597989444614,0.0,good,synthetic_device_spec_v11
synthetic_customer_005,cabinet_005,2026-09-04 07:50:00+00:00,71.89205408990439,23.413545664462426,1.4857508367345829,6.535491018199778,83.80538732303532,0.07300217390797037,good,synthetic_device_spec_v11
synthetic_customer_005,cabinet_005,2026-09-04 08:00:00+00:00,72.34646937956916,23.28635083590697,1.4911464300672366,6.521716456379978,83.45687360970716,0.008494692640008482,good,synthetic_device_spec_v11
synthetic_customer_005,cabinet_005,2026-09-04 08:10:00+00:00,72.48079513028729,23.357041691134658,1.5026792169733467,6.515239691532879,81.76570660077252,0.0,good,synthetic_device_spec_v11
synthetic_customer_005,cabinet_005,2026-09-04 08:20:00+00:00,72.84465764654557,23.416018333556593,1.5065871861069082,6.518014169887723,81.74870149158872,0.15048628110037854,good,synthetic_device_spec_v11
synthetic_customer_005,cabinet_005,2026-09-04 08:30:00+00:00,73.24698173051225,23.606082218982205,1.518130260845893,6.50567290587865,83.58418998234458,0.016085248564332223,good,synthetic_device_spec_v11
synthetic_customer_005,cabinet_005,2026-09-04 08:40:00+00:00,73.32284469827701,23.449259157313534,1.5197695937493687,6.506007254485254,82.20953832866623,0.017452922372066172,good,synthetic_device_spec_v11
synthetic_customer_005,cabinet_005,2026-09-04 08:50:00+00:00,73.61585291654075,23.602212555795262,1.5270351258436712,6.490696199256982,82.31081380116642,0.04108068925053813,good,synthetic_device_spec_v11
synthetic_customer_005,cabinet_005,2026-09-04 09:00:00+00:00,73.90242201640586,23.650409597332686,1.525905760805591,6.491205007464346,82.7654202369197,0.0,good,synthetic_device_spec_v11
synthetic_customer_005,cabinet_005,2026-09-04 09:10:00+00:00,73.92393878291983,23.820396434628105,1.5472335323125594,6.483766200841037,82.9725663006419,0.0,good,synthetic_device_spec_v11
synthetic_customer_005,cabinet_005,2026-09-04 09:20:00+00:00,74.29584576526413,23.880964823948574,1.5426703751968398,6.481160267624068,81.96727377710876,0.07049977520967879,good,synthetic_device_spec_v11
synthetic_customer_005,cabinet_005,2026-09-04 09:30:00+00:00,74.61434962852151,23.912797538687062,1.5573403124249798,6.472201567376507,83.32678806196449,0.0,good,synthetic_device_spec_v11
synthetic_customer_005,cabinet_005,2026-09-04 09:40:00+00:00,74.62860463240773,24.196672435436287,1.5665631075603759,6.47353063561705,82.59000467558371,0.0,good,synthetic_device_spec_v11
synthetic_customer_005,cabinet_005,2026-09-04 09:50:00+00:00,74.91191024290333,24.35373329153049,1.571453695790087,6.464342266976813,81.29283272301281,0.0,good,synthetic_device_spec_v11
synthetic_customer_005,cabinet_005,2026-09-04 10:00:00+00:00,75.00350853606426,24.561822581102685,1.578202289549924,6.452409497805605,81.0033760985051,0.0,good,synthetic_device_spec_v11
synthetic_customer_005,cabinet_005,2026-09-04 10:10:00+00:00,74.8709321210325,24.480251874681567,1.5896851937436265,6.454251517962242,80.67384930437635,0.14623206884332937,good,synthetic_device_spec_v11
synthetic_customer_005,cabinet_005,2026-09-04 10:20:00+00:00,75.36922031312886,24.79505616801867,1.5897244746056796,6.438805845092191,82.14363898322145,0.0,good,synthetic_device_spec_v11
synthetic_customer_005,cabinet_005,2026-09-04 10:30:00+00:00,75.29389464577999,24.977206842584447,1.5885716670010377,6.4365794183580824,82.40936077117897,0.041187262620290294,good,synthetic_device_spec_v11
synthetic_customer_005,cabinet_005,2026-09-04 10:40:00+00:00,75.42240033396988,25.137981861982993,1.6005251306829096,6.428755898695906,81.86980469564215,0.0,good,synthetic_device_spec_v11
synthetic_customer_005,cabinet_005,2026-09-04 10:50:00+00:00,75.34169733884647,25.345064170448634,1.6072028968599814,6.42222233532911,79.86111857107043,0.0,good,synthetic_device_spec_v11
synthetic_customer_005,cabinet_005,2026-09-04 11:00:00+00:00,75.60494857362852,25.4482767062679,1.6130199767988123,6.417430158307133,79.0451212624928,0.0,good,synthetic_device_spec_v11
synthetic_customer_005,cabinet_005,2026-09-04 11:10:00+00:00,75.5997211655809,25.65918977461797,1.6222298171772247,6.410991074584588,78.68687752936943,0.0,good,synthetic_device_spec_v11
synthetic_customer_005,cabinet_005,2026-09-04 11:20:00+00:00,75.87559619493808,25.829685465303395,1.638773426896669,6.406595781180161,78.5434900914766,0.0,good,synthetic_device_spec_v11
synthetic_customer_005,cabinet_005,2026-09-04 11:30:00+00:00,75.5890441839025,26.051291903788577,1.6364315717040352,6.3984928904137295,79.16035201195125,0.08932546821449953,good,synthetic_device_spec_v11
synthetic_customer_005,cabinet_005,2026-09-04 11:40:00+00:00,75.60479173839047,26.18284503683508,1.6488609274783905,6.3983455311726,79.45771305723883,0.06686286353167537,good,synthetic_device_spec_v11
synthetic_customer_005,cabinet_005,2026-09-04 11:50:00+00:00,75.83183286688578,26.311253657332106,1.6564333624976686,6.391984948089877,79.09462024820672,0.12619808250585524,good,synthetic_device_spec_v11
synthetic_customer_005,cabinet_005,2026-09-04 12:00:00+00:00,75.63751384308813,26.53158522011952,1.6624035553915255,6.374477553458078,79.25081412281297,0.0,good,synthetic_device_spec_v11
synthetic_customer_005,cabinet_005,2026-09-04 12:10:00+00:00,75.82319937001076,26.78833999490059,1.6691038460996368,6.376736602092517,78.00276147306192,11.936485387700774,good,synthetic_device_spec_v11
synthetic_customer_005,cabinet_005,2026-09-04 12:20:00+00:00,75.6369819774299,27.01169277593895,1.6704327313822485,6.367032305995117,79.07567599497378,12.023248753956102,good,synthetic_device_spec_v11
synthetic_customer_005,cabinet_005,2026-09-04 12:30:00+00:00,75.55988090691227,27.181845227256577,1.6892740948370721,6.364416714338222,78.20485332360465,12.07251781535699,good,synthetic_device_spec_v11
synthetic_customer_005,cabinet_005,2026-09-04 12:40:00+00:00,75.40759257760159,27.406316683690378,1.6841298153644977,6.356090008367836,79.48377676755243,0.02112812131734038,good,synthetic_device_spec_v11
synthetic_customer_005,cabinet_005,2026-09-04 12:50:00+00:00,75.27826304950864,27.7126009768239,1.6947567840764384,6.36149640503673,77.29365520191688,0.12143297542748402,good,synthetic_device_spec_v11
synthetic_customer_005,cabinet_005,2026-09-04 13:00:00+00:00,75.115516784523,27.789713181571447,1.7037782034122246,6.347242155609403,81.53847910542189,0.0,good,synthetic_device_spec_v11
synthetic_customer_005,cabinet_005,2026-09-04 13:10:00+00:00,75.08354344682641,28.041486305262183,1.7098774601871096,6.3388150963198475,76.96816873886566,0.0,good,synthetic_device_spec_v11
synthetic_customer_005,cabinet_005,2026-09-04 13:20:00+00:00,74.90728656625427,28.500015414484942,1.7108894580550826,6.330552899106001,76.125301034417,0.048817896388115165,good,synthetic_device_spec_v11
synthetic_customer_005,cabinet_005,2026-09-04 13:30:00+00:00,74.814506064711,28.36530958429669,1.7201595196006578,6.333796069114214,76.64951106903794,0.0,good,synthetic_device_spec_v11
synthetic_customer_005,cabinet_005,2026-09-04 13:40:00+00:00,74.53050477910998,28.869417863266147,1.722999797934795,6.325719432856595,75.71697815221692,0.08120541601230265,good,synthetic_device_spec_v11
synthetic_customer_005,cabinet_005,2026-09-04 13:50:00+00:00,74.47109402671883,29.057587892359845,1.731573105797228,6.3199164503764464,75.23359702959503,0.05475656572281917,good,synthetic_device_spec_v11
synthetic_customer_005,cabinet_005,2026-09-04 14:00:00+00:00,74.36406767859053,29.109282209046196,1.7397575870528896,6.323376777094743,76.3998059734539,0.10889848601099267,good,synthetic_device_spec_v11
synthetic_customer_005,cabinet_005,2026-09-04 14:10:00+00:00,74.18304225946723,29.38412670698789,1.7414368052254352,6.3131577622015165,76.44760931031357,0.040632631357486584,good,synthetic_device_spec_v11
synthetic_customer_005,cabinet_005,2026-09-04 14:20:00+00:00,73.87280733100404,29.716144513224723,1.7458750238226062,6.303542085749068,76.58324922258164,0.0,good,synthetic_device_spec_v11
synthetic_customer_005,cabinet_005,2026-09-04 14:30:00+00:00,73.72158270305025,29.64356687063032,1.7607805560143572,6.298242454160734,74.84049171636657,0.01781764049122771,good,synthetic_device_spec_v11
synthetic_customer_005,cabinet_005,2026-09-04 14:40:00+00:00,73.42003283504705,30.023311151168294,1.7543994164919936,6.289348958799917,76.7596114885987,0.0,good,synthetic_device_spec_v11
synthetic_customer_005,cabinet_005,2026-09-04 14:50:00+00:00,73.229172014919,30.213521939189604,1.7698777351876929,6.285564853446469,74.11024592524821,0.038562506059490895,good,synthetic_device_spec_v11
synthetic_customer_005,cabinet_005,2026-09-04 15:00:00+00:00,72.95416806909967,30.343353408003093,1.7739154233335444,6.28275230772392,72.98039408516486,0.0,good,synthetic_device_spec_v11
synthetic_customer_005,cabinet_005,2026-09-04 15:10:00+00:00,72.67048578943347,30.781930675165672,1.7756697278771691,6.27729998865201,72.70793995928939,0.10483678850845583,good,synthetic_device_spec_v11
synthetic_customer_005,cabinet_005,2026-09-04 15:20:00+00:00,72.25206423188308,30.82083836661358,1.7802574671307045,6.279680714838209,69.87532535329885,0.08583883248850996,good,synthetic_device_spec_v11
synthetic_customer_005,cabinet_005,2026-09-04 15:30:00+00:00,72.08624334851142,31.08482840819015,1.7935479968029133,6.272781929080953,73.21331217992795,0.0,good,synthetic_device_spec_v11
synthetic_customer_005,cabinet_005,2026-09-04 15:40:00+00:00,72.0776025831297,31.097189535915405,1.7859769269234993,6.261681659257928,73.52252669055899,0.14147886621855368,good,synthetic_device_spec_v11
synthetic_customer_005,cabinet_005,2026-09-04 15:50:00+00:00,71.71052674437483,31.575533375266602,1.7964418179212058,6.251037823500745,73.06798078270604,0.0,good,synthetic_device_spec_v11
synthetic_customer_005,cabinet_005,2026-09-04 16:00:00+00:00,71.13871832031957,31.447185419623047,1.7998687594060918,6.249264271206039,73.86967833719939,0.0,good,synthetic_device_spec_v11
synthetic_customer_005,cabinet_005,2026-09-04 16:10:00+00:00,70.98112288042626,31.623344934040247,1.8077407915933454,6.246893263107982,72.83889993138155,0.019127926609094296,good,synthetic_device_spec_v11
synthetic_customer_005,cabinet_005,2026-09-04 16:20:00+00:00,70.62642795667497,31.810020942514555,1.8094167025997645,6.247029755603752,72.0496366709336,0.009220129892536585,good,synthetic_device_spec_v11
synthetic_customer_005,cabinet_005,2026-09-04 16:30:00+00:00,70.09668684010718,32.026139342838356,1.8064873048644023,6.2417479571504,72.6757085138566,0.0,good,synthetic_device_spec_v11
synthetic_customer_005,cabinet_005,2026-09-04 16:40:00+00:00,69.83067477528489,32.16284846406897,1.8141957024946593,6.227198027762326,71.66422388458751,0.0,good,synthetic_device_spec_v11
synthetic_customer_005,cabinet_005,2026-09-04 16:50:00+00:00,69.53406989572471,32.389518489445464,1.8181492310928946,6.234435381368791,73.06840483607438,0.061138709202098504,good,synthetic_device_spec_v11
synthetic_customer_005,cabinet_005,2026-09-04 17:00:00+00:00,69.38344019070294,32.48340102474494,1.8319890990869772,6.221786765812967,73.89511321316579,0.03699636397191434,good,synthetic_device_spec_v11
synthetic_customer_005,cabinet_005,2026-09-04 17:10:00+00:00,68.82448549469355,32.598126839689115,1.8252301980471795,6.221611725126412,71.63924483278595,0.03684814752696336,good,synthetic_device_spec_v11
synthetic_customer_005,cabinet_005,2026-09-04 17:20:00+00:00,68.49249661414565,32.74294057128454,1.8260318975627319,6.221541686118213,69.60395388179752,0.0,good,synthetic_device_spec_v11
synthetic_customer_005,cabinet_005,2026-09-04 17:30:00+00:00,68.18789105622533,32.769519837677244,1.8285232162904173,6.212294397015549,71.27315684159011,0.0,good,synthetic_device_spec_v11
synthetic_customer_005,cabinet_005,2026-09-04 17:40:00+00:00,67.66323821893529,32.97631081829182,1.8267815652486352,6.209113317113145,71.36791096909153,0.0,good,synthetic_device_spec_v11
synthetic_customer_005,cabinet_005,2026-09-04 17:50:00+00:00,67.32726137641315,33.03304704679449,1.8411925643975422,6.206397030086195,70.46941861373699,0.0,good,synthetic_device_spec_v11
synthetic_customer_005,cabinet_005,2026-09-04 18:00:00+00:00,67.14395665885901,33.17873370916758,1.8463467852819844,6.195838472556394,70.1726361594055,0.0400258241014506,good,synthetic_device_spec_v11
synthetic_customer_005,cabinet_005,2026-09-04 18:10:00+00:00,66.67980124973772,33.0777809112191,1.8411292684233083,6.1976231897544105,71.25385209781761,12.039809815902553,good,synthetic_device_spec_v11
synthetic_customer_005,cabinet_005,2026-09-04 18:20:00+00:00,66.29031100594432,33.21549135353549,1.8363606591490038,6.202504846638791,70.01215763680668,11.940412885790066,good,synthetic_device_spec_v11
synthetic_customer_005,cabinet_005,2026-09-04 18:30:00+00:00,66.00140786857179,33.2498928359097,1.8498949776814457,6.192727263594436,70.6905320746136,12.003706473088586,good,synthetic_device_spec_v11
synthetic_customer_005,cabinet_005,2026-09-04 18:40:00+00:00,65.61488544932897,33.43632738336082,1.8474161929391821,6.191525177673148,70.60811731583965,0.0,good,synthetic_device_spec_v11
synthetic_customer_005,cabinet_005,2026-09-04 18:50:00+00:00,65.52210804145604,33.25946597380177,1.8442730220849706,6.189532324997273,69.80150200347377,0.0,good,synthetic_device_spec_v11
synthetic_customer_005,cabinet_005,2026-09-04 19:00:00+00:00,65.02376775798288,33.19732422875122,1.8536219342634424,6.186208309864289,71.47062853360553,0.0,good,synthetic_device_spec_v11
synthetic_customer_005,cabinet_005,2026-09-04 19:10:00+00:00,64.6921923578683,33.51198399057238,1.8518697257252636,6.184701921810199,70.72641697882696,0.05272399714938396,good,synthetic_device_spec_v11
synthetic_customer_005,cabinet_005,2026-09-04 19:20:00+00:00,64.33081476475492,33.36382335102261,1.8471959321732871,6.183861375715341,70.2850197412278,0.0,good,synthetic_device_spec_v11
synthetic_customer_005,cabinet_005,2026-09-04 19:30:00+00:00,64.0037169658837,33.51157646458339,1.8487101838132696,6.181395944737499,68.40531619949579,0.16518839919795675,good,synthetic_device_spec_v11
synthetic_customer_005,cabinet_005,2026-09-04 19:40:00+00:00,64.13430871824842,33.34587076825102,1.851386178585079,6.180706188833097,70.89912288246005,0.0,good,synthetic_device_spec_v11
synthetic_customer_005,cabinet_005,2026-09-04 19:50:00+00:00,63.52489573848444,33.482148540063875,1.847127402938905,6.1763769757538585,69.60899763912191,0.0,good,synthetic_device_spec_v11
synthetic_customer_005,cabinet_005,2026-09-04 20:00:00+00:00,63.098811085499285,33.28998980081265,1.8503573854321393,6.1770830714102924,69.91054445946811,0.09798524601059498,good,synthetic_device_spec_v11
synthetic_customer_005,cabinet_005,2026-09-04 20:10:00+00:00,62.84411914337961,33.314315330154976,1.847851585406627,6.172040882458619,69.80616428659926,0.0,good,synthetic_device_spec_v11
synthetic_customer_005,cabinet_005,2026-09-04 20:20:00+00:00,62.74840040032557,33.38002372660848,1.8554356641937009,6.171815933169373,71.64335402548771,0.05103663290811767,good,synthetic_device_spec_v11
synthetic_customer_005,cabinet_005,2026-09-04 20:30:00+00:00,62.38747574018234,33.30662104436774,1.8510933489412704,6.170643586023142,68.16203689686431,0.08049171643256747,good,synthetic_device_spec_v11
synthetic_customer_005,cabinet_005,2026-09-04 20:40:00+00:00,62.081550787662145,33.07299824788723,1.8523421745721014,6.160971647958789,71.11859212521922,0.0,good,synthetic_device_spec_v11
synthetic_customer_005,cabinet_005,2026-09-04 20:50:00+00:00,62.1098819413078,32.982172379133296,1.8483261678636005,6.163164388290383,69.48998077548794,0.04750796002071569,good,synthetic_device_spec_v11
synthetic_customer_005,cabinet_005,2026-09-04 21:00:00+00:00,61.69740557368224,33.03522000959022,1.8464531252372325,6.170755256693589,72.24027177584621,0.010604523804610362,good,synthetic_device_spec_v11
synthetic_customer_005,cabinet_005,2026-09-04 21:10:00+00:00,61.37498814587442,32.6437302933207,1.8471593942534157,6.162063362547097,72.75804369341465,0.028109159526466112,good,synthetic_device_spec_v11
synthetic_customer_005,cabinet_005,2026-09-04 21:20:00+00:00,61.281494830241705,32.586123057623894,1.8406997578738058,6.159568095997995,70.56597673701522,0.12747911357177918,good,synthetic_device_spec_v11
synthetic_customer_005,cabinet_005,2026-09-04 21:30:00+00:00,61.139074476214084,32.58873353205369,1.847464778618265,6.162693370811504,73.01993331659142,0.17733821582979545,good,synthetic_device_spec_v11
synthetic_customer_005,cabinet_005,2026-09-04 21:40:00+00:00,61.03211539272111,32.598797959163136,1.8458851085088748,6.163472542608024,71.55697208536084,0.0,good,synthetic_device_spec_v11
synthetic_customer_005,cabinet_005,2026-09-04 21:50:00+00:00,60.73979739574091,32.513743811045636,1.842190351893169,6.160057034270135,71.96399106149481,0.0,good,synthetic_device_spec_v11
synthetic_customer_005,cabinet_005,2026-09-04 22:00:00+00:00,60.678838691703575,32.32064125289643,1.837829748322692,6.167214577412253,71.01802992846953,0.0,good,synthetic_device_spec_v11
synthetic_customer_005,cabinet_005,2026-09-04 22:10:00+00:00,60.47689013748564,31.829384166580205,1.833204905934558,6.159628923937163,70.85227413445224,0.0,good,synthetic_device_spec_v11
synthetic_customer_005,cabinet_005,2026-09-04 22:20:00+00:00,60.307388874518224,31.91470215964268,1.8332958480553256,6.160580096414415,71.99249921278503,0.0,good,synthetic_device_spec_v11
synthetic_customer_005,cabinet_005,2026-09-04 22:30:00+00:00,60.39289286039771,31.68828614329983,1.838813170512662,6.16627267084465,70.87228193030407,0.0,good,synthetic_device_spec_v11
synthetic_customer_005,cabinet_005,2026-09-04 22:40:00+00:00,60.11938562420347,31.49687742184298,1.822722647777979,6.161445671903962,72.16098489036304,0.0,good,synthetic_device_spec_v11
synthetic_customer_005,cabinet_005,2026-09-04 22:50:00+00:00,59.87205315530431,31.43052392413447,1.8285577278882534,6.1642387200058115,73.32507287563244,0.09870147029043745,good,synthetic_device_spec_v11
synthetic_customer_005,cabinet_005,2026-09-04 23:00:00+00:00,59.85560881239492,31.187414035569923,1.827730249245286,6.158067914405418,74.58114700774212,0.048205982301990885,good,synthetic_device_spec_v11
synthetic_customer_005,cabinet_005,2026-09-04 23:10:00+00:00,59.7270715637217,31.019033573571228,1.8190177256891125,6.158556684870172,74.09388635888351,0.0,good,synthetic_device_spec_v11
synthetic_customer_005,cabinet_005,2026-09-04 23:20:00+00:00,59.796451113150454,30.916965285357108,1.8060538499148795,6.157030786448826,72.23455143718486,0.0062237302420103235,good,synthetic_device_spec_v11
synthetic_customer_005,cabinet_005,2026-09-04 23:30:00+00:00,59.838629674685095,30.76132359597183,1.808210902185465,6.162424124149792,73.79554827532766,0.0311927425597659,good,synthetic_device_spec_v11
synthetic_customer_005,cabinet_005,2026-09-04 23:40:00+00:00,59.59919069467023,30.489946930936366,1.8039237706823505,6.167548871193955,72.66946693070918,0.0,good,synthetic_device_spec_v11
synthetic_customer_005,cabinet_005,2026-09-04 23:50:00+00:00,59.71091168403848,30.35362771726174,1.7971265377042644,6.158361685611045,71.36034327059664,0.0,good,synthetic_device_spec_v11
synthetic_customer_005,cabinet_005,2026-09-05 00:00:00+00:00,60.15385656194222,30.12415904654332,1.801165031291398,6.165478638474257,75.11553293987653,0.06748584020866694,good,synthetic_device_spec_v11
synthetic_customer_005,cabinet_005,2026-09-05 00:10:00+00:00,59.79462247625248,29.830386013094664,1.790516195289575,6.170421219787634,75.265035140485,9.372393818982534,good,synthetic_device_spec_v11
synthetic_customer_005,cabinet_005,2026-09-05 00:20:00+00:00,60.04301712762933,29.524642792324975,1.7951427209469657,6.163596760009303,74.55706909306483,9.11201024815562,good,synthetic_device_spec_v11
synthetic_customer_005,cabinet_005,2026-09-05 00:30:00+00:00,60.04460006032465,29.423479086232568,1.7860079587893407,6.1724974456627155,74.59977273319217,8.815535758539733,good,synthetic_device_spec_v11
synthetic_customer_005,cabinet_005,2026-09-05 00:40:00+00:00,59.996718494221305,29.073536023909938,1.7700078101424586,6.16811968573539,75.34662188227962,0.1448658342661626,good,synthetic_device_spec_v11
synthetic_customer_005,cabinet_005,2026-09-05 00:50:00+00:00,60.30281610692861,28.92772573494148,1.7695959630870874,6.177587396729139,76.7646000920034,0.0,good,synthetic_device_spec_v11
synthetic_customer_005,cabinet_005,2026-09-05 01:00:00+00:00,60.21252590073379,28.664150788732933,1.7556312751933234,6.173463000094703,77.02227945392285,0.07684265860300987,good,synthetic_device_spec_v11
synthetic_customer_005,cabinet_005,2026-09-05 01:10:00+00:00,60.3735171352762,28.370620890163547,,6.179588050167829,76.77919462660822,0.0,good,synthetic_device_spec_v11
synthetic_customer_005,cabinet_005,2026-09-05 01:20:00+00:00,60.51462192499537,28.132263207448926,1.756555319232582,6.180888440263936,75.87996155301782,0.0,good,synthetic_device_spec_v11
synthetic_customer_005,cabinet_005,2026-09-05 01:30:00+00:00,60.69570279047546,27.974008634195542,1.7550152415889098,6.178989951527765,78.52370534799536,0.05110554036307081,good,synthetic_device_spec_v11
synthetic_customer_005,cabinet_005,2026-09-05 01:40:00+00:00,60.8108467175743,27.76548816050283,1.7414858492518872,6.186472938014324,79.73526303790531,0.0,good,synthetic_device_spec_v11
synthetic_customer_005,cabinet_005,2026-09-05 01:50:00+00:00,60.9108450617472,27.62443595628216,1.7394038356097714,6.186398616866656,79.16905915232232,0.0026629940525201242,good,synthetic_device_spec_v11
synthetic_customer_005,cabinet_005,2026-09-05 02:00:00+00:00,61.212349166506016,27.237090646246006,1.7305870284565805,6.1908951248652775,78.1099452866892,0.08199212965656562,good,synthetic_device_spec_v11
synthetic_customer_005,cabinet_005,2026-09-05 02:10:00+00:00,61.41436009016269,27.14612611612264,1.724548667125328,6.197176324959334,78.20564140983414,0.05424229241157204,good,synthetic_device_spec_v11
synthetic_customer_005,cabinet_005,2026-09-05 02:20:00+00:00,61.705662875775324,26.721122464362015,1.715711950645914,6.198531613318021,79.57958863444816,0.004246716233821677,good,synthetic_device_spec_v11
synthetic_customer_005,cabinet_005,2026-09-05 02:30:00+00:00,61.842450758321725,26.818307045285206,1.7169886561692953,6.203493445145253,77.95186910542445,0.04750425974852279,good,synthetic_device_spec_v11
synthetic_customer_005,cabinet_005,2026-09-05 02:40:00+00:00,61.96045786127821,26.480833081448793,1.7112394757424865,6.210518933550949,79.96010109096726,0.0,good,synthetic_device_spec_v11
synthetic_customer_005,cabinet_005,2026-09-05 02:50:00+00:00,62.231725985877226,26.172355671791248,1.6984322978652697,6.205747243697207,78.35738139970032,0.0,good,synthetic_device_spec_v11
synthetic_customer_005,cabinet_005,2026-09-05 03:00:00+00:00,62.57413812245483,26.15449618726774,1.6920041585984456,6.209339565993459,80.15665054335648,0.01407848722864,good,synthetic_device_spec_v11
synthetic_customer_005,cabinet_005,2026-09-05 03:10:00+00:00,62.886840342523165,25.891290213280072,1.6794967192557955,6.2116372816618055,82.58108194758609,2.4610053848017226,good,synthetic_device_spec_v11
synthetic_customer_005,cabinet_005,2026-09-05 03:20:00+00:00,63.17656682381546,25.64810128567327,1.672702151556692,6.217174372397887,80.11430086627243,2.4194880833681998,good,synthetic_device_spec_v11
synthetic_customer_005,cabinet_005,2026-09-05 03:30:00+00:00,63.35642174127861,25.457185130783888,1.6772604031721698,6.216224569627187,80.84172535655483,2.4841964363867426,good,synthetic_device_spec_v11
synthetic_customer_005,cabinet_005,2026-09-05 03:40:00+00:00,63.63292428403466,25.318590786952228,1.6624917103376422,6.230682500383125,81.91199135689274,2.4355019771247504,good,synthetic_device_spec_v11
synthetic_customer_005,cabinet_005,2026-09-05 03:50:00+00:00,63.90383997218315,25.202603184621182,1.6625879493461568,6.229999033404624,80.58877430097881,0.0,good,synthetic_device_spec_v11
synthetic_customer_005,cabinet_005,2026-09-05 04:00:00+00:00,64.29261080772376,24.970824534338877,1.6567146820802634,6.234485882515936,82.29880790854293,0.1326233094126445,good,synthetic_device_spec_v11
synthetic_customer_005,cabinet_005,2026-09-05 04:10:00+00:00,64.44122872058604,24.73318061855169,1.6430975375194827,6.239835741774382,82.07577864100179,0.11275091830320376,good,synthetic_device_spec_v11
synthetic_customer_005,cabinet_005,2026-09-05 04:20:00+00:00,64.84180578829873,24.646746343265505,1.6395731202371857,6.242438190262301,82.29565335442398,0.0,good,synthetic_device_spec_v11
synthetic_customer_005,cabinet_005,2026-09-05 04:30:00+00:00,65.26343924239472,24.385226814665295,1.6338286986784685,6.241245440972282,82.37145011068554,0.0,good,synthetic_device_spec_v11
synthetic_customer_005,cabinet_005,2026-09-05 04:40:00+00:00,65.29396406862453,24.201917471843622,1.6235539129120913,6.255810937801105,82.31012899858703,0.11501342697327943,good,synthetic_device_spec_v11
synthetic_customer_005,cabinet_005,2026-09-05 04:50:00+00:00,65.96213355256,24.077669646811415,1.6197502961368249,6.261782281985497,81.7135173442149,0.1259382566079538,good,synthetic_device_spec_v11
synthetic_customer_005,cabinet_005,2026-09-05 05:00:00+00:00,66.26287180927632,24.149762087225874,1.6122962983039046,6.258283755337248,84.04067174108496,0.006656757990977443,bad,synthetic_device_spec_v11
synthetic_customer_005,cabinet_005,2026-09-05 05:10:00+00:00,66.62011462913907,23.987482213838344,1.6100820095876816,6.26718997333361,81.91292444544546,0.2019177869735776,bad,synthetic_device_spec_v11
synthetic_customer_005,cabinet_005,2026-09-05 05:20:00+00:00,66.9375800137701,23.82574074351104,1.6034879594858222,6.2711036689058375,81.82957703307154,0.0,bad,synthetic_device_spec_v11
synthetic_customer_005,cabinet_005,2026-09-05 05:30:00+00:00,67.32471787950001,23.51654213160992,1.5872518052288191,6.275300680790975,84.94922745028566,0.0,bad,synthetic_device_spec_v11
synthetic_customer_005,cabinet_005,2026-09-05 05:40:00+00:00,67.36354397323794,23.503677125985156,1.5844133457235756,6.278177648124193,82.33611787549285,0.0,bad,synthetic_device_spec_v11
synthetic_customer_005,cabinet_005,2026-09-05 05:50:00+00:00,67.9063923012224,23.432621447886188,1.5791552786981693,6.289181717916646,84.89001497434568,0.0,bad,synthetic_device_spec_v11
synthetic_customer_005,cabinet_005,2026-09-05 06:00:00+00:00,68.22952340387037,23.483719485124208,1.5733485499865036,6.28527001592226,82.82606987175167,0.0,bad,synthetic_device_spec_v11
synthetic_customer_005,cabinet_005,2026-09-05 06:10:00+00:00,68.55470462288854,23.586056962560676,1.5671266298219726,6.286450707335932,83.19715895693773,11.98930062745828,bad,synthetic_device_spec_v11
synthetic_customer_005,cabinet_005,2026-09-05 06:20:00+00:00,68.76540609498754,23.302156269333313,1.5560670181253344,6.294957345835335,83.80880162530129,12.017340385960932,good,synthetic_device_spec_v11
synthetic_customer_005,cabinet_005,2026-09-05 06:30:00+00:00,69.20142609301382,23.379567898979637,1.5520766108255517,6.300772397716433,84.29960703289572,11.949857057776036,good,synthetic_device_spec_v11
synthetic_customer_005,cabinet_005,2026-09-05 06:40:00+00:00,69.46260572274988,23.260785984479757,1.5396915174983847,6.310289288172014,82.48208419625465,0.0,good,synthetic_device_spec_v11
synthetic_customer_005,cabinet_005,2026-09-05 06:50:00+00:00,70.0290222113976,23.256444873801467,1.5368173985556035,6.313526900298941,82.4179223673675,0.029024197957844642,good,synthetic_device_spec_v11
synthetic_customer_005,cabinet_005,2026-09-05 07:00:00+00:00,70.42273934777634,23.113986736655193,1.5342025712870444,6.311771073360709,84.95920870889384,0.0,good,synthetic_device_spec_v11
synthetic_customer_005,cabinet_005,2026-09-05 07:10:00+00:00,70.5843770288054,23.195172560423,1.5212804229515406,6.322869604341462,85.67582408980651,0.0,good,synthetic_device_spec_v11
synthetic_customer_005,cabinet_005,2026-09-05 07:20:00+00:00,70.96985569977167,23.156689441782518,1.525199332866985,6.330287527506873,84.38382888225135,0.015790822424012713,good,synthetic_device_spec_v11
synthetic_customer_005,cabinet_005,2026-09-05 07:30:00+00:00,71.55257390328664,23.048070488752643,1.5040293413308425,6.3368864796877595,83.12645783675747,0.0,good,synthetic_device_spec_v11
synthetic_customer_005,cabinet_005,2026-09-05 07:40:00+00:00,71.84887251923145,22.97334943179293,1.5045378684477249,6.341965927378348,84.58232235224297,0.0675161181680698,good,synthetic_device_spec_v11
synthetic_customer_005,cabinet_005,2026-09-05 07:50:00+00:00,71.98537208467867,23.049747313043262,1.5038071209143056,6.3526325903714325,85.46649640813115,0.0,good,synthetic_device_spec_v11
synthetic_customer_005,cabinet_005,2026-09-05 08:00:00+00:00,72.1656191309665,23.17146975454602,1.4875985947260615,6.355520935991234,83.6542699610124,0.0,good,synthetic_device_spec_v11
synthetic_customer_005,cabinet_005,2026-09-05 08:10:00+00:00,72.42895054501625,23.226381283004155,1.4875928994981398,6.366929435009096,83.37120935184616,0.006300657758878153,good,synthetic_device_spec_v11
synthetic_customer_005,cabinet_005,2026-09-05 08:20:00+00:00,72.81390311521209,23.298654634351248,1.4846226506005826,6.369043701028586,84.17093126405473,0.0,good,synthetic_device_spec_v11
synthetic_customer_005,cabinet_005,2026-09-05 08:30:00+00:00,73.11998320591266,23.376783057758026,1.473548318796696,6.371007062485637,82.42356092387969,0.06934663138978539,good,synthetic_device_spec_v11
synthetic_customer_005,cabinet_005,2026-09-05 08:40:00+00:00,73.29309693133602,23.44382944502252,1.466126124648978,6.375470134715903,82.73631763964623,0.0,good,synthetic_device_spec_v11
synthetic_customer_005,cabinet_005,2026-09-05 08:50:00+00:00,73.78192540871274,23.302546983235665,1.4564920601347866,6.386131657389512,84.42969759035033,0.04743216982426813,good,synthetic_device_spec_v11
synthetic_customer_005,cabinet_005,2026-09-05 09:00:00+00:00,73.88961866300829,23.543542495156274,1.457508254990751,6.386362700770841,84.63184760595529,0.18605868316637877,good,synthetic_device_spec_v11
synthetic_customer_005,cabinet_005,2026-09-05 09:10:00+00:00,73.95397366327627,23.770042303550735,1.4580998531245575,6.3964879646181245,82.08748645221402,0.0,good,synthetic_device_spec_v11
synthetic_customer_005,cabinet_005,2026-09-05 09:20:00+00:00,74.24411745834362,23.65110290711407,1.4586315217867813,6.4074145110289615,81.18305701874024,0.0,good,synthetic_device_spec_v11
synthetic_customer_005,cabinet_005,2026-09-05 09:30:00+00:00,74.41609536715382,23.988557154255368,1.4518345602741596,6.415750354604673,83.37774081344745,0.10388241763135705,good,synthetic_device_spec_v11
synthetic_customer_005,cabinet_005,2026-09-05 09:40:00+00:00,74.60515452425221,23.97137000777251,1.4429607353747662,6.415002612419831,82.75179146843283,0.0,good,synthetic_device_spec_v11
synthetic_customer_005,cabinet_005,2026-09-05 09:50:00+00:00,74.86803973299746,24.148084658293108,1.4409852258193956,6.419803564054562,81.65984203193301,0.07097241379729029,good,synthetic_device_spec_v11
synthetic_customer_005,cabinet_005,2026-09-05 10:00:00+00:00,74.80832470882312,24.272263818337464,1.4339112843349275,6.433975577853894,82.38077736768192,0.0404028834506037,good,synthetic_device_spec_v11
synthetic_customer_005,cabinet_005,2026-09-05 10:10:00+00:00,74.99819586623903,24.477608563927305,1.4294589294958726,6.441341429890727,81.03239973374615,0.019899719157036446,good,synthetic_device_spec_v11
synthetic_customer_005,cabinet_005,2026-09-05 10:20:00+00:00,75.11725961085207,24.735082991873302,1.4207540377785657,6.441998916958529,81.54551984715867,0.03396499078660146,good,synthetic_device_spec_v11
synthetic_customer_005,cabinet_005,2026-09-05 10:30:00+00:00,75.34308832788773,24.69509734815544,1.4254186137055629,6.435636706700714,83.60384628374062,0.09183367910373226,good,synthetic_device_spec_v11
synthetic_customer_005,cabinet_005,2026-09-05 10:40:00+00:00,75.54370009195544,24.94557930567356,1.4195057752961788,6.450974301865685,80.57291094407874,0.0,good,synthetic_device_spec_v11
synthetic_customer_005,cabinet_005,2026-09-05 10:50:00+00:00,75.5822658305007,24.888533199550064,1.4047462851874406,6.460265142535978,83.25105052043357,0.16610085969072141,good,synthetic_device_spec_v11
synthetic_customer_005,cabinet_005,2026-09-05 11:00:00+00:00,75.61599860537855,25.346877019040566,1.4094923254309086,6.4668325333299785,79.446411288777,0.0,good,synthetic_device_spec_v11
synthetic_customer_005,cabinet_005,2026-09-05 11:10:00+00:00,75.55957345142266,25.421763650465984,1.4059918318476243,6.471429218349115,80.82714613273063,0.0,good,synthetic_device_spec_v11
synthetic_customer_005,cabinet_005,2026-09-05 11:20:00+00:00,75.49035088512922,25.604539092851393,1.4019752214761232,6.478227614659179,81.05921563752531,0.07878434776990065,good,synthetic_device_spec_v11
synthetic_customer_005,cabinet_005,2026-09-05 11:30:00+00:00,75.74740713652633,25.597832104675938,1.4096450469805655,6.489548701384302,80.07595235436507,0.0,good,synthetic_device_spec_v11
synthetic_customer_005,cabinet_005,2026-09-05 11:40:00+00:00,75.94521323396208,26.046426579882947,1.402167837569537,6.492950273395362,79.66118399004692,0.0,good,synthetic_device_spec_v11
synthetic_customer_005,cabinet_005,2026-09-05 11:50:00+00:00,75.57546712332982,26.03541469686733,1.3890583800242378,6.498398937682555,79.98293179405707,0.0,good,synthetic_device_spec_v11
synthetic_customer_005,cabinet_005,2026-09-05 12:00:00+00:00,75.42915294471855,26.367733366662524,1.3934399274782783,6.50425802875791,79.84904682340515,0.0,good,synthetic_device_spec_v11
synthetic_customer_005,cabinet_005,2026-09-05 12:10:00+00:00,75.52642135060175,26.60314604169431,1.3890805417804328,6.511828791501227,78.21147796445759,11.974533284118229,good,synthetic_device_spec_v11
synthetic_customer_005,cabinet_005,2026-09-05 12:20:00+00:00,75.69768024345095,26.815979480844327,1.391102867614548,6.51403771222111,79.031404594513,11.954653997589984,good,synthetic_device_spec_v11
synthetic_customer_005,cabinet_005,2026-09-05 12:30:00+00:00,75.66094683858924,26.91972374698006,1.3872169732740474,6.514515748120665,78.70651717936906,12.102335131274286,good,synthetic_device_spec_v11
synthetic_customer_005,cabinet_005,2026-09-05 12:40:00+00:00,75.52516796397107,27.142733239240044,1.3837674728873424,6.529058100374686,76.21539426997523,0.0,good,synthetic_device_spec_v11
synthetic_customer_005,cabinet_005,2026-09-05 12:50:00+00:00,75.47226262926452,27.34363808908756,1.3836216178602887,6.53622681810705,77.8921810219944,0.0,good,synthetic_device_spec_v11
synthetic_customer_005,cabinet_005,2026-09-05 13:00:00+00:00,75.0755380697568,27.549362293663325,1.3837744534183234,6.5353859478569145,76.26052491896107,0.0,good,synthetic_device_spec_v11
synthetic_customer_005,cabinet_005,2026-09-05 13:10:00+00:00,75.34218062719563,28.00472302219436,1.3831763530882806,6.541906146416358,77.03874783527023,0.12644709250938865,good,synthetic_device_spec_v11
synthetic_customer_005,cabinet_005,2026-09-05 13:20:00+00:00,74.95789115115655,28.119285485408284,1.3895934936598107,6.546395799407274,78.63755369292771,0.0,good,synthetic_device_spec_v11
synthetic_customer_005,cabinet_005,2026-09-05 13:30:00+00:00,74.70203485667702,28.26674197835166,1.3829417780600912,6.550973931627611,78.3168996661504,0.10330225910742176,good,synthetic_device_spec_v11
synthetic_customer_005,cabinet_005,2026-09-05 13:40:00+00:00,74.47989316526446,28.377899888317188,1.3796366404858909,6.552664423760172,78.53500825067573,0.0,good,synthetic_device_spec_v11
synthetic_customer_005,cabinet_005,2026-09-05 13:50:00+00:00,74.42815098279677,28.660997152500787,1.386858735423722,6.561802736565564,77.43111960155028,0.0,good,synthetic_device_spec_v11
synthetic_customer_005,cabinet_005,2026-09-05 14:00:00+00:00,74.34756934200809,29.095650320103783,1.395753232330982,6.565323315137421,76.64553944704215,0.0,good,synthetic_device_spec_v11
synthetic_customer_005,cabinet_005,2026-09-05 14:10:00+00:00,74.15251273744775,29.281519159775495,1.3945282072091731,6.5703669260284645,74.02285320312969,0.011893312745118251,good,synthetic_device_spec_v11
synthetic_customer_005,cabinet_005,2026-09-05 14:20:00+00:00,73.8457122305304,29.41475817960784,1.3835872901240367,6.582438044652841,76.8901902566835,0.09888997045236865,good,synthetic_device_spec_v11
synthetic_customer_005,cabinet_005,2026-09-05 14:30:00+00:00,73.60304906898892,29.67415590018537,1.3902486038420347,6.581200462326533,75.96802978456824,0.004071967575346966,good,synthetic_device_spec_v11
synthetic_customer_005,cabinet_005,2026-09-05 14:40:00+00:00,73.32487072816268,29.9234667211299,1.386379523429081,6.586358936321675,73.39004058533067,0.0,good,synthetic_device_spec_v11
synthetic_customer_005,cabinet_005,2026-09-05 14:50:00+00:00,73.10493068989076,29.99027573164575,1.3996813699445123,6.589148853995481,75.71651690926353,0.0,good,synthetic_device_spec_v11
synthetic_customer_005,cabinet_005,2026-09-05 15:00:00+00:00,73.09872402404078,30.274329720999706,1.4002024660778332,6.595323184426172,75.27862919027825,0.0,good,synthetic_device_spec_v11
synthetic_customer_005,cabinet_005,2026-09-05 15:10:00+00:00,72.59905884012015,30.621948303361936,1.3900884799127047,6.603216534455778,73.68081480620403,0.0,good,synthetic_device_spec_v11
synthetic_customer_005,cabinet_005,2026-09-05 15:20:00+00:00,72.5454839275054,30.71086238704374,1.3989518855234424,6.603764878909295,73.51312549376699,0.12934361946261297,good,synthetic_device_spec_v11
synthetic_customer_005,cabinet_005,2026-09-05 15:30:00+00:00,72.00925505602815,30.857168480894224,1.3957512115272142,6.610546555226247,73.25828413324376,0.0,good,synthetic_device_spec_v11
synthetic_customer_005,cabinet_005,2026-09-05 15:40:00+00:00,71.58526391055307,30.830291800094685,1.394502622298954,6.62083122623137,73.1019223098146,0.08641788175763067,good,synthetic_device_spec_v11
synthetic_customer_005,cabinet_005,2026-09-05 15:50:00+00:00,71.49844459722166,31.208729480779244,1.4097248221947063,6.618331894780551,72.85282252964915,0.04073062181841671,good,synthetic_device_spec_v11
synthetic_customer_005,cabinet_005,2026-09-05 16:00:00+00:00,71.03038540952201,31.402740936542834,1.4051462457426556,6.630013834908752,73.32000230372803,0.13650555002366418,good,synthetic_device_spec_v11
synthetic_customer_005,cabinet_005,2026-09-05 16:10:00+00:00,70.89029156000841,31.545121612779596,1.4156296799805859,6.624028664112304,72.91342747431291,0.0,good,synthetic_device_spec_v11
synthetic_customer_005,cabinet_005,2026-09-05 16:20:00+00:00,70.54016136938894,31.636556999714124,1.4130159669141007,6.630992603244216,74.48287615135959,0.0,good,synthetic_device_spec_v11
synthetic_customer_005,cabinet_005,2026-09-05 16:30:00+00:00,70.3242074069083,31.719220578631788,1.4255592401116857,6.6336238458122,73.07298023383865,0.0,good,synthetic_device_spec_v11
synthetic_customer_005,cabinet_005,2026-09-05 16:40:00+00:00,69.82264534449854,32.180932107404,1.414296232991568,6.644151076904871,71.10219439982355,0.0,good,synthetic_device_spec_v11
synthetic_customer_005,cabinet_005,2026-09-05 16:50:00+00:00,69.55866048226744,32.14157473337563,1.429841416608046,6.65446846708831,72.4337121796847,0.10190625031562059,good,synthetic_device_spec_v11
synthetic_customer_005,cabinet_005,2026-09-05 17:00:00+00:00,69.24021669634894,32.40001150754899,1.433640176677845,6.6594992028960185,72.07611394311238,0.0,good,synthetic_device_spec_v11
synthetic_customer_005,cabinet_005,2026-09-05 17:10:00+00:00,69.07252884234944,32.54643568144487,1.438540682013659,6.646167314496087,71.29690128498353,0.0042833304577523405,good,synthetic_device_spec_v11
synthetic_customer_005,cabinet_005,2026-09-05 17:20:00+00:00,68.57441570616835,32.61033224365191,1.4304828938180434,6.663330444174778,71.27627597580987,0.0,good,synthetic_device_spec_v11
synthetic_customer_005,cabinet_005,2026-09-05 17:30:00+00:00,68.2908853950731,32.491056137631944,1.4383691682485482,6.666061365132281,69.97246841697994,0.04100236299118472,good,synthetic_device_spec_v11
synthetic_customer_005,cabinet_005,2026-09-05 17:40:00+00:00,67.81737807532608,32.65632253306883,1.4459360829398091,6.654574879109284,70.50187149454494,0.11409809579421865,good,synthetic_device_spec_v11
synthetic_customer_005,cabinet_005,2026-09-05 17:50:00+00:00,67.55692793875284,32.78828848680873,1.4492512856899742,6.674141770433192,71.44835053009884,0.030708869889861712,good,synthetic_device_spec_v11
synthetic_customer_005,cabinet_005,2026-09-05 18:00:00+00:00,67.29666822937604,32.99881003060567,1.454704143224574,6.665681347671534,71.28018399928153,0.0,good,synthetic_device_spec_v11
synthetic_customer_005,cabinet_005,2026-09-05 18:10:00+00:00,66.86097401106699,33.177823643869836,1.4541208451989245,6.672975324113012,69.63465803130129,11.952483722672163,good,synthetic_device_spec_v11
synthetic_customer_005,cabinet_005,2026-09-05 18:20:00+00:00,66.64938962141368,32.837008226114285,1.4577394672682895,6.674871834069384,72.12285333268024,12.054967261059963,good,synthetic_device_spec_v11
synthetic_customer_005,cabinet_005,2026-09-05 18:30:00+00:00,66.26321531558942,33.165764397762544,1.4697487660458197,6.681912587579005,70.59061232388326,12.043620970170194,good,synthetic_device_spec_v11
synthetic_customer_005,cabinet_005,2026-09-05 18:40:00+00:00,65.78880086947709,33.03644453286429,1.4780209533265285,6.678087932755637,70.17932695296616,0.0,good,synthetic_device_spec_v11
synthetic_customer_005,cabinet_005,2026-09-05 18:50:00+00:00,65.63046423400408,33.07699460962606,1.4864492012498876,6.6862503735224985,71.46170337839757,0.0,good,synthetic_device_spec_v11
synthetic_customer_005,cabinet_005,2026-09-05 20:40:00+00:00,62.542443542324904,32.86369372177801,1.5465196779247878,6.710387549117088,69.69937825616076,0.0,good,synthetic_device_spec_v11
synthetic_customer_005,cabinet_005,2026-09-05 20:50:00+00:00,62.05744414683725,32.90289578859913,1.5448124451062484,6.712123063686765,71.42109877228361,0.07664755492335623,good,synthetic_device_spec_v11
synthetic_customer_005,cabinet_005,2026-09-05 21:00:00+00:00,61.812980337883396,32.7850339394222,1.5490218221935492,6.703869358205336,72.03885417123777,0.0,good,synthetic_device_spec_v11
synthetic_customer_005,cabinet_005,2026-09-05 21:10:00+00:00,61.67869031659647,32.74945592864414,1.563894648756476,6.711595704911152,71.58555124732554,0.03993295164056402,good,synthetic_device_spec_v11
synthetic_customer_005,cabinet_005,2026-09-05 21:20:00+00:00,61.67546935189618,32.4881369962186,1.561303007385612,6.712120083009711,70.56693880955272,0.0077149071931126795,good,synthetic_device_spec_v11
synthetic_customer_005,cabinet_005,2026-09-05 21:30:00+00:00,61.188973778848414,32.44443977344983,1.5775415606243564,6.708831655468706,70.55414496932524,0.0,good,synthetic_device_spec_v11
synthetic_customer_005,cabinet_005,2026-09-05 21:40:00+00:00,61.09911532858641,32.47039673245933,1.5800180928732441,6.709840186524237,73.14106878685071,0.0,good,synthetic_device_spec_v11
synthetic_customer_005,cabinet_005,2026-09-05 21:50:00+00:00,61.04800678927452,32.37825424584499,1.5908966356811527,6.712913409867112,71.65898059425673,0.03109551639060474,good,synthetic_device_spec_v11
synthetic_customer_005,cabinet_005,2026-09-05 22:00:00+00:00,60.71065221662533,32.12847149433288,1.5924653959288655,6.710068105482232,72.20432577609441,0.0,good,synthetic_device_spec_v11
synthetic_customer_005,cabinet_005,2026-09-05 22:10:00+00:00,60.61824093221164,31.764696949306664,1.6038500492410674,6.715798177001898,72.91499963043515,0.008746727300051224,good,synthetic_device_spec_v11
synthetic_customer_005,cabinet_005,2026-09-05 22:20:00+00:00,60.75037415699274,31.70488874922535,1.6146991823423595,6.716011604814569,72.57714161941426,0.06762756288787156,good,synthetic_device_spec_v11
synthetic_customer_005,cabinet_005,2026-09-05 22:30:00+00:00,60.543422945857,31.764834333061142,1.6067282743260147,6.711396166032701,71.35327938454081,0.0,good,synthetic_device_spec_v11
synthetic_customer_005,cabinet_005,2026-09-05 22:40:00+00:00,60.450630160167705,31.34923749050118,1.6151941161364296,6.712980789076283,74.67896378799793,0.016159277157761148,good,synthetic_device_spec_v11
synthetic_customer_005,cabinet_005,2026-09-05 22:50:00+00:00,60.357594764224935,31.32402359324519,1.6297398377622114,6.714270768840277,73.86825970449675,0.0,good,synthetic_device_spec_v11
synthetic_customer_005,cabinet_005,2026-09-05 23:00:00+00:00,60.24233658874532,31.245281350907952,1.6357953621380126,6.718935433911864,74.77587708497761,0.02577320038088439,good,synthetic_device_spec_v11
synthetic_customer_005,cabinet_005,2026-09-05 23:10:00+00:00,60.34828776098151,30.947812778705742,1.6386276665952477,6.711924326036135,73.56600522611194,0.0,good,synthetic_device_spec_v11
synthetic_customer_005,cabinet_005,2026-09-05 23:20:00+00:00,60.1044066656212,30.81853698424494,1.6520814967355453,6.71178752372551,72.42232527234034,0.0,good,synthetic_device_spec_v11
synthetic_customer_005,cabinet_005,2026-09-05 23:30:00+00:00,60.16320635904455,30.473026981950177,1.653688824526969,6.713374734511606,76.09563347170142,0.0,good,synthetic_device_spec_v11
synthetic_customer_005,cabinet_005,2026-09-05 23:40:00+00:00,60.044502441974274,30.343303304541333,1.65740975814028,6.715789292256411,71.9397958746444,0.11009826523937172,good,synthetic_device_spec_v11
synthetic_customer_005,cabinet_005,2026-09-05 23:50:00+00:00,59.841890557067096,30.121695020427392,1.6674372728373832,6.706518122241995,73.81267095355177,0.0,good,synthetic_device_spec_v11
synthetic_customer_005,cabinet_005,2026-09-06 00:00:00+00:00,59.92134344244178,29.886917041756945,1.6714297437235128,6.706057648820039,73.31505457173228,0.11807008482813545,good,synthetic_device_spec_v11
synthetic_customer_005,cabinet_005,2026-09-06 00:10:00+00:00,60.00449488108262,29.784840099795055,,6.706230898411953,75.55094665095936,11.838364083902785,good,synthetic_device_spec_v11
synthetic_customer_005,cabinet_005,2026-09-06 00:20:00+00:00,60.093234559769,29.610382789060598,1.6988722392343152,6.700319369542986,76.44120381855191,12.008343056462286,good,synthetic_device_spec_v11
synthetic_customer_005,cabinet_005,2026-09-06 00:30:00+00:00,59.89859319953536,29.329208362362724,1.6980384639324628,6.703074106052507,76.13576914128207,12.025968201931263,good,synthetic_device_spec_v11
synthetic_customer_005,cabinet_005,2026-09-06 00:40:00+00:00,60.16353907563977,29.03133617046869,1.7060755774755092,6.703659712115752,75.79260022415806,0.10746274653391766,good,synthetic_device_spec_v11
synthetic_customer_005,cabinet_005,2026-09-06 00:50:00+00:00,60.345804220046,29.054220501775045,1.7115884790276155,6.6988455752813945,76.89855567367901,0.03930039589105639,good,synthetic_device_spec_v11
synthetic_customer_005,cabinet_005,2026-09-06 01:00:00+00:00,60.32085886617932,28.81580294996747,1.721736413604741,6.695633548860556,77.89765259866029,0.0,good,synthetic_device_spec_v11
synthetic_customer_005,cabinet_005,2026-09-06 01:10:00+00:00,60.60586788690974,28.575850557075317,1.7314664996807119,6.685102430934497,76.26702615515093,0.08874705077607535,good,synthetic_device_spec_v11
synthetic_customer_005,cabinet_005,2026-09-06 01:20:00+00:00,60.743634657222735,28.32382616292378,,6.68755864683214,77.20777465008916,0.07824695883104203,good,synthetic_device_spec_v11
synthetic_customer_005,cabinet_005,2026-09-06 01:30:00+00:00,60.83686897333467,27.942522229454834,1.7332459565085212,6.6919929142479,76.25067942648725,0.0,good,synthetic_device_spec_v11
synthetic_customer_005,cabinet_005,2026-09-06 01:40:00+00:00,61.15624092998349,27.95146098668531,1.746204585240089,6.688191390792622,77.1505858669995,0.0,good,synthetic_device_spec_v11
synthetic_customer_005,cabinet_005,2026-09-06 01:50:00+00:00,61.16556612796507,27.551919325856883,1.754092592900515,6.681559404574006,77.77283097270917,0.08941758737562776,good,synthetic_device_spec_v11
synthetic_customer_005,cabinet_005,2026-09-06 02:00:00+00:00,61.37914752233324,27.351224110582102,1.7530576210048667,6.67548399391996,78.40121982205443,0.018557160263441553,good,synthetic_device_spec_v11
synthetic_customer_005,cabinet_005,2026-09-06 02:10:00+00:00,61.58083523925556,26.985673297562872,1.7636162508107172,6.678797886887606,80.52347407519697,0.03862215935244307,good,synthetic_device_spec_v11
synthetic_customer_005,cabinet_005,2026-09-06 02:20:00+00:00,62.011002185715405,27.029739077928138,1.7711248520378744,6.6790743264547405,77.79474956028608,0.0,good,synthetic_device_spec_v11
synthetic_customer_005,cabinet_005,2026-09-06 02:30:00+00:00,61.90247020891731,26.79668651266777,1.771449552149789,6.67108528106676,79.19171746410656,0.013448110898421657,good,synthetic_device_spec_v11
synthetic_customer_005,cabinet_005,2026-09-06 02:40:00+00:00,62.35400481025054,26.4141815300491,1.7825372266621,6.660640636476902,79.35419832319478,0.0,good,synthetic_device_spec_v11
synthetic_customer_005,cabinet_005,2026-09-06 02:50:00+00:00,62.37454243903459,26.13004713488366,1.7809328460052976,6.6633272040875955,79.29318410207243,0.0,good,synthetic_device_spec_v11
synthetic_customer_005,cabinet_005,2026-09-06 03:00:00+00:00,63.10726824508073,25.911798025595413,1.792112644216276,6.661122475733368,81.39974309564798,0.0,good,synthetic_device_spec_v11
synthetic_customer_005,cabinet_005,2026-09-06 03:10:00+00:00,63.13252732948196,26.01038137144787,1.792318512866171,6.656596692740771,80.97049603778777,0.0009644586553901937,good,synthetic_device_spec_v11
synthetic_customer_005,cabinet_005,2026-09-06 03:20:00+00:00,63.549206150018215,25.736943832843266,1.7975448250187587,6.657453966868171,78.87199818076226,0.011550020518369973,good,synthetic_device_spec_v11
synthetic_customer_005,cabinet_005,2026-09-06 03:30:00+00:00,64.03787518450501,25.429618105263017,1.8039012673838901,6.652171911436481,79.73147008284225,0.0,good,synthetic_device_spec_v11
synthetic_customer_005,cabinet_005,2026-09-06 03:40:00+00:00,64.05029576435152,25.416370694889675,1.809477993840208,6.643570743127873,80.84715770999574,0.08302824609199766,good,synthetic_device_spec_v11
synthetic_customer_005,cabinet_005,2026-09-06 03:50:00+00:00,64.15102918667073,25.167511262804236,1.8092197260302458,6.636389347440613,83.1017559533923,0.0,good,synthetic_device_spec_v11
synthetic_customer_005,cabinet_005,2026-09-06 04:00:00+00:00,64.57866367776947,24.99867771459259,1.8254349320718546,6.633842361245999,80.5446297663791,0.06781648881125425,good,synthetic_device_spec_v11
synthetic_customer_005,cabinet_005,2026-09-06 04:10:00+00:00,64.9524129479107,24.95868867498968,1.817135370233117,6.640014650809196,80.08955873967828,0.053136440120826925,good,synthetic_device_spec_v11
synthetic_customer_005,cabinet_005,2026-09-06 04:20:00+00:00,65.405016034863,24.61461631052189,1.824543476874473,6.63027345618799,82.18551888054947,2.534951316319718,good,synthetic_device_spec_v11
synthetic_customer_005,cabinet_005,2026-09-06 04:30:00+00:00,65.61762288395458,24.616650431066656,1.8280123098366168,6.6226242219688025,81.01355834314778,2.508865586591383,good,synthetic_device_spec_v11
synthetic_customer_005,cabinet_005,2026-09-06 04:40:00+00:00,66.06569821422369,24.279966753961382,1.841837419755498,6.623698263862245,81.2642821826111,2.3798933105751017,good,synthetic_device_spec_v11
synthetic_customer_005,cabinet_005,2026-09-06 04:50:00+00:00,66.49417859929166,24.330842464785928,1.8370784129006488,6.617618427128878,82.07093243478161,2.52224377502587,good,synthetic_device_spec_v11
synthetic_customer_005,cabinet_005,2026-09-06 05:00:00+00:00,66.61756308514062,24.09967401838281,1.8383978248305057,6.612016399792502,82.67637657307506,2.4507382852206194,good,synthetic_device_spec_v11
synthetic_customer_005,cabinet_005,2026-09-06 05:10:00+00:00,67.12242882677873,24.040460243135637,1.8493041948587345,6.6032709762648345,82.80098155053719,2.454464696209507,good,synthetic_device_spec_v11
synthetic_customer_005,cabinet_005,2026-09-06 05:20:00+00:00,67.34480379209523,23.99277131350382,1.8532397660628792,6.603063634683612,81.95033282720186,0.0,good,synthetic_device_spec_v11
synthetic_customer_005,cabinet_005,2026-09-06 05:30:00+00:00,67.80879454129442,23.811537969638366,1.8545075551615677,6.590541883013483,82.46258985429021,0.0,good,synthetic_device_spec_v11
synthetic_customer_005,cabinet_005,2026-09-06 05:40:00+00:00,68.16933294171977,23.720942759554685,1.8569935906248765,6.595952298592817,83.92198017009191,0.0,good,synthetic_device_spec_v11
synthetic_customer_005,cabinet_005,2026-09-06 05:50:00+00:00,68.41090223934377,23.662669526438407,1.8521741639917704,6.584467686919252,82.17816590234314,0.0,good,synthetic_device_spec_v11
synthetic_customer_005,cabinet_005,2026-09-06 06:00:00+00:00,68.87791342416851,23.525323818668863,1.8573105462142048,6.583468290795415,82.21553075436947,0.0,good,synthetic_device_spec_v11
synthetic_customer_005,cabinet_005,2026-09-06 06:10:00+00:00,69.40099032197887,23.322860146494293,1.8639323561972623,6.572548056242028,84.56003518847831,11.988701011059957,good,synthetic_device_spec_v11
synthetic_customer_005,cabinet_005,2026-09-06 06:20:00+00:00,69.61000728108138,23.384872900316612,1.8607101181729722,6.575981422581268,84.44822580273332,11.995178236813302,good,synthetic_device_spec_v11
synthetic_customer_005,cabinet_005,2026-09-06 06:30:00+00:00,69.91866870771857,23.453228494237557,1.8727915352638236,6.561409242425425,84.84835618434553,11.956739233086763,good,synthetic_device_spec_v11
synthetic_customer_005,cabinet_005,2026-09-06 06:40:00+00:00,70.21009678697483,23.186161320216208,1.8684085334445855,6.5624590996169685,83.94451247051005,0.03870306333765592,good,synthetic_device_spec_v11
synthetic_customer_005,cabinet_005,2026-09-06 06:50:00+00:00,70.68899632593912,23.315902072329386,1.8746899051063204,6.555114770013351,82.012602219314,0.02881815599078669,good,synthetic_device_spec_v11
synthetic_customer_005,cabinet_005,2026-09-06 07:00:00+00:00,70.74214108631763,23.29076181204151,1.8685569462917444,6.550998420658929,84.17394905779393,0.10280676331696544,good,synthetic_device_spec_v11
synthetic_customer_005,cabinet_005,2026-09-06 07:10:00+00:00,71.07089917144472,23.260984382922008,1.8604816421192971,6.546068255962311,82.39713022131072,0.08650024057308564,good,synthetic_device_spec_v11
synthetic_customer_005,cabinet_005,2026-09-06 07:20:00+00:00,71.68790071843802,23.195188945189447,1.8669533346201936,6.537476542506472,84.28482247395426,0.0,good,synthetic_device_spec_v11
synthetic_customer_005,cabinet_005,2026-09-06 07:30:00+00:00,71.7201270404069,23.141087704688736,1.8703534999029061,6.538055877315712,81.8902784177341,0.022409313938598668,good,synthetic_device_spec_v11
synthetic_customer_005,cabinet_005,2026-09-06 07:40:00+00:00,72.17480518707166,23.21644812037396,1.8720621592163689,6.528244233884461,82.56252886417096,0.03473917982720276,good,synthetic_device_spec_v11
synthetic_customer_005,cabinet_005,2026-09-06 07:50:00+00:00,72.67189279005953,23.2807089496852,1.8735574372368577,6.518435373727247,83.0576452475364,0.04244770398520267,good,synthetic_device_spec_v11
synthetic_customer_005,cabinet_005,2026-09-06 08:00:00+00:00,72.93012637126667,23.312745010344575,1.8695360300445552,6.510720390672666,83.50640434659555,0.000858235133038422,good,synthetic_device_spec_v11
synthetic_customer_005,cabinet_005,2026-09-06 08:10:00+00:00,73.02640342249836,23.181795608026015,1.870465752379909,6.509874895730619,84.65614591665471,0.05506859956507977,good,synthetic_device_spec_v11
synthetic_customer_005,cabinet_005,2026-09-06 08:20:00+00:00,73.43616619923115,23.487247159911366,1.8757856817401732,6.50746609440751,83.16998432960371,0.0825767406836854,good,synthetic_device_spec_v11
synthetic_customer_005,cabinet_005,2026-09-06 08:30:00+00:00,73.79875786683903,23.390811154816433,1.8768059006356497,6.501475326453588,82.76824952709947,0.004783810016114246,good,synthetic_device_spec_v11
synthetic_customer_005,cabinet_005,2026-09-06 08:40:00+00:00,73.92799487873218,23.491358189647496,1.8698545945442056,6.49217753289299,83.58322500359736,0.0,good,synthetic_device_spec_v11
synthetic_customer_005,cabinet_005,2026-09-06 08:50:00+00:00,74.0795683979356,23.612346491985782,1.8700810858656556,6.486008012171111,83.24265400842143,0.0,good,synthetic_device_spec_v11
synthetic_customer_005,cabinet_005,2026-09-06 09:00:00+00:00,74.23985770192374,23.70887936430057,1.8695001903174138,6.483801089083928,83.97029149089067,0.01902806804813924,good,synthetic_device_spec_v11
synthetic_customer_005,cabinet_005,2026-09-06 09:10:00+00:00,74.96939117561229,23.707369370304555,1.8629671632544296,6.475500364830059,83.57364657195049,0.0,good,synthetic_device_spec_v11
synthetic_customer_005,cabinet_005,2026-09-06 09:20:00+00:00,75.01983815893057,23.87380691112921,1.864343756377432,6.474463341782144,82.47102530496575,0.0,good,synthetic_device_spec_v11
synthetic_customer_005,cabinet_005,2026-09-06 09:30:00+00:00,75.2065350883188,23.969673535127644,1.86289900641541,6.470391502586896,82.94370439300819,0.0,good,synthetic_device_spec_v11
synthetic_customer_005,cabinet_005,2026-09-06 09:40:00+00:00,75.37782383602426,23.978528221955415,1.8660242113593417,6.452547240017717,81.85325486661708,0.09281924469203316,good,synthetic_device_spec_v11
synthetic_customer_005,cabinet_005,2026-09-06 09:50:00+00:00,75.33164330969726,24.275796161385745,1.8598280985915498,6.446604017410104,82.60974572439883,0.0,good,synthetic_device_spec_v11
synthetic_customer_005,cabinet_005,2026-09-06 10:00:00+00:00,75.52343034329796,24.348720851813365,1.851964311002319,6.44739140265317,82.6556664616221,0.0,good,synthetic_device_spec_v11
synthetic_customer_005,cabinet_005,2026-09-06 10:10:00+00:00,75.8445094882013,24.53084575186143,1.8519298828422819,6.4368866376135685,82.00911219188373,0.09001625584164076,good,synthetic_device_spec_v11
synthetic_customer_005,cabinet_005,2026-09-06 10:20:00+00:00,75.90234075563826,24.39522191336569,1.8470902781480945,6.43645554446989,81.25434368237251,0.0,good,synthetic_device_spec_v11
synthetic_customer_005,cabinet_005,2026-09-06 10:30:00+00:00,75.83364601248863,24.75371956900657,1.8538392938456718,6.424571788070521,82.27755010865297,0.037585521218896294,good,synthetic_device_spec_v11
synthetic_customer_005,cabinet_005,2026-09-06 10:40:00+00:00,75.97555387334823,24.83999052191846,1.8385321006474618,6.418698102592664,82.58599392291232,0.12246128716584995,good,synthetic_device_spec_v11
synthetic_customer_005,cabinet_005,2026-09-06 10:50:00+00:00,76.30696103824211,24.982530779556647,1.8412235599691793,6.410139592480894,80.72921083569749,0.0,good,synthetic_device_spec_v11
synthetic_customer_005,cabinet_005,2026-09-06 11:00:00+00:00,76.24070243500817,25.1778387645766,1.8416436726378171,6.414075535806401,82.73883332473297,0.09879103373636614,good,synthetic_device_spec_v11
synthetic_customer_005,cabinet_005,2026-09-06 11:10:00+00:00,76.12974041497331,25.499281086763133,1.832294486125239,6.398504564716264,81.35166700562115,0.08705184716590371,good,synthetic_device_spec_v11
synthetic_customer_005,cabinet_005,2026-09-06 11:20:00+00:00,76.23561313075876,25.656938948215547,1.8284033382100375,6.393009350768538,79.06109037166863,0.0,good,synthetic_device_spec_v11
synthetic_customer_005,cabinet_005,2026-09-06 11:30:00+00:00,76.21337539992916,25.710613558188854,1.824378749738849,6.382280902462268,79.70684675739285,0.0,good,synthetic_device_spec_v11
synthetic_customer_005,cabinet_005,2026-09-06 11:40:00+00:00,76.31133014084243,25.867474847639635,1.8298741126663867,6.383527096409195,80.72054030937838,0.0,good,synthetic_device_spec_v11
synthetic_customer_005,cabinet_005,2026-09-06 11:50:00+00:00,76.20024143577736,26.10150153011089,1.8219641101184265,6.369046479734911,79.72815181851122,0.0,good,synthetic_device_spec_v11
synthetic_customer_005,cabinet_005,2026-09-06 12:00:00+00:00,76.1476252846131,26.37100088009477,1.815568773792415,6.371977679729857,81.14360336148927,0.024795338332048295,good,synthetic_device_spec_v11
synthetic_customer_005,cabinet_005,2026-09-06 12:10:00+00:00,76.2759427835928,26.568361784900706,1.8057987866659784,6.37018153703771,79.19979952568875,11.943438245869936,good,synthetic_device_spec_v11
synthetic_customer_005,cabinet_005,2026-09-06 12:20:00+00:00,76.14475133989488,26.708766938841418,1.8066398777435873,6.356064726544187,78.84024998028879,11.904555939633825,good,synthetic_device_spec_v11
synthetic_customer_005,cabinet_005,2026-09-06 12:30:00+00:00,76.18039726809613,27.1184965282841,1.8070188102632079,6.3501064829384415,79.2806157789967,12.004997296658939,good,synthetic_device_spec_v11
synthetic_customer_005,cabinet_005,2026-09-06 12:40:00+00:00,76.13992485426533,27.48537674565211,1.799858684593581,6.348756778354804,78.48141009101336,0.016260690274469837,good,synthetic_device_spec_v11
synthetic_customer_005,cabinet_005,2026-09-06 12:50:00+00:00,75.95899769377748,27.702244930839587,1.7935350770990135,6.336243101413725,76.31647919079846,0.02270529388286055,good,synthetic_device_spec_v11
synthetic_customer_005,cabinet_005,2026-09-06 13:00:00+00:00,76.08734714694225,27.739430478632926,1.7880104374078434,6.3343722120383354,78.11257601585987,0.06627931155954073,good,synthetic_device_spec_v11
synthetic_customer_005,cabinet_005,2026-09-06 13:10:00+00:00,75.73940973577184,27.853076343078797,1.783636964680219,6.334014811160855,77.79007924668304,0.0,good,synthetic_device_spec_v11
synthetic_customer_005,cabinet_005,2026-09-06 13:20:00+00:00,75.78991187392647,28.28364862468101,1.7762501063716085,6.320763144600814,78.00075822576413,0.0,good,synthetic_device_spec_v11
synthetic_customer_005,cabinet_005,2026-09-06 13:30:00+00:00,75.56891975354966,28.438416831629254,1.771525663768078,6.320848871443935,75.30134582238442,0.0,good,synthetic_device_spec_v11
synthetic_customer_005,cabinet_005,2026-09-06 13:40:00+00:00,75.20268866592734,28.73046574096173,1.768383659258729,6.305131243928375,76.11746778017203,0.05603572683558871,good,synthetic_device_spec_v11
synthetic_customer_005,cabinet_005,2026-09-06 13:50:00+00:00,75.12602753825915,29.013121321649745,1.7590035803835382,6.307249657984896,75.4945756995715,0.0,good,synthetic_device_spec_v11
synthetic_customer_005,cabinet_005,2026-09-06 14:00:00+00:00,75.09386493171456,28.981085318385265,1.7513269267174258,6.299940495631832,76.13374044596468,0.0,good,synthetic_device_spec_v11
synthetic_customer_005,cabinet_005,2026-09-06 14:10:00+00:00,74.67953830007131,29.32695431582731,1.754141233496976,6.300270862150355,76.5217634106986,0.05353003785063175,good,synthetic_device_spec_v11
synthetic_customer_005,cabinet_005,2026-09-06 14:20:00+00:00,74.60251820858961,29.435904127052975,1.7454047372501824,6.294041327962531,76.46722720723473,0.0,good,synthetic_device_spec_v11
synthetic_customer_005,cabinet_005,2026-09-06 14:30:00+00:00,74.41593222660741,29.82113942344943,1.7300730330941732,6.283976298855536,74.787382570214,0.05799666124631322,good,synthetic_device_spec_v11
synthetic_customer_005,cabinet_005,2026-09-06 14:40:00+00:00,74.1548850082896,29.923401110997172,1.735374310815327,6.280535474168452,76.18485803160593,0.011478030856446823,good,synthetic_device_spec_v11
synthetic_customer_005,cabinet_005,2026-09-06 14:50:00+00:00,73.82919308052443,30.02008005591099,1.7280601116931658,6.275412812925622,73.46056946907049,0.09945285121161082,good,synthetic_device_spec_v11
synthetic_customer_005,cabinet_005,2026-09-06 15:00:00+00:00,73.45027383598955,30.258137090615257,,6.275148439845286,73.82309185211679,0.0,good,synthetic_device_spec_v11
synthetic_customer_005,cabinet_005,2026-09-06 15:10:00+00:00,73.34735800407957,30.416098154391175,1.7081633866356345,6.267259718992566,74.13873497580306,0.06949793108779312,good,synthetic_device_spec_v11
synthetic_customer_005,cabinet_005,2026-09-06 15:20:00+00:00,73.04194649612671,30.687994831649977,1.7006960221521534,6.261014246209255,72.67106637981736,0.0,good,synthetic_device_spec_v11
synthetic_customer_005,cabinet_005,2026-09-06 15:30:00+00:00,72.81926582241493,30.873821646904272,1.6888629940704363,6.261315164332539,73.42985550192284,0.0,good,synthetic_device_spec_v11
synthetic_customer_005,cabinet_005,2026-09-06 15:40:00+00:00,72.68289621438649,31.20405681124258,1.6893445560392508,6.24763226392439,72.68403890605103,0.0,good,synthetic_device_spec_v11
synthetic_customer_005,cabinet_005,2026-09-06 15:50:00+00:00,72.32291443540967,31.081696721375355,1.6815713473378064,6.249859031257133,71.64314870164881,0.0,good,synthetic_device_spec_v11
synthetic_customer_005,cabinet_005,2026-09-06 16:00:00+00:00,72.17291061745155,31.450989820191065,1.6718937834515686,6.240950649098327,72.44839472450059,0.0,good,synthetic_device_spec_v11
synthetic_customer_005,cabinet_005,2026-09-06 16:10:00+00:00,71.71737807043502,31.61075029731144,1.6682093317424205,6.234793362600866,72.57975706728222,0.0,good,synthetic_device_spec_v11
synthetic_customer_005,cabinet_005,2026-09-06 16:20:00+00:00,71.28040657945601,31.832352117366373,1.6497022444479834,6.229559318361857,73.42573657736864,0.0,good,synthetic_device_spec_v11
synthetic_customer_005,cabinet_005,2026-09-06 16:30:00+00:00,70.90587015459477,31.79413869140307,1.6515057955011578,6.227378980600947,71.49020362641483,0.0,good,synthetic_device_spec_v11
synthetic_customer_005,cabinet_005,2026-09-06 16:40:00+00:00,70.62459257232825,31.974815217140332,1.6401453468288532,6.2210054905216285,73.68685356210396,0.10465477983038765,good,synthetic_device_spec_v11
synthetic_customer_005,cabinet_005,2026-09-06 16:50:00+00:00,70.2935944883495,32.071056836188035,1.6415640548334813,6.227469150398346,72.47996881514554,0.041014065885501286,good,synthetic_device_spec_v11
synthetic_customer_005,cabinet_005,2026-09-06 17:00:00+00:00,69.96527051064952,32.16795861883069,1.6350111730512316,6.214077317373725,72.60715627223657,0.0,good,synthetic_device_spec_v11
synthetic_customer_005,cabinet_005,2026-09-06 17:10:00+00:00,69.51892761271503,32.235683706232734,1.622799532072065,6.217365382148169,71.30926892018617,0.10873936746989493,good,synthetic_device_spec_v11
synthetic_customer_005,cabinet_005,2026-09-06 17:20:00+00:00,69.1182741803036,32.491567773890665,1.6077573135321868,6.208616374478834,70.07375071628066,0.10433712412230203,good,synthetic_device_spec_v11
synthetic_customer_005,cabinet_005,2026-09-06 17:30:00+00:00,68.99703326179458,32.47456416559052,1.6094584370747738,6.206516452400386,70.77248078943072,0.14032924535734345,good,synthetic_device_spec_v11
synthetic_customer_005,cabinet_005,2026-09-06 17:40:00+00:00,68.51166782394569,32.614046505458106,1.603890013405774,6.197045740886717,72.35305581347328,0.0,good,synthetic_device_spec_v11
synthetic_customer_005,cabinet_005,2026-09-06 17:50:00+00:00,68.35613182717621,32.777173285611596,1.589423888321594,6.19877619957542,71.50240980745164,0.0,good,synthetic_device_spec_v11
synthetic_customer_005,cabinet_005,2026-09-06 18:00:00+00:00,67.66390170212628,32.73883401542089,1.588054604536406,6.193650033635165,71.8258731869048,0.0,good,synthetic_device_spec_v11
synthetic_customer_005,cabinet_005,2026-09-06 18:10:00+00:00,67.21037100255899,32.7635299556143,1.5750848638232657,6.188037126714165,72.53469439534442,12.058188151921405,good,synthetic_device_spec_v11
synthetic_customer_005,cabinet_005,2026-09-06 18:20:00+00:00,66.9664706859823,32.93118640559352,1.5709496696644711,6.182828180630262,71.1867354706711,11.941430695115324,good,synthetic_device_spec_v11
synthetic_customer_005,cabinet_005,2026-09-06 18:30:00+00:00,66.77665707121028,32.857608598358624,1.5620894818740736,6.183912834556447,70.55938710439736,11.939191829892001,good,synthetic_device_spec_v11
synthetic_customer_005,cabinet_005,2026-09-06 18:40:00+00:00,66.42106647289486,32.774263452584776,1.5581869399538644,6.189402142510502,71.99610622983106,0.0,good,synthetic_device_spec_v11
synthetic_customer_005,cabinet_005,2026-09-06 18:50:00+00:00,66.04602770967377,32.99907567608693,1.552594734727163,6.181013995269793,70.89248344279525,0.0,good,synthetic_device_spec_v11
synthetic_customer_005,cabinet_005,2026-09-06 19:00:00+00:00,65.84063061567119,33.00486981997939,1.544647640735297,6.171924249387094,70.98196080559393,0.0,good,synthetic_device_spec_v11
synthetic_customer_005,cabinet_005,2026-09-06 19:10:00+00:00,65.1709166309448,33.107914777553624,1.539663485817208,6.1644892988588955,71.12048650984232,0.06379516661321329,good,synthetic_device_spec_v11
synthetic_customer_005,cabinet_005,2026-09-06 19:20:00+00:00,65.0358041530061,33.00702107172036,1.5362217265550886,6.179334540304001,71.71900701567338,0.0,good,synthetic_device_spec_v11
synthetic_customer_005,cabinet_005,2026-09-06 19:30:00+00:00,64.89264295597746,33.00404944269409,1.5233738234179475,6.1623351056857825,70.23929767700619,0.0,bad,synthetic_device_spec_v11
synthetic_customer_005,cabinet_005,2026-09-06 19:40:00+00:00,64.48844830331284,32.987737278075194,1.5189982194347407,6.165405385711338,70.53656675174996,0.12618187460921898,bad,synthetic_device_spec_v11
synthetic_customer_005,cabinet_005,2026-09-06 19:50:00+00:00,64.16631905509216,32.868288077149685,1.514934396722733,6.164835516685705,70.40313647109144,0.07251584574948054,bad,synthetic_device_spec_v11
synthetic_customer_005,cabinet_005,2026-09-06 20:00:00+00:00,63.863878008295266,32.83689891948445,1.5071535934364837,6.167928100831734,71.41400724435655,0.0,good,synthetic_device_spec_v11
synthetic_customer_005,cabinet_005,2026-09-06 20:10:00+00:00,63.446725032660886,32.786208361087525,1.496872492494908,6.154485277133154,70.19492493490226,0.0,good,synthetic_device_spec_v11
synthetic_customer_005,cabinet_005,2026-09-06 20:20:00+00:00,63.3227783645949,32.782575256642,1.5027437505263102,6.155620427296464,70.65219860909929,0.07623824494605701,good,synthetic_device_spec_v11
synthetic_customer_005,cabinet_005,2026-09-06 20:30:00+00:00,63.00953038560281,32.73764731821529,1.500133462913908,6.1593512552292395,72.05585403400222,0.0,good,synthetic_device_spec_v11
synthetic_customer_005,cabinet_005,2026-09-06 20:40:00+00:00,62.91643722002234,32.684091810989024,1.4942211452796057,6.153804897397848,72.5068320880453,0.025966344719920306,good,synthetic_device_spec_v11
synthetic_customer_005,cabinet_005,2026-09-06 20:50:00+00:00,62.484059282222084,32.63438003988476,1.48652291256208,6.149145687822274,70.89057993562042,0.06128320196153611,good,synthetic_device_spec_v11
synthetic_customer_005,cabinet_005,2026-09-06 21:00:00+00:00,62.21585135003855,32.63837085471866,1.4745808473031976,6.152430318804978,70.50527772231723,0.08926675097086775,good,synthetic_device_spec_v11
synthetic_customer_005,cabinet_005,2026-09-06 21:10:00+00:00,62.238442360179505,32.56339000384024,1.4745433079099661,6.152515545402718,71.40734053515807,0.0,good,synthetic_device_spec_v11
synthetic_customer_005,cabinet_005,2026-09-06 22:30:00+00:00,61.18720699701041,31.219957974696644,1.4303337227403639,6.154731197073046,74.18901856927512,0.05507518311986132,good,synthetic_device_spec_v11
synthetic_customer_005,cabinet_005,2026-09-06 22:40:00+00:00,60.80469001104489,30.97833667247781,1.4324744306015296,6.148268054186577,74.38897111673681,0.0,good,synthetic_device_spec_v11
synthetic_customer_005,cabinet_005,2026-09-06 22:50:00+00:00,60.62011209088055,31.11692662842291,1.4183231533040297,6.15759862759317,74.36297729099732,0.0,good,synthetic_device_spec_v11
synthetic_customer_005,cabinet_005,2026-09-06 23:00:00+00:00,60.82887875876271,30.906373132288802,1.419029173181908,6.154094752732132,74.3675514168721,0.13047507760533453,good,synthetic_device_spec_v11
synthetic_customer_005,cabinet_005,2026-09-06 23:10:00+00:00,60.74531151406999,30.668187590412774,1.4204924426895573,6.154238901728341,73.86045568784674,0.0,good,synthetic_device_spec_v11
synthetic_customer_005,cabinet_005,2026-09-06 23:20:00+00:00,60.76035460337752,30.56046613327975,1.4118396267664302,6.158273013304406,73.47457741355824,0.0,good,synthetic_device_spec_v11
synthetic_customer_005,cabinet_005,2026-09-06 23:30:00+00:00,60.63223736059012,30.228117875187507,1.4131015787687866,6.151270887087803,74.5473434916136,0.05727683326193467,good,synthetic_device_spec_v11
synthetic_customer_005,cabinet_005,2026-09-06 23:40:00+00:00,60.596399425515486,30.15095679234241,1.4105619955476616,6.157369438010191,75.95738490779624,0.0,good,synthetic_device_spec_v11
synthetic_customer_005,cabinet_005,2026-09-06 23:50:00+00:00,60.375585982675226,29.880905076872075,1.4140884514207357,6.160712326221412,73.93404493666033,0.0,good,synthetic_device_spec_v11
synthetic_customer_005,cabinet_005,2026-09-07 00:00:00+00:00,60.54023517425325,29.922681644501015,,6.15663916043442,73.12898865070312,0.0,good,synthetic_device_spec_v11
synthetic_customer_005,cabinet_005,2026-09-07 00:10:00+00:00,60.939981857239935,29.491733318058188,1.4005382521122784,6.16079378374323,72.96813440725123,11.951264974332165,good,synthetic_device_spec_v11
synthetic_customer_005,cabinet_005,2026-09-07 00:20:00+00:00,60.781345088465905,29.34050921480785,1.3988170588561535,6.165303534176536,75.60051647327742,11.889736129912862,good,synthetic_device_spec_v11
synthetic_customer_005,cabinet_005,2026-09-07 00:30:00+00:00,60.895107854858814,29.151915591451004,1.3968795130727016,6.169999235559564,75.80738929978205,12.066464728998124,good,synthetic_device_spec_v11
synthetic_customer_005,cabinet_005,2026-09-07 00:40:00+00:00,60.545380908437686,28.806972126319895,1.3936144622486177,6.166906342730889,75.32007532466608,0.06344314702455886,good,synthetic_device_spec_v11
synthetic_customer_005,cabinet_005,2026-09-07 00:50:00+00:00,60.90869158423224,28.691588046165254,1.4053246503710635,6.169999449427042,76.1694635679908,0.07259012795478081,good,synthetic_device_spec_v11
synthetic_customer_005,cabinet_005,2026-09-07 01:00:00+00:00,60.64925001236796,28.313343324510782,1.4022536865991237,6.170728096841767,77.07215891180768,0.0,good,synthetic_device_spec_v11
synthetic_customer_005,cabinet_005,2026-09-07 01:10:00+00:00,61.042325899668974,28.314274839141245,1.4010983120101501,6.17660388611948,78.3411933636909,0.0,good,synthetic_device_spec_v11
synthetic_customer_005,cabinet_005,2026-09-07 01:20:00+00:00,61.24017570961711,27.9237339002225,1.4006169011363085,6.169708813033303,78.01060802508105,0.17551918936166439,good,synthetic_device_spec_v11
synthetic_customer_005,cabinet_005,2026-09-07 01:30:00+00:00,61.28416059365635,27.75538797204942,1.399696293769223,6.174187355358704,76.67363722609763,0.23172518851068066,good,synthetic_device_spec_v11
synthetic_customer_005,cabinet_005,2026-09-07 01:40:00+00:00,61.57050301453376,27.737532865186186,1.3969177592829458,6.1777671054678915,77.80807264088737,0.0,good,synthetic_device_spec_v11
synthetic_customer_005,cabinet_005,2026-09-07 01:50:00+00:00,61.62871070440105,27.40553335887792,1.3894593803108373,6.177531574933657,77.45119624045502,0.0,good,synthetic_device_spec_v11
synthetic_customer_005,cabinet_005,2026-09-07 02:00:00+00:00,62.13627556715326,27.192216805046943,1.3916712900461208,6.179687770235875,78.83548819904645,0.08359661314829189,good,synthetic_device_spec_v11
synthetic_customer_005,cabinet_005,2026-09-07 02:10:00+00:00,62.045955146057935,26.915794464111865,1.3966046405168822,6.188502232147282,77.41024519176692,0.142497875610557,good,synthetic_device_spec_v11
synthetic_customer_005,cabinet_005,2026-09-07 02:20:00+00:00,62.307667341084084,26.854320876672062,1.3902224570381783,6.189919019750732,80.0190348809494,0.0,good,synthetic_device_spec_v11
synthetic_customer_005,cabinet_005,2026-09-07 02:30:00+00:00,62.5376888609385,26.585648909085222,1.3937831524653033,6.188768080021986,78.14218321535753,0.0,good,synthetic_device_spec_v11
synthetic_customer_005,cabinet_005,2026-09-07 02:40:00+00:00,63.106051451306335,26.343689185250568,1.3991850781925403,6.200810777667442,80.29664629901845,0.04297738166737872,good,synthetic_device_spec_v11
synthetic_customer_005,cabinet_005,2026-09-07 02:50:00+00:00,63.24279910929008,26.081918253326617,1.4012848609382562,6.207222154068493,79.86334329259499,0.102352162505845,good,synthetic_device_spec_v11
synthetic_customer_005,cabinet_005,2026-09-07 03:00:00+00:00,63.37735843997054,25.90237590192151,1.3965214698365753,6.205858383301982,79.25820779137338,0.011419250545204937,good,synthetic_device_spec_v11
synthetic_customer_005,cabinet_005,2026-09-07 03:10:00+00:00,63.8687936009775,25.534198127083037,1.3951621217559185,6.211021047180141,80.43759813861891,0.0,good,synthetic_device_spec_v11
synthetic_customer_005,cabinet_005,2026-09-07 03:20:00+00:00,63.91241621949873,25.55480154590514,1.4029511094180713,6.218677805980653,80.5531321378672,0.0,good,synthetic_device_spec_v11
synthetic_customer_005,cabinet_005,2026-09-07 03:30:00+00:00,64.23842835777386,25.341352797082532,1.4076043205414819,6.22230468853833,81.58459179996262,0.01526323150002216,good,synthetic_device_spec_v11
synthetic_customer_005,cabinet_005,2026-09-07 03:40:00+00:00,64.33821412954538,25.14996556893725,1.4066895757451259,6.227739982810189,80.30348209245156,0.06713690087775186,good,synthetic_device_spec_v11
synthetic_customer_005,cabinet_005,2026-09-07 03:50:00+00:00,64.9578340229786,25.00399401711081,1.4136244923751429,6.230182499288653,81.34858826159721,0.0,good,synthetic_device_spec_v11
synthetic_customer_005,cabinet_005,2026-09-07 04:00:00+00:00,65.18930378520804,24.702571457798463,1.4102249010980337,6.2260376492274245,81.64047646437969,0.12136708715020751,good,synthetic_device_spec_v11
synthetic_customer_005,cabinet_005,2026-09-07 04:10:00+00:00,65.28106588884079,24.848401070739808,1.4237064775947237,6.243356627830797,82.90177801944768,0.0,good,synthetic_device_spec_v11
synthetic_customer_005,cabinet_005,2026-09-07 04:20:00+00:00,65.92321787411655,24.41420185587892,1.4175225948956056,6.234394202161287,82.65729069029639,0.0,good,synthetic_device_spec_v11
synthetic_customer_005,cabinet_005,2026-09-07 04:30:00+00:00,66.1442021467141,24.318936652960463,1.418249089564238,6.2397967680639645,82.77710992160917,0.07165831508530791,good,synthetic_device_spec_v11
synthetic_customer_005,cabinet_005,2026-09-07 04:40:00+00:00,66.33928289702759,24.25241827082972,1.4269129863333034,6.247299188233751,82.65150225497514,0.08798869375195638,good,synthetic_device_spec_v11
synthetic_customer_005,cabinet_005,2026-09-07 04:50:00+00:00,66.71032333464277,24.192576134247204,1.4303060097214135,6.254902915740672,82.76600688320713,0.0,good,synthetic_device_spec_v11
synthetic_customer_005,cabinet_005,2026-09-07 05:00:00+00:00,66.9898301171117,23.881249382832063,1.4265162120196906,6.255185274857914,83.20317990631928,0.052444050619423185,good,synthetic_device_spec_v11
synthetic_customer_005,cabinet_005,2026-09-07 05:10:00+00:00,67.31035283469457,23.778440976256693,1.4364160261211412,6.265105499580387,82.66845850884674,4.541379246697611e-05,good,synthetic_device_spec_v11
synthetic_customer_005,cabinet_005,2026-09-07 05:20:00+00:00,67.71624949104462,23.72513526251712,1.4337559626971241,6.256771384215155,83.06869052300645,0.03267544785425324,good,synthetic_device_spec_v11
synthetic_customer_005,cabinet_005,2026-09-07 05:30:00+00:00,68.23836400342971,23.67358905064319,1.4432912931883537,6.275028322218597,81.73631680564512,0.0,good,synthetic_device_spec_v11
synthetic_customer_005,cabinet_005,2026-09-07 05:40:00+00:00,68.41688516836044,23.542081018881674,1.4552658366079356,6.27569404984018,81.93381292535497,0.11266862897205039,good,synthetic_device_spec_v11
synthetic_customer_005,cabinet_005,2026-09-07 05:50:00+00:00,68.83548373103194,23.553300986393708,1.4612833198691568,6.2732092417135945,82.2682464307381,0.09316343292369499,good,synthetic_device_spec_v11
synthetic_customer_005,cabinet_005,2026-09-07 06:00:00+00:00,69.14845288657908,23.32007021667945,1.4619375015322922,6.2859632453893495,83.69548496881897,0.0,good,synthetic_device_spec_v11
synthetic_customer_005,cabinet_005,2026-09-07 06:10:00+00:00,69.62865751646156,23.45432787448374,1.468644453460606,6.288946358498953,85.31208813775135,0.04350850553878587,good,synthetic_device_spec_v11
synthetic_customer_005,cabinet_005,2026-09-07 06:20:00+00:00,69.72872967748222,23.21276163473182,1.4724337082029741,6.302606553047855,82.71556374115379,0.07869192634817293,good,synthetic_device_spec_v11
synthetic_customer_005,cabinet_005,2026-09-07 06:30:00+00:00,70.01077275783433,23.254006609860557,1.4754481485306827,6.306965467067833,83.44987431348794,12.10382831085973,good,synthetic_device_spec_v11
synthetic_customer_005,cabinet_005,2026-09-07 06:40:00+00:00,70.58330513329788,23.289014774958464,1.4732387792258426,6.302991466576,83.59564086881078,0.0,good,synthetic_device_spec_v11
synthetic_customer_005,cabinet_005,2026-09-07 06:50:00+00:00,70.87445070394187,23.122909653654546,1.4733526974935487,6.311080576693105,84.27020820850268,0.0,good,synthetic_device_spec_v11
synthetic_customer_005,cabinet_005,2026-09-07 07:00:00+00:00,71.26220049581924,22.93797683294154,1.4817270979964752,6.312998469334451,83.6624438133907,0.03739421485400149,good,synthetic_device_spec_v11
synthetic_customer_005,cabinet_005,2026-09-07 07:10:00+00:00,71.84189329641696,23.131712940064155,1.4892307646022582,6.328866744012748,82.16091076615194,0.0,good,synthetic_device_spec_v11
synthetic_customer_005,cabinet_005,2026-09-07 07:20:00+00:00,72.02478863481473,23.048882838874473,1.5019008659202118,6.33342050848174,84.23302994925754,0.0,good,synthetic_device_spec_v11
synthetic_customer_005,cabinet_005,2026-09-07 07:30:00+00:00,72.51997398690189,22.94491938763163,1.5120839471209937,6.334379312288408,84.19431741743942,0.12057518502645108,good,synthetic_device_spec_v11
synthetic_customer_005,cabinet_005,2026-09-07 07:40:00+00:00,72.40485313160252,23.070694669841934,1.5117219164186542,6.332748621126929,83.36806824610706,0.13376242845791073,good,synthetic_device_spec_v11
synthetic_customer_005,cabinet_005,2026-09-07 07:50:00+00:00,73.05212153460067,22.834358657168657,1.5160949964340753,6.347918072918406,82.91303727041903,0.0,good,synthetic_device_spec_v11
synthetic_customer_005,cabinet_005,2026-09-07 08:00:00+00:00,73.2630344193222,23.023036586166434,1.5224318046225462,6.349739804943333,83.75405181925214,0.0,good,synthetic_device_spec_v11
synthetic_customer_005,cabinet_005,2026-09-07 09:10:00+00:00,74.86018157079684,23.498127236751273,1.565561138961747,6.381906817522288,83.98207843808864,0.0,good,synthetic_device_spec_v11
synthetic_customer_005,cabinet_005,2026-09-07 09:20:00+00:00,74.97272082955672,23.63045540007363,1.5794707597770878,6.395695570412688,83.92392747200012,0.0,good,synthetic_device_spec_v11
synthetic_customer_005,cabinet_005,2026-09-07 09:30:00+00:00,75.32599438778907,23.755918859014567,1.5821418663581064,6.406084032807881,83.36123241113371,0.0,good,synthetic_device_spec_v11
synthetic_customer_005,cabinet_005,2026-09-07 09:40:00+00:00,75.58956551696451,23.904085585253014,1.5887801055516653,6.410500420460085,82.39384577730402,0.07877443815653001,good,synthetic_device_spec_v11
synthetic_customer_005,cabinet_005,2026-09-07 09:50:00+00:00,75.74977238030122,23.87963255005744,,6.406011189487774,82.68159351978751,0.0,good,synthetic_device_spec_v11
synthetic_customer_005,cabinet_005,2026-09-07 10:00:00+00:00,75.81254006240188,24.101299720748642,1.6020503890472242,6.4180150672588345,81.10335369641508,0.0,good,synthetic_device_spec_v11
synthetic_customer_005,cabinet_005,2026-09-07 10:10:00+00:00,76.04824802757551,24.212058185363777,1.6118629675611351,6.427865673166208,81.0857642101797,0.03512442669043531,good,synthetic_device_spec_v11
synthetic_customer_005,cabinet_005,2026-09-07 10:20:00+00:00,76.04162051198952,24.24989648838266,1.6144026735781998,6.433714047566251,81.98649921348867,0.07639522634266858,good,synthetic_device_spec_v11
synthetic_customer_005,cabinet_005,2026-09-07 10:30:00+00:00,76.16446850531419,24.447077592507956,1.628554481876685,6.4389382894027785,81.46932734116875,0.1666372474200639,good,synthetic_device_spec_v11
synthetic_customer_005,cabinet_005,2026-09-07 10:40:00+00:00,76.41752116244544,24.821967132667254,1.6317138129709006,6.424333181962403,81.28930683203251,0.044338210201491306,good,synthetic_device_spec_v11
synthetic_customer_005,cabinet_005,2026-09-07 10:50:00+00:00,76.45094459328863,24.855812678099323,1.6345327554549463,6.44689577727228,83.34336747857624,0.05657338708551582,good,synthetic_device_spec_v11
synthetic_customer_005,cabinet_005,2026-09-07 11:00:00+00:00,76.69270197550054,25.047544883173646,1.6532619123204493,6.459373722553245,82.119219547023,0.030820193417973842,good,synthetic_device_spec_v11
synthetic_customer_005,cabinet_005,2026-09-07 11:10:00+00:00,76.72568994076268,24.99775828138343,1.655919965274805,6.466506640961089,81.14675666016743,0.09187382651881162,good,synthetic_device_spec_v11
synthetic_customer_005,cabinet_005,2026-09-07 11:20:00+00:00,76.60678133598662,25.347847167964694,1.6589829869398995,6.465614260087219,79.64965668049074,0.0,good,synthetic_device_spec_v11
synthetic_customer_005,cabinet_005,2026-09-07 11:30:00+00:00,76.74069467399949,25.528884734090642,1.6655766994750119,6.470122389374227,79.77626028776574,0.0,good,synthetic_device_spec_v11
synthetic_customer_005,cabinet_005,2026-09-07 11:40:00+00:00,76.59047909112633,25.95323697110542,1.6662216251992785,6.474267250476901,81.12127725386355,0.13782084972989136,good,synthetic_device_spec_v11
synthetic_customer_005,cabinet_005,2026-09-07 11:50:00+00:00,76.6593440192822,26.16652977373671,1.6815270553832198,6.496549721818249,80.78652704713573,0.0868104671407123,good,synthetic_device_spec_v11
synthetic_customer_005,cabinet_005,2026-09-07 12:00:00+00:00,76.63219162349614,26.28076712809723,1.6878658300937617,6.495955948550868,80.85977199002596,0.11034812459083858,good,synthetic_device_spec_v11
synthetic_customer_005,cabinet_005,2026-09-07 12:10:00+00:00,76.61303291175389,26.48492872629367,1.688491654510868,6.49535296455112,81.19289778233183,12.027741037065882,good,synthetic_device_spec_v11
synthetic_customer_005,cabinet_005,2026-09-07 12:20:00+00:00,76.81768888877612,26.70202802909892,1.6960631808468258,6.507919625938122,80.54581242405116,12.131503182870286,good,synthetic_device_spec_v11
synthetic_customer_005,cabinet_005,2026-09-07 12:30:00+00:00,76.46933638847398,26.914289963132514,1.7059933461160233,6.505997400663725,77.59313521706673,12.073211165500604,good,synthetic_device_spec_v11
synthetic_customer_005,cabinet_005,2026-09-07 12:40:00+00:00,76.56267361780168,26.90059294890601,1.7127110307445403,6.516507160473452,77.51106745049428,0.0,good,synthetic_device_spec_v11
synthetic_customer_005,cabinet_005,2026-09-07 12:50:00+00:00,76.67496699750592,27.463532399509067,1.717924609792565,6.5169242415327435,77.37591833908763,0.0,good,synthetic_device_spec_v11
synthetic_customer_005,cabinet_005,2026-09-07 13:00:00+00:00,76.21587151466147,27.531439369902735,1.7252932913091028,6.526083024387779,77.94989282686095,0.0,good,synthetic_device_spec_v11
synthetic_customer_005,cabinet_005,2026-09-07 13:10:00+00:00,76.20401876584748,27.817212565381233,1.7376143115641312,6.535280333784736,78.58805066839153,0.10323761215769395,good,synthetic_device_spec_v11
synthetic_customer_005,cabinet_005,2026-09-07 13:20:00+00:00,76.03521075022284,28.057178444535097,1.7407754717716823,6.544289084342333,76.45667698124552,0.06831369350730997,good,synthetic_device_spec_v11
synthetic_customer_005,cabinet_005,2026-09-07 13:30:00+00:00,75.91210456786982,28.20197278454728,1.7466680949818543,6.54272392127048,77.4569336784048,2.5939960277616083,good,synthetic_device_spec_v11
synthetic_customer_005,cabinet_005,2026-09-07 13:40:00+00:00,75.87599993907531,28.43008167220613,1.7485820827311593,6.548548075237644,76.34839431688975,2.4573277894177967,good,synthetic_device_spec_v11
synthetic_customer_005,cabinet_005,2026-09-07 13:50:00+00:00,75.51564019424254,28.74686923237485,1.765043027622223,6.550448706940804,75.70346547320592,2.635879273227123,good,synthetic_device_spec_v11
synthetic_customer_005,cabinet_005,2026-09-07 14:00:00+00:00,75.41948708270745,28.72645318801343,1.7628420516945924,6.563380314508106,74.95927851356133,2.5327655788242796,good,synthetic_device_spec_v11
synthetic_customer_005,cabinet_005,2026-09-07 14:10:00+00:00,75.24153616981575,29.08151673443133,1.7787030311963388,6.569688963587987,75.90039194618889,0.0,good,synthetic_device_spec_v11
synthetic_customer_005,cabinet_005,2026-09-07 14:20:00+00:00,75.03091018470941,29.326067328617455,1.77449878774479,6.5712156472415835,75.93225224617821,0.0,good,synthetic_device_spec_v11
synthetic_customer_005,cabinet_005,2026-09-07 14:30:00+00:00,74.65263129919877,29.4278162720358,1.7837956624309501,6.5734973586441585,74.93715193513482,0.0,good,synthetic_device_spec_v11
synthetic_customer_005,cabinet_005,2026-09-07 14:40:00+00:00,74.38139029968545,29.734051478036903,1.7851951130833281,6.580571374382566,75.61916926249938,0.0,good,synthetic_device_spec_v11
synthetic_customer_005,cabinet_005,2026-09-07 14:50:00+00:00,74.15779525978829,29.980141692863352,1.7903599862636121,6.579925127972063,74.74072660464618,0.0,good,synthetic_device_spec_v11
synthetic_customer_005,cabinet_005,2026-09-07 15:00:00+00:00,74.07672690395782,29.958744614720295,1.7890470307210609,6.587155580720548,74.2225861498496,0.0,good,synthetic_device_spec_v11
synthetic_customer_005,cabinet_005,2026-09-07 15:10:00+00:00,73.59184985785751,30.084479337546895,1.8079080888283405,6.592870135802111,74.7137136046713,0.0,good,synthetic_device_spec_v11
synthetic_customer_005,cabinet_005,2026-09-07 15:20:00+00:00,73.32035495562153,30.280584782267717,1.805941783924536,6.599480892849966,74.03319646246737,0.0,good,synthetic_device_spec_v11
synthetic_customer_005,cabinet_005,2026-09-07 15:30:00+00:00,73.08589896699948,30.533163608199526,1.8137280811447016,6.598204037076598,73.43516130750514,0.0,good,synthetic_device_spec_v11
synthetic_customer_005,cabinet_005,2026-09-07 15:40:00+00:00,72.74900329379275,30.82480750526212,1.8132796955590442,6.608615598821449,73.91354660054643,0.0,good,synthetic_device_spec_v11
synthetic_customer_005,cabinet_005,2026-09-07 15:50:00+00:00,72.38720692550702,30.936687104613682,1.824116988896359,6.615492385556822,71.65877981596785,0.0,good,synthetic_device_spec_v11
synthetic_customer_005,cabinet_005,2026-09-07 16:00:00+00:00,72.04436921226068,31.162479779105993,1.8249686426857021,6.6240509150193585,74.31788752979759,0.0,good,synthetic_device_spec_v11
synthetic_customer_005,cabinet_005,2026-09-07 16:10:00+00:00,71.89311326785197,31.381892678429185,1.8271816488350061,6.617983907908607,73.79661394897866,0.0,good,synthetic_device_spec_v11
synthetic_customer_005,cabinet_005,2026-09-07 16:20:00+00:00,71.64459344605375,31.45756634961633,1.8344154350383133,6.62597931999015,72.77843733996208,0.09455652269069204,good,synthetic_device_spec_v11
synthetic_customer_005,cabinet_005,2026-09-07 16:30:00+00:00,71.18797950220478,31.428197134506686,1.8343239199870334,6.631702516149611,75.03182265918056,0.0,good,synthetic_device_spec_v11
synthetic_customer_005,cabinet_005,2026-09-07 16:40:00+00:00,70.94853455143236,31.75962680629914,1.8440498714287936,6.6407265248968255,73.45038607856375,0.07343901438772289,good,synthetic_device_spec_v11
synthetic_customer_005,cabinet_005,2026-09-07 16:50:00+00:00,70.67644816673211,31.922010552093493,1.851164013634472,6.634278101265283,72.53106686061966,0.0,good,synthetic_device_spec_v11
synthetic_customer_005,cabinet_005,2026-09-07 17:00:00+00:00,70.36111621964378,32.03557092871005,1.8479306051664766,6.643194908949721,71.28909867350457,0.0,good,synthetic_device_spec_v11
synthetic_customer_005,cabinet_005,2026-09-07 17:10:00+00:00,69.92998702841386,32.01588587730983,1.8468055834875405,6.651333464164301,71.82287920353068,0.0,good,synthetic_device_spec_v11
synthetic_customer_005,cabinet_005,2026-09-07 17:20:00+00:00,69.36389595450618,32.1203116032659,1.8499386879415753,6.649393084614407,70.86836755291748,0.03560979007436672,good,synthetic_device_spec_v11
synthetic_customer_005,cabinet_005,2026-09-07 17:30:00+00:00,69.06038743854305,32.31025169704348,1.853224657904648,6.655434833783878,72.0709787077913,0.03818688898472785,good,synthetic_device_spec_v11
synthetic_customer_005,cabinet_005,2026-09-07 17:40:00+00:00,68.81062511490774,32.585033154783105,1.8603388828037166,6.655957151832181,71.89958205907392,0.0740192560652575,good,synthetic_device_spec_v11
synthetic_customer_005,cabinet_005,2026-09-07 17:50:00+00:00,68.4757470974939,32.59282767455074,1.866553724373556,6.651475002382504,70.88082225047206,0.011969575781947297,good,synthetic_device_spec_v11
synthetic_customer_005,cabinet_005,2026-09-07 18:00:00+00:00,68.27925699545648,32.61296564529359,1.8636326196636894,6.663143639941911,70.86719507072223,0.003213427980049601,good,synthetic_device_spec_v11
synthetic_customer_005,cabinet_005,2026-09-07 18:10:00+00:00,67.79496756095604,32.64149964645929,1.867518280060871,6.6708844598008215,71.55932614328718,11.849044156856376,good,synthetic_device_spec_v11
synthetic_customer_005,cabinet_005,2026-09-07 18:20:00+00:00,67.3844234362768,32.768665641196066,1.869684639780338,6.676202872270141,70.23025063696082,11.973986272280438,good,synthetic_device_spec_v11
synthetic_customer_005,cabinet_005,2026-09-07 18:30:00+00:00,66.96701681843277,32.71917580420733,1.8763116500338128,6.673957677445979,72.12831587578064,11.899699023183178,good,synthetic_device_spec_v11
synthetic_customer_005,cabinet_005,2026-09-07 18:40:00+00:00,66.75966486071079,32.69731649047525,1.8730351791313116,6.68220923765118,74.45426651942918,0.03739041893388265,good,synthetic_device_spec_v11
synthetic_customer_005,cabinet_005,2026-09-07 18:50:00+00:00,66.36483564956558,32.933145229249064,1.8655580740801436,6.681376170982079,70.91187090744602,0.09684647545584747,good,synthetic_device_spec_v11
synthetic_customer_005,cabinet_005,2026-09-07 19:00:00+00:00,66.18309418695473,32.90028057613279,1.8758029229545707,6.685558782920378,70.14280312491636,0.12018263909720023,good,synthetic_device_spec_v11
synthetic_customer_005,cabinet_005,2026-09-07 20:00:00+00:00,64.33200044849133,32.84577602013662,1.8909878502623398,6.691518097613865,70.53266215483917,0.05030241305439125,good,synthetic_device_spec_v11
synthetic_customer_005,cabinet_005,2026-09-07 20:10:00+00:00,64.03655731906008,32.672795905640704,1.8819000737832647,6.698667735441321,72.06812837555542,0.0,good,synthetic_device_spec_v11
synthetic_customer_005,cabinet_005,2026-09-07 20:20:00+00:00,63.68992729779912,32.6468461194103,1.8816163093709066,6.7012074773517325,70.67422063251323,0.0,good,synthetic_device_spec_v11
synthetic_customer_005,cabinet_005,2026-09-07 20:30:00+00:00,63.53202996205426,32.707331519302365,1.8779225881194344,6.703875051057064,71.4940121230545,0.011974001965988402,good,synthetic_device_spec_v11
synthetic_customer_005,cabinet_005,2026-09-07 20:40:00+00:00,63.25937923422129,32.45130703944842,1.8809056654629843,6.6983000679000275,71.24940157565447,0.0,good,synthetic_device_spec_v11
synthetic_customer_005,cabinet_005,2026-09-07 20:50:00+00:00,62.7667702323967,32.420232678268164,1.878756297766809,6.698726351576091,70.66421244027971,0.0,good,synthetic_device_spec_v11
synthetic_customer_005,cabinet_005,2026-09-07 21:00:00+00:00,62.79947172910867,32.25162508209151,1.8760614921017509,6.705063226572881,72.3347088017916,0.0,good,synthetic_device_spec_v11
synthetic_customer_005,cabinet_005,2026-09-07 21:10:00+00:00,62.46682134829027,32.10946053894031,1.8758526234277613,6.706168413692904,73.11834194294153,0.03856747856904958,good,synthetic_device_spec_v11
synthetic_customer_005,cabinet_005,2026-09-07 21:20:00+00:00,62.15440276457964,32.178984082856175,1.8726962133466474,6.71238175133023,73.68581019313542,0.18137020559746117,good,synthetic_device_spec_v11
synthetic_customer_005,cabinet_005,2026-09-07 21:30:00+00:00,62.187936688758946,31.967240440724957,1.8678090606481148,6.705430241639623,71.85170162275864,0.021000949423637855,good,synthetic_device_spec_v11
synthetic_customer_005,cabinet_005,2026-09-07 21:40:00+00:00,61.890015371558945,32.020371204867395,1.8674600688680807,6.704969260554708,72.09014892732048,0.13112306935598436,good,synthetic_device_spec_v11
synthetic_customer_005,cabinet_005,2026-09-07 21:50:00+00:00,61.88668150135555,31.78610439952464,,6.706965877739948,72.2535652921119,0.08567087904023735,good,synthetic_device_spec_v11
synthetic_customer_005,cabinet_005,2026-09-07 22:00:00+00:00,61.80635684071125,31.54440968942084,1.8664506545671327,6.704442825170421,73.27013388790677,0.007363241613699646,good,synthetic_device_spec_v11
synthetic_customer_005,cabinet_005,2026-09-07 22:10:00+00:00,61.44384352481813,31.60497023046469,1.8575707775782866,6.707727241209877,73.22313579235532,0.0,good,synthetic_device_spec_v11
synthetic_customer_005,cabinet_005,2026-09-07 22:20:00+00:00,61.22825483754963,31.354875184067943,1.8495759725077328,6.70697215510835,73.16294108830932,0.0,good,synthetic_device_spec_v11
synthetic_customer_005,cabinet_005,2026-09-07 22:30:00+00:00,61.033778831418985,31.220419918245543,1.8586748738973695,6.700569153814392,72.60953076133052,0.0,good,synthetic_device_spec_v11
synthetic_customer_005,cabinet_005,2026-09-07 22:40:00+00:00,61.00145869944871,31.124940976100294,1.8469123812913046,6.710587335068552,74.55596382715859,0.0,good,synthetic_device_spec_v11
synthetic_customer_005,cabinet_005,2026-09-07 22:50:00+00:00,60.98834727472918,30.80700480217132,1.8491450499996291,6.704562730226333,72.74233013753346,0.0,good,synthetic_device_spec_v11
synthetic_customer_005,cabinet_005,2026-09-07 23:00:00+00:00,60.88801134732533,30.867348557962725,1.8403666184194578,6.698375907066237,73.28803778538507,0.0,good,synthetic_device_spec_v11
synthetic_customer_005,cabinet_005,2026-09-07 23:10:00+00:00,61.06176623727741,30.676707986935288,1.844411548886119,6.703792544853395,74.80317030997215,0.06588080741060068,good,synthetic_device_spec_v11
synthetic_customer_005,cabinet_005,2026-09-07 23:20:00+00:00,60.670943315208284,30.412941168364426,1.8448472503118893,6.705593978935002,74.55165167997309,0.0,good,synthetic_device_spec_v11
synthetic_customer_005,cabinet_005,2026-09-07 23:30:00+00:00,60.85259415074979,30.27853826519265,1.826776225529231,6.703445887847096,74.86198157970742,0.0,good,synthetic_device_spec_v11
synthetic_customer_005,cabinet_005,2026-09-07 23:40:00+00:00,60.83416717386468,29.892993932034766,1.8281312963665841,6.7003301546460685,75.17139255543252,0.0507141326015131,good,synthetic_device_spec_v11
synthetic_customer_005,cabinet_005,2026-09-07 23:50:00+00:00,60.915413635572136,29.929942028393704,1.8308728283203572,6.701878079786955,74.42322751328166,0.0,good,synthetic_device_spec_v11
synthetic_customer_005,cabinet_005,2026-09-08 00:00:00+00:00,60.67407621460694,29.652514718462857,1.8189960439840829,6.704245405919769,75.40921674913069,0.0,good,synthetic_device_spec_v11
synthetic_customer_005,cabinet_005,2026-09-08 00:10:00+00:00,60.83305290372675,29.36216387444749,1.8209643112209415,6.69020790471501,76.2986696934896,12.013722937887364,good,synthetic_device_spec_v11
synthetic_customer_005,cabinet_005,2026-09-08 00:20:00+00:00,60.85145879460949,29.29306109247394,1.8127449636003252,6.698099365842963,74.44779569027325,12.017578898920656,good,synthetic_device_spec_v11
synthetic_customer_005,cabinet_005,2026-09-08 00:30:00+00:00,61.163171118949116,28.947590703164,1.8111159034159345,6.696944222922217,75.71470438028224,12.039394940099731,good,synthetic_device_spec_v11
synthetic_customer_005,cabinet_005,2026-09-08 00:40:00+00:00,60.97972620680909,28.776286093426013,1.7936769683661193,6.694607368549908,78.54307442524596,0.073637964171186,good,synthetic_device_spec_v11
synthetic_customer_005,cabinet_005,2026-09-08 00:50:00+00:00,61.21469949200338,28.542600246487318,1.7843501681224156,6.688616063020496,78.14112751980088,0.0,good,synthetic_device_spec_v11
synthetic_customer_005,cabinet_005,2026-09-08 01:00:00+00:00,61.18492557157097,28.23398400950832,1.7916667447727779,6.687195414974339,78.2429954853031,0.08762037096391649,good,synthetic_device_spec_v11
synthetic_customer_005,cabinet_005,2026-09-08 01:10:00+00:00,61.29999559545874,28.207316287761955,1.7807769369634205,6.691075713109134,76.8149766161074,0.0,good,synthetic_device_spec_v11
synthetic_customer_005,cabinet_005,2026-09-08 01:20:00+00:00,61.55288140476094,27.987978790903938,1.7768868649855374,6.689155427970878,77.58448219549096,0.11004814840168861,good,synthetic_device_spec_v11
synthetic_customer_005,cabinet_005,2026-09-08 01:30:00+00:00,61.408939303279475,27.64041743889863,1.7643307651555151,6.687296110369311,77.1721647452013,0.0,good,synthetic_device_spec_v11
synthetic_customer_005,cabinet_005,2026-09-08 01:40:00+00:00,61.87660602241929,27.52077399479346,1.7659378804442607,6.688407653051994,77.23762120622555,0.0,good,synthetic_device_spec_v11
synthetic_customer_005,cabinet_005,2026-09-08 01:50:00+00:00,61.914427996127124,27.245971684760818,1.751008682660973,6.682256451272383,77.56063144156971,0.0,good,synthetic_device_spec_v11
synthetic_customer_005,cabinet_005,2026-09-08 02:00:00+00:00,62.30201046506697,27.069723983692512,1.7565929291379725,6.67969842915432,78.71250052228386,0.0,good,synthetic_device_spec_v11
synthetic_customer_005,cabinet_005,2026-09-08 02:10:00+00:00,62.459593116616816,26.82002851453975,1.745155393728432,6.679580617858893,79.98981651419362,0.06582276375702312,good,synthetic_device_spec_v11
synthetic_customer_005,cabinet_005,2026-09-08 02:20:00+00:00,62.79175596439514,26.592854667985225,1.7404708450402018,6.671579605047941,78.83628903304887,0.039931219307043415,good,synthetic_device_spec_v11
synthetic_customer_005,cabinet_005,2026-09-08 02:30:00+00:00,62.60916413637361,26.493124309671373,1.7362402477428434,6.679307892114494,77.49538154421609,0.0,good,synthetic_device_spec_v11
synthetic_customer_005,cabinet_005,2026-09-08 02:40:00+00:00,63.281443346620954,26.2544095845816,1.7308963970404554,6.676936290562844,80.529595568133,0.0,good,synthetic_device_spec_v11
synthetic_customer_005,cabinet_005,2026-09-08 02:50:00+00:00,63.318827284919436,26.060666425751364,1.7202982428746287,6.670645829595018,79.23866802320615,0.028639291552638613,good,synthetic_device_spec_v11
synthetic_customer_005,cabinet_005,2026-09-08 03:00:00+00:00,63.40535201420159,25.874168811013227,1.7094159695318378,6.660928154437759,80.50195276552277,0.0,good,synthetic_device_spec_v11
synthetic_customer_005,cabinet_005,2026-09-08 03:10:00+00:00,63.93330949010435,25.720597456594348,1.7036186053104496,6.656511589893247,79.74463633218741,0.04179570083743496,good,synthetic_device_spec_v11
synthetic_customer_005,cabinet_005,2026-09-08 03:20:00+00:00,64.25880827522077,25.42879687357861,1.6933829876408908,6.656041409343407,80.58475662824945,0.12677124847392668,good,synthetic_device_spec_v11
synthetic_customer_005,cabinet_005,2026-09-08 03:30:00+00:00,64.42662145141448,25.258853565895325,1.6907610810003435,6.651831632508825,80.03927431943508,0.0,good,synthetic_device_spec_v11
synthetic_customer_005,cabinet_005,2026-09-08 03:40:00+00:00,64.73083760645972,25.02763548451712,1.6870270986180482,6.645388823753706,80.16368872682722,0.09453964573799754,good,synthetic_device_spec_v11
synthetic_customer_005,cabinet_005,2026-09-08 03:50:00+00:00,65.03705345702795,24.811752843299136,1.6779218812557635,6.646657618300226,80.89249793319304,0.07585768676655193,good,synthetic_device_spec_v11
synthetic_customer_005,cabinet_005,2026-09-08 04:00:00+00:00,65.4702432110811,24.707199394511584,1.666212467030074,6.635497225596481,81.25392343015885,0.06844275991073007,good,synthetic_device_spec_v11
synthetic_customer_005,cabinet_005,2026-09-08 04:10:00+00:00,65.74827844605333,24.466893649521133,1.660185049899121,6.6400397499394135,81.95885282608104,0.0,good,synthetic_device_spec_v11
synthetic_customer_005,cabinet_005,2026-09-08 04:20:00+00:00,65.89111193543302,24.27970545610393,1.6556718678141056,6.631527696650611,83.41269278893284,0.0,good,synthetic_device_spec_v11
synthetic_customer_005,cabinet_005,2026-09-08 04:30:00+00:00,66.26405499304656,24.093794850042297,1.656573167888928,6.629881757669097,82.95081636070132,0.0,good,synthetic_device_spec_v11
synthetic_customer_005,cabinet_005,2026-09-08 04:40:00+00:00,66.66410661983419,23.89624514929564,1.639353779898966,6.622535352528715,82.82020101743791,0.09605749256043283,good,synthetic_device_spec_v11
synthetic_customer_005,cabinet_005,2026-09-08 04:50:00+00:00,66.94788337502975,23.94657012663667,1.6387694215785775,6.614872615255952,80.99896207816012,0.0,good,synthetic_device_spec_v11
synthetic_customer_005,cabinet_005,2026-09-08 05:00:00+00:00,67.24132407023257,23.767238560027987,1.631357372545005,6.615724312686516,83.86513586104257,0.06365251327194615,good,synthetic_device_spec_v11
synthetic_customer_005,cabinet_005,2026-09-08 05:10:00+00:00,67.83123555677793,23.683010976732874,1.6193002885276246,6.605269008820527,83.81169617764733,0.04237544077764012,good,synthetic_device_spec_v11
synthetic_customer_005,cabinet_005,2026-09-08 05:20:00+00:00,68.20900930081417,23.653839854296063,1.6112051736850126,6.606640829823671,81.59364343645791,0.0,good,synthetic_device_spec_v11
synthetic_customer_005,cabinet_005,2026-09-08 05:30:00+00:00,68.31384533833132,23.49661013507677,1.6002122681649333,6.597949679350498,84.24836597403052,0.0,good,synthetic_device_spec_v11
synthetic_customer_005,cabinet_005,2026-09-08 05:40:00+00:00,68.78216442121258,23.19271088817491,1.6007924458386489,6.583612832073211,83.94115914161434,0.10039779709312426,good,synthetic_device_spec_v11
synthetic_customer_005,cabinet_005,2026-09-08 05:50:00+00:00,69.10077278713688,23.18580170456747,1.5952746439969254,6.577866687234689,83.86550228144995,0.03680613296357992,good,synthetic_device_spec_v11
synthetic_customer_005,cabinet_005,2026-09-08 06:00:00+00:00,69.63935039000656,23.141591884240803,1.5836427591308597,6.577552641073989,84.08270722477003,0.0,good,synthetic_device_spec_v11
synthetic_customer_005,cabinet_005,2026-09-08 06:10:00+00:00,69.92556981425908,22.96953068902348,1.5780370564029813,6.568234200829853,83.32636782782862,11.893225823742462,good,synthetic_device_spec_v11
synthetic_customer_005,cabinet_005,2026-09-08 06:20:00+00:00,70.26612919791644,22.959219686450954,1.5774809573032764,6.5683718949260985,82.88170813892195,11.885945486172833,good,synthetic_device_spec_v11
synthetic_customer_005,cabinet_005,2026-09-08 06:30:00+00:00,70.50396165298005,23.191410466944962,1.5660002344335637,6.558888419432452,82.97611309771077,11.894566465896913,good,synthetic_device_spec_v11
synthetic_customer_005,cabinet_005,2026-09-08 06:40:00+00:00,70.80867655969205,22.789947775352925,1.555806263777392,6.5616584246094005,84.17026387806669,0.0,good,synthetic_device_spec_v11
synthetic_customer_005,cabinet_005,2026-09-08 06:50:00+00:00,71.45242021362776,22.7397810277013,1.5544227982029013,6.543836222308015,84.32064097717783,0.0,good,synthetic_device_spec_v11
synthetic_customer_005,cabinet_005,2026-09-08 07:00:00+00:00,71.40168611629052,22.935919105681684,1.549280463122524,6.5430208260220155,81.75996075903116,0.06753187113698633,good,synthetic_device_spec_v11
synthetic_customer_005,cabinet_005,2026-09-08 07:10:00+00:00,71.8539176451313,22.708376801128097,1.5367736848223876,6.526935988916261,85.17401962354948,0.13264223590974286,good,synthetic_device_spec_v11
synthetic_customer_005,cabinet_005,2026-09-08 07:20:00+00:00,72.27574701988087,22.704231994605536,1.5248696736728238,6.530854804209942,85.00124000685393,0.14832171459878438,good,synthetic_device_spec_v11
synthetic_customer_005,cabinet_005,2026-09-08 07:30:00+00:00,72.3730873017758,22.73116868766413,1.5212317340212547,6.528773715262239,84.36594327095189,0.0,good,synthetic_device_spec_v11
synthetic_customer_005,cabinet_005,2026-09-08 07:40:00+00:00,72.6982718980221,22.862854863302378,1.5207175639451007,6.517010270869058,84.26511454927376,0.010000771319005243,good,synthetic_device_spec_v11
synthetic_customer_005,cabinet_005,2026-09-08 07:50:00+00:00,73.13748023450154,22.7384210065372,1.5236893740203408,6.507884472469994,85.28482898864267,0.0,good,synthetic_device_spec_v11
synthetic_customer_005,cabinet_005,2026-09-08 08:00:00+00:00,73.49046937703073,22.848528902748782,1.507173719736599,6.5057387627614265,83.02822729831219,0.0856411544109734,good,synthetic_device_spec_v11
synthetic_customer_005,cabinet_005,2026-09-08 08:10:00+00:00,73.80108005635077,23.029265987105905,1.5020152194911092,6.494359901759039,84.3925335892558,0.0,bad,synthetic_device_spec_v11
synthetic_customer_005,cabinet_005,2026-09-08 08:20:00+00:00,73.84967019951418,22.92718403446225,1.494016192978811,6.4920916665467585,82.31998831731768,0.1805898571194872,bad,synthetic_device_spec_v11
synthetic_customer_005,cabinet_005,2026-09-08 08:30:00+00:00,74.2326018051217,22.875349315837088,1.4937306937603039,6.4878993922045805,84.74304287604488,0.09399427015292075,bad,synthetic_device_spec_v11
synthetic_customer_005,cabinet_005,2026-09-08 08:40:00+00:00,74.44952576722348,22.973586203357698,1.48704261499168,6.477579246565734,83.21949842812153,0.12438984254732878,good,synthetic_device_spec_v11
synthetic_customer_005,cabinet_005,2026-09-08 08:50:00+00:00,74.8237595185639,22.912700297729355,1.4831794942070484,6.4780434672465494,84.16493920044955,0.016208005700284384,good,synthetic_device_spec_v11
synthetic_customer_005,cabinet_005,2026-09-08 09:00:00+00:00,74.9855107689885,23.218083819545186,1.4846155863552328,6.4713104028572435,83.46350382121565,0.0,good,synthetic_device_spec_v11
synthetic_customer_005,cabinet_005,2026-09-08 09:10:00+00:00,75.02847973025962,23.36166158258435,1.4728955597558242,6.462286425590007,85.35248923787658,0.012801664165539716,good,synthetic_device_spec_v11
synthetic_customer_005,cabinet_005,2026-09-08 09:20:00+00:00,75.29907226766403,23.224000353995095,1.4582505783042568,6.4543210530154775,85.49484397006584,0.0,good,synthetic_device_spec_v11
synthetic_customer_005,cabinet_005,2026-09-08 09:30:00+00:00,75.38182164234385,23.53323139554193,1.4570657760994221,6.4496122268239215,83.06077111875096,0.0,good,synthetic_device_spec_v11
synthetic_customer_005,cabinet_005,2026-09-08 09:40:00+00:00,75.78975045871861,23.699374510805065,1.4581335141519833,6.448156385507479,82.03017919443229,0.0,good,synthetic_device_spec_v11
synthetic_customer_005,cabinet_005,2026-09-08 09:50:00+00:00,76.10929946648577,23.876061084903636,1.4503938842223854,6.439492011111516,81.88786804732139,0.1963684717451191,good,synthetic_device_spec_v11
synthetic_customer_005,cabinet_005,2026-09-08 10:00:00+00:00,75.96146426968329,23.815074277891544,1.4450442947373945,6.437762493262196,84.07136107049709,0.0077991523135482275,good,synthetic_device_spec_v11
synthetic_customer_005,cabinet_005,2026-09-08 10:10:00+00:00,76.23344268531439,24.2483227004521,1.4400186357544078,6.4317265199383895,83.87814546982759,0.014843078301867653,good,synthetic_device_spec_v11
synthetic_customer_005,cabinet_005,2026-09-08 10:20:00+00:00,76.25386007554073,24.042198157695147,1.4349767807071723,6.419288558667595,80.22625222264796,0.07846568944889135,good,synthetic_device_spec_v11
synthetic_customer_005,cabinet_005,2026-09-08 10:30:00+00:00,76.5293085196349,24.306859046363783,1.44160338623459,6.416389272754961,85.05921069417532,0.05289288618556362,good,synthetic_device_spec_v11
synthetic_customer_005,cabinet_005,2026-09-08 10:40:00+00:00,76.65880939004012,24.323126378693445,1.4286273438088661,6.407558835543336,82.62858952755559,0.0,good,synthetic_device_spec_v11
synthetic_customer_005,cabinet_005,2026-09-08 10:50:00+00:00,76.87234511409189,24.931348120543603,1.4193503613041247,6.406132347828522,79.74634871437216,0.0,good,synthetic_device_spec_v11
synthetic_customer_005,cabinet_005,2026-09-08 11:00:00+00:00,76.69941273258608,24.65211843188009,1.4144155534128797,6.394156409949614,81.33178999317161,0.0,good,synthetic_device_spec_v11
synthetic_customer_005,cabinet_005,2026-09-08 11:10:00+00:00,76.86676204159228,25.231214636559926,1.4164502571851354,6.385138137157985,81.65984551798063,0.0010522582564479628,good,synthetic_device_spec_v11
synthetic_customer_005,cabinet_005,2026-09-08 11:20:00+00:00,76.8873885988587,25.077926204031225,1.4094627604430923,6.381505231111621,81.55496829949638,0.04728753326143737,good,synthetic_device_spec_v11
synthetic_customer_005,cabinet_005,2026-09-08 11:30:00+00:00,76.92402920114914,25.414489707469432,1.4163998979949266,6.380799094859255,81.18901276513978,0.044338548738268084,good,synthetic_device_spec_v11
synthetic_customer_005,cabinet_005,2026-09-08 11:40:00+00:00,76.8370028224547,25.546510965373507,1.4077038567688582,6.374799446966228,80.59789451780459,0.0,good,synthetic_device_spec_v11
synthetic_customer_005,cabinet_005,2026-09-08 11:50:00+00:00,76.88532141152926,25.87872884307805,1.4071781486644777,6.374235686866905,80.83152032932092,0.039099297930355575,good,synthetic_device_spec_v11
synthetic_customer_005,cabinet_005,2026-09-08 12:00:00+00:00,77.10195758737602,26.222943195503493,1.403090095537747,6.366160519247042,79.55206455757707,0.0,good,synthetic_device_spec_v11
synthetic_customer_005,cabinet_005,2026-09-08 12:10:00+00:00,76.83575786784697,26.163276837707667,1.4114221304197305,6.358132620950277,80.24126673465581,12.08482208705601,good,synthetic_device_spec_v11
synthetic_customer_005,cabinet_005,2026-09-08 12:20:00+00:00,76.94764964470939,26.383802311125283,1.397135137530169,6.3524181051824264,80.84095692787707,12.065605452231884,good,synthetic_device_spec_v11
synthetic_customer_005,cabinet_005,2026-09-08 12:30:00+00:00,76.87965764293399,26.64326528185899,1.39706623875246,6.348511885873565,78.42198138381549,12.164796538780369,good,synthetic_device_spec_v11
synthetic_customer_005,cabinet_005,2026-09-08 12:40:00+00:00,76.75648227550896,26.85702637199982,1.4016005622000753,6.3418165964018725,77.97117856487286,0.0,good,synthetic_device_spec_v11
synthetic_customer_005,cabinet_005,2026-09-08 12:50:00+00:00,76.4962787464018,26.883907427644974,1.3969818156368004,6.336191805715519,79.75215181839422,0.020861632442848867,good,synthetic_device_spec_v11
synthetic_customer_005,cabinet_005,2026-09-08 13:00:00+00:00,76.61969454695978,27.21279073743423,1.397670492560472,6.319781388616639,77.70987431971317,0.0,good,synthetic_device_spec_v11
synthetic_customer_005,cabinet_005,2026-09-08 13:10:00+00:00,76.57607340865295,27.429190688419194,1.3927452101647664,6.316266709537272,78.29819168499857,0.09737422190044383,good,synthetic_device_spec_v11
synthetic_customer_005,cabinet_005,2026-09-08 13:20:00+00:00,76.4997834734034,27.7907893741253,1.3917227911305987,6.317297424567277,78.19967062845488,0.0952506613890383,good,synthetic_device_spec_v11
synthetic_customer_005,cabinet_005,2026-09-08 13:30:00+00:00,76.03271520309904,27.73262232495344,1.400740962663655,6.304738582026262,78.17364899295113,0.13618338285431558,good,synthetic_device_spec_v11
synthetic_customer_005,cabinet_005,2026-09-08 13:40:00+00:00,75.88517737779668,28.0426655692817,1.3865383133136526,6.308242939231767,75.97086283798765,0.07829476811889012,good,synthetic_device_spec_v11
synthetic_customer_005,cabinet_005,2026-09-08 13:50:00+00:00,75.85683158316547,28.49861574483714,1.3826522806047519,6.298247302092233,77.1137353942475,0.0,good,synthetic_device_spec_v11
synthetic_customer_005,cabinet_005,2026-09-08 14:00:00+00:00,75.78913862155105,28.54134923577908,1.391985597136864,6.294702010568045,76.50427421344394,0.001593615146166289,good,synthetic_device_spec_v11
synthetic_customer_005,cabinet_005,2026-09-08 14:10:00+00:00,75.30752385081615,28.872392937077336,1.39077142592009,6.286269397798901,76.70916763590002,0.0,good,synthetic_device_spec_v11
synthetic_customer_005,cabinet_005,2026-09-08 14:20:00+00:00,75.1320944172064,29.132501824956123,1.395232010655845,6.280473506049984,74.36740793820617,0.11175938111144464,good,synthetic_device_spec_v11
synthetic_customer_005,cabinet_005,2026-09-08 14:30:00+00:00,74.90489863908407,29.099004131537804,1.3942190104782834,6.275526903291761,76.45974007962087,0.08595243474346996,good,synthetic_device_spec_v11
synthetic_customer_005,cabinet_005,2026-09-08 14:40:00+00:00,74.62673436364969,29.26955123293581,1.3941441166786883,6.274259150152533,74.6684644591384,0.15200282036641308,good,synthetic_device_spec_v11
synthetic_customer_005,cabinet_005,2026-09-08 14:50:00+00:00,74.62575908290859,29.403732198546727,1.396105643320228,6.264481991006169,75.69193703378515,0.06461725778348017,good,synthetic_device_spec_v11
synthetic_customer_005,cabinet_005,2026-09-08 15:00:00+00:00,74.31663172811271,29.775127416502812,1.3971818561185376,6.263092449542008,75.9520989582781,0.0,good,synthetic_device_spec_v11
synthetic_customer_005,cabinet_005,2026-09-08 15:10:00+00:00,74.20306829806636,29.887294577792552,1.4043948128627333,6.253752003458286,74.06973526376913,0.07681159068209384,good,synthetic_device_spec_v11
synthetic_customer_005,cabinet_005,2026-09-08 15:20:00+00:00,73.73362956696415,30.173647767380753,1.3969063341066263,6.246497097285972,73.18867297523948,0.0,good,synthetic_device_spec_v11
synthetic_customer_005,cabinet_005,2026-09-08 15:30:00+00:00,73.48314191413985,30.35144213621153,1.4011981471640782,6.246100228949017,75.54541098070287,0.0,good,synthetic_device_spec_v11
synthetic_customer_005,cabinet_005,2026-09-08 15:40:00+00:00,72.97330140479355,30.546999791228384,1.4126607780128824,6.235777996885382,75.31038833032318,0.0,good,synthetic_device_spec_v11
synthetic_customer_005,cabinet_005,2026-09-08 15:50:00+00:00,72.94107781107422,30.749759166439347,1.4088823497633558,6.2344851595187505,72.91152419904851,0.0,good,synthetic_device_spec_v11
synthetic_customer_005,cabinet_005,2026-09-08 16:00:00+00:00,72.49472614249703,30.82469725539045,1.4069680183647542,6.232544766771052,73.611313238008,0.05585109613787991,good,synthetic_device_spec_v11
synthetic_customer_005,cabinet_005,2026-09-08 16:10:00+00:00,72.01736293526952,30.971310160176433,1.411846520107349,6.231170727164295,71.64119570966982,0.03161311275750971,good,synthetic_device_spec_v11
synthetic_customer_005,cabinet_005,2026-09-08 16:20:00+00:00,72.03556758649704,31.136654945706443,1.42507470667463,6.224026027158597,74.14294897555118,0.03328962203451972,good,synthetic_device_spec_v11
synthetic_customer_005,cabinet_005,2026-09-08 16:30:00+00:00,71.37130670784654,31.47891877898852,1.4143103121591225,6.213431722275416,72.79077551596528,0.0,good,synthetic_device_spec_v11
synthetic_customer_005,cabinet_005,2026-09-08 16:40:00+00:00,71.21767173851413,31.37628675623484,1.4192420588047112,6.214892583009822,72.31172466065706,0.0,good,synthetic_device_spec_v11
synthetic_customer_005,cabinet_005,2026-09-08 16:50:00+00:00,70.93241773043316,31.489600692275772,1.4236598569972945,6.216321276464895,72.80345975747579,0.0,good,synthetic_device_spec_v11
synthetic_customer_005,cabinet_005,2026-09-08 17:00:00+00:00,70.45097578609618,31.780202421549056,1.42982044056059,6.2025823170766365,72.54606142018105,0.06431066904036506,good,synthetic_device_spec_v11
synthetic_customer_005,cabinet_005,2026-09-08 17:10:00+00:00,70.32730993963041,31.889407789054196,1.4246995307651178,6.20233059045277,72.22149141028032,0.075950548708455,good,synthetic_device_spec_v11
synthetic_customer_005,cabinet_005,2026-09-08 17:20:00+00:00,69.85914881333677,31.951488179923672,1.436875876173129,6.200756088297753,71.74039632020063,0.021742121414892998,good,synthetic_device_spec_v11
synthetic_customer_005,cabinet_005,2026-09-08 17:30:00+00:00,69.54720707244604,32.19808181728501,1.4439597750210773,6.191491850775612,72.42895864032822,0.0,good,synthetic_device_spec_v11
synthetic_customer_005,cabinet_005,2026-09-08 17:40:00+00:00,69.29295637290657,32.27804593029709,1.4417398447013783,6.192941536744292,71.84442897433095,0.11038126542095354,good,synthetic_device_spec_v11
synthetic_customer_005,cabinet_005,2026-09-08 17:50:00+00:00,68.82854764175721,32.353522110062066,1.4508255314277252,6.1894240900671775,72.79909328461437,0.0,good,synthetic_device_spec_v11
synthetic_customer_005,cabinet_005,2026-09-08 18:00:00+00:00,68.58480446538178,32.343602502409894,1.4519296675474316,6.184631002768087,71.7004161856789,0.055599752944157005,good,synthetic_device_spec_v11
synthetic_customer_005,cabinet_005,2026-09-08 18:10:00+00:00,68.28094857964234,32.51995630872236,1.463616801358454,6.185375086495732,72.20241730078331,11.941352678422211,good,synthetic_device_spec_v11
synthetic_customer_005,cabinet_005,2026-09-08 18:20:00+00:00,68.03240731205452,32.361462291432204,1.4609784790870397,6.180001401135141,70.95856238438208,11.907222281655267,good,synthetic_device_spec_v11
synthetic_customer_005,cabinet_005,2026-09-08 18:30:00+00:00,67.56135643075531,32.65777544983482,1.4642953500856772,6.1751616932494775,70.70975564065509,12.055157071686807,good,synthetic_device_spec_v11
synthetic_customer_005,cabinet_005,2026-09-08 18:40:00+00:00,67.1175045792945,32.62381178131507,1.471845453740547,6.175673384377856,71.77728296492465,0.0,good,synthetic_device_spec_v11
synthetic_customer_005,cabinet_005,2026-09-08 18:50:00+00:00,66.95957868741995,32.66314080868172,1.481881912235737,6.168581098284458,70.90762043305679,0.0,good,synthetic_device_spec_v11
synthetic_customer_005,cabinet_005,2026-09-08 19:00:00+00:00,66.36784276924826,32.61195129083106,1.4873745063075583,6.161936516148656,71.29109249736898,0.0,good,synthetic_device_spec_v11
synthetic_customer_005,cabinet_005,2026-09-08 19:10:00+00:00,66.01547540326979,32.769648767911946,1.4962177805858337,6.166690644765582,70.45880337771217,0.0,good,synthetic_device_spec_v11
synthetic_customer_005,cabinet_005,2026-09-08 19:20:00+00:00,65.88575809824218,32.784374475168555,1.498351390148193,6.157519200271042,71.87559004733858,0.0,good,synthetic_device_spec_v11
synthetic_customer_005,cabinet_005,2026-09-08 19:30:00+00:00,65.42636536212508,32.776003172393544,1.5038769532460006,6.164854545735062,70.5992708294298,0.0209551014638595,good,synthetic_device_spec_v11
synthetic_customer_005,cabinet_005,2026-09-08 19:40:00+00:00,65.25842348472078,32.63911909167859,1.5127077448156327,6.163708607925219,71.55053013242393,0.01975885192039669,good,synthetic_device_spec_v11
synthetic_customer_005,cabinet_005,2026-09-08 19:50:00+00:00,64.8441027014027,32.66723876672339,1.512726769182139,6.1572538348643135,69.7336710157437,0.0,good,synthetic_device_spec_v11
synthetic_customer_005,cabinet_005,2026-09-08 20:00:00+00:00,64.68657988469432,32.523828211285704,1.5229992612413141,6.1595575811652274,71.95866512215413,0.03945818378923989,good,synthetic_device_spec_v11
synthetic_customer_005,cabinet_005,2026-09-08 20:10:00+00:00,64.28528775075775,32.605958371472354,1.5254640206696026,6.151827813145832,73.72171912652949,0.0,good,synthetic_device_spec_v11
synthetic_customer_005,cabinet_005,2026-09-08 20:20:00+00:00,63.90548618113969,32.36154192625214,1.5275440070871271,6.154231494549313,71.32006604528712,0.0,good,synthetic_device_spec_v11
synthetic_customer_005,cabinet_005,2026-09-08 20:30:00+00:00,63.891873872503034,32.32534979193739,1.5240510814285952,6.150044910788905,70.67575433029678,0.0,good,synthetic_device_spec_v11
synthetic_customer_005,cabinet_005,2026-09-08 20:40:00+00:00,63.49089119649432,32.407235501025106,1.5370948129315805,6.152968836326824,71.97905142600949,0.0,good,synthetic_device_spec_v11
synthetic_customer_005,cabinet_005,2026-09-08 20:50:00+00:00,63.29552021126709,32.226383501297995,1.5427377271138383,6.147079020403381,70.88338771776472,0.0052064024902391615,good,synthetic_device_spec_v11
synthetic_customer_005,cabinet_005,2026-09-08 21:00:00+00:00,63.178588289511225,32.348077607271144,1.5479058888920452,6.142259071943864,71.18513399170116,0.0,good,synthetic_device_spec_v11
synthetic_customer_005,cabinet_005,2026-09-08 21:10:00+00:00,62.87988827649553,32.150136409461325,1.5632913391678724,6.148911572822876,71.73362797345862,0.05014885412894289,good,synthetic_device_spec_v11
synthetic_customer_005,cabinet_005,2026-09-08 21:20:00+00:00,62.608677629188776,31.90112632389021,1.5736231083921455,6.142156575898924,72.24965764283799,0.0111192391757663,good,synthetic_device_spec_v11
synthetic_customer_005,cabinet_005,2026-09-08 21:30:00+00:00,62.4969572359645,31.84906038483203,1.5754465546288825,6.143630163308957,71.6032376558623,0.06894384132854546,good,synthetic_device_spec_v11
synthetic_customer_005,cabinet_005,2026-09-08 21:40:00+00:00,62.180210191241855,31.62636738901317,1.5756249113759082,6.143160717976,72.41518334821453,0.0,good,synthetic_device_spec_v11
synthetic_customer_005,cabinet_005,2026-09-08 21:50:00+00:00,61.87632818695368,31.534047651310807,1.5912130029423932,6.140225944621676,73.11795668578067,0.007661441037124817,good,synthetic_device_spec_v11
synthetic_customer_005,cabinet_005,2026-09-08 22:00:00+00:00,62.045213131639414,31.495102890515142,1.5979423887268782,6.141454942810945,72.00126182010013,0.0261042167527834,good,synthetic_device_spec_v11
synthetic_customer_005,cabinet_005,2026-09-08 22:10:00+00:00,61.604508726497336,31.5667371728569,1.6060316838736342,6.138126401095501,72.56004007054155,0.11442707906762196,good,synthetic_device_spec_v11
synthetic_customer_005,cabinet_005,2026-09-08 22:20:00+00:00,61.680958800076155,31.137831114695988,1.6070456103676976,6.140242667468938,73.98333682336161,0.0,good,synthetic_device_spec_v11
synthetic_customer_005,cabinet_005,2026-09-08 22:30:00+00:00,61.51022149457945,30.962175419175345,1.6198294890441955,6.136586593354023,72.32207658611647,0.07028342420309397,good,synthetic_device_spec_v11
synthetic_customer_005,cabinet_005,2026-09-08 22:40:00+00:00,61.49376311403139,30.644071685964178,1.6346468285751046,6.140746464205821,75.60534180811734,0.01958310336896803,good,synthetic_device_spec_v11
synthetic_customer_005,cabinet_005,2026-09-08 22:50:00+00:00,61.33077381807339,30.672363818779047,1.6251428708762985,6.142352748247566,74.53003527344947,0.0,good,synthetic_device_spec_v11
synthetic_customer_005,cabinet_005,2026-09-08 23:00:00+00:00,61.17203179406313,30.53995309897984,1.6436500635064768,6.1402065317094126,72.49381502734187,0.0,good,synthetic_device_spec_v11
synthetic_customer_005,cabinet_005,2026-09-08 23:10:00+00:00,61.19834007842592,30.133840438493035,1.6483311685298385,6.1393041347410175,73.83010749123842,0.0029305805721239054,good,synthetic_device_spec_v11
synthetic_customer_005,cabinet_005,2026-09-08 23:20:00+00:00,61.3363902634838,30.32557740356407,,6.141681142044746,73.95608766957623,0.025131589715229705,good,synthetic_device_spec_v11
synthetic_customer_005,cabinet_005,2026-09-08 23:30:00+00:00,61.023513088702494,29.738904722723536,1.659587251443973,6.146813311504948,74.36308558465217,0.03756369387886603,good,synthetic_device_spec_v11
synthetic_customer_005,cabinet_005,2026-09-08 23:40:00+00:00,60.876903665089216,29.7016458641722,1.6667105817596357,6.13878969363516,75.26409081957901,0.0505125871164607,good,synthetic_device_spec_v11
synthetic_customer_005,cabinet_005,2026-09-08 23:50:00+00:00,60.92833765159183,29.490369999434847,1.6730139151652805,6.145304706464022,76.03532745686276,0.0,good,synthetic_device_spec_v11
synthetic_customer_005,cabinet_005,2026-09-09 00:00:00+00:00,61.02216228255618,29.23062556597309,1.6792083077605273,6.1503451421683115,77.69619062131798,0.0,good,synthetic_device_spec_v11
