customer_id,farm_id,zone_id,device_id,sensor_id,metric_type,decision_at,label_end,reading_id,target_reading_id,target_observed_at,target,prediction,absolute_error,persistence,moving_average,linear_trend
customer_lan,farm_lan,lan_a,dev_lan_ctrl,s_lan_a_ph,ph,2026-09-07 11:30:00+00:00,2026-09-07 12:00:00+00:00,28301,52385,2026-09-07 11:59:58.974085+00:00,5.807,5.8925519374206505,0.08555193742065015,5.797,5.797,5.393
customer_lan,farm_lan,lan_a,dev_lan_ctrl,s_lan_a_ph,ph,2026-09-07 11:40:00+00:00,2026-09-07 12:10:00+00:00,36320,60404,2026-09-07 12:09:58.183994+00:00,5.8,5.827023616244305,0.02702361624430516,5.795,5.795999999999999,5.389
customer_lan,farm_lan,lan_a,dev_lan_ctrl,s_lan_a_ph,ph,2026-09-07 11:50:00+00:00,2026-09-07 12:20:00+00:00,44366,68450,2026-09-07 12:19:59.391631+00:00,5.8,5.827170666001966,0.02717066600196638,5.798,5.796666666666667,5.3950000000000005
customer_lan,farm_lan,lan_a,dev_lan_ctrl,s_lan_a_ph,ph,2026-09-07 12:00:00+00:00,2026-09-07 12:30:00+00:00,52385,76469,2026-09-07 12:29:58.576606+00:00,5.802,5.80922938237489,0.0072293823748905695,5.807,5.8,5.817000000000001
customer_lan,farm_lan,lan_a,dev_lan_ctrl,s_lan_a_ph,ph,2026-09-07 12:10:00+00:00,2026-09-07 12:40:00+00:00,60404,84488,2026-09-07 12:39:58.071203+00:00,5.79,5.808035298670905,0.018035298670905142,5.8,5.801666666666667,5.805
customer_lan,farm_lan,lan_a,dev_lan_ctrl,s_lan_a_ph,ph,2026-09-07 12:20:00+00:00,2026-09-07 12:50:00+00:00,68450,92534,2026-09-07 12:49:59.537341+00:00,5.798,5.808673889875584,0.010673889875583598,5.8,5.802333333333333,5.802
customer_lan,farm_lan,lan_a,dev_lan_ctrl,s_lan_a_ph,ph,2026-09-07 12:30:00+00:00,2026-09-07 13:00:00+00:00,76469,100553,2026-09-07 12:59:58.936783+00:00,5.804,5.804467598905826,0.00046759890582581676,5.802,5.800666666666667,5.796999999999999
customer_lan,farm_lan,lan_a,dev_lan_ctrl,s_lan_a_ph,ph,2026-09-07 12:40:00+00:00,2026-09-07 13:10:00+00:00,84488,108572,2026-09-07 13:09:58.330685+00:00,5.799,5.799033097833984,3.309783398375288e-05,5.79,5.7973333333333334,5.78
customer_lan,farm_lan,lan_a,dev_lan_ctrl,s_lan_a_ph,ph,2026-09-07 12:50:00+00:00,2026-09-07 13:20:00+00:00,92534,116618,2026-09-07 13:19:59.679952+00:00,5.801,5.80038801282206,0.0006119871779404207,5.798,5.796666666666667,5.796
customer_lan,farm_lan,lan_a,dev_lan_ctrl,s_lan_a_ph,ph,2026-09-07 13:00:00+00:00,2026-09-07 13:30:00+00:00,100553,124637,2026-09-07 13:29:58.999717+00:00,5.792,5.802313029035498,0.010313029035498467,5.804,5.7973333333333334,5.806000000000001
customer_lan,farm_lan,lan_a,dev_lan_ctrl,s_lan_a_ph,ph,2026-09-07 13:10:00+00:00,2026-09-07 13:40:00+00:00,108572,132656,2026-09-07 13:39:58.403497+00:00,5.799,5.800123665630233,0.0011236656302324732,5.799,5.800333333333334,5.808000000000001
customer_lan,farm_lan,lan_a,dev_lan_ctrl,s_lan_a_ph,ph,2026-09-07 13:20:00+00:00,2026-09-07 13:50:00+00:00,116618,140702,2026-09-07 13:49:59.928078+00:00,5.799,5.801063710130444,0.00206371013044393,5.801,5.801333333333333,5.804
customer_lan,farm_lan,lan_a,dev_lan_ctrl,s_lan_a_ph,ph,2026-09-07 13:30:00+00:00,2026-09-07 14:00:00+00:00,124637,148694,2026-09-07 13:59:58.026928+00:00,5.792,5.800599632515601,0.00859963251560103,5.792,5.7973333333333334,5.779999999999999
customer_lan,farm_lan,lan_a,dev_lan_ctrl,s_lan_a_ph,ph,2026-09-07 13:40:00+00:00,2026-09-07 14:10:00+00:00,132656,156713,2026-09-07 14:09:58.489713+00:00,5.802,5.799488517372685,0.0025114826273142654,5.799,5.797333333333334,5.799
customer_lan,farm_lan,lan_a,dev_lan_ctrl,s_lan_a_ph,ph,2026-09-07 13:50:00+00:00,2026-09-07 14:20:00+00:00,140702,164732,2026-09-07 14:19:58.127928+00:00,5.795,5.800460206435498,0.0054602064354982716,5.799,5.796666666666667,5.797000000000001
customer_lan,farm_lan,lan_a,dev_lan_ctrl,s_lan_a_ph,ph,2026-09-07 14:00:00+00:00,2026-09-07 14:30:00+00:00,148694,172778,2026-09-07 14:29:59.546949+00:00,5.796,5.7994926477258035,0.003492647725803266,5.792,5.796666666666667,5.792
customer_lan,farm_lan,lan_a,dev_lan_ctrl,s_lan_a_ph,ph,2026-09-07 14:10:00+00:00,2026-09-07 14:40:00+00:00,156713,180797,2026-09-07 14:39:59.758473+00:00,5.794,5.8000339864684625,0.006033986468462871,5.802,5.797666666666667,5.804999999999999
customer_lan,farm_lan,lan_a,dev_lan_ctrl,s_lan_a_ph,ph,2026-09-07 14:20:00+00:00,2026-09-07 14:50:00+00:00,164732,188789,2026-09-07 14:49:58.076478+00:00,5.807,5.800425162227099,0.006574837772901354,5.795,5.796333333333333,5.7909999999999995
customer_lan,farm_lan,lan_a,dev_lan_ctrl,s_lan_a_ph,ph,2026-09-07 14:30:00+00:00,2026-09-07 15:00:00+00:00,172778,196835,2026-09-07 14:59:59.758847+00:00,5.804,5.7994003571582375,0.00459964284176273,5.796,5.797666666666667,5.800000000000001
customer_lan,farm_lan,lan_a,dev_lan_ctrl,s_lan_a_ph,ph,2026-09-07 14:40:00+00:00,2026-09-07 15:10:00+00:00,180797,204854,2026-09-07 15:09:58.825883+00:00,5.799,5.799953345773725,0.0009533457737243012,5.794,5.794999999999999,5.786
customer_lan,farm_lan,lan_a,dev_lan_ctrl,s_lan_a_ph,ph,2026-09-07 14:50:00+00:00,2026-09-07 15:20:00+00:00,188789,212900,2026-09-07 15:19:59.927642+00:00,5.805,5.8017401180774195,0.003259881922580199,5.807,5.799,5.819000000000001
customer_lan,farm_lan,lan_a,dev_lan_ctrl,s_lan_a_ph,ph,2026-09-07 15:00:00+00:00,2026-09-07 15:30:00+00:00,196835,220919,2026-09-07 15:29:59.355267+00:00,5.796,5.801360839166458,0.005360839166457687,5.804,5.801666666666667,5.812
customer_lan,farm_lan,lan_a,dev_lan_ctrl,s_lan_a_ph,ph,2026-09-07 15:10:00+00:00,2026-09-07 15:40:00+00:00,204854,228938,2026-09-07 15:39:59.201493+00:00,5.793,5.802565438761023,0.009565438761022449,5.799,5.803333333333334,5.804000000000001
customer_lan,farm_lan,lan_a,dev_lan_ctrl,s_lan_a_ph,ph,2026-09-07 15:20:00+00:00,2026-09-07 15:50:00+00:00,212900,236957,2026-09-07 15:49:59.552480+00:00,5.803,5.805739477624795,0.0027394776247948727,5.805,5.802666666666667,5.802999999999999
customer_lan,farm_lan,lan_a,dev_lan_ctrl,s_lan_a_ph,ph,2026-09-07 15:30:00+00:00,2026-09-07 16:00:00+00:00,220919,244976,2026-09-07 15:59:59.952703+00:00,5.794,5.8022223610403545,0.008222361040354897,5.796,5.8,5.788
customer_lan,farm_lan,lan_a,dev_lan_ctrl,s_lan_a_ph,ph,2026-09-07 15:40:00+00:00,2026-09-07 16:10:00+00:00,228938,252995,2026-09-07 16:09:59.869130+00:00,5.79,5.798879860991244,0.008879860991243937,5.793,5.797999999999999,5.787
customer_lan,farm_lan,lan_a,dev_lan_ctrl,s_lan_a_ph,ph,2026-09-07 15:50:00+00:00,2026-09-07 16:20:00+00:00,236957,260987,2026-09-07 16:19:58.222072+00:00,5.8,5.803813646657242,0.0038136466572424865,5.803,5.7973333333333334,5.801
customer_lan,farm_lan,lan_a,dev_lan_ctrl,s_lan_a_ph,ph,2026-09-07 16:00:00+00:00,2026-09-07 16:30:00+00:00,244976,269006,2026-09-07 16:29:58.541166+00:00,5.799,5.8003582023272875,0.0013582023272871169,5.794,5.796666666666667,5.791999999999999
customer_lan,farm_lan,lan_a,dev_lan_ctrl,s_lan_a_ph,ph,2026-09-07 16:10:00+00:00,2026-09-07 16:40:00+00:00,252995,277025,2026-09-07 16:39:58.061907+00:00,5.797,5.799656806568876,0.0026568065688765685,5.79,5.7956666666666665,5.787
customer_lan,farm_lan,lan_a,dev_lan_ctrl,s_lan_a_ph,ph,2026-09-07 16:30:00+00:00,2026-09-07 17:00:00+00:00,269006,287042,2026-09-07 16:59:58.403209+00:00,5.792,5.799015162126384,0.007015162126384311,5.799,5.796333333333333,5.804000000000001
customer_lan,farm_lan,lan_a,dev_lan_ctrl,s_lan_a_ph,ph,2026-09-07 16:40:00+00:00,2026-09-07 17:10:00+00:00,277025,295061,2026-09-07 17:09:57.970172+00:00,5.796,5.799192351242108,0.003192351242107705,5.797,5.798666666666667,5.803999999999999
customer_lan,farm_lan,lan_a,dev_lan_ctrl,s_lan_a_ph,ph,2026-09-07 16:50:00+00:00,2026-09-07 17:20:00+00:00,282263,303080,2026-09-07 17:19:58.171872+00:00,5.79,5.801450738507826,0.011450738507826408,5.799,5.798333333333333,5.798000000000001
customer_lan,farm_lan,lan_a,dev_lan_ctrl,s_lan_a_ph,ph,2026-09-07 17:00:00+00:00,2026-09-07 17:30:00+00:00,287042,311099,2026-09-07 17:29:58.456680+00:00,5.794,5.798603394967844,0.004603394967844565,5.792,5.796,5.784999999999999
customer_lan,farm_lan,lan_a,dev_lan_ctrl,s_lan_a_ph,ph,2026-09-07 17:10:00+00:00,2026-09-07 17:40:00+00:00,295061,319091,2026-09-07 17:39:58.008861+00:00,5.793,5.799472760049288,0.006472760049287984,5.796,5.7956666666666665,5.795000000000001
customer_lan,farm_lan,lan_a,dev_lan_ctrl,s_lan_a_ph,ph,2026-09-07 17:20:00+00:00,2026-09-07 17:50:00+00:00,303080,327137,2026-09-07 17:49:59.945792+00:00,5.8,5.798894860579627,0.0011051394203729359,5.79,5.792666666666666,5.781
customer_lan,farm_lan,lan_a,dev_lan_ctrl,s_lan_a_ph,ph,2026-09-07 17:30:00+00:00,2026-09-07 18:00:00+00:00,311099,335156,2026-09-07 17:59:59.063673+00:00,5.795,5.798947363087222,0.003947363087221767,5.794,5.793333333333333,5.795999999999999
customer_lan,farm_lan,lan_a,dev_lan_ctrl,s_lan_a_ph,ph,2026-09-07 17:40:00+00:00,2026-09-07 18:10:00+00:00,319091,343175,2026-09-07 18:09:58.377655+00:00,5.795,5.799220050035479,0.004220050035478984,5.793,5.792333333333333,5.79
customer_lan,farm_lan,lan_a,dev_lan_ctrl,s_lan_a_ph,ph,2026-09-07 17:50:00+00:00,2026-09-07 18:20:00+00:00,327137,351221,2026-09-07 18:19:59.402478+00:00,5.799,5.799612610111305,0.0006126101113048676,5.8,5.7956666666666665,5.81
customer_lan,farm_lan,lan_a,dev_lan_ctrl,s_lan_a_ph,ph,2026-09-07 18:00:00+00:00,2026-09-07 18:30:00+00:00,335156,359240,2026-09-07 18:29:58.548585+00:00,5.803,5.799480985409074,0.0035190145909256287,5.795,5.795999999999999,5.796
customer_lan,farm_lan,lan_a,dev_lan_ctrl,s_lan_a_ph,ph,2026-09-07 18:10:00+00:00,2026-09-07 18:40:00+00:00,343175,367259,2026-09-07 18:39:58.392471+00:00,5.807,5.799373930790166,0.007626069209834441,5.795,5.796666666666667,5.797
customer_lan,farm_lan,lan_a,dev_lan_ctrl,s_lan_a_ph,ph,2026-09-07 18:20:00+00:00,2026-09-07 18:50:00+00:00,351221,375278,2026-09-07 18:49:58.584911+00:00,5.801,5.7999934082970075,0.0010065917029926652,5.799,5.796333333333333,5.798000000000001
customer_lan,farm_lan,lan_a,dev_lan_ctrl,s_lan_a_ph,ph,2026-09-07 18:30:00+00:00,2026-09-07 19:00:00+00:00,359240,383297,2026-09-07 18:59:58.772769+00:00,5.802,5.800391791805561,0.0016082081944386317,5.803,5.7989999999999995,5.811
customer_lan,farm_lan,lan_a,dev_lan_ctrl,s_lan_a_ph,ph,2026-09-07 18:40:00+00:00,2026-09-07 19:10:00+00:00,367259,391316,2026-09-07 19:09:59.107174+00:00,5.803,5.803377307728662,0.0003773077286624016,5.807,5.803,5.819000000000001
customer_lan,farm_lan,lan_a,dev_lan_ctrl,s_lan_a_ph,ph,2026-09-07 18:50:00+00:00,2026-09-07 19:20:00+00:00,375278,399335,2026-09-07 19:19:59.309803+00:00,5.805,5.803242446353504,0.0017575536464953245,5.801,5.803666666666667,5.803
customer_lan,farm_lan,lan_a,dev_lan_ctrl,s_lan_a_ph,ph,2026-09-07 19:00:00+00:00,2026-09-07 19:30:00+00:00,383297,407354,2026-09-07 19:29:59.113432+00:00,5.811,5.8047234238513585,0.006276576148641411,5.802,5.803333333333334,5.800999999999999
customer_lan,farm_lan,lan_a,dev_lan_ctrl,s_lan_a_ph,ph,2026-09-07 19:10:00+00:00,2026-09-07 19:40:00+00:00,391316,415373,2026-09-07 19:39:59.322675+00:00,5.802,5.805329878896221,0.0033298788962214942,5.803,5.802,5.7989999999999995
customer_lan,farm_lan,lan_a,dev_lan_ctrl,s_lan_a_ph,ph,2026-09-07 19:20:00+00:00,2026-09-07 19:50:00+00:00,399335,423392,2026-09-07 19:49:59.547948+00:00,5.803,5.804182877557114,0.0011828775571141037,5.805,5.803333333333334,5.808999999999999
customer_lan,farm_lan,lan_a,dev_lan_ctrl,s_lan_a_ph,ph,2026-09-07 19:30:00+00:00,2026-09-07 20:00:00+00:00,407354,431411,2026-09-07 19:59:59.684498+00:00,5.802,5.807476673277888,0.0054766732778883664,5.811,5.806333333333334,5.82
customer_lan,farm_lan,lan_a,dev_lan_ctrl,s_lan_a_ph,ph,2026-09-07 19:40:00+00:00,2026-09-07 20:10:00+00:00,415373,439376,2026-09-07 20:09:59.829484+00:00,5.804,5.8067130773652265,0.002713077365226191,5.802,5.806,5.800999999999999
customer_lan,farm_lan,lan_a,dev_lan_ctrl,s_lan_a_ph,ph,2026-09-07 19:50:00+00:00,2026-09-07 20:20:00+00:00,423392,447314,2026-09-07 20:19:59.485996+00:00,5.803,5.805789098132652,0.002789098132652157,5.803,5.805333333333333,5.801
customer_lan,farm_lan,lan_a,dev_lan_ctrl,s_lan_a_ph,ph,2026-09-07 20:00:00+00:00,2026-09-07 20:30:00+00:00,431411,455225,2026-09-07 20:29:58.001886+00:00,5.808,5.805964276893302,0.002035723106697418,5.802,5.8023333333333325,5.792999999999999
customer_lan,farm_lan,lan_a,dev_lan_ctrl,s_lan_a_ph,ph,2026-09-07 21:00:00+00:00,2026-09-07 21:30:00+00:00,,461135,2026-09-07 21:29:59.820785+00:00,6.039,6.034405161944023,0.004594838055976602,6.201,5.809,6.593999999999999
customer_lan,farm_lan,lan_a,dev_lan_ctrl,s_lan_a_ph,ph,2026-09-07 21:10:00+00:00,2026-09-07 21:40:00+00:00,,469154,2026-09-07 21:39:59.230172+00:00,6.038,6.193758721701079,0.15575872170107896,6.201,6.201,6.592999999999999
customer_lan,farm_lan,lan_a,dev_lan_ctrl,s_lan_a_ph,ph,2026-09-07 21:20:00+00:00,2026-09-07 21:50:00+00:00,,477173,2026-09-07 21:49:58.664301+00:00,6.037,6.233254751856322,0.1962547518563218,6.201,6.201,6.201
customer_lan,farm_lan,lan_a,dev_lan_ctrl,s_lan_a_ph,ph,2026-09-07 21:30:00+00:00,2026-09-07 22:00:00+00:00,461135,485192,2026-09-07 21:59:59.324875+00:00,6.028,6.030371237163304,0.0023712371633042295,6.039,6.039,5.877
customer_lan,farm_lan,lan_a,dev_lan_ctrl,s_lan_a_ph,ph,2026-09-07 21:40:00+00:00,2026-09-07 22:10:00+00:00,469154,493184,2026-09-07 22:09:58.473491+00:00,6.031,6.0087198213339335,0.02228017866606624,6.038,6.0385,5.875000000000001
customer_lan,farm_lan,lan_a,dev_lan_ctrl,s_lan_a_ph,ph,2026-09-07 21:50:00+00:00,2026-09-07 22:20:00+00:00,477173,501203,2026-09-07 22:19:59.285715+00:00,6.02,6.015386414849959,0.0046135851500404,6.037,6.038,5.873
customer_lan,farm_lan,lan_a,dev_lan_ctrl,s_lan_a_ph,ph,2026-09-07 22:00:00+00:00,2026-09-07 22:30:00+00:00,485192,509222,2026-09-07 22:29:59.674869+00:00,6.018,6.0200405349167045,0.0020405349167047504,6.028,6.0343333333333335,6.0169999999999995
customer_lan,farm_lan,lan_a,dev_lan_ctrl,s_lan_a_ph,ph,2026-09-07 22:10:00+00:00,2026-09-07 22:40:00+00:00,493184,517241,2026-09-07 22:39:59.668962+00:00,6.016,6.018949212098898,0.0029492120988976467,6.031,6.032,6.023999999999999
customer_lan,farm_lan,lan_a,dev_lan_ctrl,s_lan_a_ph,ph,2026-09-07 22:20:00+00:00,2026-09-07 22:50:00+00:00,501203,525260,2026-09-07 22:49:59.942034+00:00,6.024,6.0159370881551295,0.008062911844870513,6.02,6.0263333333333335,6.002999999999999
customer_lan,farm_lan,lan_a,dev_lan_ctrl,s_lan_a_ph,ph,2026-09-07 22:30:00+00:00,2026-09-07 23:00:00+00:00,509222,533252,2026-09-07 22:59:58.212670+00:00,6.011,6.011831888719822,0.0008318887198219826,6.018,6.023,6.008
customer_lan,farm_lan,lan_a,dev_lan_ctrl,s_lan_a_ph,ph,2026-09-07 22:40:00+00:00,2026-09-07 23:10:00+00:00,517241,541271,2026-09-07 23:09:59.268626+00:00,6.012,6.009398816254092,0.002601183745907676,6.016,6.018000000000001,6.001
customer_lan,farm_lan,lan_a,dev_lan_ctrl,s_lan_a_ph,ph,2026-09-07 22:50:00+00:00,2026-09-07 23:20:00+00:00,525260,549290,2026-09-07 23:19:58.514505+00:00,6.009,6.008692038543794,0.00030796145620648474,6.024,6.019333333333333,6.0280000000000005
customer_lan,farm_lan,lan_a,dev_lan_ctrl,s_lan_a_ph,ph,2026-09-07 23:00:00+00:00,2026-09-07 23:30:00+00:00,533252,557336,2026-09-07 23:29:59.465911+00:00,6.009,6.005198557479316,0.0038014425206842617,6.011,6.017,6.0040000000000004
customer_lan,farm_lan,lan_a,dev_lan_ctrl,s_lan_a_ph,ph,2026-09-07 23:10:00+00:00,2026-09-07 23:40:00+00:00,541271,565355,2026-09-07 23:39:58.508335+00:00,6.001,6.002567860448473,0.001567860448473013,6.012,6.015666666666667,6.007999999999999
customer_lan,farm_lan,lan_a,dev_lan_ctrl,s_lan_a_ph,ph,2026-09-07 23:20:00+00:00,2026-09-07 23:50:00+00:00,549290,573401,2026-09-07 23:49:59.543974+00:00,5.998,6.001329371569401,0.0033293715694009407,6.009,6.010666666666666,5.994000000000001
customer_lan,farm_lan,lan_a,dev_lan_ctrl,s_lan_a_ph,ph,2026-09-07 23:30:00+00:00,2026-09-08 00:00:00+00:00,557336,581420,2026-09-07 23:59:58.536367+00:00,5.997,5.99754231322718,0.0005423132271804576,6.009,6.010000000000001,6.007000000000001
customer_lan,farm_lan,lan_a,dev_lan_ctrl,s_lan_a_ph,ph,2026-09-07 23:40:00+00:00,2026-09-08 00:10:00+00:00,565355,589439,2026-09-08 00:09:58.113459+00:00,5.998,5.994826803603238,0.003173196396762279,6.001,6.006333333333333,5.990000000000001
customer_lan,farm_lan,lan_a,dev_lan_ctrl,s_lan_a_ph,ph,2026-09-07 23:50:00+00:00,2026-09-08 00:20:00+00:00,573401,597458,2026-09-08 00:19:58.876415+00:00,5.993,5.992025248539151,0.0009747514608493546,5.998,6.002666666666666,5.987
customer_lan,farm_lan,lan_a,dev_lan_ctrl,s_lan_a_ph,ph,2026-09-08 00:00:00+00:00,2026-09-08 00:30:00+00:00,581420,605477,2026-09-08 00:29:59.418489+00:00,5.997,5.9894131118655185,0.007586888134481384,5.997,5.998666666666666,5.984999999999999
customer_lan,farm_lan,lan_a,dev_lan_ctrl,s_lan_a_ph,ph,2026-09-08 00:10:00+00:00,2026-09-08 00:40:00+00:00,589439,613496,2026-09-08 00:39:58.923353+00:00,5.982,5.988004745207075,0.006004745207074613,5.998,5.997666666666667,5.995
customer_lan,farm_lan,lan_a,dev_lan_ctrl,s_lan_a_ph,ph,2026-09-08 00:20:00+00:00,2026-09-08 00:50:00+00:00,597458,621515,2026-09-08 00:49:58.159106+00:00,5.995,5.987159979681117,0.007840020318883312,5.993,5.9959999999999996,5.988
customer_lan,farm_lan,lan_a,dev_lan_ctrl,s_lan_a_ph,ph,2026-09-08 00:30:00+00:00,2026-09-08 01:00:00+00:00,605477,629561,2026-09-08 00:59:59.356975+00:00,5.982,5.98630367679283,0.004303676792829947,5.997,5.9959999999999996,5.997
customer_lan,farm_lan,lan_a,dev_lan_ctrl,s_lan_a_ph,ph,2026-09-08 00:40:00+00:00,2026-09-08 01:10:00+00:00,613496,637580,2026-09-08 01:09:58.587616+00:00,5.982,5.982807882669333,0.000807882669333182,5.982,5.990666666666667,5.966
customer_lan,farm_lan,lan_a,dev_lan_ctrl,s_lan_a_ph,ph,2026-09-08 08:00:00+00:00,2026-09-08 08:30:00+00:00,,638714,2026-09-08 08:29:59.655888+00:00,5.953,6.198743430595963,0.2457434305959625,6.201,6.201,6.201
customer_lan,farm_lan,lan_a,dev_lan_ctrl,s_lan_a_ph,ph,2026-09-08 08:10:00+00:00,2026-09-08 08:40:00+00:00,638444,646733,2026-09-08 08:39:59.283441+00:00,5.947,5.977869065880473,0.030869065880472668,5.96,5.96,5.719
customer_lan,farm_lan,lan_a,dev_lan_ctrl,s_lan_a_ph,ph,2026-09-08 08:20:00+00:00,2026-09-08 08:50:00+00:00,,654752,2026-09-08 08:49:58.805629+00:00,5.947,6.028707203412345,0.0817072034123445,6.201,5.96,6.201
customer_lan,farm_lan,lan_a,dev_lan_ctrl,s_lan_a_ph,ph,2026-09-08 08:30:00+00:00,2026-09-08 09:00:00+00:00,638714,662771,2026-09-08 08:59:58.307130+00:00,5.95,5.973688676616959,0.023688676616958837,5.953,5.9565,5.705000000000001
customer_lan,farm_lan,lan_a,dev_lan_ctrl,s_lan_a_ph,ph,2026-09-08 08:40:00+00:00,2026-09-08 09:10:00+00:00,646733,670790,2026-09-08 09:09:57.984839+00:00,5.954,5.943739422508134,0.010260577491865597,5.947,5.95,5.934
customer_lan,farm_lan,lan_a,dev_lan_ctrl,s_lan_a_ph,ph,2026-09-08 08:50:00+00:00,2026-09-08 09:20:00+00:00,654752,678803,2026-09-08 09:19:59.881283+00:00,5.94,5.941134456954132,0.001134456954131835,5.947,5.949000000000001,5.6930000000000005
customer_lan,farm_lan,lan_a,dev_lan_ctrl,s_lan_a_ph,ph,2026-09-08 09:00:00+00:00,2026-09-08 09:30:00+00:00,662771,686822,2026-09-08 09:29:59.651515+00:00,5.945,5.941313044405646,0.0036869555943539467,5.95,5.948,5.947
customer_lan,farm_lan,lan_a,dev_lan_ctrl,s_lan_a_ph,ph,2026-09-08 09:10:00+00:00,2026-09-08 09:40:00+00:00,670790,694841,2026-09-08 09:39:59.658419+00:00,5.937,5.944760677217302,0.007760677217302003,5.954,5.950333333333333,5.960999999999999
customer_lan,farm_lan,lan_a,dev_lan_ctrl,s_lan_a_ph,ph,2026-09-08 09:20:00+00:00,2026-09-08 09:50:00+00:00,678803,702860,2026-09-08 09:49:59.790201+00:00,5.942,5.937142214781139,0.004857785218860933,5.94,5.948,5.933000000000001
customer_lan,farm_lan,lan_a,dev_lan_ctrl,s_lan_a_ph,ph,2026-09-08 09:30:00+00:00,2026-09-08 10:00:00+00:00,686822,710879,2026-09-08 09:59:59.362741+00:00,5.946,5.939472573351289,0.0065274266487103105,5.945,5.946333333333333,5.94
customer_lan,farm_lan,lan_a,dev_lan_ctrl,s_lan_a_ph,ph,2026-09-08 09:40:00+00:00,2026-09-08 10:10:00+00:00,694841,718898,2026-09-08 10:09:58.816734+00:00,5.937,5.935514200420305,0.0014857995796955237,5.937,5.940666666666666,5.920000000000001
customer_lan,farm_lan,lan_a,dev_lan_ctrl,s_lan_a_ph,ph,2026-09-08 09:50:00+00:00,2026-09-08 10:20:00+00:00,702860,726917,2026-09-08 10:19:58.161177+00:00,5.934,5.934161101166611,0.0001611011666105,5.942,5.941333333333334,5.944
customer_lan,farm_lan,lan_a,dev_lan_ctrl,s_lan_a_ph,ph,2026-09-08 10:00:00+00:00,2026-09-08 10:30:00+00:00,710879,734963,2026-09-08 10:29:59.562139+00:00,5.931,5.937368019983316,0.006368019983315598,5.946,5.941666666666666,5.946999999999999
customer_lan,farm_lan,lan_a,dev_lan_ctrl,s_lan_a_ph,ph,2026-09-08 13:30:00+00:00,2026-09-08 14:00:00+00:00,,739142,2026-09-08 13:59:58.894379+00:00,6.037,6.198743430595963,0.16174343059596286,6.201,6.201,6.201
customer_lan,farm_lan,lan_a,dev_lan_ctrl,s_lan_a_ph,ph,2026-09-08 13:40:00+00:00,2026-09-08 14:10:00+00:00,,747161,2026-09-08 14:09:58.311984+00:00,6.029,6.198743430595963,0.16974343059596286,6.201,6.201,6.201
customer_lan,farm_lan,lan_a,dev_lan_ctrl,s_lan_a_ph,ph,2026-09-08 13:50:00+00:00,2026-09-08 14:20:00+00:00,,755207,2026-09-08 14:19:59.723973+00:00,6.034,6.198743430595963,0.16474343059596297,6.201,6.201,6.201
customer_lan,farm_lan,lan_a,dev_lan_ctrl,s_lan_a_ph,ph,2026-09-08 14:00:00+00:00,2026-09-08 14:30:00+00:00,739142,763226,2026-09-08 14:29:59.099470+00:00,6.031,6.033071353151138,0.0020713531511384886,6.037,6.037,5.873
customer_lan,farm_lan,lan_a,dev_lan_ctrl,s_lan_a_ph,ph,2026-09-08 14:10:00+00:00,2026-09-08 14:40:00+00:00,747161,771245,2026-09-08 14:39:58.399901+00:00,6.029,6.011901169851901,0.017098830148098543,6.029,6.0329999999999995,5.857
customer_lan,farm_lan,lan_a,dev_lan_ctrl,s_lan_a_ph,ph,2026-09-08 14:20:00+00:00,2026-09-08 14:50:00+00:00,755207,779291,2026-09-08 14:49:59.685055+00:00,6.022,6.0118246995947295,0.010175300405270704,6.034,6.033333333333334,5.867
customer_lan,farm_lan,lan_a,dev_lan_ctrl,s_lan_a_ph,ph,2026-09-08 14:30:00+00:00,2026-09-08 15:00:00+00:00,763226,787310,2026-09-08 14:59:59.048271+00:00,6.031,6.020458014520434,0.010541985479565419,6.031,6.031333333333333,6.0249999999999995
customer_lan,farm_lan,lan_a,dev_lan_ctrl,s_lan_a_ph,ph,2026-09-08 14:40:00+00:00,2026-09-08 15:10:00+00:00,771245,795329,2026-09-08 15:09:58.327883+00:00,6.017,6.019058946375494,0.00205894637549342,6.029,6.031333333333333,6.029
customer_lan,farm_lan,lan_a,dev_lan_ctrl,s_lan_a_ph,ph,2026-09-08 14:50:00+00:00,2026-09-08 15:20:00+00:00,779291,803375,2026-09-08 15:19:59.649328+00:00,6.014,6.015769830117465,0.001769830117464899,6.022,6.027333333333334,6.010000000000001
customer_lan,farm_lan,lan_a,dev_lan_ctrl,s_lan_a_ph,ph,2026-09-08 15:00:00+00:00,2026-09-08 15:30:00+00:00,787310,811394,2026-09-08 15:29:58.901078+00:00,6.014,6.013827632811149,0.0001723671888509415,6.031,6.027333333333334,6.031
customer_lan,farm_lan,lan_a,dev_lan_ctrl,s_lan_a_ph,ph,2026-09-08 15:10:00+00:00,2026-09-08 15:40:00+00:00,795329,819413,2026-09-08 15:39:58.059106+00:00,6.016,6.0129548423291705,0.003045157670829468,6.017,6.023333333333333,6.005000000000001
customer_lan,farm_lan,lan_a,dev_lan_ctrl,s_lan_a_ph,ph,2026-09-08 15:20:00+00:00,2026-09-08 15:50:00+00:00,803375,827459,2026-09-08 15:49:59.782225+00:00,6.014,6.008134592656346,0.005865407343653928,6.014,6.020666666666666,6.006
customer_lan,farm_lan,lan_a,dev_lan_ctrl,s_lan_a_ph,ph,2026-09-08 15:30:00+00:00,2026-09-08 16:00:00+00:00,811394,835478,2026-09-08 15:59:59.548236+00:00,6.012,6.00635612801488,0.0056438719851197305,6.014,6.015000000000001,5.997000000000001
customer_lan,farm_lan,lan_a,dev_lan_ctrl,s_lan_a_ph,ph,2026-09-08 15:40:00+00:00,2026-09-08 16:10:00+00:00,819413,843497,2026-09-08 16:09:59.239084+00:00,6.002,6.004302609693548,0.002302609693548341,6.016,6.014666666666667,6.015
customer_lan,farm_lan,lan_a,dev_lan_ctrl,s_lan_a_ph,ph,2026-09-08 15:50:00+00:00,2026-09-08 16:20:00+00:00,827459,851516,2026-09-08 16:19:58.385156+00:00,6.002,6.0034226676714795,0.0014226676714796938,6.014,6.014666666666667,6.014
customer_lan,farm_lan,lan_a,dev_lan_ctrl,s_lan_a_ph,ph,2026-09-08 16:00:00+00:00,2026-09-08 16:30:00+00:00,835478,859535,2026-09-08 16:29:58.761510+00:00,5.993,6.002488679038583,0.009488679038582859,6.012,6.014,6.009999999999999
customer_lan,farm_lan,lan_a,dev_lan_ctrl,s_lan_a_ph,ph,2026-09-08 16:10:00+00:00,2026-09-08 16:40:00+00:00,843497,867473,2026-09-08 16:39:58.528371+00:00,5.99,5.997556201085028,0.007556201085027858,6.002,6.009333333333333,5.9879999999999995
customer_lan,farm_lan,lan_a,dev_lan_ctrl,s_lan_a_ph,ph,2026-09-08 16:20:00+00:00,2026-09-08 16:50:00+00:00,851516,875411,2026-09-08 16:49:59.053915+00:00,5.994,5.99354458539457,0.0004554146054296382,6.002,6.005333333333333,5.989999999999999
customer_lan,farm_lan,lan_a,dev_lan_ctrl,s_lan_a_ph,ph,2026-09-08 16:30:00+00:00,2026-09-08 17:00:00+00:00,859535,883376,2026-09-08 16:59:59.386841+00:00,5.987,5.9902421536764425,0.0032421536764424275,5.993,5.999,5.974000000000001
customer_lan,farm_lan,lan_a,dev_lan_ctrl,s_lan_a_ph,ph,2026-09-08 16:40:00+00:00,2026-09-08 17:10:00+00:00,867473,891395,2026-09-08 17:09:58.770280+00:00,5.992,5.986968480001773,0.005031519998227374,5.99,5.995,5.978000000000001
customer_lan,farm_lan,lan_a,dev_lan_ctrl,s_lan_a_ph,ph,2026-09-08 16:50:00+00:00,2026-09-08 17:20:00+00:00,875411,899414,2026-09-08 17:19:59.110681+00:00,5.99,5.986696416542419,0.003303583457581638,5.994,5.992333333333334,5.986
customer_lan,farm_lan,lan_a,dev_lan_ctrl,s_lan_a_ph,ph,2026-09-08 17:00:00+00:00,2026-09-08 17:30:00+00:00,883376,907433,2026-09-08 17:29:59.532899+00:00,5.988,5.983635673074904,0.004364326925096584,5.987,5.990333333333333,5.981
customer_lan,farm_lan,lan_a,dev_lan_ctrl,s_lan_a_ph,ph,2026-09-08 17:10:00+00:00,2026-09-08 17:40:00+00:00,891395,915425,2026-09-08 17:39:57.993562+00:00,5.981,5.98203406706613,0.0010340670661301843,5.992,5.991,5.994
customer_lan,farm_lan,lan_a,dev_lan_ctrl,s_lan_a_ph,ph,2026-09-08 17:20:00+00:00,2026-09-08 17:50:00+00:00,899414,923471,2026-09-08 17:49:59.800245+00:00,5.986,5.982996927886887,0.0030030721131124594,5.99,5.989666666666667,5.986000000000001
customer_lan,farm_lan,lan_a,dev_lan_ctrl,s_lan_a_ph,ph,2026-09-08 17:30:00+00:00,2026-09-08 18:00:00+00:00,907433,931463,2026-09-08 17:59:58.014675+00:00,5.981,5.980860197841557,0.00013980215844267008,5.988,5.989999999999999,5.989000000000001
customer_lan,farm_lan,lan_a,dev_lan_ctrl,s_lan_a_ph,ph,2026-09-08 17:40:00+00:00,2026-09-08 18:10:00+00:00,915425,939482,2026-09-08 18:09:58.038958+00:00,5.975,5.977278144114694,0.0022781441146939585,5.981,5.9863333333333335,5.97
customer_lan,farm_lan,lan_a,dev_lan_ctrl,s_lan_a_ph,ph,2026-09-08 17:50:00+00:00,2026-09-08 18:20:00+00:00,923471,947528,2026-09-08 18:19:59.164318+00:00,5.972,5.976163129773761,0.004163129773760765,5.986,5.984999999999999,5.981999999999999
customer_lan,farm_lan,lan_a,dev_lan_ctrl,s_lan_a_ph,ph,2026-09-08 18:00:00+00:00,2026-09-08 18:30:00+00:00,931463,955547,2026-09-08 18:29:58.229296+00:00,5.972,5.974672161253439,0.0026721612534386097,5.981,5.982666666666667,5.973999999999999
customer_lan,farm_lan,lan_a,dev_lan_ctrl,s_lan_a_ph,ph,2026-09-08 18:10:00+00:00,2026-09-08 18:40:00+00:00,939482,963566,2026-09-08 18:39:58.423702+00:00,5.974,5.971029313215039,0.0029706867849608187,5.975,5.980666666666667,5.968999999999999
customer_lan,farm_lan,lan_a,dev_lan_ctrl,s_lan_a_ph,ph,2026-09-08 18:20:00+00:00,2026-09-08 18:50:00+00:00,947528,971531,2026-09-08 18:49:59.735325+00:00,5.963,5.966145324187194,0.003145324187193488,5.972,5.976,5.958000000000001
customer_lan,farm_lan,lan_a,dev_lan_ctrl,s_lan_a_ph,ph,2026-09-08 18:30:00+00:00,2026-09-08 19:00:00+00:00,955547,979469,2026-09-08 18:59:59.876887+00:00,5.973,5.9649247887174575,0.008075211282542405,5.972,5.973,5.963000000000001
customer_lan,farm_lan,lan_a,dev_lan_ctrl,s_lan_a_ph,ph,2026-09-08 18:40:00+00:00,2026-09-08 19:10:00+00:00,963566,987434,2026-09-08 19:09:58.954708+00:00,5.967,5.964376107515109,0.0026238924848902556,5.974,5.972666666666666,5.973000000000001
customer_lan,farm_lan,lan_a,dev_lan_ctrl,s_lan_a_ph,ph,2026-09-08 18:50:00+00:00,2026-09-08 19:20:00+00:00,971531,995453,2026-09-08 19:19:59.228269+00:00,5.969,5.961399872175074,0.007600127824926695,5.963,5.969666666666666,5.954
customer_lan,farm_lan,lan_a,dev_lan_ctrl,s_lan_a_ph,ph,2026-09-08 19:00:00+00:00,2026-09-08 19:30:00+00:00,979469,1003472,2026-09-08 19:29:59.454973+00:00,5.967,5.962121414251877,0.00487858574812261,5.973,5.97,5.973999999999999
customer_lan,farm_lan,lan_a,dev_lan_ctrl,s_lan_a_ph,ph,2026-09-08 19:10:00+00:00,2026-09-08 19:40:00+00:00,987434,1011491,2026-09-08 19:39:59.687988+00:00,5.962,5.961718811224877,0.00028118877512284257,5.967,5.967666666666666,5.959999999999999
customer_lan,farm_lan,lan_a,dev_lan_ctrl,s_lan_a_ph,ph,2026-09-08 19:20:00+00:00,2026-09-08 19:50:00+00:00,995453,1019510,2026-09-08 19:49:59.847081+00:00,5.96,5.960574707581811,0.000574707581811218,5.969,5.969666666666666,5.9750000000000005
customer_lan,farm_lan,lan_a,dev_lan_ctrl,s_lan_a_ph,ph,2026-09-08 19:30:00+00:00,2026-09-08 20:00:00+00:00,1003472,1027529,2026-09-08 19:59:59.900871+00:00,5.956,5.9608389364555485,0.004838936455548115,5.967,5.967666666666666,5.960999999999999
customer_lan,farm_lan,lan_a,dev_lan_ctrl,s_lan_a_ph,ph,2026-09-08 19:40:00+00:00,2026-09-08 20:10:00+00:00,1011491,1035521,2026-09-08 20:09:58.225942+00:00,5.954,5.958469098342382,0.004469098342382516,5.962,5.966,5.957
customer_lan,farm_lan,lan_a,dev_lan_ctrl,s_lan_a_ph,ph,2026-09-08 19:50:00+00:00,2026-09-08 20:20:00+00:00,1019510,1043540,2026-09-08 20:19:58.440017+00:00,5.952,5.955696332682784,0.0036963326827841314,5.96,5.963,5.951
customer_lan,farm_lan,lan_a,dev_lan_ctrl,s_lan_a_ph,ph,2026-09-08 20:00:00+00:00,2026-09-08 20:30:00+00:00,1027529,1051559,2026-09-08 20:29:58.742340+00:00,5.947,5.952883589928193,0.005883589928193267,5.956,5.959333333333333,5.945000000000001
customer_lan,farm_lan,lan_a,dev_lan_ctrl,s_lan_a_ph,ph,2026-09-08 20:10:00+00:00,2026-09-08 20:40:00+00:00,1035521,1059578,2026-09-08 20:39:58.433661+00:00,5.954,5.950863866606711,0.003136133393288887,5.954,5.956666666666667,5.946
customer_lan,farm_lan,lan_a,dev_lan_ctrl,s_lan_a_ph,ph,2026-09-08 20:20:00+00:00,2026-09-08 20:50:00+00:00,1043540,1067624,2026-09-08 20:49:59.517918+00:00,5.947,5.948326541626775,0.0013265416267751462,5.952,5.954000000000001,5.944
customer_lan,farm_lan,lan_a,dev_lan_ctrl,s_lan_a_ph,ph,2026-09-08 20:30:00+00:00,2026-09-08 21:00:00+00:00,1051559,1075643,2026-09-08 20:59:58.712663+00:00,5.948,5.946409516923006,0.0015904830769946088,5.947,5.9510000000000005,5.938
customer_lan,farm_lan,lan_a,dev_lan_ctrl,s_lan_a_ph,ph,2026-09-08 20:40:00+00:00,2026-09-08 21:10:00+00:00,1059578,1083662,2026-09-08 21:09:58.826865+00:00,5.949,5.9457458569320565,0.0032541430679433603,5.954,5.9510000000000005,5.954
customer_lan,farm_lan,lan_a,dev_lan_ctrl,s_lan_a_ph,ph,2026-09-08 20:50:00+00:00,2026-09-08 21:20:00+00:00,1067624,1091681,2026-09-08 21:19:59.235337+00:00,5.94,5.945130744365736,0.005130744365735573,5.947,5.949333333333333,5.942
customer_lan,farm_lan,lan_a,dev_lan_ctrl,s_lan_a_ph,ph,2026-09-08 21:00:00+00:00,2026-09-08 21:30:00+00:00,1075643,1099700,2026-09-08 21:29:59.700562+00:00,5.946,5.943549718701268,0.0024502812987314826,5.948,5.949666666666666,5.949000000000001
customer_lan,farm_lan,lan_a,dev_lan_ctrl,s_lan_a_ph,ph,2026-09-08 21:10:00+00:00,2026-09-08 21:40:00+00:00,1083662,1107719,2026-09-08 21:39:59.636385+00:00,5.949,5.944118460198848,0.004881539801151469,5.949,5.948,5.944
customer_lan,farm_lan,lan_a,dev_lan_ctrl,s_lan_a_ph,ph,2026-09-08 21:20:00+00:00,2026-09-08 21:50:00+00:00,1091681,1115711,2026-09-08 21:49:57.993665+00:00,5.933,5.939046509199293,0.006046509199292949,5.94,5.945666666666668,5.933000000000001
customer_lan,farm_lan,lan_a,dev_lan_ctrl,s_lan_a_ph,ph,2026-09-08 21:30:00+00:00,2026-09-08 22:00:00+00:00,1099700,1123730,2026-09-08 21:59:58.363473+00:00,5.949,5.938749622311827,0.010250377688173273,5.946,5.945,5.943999999999999
customer_lan,farm_lan,lan_a,dev_lan_ctrl,s_lan_a_ph,ph,2026-09-08 21:40:00+00:00,2026-09-08 22:10:00+00:00,1107719,1131749,2026-09-08 22:09:58.165715+00:00,5.94,5.941029034439253,0.0010290344392522854,5.949,5.945,5.949
customer_lan,farm_lan,lan_a,dev_lan_ctrl,s_lan_a_ph,ph,2026-09-08 21:50:00+00:00,2026-09-08 22:20:00+00:00,1115711,1139795,2026-09-08 22:19:59.350446+00:00,5.94,5.935110679169378,0.00488932083062199,5.933,5.942666666666667,5.925999999999999
customer_lan,farm_lan,lan_a,dev_lan_ctrl,s_lan_a_ph,ph,2026-09-08 22:00:00+00:00,2026-09-08 22:30:00+00:00,1123730,1147814,2026-09-08 22:29:58.510233+00:00,5.936,5.936944217567755,0.0009442175677554232,5.949,5.943666666666666,5.952
customer_lan,farm_lan,lan_a,dev_lan_ctrl,s_lan_a_ph,ph,2026-09-08 22:10:00+00:00,2026-09-08 22:40:00+00:00,1131749,1155860,2026-09-08 22:39:59.718167+00:00,5.938,5.937145014117064,0.0008549858829356438,5.94,5.940666666666666,5.931000000000001
customer_lan,farm_lan,lan_a,dev_lan_ctrl,s_lan_a_ph,ph,2026-09-08 22:20:00+00:00,2026-09-08 22:50:00+00:00,1139795,1163879,2026-09-08 22:49:58.953797+00:00,5.93,5.934222032543222,0.004222032543221843,5.94,5.9430000000000005,5.947000000000001
customer_lan,farm_lan,lan_a,dev_lan_ctrl,s_lan_a_ph,ph,2026-09-08 22:30:00+00:00,2026-09-08 23:00:00+00:00,1147814,1171898,2026-09-08 22:59:58.137406+00:00,5.927,5.933383905260338,0.006383905260338274,5.936,5.938666666666667,5.923
customer_lan,farm_lan,lan_a,dev_lan_ctrl,s_lan_a_ph,ph,2026-09-08 22:40:00+00:00,2026-09-08 23:10:00+00:00,1155860,1179944,2026-09-08 23:09:59.412073+00:00,5.923,5.931469422052904,0.008469422052903575,5.938,5.938,5.935999999999999
customer_lan,farm_lan,lan_a,dev_lan_ctrl,s_lan_a_ph,ph,2026-09-08 22:50:00+00:00,2026-09-08 23:20:00+00:00,1163879,1187963,2026-09-08 23:19:58.740243+00:00,5.934,5.92954567166218,0.004454328337820002,5.93,5.934666666666666,5.919999999999999
customer_lan,farm_lan,lan_a,dev_lan_ctrl,s_lan_a_ph,ph,2026-09-08 23:00:00+00:00,2026-09-08 23:30:00+00:00,1171898,1195982,2026-09-08 23:29:58.148648+00:00,5.925,5.924525674828574,0.00047432517142542707,5.927,5.931666666666666,5.917999999999999
customer_lan,farm_lan,lan_a,dev_lan_ctrl,s_lan_a_ph,ph,2026-09-09 04:00:00+00:00,2026-09-09 04:30:00+00:00,,1202111,2026-09-09 04:29:59.019497+00:00,5.916,6.198743430595963,0.2827434305959624,6.201,6.201,6.201
customer_lan,farm_lan,lan_a,dev_lan_ctrl,s_lan_a_ph,ph,2026-09-09 04:10:00+00:00,2026-09-09 04:40:00+00:00,,1210130,2026-09-09 04:39:58.274747+00:00,5.915,6.198743430595963,0.28374343059596274,6.201,6.201,6.201
customer_lan,farm_lan,lan_a,dev_lan_ctrl,s_lan_a_ph,ph,2026-09-09 04:20:00+00:00,2026-09-09 04:50:00+00:00,,1218176,2026-09-09 04:49:59.510969+00:00,5.925,6.198743430595963,0.27374343059596296,6.201,6.201,6.201
customer_lan,farm_lan,lan_a,dev_lan_ctrl,s_lan_a_ph,ph,2026-09-09 04:30:00+00:00,2026-09-09 05:00:00+00:00,1202111,1226195,2026-09-09 04:59:59.128308+00:00,5.913,5.950858478831458,0.03785847883145799,5.916,5.916,5.631000000000001
customer_lan,farm_lan,lan_a,dev_lan_ctrl,s_lan_a_ph,ph,2026-09-09 04:40:00+00:00,2026-09-09 05:10:00+00:00,1210130,1234214,2026-09-09 05:09:59.504977+00:00,5.915,5.912524243530221,0.0024757564697788226,5.915,5.9155,5.6290000000000004
customer_lan,farm_lan,lan_a,dev_lan_ctrl,s_lan_a_ph,ph,2026-09-09 04:50:00+00:00,2026-09-09 05:20:00+00:00,1218176,1242233,2026-09-09 05:19:59.935700+00:00,5.908,5.9155311380338,0.007531138033799678,5.925,5.918666666666667,5.649
customer_lan,farm_lan,lan_a,dev_lan_ctrl,s_lan_a_ph,ph,2026-09-09 05:00:00+00:00,2026-09-09 05:30:00+00:00,1226195,1250252,2026-09-09 05:29:59.450927+00:00,5.908,5.908909358146546,0.0009093581465453582,5.913,5.917666666666666,5.91
customer_lan,farm_lan,lan_a,dev_lan_ctrl,s_lan_a_ph,ph,2026-09-09 05:10:00+00:00,2026-09-09 05:40:00+00:00,1234214,1258271,2026-09-09 05:39:58.515537+00:00,5.911,5.907285334895879,0.0037146651041206624,5.915,5.917666666666666,5.915
customer_lan,farm_lan,lan_a,dev_lan_ctrl,s_lan_a_ph,ph,2026-09-09 05:20:00+00:00,2026-09-09 05:50:00+00:00,1242233,1266317,2026-09-09 05:49:59.659141+00:00,5.901,5.9044383321067855,0.00343833210678568,5.908,5.912,5.891000000000001
customer_lan,farm_lan,lan_a,dev_lan_ctrl,s_lan_a_ph,ph,2026-09-09 05:30:00+00:00,2026-09-09 06:00:00+00:00,1250252,1274336,2026-09-09 05:59:58.763793+00:00,5.913,5.9038971539584555,0.009102846041544765,5.908,5.910333333333334,5.9030000000000005
customer_lan,farm_lan,lan_a,dev_lan_ctrl,s_lan_a_ph,ph,2026-09-09 05:40:00+00:00,2026-09-09 06:10:00+00:00,1258271,1282382,2026-09-09 06:09:59.834571+00:00,5.906,5.9046454120285095,0.0013545879714902398,5.911,5.909,5.906999999999999
customer_lan,farm_lan,lan_a,dev_lan_ctrl,s_lan_a_ph,ph,2026-09-09 05:50:00+00:00,2026-09-09 06:20:00+00:00,1266317,1290401,2026-09-09 06:19:58.947932+00:00,5.906,5.903409927166149,0.0025900728338505985,5.901,5.906666666666666,5.893999999999999
customer_lan,farm_lan,lan_a,dev_lan_ctrl,s_lan_a_ph,ph,2026-09-09 06:00:00+00:00,2026-09-09 06:30:00+00:00,1274336,1298420,2026-09-09 06:29:58.298955+00:00,5.908,5.904328246225564,0.0036717537744364037,5.913,5.908333333333332,5.918
customer_lan,farm_lan,lan_a,dev_lan_ctrl,s_lan_a_ph,ph,2026-09-09 06:10:00+00:00,2026-09-09 06:40:00+00:00,1282382,1306466,2026-09-09 06:39:59.812404+00:00,5.904,5.903499169104767,0.0005008308952332285,5.906,5.906666666666666,5.901
customer_lan,farm_lan,lan_a,dev_lan_ctrl,s_lan_a_ph,ph,2026-09-09 06:20:00+00:00,2026-09-09 06:50:00+00:00,1290401,1314485,2026-09-09 06:49:59.155553+00:00,5.902,5.902243243346499,0.0002432433464987227,5.906,5.908333333333334,5.911
customer_lan,farm_lan,lan_a,dev_lan_ctrl,s_lan_a_ph,ph,2026-09-09 06:30:00+00:00,2026-09-09 07:00:00+00:00,1298420,1322504,2026-09-09 06:59:58.513407+00:00,5.9,5.9033948178136955,0.0033948178136951057,5.908,5.906666666666666,5.9030000000000005
customer_lan,farm_lan,lan_a,dev_lan_ctrl,s_lan_a_ph,ph,2026-09-09 06:40:00+00:00,2026-09-09 07:10:00+00:00,1306466,1330550,2026-09-09 07:09:59.955748+00:00,5.897,5.902099347710883,0.005099347710882718,5.904,5.906,5.902
customer_lan,farm_lan,lan_a,dev_lan_ctrl,s_lan_a_ph,ph,2026-09-09 06:50:00+00:00,2026-09-09 07:20:00+00:00,1314485,1338569,2026-09-09 07:19:59.324055+00:00,5.89,5.900067215408319,0.010067215408319008,5.902,5.904666666666667,5.898000000000001
customer_lan,farm_lan,lan_a,dev_lan_ctrl,s_lan_a_ph,ph,2026-09-09 07:00:00+00:00,2026-09-09 07:30:00+00:00,1322504,1346588,2026-09-09 07:29:58.732624+00:00,5.901,5.899259317776751,0.0017406822232484132,5.9,5.902,5.892
customer_lan,farm_lan,lan_a,dev_lan_ctrl,s_lan_a_ph,ph,2026-09-09 07:10:00+00:00,2026-09-09 07:40:00+00:00,1330550,1354607,2026-09-09 07:39:58.067029+00:00,5.891,5.898295804970115,0.007295804970114617,5.897,5.8996666666666675,5.890000000000001
customer_lan,farm_lan,lan_a,dev_lan_ctrl,s_lan_a_ph,ph,2026-09-09 07:20:00+00:00,2026-09-09 07:50:00+00:00,1338569,1362653,2026-09-09 07:49:59.417866+00:00,5.89,5.895316041671218,0.00531604167121813,5.89,5.895666666666666,5.877999999999999
customer_lan,farm_lan,lan_a,dev_lan_ctrl,s_lan_a_ph,ph,2026-09-09 07:30:00+00:00,2026-09-09 08:00:00+00:00,1346588,1370672,2026-09-09 07:59:58.795824+00:00,5.899,5.893723280423023,0.0052767195769769515,5.901,5.896000000000001,5.901999999999999
customer_lan,farm_lan,lan_a,dev_lan_ctrl,s_lan_a_ph,ph,2026-09-09 07:40:00+00:00,2026-09-09 08:10:00+00:00,1354607,1378691,2026-09-09 08:09:58.132582+00:00,5.895,5.894800287520855,0.00019971247914440937,5.891,5.893999999999999,5.885
customer_lan,farm_lan,lan_a,dev_lan_ctrl,s_lan_a_ph,ph,2026-09-09 07:50:00+00:00,2026-09-09 08:20:00+00:00,1362653,1386737,2026-09-09 08:19:59.469429+00:00,5.893,5.8908416832266,0.0021583167734000597,5.89,5.893999999999999,5.89
customer_long,farm_long,long_a,dev_long_sensor,s_long_a_ph,ph,2026-09-07 11:30:00+00:00,2026-09-07 12:00:00+00:00,28308,52392,2026-09-07 11:59:58.974085+00:00,6.185,6.175667616562171,0.009332383437828717,6.185,6.185,6.169
customer_long,farm_long,long_a,dev_long_sensor,s_long_a_ph,ph,2026-09-07 11:40:00+00:00,2026-09-07 12:10:00+00:00,36327,60411,2026-09-07 12:09:58.183994+00:00,6.188,6.173071577295262,0.014928422704738153,6.184,6.1845,6.167000000000001
customer_long,farm_long,long_a,dev_long_sensor,s_long_a_ph,ph,2026-09-07 11:50:00+00:00,2026-09-07 12:20:00+00:00,44373,68457,2026-09-07 12:19:59.391631+00:00,6.182,6.175417243892416,0.006582756107584409,6.194,6.187666666666666,6.187
customer_long,farm_long,long_a,dev_long_sensor,s_long_a_ph,ph,2026-09-07 12:00:00+00:00,2026-09-07 12:30:00+00:00,52392,76476,2026-09-07 12:29:58.576606+00:00,6.192,6.183960643353042,0.008039356646958318,6.185,6.187666666666668,6.185
customer_long,farm_long,long_a,dev_long_sensor,s_long_a_ph,ph,2026-09-07 12:10:00+00:00,2026-09-07 12:40:00+00:00,60411,84495,2026-09-07 12:39:58.071203+00:00,6.184,6.183834702663826,0.0001652973361743193,6.188,6.189,6.191999999999999
customer_long,farm_long,long_a,dev_long_sensor,s_long_a_ph,ph,2026-09-07 12:20:00+00:00,2026-09-07 12:50:00+00:00,68457,92541,2026-09-07 12:49:59.537341+00:00,6.187,6.179409317784181,0.007590682215819378,6.182,6.185,6.170000000000001
customer_long,farm_long,long_a,dev_long_sensor,s_long_a_ph,ph,2026-09-07 12:30:00+00:00,2026-09-07 13:00:00+00:00,76476,100560,2026-09-07 12:59:58.936783+00:00,6.189,6.191722923548964,0.0027229235489638626,6.192,6.187333333333334,6.199000000000001
customer_long,farm_long,long_a,dev_long_sensor,s_long_a_ph,ph,2026-09-07 12:40:00+00:00,2026-09-07 13:10:00+00:00,84495,108579,2026-09-07 13:09:58.330685+00:00,6.187,6.189145450833771,0.0021454508337708234,6.184,6.186,6.180000000000001
customer_long,farm_long,long_a,dev_long_sensor,s_long_a_ph,ph,2026-09-07 12:50:00+00:00,2026-09-07 13:20:00+00:00,92541,116625,2026-09-07 13:19:59.679952+00:00,6.19,6.190501320608911,0.000501320608910838,6.187,6.187666666666666,6.192
customer_long,farm_long,long_a,dev_long_sensor,s_long_a_ph,ph,2026-09-07 13:00:00+00:00,2026-09-07 13:30:00+00:00,100560,124644,2026-09-07 13:29:58.999717+00:00,6.197,6.192708567872982,0.004291432127017991,6.189,6.1866666666666665,6.186
customer_long,farm_long,long_a,dev_long_sensor,s_long_a_ph,ph,2026-09-07 13:10:00+00:00,2026-09-07 13:40:00+00:00,108579,132663,2026-09-07 13:39:58.403497+00:00,6.184,6.190809523766047,0.006809523766047043,6.187,6.187666666666668,6.19
customer_long,farm_long,long_a,dev_long_sensor,s_long_a_ph,ph,2026-09-07 13:20:00+00:00,2026-09-07 13:50:00+00:00,116625,140709,2026-09-07 13:49:59.928078+00:00,6.193,6.19267020900146,0.0003297909985393588,6.19,6.188666666666666,6.1930000000000005
customer_long,farm_long,long_a,dev_long_sensor,s_long_a_ph,ph,2026-09-07 13:30:00+00:00,2026-09-07 14:00:00+00:00,124644,148701,2026-09-07 13:59:58.026928+00:00,6.18,6.19239477065984,0.012394770659840404,6.197,6.191333333333333,6.205
customer_long,farm_long,long_a,dev_long_sensor,s_long_a_ph,ph,2026-09-07 13:40:00+00:00,2026-09-07 14:10:00+00:00,132663,156720,2026-09-07 14:09:58.489713+00:00,6.189,6.191642334353132,0.002642334353131659,6.184,6.190333333333334,6.181
customer_long,farm_long,long_a,dev_long_sensor,s_long_a_ph,ph,2026-09-07 13:50:00+00:00,2026-09-07 14:20:00+00:00,140709,164739,2026-09-07 14:19:58.127928+00:00,6.193,6.1928595022122535,0.00014049778774616328,6.193,6.191333333333333,6.195999999999999
customer_long,farm_long,long_a,dev_long_sensor,s_long_a_ph,ph,2026-09-07 14:00:00+00:00,2026-09-07 14:30:00+00:00,148701,172785,2026-09-07 14:29:59.546949+00:00,6.188,6.184358920255971,0.003641079744029163,6.18,6.185666666666666,6.162999999999999
customer_long,farm_long,long_a,dev_long_sensor,s_long_a_ph,ph,2026-09-07 14:10:00+00:00,2026-09-07 14:40:00+00:00,156720,180804,2026-09-07 14:39:59.758473+00:00,6.202,6.189943201205336,0.012056798794663592,6.189,6.187333333333332,6.194
customer_long,farm_long,long_a,dev_long_sensor,s_long_a_ph,ph,2026-09-07 14:20:00+00:00,2026-09-07 14:50:00+00:00,164739,188796,2026-09-07 14:49:58.076478+00:00,6.189,6.193240370892776,0.004240370892776291,6.193,6.187333333333334,6.193
customer_long,farm_long,long_a,dev_long_sensor,s_long_a_ph,ph,2026-09-07 14:30:00+00:00,2026-09-07 15:00:00+00:00,172785,196842,2026-09-07 14:59:59.758847+00:00,6.187,6.190456223641438,0.0034562236414377168,6.188,6.19,6.196
customer_long,farm_long,long_a,dev_long_sensor,s_long_a_ph,ph,2026-09-07 14:40:00+00:00,2026-09-07 15:10:00+00:00,180804,204861,2026-09-07 15:09:58.825883+00:00,6.196,6.194081352250884,0.001918647749115543,6.202,6.194333333333333,6.215
customer_long,farm_long,long_a,dev_long_sensor,s_long_a_ph,ph,2026-09-07 14:50:00+00:00,2026-09-07 15:20:00+00:00,188796,212907,2026-09-07 15:19:59.927642+00:00,6.201,6.196795740730538,0.004204259269461552,6.189,6.1930000000000005,6.1850000000000005
customer_long,farm_long,long_a,dev_long_sensor,s_long_a_ph,ph,2026-09-07 15:00:00+00:00,2026-09-07 15:30:00+00:00,196842,220926,2026-09-07 15:29:59.355267+00:00,6.189,6.192968949912777,0.003968949912777298,6.187,6.192666666666667,6.186000000000001
customer_long,farm_long,long_a,dev_long_sensor,s_long_a_ph,ph,2026-09-07 15:10:00+00:00,2026-09-07 15:40:00+00:00,204861,228945,2026-09-07 15:39:59.201493+00:00,6.201,6.195967355354766,0.005032644645234008,6.196,6.190666666666666,6.1899999999999995
customer_long,farm_long,long_a,dev_long_sensor,s_long_a_ph,ph,2026-09-07 15:20:00+00:00,2026-09-07 15:50:00+00:00,212907,236964,2026-09-07 15:49:59.552480+00:00,6.191,6.194493080300259,0.003493080300259521,6.201,6.1946666666666665,6.212999999999999
customer_long,farm_long,long_a,dev_long_sensor,s_long_a_ph,ph,2026-09-07 15:30:00+00:00,2026-09-07 16:00:00+00:00,220926,244983,2026-09-07 15:59:59.952703+00:00,6.197,6.19514983000185,0.0018501699981499087,6.189,6.195333333333333,6.191
customer_long,farm_long,long_a,dev_long_sensor,s_long_a_ph,ph,2026-09-07 15:40:00+00:00,2026-09-07 16:10:00+00:00,228945,253002,2026-09-07 16:09:59.869130+00:00,6.195,6.196712919483797,0.0017129194837970374,6.201,6.197,6.2059999999999995
customer_long,farm_long,long_a,dev_long_sensor,s_long_a_ph,ph,2026-09-07 15:50:00+00:00,2026-09-07 16:20:00+00:00,236964,260994,2026-09-07 16:19:58.222072+00:00,6.194,6.1966939558296925,0.0026939558296925625,6.191,6.193666666666666,6.181
customer_long,farm_long,long_a,dev_long_sensor,s_long_a_ph,ph,2026-09-07 16:00:00+00:00,2026-09-07 16:30:00+00:00,244983,269013,2026-09-07 16:29:58.541166+00:00,6.194,6.193211852742222,0.0007881472577775384,6.197,6.196333333333333,6.205
customer_long,farm_long,long_a,dev_long_sensor,s_long_a_ph,ph,2026-09-07 16:10:00+00:00,2026-09-07 16:40:00+00:00,253002,277032,2026-09-07 16:39:58.061907+00:00,6.194,6.195932174732989,0.0019321747329890115,6.195,6.194333333333333,6.189000000000001
customer_long,farm_long,long_a,dev_long_sensor,s_long_a_ph,ph,2026-09-07 16:30:00+00:00,2026-09-07 17:00:00+00:00,269013,287049,2026-09-07 16:59:58.403209+00:00,6.201,6.195956929856358,0.0050430701436416925,6.194,6.194333333333334,6.191
customer_long,farm_long,long_a,dev_long_sensor,s_long_a_ph,ph,2026-09-07 16:40:00+00:00,2026-09-07 17:10:00+00:00,277032,295068,2026-09-07 17:09:57.970172+00:00,6.198,6.196542745681516,0.0014572543184847575,6.194,6.194,6.193
customer_long,farm_long,long_a,dev_long_sensor,s_long_a_ph,ph,2026-09-07 16:50:00+00:00,2026-09-07 17:20:00+00:00,282270,303087,2026-09-07 17:19:58.171872+00:00,6.208,6.196395342781662,0.011604657218338588,6.202,6.196666666666666,6.21
customer_long,farm_long,long_a,dev_long_sensor,s_long_a_ph,ph,2026-09-07 17:00:00+00:00,2026-09-07 17:30:00+00:00,287049,311106,2026-09-07 17:29:58.456680+00:00,6.199,6.1989593288541105,4.067114588934828e-05,6.201,6.199000000000001,6.207999999999999
customer_long,farm_long,long_a,dev_long_sensor,s_long_a_ph,ph,2026-09-07 17:10:00+00:00,2026-09-07 17:40:00+00:00,295068,319098,2026-09-07 17:39:58.008861+00:00,6.204,6.198634251401941,0.005365748598058495,6.198,6.200333333333333,6.202000000000001
customer_long,farm_long,long_a,dev_long_sensor,s_long_a_ph,ph,2026-09-07 17:20:00+00:00,2026-09-07 17:50:00+00:00,303087,327144,2026-09-07 17:49:59.945792+00:00,6.204,6.198931652968343,0.005068347031656373,6.208,6.202333333333333,6.214
customer_long,farm_long,long_a,dev_long_sensor,s_long_a_ph,ph,2026-09-07 17:30:00+00:00,2026-09-07 18:00:00+00:00,311106,335163,2026-09-07 17:59:59.063673+00:00,6.196,6.2004989184245245,0.004498918424524767,6.199,6.201666666666667,6.197
customer_long,farm_long,long_a,dev_long_sensor,s_long_a_ph,ph,2026-09-07 17:40:00+00:00,2026-09-07 18:10:00+00:00,319098,343182,2026-09-07 18:09:58.377655+00:00,6.196,6.19843672795091,0.0024367279509105444,6.204,6.203666666666666,6.209999999999999
customer_long,farm_long,long_a,dev_long_sensor,s_long_a_ph,ph,2026-09-07 17:50:00+00:00,2026-09-07 18:20:00+00:00,327144,351228,2026-09-07 18:19:59.402478+00:00,6.197,6.2005543630925555,0.0035543630925554126,6.204,6.202333333333333,6.199999999999999
customer_long,farm_long,long_a,dev_long_sensor,s_long_a_ph,ph,2026-09-07 18:00:00+00:00,2026-09-07 18:30:00+00:00,335163,359247,2026-09-07 18:29:58.548585+00:00,6.2,6.199182254340331,0.0008177456596687449,6.196,6.201333333333333,6.193
customer_long,farm_long,long_a,dev_long_sensor,s_long_a_ph,ph,2026-09-07 18:10:00+00:00,2026-09-07 18:40:00+00:00,343182,367266,2026-09-07 18:39:58.392471+00:00,6.204,6.198435385961741,0.00556461403825903,6.196,6.198666666666667,6.188
customer_long,farm_long,long_a,dev_long_sensor,s_long_a_ph,ph,2026-09-07 18:20:00+00:00,2026-09-07 18:50:00+00:00,351228,375285,2026-09-07 18:49:58.584911+00:00,6.197,6.197620143187166,0.0006201431871657448,6.197,6.196333333333333,6.19
customer_long,farm_long,long_a,dev_long_sensor,s_long_a_ph,ph,2026-09-07 18:30:00+00:00,2026-09-07 19:00:00+00:00,359247,383304,2026-09-07 18:59:58.772769+00:00,6.201,6.197197115012882,0.0038028849871176718,6.2,6.197666666666667,6.204000000000001
customer_long,farm_long,long_a,dev_long_sensor,s_long_a_ph,ph,2026-09-07 18:40:00+00:00,2026-09-07 19:10:00+00:00,367266,391323,2026-09-07 19:09:59.107174+00:00,6.202,6.199414899667998,0.0025851003320020993,6.204,6.200333333333333,6.212
customer_long,farm_long,long_a,dev_long_sensor,s_long_a_ph,ph,2026-09-07 18:50:00+00:00,2026-09-07 19:20:00+00:00,375285,399342,2026-09-07 19:19:59.309803+00:00,6.202,6.199584172161705,0.0024158278382948595,6.197,6.200333333333333,6.197
customer_long,farm_long,long_a,dev_long_sensor,s_long_a_ph,ph,2026-09-07 19:00:00+00:00,2026-09-07 19:30:00+00:00,383304,407361,2026-09-07 19:29:59.113432+00:00,6.189,6.197205497669535,0.008205497669535156,6.201,6.200666666666667,6.201999999999999
customer_long,farm_long,long_a,dev_long_sensor,s_long_a_ph,ph,2026-09-07 19:10:00+00:00,2026-09-07 19:40:00+00:00,391323,415380,2026-09-07 19:39:59.322675+00:00,6.195,6.199000972057407,0.004000972057406571,6.202,6.2,6.2
customer_long,farm_long,long_a,dev_long_sensor,s_long_a_ph,ph,2026-09-07 19:20:00+00:00,2026-09-07 19:50:00+00:00,399342,423399,2026-09-07 19:49:59.547948+00:00,6.198,6.198420488617538,0.0004204886175376288,6.202,6.201666666666667,6.207
customer_long,farm_long,long_a,dev_long_sensor,s_long_a_ph,ph,2026-09-07 19:30:00+00:00,2026-09-07 20:00:00+00:00,407361,431418,2026-09-07 19:59:59.684498+00:00,6.201,6.198171505434514,0.0028284945654855065,6.189,6.197666666666667,6.1770000000000005
customer_long,farm_long,long_a,dev_long_sensor,s_long_a_ph,ph,2026-09-07 19:40:00+00:00,2026-09-07 20:10:00+00:00,415380,439383,2026-09-07 20:09:59.829484+00:00,6.194,6.196600079604936,0.002600079604936134,6.195,6.195333333333333,6.188000000000001
customer_long,farm_long,long_a,dev_long_sensor,s_long_a_ph,ph,2026-09-07 19:50:00+00:00,2026-09-07 20:20:00+00:00,423399,447321,2026-09-07 20:19:59.485996+00:00,6.193,6.196497884481182,0.0034978844811828225,6.198,6.194,6.194000000000001
customer_long,farm_long,long_a,dev_long_sensor,s_long_a_ph,ph,2026-09-07 20:00:00+00:00,2026-09-07 20:30:00+00:00,431418,455232,2026-09-07 20:29:58.001886+00:00,6.191,6.196011989191468,0.005011989191467947,6.201,6.198,6.212999999999999
customer_long,farm_long,long_a,dev_long_sensor,s_long_a_ph,ph,2026-09-07 21:00:00+00:00,2026-09-07 21:30:00+00:00,,461142,2026-09-07 21:29:59.820785+00:00,6.356,6.249962865472634,0.10603713452736585,6.201,6.19,6.210999999999999
customer_long,farm_long,long_a,dev_long_sensor,s_long_a_ph,ph,2026-09-07 21:10:00+00:00,2026-09-07 21:40:00+00:00,,469161,2026-09-07 21:39:59.230172+00:00,6.357,6.250148657852844,0.10685134214715664,6.201,6.201,6.211999999999999
customer_long,farm_long,long_a,dev_long_sensor,s_long_a_ph,ph,2026-09-07 21:20:00+00:00,2026-09-07 21:50:00+00:00,,477180,2026-09-07 21:49:58.664301+00:00,6.359,6.2481681911751545,0.11083180882484545,6.201,6.201,6.201
customer_long,farm_long,long_a,dev_long_sensor,s_long_a_ph,ph,2026-09-07 21:30:00+00:00,2026-09-07 22:00:00+00:00,461142,485199,2026-09-07 21:59:59.324875+00:00,6.359,6.334179242880915,0.024820757119084824,6.356,6.356,6.511
customer_long,farm_long,long_a,dev_long_sensor,s_long_a_ph,ph,2026-09-07 21:40:00+00:00,2026-09-07 22:10:00+00:00,469161,493191,2026-09-07 22:09:58.473491+00:00,6.359,6.349614062120597,0.009385937879402562,6.357,6.3565000000000005,6.513000000000001
customer_long,farm_long,long_a,dev_long_sensor,s_long_a_ph,ph,2026-09-07 21:50:00+00:00,2026-09-07 22:20:00+00:00,477180,501210,2026-09-07 22:19:59.285715+00:00,6.356,6.349976006903248,0.006023993096752278,6.359,6.357333333333333,6.517
customer_long,farm_long,long_a,dev_long_sensor,s_long_a_ph,ph,2026-09-07 22:00:00+00:00,2026-09-07 22:30:00+00:00,485199,509229,2026-09-07 22:29:59.674869+00:00,6.346,6.351708628622184,0.005708628622183909,6.359,6.358333333333333,6.362
customer_long,farm_long,long_a,dev_long_sensor,s_long_a_ph,ph,2026-09-07 22:10:00+00:00,2026-09-07 22:40:00+00:00,493191,517248,2026-09-07 22:39:59.668962+00:00,6.355,6.351531079695417,0.003468920304583456,6.359,6.359,6.361
customer_long,farm_long,long_a,dev_long_sensor,s_long_a_ph,ph,2026-09-07 22:20:00+00:00,2026-09-07 22:50:00+00:00,501210,525267,2026-09-07 22:49:59.942034+00:00,6.351,6.350813699644911,0.00018630035508859777,6.356,6.358,6.353
customer_long,farm_long,long_a,dev_long_sensor,s_long_a_ph,ph,2026-09-07 22:30:00+00:00,2026-09-07 23:00:00+00:00,509229,533259,2026-09-07 22:59:58.212670+00:00,6.351,6.343207169811018,0.007792830188981803,6.346,6.353666666666666,6.333
customer_long,farm_long,long_a,dev_long_sensor,s_long_a_ph,ph,2026-09-07 22:40:00+00:00,2026-09-07 23:10:00+00:00,517248,541278,2026-09-07 23:09:59.268626+00:00,6.346,6.343648352434565,0.0023516475654350444,6.355,6.352333333333333,6.351000000000001
customer_long,farm_long,long_a,dev_long_sensor,s_long_a_ph,ph,2026-09-07 22:50:00+00:00,2026-09-07 23:20:00+00:00,525267,549297,2026-09-07 23:19:58.514505+00:00,6.347,6.343513879776911,0.003486120223089806,6.351,6.350666666666666,6.346
customer_long,farm_long,long_a,dev_long_sensor,s_long_a_ph,ph,2026-09-07 23:00:00+00:00,2026-09-07 23:30:00+00:00,533259,557343,2026-09-07 23:29:59.465911+00:00,6.342,6.343274375005743,0.0012743750057433445,6.351,6.352333333333334,6.356
customer_long,farm_long,long_a,dev_long_sensor,s_long_a_ph,ph,2026-09-07 23:10:00+00:00,2026-09-07 23:40:00+00:00,541278,565362,2026-09-07 23:39:58.508335+00:00,6.34,6.340673838754821,0.0006738387548210767,6.346,6.349333333333334,6.337
customer_long,farm_long,long_a,dev_long_sensor,s_long_a_ph,ph,2026-09-07 23:20:00+00:00,2026-09-07 23:50:00+00:00,549297,573408,2026-09-07 23:49:59.543974+00:00,6.336,6.339015636505684,0.0030156365056832612,6.347,6.348,6.343000000000001
customer_long,farm_long,long_a,dev_long_sensor,s_long_a_ph,ph,2026-09-07 23:30:00+00:00,2026-09-08 00:00:00+00:00,557343,581427,2026-09-07 23:59:58.536367+00:00,6.334,6.336652119909433,0.002652119909432926,6.342,6.345,6.332999999999999
customer_long,farm_long,long_a,dev_long_sensor,s_long_a_ph,ph,2026-09-07 23:40:00+00:00,2026-09-08 00:10:00+00:00,565362,589446,2026-09-08 00:09:58.113459+00:00,6.334,6.3352533408871885,0.0012533408871888696,6.34,6.343,6.334
customer_long,farm_long,long_a,dev_long_sensor,s_long_a_ph,ph,2026-09-07 23:50:00+00:00,2026-09-08 00:20:00+00:00,573408,597465,2026-09-08 00:19:58.876415+00:00,6.325,6.33213265445465,0.007132654454649945,6.336,6.339333333333333,6.325
customer_long,farm_long,long_a,dev_long_sensor,s_long_a_ph,ph,2026-09-08 00:00:00+00:00,2026-09-08 00:30:00+00:00,581427,605484,2026-09-08 00:29:59.418489+00:00,6.326,6.330633056882993,0.004633056882993536,6.334,6.336666666666667,6.326
customer_long,farm_long,long_a,dev_long_sensor,s_long_a_ph,ph,2026-09-08 00:10:00+00:00,2026-09-08 00:40:00+00:00,589446,613503,2026-09-08 00:39:58.923353+00:00,6.332,6.329674387791669,0.0023256122083310515,6.334,6.334666666666667,6.327999999999999
customer_long,farm_long,long_a,dev_long_sensor,s_long_a_ph,ph,2026-09-08 00:20:00+00:00,2026-09-08 00:50:00+00:00,597465,621522,2026-09-08 00:49:58.159106+00:00,6.329,6.326796973632222,0.002203026367777916,6.325,6.3309999999999995,6.314
customer_long,farm_long,long_a,dev_long_sensor,s_long_a_ph,ph,2026-09-08 00:30:00+00:00,2026-09-08 01:00:00+00:00,605484,629568,2026-09-08 00:59:59.356975+00:00,6.335,6.323458877569129,0.01154112243087102,6.326,6.328333333333333,6.318
customer_long,farm_long,long_a,dev_long_sensor,s_long_a_ph,ph,2026-09-08 00:40:00+00:00,2026-09-08 01:10:00+00:00,613503,637587,2026-09-08 01:09:58.587616+00:00,6.321,6.3232257608319,0.002225760831899848,6.332,6.327666666666666,6.33
customer_long,farm_long,long_a,dev_long_sensor,s_long_a_ph,ph,2026-09-08 08:00:00+00:00,2026-09-08 08:30:00+00:00,,638721,2026-09-08 08:29:59.655888+00:00,6.3,6.198743430595963,0.10125656940403704,6.201,6.201,6.201
customer_long,farm_long,long_a,dev_long_sensor,s_long_a_ph,ph,2026-09-08 08:10:00+00:00,2026-09-08 08:40:00+00:00,638451,646740,2026-09-08 08:39:59.283441+00:00,6.297,6.294100328054036,0.0028996719459639664,6.302,6.302,6.403
customer_long,farm_long,long_a,dev_long_sensor,s_long_a_ph,ph,2026-09-08 08:20:00+00:00,2026-09-08 08:50:00+00:00,,654759,2026-09-08 08:49:58.805629+00:00,6.289,6.260839764540625,0.028160235459374405,6.201,6.302,6.201
customer_long,farm_long,long_a,dev_long_sensor,s_long_a_ph,ph,2026-09-08 08:30:00+00:00,2026-09-08 09:00:00+00:00,638721,662778,2026-09-08 08:59:58.307130+00:00,6.291,6.291246840553806,0.00024684055380586045,6.3,6.301,6.399
customer_long,farm_long,long_a,dev_long_sensor,s_long_a_ph,ph,2026-09-08 08:40:00+00:00,2026-09-08 09:10:00+00:00,646740,670797,2026-09-08 09:09:57.984839+00:00,6.287,6.291698067855856,0.004698067855856358,6.297,6.2985,6.292
customer_long,farm_long,long_a,dev_long_sensor,s_long_a_ph,ph,2026-09-08 08:50:00+00:00,2026-09-08 09:20:00+00:00,654759,678810,2026-09-08 09:19:59.881283+00:00,6.29,6.2889221142823,0.0010778857176996226,6.289,6.295333333333333,6.377
customer_long,farm_long,long_a,dev_long_sensor,s_long_a_ph,ph,2026-09-08 09:00:00+00:00,2026-09-08 09:30:00+00:00,662778,686829,2026-09-08 09:29:59.651515+00:00,6.292,6.288424356387422,0.0035756436125780056,6.291,6.292333333333333,6.282000000000001
customer_long,farm_long,long_a,dev_long_sensor,s_long_a_ph,ph,2026-09-08 09:10:00+00:00,2026-09-08 09:40:00+00:00,670797,694848,2026-09-08 09:39:59.658419+00:00,6.292,6.28841523712747,0.0035847628725296232,6.287,6.289000000000001,6.277
customer_long,farm_long,long_a,dev_long_sensor,s_long_a_ph,ph,2026-09-08 09:20:00+00:00,2026-09-08 09:50:00+00:00,678810,702867,2026-09-08 09:49:59.790201+00:00,6.291,6.286139062242304,0.004860937757696249,6.29,6.289333333333334,6.291
customer_long,farm_long,long_a,dev_long_sensor,s_long_a_ph,ph,2026-09-08 09:30:00+00:00,2026-09-08 10:00:00+00:00,686829,710886,2026-09-08 09:59:59.362741+00:00,6.293,6.2884362637598255,0.004563736240174698,6.292,6.289666666666666,6.292999999999999
customer_long,farm_long,long_a,dev_long_sensor,s_long_a_ph,ph,2026-09-08 09:40:00+00:00,2026-09-08 10:10:00+00:00,694848,718905,2026-09-08 10:09:58.816734+00:00,6.292,6.288955744867268,0.0030442551327318768,6.292,6.291333333333334,6.297
customer_long,farm_long,long_a,dev_long_sensor,s_long_a_ph,ph,2026-09-08 09:50:00+00:00,2026-09-08 10:20:00+00:00,702867,726924,2026-09-08 10:19:58.161177+00:00,6.289,6.288626672566427,0.0003733274335724346,6.291,6.291666666666667,6.292000000000001
customer_long,farm_long,long_a,dev_long_sensor,s_long_a_ph,ph,2026-09-08 10:00:00+00:00,2026-09-08 10:30:00+00:00,710886,734970,2026-09-08 10:29:59.562139+00:00,6.29,6.288769003657519,0.0012309963424810277,6.293,6.292000000000001,6.2940000000000005
customer_long,farm_long,long_a,dev_long_sensor,s_long_a_ph,ph,2026-09-08 13:30:00+00:00,2026-09-08 14:00:00+00:00,,739149,2026-09-08 13:59:58.894379+00:00,6.36,6.198743430595963,0.16125656940403754,6.201,6.201,6.201
customer_long,farm_long,long_a,dev_long_sensor,s_long_a_ph,ph,2026-09-08 13:40:00+00:00,2026-09-08 14:10:00+00:00,,747168,2026-09-08 14:09:58.311984+00:00,6.359,6.198743430595963,0.1602565694040372,6.201,6.201,6.201
customer_long,farm_long,long_a,dev_long_sensor,s_long_a_ph,ph,2026-09-08 13:50:00+00:00,2026-09-08 14:20:00+00:00,,755214,2026-09-08 14:19:59.723973+00:00,6.364,6.198743430595963,0.1652565694040371,6.201,6.201,6.201
customer_long,farm_long,long_a,dev_long_sensor,s_long_a_ph,ph,2026-09-08 14:00:00+00:00,2026-09-08 14:30:00+00:00,739149,763233,2026-09-08 14:29:59.099470+00:00,6.36,6.333145974031714,0.026854025968286344,6.36,6.36,6.519000000000001
customer_long,farm_long,long_a,dev_long_sensor,s_long_a_ph,ph,2026-09-08 14:10:00+00:00,2026-09-08 14:40:00+00:00,747168,771252,2026-09-08 14:39:58.399901+00:00,6.353,6.349812306494557,0.003187693505442901,6.359,6.359500000000001,6.517
customer_long,farm_long,long_a,dev_long_sensor,s_long_a_ph,ph,2026-09-08 14:20:00+00:00,2026-09-08 14:50:00+00:00,755214,779298,2026-09-08 14:49:59.685055+00:00,6.359,6.3502601726561725,0.0087398273438275,6.364,6.361,6.527
customer_long,farm_long,long_a,dev_long_sensor,s_long_a_ph,ph,2026-09-08 14:30:00+00:00,2026-09-08 15:00:00+00:00,763233,787317,2026-09-08 14:59:59.048271+00:00,6.353,6.351691093899961,0.0013089061000384206,6.36,6.361000000000001,6.36
customer_long,farm_long,long_a,dev_long_sensor,s_long_a_ph,ph,2026-09-08 14:40:00+00:00,2026-09-08 15:10:00+00:00,771252,795336,2026-09-08 15:09:58.327883+00:00,6.351,6.350910378695028,8.962130497192078e-05,6.353,6.358999999999999,6.3469999999999995
customer_long,farm_long,long_a,dev_long_sensor,s_long_a_ph,ph,2026-09-08 14:50:00+00:00,2026-09-08 15:20:00+00:00,779298,803382,2026-09-08 15:19:59.649328+00:00,6.347,6.350443175909692,0.003443175909692009,6.359,6.357333333333333,6.354
customer_long,farm_long,long_a,dev_long_sensor,s_long_a_ph,ph,2026-09-08 15:00:00+00:00,2026-09-08 15:30:00+00:00,787317,811401,2026-09-08 15:29:58.901078+00:00,6.343,6.345378608087171,0.0023786080871710524,6.353,6.355,6.345999999999999
customer_long,farm_long,long_a,dev_long_sensor,s_long_a_ph,ph,2026-09-08 15:10:00+00:00,2026-09-08 15:40:00+00:00,795336,819420,2026-09-08 15:39:58.059106+00:00,6.341,6.3441500125452865,0.0031500125452863514,6.351,6.354333333333333,6.349
customer_long,farm_long,long_a,dev_long_sensor,s_long_a_ph,ph,2026-09-08 15:20:00+00:00,2026-09-08 15:50:00+00:00,803382,827466,2026-09-08 15:49:59.782225+00:00,6.344,6.341398536088738,0.0026014639112625915,6.347,6.350333333333334,6.335000000000001
customer_long,farm_long,long_a,dev_long_sensor,s_long_a_ph,ph,2026-09-08 15:30:00+00:00,2026-09-08 16:00:00+00:00,811401,835485,2026-09-08 15:59:59.548236+00:00,6.337,6.337650069928165,0.0006500699281648536,6.343,6.347,6.333
customer_long,farm_long,long_a,dev_long_sensor,s_long_a_ph,ph,2026-09-08 15:40:00+00:00,2026-09-08 16:10:00+00:00,819420,843504,2026-09-08 16:09:59.239084+00:00,6.335,6.335596937484626,0.000596937484625748,6.341,6.343666666666667,6.331
customer_long,farm_long,long_a,dev_long_sensor,s_long_a_ph,ph,2026-09-08 15:50:00+00:00,2026-09-08 16:20:00+00:00,827466,851523,2026-09-08 16:19:58.385156+00:00,6.335,6.335383131429571,0.0003831314295714705,6.344,6.342666666666666,6.341
customer_long,farm_long,long_a,dev_long_sensor,s_long_a_ph,ph,2026-09-08 16:00:00+00:00,2026-09-08 16:30:00+00:00,835485,859542,2026-09-08 16:29:58.761510+00:00,6.333,6.333445116278736,0.0004451162787360019,6.337,6.3406666666666665,6.3309999999999995
customer_long,farm_long,long_a,dev_long_sensor,s_long_a_ph,ph,2026-09-08 16:10:00+00:00,2026-09-08 16:40:00+00:00,843504,867480,2026-09-08 16:39:58.528371+00:00,6.333,6.331539624004197,0.001460375995803176,6.335,6.338666666666666,6.329
customer_long,farm_long,long_a,dev_long_sensor,s_long_a_ph,ph,2026-09-08 16:20:00+00:00,2026-09-08 16:50:00+00:00,851523,875418,2026-09-08 16:49:59.053915+00:00,6.334,6.330763288378018,0.0032367116219820247,6.335,6.335666666666666,6.326
customer_long,farm_long,long_a,dev_long_sensor,s_long_a_ph,ph,2026-09-08 16:30:00+00:00,2026-09-08 17:00:00+00:00,859542,883383,2026-09-08 16:59:59.386841+00:00,6.326,6.328549452355226,0.0025494523552263004,6.333,6.334333333333333,6.329000000000001
customer_long,farm_long,long_a,dev_long_sensor,s_long_a_ph,ph,2026-09-08 16:40:00+00:00,2026-09-08 17:10:00+00:00,867480,891402,2026-09-08 17:09:58.770280+00:00,6.329,6.327860237276466,0.001139762723533444,6.333,6.333666666666667,6.331
customer_long,farm_long,long_a,dev_long_sensor,s_long_a_ph,ph,2026-09-08 16:50:00+00:00,2026-09-08 17:20:00+00:00,875418,899421,2026-09-08 17:19:59.110681+00:00,6.328,6.32829758456321,0.00029758456321005156,6.334,6.333333333333333,6.332999999999999
customer_long,farm_long,long_a,dev_long_sensor,s_long_a_ph,ph,2026-09-08 17:00:00+00:00,2026-09-08 17:30:00+00:00,883383,907440,2026-09-08 17:29:59.532899+00:00,6.331,6.326169987579059,0.0048300124209417206,6.326,6.331,6.318999999999999
customer_long,farm_long,long_a,dev_long_sensor,s_long_a_ph,ph,2026-09-08 17:10:00+00:00,2026-09-08 17:40:00+00:00,891402,915432,2026-09-08 17:39:57.993562+00:00,6.327,6.323917713835476,0.003082286164524106,6.329,6.329666666666665,6.324999999999999
customer_long,farm_long,long_a,dev_long_sensor,s_long_a_ph,ph,2026-09-08 17:20:00+00:00,2026-09-08 17:50:00+00:00,899421,923478,2026-09-08 17:49:59.800245+00:00,6.321,6.323022208813905,0.0020222088139050243,6.328,6.327666666666666,6.322000000000001
customer_long,farm_long,long_a,dev_long_sensor,s_long_a_ph,ph,2026-09-08 17:30:00+00:00,2026-09-08 18:00:00+00:00,907440,931470,2026-09-08 17:59:58.014675+00:00,6.316,6.3228722137153,0.006872213715300113,6.331,6.3293333333333335,6.336000000000001
customer_long,farm_long,long_a,dev_long_sensor,s_long_a_ph,ph,2026-09-08 17:40:00+00:00,2026-09-08 18:10:00+00:00,915432,939489,2026-09-08 18:09:58.038958+00:00,6.328,6.323499528297165,0.004500471702835185,6.327,6.328666666666667,6.325
customer_long,farm_long,long_a,dev_long_sensor,s_long_a_ph,ph,2026-09-08 17:50:00+00:00,2026-09-08 18:20:00+00:00,923478,947535,2026-09-08 18:19:59.164318+00:00,6.322,6.317953577703298,0.004046422296702268,6.321,6.326333333333333,6.313999999999999
customer_long,farm_long,long_a,dev_long_sensor,s_long_a_ph,ph,2026-09-08 18:00:00+00:00,2026-09-08 18:30:00+00:00,931470,955554,2026-09-08 18:29:58.229296+00:00,6.324,6.313933202418992,0.010066797581007592,6.316,6.321333333333333,6.300999999999999
customer_long,farm_long,long_a,dev_long_sensor,s_long_a_ph,ph,2026-09-08 18:10:00+00:00,2026-09-08 18:40:00+00:00,939489,963573,2026-09-08 18:39:58.423702+00:00,6.316,6.316853043293285,0.0008530432932847276,6.328,6.321666666666666,6.329000000000001
customer_long,farm_long,long_a,dev_long_sensor,s_long_a_ph,ph,2026-09-08 18:20:00+00:00,2026-09-08 18:50:00+00:00,947535,971538,2026-09-08 18:49:59.735325+00:00,6.321,6.3158215851822,0.00517841481779957,6.322,6.322,6.323
customer_long,farm_long,long_a,dev_long_sensor,s_long_a_ph,ph,2026-09-08 18:30:00+00:00,2026-09-08 19:00:00+00:00,955554,979476,2026-09-08 18:59:59.876887+00:00,6.319,6.317789005918914,0.0012109940810862696,6.324,6.324666666666666,6.332
customer_long,farm_long,long_a,dev_long_sensor,s_long_a_ph,ph,2026-09-08 18:40:00+00:00,2026-09-08 19:10:00+00:00,963573,987441,2026-09-08 19:09:58.954708+00:00,6.32,6.313670170374737,0.006329829625263628,6.316,6.320666666666667,6.303999999999999
customer_long,farm_long,long_a,dev_long_sensor,s_long_a_ph,ph,2026-09-08 18:50:00+00:00,2026-09-08 19:20:00+00:00,971538,995460,2026-09-08 19:19:59.228269+00:00,6.317,6.3128149145872765,0.004185085412723666,6.321,6.320333333333333,6.319999999999999
customer_long,farm_long,long_a,dev_long_sensor,s_long_a_ph,ph,2026-09-08 19:00:00+00:00,2026-09-08 19:30:00+00:00,979476,1003479,2026-09-08 19:29:59.454973+00:00,6.308,6.311497179675757,0.003497179675757245,6.319,6.318666666666666,6.314
customer_long,farm_long,long_a,dev_long_sensor,s_long_a_ph,ph,2026-09-08 19:10:00+00:00,2026-09-08 19:40:00+00:00,987441,1011498,2026-09-08 19:39:59.687988+00:00,6.312,6.312842341057354,0.0008423410573534795,6.32,6.32,6.324000000000001
customer_long,farm_long,long_a,dev_long_sensor,s_long_a_ph,ph,2026-09-08 19:20:00+00:00,2026-09-08 19:50:00+00:00,995460,1019517,2026-09-08 19:49:59.847081+00:00,6.312,6.311956528019882,4.347198011789288e-05,6.317,6.318666666666666,6.313000000000001
customer_long,farm_long,long_a,dev_long_sensor,s_long_a_ph,ph,2026-09-08 19:30:00+00:00,2026-09-08 20:00:00+00:00,1003479,1027536,2026-09-08 19:59:59.900871+00:00,6.318,6.308509167335778,0.009490832664221571,6.308,6.315,6.297
customer_long,farm_long,long_a,dev_long_sensor,s_long_a_ph,ph,2026-09-08 19:40:00+00:00,2026-09-08 20:10:00+00:00,1011498,1035528,2026-09-08 20:09:58.225942+00:00,6.306,6.305150011072718,0.0008499889272819416,6.312,6.312333333333334,6.304
customer_long,farm_long,long_a,dev_long_sensor,s_long_a_ph,ph,2026-09-08 19:50:00+00:00,2026-09-08 20:20:00+00:00,1019517,1043547,2026-09-08 20:19:58.440017+00:00,6.305,6.305294892297465,0.00029489229746548773,6.312,6.310666666666667,6.307
customer_long,farm_long,long_a,dev_long_sensor,s_long_a_ph,ph,2026-09-08 20:00:00+00:00,2026-09-08 20:30:00+00:00,1027536,1051566,2026-09-08 20:29:58.742340+00:00,6.312,6.307605440577669,0.004394559422331135,6.318,6.314,6.327999999999999
customer_long,farm_long,long_a,dev_long_sensor,s_long_a_ph,ph,2026-09-08 20:10:00+00:00,2026-09-08 20:40:00+00:00,1035528,1059585,2026-09-08 20:39:58.433661+00:00,6.301,6.306012568172772,0.005012568172771736,6.306,6.312,6.3
customer_long,farm_long,long_a,dev_long_sensor,s_long_a_ph,ph,2026-09-08 20:20:00+00:00,2026-09-08 20:50:00+00:00,1043547,1067631,2026-09-08 20:49:59.517918+00:00,6.303,6.302783511755145,0.00021648824485520635,6.305,6.309666666666666,6.297999999999999
customer_long,farm_long,long_a,dev_long_sensor,s_long_a_ph,ph,2026-09-08 20:30:00+00:00,2026-09-08 21:00:00+00:00,1051566,1075650,2026-09-08 20:59:58.712663+00:00,6.3,6.302104363601828,0.0021043636018278633,6.312,6.307666666666667,6.306000000000001
customer_long,farm_long,long_a,dev_long_sensor,s_long_a_ph,ph,2026-09-08 20:40:00+00:00,2026-09-08 21:10:00+00:00,1059585,1083669,2026-09-08 21:09:58.826865+00:00,6.299,6.299833508877182,0.0008335088771813659,6.301,6.306,6.296
customer_long,farm_long,long_a,dev_long_sensor,s_long_a_ph,ph,2026-09-08 20:50:00+00:00,2026-09-08 21:20:00+00:00,1067631,1091688,2026-09-08 21:19:59.235337+00:00,6.296,6.298577159745228,0.00257715974522732,6.303,6.3053333333333335,6.301
customer_long,farm_long,long_a,dev_long_sensor,s_long_a_ph,ph,2026-09-08 21:00:00+00:00,2026-09-08 21:30:00+00:00,1075650,1099707,2026-09-08 21:29:59.700562+00:00,6.295,6.298450188558176,0.003450188558176137,6.3,6.301333333333333,6.287999999999999
customer_long,farm_long,long_a,dev_long_sensor,s_long_a_ph,ph,2026-09-08 21:10:00+00:00,2026-09-08 21:40:00+00:00,1083669,1107726,2026-09-08 21:39:59.636385+00:00,6.29,6.2946254882826,0.00462548828260001,6.299,6.300666666666667,6.297000000000001
customer_long,farm_long,long_a,dev_long_sensor,s_long_a_ph,ph,2026-09-08 21:20:00+00:00,2026-09-08 21:50:00+00:00,1091688,1115718,2026-09-08 21:49:57.993665+00:00,6.299,6.293891979967713,0.005108020032287719,6.296,6.298333333333333,6.289000000000001
customer_long,farm_long,long_a,dev_long_sensor,s_long_a_ph,ph,2026-09-08 21:30:00+00:00,2026-09-08 22:00:00+00:00,1099707,1123737,2026-09-08 21:59:58.363473+00:00,6.289,6.292320331296483,0.0033203312964831255,6.295,6.296666666666667,6.29
customer_long,farm_long,long_a,dev_long_sensor,s_long_a_ph,ph,2026-09-08 21:40:00+00:00,2026-09-08 22:10:00+00:00,1107726,1131756,2026-09-08 22:09:58.165715+00:00,6.295,6.291211467368235,0.003788532631764596,6.29,6.293666666666667,6.281
customer_long,farm_long,long_a,dev_long_sensor,s_long_a_ph,ph,2026-09-08 21:50:00+00:00,2026-09-08 22:20:00+00:00,1115718,1139802,2026-09-08 22:19:59.350446+00:00,6.29,6.291032223494135,0.0010322234941346764,6.299,6.294666666666667,6.3020000000000005
customer_long,farm_long,long_a,dev_long_sensor,s_long_a_ph,ph,2026-09-08 22:00:00+00:00,2026-09-08 22:30:00+00:00,1123737,1147821,2026-09-08 22:29:58.510233+00:00,6.295,6.291091577925406,0.003908422074593965,6.289,6.292666666666666,6.2829999999999995
customer_long,farm_long,long_a,dev_long_sensor,s_long_a_ph,ph,2026-09-08 22:10:00+00:00,2026-09-08 22:40:00+00:00,1131756,1155867,2026-09-08 22:39:59.718167+00:00,6.292,6.28997178865246,0.00202821134753961,6.295,6.294333333333334,6.3
customer_long,farm_long,long_a,dev_long_sensor,s_long_a_ph,ph,2026-09-08 22:20:00+00:00,2026-09-08 22:50:00+00:00,1139802,1163886,2026-09-08 22:49:58.953797+00:00,6.291,6.289929743385557,0.0010702566144429326,6.29,6.291333333333333,6.281
customer_long,farm_long,long_a,dev_long_sensor,s_long_a_ph,ph,2026-09-08 22:30:00+00:00,2026-09-08 23:00:00+00:00,1147821,1171905,2026-09-08 22:59:58.137406+00:00,6.287,6.289051317424395,0.002051317424395016,6.295,6.293333333333333,6.301
customer_long,farm_long,long_a,dev_long_sensor,s_long_a_ph,ph,2026-09-08 22:40:00+00:00,2026-09-08 23:10:00+00:00,1155867,1179951,2026-09-08 23:09:59.412073+00:00,6.289,6.289445845777155,0.0004458457771550073,6.292,6.292333333333333,6.289
customer_long,farm_long,long_a,dev_long_sensor,s_long_a_ph,ph,2026-09-08 22:50:00+00:00,2026-09-08 23:20:00+00:00,1163886,1187970,2026-09-08 23:19:58.740243+00:00,6.292,6.289860631917515,0.002139368082485049,6.291,6.292666666666666,6.292000000000001
customer_long,farm_long,long_a,dev_long_sensor,s_long_a_ph,ph,2026-09-08 23:00:00+00:00,2026-09-08 23:30:00+00:00,1171905,1195989,2026-09-08 23:29:58.148648+00:00,6.287,6.2872899621765095,0.0002899621765095617,6.287,6.289999999999999,6.279
customer_long,farm_long,long_a,dev_long_sensor,s_long_a_ph,ph,2026-09-09 04:00:00+00:00,2026-09-09 04:30:00+00:00,,1202118,2026-09-09 04:29:59.019497+00:00,6.279,6.198743430595963,0.08025656940403714,6.201,6.201,6.201
customer_long,farm_long,long_a,dev_long_sensor,s_long_a_ph,ph,2026-09-09 04:10:00+00:00,2026-09-09 04:40:00+00:00,,1210137,2026-09-09 04:39:58.274747+00:00,6.278,6.198743430595963,0.0792565694040368,6.201,6.201,6.201
customer_long,farm_long,long_a,dev_long_sensor,s_long_a_ph,ph,2026-09-09 04:20:00+00:00,2026-09-09 04:50:00+00:00,,1218183,2026-09-09 04:49:59.510969+00:00,6.281,6.198743430595963,0.08225656940403692,6.201,6.201,6.201
customer_long,farm_long,long_a,dev_long_sensor,s_long_a_ph,ph,2026-09-09 04:30:00+00:00,2026-09-09 05:00:00+00:00,1202118,1226202,2026-09-09 04:59:59.128308+00:00,6.275,6.272910971833224,0.0020890281667762522,6.279,6.279,6.357
customer_long,farm_long,long_a,dev_long_sensor,s_long_a_ph,ph,2026-09-09 04:40:00+00:00,2026-09-09 05:10:00+00:00,1210137,1234221,2026-09-09 05:09:59.504977+00:00,6.269,6.27469880064163,0.005698800641630086,6.278,6.278499999999999,6.3549999999999995
customer_long,farm_long,long_a,dev_long_sensor,s_long_a_ph,ph,2026-09-09 04:50:00+00:00,2026-09-09 05:20:00+00:00,1218183,1242240,2026-09-09 05:19:59.935700+00:00,6.274,6.2765383755622155,0.002538375562215478,6.281,6.279333333333334,6.361
customer_long,farm_long,long_a,dev_long_sensor,s_long_a_ph,ph,2026-09-09 05:00:00+00:00,2026-09-09 05:30:00+00:00,1226202,1250259,2026-09-09 05:29:59.450927+00:00,6.273,6.272952444399511,4.755560048863572e-05,6.275,6.278,6.271000000000001
customer_long,farm_long,long_a,dev_long_sensor,s_long_a_ph,ph,2026-09-09 05:10:00+00:00,2026-09-09 05:40:00+00:00,1234221,1258278,2026-09-09 05:39:58.515537+00:00,6.264,6.269497772237244,0.005497772237244014,6.269,6.275000000000001,6.260000000000001
customer_long,farm_long,long_a,dev_long_sensor,s_long_a_ph,ph,2026-09-09 05:20:00+00:00,2026-09-09 05:50:00+00:00,1242240,1266324,2026-09-09 05:49:59.659141+00:00,6.274,6.269428506796733,0.004571493203266996,6.274,6.272666666666667,6.267
customer_long,farm_long,long_a,dev_long_sensor,s_long_a_ph,ph,2026-09-09 05:30:00+00:00,2026-09-09 06:00:00+00:00,1250259,1274343,2026-09-09 05:59:58.763793+00:00,6.265,6.267886395426383,0.002886395426383359,6.273,6.271999999999999,6.270999999999999
customer_long,farm_long,long_a,dev_long_sensor,s_long_a_ph,ph,2026-09-09 05:40:00+00:00,2026-09-09 06:10:00+00:00,1258278,1282389,2026-09-09 06:09:59.834571+00:00,6.259,6.263956180318861,0.004956180318860248,6.264,6.270333333333333,6.259
customer_long,farm_long,long_a,dev_long_sensor,s_long_a_ph,ph,2026-09-09 05:50:00+00:00,2026-09-09 06:20:00+00:00,1266324,1290408,2026-09-09 06:19:58.947932+00:00,6.261,6.266938605050884,0.005938605050883616,6.274,6.270333333333333,6.274
customer_long,farm_long,long_a,dev_long_sensor,s_long_a_ph,ph,2026-09-09 06:00:00+00:00,2026-09-09 06:30:00+00:00,1274343,1298427,2026-09-09 06:29:58.298955+00:00,6.26,6.263621540500278,0.0036215405002781864,6.265,6.267666666666666,6.257
customer_long,farm_long,long_a,dev_long_sensor,s_long_a_ph,ph,2026-09-09 06:10:00+00:00,2026-09-09 06:40:00+00:00,1282389,1306473,2026-09-09 06:39:59.812404+00:00,6.26,6.2605363064849975,0.0005363064849976951,6.259,6.266000000000001,6.2540000000000004
customer_long,farm_long,long_a,dev_long_sensor,s_long_a_ph,ph,2026-09-09 06:20:00+00:00,2026-09-09 06:50:00+00:00,1290408,1314492,2026-09-09 06:49:59.155553+00:00,6.258,6.259598660640603,0.0015986606406031,6.261,6.261666666666667,6.248
customer_long,farm_long,long_a,dev_long_sensor,s_long_a_ph,ph,2026-09-09 06:30:00+00:00,2026-09-09 07:00:00+00:00,1298427,1322511,2026-09-09 06:59:58.513407+00:00,6.267,6.259026255802793,0.007973744197207644,6.26,6.260000000000001,6.255
customer_long,farm_long,long_a,dev_long_sensor,s_long_a_ph,ph,2026-09-09 06:40:00+00:00,2026-09-09 07:10:00+00:00,1306473,1330557,2026-09-09 07:09:59.955748+00:00,6.265,6.258649174679436,0.0063508253205633025,6.26,6.260333333333333,6.260999999999999
customer_long,farm_long,long_a,dev_long_sensor,s_long_a_ph,ph,2026-09-09 06:50:00+00:00,2026-09-09 07:20:00+00:00,1314492,1338576,2026-09-09 07:19:59.324055+00:00,6.262,6.257870991422534,0.004129008577465676,6.258,6.259333333333333,6.255
customer_long,farm_long,long_a,dev_long_sensor,s_long_a_ph,ph,2026-09-09 07:00:00+00:00,2026-09-09 07:30:00+00:00,1322511,1346595,2026-09-09 07:29:58.732624+00:00,6.265,6.260065152577157,0.004934847422842559,6.267,6.261666666666667,6.274000000000001
customer_long,farm_long,long_a,dev_long_sensor,s_long_a_ph,ph,2026-09-09 07:10:00+00:00,2026-09-09 07:40:00+00:00,1330557,1354614,2026-09-09 07:39:58.067029+00:00,6.257,6.260423407392356,0.003423407392356026,6.265,6.263333333333333,6.27
customer_long,farm_long,long_a,dev_long_sensor,s_long_a_ph,ph,2026-09-09 07:20:00+00:00,2026-09-09 07:50:00+00:00,1338576,1362660,2026-09-09 07:49:59.417866+00:00,6.261,6.260186465301056,0.0008135346989437409,6.262,6.264666666666667,6.265999999999999
customer_long,farm_long,long_a,dev_long_sensor,s_long_a_ph,ph,2026-09-09 07:30:00+00:00,2026-09-09 08:00:00+00:00,1346595,1370679,2026-09-09 07:59:58.795824+00:00,6.26,6.260760417064026,0.0007604170640265195,6.265,6.264,6.262999999999999
customer_long,farm_long,long_a,dev_long_sensor,s_long_a_ph,ph,2026-09-09 07:40:00+00:00,2026-09-09 08:10:00+00:00,1354614,1378698,2026-09-09 08:09:58.132582+00:00,6.257,6.258176896764499,0.001176896764499169,6.257,6.261333333333333,6.249
customer_long,farm_long,long_a,dev_long_sensor,s_long_a_ph,ph,2026-09-09 07:50:00+00:00,2026-09-09 08:20:00+00:00,1362660,1386744,2026-09-09 08:19:59.469429+00:00,6.259,6.258049140517362,0.0009508594826383998,6.261,6.260999999999999,6.260000000000001
customer_long,farm_long,long_b,dev_long_sensor,s_long_b_ph,ph,2026-09-07 11:30:00+00:00,2026-09-07 12:00:00+00:00,28313,52397,2026-09-07 11:59:58.974085+00:00,6.193,6.1813251742711754,0.011674825728824167,6.196,6.196,6.191
customer_long,farm_long,long_b,dev_long_sensor,s_long_b_ph,ph,2026-09-07 11:40:00+00:00,2026-09-07 12:10:00+00:00,36332,60416,2026-09-07 12:09:58.183994+00:00,6.196,6.175278531940694,0.02072146805930597,6.195,6.1955,6.189000000000001
customer_long,farm_long,long_b,dev_long_sensor,s_long_b_ph,ph,2026-09-07 11:50:00+00:00,2026-09-07 12:20:00+00:00,44378,68462,2026-09-07 12:19:59.391631+00:00,6.188,6.17584136890493,0.012158631095069872,6.192,6.194333333333333,6.183000000000001
customer_long,farm_long,long_b,dev_long_sensor,s_long_b_ph,ph,2026-09-07 12:00:00+00:00,2026-09-07 12:30:00+00:00,52397,76481,2026-09-07 12:29:58.576606+00:00,6.194,6.1853372641023885,0.008662735897611462,6.193,6.1933333333333325,6.1899999999999995
customer_long,farm_long,long_b,dev_long_sensor,s_long_b_ph,ph,2026-09-07 12:10:00+00:00,2026-09-07 12:40:00+00:00,60416,84500,2026-09-07 12:39:58.071203+00:00,6.187,6.185134271918409,0.0018657280815910227,6.196,6.193666666666666,6.196999999999999
customer_long,farm_long,long_b,dev_long_sensor,s_long_b_ph,ph,2026-09-07 12:20:00+00:00,2026-09-07 12:50:00+00:00,68462,92546,2026-09-07 12:49:59.537341+00:00,6.19,6.1842873325803795,0.005712667419620843,6.188,6.192333333333333,6.183999999999999
customer_long,farm_long,long_b,dev_long_sensor,s_long_b_ph,ph,2026-09-07 12:30:00+00:00,2026-09-07 13:00:00+00:00,76481,100565,2026-09-07 12:59:58.936783+00:00,6.191,6.194763675484115,0.0037636754841150477,6.194,6.192666666666667,6.195
customer_long,farm_long,long_b,dev_long_sensor,s_long_b_ph,ph,2026-09-07 12:40:00+00:00,2026-09-07 13:10:00+00:00,84500,108584,2026-09-07 13:09:58.330685+00:00,6.188,6.194023943116739,0.006023943116739261,6.187,6.189666666666667,6.178000000000001
customer_long,farm_long,long_b,dev_long_sensor,s_long_b_ph,ph,2026-09-07 12:50:00+00:00,2026-09-07 13:20:00+00:00,92546,116630,2026-09-07 13:19:59.679952+00:00,6.192,6.192896610852265,0.0008966108522647787,6.19,6.190333333333334,6.192000000000001
customer_long,farm_long,long_b,dev_long_sensor,s_long_b_ph,ph,2026-09-07 13:00:00+00:00,2026-09-07 13:30:00+00:00,100565,124649,2026-09-07 13:29:58.999717+00:00,6.198,6.195054806245161,0.0029451937548392593,6.191,6.189333333333334,6.188
customer_long,farm_long,long_b,dev_long_sensor,s_long_b_ph,ph,2026-09-07 13:10:00+00:00,2026-09-07 13:40:00+00:00,108584,132668,2026-09-07 13:39:58.403497+00:00,6.192,6.19183932250438,0.0001606774956197654,6.188,6.189666666666667,6.188999999999999
customer_long,farm_long,long_b,dev_long_sensor,s_long_b_ph,ph,2026-09-07 13:20:00+00:00,2026-09-07 13:50:00+00:00,116630,140714,2026-09-07 13:49:59.928078+00:00,6.198,6.193642257759484,0.004357742240516771,6.192,6.190333333333332,6.194
customer_long,farm_long,long_b,dev_long_sensor,s_long_b_ph,ph,2026-09-07 13:30:00+00:00,2026-09-07 14:00:00+00:00,124649,148706,2026-09-07 13:59:58.026928+00:00,6.198,6.193739915210494,0.0042600847895064575,6.198,6.192666666666668,6.205000000000001
customer_long,farm_long,long_b,dev_long_sensor,s_long_b_ph,ph,2026-09-07 13:40:00+00:00,2026-09-07 14:10:00+00:00,132668,156725,2026-09-07 14:09:58.489713+00:00,6.203,6.194505363850151,0.008494636149849022,6.192,6.194,6.196000000000001
customer_long,farm_long,long_b,dev_long_sensor,s_long_b_ph,ph,2026-09-07 13:50:00+00:00,2026-09-07 14:20:00+00:00,140714,164744,2026-09-07 14:19:58.127928+00:00,6.186,6.193986630763937,0.007986630763936908,6.198,6.196000000000001,6.204000000000001
customer_long,farm_long,long_b,dev_long_sensor,s_long_b_ph,ph,2026-09-07 14:00:00+00:00,2026-09-07 14:30:00+00:00,148706,172790,2026-09-07 14:29:59.546949+00:00,6.185,6.195482606428543,0.010482606428543484,6.198,6.196000000000001,6.198
customer_long,farm_long,long_b,dev_long_sensor,s_long_b_ph,ph,2026-09-07 14:10:00+00:00,2026-09-07 14:40:00+00:00,156725,180809,2026-09-07 14:39:59.758473+00:00,6.194,6.196032025147406,0.002032025147405747,6.203,6.199666666666666,6.214
customer_long,farm_long,long_b,dev_long_sensor,s_long_b_ph,ph,2026-09-07 14:20:00+00:00,2026-09-07 14:50:00+00:00,164744,188801,2026-09-07 14:49:58.076478+00:00,6.197,6.196456267645162,0.0005437323548376227,6.186,6.195666666666667,6.1739999999999995
customer_long,farm_long,long_b,dev_long_sensor,s_long_b_ph,ph,2026-09-07 14:30:00+00:00,2026-09-07 15:00:00+00:00,172790,196847,2026-09-07 14:59:59.758847+00:00,6.206,6.195344662669348,0.01065533733065216,6.185,6.191333333333333,6.171999999999999
customer_long,farm_long,long_b,dev_long_sensor,s_long_b_ph,ph,2026-09-07 14:40:00+00:00,2026-09-07 15:10:00+00:00,180809,204866,2026-09-07 15:09:58.825883+00:00,6.198,6.19549761890735,0.002502381092650552,6.194,6.1883333333333335,6.185
customer_long,farm_long,long_b,dev_long_sensor,s_long_b_ph,ph,2026-09-07 14:50:00+00:00,2026-09-07 15:20:00+00:00,188801,212912,2026-09-07 15:19:59.927642+00:00,6.192,6.193080411506477,0.0010804115064768638,6.197,6.192,6.208
customer_long,farm_long,long_b,dev_long_sensor,s_long_b_ph,ph,2026-09-07 15:00:00+00:00,2026-09-07 15:30:00+00:00,196847,220931,2026-09-07 15:29:59.355267+00:00,6.201,6.196879139934415,0.004120860065584431,6.206,6.199000000000001,6.227000000000001
customer_long,farm_long,long_b,dev_long_sensor,s_long_b_ph,ph,2026-09-07 15:10:00+00:00,2026-09-07 15:40:00+00:00,204866,228950,2026-09-07 15:39:59.201493+00:00,6.204,6.200085035798816,0.003914964201183757,6.198,6.200333333333334,6.202000000000001
customer_long,farm_long,long_b,dev_long_sensor,s_long_b_ph,ph,2026-09-07 15:20:00+00:00,2026-09-07 15:50:00+00:00,212912,236969,2026-09-07 15:49:59.552480+00:00,6.196,6.196899573345493,0.0008995733454932875,6.192,6.198666666666667,6.187
customer_long,farm_long,long_b,dev_long_sensor,s_long_b_ph,ph,2026-09-07 15:30:00+00:00,2026-09-07 16:00:00+00:00,220931,244961,2026-09-07 15:59:57.933774+00:00,6.2,6.197161774483091,0.002838225516908821,6.201,6.197,6.195999999999999
customer_long,farm_long,long_b,dev_long_sensor,s_long_b_ph,ph,2026-09-07 15:40:00+00:00,2026-09-07 16:10:00+00:00,228950,253007,2026-09-07 16:09:59.869130+00:00,6.202,6.198726215626287,0.0032737843737127292,6.204,6.199000000000001,6.209999999999999
customer_long,farm_long,long_b,dev_long_sensor,s_long_b_ph,ph,2026-09-07 15:50:00+00:00,2026-09-07 16:20:00+00:00,236969,260999,2026-09-07 16:19:58.222072+00:00,6.199,6.198225915316482,0.0007740846835178061,6.196,6.200333333333333,6.199999999999999
customer_long,farm_long,long_b,dev_long_sensor,s_long_b_ph,ph,2026-09-07 16:00:00+00:00,2026-09-07 16:30:00+00:00,244961,269018,2026-09-07 16:29:58.541166+00:00,6.198,6.198453563049813,0.0004535630498123666,6.2,6.2,6.199000000000001
customer_long,farm_long,long_b,dev_long_sensor,s_long_b_ph,ph,2026-09-07 16:10:00+00:00,2026-09-07 16:40:00+00:00,253007,277037,2026-09-07 16:39:58.061907+00:00,6.202,6.200213145433514,0.0017868545664860847,6.202,6.199333333333333,6.2
customer_long,farm_long,long_b,dev_long_sensor,s_long_b_ph,ph,2026-09-07 16:30:00+00:00,2026-09-07 17:00:00+00:00,269018,287054,2026-09-07 16:59:58.403209+00:00,6.203,6.198978516058777,0.004021483941222925,6.198,6.199666666666666,6.196000000000001
customer_long,farm_long,long_b,dev_long_sensor,s_long_b_ph,ph,2026-09-07 16:40:00+00:00,2026-09-07 17:10:00+00:00,277037,295073,2026-09-07 17:09:57.970172+00:00,6.197,6.198804450629054,0.0018044506290539886,6.202,6.199666666666666,6.202
customer_long,farm_long,long_b,dev_long_sensor,s_long_b_ph,ph,2026-09-07 16:50:00+00:00,2026-09-07 17:20:00+00:00,282275,303092,2026-09-07 17:19:58.171872+00:00,6.195,6.1982284589436185,0.0032284589436182287,6.205,6.201666666666667,6.211
customer_long,farm_long,long_b,dev_long_sensor,s_long_b_ph,ph,2026-09-07 17:00:00+00:00,2026-09-07 17:30:00+00:00,287054,311111,2026-09-07 17:29:58.456680+00:00,6.191,6.199289867019067,0.008289867019066754,6.203,6.203333333333333,6.208
customer_long,farm_long,long_b,dev_long_sensor,s_long_b_ph,ph,2026-09-07 17:10:00+00:00,2026-09-07 17:40:00+00:00,295073,319103,2026-09-07 17:39:58.008861+00:00,6.195,6.1990487996166594,0.00404879961665916,6.197,6.201666666666667,6.192
customer_long,farm_long,long_b,dev_long_sensor,s_long_b_ph,ph,2026-09-07 17:20:00+00:00,2026-09-07 17:50:00+00:00,303092,327122,2026-09-07 17:49:57.925816+00:00,6.194,6.198083286093777,0.004083286093776728,6.195,6.198333333333333,6.1850000000000005
customer_long,farm_long,long_b,dev_long_sensor,s_long_b_ph,ph,2026-09-07 17:30:00+00:00,2026-09-07 18:00:00+00:00,311111,335168,2026-09-07 17:59:59.063673+00:00,6.202,6.196989048922925,0.005010951077075276,6.191,6.194333333333334,6.178999999999999
customer_long,farm_long,long_b,dev_long_sensor,s_long_b_ph,ph,2026-09-07 17:40:00+00:00,2026-09-07 18:10:00+00:00,319103,343187,2026-09-07 18:09:58.377655+00:00,6.2,6.196528527235871,0.003471472764129402,6.195,6.193666666666666,6.1930000000000005
customer_long,farm_long,long_b,dev_long_sensor,s_long_b_ph,ph,2026-09-07 17:50:00+00:00,2026-09-07 18:20:00+00:00,327122,351233,2026-09-07 18:19:59.402478+00:00,6.2,6.196712646679718,0.0032873533202817384,6.194,6.1933333333333325,6.193
customer_long,farm_long,long_b,dev_long_sensor,s_long_b_ph,ph,2026-09-07 18:00:00+00:00,2026-09-07 18:30:00+00:00,335168,359252,2026-09-07 18:29:58.548585+00:00,6.196,6.195963314017749,3.668598225115005e-05,6.202,6.197,6.213
customer_long,farm_long,long_b,dev_long_sensor,s_long_b_ph,ph,2026-09-07 18:10:00+00:00,2026-09-07 18:40:00+00:00,343187,367271,2026-09-07 18:39:58.392471+00:00,6.202,6.199136427078994,0.002863572921006252,6.2,6.198666666666667,6.205
customer_long,farm_long,long_b,dev_long_sensor,s_long_b_ph,ph,2026-09-07 18:20:00+00:00,2026-09-07 18:50:00+00:00,351233,375290,2026-09-07 18:49:58.584911+00:00,6.192,6.198297787070779,0.006297787070779215,6.2,6.200666666666667,6.206
customer_long,farm_long,long_b,dev_long_sensor,s_long_b_ph,ph,2026-09-07 18:30:00+00:00,2026-09-07 19:00:00+00:00,359252,383309,2026-09-07 18:59:58.772769+00:00,6.203,6.1995813222399505,0.003418677760049782,6.196,6.198666666666667,6.1899999999999995
customer_long,farm_long,long_b,dev_long_sensor,s_long_b_ph,ph,2026-09-07 18:40:00+00:00,2026-09-07 19:10:00+00:00,367271,391328,2026-09-07 19:09:59.107174+00:00,6.192,6.196883458926907,0.00488345892690667,6.202,6.199333333333333,6.204
customer_long,farm_long,long_b,dev_long_sensor,s_long_b_ph,ph,2026-09-07 18:50:00+00:00,2026-09-07 19:20:00+00:00,375290,399347,2026-09-07 19:19:59.309803+00:00,6.194,6.197813635920804,0.0038136359208040815,6.192,6.196666666666666,6.184
customer_long,farm_long,long_b,dev_long_sensor,s_long_b_ph,ph,2026-09-07 19:00:00+00:00,2026-09-07 19:30:00+00:00,383309,407366,2026-09-07 19:29:59.113432+00:00,6.191,6.196704646357824,0.0057046463578238615,6.203,6.199000000000001,6.210000000000001
customer_long,farm_long,long_b,dev_long_sensor,s_long_b_ph,ph,2026-09-07 19:10:00+00:00,2026-09-07 19:40:00+00:00,391328,415385,2026-09-07 19:39:59.322675+00:00,6.19,6.197506070367813,0.0075060703678122564,6.192,6.195666666666667,6.182
customer_long,farm_long,long_b,dev_long_sensor,s_long_b_ph,ph,2026-09-07 19:20:00+00:00,2026-09-07 19:50:00+00:00,399347,423404,2026-09-07 19:49:59.547948+00:00,6.192,6.194987465563509,0.0029874655635087066,6.194,6.196333333333333,6.196
customer_long,farm_long,long_b,dev_long_sensor,s_long_b_ph,ph,2026-09-07 19:30:00+00:00,2026-09-07 20:00:00+00:00,407366,431423,2026-09-07 19:59:59.684498+00:00,6.196,6.196228040928693,0.00022804092869321835,6.191,6.192333333333334,6.178999999999999
customer_long,farm_long,long_b,dev_long_sensor,s_long_b_ph,ph,2026-09-07 19:40:00+00:00,2026-09-07 20:10:00+00:00,415385,439388,2026-09-07 20:09:59.829484+00:00,6.195,6.194823909130907,0.00017609086909331495,6.19,6.191666666666667,6.188000000000001
customer_long,farm_long,long_b,dev_long_sensor,s_long_b_ph,ph,2026-09-07 19:50:00+00:00,2026-09-07 20:20:00+00:00,423404,447326,2026-09-07 20:19:59.485996+00:00,6.202,6.195498933244082,0.006501066755918217,6.192,6.191,6.19
customer_long,farm_long,long_b,dev_long_sensor,s_long_b_ph,ph,2026-09-07 20:00:00+00:00,2026-09-07 20:30:00+00:00,431423,455237,2026-09-07 20:29:58.001886+00:00,6.192,6.194058013488849,0.002058013488849042,6.196,6.192666666666668,6.201
customer_long,farm_long,long_b,dev_long_sensor,s_long_b_ph,ph,2026-09-07 21:00:00+00:00,2026-09-07 21:30:00+00:00,,461147,2026-09-07 21:29:59.820785+00:00,6.334,6.251550012613687,0.0824499873863127,6.201,6.196,6.209999999999999
customer_long,farm_long,long_b,dev_long_sensor,s_long_b_ph,ph,2026-09-07 21:10:00+00:00,2026-09-07 21:40:00+00:00,,469166,2026-09-07 21:39:59.230172+00:00,6.334,6.250148657852844,0.08385134214715606,6.201,6.201,6.2059999999999995
customer_long,farm_long,long_b,dev_long_sensor,s_long_b_ph,ph,2026-09-07 21:20:00+00:00,2026-09-07 21:50:00+00:00,,477185,2026-09-07 21:49:58.664301+00:00,6.332,6.248406774508488,0.08359322549151216,6.201,6.201,6.201
customer_long,farm_long,long_b,dev_long_sensor,s_long_b_ph,ph,2026-09-07 21:30:00+00:00,2026-09-07 22:00:00+00:00,461147,485204,2026-09-07 21:59:59.324875+00:00,6.338,6.3215354503579535,0.016464549642046578,6.334,6.334,6.467
customer_long,farm_long,long_b,dev_long_sensor,s_long_b_ph,ph,2026-09-07 21:40:00+00:00,2026-09-07 22:10:00+00:00,469166,493196,2026-09-07 22:09:58.473491+00:00,6.331,6.331731275180592,0.0007312751805912399,6.334,6.334,6.467
customer_long,farm_long,long_b,dev_long_sensor,s_long_b_ph,ph,2026-09-07 21:50:00+00:00,2026-09-07 22:20:00+00:00,477185,501215,2026-09-07 22:19:59.285715+00:00,6.326,6.330971828151419,0.0049718281514197216,6.332,6.333333333333333,6.463
customer_long,farm_long,long_b,dev_long_sensor,s_long_b_ph,ph,2026-09-07 22:00:00+00:00,2026-09-07 22:30:00+00:00,485204,509234,2026-09-07 22:29:59.674869+00:00,6.332,6.33193564189269,6.435810731009184e-05,6.338,6.334666666666666,6.3420000000000005
customer_long,farm_long,long_b,dev_long_sensor,s_long_b_ph,ph,2026-09-07 22:10:00+00:00,2026-09-07 22:40:00+00:00,493196,517253,2026-09-07 22:39:59.668962+00:00,6.33,6.329584805809729,0.0004151941902712508,6.331,6.333666666666667,6.328000000000001
customer_long,farm_long,long_b,dev_long_sensor,s_long_b_ph,ph,2026-09-07 22:20:00+00:00,2026-09-07 22:50:00+00:00,501215,525245,2026-09-07 22:49:57.918467+00:00,6.328,6.3278066082290305,0.00019339177096977522,6.326,6.331666666666666,6.319999999999999
customer_long,farm_long,long_b,dev_long_sensor,s_long_b_ph,ph,2026-09-07 22:30:00+00:00,2026-09-07 23:00:00+00:00,509234,533264,2026-09-07 22:59:58.212670+00:00,6.328,6.324392703035627,0.003607296964373674,6.332,6.329666666666667,6.326
customer_long,farm_long,long_b,dev_long_sensor,s_long_b_ph,ph,2026-09-07 22:40:00+00:00,2026-09-07 23:10:00+00:00,517253,541283,2026-09-07 23:09:59.268626+00:00,6.317,6.323976993880311,0.006976993880311255,6.33,6.3293333333333335,6.329
customer_long,farm_long,long_b,dev_long_sensor,s_long_b_ph,ph,2026-09-07 22:50:00+00:00,2026-09-07 23:20:00+00:00,525245,549302,2026-09-07 23:19:58.514505+00:00,6.326,6.324086724276737,0.0019132757232629416,6.328,6.330000000000001,6.330000000000001
customer_long,farm_long,long_b,dev_long_sensor,s_long_b_ph,ph,2026-09-07 23:00:00+00:00,2026-09-07 23:30:00+00:00,533264,557348,2026-09-07 23:29:59.465911+00:00,6.321,6.323405352534927,0.002405352534927019,6.328,6.328666666666667,6.324000000000001
customer_long,farm_long,long_b,dev_long_sensor,s_long_b_ph,ph,2026-09-07 23:10:00+00:00,2026-09-07 23:40:00+00:00,541283,565367,2026-09-07 23:39:58.508335+00:00,6.312,6.316022828317216,0.0040228283172156765,6.317,6.3243333333333345,6.304
customer_long,farm_long,long_b,dev_long_sensor,s_long_b_ph,ph,2026-09-07 23:20:00+00:00,2026-09-07 23:50:00+00:00,549302,573413,2026-09-07 23:49:59.543974+00:00,6.317,6.31702735365011,2.735365010941848e-05,6.326,6.323666666666667,6.323999999999999
customer_long,farm_long,long_b,dev_long_sensor,s_long_b_ph,ph,2026-09-07 23:30:00+00:00,2026-09-08 00:00:00+00:00,557348,581432,2026-09-07 23:59:58.536367+00:00,6.306,6.314197252148688,0.008197252148687717,6.321,6.321333333333333,6.313999999999999
customer_long,farm_long,long_b,dev_long_sensor,s_long_b_ph,ph,2026-09-07 23:40:00+00:00,2026-09-08 00:10:00+00:00,565367,589451,2026-09-08 00:09:58.113459+00:00,6.314,6.311334320749472,0.0026656792505281857,6.312,6.3196666666666665,6.307
customer_long,farm_long,long_b,dev_long_sensor,s_long_b_ph,ph,2026-09-07 23:50:00+00:00,2026-09-08 00:20:00+00:00,573413,597470,2026-09-08 00:19:58.876415+00:00,6.31,6.309642876749196,0.0003571232508035038,6.317,6.316666666666666,6.308000000000001
customer_long,farm_long,long_b,dev_long_sensor,s_long_b_ph,ph,2026-09-08 00:00:00+00:00,2026-09-08 00:30:00+00:00,581432,605489,2026-09-08 00:29:59.418489+00:00,6.312,6.306741190598329,0.005258809401671449,6.306,6.311666666666667,6.291
customer_long,farm_long,long_b,dev_long_sensor,s_long_b_ph,ph,2026-09-08 00:10:00+00:00,2026-09-08 00:40:00+00:00,589451,613508,2026-09-08 00:39:58.923353+00:00,6.304,6.3049472862955644,0.0009472862955641759,6.314,6.312333333333332,6.316
customer_long,farm_long,long_b,dev_long_sensor,s_long_b_ph,ph,2026-09-08 00:20:00+00:00,2026-09-08 00:50:00+00:00,597470,621527,2026-09-08 00:49:58.159106+00:00,6.306,6.3055435617234235,0.0004564382765765984,6.31,6.31,6.302999999999999
customer_long,farm_long,long_b,dev_long_sensor,s_long_b_ph,ph,2026-09-08 00:30:00+00:00,2026-09-08 01:00:00+00:00,605489,629573,2026-09-08 00:59:59.356975+00:00,6.303,6.304828179733379,0.0018281797333790095,6.312,6.312,6.3180000000000005
customer_long,farm_long,long_b,dev_long_sensor,s_long_b_ph,ph,2026-09-08 00:40:00+00:00,2026-09-08 01:10:00+00:00,613508,637592,2026-09-08 01:09:58.587616+00:00,6.3,6.30261978116282,0.002619781162819912,6.304,6.308666666666667,6.2940000000000005
customer_long,farm_long,long_b,dev_long_sensor,s_long_b_ph,ph,2026-09-08 08:00:00+00:00,2026-09-08 08:30:00+00:00,,638726,2026-09-08 08:29:59.655888+00:00,6.285,6.198743430595963,0.08625656940403736,6.201,6.201,6.201
customer_long,farm_long,long_b,dev_long_sensor,s_long_b_ph,ph,2026-09-08 08:10:00+00:00,2026-09-08 08:40:00+00:00,638456,646745,2026-09-08 08:39:59.283441+00:00,6.287,6.285581017302283,0.0014189826977171194,6.292,6.292,6.383
customer_long,farm_long,long_b,dev_long_sensor,s_long_b_ph,ph,2026-09-08 08:20:00+00:00,2026-09-08 08:50:00+00:00,,654764,2026-09-08 08:49:58.805629+00:00,6.288,6.256446313585066,0.03155368641493439,6.201,6.292,6.201
customer_long,farm_long,long_b,dev_long_sensor,s_long_b_ph,ph,2026-09-08 08:30:00+00:00,2026-09-08 09:00:00+00:00,638726,662783,2026-09-08 08:59:58.307130+00:00,6.287,6.281645585444652,0.005354414555347908,6.285,6.2885,6.369000000000001
customer_long,farm_long,long_b,dev_long_sensor,s_long_b_ph,ph,2026-09-08 08:40:00+00:00,2026-09-08 09:10:00+00:00,646745,670802,2026-09-08 09:09:57.984839+00:00,6.279,6.283133215068663,0.004133215068662821,6.287,6.286,6.282
customer_long,farm_long,long_b,dev_long_sensor,s_long_b_ph,ph,2026-09-08 08:50:00+00:00,2026-09-08 09:20:00+00:00,654764,678815,2026-09-08 09:19:59.881283+00:00,6.279,6.284079650495792,0.005079650495791732,6.288,6.286666666666666,6.375000000000001
customer_long,farm_long,long_b,dev_long_sensor,s_long_b_ph,ph,2026-09-08 09:00:00+00:00,2026-09-08 09:30:00+00:00,662783,686834,2026-09-08 09:29:59.651515+00:00,6.281,6.283975354983931,0.002975354983931311,6.287,6.287333333333334,6.289
customer_long,farm_long,long_b,dev_long_sensor,s_long_b_ph,ph,2026-09-08 09:10:00+00:00,2026-09-08 09:40:00+00:00,670802,694853,2026-09-08 09:39:59.658419+00:00,6.283,6.281114336059096,0.0018856639409046139,6.279,6.284666666666666,6.271
customer_long,farm_long,long_b,dev_long_sensor,s_long_b_ph,ph,2026-09-08 09:20:00+00:00,2026-09-08 09:50:00+00:00,678815,702872,2026-09-08 09:49:59.790201+00:00,6.279,6.277084296829637,0.0019157031703631588,6.279,6.281666666666666,6.27
customer_long,farm_long,long_b,dev_long_sensor,s_long_b_ph,ph,2026-09-08 09:30:00+00:00,2026-09-08 10:00:00+00:00,686834,710891,2026-09-08 09:59:59.362741+00:00,6.277,6.275973528781554,0.0010264712184460123,6.281,6.2796666666666665,6.2749999999999995
customer_long,farm_long,long_b,dev_long_sensor,s_long_b_ph,ph,2026-09-08 09:40:00+00:00,2026-09-08 10:10:00+00:00,694853,718910,2026-09-08 10:09:58.816734+00:00,6.273,6.2776206542025275,0.004620654202527774,6.283,6.281,6.287000000000001
customer_long,farm_long,long_b,dev_long_sensor,s_long_b_ph,ph,2026-09-08 09:50:00+00:00,2026-09-08 10:20:00+00:00,702872,726929,2026-09-08 10:19:58.161177+00:00,6.271,6.276697732244992,0.00569773224499226,6.279,6.281,6.279
customer_long,farm_long,long_b,dev_long_sensor,s_long_b_ph,ph,2026-09-08 10:00:00+00:00,2026-09-08 10:30:00+00:00,710891,734975,2026-09-08 10:29:59.562139+00:00,6.273,6.274128521437491,0.0011285214374909813,6.277,6.279666666666667,6.273000000000001
customer_long,farm_long,long_b,dev_long_sensor,s_long_b_ph,ph,2026-09-08 13:30:00+00:00,2026-09-08 14:00:00+00:00,,739154,2026-09-08 13:59:58.894379+00:00,6.335,6.198743430595963,0.1362565694040372,6.201,6.201,6.201
customer_long,farm_long,long_b,dev_long_sensor,s_long_b_ph,ph,2026-09-08 13:40:00+00:00,2026-09-08 14:10:00+00:00,,747173,2026-09-08 14:09:58.311984+00:00,6.332,6.198743430595963,0.13325656940403707,6.201,6.201,6.201
customer_long,farm_long,long_b,dev_long_sensor,s_long_b_ph,ph,2026-09-08 13:50:00+00:00,2026-09-08 14:20:00+00:00,,755219,2026-09-08 14:19:59.723973+00:00,6.329,6.198743430595963,0.13025656940403696,6.201,6.201,6.201
customer_long,farm_long,long_b,dev_long_sensor,s_long_b_ph,ph,2026-09-08 14:00:00+00:00,2026-09-08 14:30:00+00:00,739154,763238,2026-09-08 14:29:59.099470+00:00,6.332,6.320765849524757,0.011234150475242899,6.335,6.335,6.469
customer_long,farm_long,long_b,dev_long_sensor,s_long_b_ph,ph,2026-09-08 14:10:00+00:00,2026-09-08 14:40:00+00:00,747173,771257,2026-09-08 14:39:58.399901+00:00,6.33,6.330785406968436,0.0007854069684363196,6.332,6.3335,6.463
customer_long,farm_long,long_b,dev_long_sensor,s_long_b_ph,ph,2026-09-08 14:20:00+00:00,2026-09-08 14:50:00+00:00,755219,779303,2026-09-08 14:49:59.685055+00:00,6.333,6.330462960974126,0.0025370390258743214,6.329,6.332,6.457
customer_long,farm_long,long_b,dev_long_sensor,s_long_b_ph,ph,2026-09-08 14:30:00+00:00,2026-09-08 15:00:00+00:00,763238,787322,2026-09-08 14:59:59.048271+00:00,6.326,6.328150086308225,0.0021500863082257737,6.332,6.3309999999999995,6.329
customer_long,farm_long,long_b,dev_long_sensor,s_long_b_ph,ph,2026-09-08 14:40:00+00:00,2026-09-08 15:10:00+00:00,771257,795341,2026-09-08 15:09:58.327883+00:00,6.332,6.3281217814173,0.003878218582699766,6.33,6.330333333333333,6.328
customer_long,farm_long,long_b,dev_long_sensor,s_long_b_ph,ph,2026-09-08 14:50:00+00:00,2026-09-08 15:20:00+00:00,779303,803387,2026-09-08 15:19:59.649328+00:00,6.331,6.328562263534713,0.0024377364652874434,6.333,6.331666666666666,6.337000000000001
customer_long,farm_long,long_b,dev_long_sensor,s_long_b_ph,ph,2026-09-08 15:00:00+00:00,2026-09-08 15:30:00+00:00,787322,811406,2026-09-08 15:29:58.901078+00:00,6.331,6.324823824752771,0.006176175247229132,6.326,6.329666666666667,6.319999999999999
customer_long,farm_long,long_b,dev_long_sensor,s_long_b_ph,ph,2026-09-08 15:10:00+00:00,2026-09-08 15:40:00+00:00,795341,819425,2026-09-08 15:39:58.059106+00:00,6.327,6.3240886586873595,0.002911341312640481,6.332,6.330333333333333,6.334
customer_long,farm_long,long_b,dev_long_sensor,s_long_b_ph,ph,2026-09-08 15:20:00+00:00,2026-09-08 15:50:00+00:00,803387,827471,2026-09-08 15:49:59.782225+00:00,6.321,6.324282575012554,0.0032825750125544673,6.331,6.329666666666667,6.329000000000001
customer_long,farm_long,long_b,dev_long_sensor,s_long_b_ph,ph,2026-09-08 15:30:00+00:00,2026-09-08 16:00:00+00:00,811406,835490,2026-09-08 15:59:59.548236+00:00,6.323,6.324933986202377,0.0019339862023768362,6.331,6.331333333333333,6.336000000000001
customer_long,farm_long,long_b,dev_long_sensor,s_long_b_ph,ph,2026-09-08 15:40:00+00:00,2026-09-08 16:10:00+00:00,819425,843509,2026-09-08 16:09:59.239084+00:00,6.32,6.324288054656131,0.004288054656131024,6.327,6.329666666666667,6.322
customer_long,farm_long,long_b,dev_long_sensor,s_long_b_ph,ph,2026-09-08 15:50:00+00:00,2026-09-08 16:20:00+00:00,827471,851528,2026-09-08 16:19:58.385156+00:00,6.311,6.318257151991765,0.007257151991765021,6.321,6.326333333333333,6.310999999999999
customer_long,farm_long,long_b,dev_long_sensor,s_long_b_ph,ph,2026-09-08 16:00:00+00:00,2026-09-08 16:30:00+00:00,835490,859547,2026-09-08 16:29:58.761510+00:00,6.309,6.316536854455171,0.007536854455170605,6.323,6.323666666666667,6.315
customer_long,farm_long,long_b,dev_long_sensor,s_long_b_ph,ph,2026-09-08 16:10:00+00:00,2026-09-08 16:40:00+00:00,843509,867485,2026-09-08 16:39:58.528371+00:00,6.303,6.313695849091578,0.010695849091578502,6.32,6.321333333333333,6.313000000000001
customer_long,farm_long,long_b,dev_long_sensor,s_long_b_ph,ph,2026-09-08 16:20:00+00:00,2026-09-08 16:50:00+00:00,851528,875423,2026-09-08 16:49:59.053915+00:00,6.307,6.310429198894715,0.0034291988947146024,6.311,6.3180000000000005,6.301
customer_long,farm_long,long_b,dev_long_sensor,s_long_b_ph,ph,2026-09-08 16:30:00+00:00,2026-09-08 17:00:00+00:00,859547,883388,2026-09-08 16:59:59.386841+00:00,6.3,6.306584764927898,0.006584764927898057,6.309,6.3133333333333335,6.295
customer_long,farm_long,long_b,dev_long_sensor,s_long_b_ph,ph,2026-09-08 16:40:00+00:00,2026-09-08 17:10:00+00:00,867485,891407,2026-09-08 17:09:58.770280+00:00,6.303,6.303293199594332,0.00029319959433227183,6.303,6.307666666666667,6.286
customer_long,farm_long,long_b,dev_long_sensor,s_long_b_ph,ph,2026-09-08 16:50:00+00:00,2026-09-08 17:20:00+00:00,875423,899426,2026-09-08 17:19:59.110681+00:00,6.314,6.301906744195137,0.012093255804862757,6.307,6.306333333333334,6.303000000000001
customer_long,farm_long,long_b,dev_long_sensor,s_long_b_ph,ph,2026-09-08 17:00:00+00:00,2026-09-08 17:30:00+00:00,883388,907445,2026-09-08 17:29:59.532899+00:00,6.303,6.299994231924281,0.003005768075718507,6.3,6.303333333333334,6.2909999999999995
customer_long,farm_long,long_b,dev_long_sensor,s_long_b_ph,ph,2026-09-08 17:10:00+00:00,2026-09-08 17:40:00+00:00,891407,915437,2026-09-08 17:39:57.993562+00:00,6.3,6.298167341737988,0.0018326582620113996,6.303,6.303333333333334,6.303
customer_long,farm_long,long_b,dev_long_sensor,s_long_b_ph,ph,2026-09-08 17:20:00+00:00,2026-09-08 17:50:00+00:00,899426,923483,2026-09-08 17:49:59.800245+00:00,6.294,6.300601017956143,0.006601017956143096,6.314,6.305666666666667,6.321
customer_long,farm_long,long_b,dev_long_sensor,s_long_b_ph,ph,2026-09-08 17:30:00+00:00,2026-09-08 18:00:00+00:00,907445,931475,2026-09-08 17:59:58.014675+00:00,6.294,6.299646799322184,0.005646799322184037,6.303,6.306666666666666,6.306
customer_long,farm_long,long_b,dev_long_sensor,s_long_b_ph,ph,2026-09-08 17:40:00+00:00,2026-09-08 18:10:00+00:00,915437,939494,2026-09-08 18:09:58.038958+00:00,6.296,6.297711968716022,0.001711968716021417,6.3,6.305666666666667,6.297
customer_long,farm_long,long_b,dev_long_sensor,s_long_b_ph,ph,2026-09-08 17:50:00+00:00,2026-09-08 18:20:00+00:00,923483,947540,2026-09-08 18:19:59.164318+00:00,6.296,6.295207194384882,0.0007928056151182972,6.294,6.2989999999999995,6.273999999999999
customer_long,farm_long,long_b,dev_long_sensor,s_long_b_ph,ph,2026-09-08 18:00:00+00:00,2026-09-08 18:30:00+00:00,931475,955559,2026-09-08 18:29:58.229296+00:00,6.297,6.292244652564607,0.004755347435392743,6.294,6.295999999999999,6.284999999999999
customer_long,farm_long,long_b,dev_long_sensor,s_long_b_ph,ph,2026-09-08 18:10:00+00:00,2026-09-08 18:40:00+00:00,939494,963578,2026-09-08 18:39:58.423702+00:00,6.288,6.291607070505554,0.0036070705055539776,6.296,6.294666666666667,6.292000000000001
customer_long,farm_long,long_b,dev_long_sensor,s_long_b_ph,ph,2026-09-08 18:20:00+00:00,2026-09-08 18:50:00+00:00,947540,971543,2026-09-08 18:49:59.735325+00:00,6.293,6.29216978163734,0.0008302183626600623,6.296,6.295333333333333,6.298000000000001
customer_long,farm_long,long_b,dev_long_sensor,s_long_b_ph,ph,2026-09-08 18:30:00+00:00,2026-09-08 19:00:00+00:00,955559,979481,2026-09-08 18:59:59.876887+00:00,6.29,6.291738130294458,0.001738130294458351,6.297,6.296333333333333,6.3
customer_long,farm_long,long_b,dev_long_sensor,s_long_b_ph,ph,2026-09-08 18:40:00+00:00,2026-09-08 19:10:00+00:00,963578,987446,2026-09-08 19:09:58.954708+00:00,6.291,6.290875136042039,0.00012486395796162952,6.288,6.293666666666667,6.28
customer_long,farm_long,long_b,dev_long_sensor,s_long_b_ph,ph,2026-09-08 18:50:00+00:00,2026-09-08 19:20:00+00:00,971543,995465,2026-09-08 19:19:59.228269+00:00,6.282,6.2885374090042525,0.006537409004252481,6.293,6.292666666666666,6.29
customer_long,farm_long,long_b,dev_long_sensor,s_long_b_ph,ph,2026-09-08 19:00:00+00:00,2026-09-08 19:30:00+00:00,979481,1003484,2026-09-08 19:29:59.454973+00:00,6.281,6.288481728237838,0.007481728237838325,6.29,6.290333333333333,6.283
customer_long,farm_long,long_b,dev_long_sensor,s_long_b_ph,ph,2026-09-08 19:10:00+00:00,2026-09-08 19:40:00+00:00,987446,1011503,2026-09-08 19:39:59.687988+00:00,6.285,6.2884624936877875,0.0034624936877873935,6.291,6.291333333333333,6.2940000000000005
customer_long,farm_long,long_b,dev_long_sensor,s_long_b_ph,ph,2026-09-08 19:20:00+00:00,2026-09-08 19:50:00+00:00,995465,1019522,2026-09-08 19:49:59.847081+00:00,6.295,6.285621764860071,0.009378235139928748,6.282,6.2876666666666665,6.271
customer_long,farm_long,long_b,dev_long_sensor,s_long_b_ph,ph,2026-09-08 19:30:00+00:00,2026-09-08 20:00:00+00:00,1003484,1027541,2026-09-08 19:59:59.900871+00:00,6.284,6.281492559427184,0.0025074405728160443,6.281,6.284666666666666,6.271999999999999
customer_long,farm_long,long_b,dev_long_sensor,s_long_b_ph,ph,2026-09-08 19:40:00+00:00,2026-09-08 20:10:00+00:00,1011503,1035533,2026-09-08 20:09:58.225942+00:00,6.291,6.280404930829032,0.010595069170967975,6.285,6.282666666666667,6.279
customer_long,farm_long,long_b,dev_long_sensor,s_long_b_ph,ph,2026-09-08 19:50:00+00:00,2026-09-08 20:20:00+00:00,1019522,1043552,2026-09-08 20:19:58.440017+00:00,6.282,6.284946662511755,0.002946662511755349,6.295,6.287,6.308
customer_long,farm_long,long_b,dev_long_sensor,s_long_b_ph,ph,2026-09-08 20:00:00+00:00,2026-09-08 20:30:00+00:00,1027541,1051571,2026-09-08 20:29:58.742340+00:00,6.29,6.28549657905127,0.004503420948729797,6.284,6.288,6.287
customer_long,farm_long,long_b,dev_long_sensor,s_long_b_ph,ph,2026-09-08 20:10:00+00:00,2026-09-08 20:40:00+00:00,1035533,1059590,2026-09-08 20:39:58.433661+00:00,6.29,6.286367899208648,0.003632100791351789,6.291,6.29,6.297000000000001
customer_long,farm_long,long_b,dev_long_sensor,s_long_b_ph,ph,2026-09-08 20:20:00+00:00,2026-09-08 20:50:00+00:00,1043552,1067636,2026-09-08 20:49:59.517918+00:00,6.281,6.282931155384441,0.0019311553844412188,6.282,6.285666666666667,6.269
customer_long,farm_long,long_b,dev_long_sensor,s_long_b_ph,ph,2026-09-08 20:30:00+00:00,2026-09-08 21:00:00+00:00,1051571,1075655,2026-09-08 20:59:58.712663+00:00,6.29,6.284393728037103,0.005606271962896869,6.29,6.2876666666666665,6.296
customer_long,farm_long,long_b,dev_long_sensor,s_long_b_ph,ph,2026-09-08 20:40:00+00:00,2026-09-08 21:10:00+00:00,1059590,1083674,2026-09-08 21:09:58.826865+00:00,6.281,6.285323761021148,0.00432376102114862,6.29,6.287333333333334,6.289
customer_long,farm_long,long_b,dev_long_sensor,s_long_b_ph,ph,2026-09-08 20:50:00+00:00,2026-09-08 21:20:00+00:00,1067636,1091693,2026-09-08 21:19:59.235337+00:00,6.283,6.2832297822283,0.0002297822282999462,6.281,6.287,6.279999999999999
customer_long,farm_long,long_b,dev_long_sensor,s_long_b_ph,ph,2026-09-08 21:00:00+00:00,2026-09-08 21:30:00+00:00,1075655,1099712,2026-09-08 21:29:59.700562+00:00,6.279,6.2836419925553875,0.004641992555387553,6.29,6.287,6.29
customer_long,farm_long,long_b,dev_long_sensor,s_long_b_ph,ph,2026-09-08 21:10:00+00:00,2026-09-08 21:40:00+00:00,1083674,1107731,2026-09-08 21:39:59.636385+00:00,6.281,6.28188746308802,0.000887463088020013,6.281,6.284,6.271999999999999
customer_long,farm_long,long_b,dev_long_sensor,s_long_b_ph,ph,2026-09-08 21:20:00+00:00,2026-09-08 21:50:00+00:00,1091693,1115723,2026-09-08 21:49:57.993665+00:00,6.281,6.2798591551977125,0.0011408448022871553,6.283,6.284666666666666,6.285000000000001
customer_long,farm_long,long_b,dev_long_sensor,s_long_b_ph,ph,2026-09-08 21:30:00+00:00,2026-09-08 22:00:00+00:00,1099712,1123742,2026-09-08 21:59:58.363473+00:00,6.272,6.277806555000485,0.005806555000484437,6.279,6.281,6.268
customer_long,farm_long,long_b,dev_long_sensor,s_long_b_ph,ph,2026-09-08 21:40:00+00:00,2026-09-08 22:10:00+00:00,1107731,1131761,2026-09-08 22:09:58.165715+00:00,6.28,6.276906767116612,0.0030932328833879197,6.281,6.281,6.281
customer_long,farm_long,long_b,dev_long_sensor,s_long_b_ph,ph,2026-09-08 21:50:00+00:00,2026-09-08 22:20:00+00:00,1115723,1139807,2026-09-08 22:19:59.350446+00:00,6.278,6.276451570897489,0.001548429102510518,6.281,6.280333333333332,6.278999999999999
customer_long,farm_long,long_b,dev_long_sensor,s_long_b_ph,ph,2026-09-08 22:00:00+00:00,2026-09-08 22:30:00+00:00,1123742,1147826,2026-09-08 22:29:58.510233+00:00,6.271,6.272958834917253,0.001958834917252794,6.272,6.278,6.265000000000001
customer_long,farm_long,long_b,dev_long_sensor,s_long_b_ph,ph,2026-09-08 22:10:00+00:00,2026-09-08 22:40:00+00:00,1131761,1155872,2026-09-08 22:39:59.718167+00:00,6.268,6.2720520532610875,0.004052053261087707,6.28,6.277666666666666,6.279000000000001
customer_long,farm_long,long_b,dev_long_sensor,s_long_b_ph,ph,2026-09-08 22:20:00+00:00,2026-09-08 22:50:00+00:00,1139807,1163891,2026-09-08 22:49:58.953797+00:00,6.271,6.272773629832306,0.0017736298323063338,6.278,6.276666666666667,6.2749999999999995
customer_long,farm_long,long_b,dev_long_sensor,s_long_b_ph,ph,2026-09-08 22:30:00+00:00,2026-09-08 23:00:00+00:00,1147826,1171910,2026-09-08 22:59:58.137406+00:00,6.274,6.269830768375092,0.004169231624907788,6.271,6.2763333333333335,6.27
customer_long,farm_long,long_b,dev_long_sensor,s_long_b_ph,ph,2026-09-08 22:40:00+00:00,2026-09-08 23:10:00+00:00,1155872,1179956,2026-09-08 23:09:59.412073+00:00,6.271,6.267672178227405,0.003327821772594497,6.268,6.272333333333333,6.255999999999999
customer_long,farm_long,long_b,dev_long_sensor,s_long_b_ph,ph,2026-09-08 22:50:00+00:00,2026-09-08 23:20:00+00:00,1163891,1187975,2026-09-08 23:19:58.740243+00:00,6.269,6.2673612908143905,0.0016387091856095992,6.271,6.2700000000000005,6.264
customer_long,farm_long,long_b,dev_long_sensor,s_long_b_ph,ph,2026-09-08 23:00:00+00:00,2026-09-08 23:30:00+00:00,1171910,1195994,2026-09-08 23:29:58.148648+00:00,6.268,6.26720338178204,0.0007966182179597325,6.274,6.271,6.277
customer_long,farm_long,long_b,dev_long_sensor,s_long_b_ph,ph,2026-09-09 04:00:00+00:00,2026-09-09 04:30:00+00:00,,1202123,2026-09-09 04:29:59.019497+00:00,6.256,6.198743430595963,0.05725656940403745,6.201,6.201,6.201
customer_long,farm_long,long_b,dev_long_sensor,s_long_b_ph,ph,2026-09-09 04:10:00+00:00,2026-09-09 04:40:00+00:00,,1210142,2026-09-09 04:39:58.274747+00:00,6.257,6.198743430595963,0.058256569404036895,6.201,6.201,6.201
customer_long,farm_long,long_b,dev_long_sensor,s_long_b_ph,ph,2026-09-09 04:20:00+00:00,2026-09-09 04:50:00+00:00,,1218188,2026-09-09 04:49:59.510969+00:00,6.256,6.198743430595963,0.05725656940403745,6.201,6.201,6.201
customer_long,farm_long,long_b,dev_long_sensor,s_long_b_ph,ph,2026-09-09 04:30:00+00:00,2026-09-09 05:00:00+00:00,1202123,1226207,2026-09-09 04:59:59.128308+00:00,6.256,6.252185067260964,0.0038149327390364363,6.256,6.256,6.311000000000001
customer_long,farm_long,long_b,dev_long_sensor,s_long_b_ph,ph,2026-09-09 04:40:00+00:00,2026-09-09 05:10:00+00:00,1210142,1234226,2026-09-09 05:09:59.504977+00:00,6.258,6.25629850495988,0.0017014950401197382,6.257,6.2565,6.313
customer_long,farm_long,long_b,dev_long_sensor,s_long_b_ph,ph,2026-09-09 04:50:00+00:00,2026-09-09 05:20:00+00:00,1218188,1242218,2026-09-09 05:19:57.909717+00:00,6.259,6.2570734500507985,0.0019265499492018279,6.256,6.256333333333333,6.311000000000001
customer_long,farm_long,long_b,dev_long_sensor,s_long_b_ph,ph,2026-09-09 05:00:00+00:00,2026-09-09 05:30:00+00:00,1226207,1250264,2026-09-09 05:29:59.450927+00:00,6.258,6.255676302681509,0.0023236973184905807,6.256,6.256333333333333,6.256
customer_long,farm_long,long_b,dev_long_sensor,s_long_b_ph,ph,2026-09-09 05:10:00+00:00,2026-09-09 05:40:00+00:00,1234226,1258283,2026-09-09 05:39:58.515537+00:00,6.246,6.2561506604565995,0.01015066045659907,6.258,6.256666666666667,6.259
customer_long,farm_long,long_b,dev_long_sensor,s_long_b_ph,ph,2026-09-09 05:20:00+00:00,2026-09-09 05:50:00+00:00,1242218,1266329,2026-09-09 05:49:59.659141+00:00,6.25,6.25691820453949,0.006918204539489992,6.259,6.257666666666666,6.2620000000000005
customer_long,farm_long,long_b,dev_long_sensor,s_long_b_ph,ph,2026-09-09 05:30:00+00:00,2026-09-09 06:00:00+00:00,1250264,1274348,2026-09-09 05:59:58.763793+00:00,6.257,6.256604385528637,0.00039561447136282624,6.258,6.258333333333333,6.26
customer_long,farm_long,long_b,dev_long_sensor,s_long_b_ph,ph,2026-09-09 05:40:00+00:00,2026-09-09 06:10:00+00:00,1258283,1282394,2026-09-09 06:09:59.834571+00:00,6.253,6.252069797276432,0.0009302027235680299,6.246,6.254333333333334,6.234000000000001
customer_long,farm_long,long_b,dev_long_sensor,s_long_b_ph,ph,2026-09-09 05:50:00+00:00,2026-09-09 06:20:00+00:00,1266329,1290413,2026-09-09 06:19:58.947932+00:00,6.253,6.24838172708051,0.004618272919490352,6.25,6.251333333333334,6.241
customer_long,farm_long,long_b,dev_long_sensor,s_long_b_ph,ph,2026-09-09 06:00:00+00:00,2026-09-09 06:30:00+00:00,1274348,1298432,2026-09-09 06:29:58.298955+00:00,6.246,6.250157951095423,0.004157951095422163,6.257,6.251,6.255999999999999
customer_long,farm_long,long_b,dev_long_sensor,s_long_b_ph,ph,2026-09-09 06:10:00+00:00,2026-09-09 06:40:00+00:00,1282394,1306478,2026-09-09 06:39:59.812404+00:00,6.251,6.251450707891668,0.0004507078916677898,6.253,6.253333333333333,6.26
customer_long,farm_long,long_b,dev_long_sensor,s_long_b_ph,ph,2026-09-09 06:20:00+00:00,2026-09-09 06:50:00+00:00,1290413,1314497,2026-09-09 06:49:59.155553+00:00,6.253,6.251231888405687,0.0017681115943126713,6.253,6.254333333333332,6.256
customer_long,farm_long,long_b,dev_long_sensor,s_long_b_ph,ph,2026-09-09 06:30:00+00:00,2026-09-09 07:00:00+00:00,1298432,1322516,2026-09-09 06:59:58.513407+00:00,6.253,6.248669521148168,0.004330478851832353,6.246,6.2506666666666675,6.235000000000001
customer_long,farm_long,long_b,dev_long_sensor,s_long_b_ph,ph,2026-09-09 06:40:00+00:00,2026-09-09 07:10:00+00:00,1306478,1330535,2026-09-09 07:09:57.936196+00:00,6.247,6.247894768963009,0.0008947689630094402,6.251,6.25,6.2490000000000006
customer_long,farm_long,long_b,dev_long_sensor,s_long_b_ph,ph,2026-09-09 06:50:00+00:00,2026-09-09 07:20:00+00:00,1314497,1338581,2026-09-09 07:19:59.324055+00:00,6.243,6.248792326736121,0.005792326736120401,6.253,6.25,6.253
customer_long,farm_long,long_b,dev_long_sensor,s_long_b_ph,ph,2026-09-09 07:00:00+00:00,2026-09-09 07:30:00+00:00,1322516,1346600,2026-09-09 07:29:58.732624+00:00,6.246,6.2495903779042115,0.0035903779042110173,6.253,6.2523333333333335,6.26
customer_long,farm_long,long_b,dev_long_sensor,s_long_b_ph,ph,2026-09-09 07:10:00+00:00,2026-09-09 07:40:00+00:00,1330535,1354619,2026-09-09 07:39:58.067029+00:00,6.243,6.248531586943551,0.005531586943551048,6.247,6.251,6.242999999999999
customer_long,farm_long,long_b,dev_long_sensor,s_long_b_ph,ph,2026-09-09 07:20:00+00:00,2026-09-09 07:50:00+00:00,1338581,1362665,2026-09-09 07:49:59.417866+00:00,6.243,6.246459878020665,0.0034598780206644975,6.243,6.2476666666666665,6.2330000000000005
customer_long,farm_long,long_b,dev_long_sensor,s_long_b_ph,ph,2026-09-09 07:30:00+00:00,2026-09-09 08:00:00+00:00,1346600,1370684,2026-09-09 07:59:58.795824+00:00,6.244,6.245149230855332,0.0011492308553320285,6.246,6.245333333333334,6.239000000000001
customer_long,farm_long,long_b,dev_long_sensor,s_long_b_ph,ph,2026-09-09 07:40:00+00:00,2026-09-09 08:10:00+00:00,1354619,1378703,2026-09-09 08:09:58.132582+00:00,6.245,6.2440104054851,0.000989594514900105,6.243,6.244,6.239000000000001
customer_long,farm_long,long_b,dev_long_sensor,s_long_b_ph,ph,2026-09-09 07:50:00+00:00,2026-09-09 08:20:00+00:00,1362665,1386749,2026-09-09 08:19:59.469429+00:00,6.241,6.243597944403276,0.002597944403276209,6.243,6.244000000000001,6.243
