customer_id,device_id,observed_at,pump_running,valve_running,fertilizer_requested,fertilizer_running,dosage_configured,meter_configured,emergency_stop,supply_voltage,rssi,pressure,pump_current,sensor_bus_errors,packet_loss_rate,command_failure_rate,power_state,mqtt_state,online,source
synthetic_customer_000,cabinet_000,2026-08-10 00:10:00+00:00,1,1,1,1,True,True,False,24.175007273928927,-48.514396699540214,3.015210044997277,4.042179794394772,0.07785763151248154,0.0,0.011824300455635543,on,connected,True,synthetic_device_spec_v11
synthetic_customer_000,cabinet_000,2026-08-10 00:20:00+00:00,1,1,1,1,True,True,False,23.87854188108219,-49.68078548425625,3.064631580941653,4.038654873510143,0.0,0.0,0.014519911830729199,on,connected,True,synthetic_device_spec_v11
synthetic_customer_000,cabinet_000,2026-08-10 00:30:00+00:00,1,1,1,1,True,True,False,24.181462280725743,-49.43516553615354,3.0362066357426034,4.089645715454999,0.8189738334355354,0.0,0.017338672003180032,on,connected,True,synthetic_device_spec_v11
synthetic_customer_000,cabinet_000,2026-08-10 00:40:00+00:00,0,0,0,0,True,True,False,23.85427879873112,-47.368176964705505,2.9559956250264077,3.9095941635897624,0.45696778896118484,0.0,0.0005733875747268737,on,connected,True,synthetic_device_spec_v11
synthetic_customer_000,cabinet_000,2026-08-10 00:50:00+00:00,0,0,0,0,True,True,False,23.963133075877217,-48.310498145142525,2.9569905909662646,3.9917792755464907,0.006751903598303917,0.0,0.0,on,connected,True,synthetic_device_spec_v11
synthetic_customer_000,cabinet_000,2026-08-10 01:00:00+00:00,0,0,0,0,True,True,False,24.027474119443617,-47.90793521690628,3.049668371284265,3.9813538360246263,0.0,0.04969819623562465,0.0,on,connected,True,synthetic_device_spec_v11
synthetic_customer_000,cabinet_000,2026-08-10 01:10:00+00:00,0,0,0,0,True,True,False,24.024785033549243,-47.26008624325903,2.941026541606214,4.019216941096373,0.0,0.0,0.0,on,connected,True,synthetic_device_spec_v11
synthetic_customer_000,cabinet_000,2026-08-10 01:20:00+00:00,0,0,0,0,True,True,False,24.06022360286599,-47.90064686774629,3.0257067921630023,4.08837432931052,0.4367524920033332,0.0552632528062633,0.0,on,connected,True,synthetic_device_spec_v11
synthetic_customer_000,cabinet_000,2026-08-10 01:30:00+00:00,0,0,0,0,True,True,False,23.83212265375461,-47.23377988989766,2.9759383826762,3.949496966117021,0.0,0.0,0.0,on,connected,True,synthetic_device_spec_v11
synthetic_customer_000,cabinet_000,2026-08-10 01:40:00+00:00,0,0,0,0,True,True,False,24.09840236333527,-47.68435097087691,3.044676901070892,3.9177276914752195,0.40386012786644326,0.02216881732794813,0.0,on,connected,True,synthetic_device_spec_v11
synthetic_customer_000,cabinet_000,2026-08-10 01:50:00+00:00,0,0,0,0,True,True,False,23.892128979688838,-47.10981108798253,3.024557969598384,4.107872679670716,0.0,0.0,0.003584739212399367,on,connected,True,synthetic_device_spec_v11
synthetic_customer_000,cabinet_000,2026-08-10 02:00:00+00:00,0,0,0,0,True,True,False,24.022895760760797,-48.12788314895891,2.98279170293801,3.9382495200052334,0.1604717659199031,0.01677399800110806,0.0,on,connected,True,synthetic_device_spec_v11
synthetic_customer_000,cabinet_000,2026-08-10 02:10:00+00:00,0,0,0,0,True,True,False,24.013312042417734,-47.262847198560785,2.9949882948319866,3.909826884193104,0.0,0.01953136541922135,0.0,on,connected,True,synthetic_device_spec_v11
synthetic_customer_000,cabinet_000,2026-08-10 02:20:00+00:00,0,0,0,0,True,True,False,23.98525340240354,-48.33791158727914,3.032651687506093,3.921064129534658,0.15931322351786423,0.0,0.0,on,connected,True,synthetic_device_spec_v11
synthetic_customer_000,cabinet_000,2026-08-10 02:30:00+00:00,0,0,0,0,True,True,False,24.335514269727707,-47.151826096323745,3.003015821040858,4.081946253381304,0.2979626407192873,0.0,0.011140887725675893,on,connected,True,synthetic_device_spec_v11
synthetic_customer_000,cabinet_000,2026-08-10 02:40:00+00:00,0,0,0,0,True,True,False,24.076282929686187,-48.97234390081228,3.0222366749943603,4.046157518660562,0.0,0.0,0.004839624055670878,on,connected,True,synthetic_device_spec_v11
synthetic_customer_000,cabinet_000,2026-08-10 02:50:00+00:00,0,0,0,0,True,True,False,23.975956801989796,-48.27336899437195,2.9960298744191096,3.918832243932368,0.11762983839519862,0.017235203715078275,0.0,on,connected,True,synthetic_device_spec_v11
synthetic_customer_000,cabinet_000,2026-08-10 03:00:00+00:00,0,0,0,0,True,True,False,23.93085687542305,-49.00881372539784,3.025627307583286,4.010800601505883,0.8630838100065267,0.003153588265743402,0.0,on,connected,True,synthetic_device_spec_v11
synthetic_customer_000,cabinet_000,2026-08-10 03:10:00+00:00,0,0,0,0,True,True,False,23.921977682369192,-46.971839104170776,2.946227909024071,4.036147489143859,0.0,0.0,0.0,on,connected,True,synthetic_device_spec_v11
synthetic_customer_000,cabinet_000,2026-08-10 03:20:00+00:00,0,0,0,0,True,True,False,23.794979831498637,-49.0070011659432,3.0013005292878194,3.9871369004103228,0.0,0.0,0.025120387926525628,on,connected,True,synthetic_device_spec_v11
synthetic_customer_000,cabinet_000,2026-08-10 03:30:00+00:00,0,0,0,0,True,True,False,23.69989510809858,-48.363968868388504,2.9709813829204865,3.9467153654519693,0.0,0.007806228197438397,0.0022311474088373253,on,connected,True,synthetic_device_spec_v11
synthetic_customer_000,cabinet_000,2026-08-10 03:40:00+00:00,0,0,0,0,True,True,False,23.949300324981763,-49.11493309578385,2.9072218457800107,3.9418412816226596,0.36278206992874745,0.0,0.02589071729290451,on,connected,True,synthetic_device_spec_v11
synthetic_customer_000,cabinet_000,2026-08-10 03:50:00+00:00,0,0,0,0,True,True,False,23.766427110882173,-48.15039669537142,2.906339700792021,4.0397531176364225,0.0,0.0,0.0,on,connected,True,synthetic_device_spec_v11
synthetic_customer_000,cabinet_000,2026-08-10 04:00:00+00:00,0,0,0,0,True,True,False,24.187761167476292,-47.221330315801424,2.854253989054623,3.985576985215226,0.30446432559818454,0.018515191734831373,0.011261403544706143,on,connected,True,synthetic_device_spec_v11
synthetic_customer_000,cabinet_000,2026-08-10 04:10:00+00:00,0,0,0,0,True,True,False,23.978560858621172,-48.986042989174955,2.8366624252430768,4.010462676660693,0.2988114495214469,0.02736979041448578,0.01572901779788004,on,connected,True,synthetic_device_spec_v11
synthetic_customer_000,cabinet_000,2026-08-10 04:20:00+00:00,0,0,0,0,True,True,False,23.986702106999918,-47.75027685381322,2.82313689220749,3.979194281777847,0.0,0.003338304809118012,0.0,on,connected,True,synthetic_device_spec_v11
synthetic_customer_000,cabinet_000,2026-08-10 04:30:00+00:00,0,0,0,0,True,True,False,24.129965179169975,-49.33857918504873,2.7036957738599545,3.968824548919388,0.23339956079992813,0.012297660674504086,0.010053326389198444,on,connected,True,synthetic_device_spec_v11
synthetic_customer_000,cabinet_000,2026-08-10 04:40:00+00:00,0,0,0,0,True,True,False,23.999441603701946,-47.75445232092287,2.698132532873855,3.9967751950417303,0.0,0.009094022076984514,0.0,on,connected,True,synthetic_device_spec_v11
synthetic_customer_000,cabinet_000,2026-08-10 04:50:00+00:00,0,0,0,0,True,True,False,24.01918821952123,-48.76371041498236,2.6009907795074017,3.9184353487080457,1.311912774210688,0.014621016754424022,0.0,on,connected,True,synthetic_device_spec_v11
synthetic_customer_000,cabinet_000,2026-08-10 05:00:00+00:00,0,0,0,0,True,True,False,24.089764414294297,-48.09664338566446,2.57102381567204,3.9585689315702193,4.166232022109075,0.025652236688336983,0.019310439722095854,on,connected,True,synthetic_device_spec_v11
synthetic_customer_000,cabinet_000,2026-08-10 05:10:00+00:00,0,0,0,0,True,True,False,24.124008553286945,-48.908905886914916,2.5538800252579317,3.9314915747812393,5.027815631106743,0.005048840839463402,0.0,on,connected,True,synthetic_device_spec_v11
synthetic_customer_000,cabinet_000,2026-08-10 05:20:00+00:00,0,0,0,0,True,True,False,24.11823492577291,-48.31209149030673,2.5116092334032363,4.097472131936921,7.793677484720726,0.0007418003637509143,0.0,on,connected,True,synthetic_device_spec_v11
synthetic_customer_000,cabinet_000,2026-08-10 05:30:00+00:00,0,0,0,0,True,True,False,23.851958877008432,-48.502193735982225,2.515566736938934,4.112236405523145,10.077943439156552,0.0,0.0018683342724756804,on,connected,True,synthetic_device_spec_v11
synthetic_customer_000,cabinet_000,2026-08-10 05:40:00+00:00,0,0,0,0,True,True,False,23.939248186466703,-47.64670584010873,2.403483575242605,4.009766429765348,11.572201536602437,0.011898542787450712,0.0073050518892168285,on,connected,True,synthetic_device_spec_v11
synthetic_customer_000,cabinet_000,2026-08-10 05:50:00+00:00,0,0,0,0,True,True,False,23.900840620716608,-48.4727082931816,2.4158296689890317,3.952066932862075,14.057513393039354,0.037814932052536096,0.0,on,connected,True,synthetic_device_spec_v11
synthetic_customer_000,cabinet_000,2026-08-10 06:00:00+00:00,0,0,0,0,True,True,False,23.874245696555114,-47.619332485477884,2.343576362219958,3.9672683998732188,16.899609142003666,0.0,0.0,on,connected,True,synthetic_device_spec_v11
synthetic_customer_000,cabinet_000,2026-08-10 06:10:00+00:00,1,1,1,1,True,True,False,23.975354314584685,-46.52538977657085,2.306096401828531,4.024655162305595,18.344998958153948,0.034377186685705746,0.030725692985747375,on,connected,True,synthetic_device_spec_v11
synthetic_customer_000,cabinet_000,2026-08-10 06:20:00+00:00,1,1,1,1,True,True,False,23.97675377573979,-47.832953580602606,2.3383975334944065,3.896525543053066,21.024283767665953,0.0,0.0,on,connected,True,synthetic_device_spec_v11
synthetic_customer_000,cabinet_000,2026-08-10 06:30:00+00:00,1,1,1,1,True,True,False,23.580132865085524,-48.497170109942964,2.2379862382592974,4.09052410922139,22.918624198884427,0.0,0.009938890640191747,on,connected,True,synthetic_device_spec_v11
synthetic_customer_000,cabinet_000,2026-08-10 06:40:00+00:00,0,0,0,0,True,True,False,23.961672074286582,-48.37830417847069,2.2338038572499777,4.104418899884129,25.469929108018825,0.011116382739400535,0.010926383884184538,on,connected,True,synthetic_device_spec_v11
synthetic_customer_000,cabinet_000,2026-08-10 06:50:00+00:00,0,0,0,0,True,True,False,24.224405042105825,-48.879680273080716,2.2870932623386726,4.378906667830805,24.513639923191185,0.0,0.05752406223278661,on,connected,True,synthetic_device_spec_v11
synthetic_customer_000,cabinet_000,2026-08-10 07:00:00+00:00,0,0,0,0,True,True,False,24.042067820703224,-47.15669595504748,2.1435112275038772,4.582874706499235,25.420874348759547,0.0,0.10443882463358692,on,connected,True,synthetic_device_spec_v11
synthetic_customer_000,cabinet_000,2026-08-10 07:10:00+00:00,0,0,0,0,True,True,False,24.03030815755534,-49.07956110600178,2.210188518770208,4.936720371997599,25.146736091922616,0.025397400334888645,0.15210606166850205,on,connected,True,synthetic_device_spec_v11
synthetic_customer_000,cabinet_000,2026-08-10 07:20:00+00:00,0,0,0,0,True,True,False,23.831356025373225,-46.95463578609332,2.181652207723522,5.107814966516411,24.639733394129507,0.02755491811913225,0.15434230485094097,on,connected,True,synthetic_device_spec_v11
synthetic_customer_000,cabinet_000,2026-08-10 07:30:00+00:00,0,0,0,0,True,True,False,24.020178736939695,-48.01965305765832,2.1764299253557082,5.364684758982031,0.0,0.002308087915333996,0.1782363081546205,on,connected,True,synthetic_device_spec_v11
synthetic_customer_000,cabinet_000,2026-08-10 07:40:00+00:00,0,0,0,0,True,True,False,24.20705213746725,-45.82211178593796,2.99181443962082,5.638672165195092,0.0,0.0,0.22230701423219734,on,connected,True,synthetic_device_spec_v11
synthetic_customer_000,cabinet_000,2026-08-10 07:50:00+00:00,0,0,0,0,True,True,False,23.648291984849024,-47.73021721403874,2.9873938239183633,5.9265175331514905,0.22759981502317234,0.012043623271609898,0.21625367566080198,on,connected,True,synthetic_device_spec_v11
synthetic_customer_000,cabinet_000,2026-08-10 08:00:00+00:00,0,0,0,0,True,True,False,23.959350633057674,-48.980560531687466,2.9578650381724922,5.974813509894955,0.4844695907223898,0.0,0.30199258201098494,on,connected,True,synthetic_device_spec_v11
synthetic_customer_000,cabinet_000,2026-08-10 08:10:00+00:00,0,0,0,0,True,True,False,24.063027258872207,-48.29606434046302,2.9937096690511575,6.319977363926644,0.0,0.04039261308892978,0.29707394634060047,on,connected,True,synthetic_device_spec_v11
synthetic_customer_000,cabinet_000,2026-08-10 08:20:00+00:00,0,0,0,0,True,True,False,23.823239226954477,-47.251695693319675,2.9084941230163373,6.46082085030332,0.0,0.0,0.3622430837877114,on,connected,True,synthetic_device_spec_v11
synthetic_customer_000,cabinet_000,2026-08-10 08:30:00+00:00,0,0,0,0,True,True,False,23.799485320417972,-47.139545586606374,2.976135963653503,6.840549651007231,0.0,0.0,0.37207035898321966,on,connected,True,synthetic_device_spec_v11
synthetic_customer_000,cabinet_000,2026-08-10 08:40:00+00:00,0,0,0,0,True,True,False,23.98218692442518,-51.449925102152285,2.988417974017948,7.138747615151337,0.04175086965300988,0.008402235860096804,0.39786518613604116,on,connected,True,synthetic_device_spec_v11
synthetic_customer_000,cabinet_000,2026-08-10 08:50:00+00:00,0,0,0,0,True,True,False,23.9093217724685,-51.84026442098069,3.0171433344720726,6.980492378160407,0.0,0.07051195240373781,0.4354037185353383,on,connected,True,synthetic_device_spec_v11
synthetic_customer_000,cabinet_000,2026-08-10 09:00:00+00:00,0,0,0,0,True,True,False,24.02441299263054,-54.233856842908466,2.9371816723639057,7.070810682466154,0.0,0.14024294411481575,0.37530832508088,on,connected,True,synthetic_device_spec_v11
synthetic_customer_000,cabinet_000,2026-08-10 09:10:00+00:00,0,0,0,0,True,True,False,24.11205687729283,-57.27208556501137,2.9907704021534203,7.042593346146552,0.30566748185588166,0.16329050293814837,0.3848095126606935,on,connected,True,synthetic_device_spec_v11
synthetic_customer_000,cabinet_000,2026-08-10 09:20:00+00:00,0,0,0,0,True,True,False,24.30941852594349,-60.0704131681513,2.955974262115031,3.9620657040386993,0.43362813024186375,0.2121669739296765,0.0,on,connected,True,synthetic_device_spec_v11
synthetic_customer_000,cabinet_000,2026-08-10 09:30:00+00:00,0,0,0,0,True,True,False,24.04845209311077,-61.368061972988436,2.938898995176851,4.000796155488008,0.46906344669395167,0.24119800906968691,0.0,on,connected,True,synthetic_device_spec_v11
synthetic_customer_000,cabinet_000,2026-08-10 09:40:00+00:00,0,0,0,0,True,True,False,23.939794536948902,-64.0628877512834,2.8912725124043765,4.097348881022063,0.5592811607884832,0.27971412036442345,0.018045979232762504,on,connected,True,synthetic_device_spec_v11
synthetic_customer_000,cabinet_000,2026-08-10 09:50:00+00:00,0,0,0,0,True,True,False,23.78490656654035,-67.0570091604324,2.9785066843417254,4.006649552210209,0.21594026381147013,0.2727753178586938,0.0,on,connected,True,synthetic_device_spec_v11
synthetic_customer_000,cabinet_000,2026-08-10 10:00:00+00:00,0,0,0,0,True,True,False,23.911687890576818,-69.67310286579728,2.9913185014259067,4.0301968653906375,0.08679930547669429,0.3408385283283893,0.014283724442923161,on,connected,True,synthetic_device_spec_v11
synthetic_customer_000,cabinet_000,2026-08-10 10:10:00+00:00,0,0,0,0,True,True,False,24.07603858685526,-73.36846575212193,2.9662487104201913,4.031966481630581,0.8902000566614018,0.4372208284599339,0.005906092112149542,on,connected,True,synthetic_device_spec_v11
synthetic_customer_000,cabinet_000,2026-08-10 10:20:00+00:00,0,0,0,0,True,True,False,24.188771198241152,-75.57829104670061,3.083567453317941,4.058615618984203,0.3665371112135937,0.47421911777718,0.054177490614497115,on,connected,True,synthetic_device_spec_v11
synthetic_customer_000,cabinet_000,2026-08-10 10:30:00+00:00,0,0,0,0,True,True,False,23.833047648650055,-76.5677871592362,2.9886125869660543,3.9553166642762414,0.0,0.5558718159767152,0.0,on,connected,True,synthetic_device_spec_v11
synthetic_customer_000,cabinet_000,2026-08-10 10:40:00+00:00,0,0,0,0,True,True,False,24.05249191542684,-79.69441168480458,2.944191421973644,3.9708220199272706,0.0,0.5730627638948806,0.0,on,connected,True,synthetic_device_spec_v11
synthetic_customer_000,cabinet_000,2026-08-10 10:50:00+00:00,0,0,0,0,True,True,False,23.921538637650556,-82.63426228183,3.0138992249710777,3.976029705788225,0.09075368812371215,0.6202573099894478,0.0,on,connected,True,synthetic_device_spec_v11
synthetic_customer_000,cabinet_000,2026-08-10 11:00:00+00:00,0,0,0,0,True,True,False,24.094347390320568,-84.81601314843466,2.9848206397515296,4.0163886559149224,0.9323955509036296,0.6733379367325698,0.0,on,connected,True,synthetic_device_spec_v11
synthetic_customer_000,cabinet_000,2026-08-10 12:20:00+00:00,1,1,1,1,True,True,False,23.94415772647204,-47.40938410748932,2.9464604687980263,4.07927855592773,0.43967708494306573,0.0,0.02062769974190829,on,connected,True,synthetic_device_spec_v11
synthetic_customer_000,cabinet_000,2026-08-10 12:30:00+00:00,1,1,1,1,True,True,False,24.019003057071888,-48.719546377894396,2.959604698079893,3.9686496274811534,0.48058638018458716,0.02682922790586851,7.975433671081577e-05,on,connected,True,synthetic_device_spec_v11
synthetic_customer_000,cabinet_000,2026-08-10 12:40:00+00:00,0,0,0,0,True,True,False,24.044195024065157,-47.80670130662628,3.036042521797984,3.963915714601799,0.13643372071966442,0.03692223452039533,0.0,on,connected,True,synthetic_device_spec_v11
synthetic_customer_000,cabinet_000,2026-08-10 12:50:00+00:00,0,0,0,0,True,True,False,24.12114201617505,-48.70470364240569,2.9529915805099027,4.15000538648133,0.05663983972289772,0.0016596763968992458,0.0038853052029147,on,connected,True,synthetic_device_spec_v11
synthetic_customer_000,cabinet_000,2026-08-10 13:00:00+00:00,0,0,0,0,True,True,False,24.084523656610376,-47.97611769753208,2.957201385919573,4.009645259938638,0.0,0.0011730097544857927,0.013227655948025812,on,connected,True,synthetic_device_spec_v11
synthetic_customer_000,cabinet_000,2026-08-10 13:10:00+00:00,0,0,0,0,True,True,False,24.012559650224002,-48.88292049465917,2.9528023385442554,3.9392910566239,0.2666517323665215,0.0,0.0,on,connected,True,synthetic_device_spec_v11
synthetic_customer_000,cabinet_000,2026-08-10 13:20:00+00:00,0,0,0,0,True,True,False,24.144770960360106,-48.958868323616876,2.9773764528562214,4.020749520741012,0.0,0.0012014550177991065,0.008593754021084516,on,connected,True,synthetic_device_spec_v11
synthetic_customer_000,cabinet_000,2026-08-10 13:30:00+00:00,0,0,0,0,True,True,False,23.941164407863706,-47.74849244758352,3.010090295240023,3.9970959520157914,0.0,0.0,0.0,on,connected,True,synthetic_device_spec_v11
synthetic_customer_000,cabinet_000,2026-08-10 13:40:00+00:00,0,0,0,0,True,True,False,23.99886243465649,-47.612107137172025,2.950280009220193,4.050016244094332,0.47544163529197847,0.03374283237812272,0.0,on,connected,True,synthetic_device_spec_v11
synthetic_customer_000,cabinet_000,2026-08-10 13:50:00+00:00,0,0,0,0,True,True,False,24.098270076611296,-46.45205339908392,3.040219082708849,4.01095366346173,0.0,0.07847798768226757,0.0,on,connected,True,synthetic_device_spec_v11
synthetic_customer_000,cabinet_000,2026-08-10 14:00:00+00:00,0,0,0,0,True,True,False,24.00906240749529,-47.53851965081587,2.9401500753796874,4.098172909984046,0.0,0.0,0.006208754224935891,on,connected,True,synthetic_device_spec_v11
synthetic_customer_000,cabinet_000,2026-08-10 14:10:00+00:00,0,0,0,0,True,True,False,24.119021984933035,-48.29958711814055,3.0446238845622102,4.042402146392153,0.38725849633338866,0.0,0.030603531357405185,on,connected,True,synthetic_device_spec_v11
synthetic_customer_000,cabinet_000,2026-08-10 14:20:00+00:00,0,0,0,0,True,True,False,24.09456167671518,-47.32273343333134,3.015865522438544,3.9266432279631522,0.0,0.05082037418065678,0.012026548467471697,on,connected,True,synthetic_device_spec_v11
synthetic_customer_000,cabinet_000,2026-08-10 14:30:00+00:00,0,0,0,0,True,True,False,24.02908591284902,-48.254798531953945,3.0215524671123872,4.050316808891823,0.6514195925613008,0.016581175043163487,0.009649658842993708,on,connected,True,synthetic_device_spec_v11
synthetic_customer_000,cabinet_000,2026-08-10 14:40:00+00:00,0,0,0,0,True,True,False,24.09414774142865,-47.634298757633395,3.0331407864366073,4.006669298919935,0.0,0.0,0.0,on,connected,True,synthetic_device_spec_v11
synthetic_customer_000,cabinet_000,2026-08-10 14:50:00+00:00,0,0,0,0,True,True,False,24.01102173832478,-47.506559950367105,3.023137958084188,4.013650299753005,0.0,0.02014675890630605,0.0,on,connected,True,synthetic_device_spec_v11
synthetic_customer_000,cabinet_000,2026-08-10 15:00:00+00:00,0,0,0,0,True,True,False,23.89278931087005,-48.6476376463621,3.0293624609309204,3.9822878250149456,0.0,0.0,0.0,on,connected,True,synthetic_device_spec_v11
synthetic_customer_000,cabinet_000,2026-08-10 15:10:00+00:00,0,0,0,0,True,True,False,23.770332593670616,-47.70126763112809,3.008092317952325,3.967254577204833,0.29871324294897894,0.0,0.011440304380087387,on,connected,True,synthetic_device_spec_v11
synthetic_customer_000,cabinet_000,2026-08-10 15:20:00+00:00,0,0,0,0,True,True,False,24.141883354336944,-46.511722855400464,2.9490044100846142,3.9602832586930834,0.0,0.049209075705952954,0.0,on,connected,True,synthetic_device_spec_v11
synthetic_customer_000,cabinet_000,2026-08-10 15:30:00+00:00,0,0,0,0,True,True,False,24.02209632776038,-48.6107533559653,2.9192977853828097,3.9682887631257615,0.18826580521113367,0.027302020102134717,0.04197221240393349,on,connected,True,synthetic_device_spec_v11
synthetic_customer_000,cabinet_000,2026-08-10 15:40:00+00:00,0,0,0,0,True,True,False,23.876812692103215,-47.95089250067482,3.0120419080828507,3.946675581659353,0.2528516958111923,0.0,0.012537133287255184,on,connected,True,synthetic_device_spec_v11
synthetic_customer_000,cabinet_000,2026-08-10 15:50:00+00:00,0,0,0,0,True,True,False,23.938721981585513,-47.05687800328182,2.9268613783864774,3.9568142265084534,0.9839671381086861,0.020898660725004174,0.006893194985917919,on,connected,True,synthetic_device_spec_v11
synthetic_customer_000,cabinet_000,2026-08-10 16:00:00+00:00,0,0,0,0,True,True,False,24.19786254596106,-47.67205383708222,2.8173943684971294,4.064657899629593,1.1639641332967627,0.039225078630350685,0.0,on,connected,True,synthetic_device_spec_v11
synthetic_customer_000,cabinet_000,2026-08-10 16:10:00+00:00,0,0,0,0,True,True,False,24.006900994734142,-45.87313751922549,2.7240009695992855,3.992509508144213,0.41596377469474605,0.03065363351400261,0.006672748425003769,on,connected,True,synthetic_device_spec_v11
synthetic_customer_000,cabinet_000,2026-08-10 16:20:00+00:00,0,0,0,0,True,True,False,24.12647519828848,-48.52725264548091,2.6228723030455616,3.954525235953897,0.0,0.0,0.017947860799767127,on,connected,True,synthetic_device_spec_v11
synthetic_customer_000,cabinet_000,2026-08-10 16:30:00+00:00,0,0,0,0,True,True,False,24.20886478920152,-46.97067566718166,2.4356982729371035,3.9424510760996636,0.0,0.011889984662263412,0.0,on,connected,True,synthetic_device_spec_v11
synthetic_customer_000,cabinet_000,2026-08-10 16:40:00+00:00,0,0,0,0,True,True,False,23.721253584300865,-47.306614802153526,2.366559917284454,3.9785360044322657,0.0,0.0,0.0,on,connected,True,synthetic_device_spec_v11
synthetic_customer_000,cabinet_000,2026-08-10 16:50:00+00:00,0,0,0,0,True,True,False,23.233276355053764,-48.75996648697769,2.379756580197848,4.064650346878293,0.0,0.0,0.0,on,connected,True,synthetic_device_spec_v11
synthetic_customer_000,cabinet_000,2026-08-10 17:00:00+00:00,0,0,0,0,True,True,False,22.923218715942976,-49.16681289699384,2.1950497580325576,3.9910570103072307,0.14861555100233623,0.0,0.0,on,connected,True,synthetic_device_spec_v11
synthetic_customer_000,cabinet_000,2026-08-10 17:10:00+00:00,0,0,0,0,True,True,False,22.627450182303726,-46.59421869019506,2.1303561512746603,4.0199251998710075,0.027371390314697118,0.0,0.0,on,connected,True,synthetic_device_spec_v11
synthetic_customer_000,cabinet_000,2026-08-10 17:20:00+00:00,0,0,0,0,True,True,False,22.620525649502472,-48.25177040804779,2.043823147178551,3.9559623909428576,0.0,0.0,0.0,on,connected,True,synthetic_device_spec_v11
synthetic_customer_000,cabinet_000,2026-08-10 17:30:00+00:00,0,0,0,0,True,True,False,22.22246759950964,-48.741677908831946,1.939835754179175,3.9452181332161844,0.0,0.01493841931535058,0.007704141853885384,on,connected,True,synthetic_device_spec_v11
synthetic_customer_000,cabinet_000,2026-08-10 17:40:00+00:00,0,0,0,0,True,True,False,21.874894894519908,-49.887817020440224,1.8701149434467375,4.002474062200979,0.0,0.013125889096248532,0.0,on,connected,True,synthetic_device_spec_v11
synthetic_customer_000,cabinet_000,2026-08-10 17:50:00+00:00,0,0,0,0,True,True,False,21.30077459318869,-46.79896882595563,1.7544982138546608,3.939149807249039,0.0,0.0,0.0,on,connected,True,synthetic_device_spec_v11
synthetic_customer_000,cabinet_000,2026-08-10 18:00:00+00:00,0,0,0,0,True,True,False,21.146582452500986,-46.98926021456347,1.6094829905333419,4.051608114617268,0.0,0.010402105849193315,0.0,on,connected,True,synthetic_device_spec_v11
synthetic_customer_000,cabinet_000,2026-08-10 18:10:00+00:00,1,1,1,1,True,True,False,20.73446345403179,-47.41992148327477,1.5623865042411222,4.057729836130869,0.0,0.006616623868451708,0.0,on,connected,True,synthetic_device_spec_v11
synthetic_customer_000,cabinet_000,2026-08-10 18:20:00+00:00,1,1,1,1,True,True,False,20.399897787349264,-47.02751150609766,1.4447674949923046,3.901255974749377,0.0,0.0,0.0,on,connected,True,synthetic_device_spec_v11
synthetic_customer_000,cabinet_000,2026-08-10 18:30:00+00:00,1,1,1,1,True,True,False,19.933312838630147,-46.97667905720928,1.3877417257619553,4.0309746525298,0.0,0.01631935378598946,0.0,on,connected,True,synthetic_device_spec_v11
synthetic_customer_000,cabinet_000,2026-08-10 18:40:00+00:00,0,0,0,0,True,True,False,19.953256967134497,-48.71696254271537,1.2899692888106442,4.021932243080432,0.20018367890639963,0.010518203965178817,0.0,on,connected,True,synthetic_device_spec_v11
synthetic_customer_000,cabinet_000,2026-08-10 18:50:00+00:00,0,0,0,0,True,True,False,19.4902620332275,-47.66489733443798,1.229297770470943,4.04124734601687,0.5906893785921604,0.0,0.0,on,connected,True,synthetic_device_spec_v11
synthetic_customer_000,cabinet_000,2026-08-10 19:00:00+00:00,0,0,0,0,True,True,False,18.97541334931291,-47.54631584047099,1.0633580020690407,4.038811477715503,0.1574187819214644,0.007844426622107692,0.0,on,connected,True,synthetic_device_spec_v11
synthetic_customer_000,cabinet_000,2026-08-10 19:10:00+00:00,0,0,0,0,True,True,False,18.695299674842566,-47.24631369257211,0.9597953900063863,3.9329544040925173,0.2668894254290602,0.0018464946181813225,0.0,on,connected,True,synthetic_device_spec_v11
synthetic_customer_000,cabinet_000,2026-08-10 20:40:00+00:00,0,0,0,0,True,True,False,24.01323992932613,-49.002017733377656,3.059799151851129,4.031519850795429,0.0,0.046423278264161094,0.003928342633115199,on,connected,True,synthetic_device_spec_v11
synthetic_customer_000,cabinet_000,2026-08-10 20:50:00+00:00,0,0,0,0,True,True,False,23.884467903626643,-47.793187686347274,3.016961638280274,4.035186581674887,0.0,0.0,0.0,on,connected,True,synthetic_device_spec_v11
synthetic_customer_000,cabinet_000,2026-08-10 21:00:00+00:00,0,0,0,0,True,True,False,24.064578793338587,-49.168961735997975,2.947130138904015,4.026694661653525,0.0052489139915784435,0.0442226487230778,0.0,on,connected,True,synthetic_device_spec_v11
synthetic_customer_000,cabinet_000,2026-08-10 21:10:00+00:00,0,0,0,0,True,True,False,24.103873372263735,-49.28800697934531,2.980246750299548,4.020935956449244,0.0,0.015075071129613,0.0,on,connected,True,synthetic_device_spec_v11
synthetic_customer_000,cabinet_000,2026-08-10 21:20:00+00:00,0,0,0,0,True,True,False,24.150875629141044,-48.71440740476635,2.990993396310204,3.9627402707358965,0.3062917285884568,0.04334121255909126,0.041425856450844956,on,connected,True,synthetic_device_spec_v11
synthetic_customer_000,cabinet_000,2026-08-10 21:30:00+00:00,0,0,0,0,True,True,False,23.799545075056745,-47.44814448224877,2.9725910435006546,4.030597540433008,0.7393739753216279,0.0,0.01992760732098821,on,connected,True,synthetic_device_spec_v11
synthetic_customer_000,cabinet_000,2026-08-10 21:40:00+00:00,0,0,0,0,True,True,False,24.09325857044853,-48.857689460494974,3.0345514959268156,4.046281019008634,0.0,0.0,0.005752002834113124,on,connected,True,synthetic_device_spec_v11
synthetic_customer_000,cabinet_000,2026-08-10 21:50:00+00:00,0,0,0,0,True,True,False,23.85563247424341,-47.29810262591337,3.0040497622334397,3.985027585330091,0.0,0.0,0.0,on,connected,True,synthetic_device_spec_v11
synthetic_customer_000,cabinet_000,2026-08-10 22:00:00+00:00,0,0,0,0,True,True,False,24.178421888561836,-48.547952071279234,2.9735298123889087,4.047424380695464,0.0,0.0,0.0,on,connected,True,synthetic_device_spec_v11
synthetic_customer_000,cabinet_000,2026-08-10 22:10:00+00:00,0,0,0,0,True,True,False,24.132890342327798,-47.93344008064032,2.9384773726127396,4.002490722748577,0.0,0.0,0.03350963615761846,on,connected,True,synthetic_device_spec_v11
synthetic_customer_000,cabinet_000,2026-08-10 22:20:00+00:00,0,0,0,0,True,True,False,24.074736806177732,-49.1004699964584,3.001455974238247,4.0349015510312976,1.1340128224334354,0.0,0.0,on,connected,True,synthetic_device_spec_v11
synthetic_customer_000,cabinet_000,2026-08-10 22:30:00+00:00,0,0,0,0,True,True,False,23.845443498959245,-47.42441728823355,3.063917957601319,4.021654087545452,0.05235749201621708,0.02962475161769115,0.005617135417631553,on,connected,True,synthetic_device_spec_v11
synthetic_customer_000,cabinet_000,2026-08-10 22:40:00+00:00,0,0,0,0,True,True,False,24.132660637543072,-47.54095977759757,3.002859170575427,3.9070848242521565,0.0,0.0,0.0,on,connected,True,synthetic_device_spec_v11
synthetic_customer_000,cabinet_000,2026-08-10 22:50:00+00:00,0,0,0,0,True,True,False,23.802544603481298,-50.14479025699554,3.0225624719625968,4.042820904069948,0.0,0.023792339200494575,0.0,on,connected,True,synthetic_device_spec_v11
synthetic_customer_000,cabinet_000,2026-08-10 23:00:00+00:00,0,0,0,0,True,True,False,24.111917836571124,-46.729242358685475,3.0307814670416318,4.015462895696665,0.0,0.022292261395011254,0.0,on,connected,True,synthetic_device_spec_v11
synthetic_customer_000,cabinet_000,2026-08-10 23:10:00+00:00,0,0,0,0,True,True,False,24.0641645768602,-47.90675040335163,3.034468799245501,4.043821373563843,0.0,0.0226961853824465,0.025387679006778015,on,connected,True,synthetic_device_spec_v11
synthetic_customer_000,cabinet_000,2026-08-10 23:20:00+00:00,0,0,0,0,True,True,False,23.91641666583761,-47.04643755350774,3.043994419758946,3.986902404916133,0.0,0.013674475462405914,0.02241405405947044,on,connected,True,synthetic_device_spec_v11
synthetic_customer_000,cabinet_000,2026-08-10 23:30:00+00:00,0,0,0,0,True,True,False,24.036284350171826,-45.981606309113,3.0015459631355914,4.038287610974888,0.0,0.0,0.003807904100368481,on,connected,True,synthetic_device_spec_v11
synthetic_customer_000,cabinet_000,2026-08-10 23:40:00+00:00,0,0,0,0,True,True,False,23.917418057219006,-48.24096871468497,2.96903028879455,3.990586484391653,0.932790216749871,0.0,0.0137077513947711,on,connected,True,synthetic_device_spec_v11
synthetic_customer_000,cabinet_000,2026-08-10 23:50:00+00:00,0,0,0,0,True,True,False,24.012743530957284,-47.547716839409404,3.0617965495722257,4.010465880448324,0.027391320329466198,0.0,0.0,on,connected,True,synthetic_device_spec_v11
synthetic_customer_000,cabinet_000,2026-08-11 00:00:00+00:00,0,0,0,0,True,True,False,24.033378355310273,-48.05469287477348,3.013085890409833,3.9937017067392317,0.7844868294175034,0.002578748381752981,0.0,on,connected,True,synthetic_device_spec_v11
synthetic_customer_000,cabinet_000,2026-08-11 00:10:00+00:00,1,1,1,1,True,True,False,23.893988185453324,-48.09676014073078,3.003570169907601,4.028020488740184,0.0,0.0,0.01753948082071361,on,connected,True,synthetic_device_spec_v11
synthetic_customer_000,cabinet_000,2026-08-11 00:20:00+00:00,1,1,1,1,True,True,False,23.850409428592503,-48.489185576566854,3.0000145306445445,3.948358086986512,0.0,0.027052391960123497,0.0,on,connected,True,synthetic_device_spec_v11
synthetic_customer_000,cabinet_000,2026-08-11 00:30:00+00:00,1,1,1,1,True,True,False,23.80044953590804,-48.31948801356911,2.94583151782051,4.089059277733808,0.22564011387134406,0.00674032549623036,0.0,on,connected,True,synthetic_device_spec_v11
synthetic_customer_000,cabinet_000,2026-08-11 00:40:00+00:00,0,0,0,0,True,True,False,23.798764021004498,-48.24282562715901,3.0206363410049497,4.03207615786042,0.3508285100815688,0.008908571434083322,0.0,on,connected,True,synthetic_device_spec_v11
synthetic_customer_000,cabinet_000,2026-08-11 00:50:00+00:00,0,0,0,0,True,True,False,23.86624986281774,-47.43772855690901,3.0536306456548665,3.966704894448942,0.0,0.0,0.0,on,connected,True,synthetic_device_spec_v11
synthetic_customer_000,cabinet_000,2026-08-11 01:00:00+00:00,0,0,0,0,True,True,False,23.75680897853113,-48.483099428062474,3.079112778679603,4.003147549437143,0.3006675087951116,0.008876532654656958,0.014242776018465077,on,connected,True,synthetic_device_spec_v11
synthetic_customer_000,cabinet_000,2026-08-11 01:10:00+00:00,0,0,0,0,True,True,False,23.92684663171501,-49.63717194794344,2.9819761044513995,4.003861207783448,0.6574985714496849,0.03270063149642279,0.028683344546351564,on,connected,True,synthetic_device_spec_v11
synthetic_customer_000,cabinet_000,2026-08-11 01:20:00+00:00,0,0,0,0,True,True,False,23.887496921744905,-47.87924918208862,3.0073579268728476,4.009202540252597,0.5076193033520078,0.0,0.0,on,connected,True,synthetic_device_spec_v11
synthetic_customer_000,cabinet_000,2026-08-11 01:30:00+00:00,0,0,0,0,True,True,False,23.982901554923796,-47.38333048327475,2.967188811485351,4.071600296842339,0.06638969555308628,0.0,0.0,on,connected,True,synthetic_device_spec_v11
synthetic_customer_000,cabinet_000,2026-08-11 01:40:00+00:00,0,0,0,0,True,True,False,23.93806533018143,-49.25462841008767,3.02319449226524,3.979526492542986,0.15380900303302972,0.0,0.0,on,connected,True,synthetic_device_spec_v11
synthetic_customer_000,cabinet_000,2026-08-11 01:50:00+00:00,0,0,0,0,True,True,False,24.03586592691922,-47.73022810965206,3.011331034720873,4.032013749193783,0.6279500854753548,0.0,0.001104230931061206,on,connected,True,synthetic_device_spec_v11
synthetic_customer_000,cabinet_000,2026-08-11 02:00:00+00:00,0,0,0,0,True,True,False,23.992667943698457,-46.12960737062231,3.01610392137832,3.9422589749556725,0.09650931946304259,0.01911964041720496,0.0,on,connected,True,synthetic_device_spec_v11
synthetic_customer_000,cabinet_000,2026-08-11 02:10:00+00:00,0,0,0,0,True,True,False,23.96093681767979,-48.65846375783736,3.0350285095121388,3.992691912081685,0.0,0.0,0.020467187597374443,on,connected,True,synthetic_device_spec_v11
synthetic_customer_000,cabinet_000,2026-08-11 02:20:00+00:00,0,0,0,0,True,True,False,24.007179214343836,-47.30841034869342,2.9619652540578927,4.15022439177379,0.1814080374027353,0.0,0.0,on,connected,True,synthetic_device_spec_v11
synthetic_customer_000,cabinet_000,2026-08-11 02:30:00+00:00,0,0,0,0,True,True,False,24.088431504499717,-48.56395823105749,2.952237608479426,3.8855327901592354,0.0,0.0,0.0,on,connected,True,synthetic_device_spec_v11
synthetic_customer_000,cabinet_000,2026-08-11 02:40:00+00:00,0,0,0,0,True,True,False,24.115165449613958,-48.40956052926615,3.0076157124801517,3.933824058113489,0.0,0.007210702417976645,0.01429387414311658,on,connected,True,synthetic_device_spec_v11
synthetic_customer_000,cabinet_000,2026-08-11 02:50:00+00:00,0,0,0,0,True,True,False,24.046647320792157,-48.23651991237108,2.985700558864323,4.027566952232655,0.5487531456323158,0.0,0.0,on,connected,True,synthetic_device_spec_v11
synthetic_customer_000,cabinet_000,2026-08-11 03:00:00+00:00,0,0,0,0,True,True,False,23.890655845894468,-49.743798688648965,2.976961473072244,4.0556773823853,0.0,0.0,0.0,on,connected,True,synthetic_device_spec_v11
synthetic_customer_000,cabinet_000,2026-08-11 03:10:00+00:00,0,0,0,0,True,True,False,24.103415948414384,-47.03953584435575,2.971596075554329,4.000535833599523,0.0,0.0,0.06032404676468892,on,connected,True,synthetic_device_spec_v11
synthetic_customer_000,cabinet_000,2026-08-11 03:20:00+00:00,0,0,0,0,True,True,False,23.986630083847558,-48.6507266222789,3.006427201027372,4.011936464306574,0.013272161070586217,0.0,0.0,on,connected,True,synthetic_device_spec_v11
synthetic_customer_000,cabinet_000,2026-08-11 03:30:00+00:00,0,0,0,0,True,True,False,24.02840167792042,-47.376857590292666,3.0626236268973126,3.9369757931136498,0.0,0.0,0.007403210216510767,on,connected,True,synthetic_device_spec_v11
synthetic_customer_000,cabinet_000,2026-08-11 03:40:00+00:00,0,0,0,0,True,True,False,23.828195290867647,-48.92026918009692,3.0112573759143997,4.071183161812434,0.3717978284816328,0.0,0.014686050781026756,on,connected,True,synthetic_device_spec_v11
synthetic_customer_000,cabinet_000,2026-08-11 03:50:00+00:00,0,0,0,0,True,True,False,23.85936303109559,-48.16480089742315,2.9916465344836034,3.9985436408395563,0.40116669856719067,0.013762422832193822,0.0,on,connected,True,synthetic_device_spec_v11
synthetic_customer_000,cabinet_000,2026-08-11 04:00:00+00:00,0,0,0,0,True,True,False,24.035712792309404,-49.96067192257036,2.946636872432894,4.109516583997066,0.8689454667327507,0.03517549514331024,0.0,on,connected,True,synthetic_device_spec_v11
synthetic_customer_000,cabinet_000,2026-08-11 04:10:00+00:00,0,0,0,0,True,True,False,24.252243748434157,-48.53125963215265,3.0216688214380265,4.043467246340596,0.0,0.023682133070606317,0.0,on,connected,True,synthetic_device_spec_v11
synthetic_customer_000,cabinet_000,2026-08-11 04:20:00+00:00,0,0,0,0,True,True,False,24.113931494841697,-47.847176941953194,2.9973559680074313,3.986362008342184,0.14145204118900517,0.034972194876705075,0.0,on,connected,True,synthetic_device_spec_v11
synthetic_customer_000,cabinet_000,2026-08-11 04:30:00+00:00,0,0,0,0,True,True,False,24.253796032520636,-47.109197909170355,3.0038089152907,3.948629154964526,0.0,0.0,0.004840657656667517,on,connected,True,synthetic_device_spec_v11
synthetic_customer_000,cabinet_000,2026-08-11 04:40:00+00:00,0,0,0,0,True,True,False,24.116022271714492,-45.561372341164,2.9998299447520846,3.9543012533026207,0.0,0.010394608125563778,0.01388708229905583,on,connected,True,synthetic_device_spec_v11
synthetic_customer_000,cabinet_000,2026-08-11 04:50:00+00:00,0,0,0,0,True,True,False,24.047232722522796,-48.54241006054655,3.0285661706658407,3.9506402666081555,0.8017096946150846,0.0,0.0,on,connected,True,synthetic_device_spec_v11
synthetic_customer_000,cabinet_000,2026-08-11 05:00:00+00:00,0,0,0,0,True,True,False,23.91573278262216,-48.938558172095156,2.978371361154761,3.936991930549529,0.0820932350373136,0.0,0.018367904716918047,on,connected,True,synthetic_device_spec_v11
synthetic_customer_000,cabinet_000,2026-08-11 05:10:00+00:00,0,0,0,0,True,True,False,23.97715533925058,-48.05452423651477,2.9995298440349396,4.008038617524104,0.0,0.04959479644126394,0.0,on,connected,True,synthetic_device_spec_v11
synthetic_customer_000,cabinet_000,2026-08-11 05:20:00+00:00,0,0,0,0,True,True,False,23.880783041453338,-47.06860067527261,3.003490256509469,4.067787389550642,0.0,0.0019176476808212388,0.0,on,connected,True,synthetic_device_spec_v11
synthetic_customer_000,cabinet_000,2026-08-11 05:30:00+00:00,0,0,0,0,True,True,False,23.887375101235186,-47.00556164316062,2.9929006913120912,3.97139097543904,0.1453620019248005,0.002764824076173469,0.0,on,connected,True,synthetic_device_spec_v11
synthetic_customer_000,cabinet_000,2026-08-11 05:40:00+00:00,0,0,0,0,True,True,False,23.965424178048522,-48.68650729317452,3.0270048181498077,3.986875824457199,0.32976798745348135,0.039381934687266085,0.00901668880482638,on,connected,True,synthetic_device_spec_v11
synthetic_customer_000,cabinet_000,2026-08-11 05:50:00+00:00,0,0,0,0,True,True,False,23.993032791545588,-47.03470694432943,3.010512554729709,4.011263961881752,0.0,0.02034398938897775,0.0,on,connected,True,synthetic_device_spec_v11
synthetic_customer_000,cabinet_000,2026-08-11 06:00:00+00:00,0,0,0,0,True,True,False,23.99612033652707,-48.28258674894809,2.982884638119688,3.9670577609010587,0.0,0.0,0.008997965643961412,on,connected,True,synthetic_device_spec_v11
synthetic_customer_000,cabinet_000,2026-08-11 06:10:00+00:00,1,1,1,1,True,True,False,23.84662278243316,-47.82509145524084,3.0124759808367867,3.9931768395841667,0.0,0.0,0.0,on,connected,True,synthetic_device_spec_v11
synthetic_customer_000,cabinet_000,2026-08-11 06:20:00+00:00,1,1,1,1,True,True,False,24.06604404515268,-48.94514739556012,2.992111568388445,3.8421761814345636,0.6200061983282887,0.01757226765535908,0.00517391682376169,on,connected,True,synthetic_device_spec_v11
synthetic_customer_000,cabinet_000,2026-08-11 06:30:00+00:00,1,1,1,1,True,True,False,24.070983019092537,-47.47533936934915,3.0141115560693468,3.9921585720002315,0.6104456446687524,0.0350557493594999,0.0021426089622338597,on,connected,True,synthetic_device_spec_v11
synthetic_customer_000,cabinet_000,2026-08-11 06:40:00+00:00,0,0,0,0,True,True,False,24.023748972297856,-47.60494337104193,2.975873105384451,3.9537736765120366,0.0,0.0,0.0,on,connected,True,synthetic_device_spec_v11
synthetic_customer_000,cabinet_000,2026-08-11 06:50:00+00:00,0,0,0,0,True,True,False,23.893468129605424,-47.67815284524235,3.014931891974924,4.0080076156420645,0.0,0.030293507905638076,0.0,on,connected,True,synthetic_device_spec_v11
synthetic_customer_000,cabinet_000,2026-08-11 07:00:00+00:00,0,0,0,0,True,True,False,24.007685782139763,-48.47852834398168,2.9557467881140207,3.963687810814869,0.36597800828250104,0.036830974865307675,0.004491063453834164,on,connected,True,synthetic_device_spec_v11
synthetic_customer_000,cabinet_000,2026-08-11 07:10:00+00:00,0,0,0,0,True,True,False,24.21307395741447,-48.688220282625515,3.0457267159484367,4.087065016299332,0.6595420572136066,0.0,0.02813158710590428,on,connected,True,synthetic_device_spec_v11
synthetic_customer_000,cabinet_000,2026-08-11 07:20:00+00:00,0,0,0,0,True,True,False,24.106102707823805,-47.33016883003331,2.953238580875214,3.922307576261674,0.0,0.004737320999686457,0.03756493667229461,on,connected,True,synthetic_device_spec_v11
synthetic_customer_000,cabinet_000,2026-08-11 07:30:00+00:00,0,0,0,0,True,True,False,23.7654782888746,-48.53475531121504,3.051895491321433,4.0168764894024545,0.8240403834247738,0.0,0.030015167122517502,on,connected,True,synthetic_device_spec_v11
synthetic_customer_000,cabinet_000,2026-08-11 07:40:00+00:00,0,0,0,0,True,True,False,24.095838889178445,-47.23042283221408,2.9656386257367346,3.999625665584251,0.05857209541236129,0.023474972555288243,0.0,on,connected,True,synthetic_device_spec_v11
synthetic_customer_000,cabinet_000,2026-08-11 07:50:00+00:00,0,0,0,0,True,True,False,24.061258235213455,-48.875491092271304,2.946649993581257,4.097770078236944,0.0,0.0,0.0,on,connected,True,synthetic_device_spec_v11
synthetic_customer_000,cabinet_000,2026-08-11 08:00:00+00:00,0,0,0,0,True,True,False,24.006871411394723,-48.40965819406696,2.9898918680826956,4.025471324457198,0.0,0.031901443689092986,0.015830905548093757,on,connected,True,synthetic_device_spec_v11
synthetic_customer_000,cabinet_000,2026-08-11 08:10:00+00:00,0,0,0,0,True,True,False,23.959384127816442,-48.994147545450005,2.962015824131392,3.924383392057415,0.0,0.0,0.0,on,connected,True,synthetic_device_spec_v11
synthetic_customer_000,cabinet_000,2026-08-11 08:20:00+00:00,0,0,0,0,True,True,False,24.012577110691193,-47.84736857881733,2.992319424820422,4.027999540247344,0.0,0.0,0.005092987326212806,on,connected,True,synthetic_device_spec_v11
synthetic_customer_000,cabinet_000,2026-08-11 08:30:00+00:00,0,0,0,0,True,True,False,24.120033516170324,-49.926724442935,2.9982683973053526,4.026944106644174,0.9370698086194941,0.0,0.009975554810956192,on,connected,True,synthetic_device_spec_v11
synthetic_customer_000,cabinet_000,2026-08-11 08:40:00+00:00,0,0,0,0,True,True,False,24.176282066631096,-47.25569085511779,2.9832839965273856,3.952610453691471,0.0,0.016516004830839908,0.0,on,connected,True,synthetic_device_spec_v11
synthetic_customer_000,cabinet_000,2026-08-11 08:50:00+00:00,0,0,0,0,True,True,False,24.020637128642335,-48.91514705387935,2.9808617957917085,4.071521113162142,0.11472203432031516,0.04772530530289104,0.0,on,connected,True,synthetic_device_spec_v11
synthetic_customer_000,cabinet_000,2026-08-11 09:00:00+00:00,0,0,0,0,True,True,False,23.79806030980381,-45.744253110144726,3.0443655939765937,3.995475886976606,0.33175080317085415,0.026650574355744958,0.04083771929960561,on,connected,True,synthetic_device_spec_v11
synthetic_customer_000,cabinet_000,2026-08-11 09:10:00+00:00,0,0,0,0,True,True,False,23.885719781684564,-49.95943915685245,3.0334799812575843,4.000916806373506,0.0,0.0,0.0024077230605822576,on,connected,True,synthetic_device_spec_v11
synthetic_customer_000,cabinet_000,2026-08-11 09:20:00+00:00,0,0,0,0,True,True,False,24.261689258611355,-47.37689833950838,3.015129705495569,3.951765611789827,0.0,0.0,0.0,on,connected,True,synthetic_device_spec_v11
synthetic_customer_000,cabinet_000,2026-08-11 09:30:00+00:00,0,0,0,0,True,True,False,24.18452914386789,-45.53958642732494,3.020705671523695,4.00626648479313,0.0,0.0,0.006454129603343653,on,connected,True,synthetic_device_spec_v11
synthetic_customer_000,cabinet_000,2026-08-11 09:40:00+00:00,0,0,0,0,True,True,False,23.99032337530415,-49.17226524129066,3.028733004641464,4.077783122341971,0.5380312093234842,0.0,0.0,on,connected,True,synthetic_device_spec_v11
synthetic_customer_000,cabinet_000,2026-08-11 09:50:00+00:00,0,0,0,0,True,True,False,24.169481082753066,-47.475093226094835,3.0291090624323345,4.059510955054681,0.3614219923854961,0.0,0.0,on,connected,True,synthetic_device_spec_v11
synthetic_customer_000,cabinet_000,2026-08-11 10:00:00+00:00,0,0,0,0,True,True,False,23.950944334550595,-47.82707228684109,3.0229970979741716,4.034859770834363,0.0,0.0008655553155318759,0.05828774539762987,on,connected,True,synthetic_device_spec_v11
synthetic_customer_000,cabinet_000,2026-08-11 10:10:00+00:00,0,0,0,0,True,True,False,23.863779231388996,-49.518962750553854,2.9956831065529923,4.00604038158837,0.18916640585176292,0.0348381534444782,0.00960211073278476,on,connected,True,synthetic_device_spec_v11
synthetic_customer_000,cabinet_000,2026-08-11 10:20:00+00:00,0,0,0,0,True,True,False,24.18776125383579,-47.97764270570848,2.9858349813942886,3.9581707777857957,0.0,0.0,0.0,on,connected,True,synthetic_device_spec_v11
synthetic_customer_000,cabinet_000,2026-08-11 10:30:00+00:00,0,0,0,0,True,True,False,23.990875905688934,-47.5498211815313,2.9833870061740004,4.077496957730673,0.2585347349637675,0.0,0.013238589519912245,on,connected,True,synthetic_device_spec_v11
synthetic_customer_000,cabinet_000,2026-08-11 10:40:00+00:00,0,0,0,0,True,True,False,24.005654373173694,-47.37811126103644,2.9934227575738377,3.892937996130603,0.4849969060230662,0.017276938141070217,0.0,on,connected,True,synthetic_device_spec_v11
synthetic_customer_000,cabinet_000,2026-08-11 10:50:00+00:00,0,0,0,0,True,True,False,23.940235896604648,-48.08502667269963,3.0029657730321935,3.946142725686056,0.0,0.0,0.0,on,connected,True,synthetic_device_spec_v11
synthetic_customer_000,cabinet_000,2026-08-11 11:00:00+00:00,0,0,0,0,True,True,False,24.144212082899394,-48.50942575671738,3.0264364692653847,4.025347291691206,0.0,0.03109543622063643,0.0,on,connected,True,synthetic_device_spec_v11
synthetic_customer_000,cabinet_000,2026-08-11 11:10:00+00:00,0,0,0,0,True,True,False,24.018747344723135,-48.54909051614098,2.981994476167892,3.9823119791484785,0.13043262915915507,0.0,0.0,on,connected,True,synthetic_device_spec_v11
synthetic_customer_000,cabinet_000,2026-08-11 11:20:00+00:00,0,0,0,0,True,True,False,23.90628642734095,-48.740069682552715,3.0108786005368713,3.9869299125958615,0.0,0.01035043834960016,0.0040518461555272885,on,connected,True,synthetic_device_spec_v11
synthetic_customer_000,cabinet_000,2026-08-11 11:30:00+00:00,0,0,0,0,True,True,False,24.017770284377935,-48.86548502145414,3.0217043605315914,3.9868152279475377,0.49529548764132436,0.0,0.0,on,connected,True,synthetic_device_spec_v11
synthetic_customer_000,cabinet_000,2026-08-11 11:40:00+00:00,0,0,0,0,True,True,False,23.969073443651258,-46.6830155060572,3.0194017134633424,3.939569267804023,0.0,0.02295914655328374,0.0,on,connected,True,synthetic_device_spec_v11
synthetic_customer_000,cabinet_000,2026-08-11 11:50:00+00:00,0,0,0,0,True,True,False,24.07212295513533,-46.69933518832687,3.051835011613429,3.9566165569735836,0.0,0.00044406240367346163,0.03471551402307511,on,connected,True,synthetic_device_spec_v11
synthetic_customer_000,cabinet_000,2026-08-11 12:00:00+00:00,0,0,0,0,True,True,False,23.890385412129383,-49.224698451935396,2.995247781175848,3.940794372891145,0.6522585815764951,0.028863441403614964,0.0,on,connected,True,synthetic_device_spec_v11
synthetic_customer_000,cabinet_000,2026-08-11 12:10:00+00:00,1,1,1,1,True,True,False,23.853331382401127,-47.73904339959607,2.973906638513737,3.955151180836267,0.0,0.022080801712788943,0.0,on,connected,True,synthetic_device_spec_v11
synthetic_customer_000,cabinet_000,2026-08-11 12:20:00+00:00,1,1,1,1,True,True,False,23.933753430659173,-47.966737033565565,2.906194383484809,3.992524300957037,0.0,0.0,0.007617101600289573,on,connected,True,synthetic_device_spec_v11
synthetic_customer_000,cabinet_000,2026-08-11 12:30:00+00:00,1,1,1,1,True,True,False,24.026844017695254,-47.90187285208542,3.009123254263436,4.0573295192865935,0.17996925651120863,0.0030771554806351365,0.0001193065380519692,on,connected,True,synthetic_device_spec_v11
synthetic_customer_000,cabinet_000,2026-08-11 12:40:00+00:00,0,0,0,0,True,True,False,24.000551864526503,-47.55465752743104,3.0674403165989537,3.9436442568591823,0.0,0.03635160699362903,0.0015452399668685092,on,connected,True,synthetic_device_spec_v11
synthetic_customer_000,cabinet_000,2026-08-11 12:50:00+00:00,0,0,0,0,True,True,False,24.136559514021066,-47.30538507679993,2.883477330794986,3.900028456127641,0.061756592489790416,0.0,0.0,on,connected,True,synthetic_device_spec_v11
synthetic_customer_000,cabinet_000,2026-08-11 13:00:00+00:00,0,0,0,0,True,True,False,24.053810705776627,-47.708473062973745,2.9987002479779745,3.93150054436424,0.6276719292903177,0.0,0.0,on,connected,True,synthetic_device_spec_v11
synthetic_customer_000,cabinet_000,2026-08-11 13:10:00+00:00,0,0,0,0,True,True,False,24.087553953184944,-45.67375806038208,3.0882977374963216,4.056693507264488,0.0,0.0,0.0,on,connected,True,synthetic_device_spec_v11
synthetic_customer_000,cabinet_000,2026-08-11 13:20:00+00:00,0,0,0,0,True,True,False,23.95824753649222,-47.258390182903725,3.062136387524391,4.065352237668218,0.0,0.0,0.004759859374707858,on,connected,True,synthetic_device_spec_v11
synthetic_customer_000,cabinet_000,2026-08-11 13:30:00+00:00,0,0,0,0,True,True,False,23.98943037992266,-46.85020036052578,3.008800423528931,4.108363031805756,0.0,0.007048715418845697,0.0,on,connected,True,synthetic_device_spec_v11
synthetic_customer_000,cabinet_000,2026-08-11 13:40:00+00:00,0,0,0,0,True,True,False,24.10676031187262,-47.83029108106496,2.9562250202606526,3.972451966518635,0.0,0.0,0.0,on,connected,True,synthetic_device_spec_v11
synthetic_customer_000,cabinet_000,2026-08-11 13:50:00+00:00,0,0,0,0,True,True,False,24.095730212012565,-48.49668359823452,3.014581449277907,3.996166566702918,0.7364880317622557,0.030114755962945702,0.009059807689308714,on,connected,True,synthetic_device_spec_v11
synthetic_customer_000,cabinet_000,2026-08-11 14:00:00+00:00,0,0,0,0,True,True,False,24.199247140664724,-47.330153408396875,2.977011102283996,3.9425625100622126,0.267593991505013,0.015788169200703497,0.0,on,connected,True,synthetic_device_spec_v11
synthetic_customer_000,cabinet_000,2026-08-11 14:10:00+00:00,0,0,0,0,True,True,False,24.03930017908436,-46.26947259786615,2.9968245120218246,3.893965867352015,0.3081700790735592,0.048128999768835064,0.0007908709751508391,on,connected,True,synthetic_device_spec_v11
synthetic_customer_000,cabinet_000,2026-08-11 14:20:00+00:00,0,0,0,0,True,True,False,23.91729324246295,-48.83887423155927,2.9674203873576293,4.035154335883306,0.0,0.020625597140072508,0.0,on,connected,True,synthetic_device_spec_v11
synthetic_customer_000,cabinet_000,2026-08-11 14:30:00+00:00,0,0,0,0,True,True,False,24.14028713047859,-46.79318205656854,3.0546513678804734,4.0024773210794145,0.5460925131099107,0.009457985675894771,0.0,on,connected,True,synthetic_device_spec_v11
synthetic_customer_000,cabinet_000,2026-08-11 14:40:00+00:00,0,0,0,0,True,True,False,23.826869636571633,-47.655244886954605,2.957169391218508,3.9720425886382627,0.40325120847414564,0.01994762150154351,0.005301577474938966,on,connected,True,synthetic_device_spec_v11
synthetic_customer_000,cabinet_000,2026-08-11 14:50:00+00:00,0,0,0,0,True,True,False,24.113820530059318,-47.639758235864605,2.9964965730188857,3.9819501946129563,0.0,0.0,0.007040892254886753,on,connected,True,synthetic_device_spec_v11
synthetic_customer_000,cabinet_000,2026-08-11 15:00:00+00:00,0,0,0,0,True,True,False,23.943783260329166,-46.754204599124535,2.957854561730941,4.058793248693096,0.18711666097407126,0.03288656827471072,0.013281248429519187,on,connected,True,synthetic_device_spec_v11
synthetic_customer_000,cabinet_000,2026-08-11 15:10:00+00:00,0,0,0,0,True,True,False,24.21369819150138,-47.31108064925965,2.9664497446151756,4.000911159711218,0.0,0.03910886884535989,0.0,on,connected,True,synthetic_device_spec_v11
synthetic_customer_000,cabinet_000,2026-08-11 15:20:00+00:00,0,0,0,0,True,True,False,23.90700981695719,-48.505457712145336,3.047924940271572,4.035477865942155,0.0,0.018676500031396214,0.018167852803157372,on,connected,True,synthetic_device_spec_v11
synthetic_customer_000,cabinet_000,2026-08-11 15:30:00+00:00,0,0,0,0,True,True,False,23.915690472783847,-47.97152103663402,2.9522659619232434,3.983892520133659,0.0,0.0,0.013604222619283157,on,connected,True,synthetic_device_spec_v11
synthetic_customer_000,cabinet_000,2026-08-11 15:40:00+00:00,0,0,0,0,True,True,False,23.87314068485779,-48.84887992445248,2.9922157451356117,4.096250287534586,0.0,0.011687429281663986,0.0037828529341617663,on,connected,True,synthetic_device_spec_v11
synthetic_customer_000,cabinet_000,2026-08-11 15:50:00+00:00,0,0,0,0,True,True,False,23.83219412881775,-47.74707511866998,2.9481327130981403,4.019259451438492,0.0,0.0,0.04090506513982583,on,connected,True,synthetic_device_spec_v11
synthetic_customer_000,cabinet_000,2026-08-11 16:00:00+00:00,0,0,0,0,True,True,False,23.99160288545578,-46.33334113215681,2.9769990770864956,3.8413437661720975,0.0,0.0034431002400430477,0.0010360995042792626,on,connected,True,synthetic_device_spec_v11
synthetic_customer_000,cabinet_000,2026-08-11 16:10:00+00:00,0,0,0,0,True,True,False,23.874821689303054,-47.957203242931826,3.0276882271971783,3.9300684103437526,0.0,0.017405859429647688,0.0,on,connected,True,synthetic_device_spec_v11
synthetic_customer_000,cabinet_000,2026-08-11 16:20:00+00:00,0,0,0,0,True,True,False,24.14596879461778,-49.40105794146912,2.973266772894635,3.982170821556178,0.0,0.0,0.0,on,connected,True,synthetic_device_spec_v11
synthetic_customer_000,cabinet_000,2026-08-11 16:30:00+00:00,0,0,0,0,True,True,False,23.893615970777887,-48.94737996013834,2.967502842289333,3.9886632211255533,0.0,0.0,0.0,on,connected,True,synthetic_device_spec_v11
synthetic_customer_000,cabinet_000,2026-08-11 16:40:00+00:00,0,0,0,0,True,True,False,24.001060001468556,-48.27559303195112,3.0007308465103475,3.980170787812311,0.0,0.0,0.0,on,connected,True,synthetic_device_spec_v11
synthetic_customer_000,cabinet_000,2026-08-11 16:50:00+00:00,0,0,0,0,True,True,False,24.083907630219983,-48.29471508804171,2.975630461534924,4.025892403569151,0.1633499583396951,0.0,0.0,on,connected,True,synthetic_device_spec_v11
synthetic_customer_000,cabinet_000,2026-08-11 17:00:00+00:00,0,0,0,0,True,True,False,23.89533902466,-48.55171648386593,2.9896132846930317,3.9669499872605734,0.0954700958310761,0.052432453606047064,0.005750563867503138,on,connected,True,synthetic_device_spec_v11
synthetic_customer_000,cabinet_000,2026-08-11 17:10:00+00:00,0,0,0,0,True,True,False,24.093238627537485,-49.027060397092846,3.021677272870382,4.143461402821219,0.24816087724701313,0.0,0.0,on,connected,True,synthetic_device_spec_v11
synthetic_customer_000,cabinet_000,2026-08-11 17:20:00+00:00,0,0,0,0,True,True,False,24.039074170449798,-47.862322448885735,2.9725964423191886,3.9555034999090934,0.0,0.0416580649968504,0.0,on,connected,True,synthetic_device_spec_v11
synthetic_customer_000,cabinet_000,2026-08-11 17:30:00+00:00,0,0,0,0,True,True,False,24.157719659679607,-47.678108385974234,3.0122696160188913,4.197827788758248,0.38961194937717875,0.0012842591774292749,0.019923922358692628,on,connected,True,synthetic_device_spec_v11
synthetic_customer_000,cabinet_000,2026-08-11 17:40:00+00:00,0,0,0,0,True,True,False,24.124280535362594,-47.758686704829834,3.002482234101602,4.2371799201260325,0.0,0.006710000660307063,0.04592617497817215,on,connected,True,synthetic_device_spec_v11
synthetic_customer_000,cabinet_000,2026-08-11 17:50:00+00:00,0,0,0,0,True,True,False,23.890923274468037,-47.77917417850521,2.9660394693862657,4.4358453626769885,0.0,0.0,0.035314638118080936,on,connected,True,synthetic_device_spec_v11
synthetic_customer_000,cabinet_000,2026-08-11 18:00:00+00:00,0,0,0,0,True,True,False,24.077624212670305,-48.69554335635272,2.9833663279851215,4.5585035506635885,0.09578856611057945,0.0,0.10609590578055693,on,connected,True,synthetic_device_spec_v11
synthetic_customer_000,cabinet_000,2026-08-11 18:10:00+00:00,1,1,1,1,True,True,False,24.140629672085293,-46.07959922182696,2.989887507508561,4.833239724025362,1.825305959856003,0.00841373388187329,0.08067819878682553,on,connected,True,synthetic_device_spec_v11
synthetic_customer_000,cabinet_000,2026-08-11 18:20:00+00:00,1,1,1,1,True,True,False,24.1522283802238,-48.64870973496702,2.902642129030602,4.876420375305133,3.384110119867681,0.008890484358306463,0.12047857474488553,on,connected,True,synthetic_device_spec_v11
synthetic_customer_000,cabinet_000,2026-08-11 18:30:00+00:00,1,1,1,1,True,True,False,23.99844684772866,-49.9683816586772,2.6655312964200126,5.042965053331398,4.772334618450148,0.0,0.1197483958240307,on,connected,True,synthetic_device_spec_v11
synthetic_customer_000,cabinet_000,2026-08-11 18:40:00+00:00,0,0,0,0,True,True,False,24.111606115697313,-48.421963148359595,2.486423936936895,5.1991917664785605,6.6097124771644795,0.015763986207573452,0.15254091650025534,on,connected,True,synthetic_device_spec_v11
synthetic_customer_000,cabinet_000,2026-08-11 18:50:00+00:00,0,0,0,0,True,True,False,23.804796656883735,-48.236931299505805,2.2182024095114437,5.347320709630741,6.548923533591331,0.02967402244779003,0.17170520951117588,on,connected,True,synthetic_device_spec_v11
synthetic_customer_000,cabinet_000,2026-08-11 19:00:00+00:00,0,0,0,0,True,True,False,23.978924480915758,-48.66398849579874,1.9403006583281408,5.617336243709158,9.280754997314652,0.009161786681285486,0.19943611967140276,on,connected,True,synthetic_device_spec_v11
synthetic_customer_000,cabinet_000,2026-08-11 19:10:00+00:00,0,0,0,0,True,True,False,24.119610504442328,-48.271396633342995,1.746102308023616,5.712526139693327,10.613712286962674,0.0,0.20877021290962883,on,connected,True,synthetic_device_spec_v11
synthetic_customer_000,cabinet_000,2026-08-11 19:20:00+00:00,0,0,0,0,True,True,False,24.023017327312616,-48.41539467997118,1.4186866701395944,5.777860737800742,11.853288378012813,0.002850251255921374,0.22639162342974048,on,connected,True,synthetic_device_spec_v11
synthetic_customer_000,cabinet_000,2026-08-11 19:30:00+00:00,0,0,0,0,True,True,False,23.9640223466366,-47.573935385915384,1.1489421846316272,5.93532459251144,13.211094951613822,0.0,0.2781458760126327,on,connected,True,synthetic_device_spec_v11
synthetic_customer_000,cabinet_000,2026-08-11 19:40:00+00:00,0,0,0,0,True,True,False,24.041407281215626,-48.22085728499461,0.884090078118207,6.100038530382616,14.6997758126182,0.003529165337284245,0.30003966314154434,on,connected,True,synthetic_device_spec_v11
synthetic_customer_000,cabinet_000,2026-08-11 19:50:00+00:00,0,0,0,0,True,True,False,23.739548863704698,-47.47447919143815,0.6487241330232146,6.162618728174282,15.916961860439907,0.06555662119104859,0.30949244720759694,on,connected,True,synthetic_device_spec_v11
synthetic_customer_000,cabinet_000,2026-08-11 20:00:00+00:00,0,0,0,0,True,True,False,23.891558288806554,-47.364316392268194,0.6090181477692571,6.444830393232815,16.299462167082673,0.0,0.3260681499991618,on,connected,True,synthetic_device_spec_v11
synthetic_customer_000,cabinet_000,2026-08-11 20:10:00+00:00,0,0,0,0,True,True,False,23.950076811818263,-47.917590070524426,0.6127690912605255,6.491906027661704,18.18413016132359,0.0,0.3264938840270341,on,connected,True,synthetic_device_spec_v11
synthetic_customer_000,cabinet_000,2026-08-11 20:20:00+00:00,0,0,0,0,True,True,False,24.139353866756093,-47.10084512262631,0.5418141403642284,6.74698022623006,20.493155069659462,0.0,0.39311793779899895,on,connected,True,synthetic_device_spec_v11
synthetic_customer_000,cabinet_000,2026-08-11 20:30:00+00:00,0,0,0,0,True,True,False,23.87035557937894,-49.476406096506025,0.5015317031755219,6.822692698043158,21.81996682413203,0.0396080099588588,0.37230420682299115,on,connected,True,synthetic_device_spec_v11
synthetic_customer_000,cabinet_000,2026-08-11 20:40:00+00:00,0,0,0,0,True,True,False,24.081980242374357,-52.61082622029966,0.43188292081494983,7.013441273457171,24.123592763804925,0.07813013414583783,0.411749400240378,on,connected,True,synthetic_device_spec_v11
synthetic_customer_000,cabinet_000,2026-08-11 20:50:00+00:00,0,0,0,0,True,True,False,23.940371260178015,-56.98769684082021,0.38263741584432304,7.067086774531125,24.71190770428208,0.18173474513606339,0.3913993187758183,on,connected,True,synthetic_device_spec_v11
synthetic_customer_000,cabinet_000,2026-08-11 21:00:00+00:00,0,0,0,0,True,True,False,23.821430712656987,-60.14462168036721,2.3438826100451324,6.964092002220401,25.29996603392282,0.24570247944689658,0.40547425593490577,on,connected,True,synthetic_device_spec_v11
synthetic_customer_000,cabinet_000,2026-08-11 21:10:00+00:00,0,0,0,0,True,True,False,24.055974516797118,-66.97658525289773,2.3416351234420048,6.97456335670164,25.05856230438217,0.2682439874994932,0.41738825299011095,on,connected,True,synthetic_device_spec_v11
synthetic_customer_000,cabinet_000,2026-08-11 21:20:00+00:00,0,0,0,0,True,True,False,24.1486234335973,-69.02901934779399,2.2951741695327437,7.095302927516738,24.683575575189476,0.3661231618026896,0.3997939451715471,on,connected,True,synthetic_device_spec_v11
synthetic_customer_000,cabinet_000,2026-08-11 21:30:00+00:00,0,0,0,0,True,True,False,24.056370638024973,-72.78902652798546,2.174248049934508,6.919547266941882,0.7342287672399672,0.41451799334858186,0.4125866777539415,on,connected,True,synthetic_device_spec_v11
synthetic_customer_000,cabinet_000,2026-08-11 21:40:00+00:00,0,0,0,0,True,True,False,23.850862539144778,-77.3970697117784,2.221185749982086,7.018622166815483,0.0,0.5070689556000486,0.4130516426896891,on,connected,True,synthetic_device_spec_v11
synthetic_customer_000,cabinet_000,2026-08-11 21:50:00+00:00,0,0,0,0,True,True,False,24.040514079988718,-78.98140892214327,2.178539965290413,4.026057244951477,0.03180093601152818,0.5760630531357438,0.0037871606843355105,on,connected,True,synthetic_device_spec_v11
synthetic_customer_000,cabinet_000,2026-08-11 22:00:00+00:00,0,0,0,0,True,True,False,23.971324239448638,-82.9538382300747,2.1685605293474803,3.993927233866903,0.0,0.6755797564378757,0.0,on,connected,True,synthetic_device_spec_v11
synthetic_customer_000,cabinet_000,2026-08-11 23:30:00+00:00,0,0,0,0,True,True,False,23.920363484149302,-48.37902885716917,2.9507962082380743,4.064780299749698,0.0,0.021322195798802457,0.0,on,connected,True,synthetic_device_spec_v11
synthetic_customer_000,cabinet_000,2026-08-11 23:40:00+00:00,0,0,0,0,True,True,False,24.129542343142646,-48.68918444819268,2.9946016515674962,3.9899252071371136,0.28590243310710073,0.027779112026135006,0.0,on,connected,True,synthetic_device_spec_v11
synthetic_customer_000,cabinet_000,2026-08-11 23:50:00+00:00,0,0,0,0,True,True,False,24.112679801575453,-49.216221105846024,3.0430684711439633,3.982990881398148,0.486360916976228,0.0,0.00024758153888247144,on,connected,True,synthetic_device_spec_v11
synthetic_customer_000,cabinet_000,2026-08-12 00:00:00+00:00,0,0,0,0,True,True,False,23.985922378854987,-46.203317537213636,2.962743975122914,4.045993784999162,0.0,0.0,0.013213023367631523,on,connected,True,synthetic_device_spec_v11
synthetic_customer_000,cabinet_000,2026-08-12 00:10:00+00:00,1,1,1,1,True,True,False,24.09402302409331,-49.213837789453294,2.9866441233701777,3.9640203294426897,0.07489686580868336,0.0036590206745846874,0.0,on,connected,True,synthetic_device_spec_v11
synthetic_customer_000,cabinet_000,2026-08-12 00:20:00+00:00,1,1,1,1,True,True,False,23.549607683453953,-48.68524625761313,2.9916445138971883,3.9940595206784675,0.2523057316995052,0.0,0.0,on,connected,True,synthetic_device_spec_v11
synthetic_customer_000,cabinet_000,2026-08-12 00:30:00+00:00,1,1,1,1,True,True,False,23.291535381531528,-48.70008584727383,2.9802165379598526,3.9368183166127717,0.7481901519520643,0.0,0.004064056769972614,on,connected,True,synthetic_device_spec_v11
synthetic_customer_000,cabinet_000,2026-08-12 00:40:00+00:00,0,0,0,0,True,True,False,22.56558467038892,-48.739496269786805,3.0556401923296916,3.9018753287294774,0.0,0.0,0.0,on,connected,True,synthetic_device_spec_v11
synthetic_customer_000,cabinet_000,2026-08-12 00:50:00+00:00,0,0,0,0,True,True,False,21.886077640998256,-49.02140323821513,2.9817882002352203,3.940440912024373,0.0,0.0,0.027428291717724505,on,connected,True,synthetic_device_spec_v11
synthetic_customer_000,cabinet_000,2026-08-12 01:00:00+00:00,0,0,0,0,True,True,False,21.588364917313026,-48.9198850626075,2.9021748035444928,4.010230843721739,0.1391397528625007,0.0009967893648123339,0.0022968391241176603,on,connected,True,synthetic_device_spec_v11
synthetic_customer_000,cabinet_000,2026-08-12 01:10:00+00:00,0,0,0,0,True,True,False,21.009150260685253,-49.77727087084857,3.0477368269505627,3.9698724073583405,0.4132669529415778,0.00950499412699754,0.0017082385869451547,on,connected,True,synthetic_device_spec_v11
synthetic_customer_000,cabinet_000,2026-08-12 01:20:00+00:00,0,0,0,0,True,True,False,20.27632998255728,-48.18306541894743,2.9915295496110628,4.0024917365311845,0.0,0.0,0.0,on,connected,True,synthetic_device_spec_v11
synthetic_customer_000,cabinet_000,2026-08-12 01:30:00+00:00,0,0,0,0,True,True,False,20.056366818877734,-48.06813315074516,3.0996717783980934,3.88695308081376,0.0,0.04354316938236361,0.02260467608226236,on,connected,True,synthetic_device_spec_v11
synthetic_customer_000,cabinet_000,2026-08-12 01:40:00+00:00,0,0,0,0,True,True,False,19.113099521457347,-45.88433548142026,2.9699163958036876,4.023662901229066,0.17188288277354755,0.010180088764244944,0.0,on,connected,True,synthetic_device_spec_v11
synthetic_customer_000,cabinet_000,2026-08-12 01:50:00+00:00,0,0,0,0,True,True,False,18.55050808848805,-47.60840151985086,3.0285898872035104,3.8579310519495085,0.0,0.017140071688218267,0.005040752720196187,on,connected,True,synthetic_device_spec_v11
synthetic_customer_000,cabinet_000,2026-08-12 02:40:00+00:00,0,0,0,0,True,True,False,23.83342189184642,-48.667052956028506,3.0471581682757867,4.100512350831083,0.0,0.009270264406349083,0.0,on,connected,True,synthetic_device_spec_v11
synthetic_customer_000,cabinet_000,2026-08-12 02:50:00+00:00,0,0,0,0,True,True,False,24.1407568563855,-50.11106739562785,3.045537099070266,4.041954857898328,0.30241942394064686,0.0,0.003723144060433687,on,connected,True,synthetic_device_spec_v11
synthetic_customer_000,cabinet_000,2026-08-12 03:00:00+00:00,0,0,0,0,True,True,False,23.91747121112799,-48.274215821437345,3.012335575884804,3.960852034674591,0.03218656325959715,0.0,0.000408609946807305,on,connected,True,synthetic_device_spec_v11
synthetic_customer_000,cabinet_000,2026-08-12 03:10:00+00:00,0,0,0,0,True,True,False,24.045812273921047,-44.843491503576914,3.008925687797517,3.9566542406263494,0.4648800130375321,0.0,0.0,on,connected,True,synthetic_device_spec_v11
synthetic_customer_000,cabinet_000,2026-08-12 03:20:00+00:00,0,0,0,0,True,True,False,24.01079318021339,-48.646970369110264,2.9677679368293357,3.916714975352727,0.0,0.0,0.0,on,connected,True,synthetic_device_spec_v11
synthetic_customer_000,cabinet_000,2026-08-12 03:30:00+00:00,0,0,0,0,True,True,False,24.056996566956627,-46.08146760385262,3.010621143856622,4.021006503670339,0.5225273766286886,0.0,0.05436187664888152,on,connected,True,synthetic_device_spec_v11
synthetic_customer_000,cabinet_000,2026-08-12 03:40:00+00:00,0,0,0,0,True,True,False,23.98707109232197,-48.82386639348456,2.9996184118454363,4.044771768792042,0.17755299461516993,0.0,0.0,on,connected,True,synthetic_device_spec_v11
synthetic_customer_000,cabinet_000,2026-08-12 03:50:00+00:00,0,0,0,0,True,True,False,23.877751680750738,-47.79115014692514,3.078531845790971,3.9205556629888743,0.0,0.0,0.0,on,connected,True,synthetic_device_spec_v11
synthetic_customer_000,cabinet_000,2026-08-12 04:00:00+00:00,0,0,0,0,True,True,False,24.10070398031586,-48.64655753506684,2.9746283863798064,3.9540036440198523,0.7486452040315866,0.0,0.0,on,connected,True,synthetic_device_spec_v11
synthetic_customer_000,cabinet_000,2026-08-12 04:10:00+00:00,0,0,0,0,True,True,False,23.828181286145437,-46.883793437196545,3.008037867463992,3.9554214195392845,0.4018018407032027,0.01277494016278209,0.02402518106956621,on,connected,True,synthetic_device_spec_v11
synthetic_customer_000,cabinet_000,2026-08-12 04:20:00+00:00,0,0,0,0,True,True,False,23.780689602529275,-48.82120287968373,2.91973947490815,3.8941988741014213,0.0,0.004579918614124264,0.02306640948189732,on,connected,True,synthetic_device_spec_v11
synthetic_customer_000,cabinet_000,2026-08-12 04:30:00+00:00,0,0,0,0,True,True,False,24.248052679649373,-48.81135744411171,3.009785175883055,3.9594015808698524,0.3131364959883415,0.0,0.0,on,connected,True,synthetic_device_spec_v11
synthetic_customer_000,cabinet_000,2026-08-12 04:40:00+00:00,0,0,0,0,True,True,False,23.774923409444476,-47.39911749525195,3.0053504272917966,3.9603981155768584,0.9108876253473397,0.0,0.029226144698349023,on,connected,True,synthetic_device_spec_v11
synthetic_customer_000,cabinet_000,2026-08-12 04:50:00+00:00,0,0,0,0,True,True,False,23.988132451958975,-48.74110427317756,2.967728978297876,4.111393276854423,0.1316630081436501,0.011035703647195173,0.0,on,connected,True,synthetic_device_spec_v11
synthetic_customer_000,cabinet_000,2026-08-12 05:00:00+00:00,0,0,0,0,True,True,False,23.798530333481217,-48.2125795731285,3.034339128095071,3.9771908854242777,0.0,0.019497922712454555,0.016714664286818032,on,connected,True,synthetic_device_spec_v11
synthetic_customer_000,cabinet_000,2026-08-12 05:10:00+00:00,0,0,0,0,True,True,False,24.119896344234473,-47.033602967260045,3.02509148830474,3.9793253729016325,0.0045923869792858394,0.0,0.015611894545041435,on,connected,True,synthetic_device_spec_v11
synthetic_customer_000,cabinet_000,2026-08-12 05:20:00+00:00,0,0,0,0,True,True,False,23.85692238420931,-48.47459947542529,3.014175479109646,3.8426882669974063,1.1983001393990822,0.0,0.0,on,connected,True,synthetic_device_spec_v11
synthetic_customer_000,cabinet_000,2026-08-12 05:30:00+00:00,0,0,0,0,True,True,False,23.884085458403284,-46.67556159496713,2.935831538202229,3.9450421344203477,0.7536057132831757,0.02747492204814165,0.00669803078432787,on,connected,True,synthetic_device_spec_v11
synthetic_customer_000,cabinet_000,2026-08-12 05:40:00+00:00,0,0,0,0,True,True,False,23.935090702386542,-49.06875168687096,3.0190304029224855,4.025877697672665,0.0,0.0,0.029076355810929128,on,connected,True,synthetic_device_spec_v11
synthetic_customer_000,cabinet_000,2026-08-12 05:50:00+00:00,0,0,0,0,True,True,False,24.127810419148506,-48.38488696335255,3.0204840324742728,4.111826551876595,0.0,0.0,0.0,on,connected,True,synthetic_device_spec_v11
synthetic_customer_000,cabinet_000,2026-08-12 06:00:00+00:00,0,0,0,0,True,True,False,24.03513783645932,-47.882900990130786,3.0282806932951414,4.012627124410892,0.0,0.013557641859249023,0.01038596342245926,on,connected,True,synthetic_device_spec_v11
synthetic_customer_000,cabinet_000,2026-08-12 06:10:00+00:00,1,1,1,1,True,True,False,23.835405842060506,-48.62569061877607,2.967925644113969,3.919113142009591,0.0,0.0,0.003698210028132706,on,connected,True,synthetic_device_spec_v11
synthetic_customer_000,cabinet_000,2026-08-12 06:20:00+00:00,1,1,1,1,True,True,False,24.05741058853356,-45.21001469590968,2.994603948978991,4.0480363308372205,0.1694580713768323,0.0,0.0,on,connected,True,synthetic_device_spec_v11
synthetic_customer_000,cabinet_000,2026-08-12 06:30:00+00:00,1,1,1,1,True,True,False,24.051671870124867,-47.8214564816997,3.053437638543576,4.0244481706643365,0.34216549679036323,0.0022614709902663787,0.015737520823343478,on,connected,True,synthetic_device_spec_v11
synthetic_customer_000,cabinet_000,2026-08-12 06:40:00+00:00,0,0,0,0,True,True,False,24.113484735052715,-49.28949712543325,3.086158051408812,4.020148057950812,0.18762040234488037,0.005638407359819257,0.0,on,connected,True,synthetic_device_spec_v11
synthetic_customer_000,cabinet_000,2026-08-12 06:50:00+00:00,0,0,0,0,True,True,False,23.97516656667607,-47.41015097241378,2.9723507799133513,4.077574346610311,0.6254306900992946,0.0,0.013533554095367903,on,connected,True,synthetic_device_spec_v11
synthetic_customer_000,cabinet_000,2026-08-12 07:00:00+00:00,0,0,0,0,True,True,False,24.232263662111976,-48.57884364308475,2.913240441130399,3.999260663215981,0.0,0.01881072130424256,0.0,on,connected,True,synthetic_device_spec_v11
synthetic_customer_000,cabinet_000,2026-08-12 07:10:00+00:00,0,0,0,0,True,True,False,23.925609981746753,-47.96913712356513,2.9619904639590007,4.0617021076738125,0.6409701857767912,0.0,0.007049038660720453,on,connected,True,synthetic_device_spec_v11
synthetic_customer_000,cabinet_000,2026-08-12 07:20:00+00:00,0,0,0,0,True,True,False,24.078302773628735,-46.820218331143494,2.9972008355074795,4.055490012834482,0.0,0.02088329488001424,0.0,on,connected,True,synthetic_device_spec_v11
synthetic_customer_000,cabinet_000,2026-08-12 07:30:00+00:00,0,0,0,0,True,True,False,24.1613511277637,-48.29410681192487,3.076557990185304,3.9937723809326986,0.1697587368407686,0.0,0.0003508372559747192,on,connected,True,synthetic_device_spec_v11
synthetic_customer_000,cabinet_000,2026-08-12 07:40:00+00:00,0,0,0,0,True,True,False,23.944059925997983,-48.761282460010996,2.958924867008296,3.9999495591222147,0.0,0.03815117975454069,0.0,on,connected,True,synthetic_device_spec_v11
synthetic_customer_000,cabinet_000,2026-08-12 07:50:00+00:00,0,0,0,0,True,True,False,24.032654859628842,-48.07502498740821,2.999951882889679,4.106154339016075,0.0,0.01195540026726622,0.001726191530259911,on,connected,True,synthetic_device_spec_v11
synthetic_customer_000,cabinet_000,2026-08-12 08:00:00+00:00,0,0,0,0,True,True,False,24.0343012256213,-48.94542805017619,2.9580299765749998,4.05046397308706,0.0,0.022795795185456116,0.0,on,connected,True,synthetic_device_spec_v11
synthetic_customer_000,cabinet_000,2026-08-12 08:10:00+00:00,0,0,0,0,True,True,False,23.95946935801605,-48.89258510493542,2.8947046570538597,4.019776007471507,0.0,0.011415967879696507,0.0002147201809005583,on,connected,True,synthetic_device_spec_v11
synthetic_customer_000,cabinet_000,2026-08-12 08:20:00+00:00,0,0,0,0,True,True,False,23.886890140076627,-47.953689181052205,2.930345028587733,3.9930746935747607,0.023363243283695,0.0,0.008260250931524899,on,connected,True,synthetic_device_spec_v11
synthetic_customer_000,cabinet_000,2026-08-12 08:30:00+00:00,0,0,0,0,True,True,False,24.091443632847216,-47.15885017072073,3.005683061702758,4.03261231197658,0.0,0.003954825459002389,0.0,on,connected,True,synthetic_device_spec_v11
synthetic_customer_000,cabinet_000,2026-08-12 08:40:00+00:00,0,0,0,0,True,True,False,23.793635407918693,-48.23792434950619,2.9931752353589913,3.9832247676701056,0.5665899061757137,0.0,0.015220401936009183,on,connected,True,synthetic_device_spec_v11
synthetic_customer_000,cabinet_000,2026-08-12 08:50:00+00:00,0,0,0,0,True,True,False,24.054670012603978,-47.13645814572687,2.9773546151246406,4.025730690009547,0.9734307515362502,0.0,0.010602352897019917,on,connected,True,synthetic_device_spec_v11
synthetic_customer_000,cabinet_000,2026-08-12 09:00:00+00:00,0,0,0,0,True,True,False,23.894370768426356,-48.66962347877071,3.001996530145006,4.048736521687242,0.5754058140097353,0.0,0.0,on,connected,True,synthetic_device_spec_v11
synthetic_customer_000,cabinet_000,2026-08-12 09:10:00+00:00,0,0,0,0,True,True,False,24.08364309145162,-45.66875783745756,2.9154097945168362,4.110938751768736,0.0,0.018066929261541798,0.037472429937036214,on,connected,True,synthetic_device_spec_v11
synthetic_customer_000,cabinet_000,2026-08-12 09:20:00+00:00,0,0,0,0,True,True,False,23.975841196811757,-47.63202142093796,3.0269964861000846,4.067831568460001,0.8937066484892517,0.0,0.0,on,connected,True,synthetic_device_spec_v11
synthetic_customer_000,cabinet_000,2026-08-12 09:30:00+00:00,0,0,0,0,True,True,False,23.946628029982147,-46.49411945292001,3.0667164668107034,3.994859820780538,0.0,0.0,0.0,on,connected,True,synthetic_device_spec_v11
synthetic_customer_000,cabinet_000,2026-08-12 09:40:00+00:00,0,0,0,0,True,True,False,23.71705285350347,-47.18797585156144,2.97563559884722,4.050946780532762,0.0,0.022044523244602144,0.02591922319582584,on,connected,True,synthetic_device_spec_v11
synthetic_customer_000,cabinet_000,2026-08-12 09:50:00+00:00,0,0,0,0,True,True,False,23.89509909280586,-48.893006329118776,2.9924171198113334,3.89930678047757,0.18318742445290984,0.0197585906803226,0.0,on,connected,True,synthetic_device_spec_v11
synthetic_customer_000,cabinet_000,2026-08-12 10:00:00+00:00,0,0,0,0,True,True,False,24.073998896828222,-47.93288691761471,2.981388655790386,4.044105092052376,0.06798361708511548,0.0,0.015348966736826118,on,connected,True,synthetic_device_spec_v11
synthetic_customer_000,cabinet_000,2026-08-12 10:10:00+00:00,0,0,0,0,True,True,False,23.903015946081073,-48.133557854307675,3.013943827979322,3.942807438492185,0.15819894823013303,0.0,0.0,on,connected,True,synthetic_device_spec_v11
synthetic_customer_000,cabinet_000,2026-08-12 10:20:00+00:00,0,0,0,0,True,True,False,24.008594565374676,-47.928047451049494,3.0469113466367426,4.057018489167517,0.026939733146044025,0.003490349215021704,0.01890400639719376,on,connected,True,synthetic_device_spec_v11
synthetic_customer_000,cabinet_000,2026-08-12 10:30:00+00:00,0,0,0,0,True,True,False,24.03436030089794,-48.5902014622769,3.000409559821471,4.063218360250842,0.421684572977095,0.0,0.0,on,connected,True,synthetic_device_spec_v11
synthetic_customer_000,cabinet_000,2026-08-12 10:40:00+00:00,0,0,0,0,True,True,False,24.0026573481979,-49.2175075300212,3.0027989805716793,4.071003613188708,0.15853067390146003,0.0,0.0,on,connected,True,synthetic_device_spec_v11
synthetic_customer_000,cabinet_000,2026-08-12 10:50:00+00:00,0,0,0,0,True,True,False,24.123854266162386,-46.818144385787924,2.999449202681466,4.084012758242376,0.0,0.0,0.023757635875723708,on,connected,True,synthetic_device_spec_v11
synthetic_customer_000,cabinet_000,2026-08-12 11:00:00+00:00,0,0,0,0,True,True,False,23.975921250602838,-47.13821094099704,3.007213705811961,4.172337530817351,0.0,0.0,0.005480684782293657,on,connected,True,synthetic_device_spec_v11
synthetic_customer_000,cabinet_000,2026-08-12 11:10:00+00:00,0,0,0,0,True,True,False,23.92458124743506,-48.65106770853657,3.0535383373117315,4.000784131891112,0.0,0.0,0.01829073653896338,on,connected,True,synthetic_device_spec_v11
synthetic_customer_000,cabinet_000,2026-08-12 11:20:00+00:00,0,0,0,0,True,True,False,23.92254082051032,-51.06052505278231,3.0349372106385144,4.1146562167086955,0.0,0.026418040595857846,0.01591163791352915,on,connected,True,synthetic_device_spec_v11
synthetic_customer_000,cabinet_000,2026-08-12 11:30:00+00:00,0,0,0,0,True,True,False,23.905204656544335,-47.11523120117787,3.01816626686423,4.016162856708069,0.0,0.019413799767124224,0.016837098895096495,on,connected,True,synthetic_device_spec_v11
synthetic_customer_000,cabinet_000,2026-08-12 11:40:00+00:00,0,0,0,0,True,True,False,23.777403106369587,-47.483086343225935,3.0145249000699947,4.046173983084092,0.0,0.0,0.0,on,connected,True,synthetic_device_spec_v11
synthetic_customer_000,cabinet_000,2026-08-12 11:50:00+00:00,0,0,0,0,True,True,False,24.19026351402963,-50.00491902003259,2.9687579921619163,3.948956871174804,0.0,0.03395687433984861,0.0,on,connected,True,synthetic_device_spec_v11
synthetic_customer_000,cabinet_000,2026-08-12 12:00:00+00:00,0,0,0,0,True,True,False,24.090840491702256,-47.27230030140647,2.9743421103107943,3.9024588363349126,0.0,0.0007600756193108907,0.03283425701810462,on,connected,True,synthetic_device_spec_v11
synthetic_customer_000,cabinet_000,2026-08-12 12:10:00+00:00,1,1,1,1,True,True,False,24.18075807505524,-48.44545309155105,3.0835412628601704,3.9336423304728187,0.0,0.0,0.00657948796291984,on,connected,True,synthetic_device_spec_v11
synthetic_customer_000,cabinet_000,2026-08-12 12:20:00+00:00,1,1,1,1,True,True,False,23.83041157481025,-48.40805577398561,3.047774572283708,3.976002295476621,0.0,0.048864119972241354,0.009882633259875996,on,connected,True,synthetic_device_spec_v11
synthetic_customer_000,cabinet_000,2026-08-12 12:30:00+00:00,1,1,1,1,True,True,False,23.880932042385943,-47.961919092700334,2.9843000151272365,3.9948216422730485,0.0,0.0,0.0,on,connected,True,synthetic_device_spec_v11
synthetic_customer_000,cabinet_000,2026-08-12 12:40:00+00:00,0,0,0,0,True,True,False,24.024680479172506,-47.66277019085634,2.986733207140991,3.8210500835952512,0.07024357938949938,0.03556647090741783,0.0,on,connected,True,synthetic_device_spec_v11
synthetic_customer_000,cabinet_000,2026-08-12 12:50:00+00:00,0,0,0,0,True,True,False,23.80728622747845,-47.08153417041772,3.0012782855139117,4.019083407909473,0.511016879297485,0.020020019200605928,0.0,on,connected,True,synthetic_device_spec_v11
synthetic_customer_000,cabinet_000,2026-08-12 13:00:00+00:00,0,0,0,0,True,True,False,23.815073681662543,-47.57331932772677,3.021900162931878,4.138854761185675,0.016198693490288827,0.0,0.0,on,connected,True,synthetic_device_spec_v11
synthetic_customer_000,cabinet_000,2026-08-12 13:10:00+00:00,0,0,0,0,True,True,False,23.91573515602314,-48.747664815280224,2.9872099096281386,4.006676470225226,0.0,0.021177900773326958,0.0036810760341091705,on,connected,True,synthetic_device_spec_v11
synthetic_customer_000,cabinet_000,2026-08-12 13:20:00+00:00,0,0,0,0,True,True,False,24.115460174446973,-48.31430500202655,3.0445901697266535,4.0485536534793125,0.0,0.009738441726671534,0.0047156575555950715,on,connected,True,synthetic_device_spec_v11
synthetic_customer_000,cabinet_000,2026-08-12 13:30:00+00:00,0,0,0,0,True,True,False,24.018562357258595,-47.46994974339914,3.0250415968491375,3.955209632622993,0.9213423062090098,0.022354040086309507,0.0,on,connected,True,synthetic_device_spec_v11
synthetic_customer_000,cabinet_000,2026-08-12 13:40:00+00:00,0,0,0,0,True,True,False,24.093148686317278,-47.0165660246094,2.9394137316034086,3.9950660283972304,0.7239809332906617,0.0,0.005982136190163839,on,connected,True,synthetic_device_spec_v11
synthetic_customer_000,cabinet_000,2026-08-12 13:50:00+00:00,0,0,0,0,True,True,False,23.706197978708126,-48.93268676522698,2.982328014572217,4.004692344763415,0.0,0.018718404646592423,0.0045721869873874285,on,connected,True,synthetic_device_spec_v11
synthetic_customer_000,cabinet_000,2026-08-12 14:00:00+00:00,0,0,0,0,True,True,False,23.94881867829832,-48.5990493117671,3.0162658268368676,3.983850092872653,0.0,0.0,0.0,on,connected,True,synthetic_device_spec_v11
synthetic_customer_000,cabinet_000,2026-08-12 14:10:00+00:00,0,0,0,0,True,True,False,23.920772067481987,-47.637412215401326,3.0055074674739934,4.035367932196303,0.0,0.0,0.009785531644964318,on,connected,True,synthetic_device_spec_v11
synthetic_customer_000,cabinet_000,2026-08-12 14:20:00+00:00,0,0,0,0,True,True,False,24.09021412876811,-46.20716900718194,2.906782609550479,4.101227448631483,0.0,0.011912007701859066,0.014431328202678765,on,connected,True,synthetic_device_spec_v11
synthetic_customer_000,cabinet_000,2026-08-12 14:30:00+00:00,0,0,0,0,True,True,False,24.135052522504537,-46.567932054442224,2.7237081657255313,3.8892198164493736,0.0,0.0,0.0,on,connected,True,synthetic_device_spec_v11
synthetic_customer_000,cabinet_000,2026-08-12 14:40:00+00:00,0,0,0,0,True,True,False,23.717459056879424,-45.82627388672879,2.5635047310607066,3.925884744296693,0.0,0.0,0.0,on,connected,True,synthetic_device_spec_v11
synthetic_customer_000,cabinet_000,2026-08-12 14:50:00+00:00,0,0,0,0,True,True,False,23.972135568938402,-48.31608500759994,2.447244148841218,3.9573804424539327,0.0,0.0,0.004296149535693408,on,connected,True,synthetic_device_spec_v11
synthetic_customer_000,cabinet_000,2026-08-12 15:00:00+00:00,0,0,0,0,True,True,False,23.888872923071478,-48.28529255064443,2.2870710881029654,4.121912281116033,0.09890494229937154,0.002585819073167358,0.0,on,connected,True,synthetic_device_spec_v11
synthetic_customer_000,cabinet_000,2026-08-12 15:10:00+00:00,0,0,0,0,True,True,False,24.171890799686746,-46.73492643577861,2.060969186976632,4.043371366495091,0.0,0.03684374622113725,0.0,on,connected,True,synthetic_device_spec_v11
synthetic_customer_000,cabinet_000,2026-08-12 15:20:00+00:00,0,0,0,0,True,True,False,24.128353576980313,-47.763923150113065,2.010046587684194,3.9671797286040555,0.03777789251871253,0.03461809740832025,0.010897965158607956,on,connected,True,synthetic_device_spec_v11
synthetic_customer_000,cabinet_000,2026-08-12 15:30:00+00:00,0,0,0,0,True,True,False,23.797477275404287,-48.78529638720731,1.8116460216250034,3.963786648025319,1.1357123672589895,0.000275199531115318,0.0,on,connected,True,synthetic_device_spec_v11
synthetic_customer_000,cabinet_000,2026-08-12 15:40:00+00:00,0,0,0,0,True,True,False,24.18091810538732,-47.176484266186506,1.5802608858832905,3.9351954162788583,0.6077079082290013,0.008701493815384353,0.017889456919238645,on,connected,True,synthetic_device_spec_v11
synthetic_customer_000,cabinet_000,2026-08-12 15:50:00+00:00,0,0,0,0,True,True,False,23.904740213801553,-48.437289067248585,1.501341186751685,4.051697532776041,0.0,0.008970238188716739,0.018780782918220183,on,connected,True,synthetic_device_spec_v11
synthetic_customer_000,cabinet_000,2026-08-12 16:00:00+00:00,0,0,0,0,True,True,False,23.97047746506346,-49.801790066252,1.3592940342702005,4.050357263259294,0.0,0.00021702680055544446,0.0,on,connected,True,synthetic_device_spec_v11
synthetic_customer_000,cabinet_000,2026-08-12 16:10:00+00:00,0,0,0,0,True,True,False,23.84853476790766,-47.29949166962739,1.162741478853096,3.938973326041365,0.09022855387386512,0.034229983645730114,0.008279795873203427,on,connected,True,synthetic_device_spec_v11
synthetic_customer_000,cabinet_000,2026-08-12 16:20:00+00:00,0,0,0,0,True,True,False,23.80282404943796,-46.8695375301373,1.0103793735737812,4.033082300627269,0.06108827887196389,0.03263355467241814,0.0,on,connected,True,synthetic_device_spec_v11
synthetic_customer_000,cabinet_000,2026-08-12 16:30:00+00:00,0,0,0,0,True,True,False,24.035617714269858,-46.89384562272838,1.0313185257422055,3.97938493248676,0.6231520807873119,0.0,0.025025597008371862,on,connected,True,synthetic_device_spec_v11
synthetic_customer_000,cabinet_000,2026-08-12 16:40:00+00:00,0,0,0,0,True,True,False,23.81203292268569,-47.05245422793679,1.0232565829043205,4.074193800842213,0.0,0.007749604209533548,0.018324187069130735,on,connected,True,synthetic_device_spec_v11
synthetic_customer_000,cabinet_000,2026-08-12 16:50:00+00:00,0,0,0,0,True,True,False,24.165508833922193,-47.27652183906445,0.9875376789584743,3.828102571886239,0.0,0.0,0.020855402518792684,on,connected,True,synthetic_device_spec_v11
synthetic_customer_000,cabinet_000,2026-08-12 17:00:00+00:00,0,0,0,0,True,True,False,23.862391243846275,-49.23163550574961,1.01053800650592,3.9128213304091743,0.0,0.0009606299391040628,0.015712473689765447,on,connected,True,synthetic_device_spec_v11
synthetic_customer_000,cabinet_000,2026-08-12 17:10:00+00:00,0,0,0,0,True,True,False,23.78128136985274,-48.95829766211596,1.0408767454640921,3.9570413194920833,0.0,0.0001589063420298484,0.01338610241083843,on,connected,True,synthetic_device_spec_v11
synthetic_customer_000,cabinet_000,2026-08-12 17:20:00+00:00,0,0,0,0,True,True,False,23.89422589017283,-48.48137218981174,0.9471992982068832,3.901951382410078,0.5571096307358104,0.005658549562559657,0.0019174431944930356,on,connected,True,synthetic_device_spec_v11
synthetic_customer_000,cabinet_000,2026-08-12 17:30:00+00:00,0,0,0,0,True,True,False,24.077120033500673,-49.139113171356186,1.0031712664826855,4.036140407655611,0.3804896619023521,0.005418418152291591,0.022470133346853095,on,connected,True,synthetic_device_spec_v11
synthetic_customer_000,cabinet_000,2026-08-12 17:40:00+00:00,0,0,0,0,True,True,False,23.913534490529855,-48.77239833449081,2.945903637495864,3.9582674975073098,0.0,0.0,0.022397584537589728,on,connected,True,synthetic_device_spec_v11
synthetic_customer_000,cabinet_000,2026-08-12 17:50:00+00:00,0,0,0,0,True,True,False,23.863978325587514,-47.17009330727388,3.0224846566151755,3.934898973395203,0.0,0.0,0.021712259517279963,on,connected,True,synthetic_device_spec_v11
synthetic_customer_000,cabinet_000,2026-08-12 18:00:00+00:00,0,0,0,0,True,True,False,24.067897901281366,-49.19154839490708,3.0465913770067146,4.107295058120908,0.0,0.0,0.007213435521152463,on,connected,True,synthetic_device_spec_v11
synthetic_customer_000,cabinet_000,2026-08-12 18:10:00+00:00,1,1,1,1,True,True,False,24.0225982212606,-47.54855483476522,2.931595655257387,4.024942589480781,0.0,0.005098645595563353,0.008083014766402575,on,connected,True,synthetic_device_spec_v11
synthetic_customer_000,cabinet_000,2026-08-12 18:20:00+00:00,1,1,1,1,True,True,False,24.10509570817762,-47.02137015272309,2.9921558895604212,4.144878666397276,0.0,0.05761257796014892,0.003787680331631827,on,connected,True,synthetic_device_spec_v11
synthetic_customer_000,cabinet_000,2026-08-12 18:30:00+00:00,1,1,1,1,True,True,False,23.962084333986294,-47.80339119067292,2.904469645331139,3.9757672345526918,0.34934397279473683,0.005714086713337221,0.028332794439965444,on,connected,True,synthetic_device_spec_v11
synthetic_customer_000,cabinet_000,2026-08-12 18:40:00+00:00,0,0,0,0,True,True,False,23.724007410809996,-48.1812018049111,2.9918534061032362,4.04568495415454,0.0,0.04061979520123461,0.0,on,connected,True,synthetic_device_spec_v11
synthetic_customer_000,cabinet_000,2026-08-12 18:50:00+00:00,0,0,0,0,True,True,False,23.775583435216223,-48.29365078348268,2.9556011122275603,4.035709469476686,0.0,0.02056028779037785,0.0,on,connected,True,synthetic_device_spec_v11
synthetic_customer_000,cabinet_000,2026-08-12 19:00:00+00:00,0,0,0,0,True,True,False,23.960911148153663,-48.71921633858673,3.034720916588458,4.012919818213842,0.5377592403899639,0.0,0.0,on,connected,True,synthetic_device_spec_v11
synthetic_customer_000,cabinet_000,2026-08-12 19:10:00+00:00,0,0,0,0,True,True,False,23.833464279654837,-48.89622510927295,3.086438352255665,3.9359587268122764,0.0,0.0,0.00020098543940783186,on,connected,True,synthetic_device_spec_v11
synthetic_customer_000,cabinet_000,2026-08-12 19:20:00+00:00,0,0,0,0,True,True,False,23.713094355493855,-46.90427260874147,2.994223723530991,3.937231151522899,0.0,0.02662799675647703,0.0,on,connected,True,synthetic_device_spec_v11
synthetic_customer_000,cabinet_000,2026-08-12 19:30:00+00:00,0,0,0,0,True,True,False,23.903378600332296,-48.06315622751281,3.044535392668022,4.018932676434776,0.0,0.01021250664154729,0.0,on,connected,True,synthetic_device_spec_v11
synthetic_customer_000,cabinet_000,2026-08-12 19:40:00+00:00,0,0,0,0,True,True,False,24.025768232789645,-47.543019023893756,3.0125341283663336,4.086182592637682,0.5776555648077871,0.0,0.0,on,connected,True,synthetic_device_spec_v11
synthetic_customer_000,cabinet_000,2026-08-12 19:50:00+00:00,0,0,0,0,True,True,False,23.928043988107884,-47.49252951693325,2.9946468607874763,3.8519882067326066,0.04220721715284455,0.0283833038147497,0.027475140309268176,on,connected,True,synthetic_device_spec_v11
synthetic_customer_000,cabinet_000,2026-08-12 20:00:00+00:00,0,0,0,0,True,True,False,23.89336023965257,-48.02993371475254,2.976158640891914,4.054695345340327,0.019737789748917333,0.00650198532817284,0.0,on,connected,True,synthetic_device_spec_v11
synthetic_customer_000,cabinet_000,2026-08-12 20:10:00+00:00,0,0,0,0,True,True,False,24.182945999013562,-46.84117181154187,3.000038183932819,3.8952368869324063,0.0,0.0321326000227495,0.0,on,connected,True,synthetic_device_spec_v11
synthetic_customer_000,cabinet_000,2026-08-12 20:20:00+00:00,0,0,0,0,True,True,False,23.89512628511782,-46.712421259842856,2.992008571030093,3.9811333520184418,0.0,0.01039899679903742,0.006127368421718372,on,connected,True,synthetic_device_spec_v11
synthetic_customer_000,cabinet_000,2026-08-12 20:30:00+00:00,0,0,0,0,True,True,False,23.969340244820636,-47.91800603270975,3.044119692700188,3.9924048713213143,0.0,0.04580572347104643,0.0,on,connected,True,synthetic_device_spec_v11
synthetic_customer_000,cabinet_000,2026-08-12 20:40:00+00:00,0,0,0,0,True,True,False,24.001410298912127,-48.13829700074306,3.0402484768228746,4.110487620355434,0.0,0.054652868388512105,0.029486893357488938,on,connected,True,synthetic_device_spec_v11
synthetic_customer_000,cabinet_000,2026-08-12 20:50:00+00:00,0,0,0,0,True,True,False,24.395518641862893,-48.13086349356442,2.8788652690331817,4.0444399745095865,0.22538138968206367,0.061758091667694796,0.0,on,connected,True,synthetic_device_spec_v11
synthetic_customer_000,cabinet_000,2026-08-12 21:00:00+00:00,0,0,0,0,True,True,False,23.983848265250504,-50.87469709095619,3.0122883160671092,4.011923004144532,0.0,0.0,0.0,on,connected,True,synthetic_device_spec_v11
synthetic_customer_000,cabinet_000,2026-08-12 21:10:00+00:00,0,0,0,0,True,True,False,24.02565880054246,-47.99912492866634,2.9474005826447276,3.9752390177643857,2.2349113600622528,0.0333133011393057,0.0,on,connected,True,synthetic_device_spec_v11
synthetic_customer_000,cabinet_000,2026-08-12 21:20:00+00:00,0,0,0,0,True,True,False,24.057313249952205,-49.23380815672409,3.026544766555139,4.122894681181236,3.0459840484762086,0.003974232079529494,0.0,on,connected,True,synthetic_device_spec_v11
synthetic_customer_000,cabinet_000,2026-08-12 21:30:00+00:00,0,0,0,0,True,True,False,23.988212792084404,-49.76758676319242,2.961052883346094,4.038141417763871,4.999189304338063,0.017351101513040364,0.0,on,connected,True,synthetic_device_spec_v11
synthetic_customer_000,cabinet_000,2026-08-12 21:40:00+00:00,0,0,0,0,True,True,False,24.019374977146104,-46.28282978989042,2.9990526803976847,4.04992513652719,6.808625187941611,0.0,0.03527887968458376,on,connected,True,synthetic_device_spec_v11
synthetic_customer_000,cabinet_000,2026-08-12 21:50:00+00:00,0,0,0,0,True,True,False,24.03992083651134,-47.77311878633508,3.0320199569437074,4.04712926428223,8.70101644524489,0.0,0.0,on,connected,True,synthetic_device_spec_v11
synthetic_customer_000,cabinet_000,2026-08-12 22:00:00+00:00,0,0,0,0,True,True,False,24.29589931868364,-46.662253707934894,3.017226340074865,3.8928738110245584,11.153057472153863,0.0,0.018128878603981533,on,connected,True,synthetic_device_spec_v11
synthetic_customer_000,cabinet_000,2026-08-12 22:10:00+00:00,0,0,0,0,True,True,False,23.95691685930344,-46.73933155964226,2.9272280295410034,4.053078516726082,13.178951919498335,0.03805887782824812,9.86906498610674e-05,on,connected,True,synthetic_device_spec_v11
synthetic_customer_000,cabinet_000,2026-08-12 22:20:00+00:00,0,0,0,0,True,True,False,24.03295140773347,-49.48022057380415,3.0072859637317952,3.9964458326846666,15.015038246030134,0.0,0.0,on,connected,True,synthetic_device_spec_v11
synthetic_customer_000,cabinet_000,2026-08-12 22:30:00+00:00,0,0,0,0,True,True,False,23.769166423662924,-47.434810682188,2.980666497641329,3.9678655788499793,17.255504535539348,0.03536376460881154,0.0005038938750442383,on,connected,True,synthetic_device_spec_v11
synthetic_customer_000,cabinet_000,2026-08-12 22:40:00+00:00,0,0,0,0,True,True,False,24.25056981484812,-48.25294873932076,2.9277086591452353,4.006325074206935,18.37789164017899,0.03439774248549427,0.0,on,connected,True,synthetic_device_spec_v11
synthetic_customer_000,cabinet_000,2026-08-12 22:50:00+00:00,0,0,0,0,True,True,False,24.20342164519877,-44.06104529434817,2.7266702010320714,4.014977919286008,19.93258611355209,0.0,0.0,on,connected,True,synthetic_device_spec_v11
synthetic_customer_000,cabinet_000,2026-08-12 23:00:00+00:00,0,0,0,0,True,True,False,23.89099080660179,-48.31532123898102,2.717606591303381,3.977735404814298,23.309153689168642,0.004415816710382452,0.01817331995057517,on,connected,True,synthetic_device_spec_v11
synthetic_customer_000,cabinet_000,2026-08-12 23:10:00+00:00,0,0,0,0,True,True,False,24.100318214571907,-46.66644320054671,2.6878251158695137,4.071626604400285,25.49587808694082,0.0,0.029836637679320602,on,connected,True,synthetic_device_spec_v11
synthetic_customer_000,cabinet_000,2026-08-12 23:20:00+00:00,0,0,0,0,True,True,False,24.01010076405954,-45.597499922500496,2.6116419567518077,3.9862351721318725,24.637571593396707,0.007077445925714601,0.029151888347880277,on,connected,True,synthetic_device_spec_v11
synthetic_customer_000,cabinet_000,2026-08-12 23:30:00+00:00,0,0,0,0,True,True,False,24.193310477707026,-46.72580193531488,2.4808727883092123,4.107014682485342,24.970271109763974,0.013785733057047084,0.0,on,connected,True,synthetic_device_spec_v11
synthetic_customer_000,cabinet_000,2026-08-12 23:40:00+00:00,0,0,0,0,True,True,False,24.11818393814577,-46.84997637196878,2.397247661055864,4.021089693120366,25.04888243396757,0.0,0.0,on,connected,True,synthetic_device_spec_v11
synthetic_customer_000,cabinet_000,2026-08-12 23:50:00+00:00,0,0,0,0,True,True,False,24.08742435674897,-48.579391867661556,2.285897530437965,4.093741118650168,24.901614124976955,0.008453374566034655,0.0,on,connected,True,synthetic_device_spec_v11
synthetic_customer_000,cabinet_000,2026-08-13 00:00:00+00:00,0,0,0,0,True,True,False,23.952299489235322,-46.778260504197014,2.25398654339038,4.072730275173407,25.967613245876326,0.0016250411918692182,0.0,on,connected,True,synthetic_device_spec_v11
synthetic_customer_000,cabinet_000,2026-08-13 00:10:00+00:00,1,1,1,1,True,True,False,24.265355622835347,-48.579525293347444,2.218511514751652,3.9849349449757416,24.868605217721246,0.0069181012825790065,0.0,on,connected,True,synthetic_device_spec_v11
synthetic_customer_000,cabinet_000,2026-08-13 00:20:00+00:00,1,1,1,1,True,True,False,24.078723564465776,-49.434307839813364,2.203497242781638,3.9415377465201717,25.49715490127776,0.010074249058297062,0.0,on,connected,True,synthetic_device_spec_v11
synthetic_customer_000,cabinet_000,2026-08-13 00:30:00+00:00,1,1,1,1,True,True,False,23.827308233254865,-47.4933263150868,2.2086197573449646,3.9677112307998095,25.203347929725428,0.0,0.006580477671419563,on,connected,True,synthetic_device_spec_v11
synthetic_customer_000,cabinet_000,2026-08-13 00:40:00+00:00,0,0,0,0,True,True,False,23.91651159393092,-47.069052847640755,2.2648579464910266,3.982758694208385,0.0,0.01332100387454659,0.007560237767054633,on,connected,True,synthetic_device_spec_v11
synthetic_customer_000,cabinet_000,2026-08-13 00:50:00+00:00,0,0,0,0,True,True,False,23.889270534765565,-47.90115597901493,2.1944207469138886,4.010678873536374,0.0,0.0,0.013698617476827837,on,connected,True,synthetic_device_spec_v11
synthetic_customer_000,cabinet_000,2026-08-13 01:00:00+00:00,0,0,0,0,True,True,False,24.059207620958958,-46.31186949335992,2.167923865831775,4.046736603956746,0.0,0.0,0.0,on,connected,True,synthetic_device_spec_v11
synthetic_customer_000,cabinet_000,2026-08-13 01:10:00+00:00,0,0,0,0,True,True,False,24.191831870806933,-47.781571710522655,3.033666311461482,4.0475281040842646,0.0,0.00023790730080716432,0.0006230090056388053,on,connected,True,synthetic_device_spec_v11
synthetic_customer_000,cabinet_000,2026-08-13 01:20:00+00:00,0,0,0,0,True,True,False,24.12579033846508,-48.30438638310672,2.9850572708896745,3.99027719937884,0.37318527275491004,0.0023258101227761666,0.018971215130102977,on,connected,True,synthetic_device_spec_v11
synthetic_customer_000,cabinet_000,2026-08-13 01:30:00+00:00,0,0,0,0,True,True,False,23.90904126252238,-48.090175388602994,2.998566653677727,4.061695001274089,0.9352429702844884,0.004059097337361714,0.0,on,connected,True,synthetic_device_spec_v11
synthetic_customer_000,cabinet_000,2026-08-13 01:40:00+00:00,0,0,0,0,True,True,False,23.88675758533339,-48.92653129883204,2.924033989283383,4.03732159973615,0.6505875175048971,0.026949528771158877,0.0,on,connected,True,synthetic_device_spec_v11
synthetic_customer_000,cabinet_000,2026-08-13 01:50:00+00:00,0,0,0,0,True,True,False,23.994851885963165,-54.71109116994418,2.9455833063699903,4.068636340496838,0.27844564925813764,0.12330580365883803,0.0,on,connected,True,synthetic_device_spec_v11
synthetic_customer_000,cabinet_000,2026-08-13 02:00:00+00:00,0,0,0,0,True,True,False,24.071113020114225,-55.55821693728631,2.897329029684986,4.036597880650584,0.2635586204958319,0.1177529207481251,0.0004865889671029434,on,connected,True,synthetic_device_spec_v11
synthetic_customer_000,cabinet_000,2026-08-13 02:10:00+00:00,0,0,0,0,True,True,False,24.09817105759664,-59.519318551901286,3.0412837391428935,3.9034973834975415,0.0,0.20991090105925844,0.009412510824559349,on,connected,True,synthetic_device_spec_v11
synthetic_customer_000,cabinet_000,2026-08-13 02:20:00+00:00,0,0,0,0,True,True,False,23.84428649486414,-62.72736017447865,3.034771710584819,4.056427752698285,0.0,0.26591236390818607,0.0,on,connected,True,synthetic_device_spec_v11
synthetic_customer_000,cabinet_000,2026-08-13 02:30:00+00:00,0,0,0,0,True,True,False,23.80045815839049,-64.8480742685169,2.9711026115915233,4.119251017431647,0.007640209341961281,0.3493687761156895,0.0,on,connected,True,synthetic_device_spec_v11
synthetic_customer_000,cabinet_000,2026-08-13 02:40:00+00:00,0,0,0,0,True,True,False,23.69356156338688,-70.66784919430077,3.0033145730970783,4.017711078660278,0.0,0.38226560564875367,0.0,on,connected,True,synthetic_device_spec_v11
synthetic_customer_000,cabinet_000,2026-08-13 02:50:00+00:00,0,0,0,0,True,True,False,23.409618118993926,-75.4560640841466,3.04058840827659,4.016646533622635,0.0,0.4733853906360777,0.0,on,connected,True,synthetic_device_spec_v11
synthetic_customer_000,cabinet_000,2026-08-13 03:00:00+00:00,0,0,0,0,True,True,False,23.05529337659904,-77.20704851254361,2.956569087899409,4.063727357088916,0.0,0.5015317558204673,0.04068401805385054,on,connected,True,synthetic_device_spec_v11
synthetic_customer_000,cabinet_000,2026-08-13 03:10:00+00:00,0,0,0,0,True,True,False,22.659811767206236,-79.79823849843895,3.047138922607852,3.9701841551507973,0.0,0.581885376800166,0.0,on,connected,True,synthetic_device_spec_v11
synthetic_customer_000,cabinet_000,2026-08-13 03:20:00+00:00,0,0,0,0,True,True,False,22.380737027777037,-80.82661989956297,2.998883528377835,3.9943680971741293,0.028765743631353848,0.6354960350177407,0.0,on,connected,True,synthetic_device_spec_v11
synthetic_customer_000,cabinet_000,2026-08-13 04:50:00+00:00,0,0,0,0,True,True,False,20.006793947077867,-49.1581373371522,3.027096790029703,4.727342299775661,0.0,0.0,0.084779438450427,on,connected,True,synthetic_device_spec_v11
synthetic_customer_000,cabinet_000,2026-08-13 05:00:00+00:00,0,0,0,0,True,True,False,19.617235398862334,-47.650043817776044,3.0446879128803097,4.782308168245421,0.0,0.05624942935593491,0.14221273223185243,on,connected,True,synthetic_device_spec_v11
synthetic_customer_000,cabinet_000,2026-08-13 05:10:00+00:00,0,0,0,0,True,True,False,19.154426739258536,-47.16574482660857,3.0076791694729677,4.961471724377284,0.0,0.028852403607716966,0.1323040849975907,on,connected,True,synthetic_device_spec_v11
synthetic_customer_000,cabinet_000,2026-08-13 05:20:00+00:00,0,0,0,0,True,True,False,18.985759467559646,-48.76956057969766,3.0543718633661694,5.118207549115448,0.10877897510417602,0.0,0.1538028526210667,on,connected,True,synthetic_device_spec_v11
synthetic_customer_000,cabinet_000,2026-08-13 05:30:00+00:00,0,0,0,0,True,True,False,18.772435877398554,-47.904909180327,3.0693167059517172,5.392807413492387,0.0,0.0,0.1945357782501702,on,connected,True,synthetic_device_spec_v11
synthetic_customer_000,cabinet_000,2026-08-13 06:50:00+00:00,0,0,0,0,True,True,False,24.044498590691425,-47.19385969987918,3.0106287498623,6.68466812424336,0.0,0.0,0.399549886247413,on,connected,True,synthetic_device_spec_v11
synthetic_customer_000,cabinet_000,2026-08-13 07:00:00+00:00,0,0,0,0,True,True,False,24.04209898603396,-47.75603201602393,3.0650584914175454,6.786239262906214,0.40002424289196664,0.014889401070555936,0.3508180808683058,on,connected,True,synthetic_device_spec_v11
synthetic_customer_000,cabinet_000,2026-08-13 07:10:00+00:00,0,0,0,0,True,True,False,23.909899807270488,-47.93182826653896,3.019326565332544,6.994371649859573,0.0,0.0,0.44250164198569963,on,connected,True,synthetic_device_spec_v11
synthetic_customer_000,cabinet_000,2026-08-13 07:20:00+00:00,0,0,0,0,True,True,False,23.99911061158098,-47.577977204117346,3.0308731680331102,6.990202429793611,0.0,0.003725135146644268,0.4287335719030016,on,connected,True,synthetic_device_spec_v11
synthetic_customer_000,cabinet_000,2026-08-13 07:30:00+00:00,0,0,0,0,True,True,False,24.057224742688526,-47.88066272663202,3.1232715278928302,6.9953303479857585,0.021812533043254343,0.0,0.3699280531253162,on,connected,True,synthetic_device_spec_v11
synthetic_customer_000,cabinet_000,2026-08-13 07:40:00+00:00,0,0,0,0,True,True,False,24.11051727953316,-48.38962779028156,2.983288231852407,7.0541304127765665,0.0,0.0,0.35801212761161916,on,connected,True,synthetic_device_spec_v11
synthetic_customer_000,cabinet_000,2026-08-13 07:50:00+00:00,0,0,0,0,True,True,False,23.940579545827212,-46.7988708070525,3.0389992390962433,4.051365694808072,0.33717412854111006,0.0,0.006531671489907479,on,connected,True,synthetic_device_spec_v11
synthetic_customer_000,cabinet_000,2026-08-13 08:00:00+00:00,0,0,0,0,True,True,False,24.063132153119536,-48.40506099151049,2.964955505072299,4.132553184483201,0.0,0.01023703078537843,0.019303711272641414,on,connected,True,synthetic_device_spec_v11
synthetic_customer_000,cabinet_000,2026-08-13 08:10:00+00:00,0,0,0,0,True,True,False,23.9877145205003,-46.801993762851644,2.987623818132136,3.92292920250219,0.6898926696628539,0.0,0.041605608833642616,on,connected,True,synthetic_device_spec_v11
synthetic_customer_000,cabinet_000,2026-08-13 08:20:00+00:00,0,0,0,0,True,True,False,24.09203898641941,-46.44339751742748,2.995678072022019,4.072549254402663,0.6168675694472935,0.0,0.0,on,connected,True,synthetic_device_spec_v11
synthetic_customer_000,cabinet_000,2026-08-13 08:30:00+00:00,0,0,0,0,True,True,False,24.018495495131408,-49.182289970217084,2.9824897001591566,4.035687562150765,0.0,0.0,0.0,on,connected,True,synthetic_device_spec_v11
synthetic_customer_000,cabinet_000,2026-08-13 08:40:00+00:00,0,0,0,0,True,True,False,23.814254779378775,-48.28623478124718,3.005587590363538,4.1300834999015,0.0,0.009319467397434803,0.015799022517799348,on,connected,True,synthetic_device_spec_v11
synthetic_customer_000,cabinet_000,2026-08-13 08:50:00+00:00,0,0,0,0,True,True,False,23.968065462935563,-48.74351456488838,2.962482343293172,3.9922674825920414,0.0,0.012056587112149186,0.015898812424616195,on,connected,True,synthetic_device_spec_v11
synthetic_customer_000,cabinet_000,2026-08-13 09:00:00+00:00,0,0,0,0,True,True,False,23.769214663022108,-49.52813224195317,3.009769258515946,3.986656138457909,0.0,0.005808184371417894,0.0,on,connected,True,synthetic_device_spec_v11
synthetic_customer_000,cabinet_000,2026-08-13 09:10:00+00:00,0,0,0,0,True,True,False,24.029615084557086,-47.590610720291664,2.973733618445888,3.8881684678149058,0.0,0.012672429732832889,0.0,on,connected,True,synthetic_device_spec_v11
synthetic_customer_000,cabinet_000,2026-08-13 09:20:00+00:00,0,0,0,0,True,True,False,23.81037063548743,-47.46829078647945,2.975336319347964,3.9801314251564217,0.5384772481584119,0.0,0.0,on,connected,True,synthetic_device_spec_v11
synthetic_customer_000,cabinet_000,2026-08-13 09:30:00+00:00,0,0,0,0,True,True,False,23.761933971835724,-48.96722241172223,2.998568105325256,4.048155105469907,0.0030818832265146535,0.0,0.0,on,connected,True,synthetic_device_spec_v11
synthetic_customer_000,cabinet_000,2026-08-13 09:40:00+00:00,0,0,0,0,True,True,False,23.909351079748262,-46.68428087209276,2.984304348570448,4.029979803274083,0.0,0.02343584089722075,0.0,on,connected,True,synthetic_device_spec_v11
synthetic_customer_000,cabinet_000,2026-08-13 09:50:00+00:00,0,0,0,0,True,True,False,23.85872875823971,-50.91226261915368,2.9732554648845597,4.0043302699140035,0.801994661118001,0.0,0.03692051005798523,on,connected,True,synthetic_device_spec_v11
synthetic_customer_000,cabinet_000,2026-08-13 10:00:00+00:00,0,0,0,0,True,True,False,23.884527536038423,-47.794729850957815,3.0080838973077735,4.008816678804071,0.0,0.0,0.016443934261220188,on,connected,True,synthetic_device_spec_v11
synthetic_customer_000,cabinet_000,2026-08-13 10:10:00+00:00,0,0,0,0,True,True,False,24.127223793248724,-48.35171269756748,2.9726217491154463,4.02265167710377,0.3084671936517281,0.02677973213769815,0.0,on,connected,True,synthetic_device_spec_v11
synthetic_customer_000,cabinet_000,2026-08-13 10:20:00+00:00,0,0,0,0,True,True,False,23.97279004774546,-47.88271923683539,3.0200256938496746,3.872141507380409,0.0,0.0,0.0,on,connected,True,synthetic_device_spec_v11
synthetic_customer_000,cabinet_000,2026-08-13 10:30:00+00:00,0,0,0,0,True,True,False,23.798161529661126,-48.253528605288324,2.960565149877801,3.9309733544014,0.0,0.023435314181278675,0.008744573179987924,on,connected,True,synthetic_device_spec_v11
synthetic_customer_000,cabinet_000,2026-08-13 10:40:00+00:00,0,0,0,0,True,True,False,24.076110492976888,-47.29081175476678,3.035912612888442,3.9270153080134262,0.5795654481968577,0.0,0.0,on,connected,True,synthetic_device_spec_v11
synthetic_customer_000,cabinet_000,2026-08-13 10:50:00+00:00,0,0,0,0,True,True,False,23.89224041858671,-48.20875654184971,3.074988998297477,4.044294115731434,0.3617622450075541,0.019611695404221183,0.006194827955517427,on,connected,True,synthetic_device_spec_v11
synthetic_customer_000,cabinet_000,2026-08-13 11:00:00+00:00,0,0,0,0,True,True,False,23.950822369648094,-49.4079109832789,2.996103850896429,4.0128664640739204,0.0,0.0,0.0,on,connected,True,synthetic_device_spec_v11
synthetic_customer_000,cabinet_000,2026-08-13 11:10:00+00:00,0,0,0,0,True,True,False,24.151339773002157,-47.873034885635775,3.070276793557152,4.043024607428645,0.39247081476164225,0.0,0.0072972430246955955,on,connected,True,synthetic_device_spec_v11
synthetic_customer_000,cabinet_000,2026-08-13 11:20:00+00:00,0,0,0,0,True,True,False,23.91805298655228,-47.861911151874445,3.0405230173067603,4.022092221957881,0.5140349786756535,0.0,0.006581034452556639,on,connected,True,synthetic_device_spec_v11
synthetic_customer_000,cabinet_000,2026-08-13 11:30:00+00:00,0,0,0,0,True,True,False,24.197731924000987,-47.88210506644312,2.991280643798045,4.03105712857844,0.17658015601665625,0.0,0.015168130622474484,on,connected,True,synthetic_device_spec_v11
synthetic_customer_000,cabinet_000,2026-08-13 11:40:00+00:00,0,0,0,0,True,True,False,23.987628579286895,-47.7392027182769,2.9936876003953934,4.025033595017319,0.0,0.0,0.0,on,connected,True,synthetic_device_spec_v11
synthetic_customer_000,cabinet_000,2026-08-13 11:50:00+00:00,0,0,0,0,True,True,False,23.96051721502512,-48.81763766219877,3.0421596208532,3.982975678662669,0.5111115209027371,0.005543347027693685,0.0,on,connected,True,synthetic_device_spec_v11
synthetic_customer_000,cabinet_000,2026-08-13 12:00:00+00:00,0,0,0,0,True,True,False,24.000719879271806,-48.791343433921824,2.973123976410006,4.073759954385538,0.125551012671515,0.0,0.0,on,connected,True,synthetic_device_spec_v11
synthetic_customer_000,cabinet_000,2026-08-13 12:10:00+00:00,1,1,1,1,True,True,False,23.931199933610895,-47.83745805182546,2.93983052219317,3.9368680471747637,0.0,0.0,0.0,on,connected,True,synthetic_device_spec_v11
synthetic_customer_000,cabinet_000,2026-08-13 12:20:00+00:00,1,1,1,1,True,True,False,24.287599148023947,-49.40949626153484,3.031227191427628,4.000621946995435,0.0,0.00995985032355909,0.0,on,connected,True,synthetic_device_spec_v11
synthetic_customer_000,cabinet_000,2026-08-13 12:30:00+00:00,1,1,1,1,True,True,False,23.861738871999307,-47.506143451951324,2.9933506308033557,3.9568186458468366,0.4439320492245622,0.0,0.002533221489742671,on,connected,True,synthetic_device_spec_v11
synthetic_customer_000,cabinet_000,2026-08-13 12:40:00+00:00,0,0,0,0,True,True,False,24.265372577259033,-48.817035604766076,2.998289010826343,4.074506977891461,0.559622344211322,0.005068166353037515,0.007147579782170845,on,connected,True,synthetic_device_spec_v11
synthetic_customer_000,cabinet_000,2026-08-13 12:50:00+00:00,0,0,0,0,True,True,False,23.976318627856152,-48.267388983228365,2.9559270000625215,3.9452908622547906,0.19772422334468026,0.012673668741860123,0.0,on,connected,True,synthetic_device_spec_v11
synthetic_customer_000,cabinet_000,2026-08-13 13:00:00+00:00,0,0,0,0,True,True,False,23.746461850851468,-48.78716855221129,2.9987167176247373,3.878687076084756,0.030707748686604894,0.004316078057402416,0.006153969301809955,on,connected,True,synthetic_device_spec_v11
synthetic_customer_000,cabinet_000,2026-08-13 13:10:00+00:00,0,0,0,0,True,True,False,23.991718807393678,-48.53142440686627,2.9384355973815177,4.0220085362647575,0.0,0.020333534847235917,0.026420885922208252,on,connected,True,synthetic_device_spec_v11
synthetic_customer_000,cabinet_000,2026-08-13 13:20:00+00:00,0,0,0,0,True,True,False,23.84228323727689,-48.67358186139285,3.029903505539779,4.044010571775688,0.6499631093876626,0.0,0.018134263524085877,on,connected,True,synthetic_device_spec_v11
synthetic_customer_000,cabinet_000,2026-08-13 13:30:00+00:00,0,0,0,0,True,True,False,24.03669952733266,-47.56737491565179,2.9814765392981815,4.026398611199463,0.03871843610055862,0.0,0.0,on,connected,True,synthetic_device_spec_v11
synthetic_customer_000,cabinet_000,2026-08-13 13:40:00+00:00,0,0,0,0,True,True,False,23.89767528915345,-46.83054331947377,2.9983097181499088,4.016377568391636,0.44087992693874983,0.0,0.0005187619255237235,on,connected,True,synthetic_device_spec_v11
synthetic_customer_000,cabinet_000,2026-08-13 13:50:00+00:00,0,0,0,0,True,True,False,23.898941321923797,-47.04165214851909,3.0242886997557066,4.090244265845422,0.7101168915001863,0.0,0.02425157935485374,on,connected,True,synthetic_device_spec_v11
synthetic_customer_000,cabinet_000,2026-08-13 14:00:00+00:00,0,0,0,0,True,True,False,24.065377881175063,-47.44032710923998,3.050434028623361,4.045797624585236,0.677976053388102,0.0,0.02985010772015306,on,connected,True,synthetic_device_spec_v11
synthetic_customer_000,cabinet_000,2026-08-13 14:10:00+00:00,0,0,0,0,True,True,False,24.003002399449457,-48.44724337181458,2.9844796205689583,3.90339070215932,0.35437471987321023,0.0,0.003533229137533229,on,connected,True,synthetic_device_spec_v11
synthetic_customer_000,cabinet_000,2026-08-13 14:20:00+00:00,0,0,0,0,True,True,False,24.08025428076591,-49.374560160631724,2.9892206259226866,3.9806710366035154,0.0,0.0,0.0,on,connected,True,synthetic_device_spec_v11
synthetic_customer_000,cabinet_000,2026-08-13 14:30:00+00:00,0,0,0,0,True,True,False,23.967871320932904,-48.07957954194046,3.0422378171730564,4.010468976503121,0.0,0.0,0.018641855359625314,on,connected,True,synthetic_device_spec_v11
synthetic_customer_000,cabinet_000,2026-08-13 14:40:00+00:00,0,0,0,0,True,True,False,23.988648279577433,-47.271385491706205,3.032867034005308,4.111888986397041,0.0,0.01578122420200109,0.011285633603179876,on,connected,True,synthetic_device_spec_v11
synthetic_customer_000,cabinet_000,2026-08-13 14:50:00+00:00,0,0,0,0,True,True,False,23.7992897775313,-47.35927736059289,2.9987876228880443,4.137044403093651,0.0,0.022705914409826656,0.011185082798513954,on,connected,True,synthetic_device_spec_v11
synthetic_customer_000,cabinet_000,2026-08-13 15:00:00+00:00,0,0,0,0,True,True,False,23.88067041996281,-49.17405122028977,3.0425213803208124,3.9651810211982945,0.0,0.020750036389727087,0.0,on,connected,True,synthetic_device_spec_v11
synthetic_customer_000,cabinet_000,2026-08-13 15:10:00+00:00,0,0,0,0,True,True,False,24.145329706592044,-47.29248218407254,3.0425603990782615,3.988236604388118,0.46824031512184877,0.010308340874968028,0.0017148431811821348,on,connected,True,synthetic_device_spec_v11
synthetic_customer_000,cabinet_000,2026-08-13 15:20:00+00:00,0,0,0,0,True,True,False,24.068910872111022,-48.101675154301944,2.9645898021194568,3.9961075541697944,0.5628462122899968,0.0,0.0,on,connected,True,synthetic_device_spec_v11
synthetic_customer_000,cabinet_000,2026-08-13 15:30:00+00:00,0,0,0,0,True,True,False,23.989028430761373,-47.135512617518856,2.9931456287960483,4.027605398592098,0.7490343774311234,0.0,0.010497535976725694,on,connected,True,synthetic_device_spec_v11
synthetic_customer_000,cabinet_000,2026-08-13 15:40:00+00:00,0,0,0,0,True,True,False,23.949475573159226,-49.74992359308816,3.0803529323029544,4.083248339443205,0.24397032191447843,0.02292810090764549,0.0,on,connected,True,synthetic_device_spec_v11
synthetic_customer_000,cabinet_000,2026-08-13 15:50:00+00:00,0,0,0,0,True,True,False,24.01855168334066,-47.754814315658436,3.0174269512071556,3.9673160653296273,0.20107287851317954,0.025657970070261146,0.012932868564386553,on,connected,True,synthetic_device_spec_v11
synthetic_customer_000,cabinet_000,2026-08-13 16:00:00+00:00,0,0,0,0,True,True,False,23.987074537445153,-47.83511248637602,2.9414720873881604,4.002466567745093,0.0,0.0,0.0,on,connected,True,synthetic_device_spec_v11
synthetic_customer_000,cabinet_000,2026-08-13 16:10:00+00:00,0,0,0,0,True,True,False,23.920118095215265,-49.230466009766204,2.994802874436336,4.094681416111538,0.0,0.0057792589837288265,0.0,on,connected,True,synthetic_device_spec_v11
synthetic_customer_000,cabinet_000,2026-08-13 16:20:00+00:00,0,0,0,0,True,True,False,23.93627276891077,-48.203561954809054,2.9649663245579543,3.991446296061518,0.00020451725992650147,0.0,0.013156204162257027,on,connected,True,synthetic_device_spec_v11
synthetic_customer_000,cabinet_000,2026-08-13 16:30:00+00:00,0,0,0,0,True,True,False,23.922785829380025,-47.29961713768388,2.963482282796161,4.074173405706164,0.0,0.0,0.0,on,connected,True,synthetic_device_spec_v11
synthetic_customer_000,cabinet_000,2026-08-13 16:40:00+00:00,0,0,0,0,True,True,False,23.821425532183383,-48.461111777804575,2.9707268369688227,4.084992571837164,0.0,0.023050284258657933,0.003771972583220277,on,connected,True,synthetic_device_spec_v11
synthetic_customer_000,cabinet_000,2026-08-13 16:50:00+00:00,0,0,0,0,True,True,False,24.15873387476034,-48.24228365186537,2.965403236675355,4.037501094615279,0.05332443909515426,0.0,0.002897040847801088,on,connected,True,synthetic_device_spec_v11
synthetic_customer_000,cabinet_000,2026-08-13 17:00:00+00:00,0,0,0,0,True,True,False,24.261463325911667,-48.120036998147114,3.11530561620781,4.144124538287946,0.0,0.030405914903109788,0.030583965718632023,on,connected,True,synthetic_device_spec_v11
synthetic_customer_000,cabinet_000,2026-08-13 17:10:00+00:00,0,0,0,0,True,True,False,24.085747430812834,-48.44614169729675,2.949370730051866,4.098936764696522,0.0,0.0,0.01819180952902016,on,connected,True,synthetic_device_spec_v11
synthetic_customer_000,cabinet_000,2026-08-13 17:20:00+00:00,0,0,0,0,True,True,False,23.9945231318828,-48.66263665564856,2.9822991324987145,3.9771351440906617,0.0,0.015001513621832697,0.019884849669179812,on,connected,True,synthetic_device_spec_v11
synthetic_customer_000,cabinet_000,2026-08-13 17:30:00+00:00,0,0,0,0,True,True,False,24.134734069558924,-46.87098349513173,2.9982657158091524,3.9562641492964654,0.2157832518264986,0.0,0.0,on,connected,True,synthetic_device_spec_v11
synthetic_customer_000,cabinet_000,2026-08-13 17:40:00+00:00,0,0,0,0,True,True,False,23.96507456466118,-47.073414583646034,2.960461499566116,3.9521555189449686,0.0,0.0,0.0,on,connected,True,synthetic_device_spec_v11
synthetic_customer_000,cabinet_000,2026-08-13 17:50:00+00:00,0,0,0,0,True,True,False,24.002677151939597,-49.728865833466955,3.0051169444078365,4.0766243370428485,1.4030821917970706,0.01645577692225794,0.0,on,connected,True,synthetic_device_spec_v11
synthetic_customer_000,cabinet_000,2026-08-13 18:00:00+00:00,0,0,0,0,True,True,False,24.345467115076755,-48.986489481448636,3.012262900599533,4.092839280839827,0.0,0.01720196460285389,0.0,on,connected,True,synthetic_device_spec_v11
synthetic_customer_000,cabinet_000,2026-08-13 18:10:00+00:00,1,1,1,1,True,True,False,24.029713353340895,-49.06521615110271,3.027160943677201,3.949254542679276,0.32193615134152853,0.0,0.0,on,connected,True,synthetic_device_spec_v11
synthetic_customer_000,cabinet_000,2026-08-13 18:20:00+00:00,1,1,1,1,True,True,False,24.273204505636613,-49.570138388240544,2.9589524920830064,3.9282237550125303,0.0,0.0,0.0,on,connected,True,synthetic_device_spec_v11
synthetic_customer_000,cabinet_000,2026-08-13 18:30:00+00:00,1,1,1,1,True,True,False,23.702174569379643,-48.23389426542534,2.9298721633337848,4.076706741121845,0.4926248222889785,0.03137656812567683,0.0,on,connected,True,synthetic_device_spec_v11
synthetic_customer_000,cabinet_000,2026-08-13 18:40:00+00:00,0,0,0,0,True,True,False,23.951727364304954,-47.951003716383575,2.8946326021348563,4.032746986358463,0.0,0.0,0.0,on,connected,True,synthetic_device_spec_v11
synthetic_customer_000,cabinet_000,2026-08-13 18:50:00+00:00,0,0,0,0,True,True,False,23.903597134842123,-48.084294603163954,2.885933372439031,4.053966332908943,0.23166394929661469,0.0017752910599321333,0.017281927439935646,on,connected,True,synthetic_device_spec_v11
synthetic_customer_000,cabinet_000,2026-08-13 19:00:00+00:00,0,0,0,0,True,True,False,24.056512561981965,-48.985800311508406,2.8493503032204632,3.961619607702271,0.44265891029343934,0.012111021745029649,0.029188507576217573,on,connected,True,synthetic_device_spec_v11
synthetic_customer_000,cabinet_000,2026-08-13 19:10:00+00:00,0,0,0,0,True,True,False,23.904004402579076,-49.23464785858447,2.6724149625251203,4.058256833358861,0.9946511108390985,0.0,0.0008938992891968893,on,connected,True,synthetic_device_spec_v11
synthetic_customer_000,cabinet_000,2026-08-13 19:20:00+00:00,0,0,0,0,True,True,False,24.214935507761094,-47.97735281513793,2.6528376490246317,4.084072355662299,0.7319033619280991,0.0,0.0,on,connected,True,synthetic_device_spec_v11
synthetic_customer_000,cabinet_000,2026-08-13 19:30:00+00:00,0,0,0,0,True,True,False,23.934598003159454,-50.12209502177743,2.6080040246650347,3.9797746857913174,0.0,0.006074993322600916,0.028298550728907884,on,connected,True,synthetic_device_spec_v11
synthetic_customer_000,cabinet_000,2026-08-13 19:40:00+00:00,0,0,0,0,True,True,False,23.945331265011845,-47.26957465146181,2.5635408393673353,3.909618074207908,0.0,0.040153740323293545,0.004048470148336521,on,connected,True,synthetic_device_spec_v11
synthetic_customer_000,cabinet_000,2026-08-13 19:50:00+00:00,0,0,0,0,True,True,False,23.857411823352205,-46.22799164676473,2.5860352836461575,3.9091485768284207,0.0,0.027875101310164453,0.040867583593153484,on,connected,True,synthetic_device_spec_v11
synthetic_customer_000,cabinet_000,2026-08-13 20:00:00+00:00,0,0,0,0,True,True,False,24.060993359249476,-49.12584993533475,2.4894697175331735,3.9547494379615675,0.0,0.0,0.0,on,connected,True,synthetic_device_spec_v11
synthetic_customer_000,cabinet_000,2026-08-13 20:10:00+00:00,0,0,0,0,True,True,False,23.91057016424251,-49.07354741857752,2.4382244589021025,3.986942718907503,0.0,0.04909073444167466,0.0,on,connected,True,synthetic_device_spec_v11
synthetic_customer_000,cabinet_000,2026-08-13 20:20:00+00:00,0,0,0,0,True,True,False,24.320613260140018,-47.814516234256615,2.3256555047366634,3.9624254457917276,0.0,0.0,0.003028417067883361,on,connected,True,synthetic_device_spec_v11
synthetic_customer_000,cabinet_000,2026-08-13 20:30:00+00:00,0,0,0,0,True,True,False,23.890546861511407,-47.021509004996176,2.3691671996345085,4.012653436406801,0.0,0.009977520885667356,0.026166771992998182,on,connected,True,synthetic_device_spec_v11
synthetic_customer_000,cabinet_000,2026-08-13 20:40:00+00:00,0,0,0,0,True,True,False,24.013776489613587,-47.94644358694048,2.2837684446947804,4.045468600703136,0.09200135503679352,0.06447804348575634,0.025296383398045387,on,connected,True,synthetic_device_spec_v11
synthetic_customer_000,cabinet_000,2026-08-13 20:50:00+00:00,0,0,0,0,True,True,False,24.13533064204105,-46.96054643798705,2.1944021667067157,4.086151908310603,0.4954697664642983,0.0,0.010515210026669001,on,connected,True,synthetic_device_spec_v11
synthetic_customer_000,cabinet_000,2026-08-13 21:00:00+00:00,0,0,0,0,True,True,False,23.909782106789624,-48.31895432514268,2.2025749045863967,3.9481193558785495,0.0,0.03601805309565354,0.005011889906961122,on,connected,True,synthetic_device_spec_v11
synthetic_customer_000,cabinet_000,2026-08-13 21:10:00+00:00,0,0,0,0,True,True,False,23.92588393245332,-47.848238620598444,2.2075069004647925,4.09563419845127,0.923010365367786,0.008852949337701086,0.0,on,connected,True,synthetic_device_spec_v11
synthetic_customer_000,cabinet_000,2026-08-13 21:20:00+00:00,0,0,0,0,True,True,False,23.967466210040893,-48.08481118451514,2.310291066224501,4.019682804953887,0.0,0.010864719409050809,0.0231444375543771,on,connected,True,synthetic_device_spec_v11
synthetic_customer_000,cabinet_000,2026-08-13 21:30:00+00:00,0,0,0,0,True,True,False,24.097838173058506,-47.50191946347685,2.2130317251065224,4.055683005147872,0.7779679513642167,0.0,0.017386449784648716,on,connected,True,synthetic_device_spec_v11
synthetic_customer_000,cabinet_000,2026-08-13 21:40:00+00:00,0,0,0,0,True,True,False,24.135064321378184,-47.339172037584966,2.1954227055095874,4.057842955796805,0.05580820585148884,0.002418352391169697,0.0,on,connected,True,synthetic_device_spec_v11
synthetic_customer_000,cabinet_000,2026-08-13 21:50:00+00:00,0,0,0,0,True,True,False,23.923537686868496,-47.861080791242756,2.1362372494545596,4.034148267068762,0.0,0.005573831241235852,0.0,on,connected,True,synthetic_device_spec_v11
synthetic_customer_000,cabinet_000,2026-08-13 22:00:00+00:00,0,0,0,0,True,True,False,24.065012593237036,-47.215037337426246,2.938195498502439,4.059615526355514,0.0,0.008886415095619191,0.008610694582413569,on,connected,True,synthetic_device_spec_v11
synthetic_customer_000,cabinet_000,2026-08-13 22:10:00+00:00,0,0,0,0,True,True,False,24.246589632690473,-47.99050264436644,3.011120606487013,3.9725082522153032,0.29194294254844533,0.0,0.006033098041856557,on,connected,True,synthetic_device_spec_v11
synthetic_customer_000,cabinet_000,2026-08-13 22:20:00+00:00,0,0,0,0,True,True,False,23.966193967035476,-45.84897298360174,3.0888154223948514,3.943162132025736,0.2371875886675359,0.005454464629389539,0.0,on,connected,True,synthetic_device_spec_v11
synthetic_customer_000,cabinet_000,2026-08-13 22:30:00+00:00,0,0,0,0,True,True,False,23.82578636620632,-46.49763949012987,2.963046133327201,3.9663236704762257,0.0,0.0,0.0,on,connected,True,synthetic_device_spec_v11
synthetic_customer_000,cabinet_000,2026-08-13 22:40:00+00:00,0,0,0,0,True,True,False,24.026419361517263,-48.55367506020778,3.026060638384941,4.008215396895128,0.0,0.0008430754058949219,0.011679125655804734,on,connected,True,synthetic_device_spec_v11
synthetic_customer_000,cabinet_000,2026-08-13 22:50:00+00:00,0,0,0,0,True,True,False,23.749949804542858,-48.39881458102522,3.0080162700506863,3.964320388372508,0.0,0.0,0.026536139220332277,on,connected,True,synthetic_device_spec_v11
synthetic_customer_000,cabinet_000,2026-08-13 23:00:00+00:00,0,0,0,0,True,True,False,24.19943074224719,-49.12132155939423,2.9905787581829295,4.098803412798737,0.0,0.0,0.005961881039229701,on,connected,True,synthetic_device_spec_v11
synthetic_customer_000,cabinet_000,2026-08-13 23:10:00+00:00,0,0,0,0,True,True,False,24.336926480046824,-47.73093953767409,2.988020270359541,4.042002594083864,1.0478543569078063,0.002273813117592154,0.0,on,connected,True,synthetic_device_spec_v11
synthetic_customer_000,cabinet_000,2026-08-13 23:20:00+00:00,0,0,0,0,True,True,False,24.101352544052034,-49.58321351484774,3.032088384386336,3.989130679404197,0.0,0.0,0.03823057848752058,on,connected,True,synthetic_device_spec_v11
synthetic_customer_000,cabinet_000,2026-08-13 23:30:00+00:00,0,0,0,0,True,True,False,24.106352402091847,-47.277557465892684,2.924530785316053,3.8639276729183614,0.09539238702371348,0.0,0.0,on,connected,True,synthetic_device_spec_v11
synthetic_customer_000,cabinet_000,2026-08-13 23:40:00+00:00,0,0,0,0,True,True,False,24.033166128814287,-47.04238766671549,2.9998957947399707,3.988451389566383,0.0,0.0,0.019660989154289956,on,connected,True,synthetic_device_spec_v11
synthetic_customer_000,cabinet_000,2026-08-13 23:50:00+00:00,0,0,0,0,True,True,False,24.03470351943416,-48.79134470743672,3.0560365172316737,4.026029891896842,0.8135629274149078,0.019675339486795933,0.0,on,connected,True,synthetic_device_spec_v11
synthetic_customer_000,cabinet_000,2026-08-14 00:00:00+00:00,0,0,0,0,True,True,False,24.026275942504096,-49.30125420471411,3.07275583928195,4.081453672160587,0.6838751459759584,0.0,0.0,on,connected,True,synthetic_device_spec_v11
synthetic_customer_000,cabinet_000,2026-08-14 00:10:00+00:00,1,1,1,1,True,True,False,24.17009651084559,-48.84286025170542,3.1012791009147667,4.103275054402689,0.26718672291860474,0.05100661393442385,0.0,on,connected,True,synthetic_device_spec_v11
synthetic_customer_000,cabinet_000,2026-08-14 00:20:00+00:00,1,1,1,1,True,True,False,24.047625133118647,-47.44891918185394,3.0289985639929955,4.045635979721198,0.9510569952485077,0.0,0.0,on,connected,True,synthetic_device_spec_v11
synthetic_customer_000,cabinet_000,2026-08-14 00:30:00+00:00,1,1,1,1,True,True,False,24.066427248440085,-49.41164510768892,2.981448647143729,3.961952105273724,0.3902814878068155,0.0,0.0,on,connected,True,synthetic_device_spec_v11
synthetic_customer_000,cabinet_000,2026-08-14 00:40:00+00:00,0,0,0,0,True,True,False,24.1319007463205,-47.75177567717813,3.0652358116626104,4.099383558002255,0.16506211658262962,0.008733223045876369,0.0,on,connected,True,synthetic_device_spec_v11
synthetic_customer_000,cabinet_000,2026-08-14 00:50:00+00:00,0,0,0,0,True,True,False,23.747839253649293,-48.37369708892215,3.08082591686318,4.08173046318736,0.0,0.016584094215785865,0.0,on,connected,True,synthetic_device_spec_v11
synthetic_customer_000,cabinet_000,2026-08-14 01:00:00+00:00,0,0,0,0,True,True,False,23.823465675732464,-48.60974400835304,3.0484705068482043,3.9305810317409633,1.6042162258254624,0.048329972345551836,0.0,on,connected,True,synthetic_device_spec_v11
synthetic_customer_000,cabinet_000,2026-08-14 01:10:00+00:00,0,0,0,0,True,True,False,24.155136751040704,-48.55044535586486,2.911561885690567,4.052291751218239,3.4894365212401723,0.0,0.008049747631041583,on,connected,True,synthetic_device_spec_v11
synthetic_customer_000,cabinet_000,2026-08-14 01:20:00+00:00,0,0,0,0,True,True,False,23.932535938987808,-49.60804023886945,2.9930165976517555,4.057606513032375,4.787435470951622,0.049720023976869865,0.015316378692785938,on,connected,True,synthetic_device_spec_v11
synthetic_customer_000,cabinet_000,2026-08-14 01:30:00+00:00,0,0,0,0,True,True,False,23.9353901061109,-49.744664851933194,3.087328773341772,3.8706983449925536,6.590473148681691,0.019237545639391417,0.0,on,connected,True,synthetic_device_spec_v11
synthetic_customer_000,cabinet_000,2026-08-14 01:40:00+00:00,0,0,0,0,True,True,False,24.157415330632794,-46.748064690013635,2.967337631370689,3.957813053029145,9.499282766906783,0.0,0.0,on,connected,True,synthetic_device_spec_v11
synthetic_customer_000,cabinet_000,2026-08-14 01:50:00+00:00,0,0,0,0,True,True,False,23.99970602348516,-48.24279973513237,3.012884118776899,3.9754116898543552,11.847052266290731,0.0,0.02115700465819588,on,connected,True,synthetic_device_spec_v11
synthetic_customer_000,cabinet_000,2026-08-14 02:00:00+00:00,0,0,0,0,True,True,False,24.085390367844813,-48.5457469956136,2.962039396939801,4.044979382144212,13.176354928711602,0.021150953613876852,0.0,on,connected,True,synthetic_device_spec_v11
synthetic_customer_000,cabinet_000,2026-08-14 02:10:00+00:00,0,0,0,0,True,True,False,24.078388803353928,-47.904330464364385,3.0331721750318437,4.054656871319201,16.244329816234316,0.027415992413154358,0.0,on,connected,True,synthetic_device_spec_v11
synthetic_customer_000,cabinet_000,2026-08-14 02:20:00+00:00,0,0,0,0,True,True,False,23.871276880682952,-48.88471208252989,2.975165784757805,3.9488971939537256,17.309741496989847,0.0,0.0,on,connected,True,synthetic_device_spec_v11
synthetic_customer_000,cabinet_000,2026-08-14 02:30:00+00:00,0,0,0,0,True,True,False,24.056044410456288,-50.49962137735053,3.0517957002977867,4.018485923758992,19.58501364017152,0.027687110704556175,0.0173236293464823,on,connected,True,synthetic_device_spec_v11
synthetic_customer_000,cabinet_000,2026-08-14 02:40:00+00:00,0,0,0,0,True,True,False,24.0366201970876,-48.43427696645507,3.080466186531766,3.8949467352627156,21.13569443351826,0.03822601141849465,0.0,on,connected,True,synthetic_device_spec_v11
synthetic_customer_000,cabinet_000,2026-08-14 02:50:00+00:00,0,0,0,0,True,True,False,23.90178163740098,-49.6462320398966,2.962295559665289,4.086178967261626,22.997303548148473,0.024701881778844702,0.0,on,connected,True,synthetic_device_spec_v11
synthetic_customer_000,cabinet_000,2026-08-14 03:00:00+00:00,0,0,0,0,True,True,False,23.922734190737245,-48.230888216997705,3.0148774839873327,4.003303751964705,25.556817189060077,0.008378638895908714,0.024588992043115775,on,connected,True,synthetic_device_spec_v11
synthetic_customer_000,cabinet_000,2026-08-14 03:10:00+00:00,0,0,0,0,True,True,False,23.828388333643687,-49.633707263042936,2.9929137054451336,3.8788934300740885,24.72106039596014,0.0,0.0,on,connected,True,synthetic_device_spec_v11
synthetic_customer_000,cabinet_000,2026-08-14 03:20:00+00:00,0,0,0,0,True,True,False,24.113415825436828,-48.48222576931556,3.006668933086205,4.031993645571872,25.525974916528178,0.0,0.00843281947589777,on,connected,True,synthetic_device_spec_v11
synthetic_customer_000,cabinet_000,2026-08-14 03:30:00+00:00,0,0,0,0,True,True,False,24.089311895728766,-47.67225350747956,3.018691523367916,3.977534778326106,24.701298403379745,0.0020355291950571856,0.0,on,connected,True,synthetic_device_spec_v11
synthetic_customer_000,cabinet_000,2026-08-14 03:40:00+00:00,0,0,0,0,True,True,False,23.825450416893858,-48.07913273506025,2.8970151792694314,4.076237499711708,25.336871796399134,0.02263827308563817,0.0,on,connected,True,synthetic_device_spec_v11
synthetic_customer_000,cabinet_000,2026-08-14 03:50:00+00:00,0,0,0,0,True,True,False,23.750202075344518,-48.05002082893172,2.656096701635857,3.987721569739976,25.522945592488956,0.0,0.0,on,connected,True,synthetic_device_spec_v11
synthetic_customer_000,cabinet_000,2026-08-14 04:00:00+00:00,0,0,0,0,True,True,False,24.168027111900848,-48.51938363921648,2.4319672472699314,3.9689500866079173,25.619916053989023,0.00320938519319856,0.02561721774739572,on,connected,True,synthetic_device_spec_v11
synthetic_customer_000,cabinet_000,2026-08-14 04:10:00+00:00,0,0,0,0,True,True,False,23.95254147201437,-48.20131682512976,2.2684472631690027,3.9744116545194297,25.73617935163499,0.0,0.0,on,connected,True,synthetic_device_spec_v11
synthetic_customer_000,cabinet_000,2026-08-14 04:20:00+00:00,0,0,0,0,True,True,False,23.964476381628682,-48.86665749697467,2.0200511772075154,4.125116763022727,24.792151903947154,0.002857669836631821,0.006507263285835393,on,connected,True,synthetic_device_spec_v11
synthetic_customer_000,cabinet_000,2026-08-14 04:30:00+00:00,0,0,0,0,True,True,False,23.907918267033427,-46.74089492369976,1.8814917882383435,4.061976322139121,0.0,0.0,0.019801053427281216,on,connected,True,synthetic_device_spec_v11
synthetic_customer_000,cabinet_000,2026-08-14 04:40:00+00:00,0,0,0,0,True,True,False,24.13066992267934,-49.70873550687211,1.58483087501126,4.088261814612871,0.0,0.0,0.0,on,connected,True,synthetic_device_spec_v11
synthetic_customer_000,cabinet_000,2026-08-14 04:50:00+00:00,0,0,0,0,True,True,False,24.045169165976947,-46.98795261718624,1.45341162184015,4.029545689437318,0.27425502617390063,0.0,0.0,on,connected,True,synthetic_device_spec_v11
synthetic_customer_000,cabinet_000,2026-08-14 05:00:00+00:00,0,0,0,0,True,True,False,23.84534684689639,-47.12157690957079,1.236737643169978,3.9176303779767574,1.725833640352342,0.0,0.024265106849997737,on,connected,True,synthetic_device_spec_v11
synthetic_customer_000,cabinet_000,2026-08-14 05:10:00+00:00,0,0,0,0,True,True,False,24.00703942009335,-48.29645474682719,1.019670656118474,3.9663581890614004,0.0,0.0,0.015153899461034213,on,connected,True,synthetic_device_spec_v11
synthetic_customer_000,cabinet_000,2026-08-14 05:20:00+00:00,0,0,0,0,True,True,False,23.713485276483976,-47.7608202894342,0.9777120504392905,3.9960914872560527,0.0,0.006742324342796218,0.0,on,connected,True,synthetic_device_spec_v11
synthetic_customer_000,cabinet_000,2026-08-14 05:30:00+00:00,0,0,0,0,True,True,False,24.07949410200066,-47.44330302486537,0.9903069358374464,3.9785287674592356,0.29134506726763176,0.0,0.0,on,connected,True,synthetic_device_spec_v11
synthetic_customer_000,cabinet_000,2026-08-14 05:40:00+00:00,0,0,0,0,True,True,False,23.97216537978344,-47.94488176063484,0.9363226468200823,3.997990824860143,0.0,0.054797072932633833,0.0,on,connected,True,synthetic_device_spec_v11
synthetic_customer_000,cabinet_000,2026-08-14 05:50:00+00:00,0,0,0,0,True,True,False,23.817531115479888,-48.44555246820219,0.9403892297936352,3.8987542390453114,0.0,0.0,0.0,on,connected,True,synthetic_device_spec_v11
synthetic_customer_000,cabinet_000,2026-08-14 06:00:00+00:00,0,0,0,0,True,True,False,23.906388400755976,-46.747433385537725,2.9662384766272027,3.9981287212646355,0.0,0.024775478746957333,0.0,on,connected,True,synthetic_device_spec_v11
synthetic_customer_000,cabinet_000,2026-08-14 06:10:00+00:00,1,1,1,1,True,True,False,23.808588096934592,-49.43743076723517,2.9493096241182273,4.052990250467058,0.3727744059713084,0.008149001101804504,0.0,on,connected,True,synthetic_device_spec_v11
synthetic_customer_000,cabinet_000,2026-08-14 06:20:00+00:00,1,1,1,1,True,True,False,24.04389916675647,-48.92533558075768,3.0101535650326614,3.9134405493231386,0.0,0.018249748764032618,0.0,on,connected,True,synthetic_device_spec_v11
synthetic_customer_000,cabinet_000,2026-08-14 06:30:00+00:00,1,1,1,1,True,True,False,24.137483888774273,-48.954576230772524,2.8880734927632217,4.010629002158661,0.3327105799595216,0.013469902482096386,0.0,on,connected,True,synthetic_device_spec_v11
synthetic_customer_000,cabinet_000,2026-08-14 06:40:00+00:00,0,0,0,0,True,True,False,24.12015228527843,-49.29110776149997,3.0303941435743162,4.05092414481136,0.24610332730498705,0.00349509342034494,0.0048867844646834,on,connected,True,synthetic_device_spec_v11
synthetic_customer_000,cabinet_000,2026-08-14 06:50:00+00:00,0,0,0,0,True,True,False,23.90765558647976,-49.30909172860522,3.065438769480881,3.819645217242477,0.0,0.011246854529066028,0.0,on,connected,True,synthetic_device_spec_v11
synthetic_customer_000,cabinet_000,2026-08-14 07:00:00+00:00,0,0,0,0,True,True,False,23.86378665333251,-47.88350230561113,3.0289366308875127,3.9453793936593606,0.8005520953240568,0.0,0.024956462071702205,on,connected,True,synthetic_device_spec_v11
synthetic_customer_000,cabinet_000,2026-08-14 07:10:00+00:00,0,0,0,0,True,True,False,23.91968312622684,-47.768496453791215,3.0559593910786322,4.0379270562059535,0.0,0.0,0.0,on,connected,True,synthetic_device_spec_v11
synthetic_customer_000,cabinet_000,2026-08-14 07:20:00+00:00,0,0,0,0,True,True,False,23.8203222199992,-49.9882865554537,2.9447325217347764,4.027608063948524,0.42695197459597417,0.010654451241316431,0.0225808804659842,on,connected,True,synthetic_device_spec_v11
synthetic_customer_000,cabinet_000,2026-08-14 07:30:00+00:00,0,0,0,0,True,True,False,23.91382860727179,-49.27959979387896,3.0610311832505896,3.9990061837022024,0.0,0.006158611708194978,0.03440310859337096,on,connected,True,synthetic_device_spec_v11
synthetic_customer_000,cabinet_000,2026-08-14 07:40:00+00:00,0,0,0,0,True,True,False,24.04673030650575,-49.348537367381766,3.074769695501508,3.88925011298111,0.0,0.04351422272252407,0.0,on,connected,True,synthetic_device_spec_v11
synthetic_customer_000,cabinet_000,2026-08-14 07:50:00+00:00,0,0,0,0,True,True,False,23.986128372111494,-46.94934338163239,2.988561577396589,3.9514659927511513,0.25426152654475664,0.0,0.0,on,connected,True,synthetic_device_spec_v11
synthetic_customer_000,cabinet_000,2026-08-14 08:00:00+00:00,0,0,0,0,True,True,False,23.860568694852322,-47.66907638599847,3.08446056113858,3.974348170574551,0.0,0.013136511196732545,0.0,on,connected,True,synthetic_device_spec_v11
synthetic_customer_000,cabinet_000,2026-08-14 08:10:00+00:00,0,0,0,0,True,True,False,23.92043778541109,-47.84662986155164,2.9876765807954735,3.9595417135890205,0.8388200874256787,0.0016087994110006326,0.019503364765252055,on,connected,True,synthetic_device_spec_v11
synthetic_customer_000,cabinet_000,2026-08-14 08:20:00+00:00,0,0,0,0,True,True,False,24.052605588740605,-48.44263870760123,2.9959550531839407,3.940240426364784,0.5006598584808111,0.011132671890490458,0.0,on,connected,True,synthetic_device_spec_v11
synthetic_customer_000,cabinet_000,2026-08-14 08:30:00+00:00,0,0,0,0,True,True,False,23.86962297808369,-49.16900365841084,3.050805201177495,3.9570638514641683,0.08529943235691106,0.0,0.020852030671151014,on,connected,True,synthetic_device_spec_v11
synthetic_customer_000,cabinet_000,2026-08-14 08:40:00+00:00,0,0,0,0,True,True,False,24.02286542077422,-45.42102375614404,3.0088819165896314,4.017281334376584,0.0,0.0,0.0,on,connected,True,synthetic_device_spec_v11
synthetic_customer_000,cabinet_000,2026-08-14 08:50:00+00:00,0,0,0,0,True,True,False,23.95270957465316,-46.68994889956326,2.989326877587299,3.969429807625306,0.0,0.015433245579561617,0.0,on,connected,True,synthetic_device_spec_v11
synthetic_customer_000,cabinet_000,2026-08-14 09:00:00+00:00,0,0,0,0,True,True,False,23.85180600197292,-48.240834450399355,3.00255563390798,3.9093075116732625,0.41773536545191775,0.05969446828761408,0.0,on,connected,True,synthetic_device_spec_v11
synthetic_customer_000,cabinet_000,2026-08-14 09:10:00+00:00,0,0,0,0,True,True,False,23.841619959826783,-46.96828492977109,3.04208617775607,4.017360732561938,0.0,0.0,0.009400533865250032,on,connected,True,synthetic_device_spec_v11
synthetic_customer_000,cabinet_000,2026-08-14 09:20:00+00:00,0,0,0,0,True,True,False,24.0097211541898,-48.898926690273896,2.969576199422179,4.027959238492178,0.0,0.03977482534394361,0.007297304331581925,on,connected,True,synthetic_device_spec_v11
synthetic_customer_000,cabinet_000,2026-08-14 09:30:00+00:00,0,0,0,0,True,True,False,24.069808249865307,-47.63120011728722,3.039054021124681,4.017200491130169,0.0,0.0014140348319945399,0.0,on,connected,True,synthetic_device_spec_v11
synthetic_customer_000,cabinet_000,2026-08-14 09:40:00+00:00,0,0,0,0,True,True,False,24.013066473703148,-46.275760450870294,3.0219566901880337,4.011801859160651,0.4573383709184918,0.005272482656643374,0.0,on,connected,True,synthetic_device_spec_v11
synthetic_customer_000,cabinet_000,2026-08-14 09:50:00+00:00,0,0,0,0,True,True,False,23.869034889271028,-47.93593855167173,3.0295629600168295,3.978775379315031,0.06437929806778252,0.0,0.004390891515406022,on,connected,True,synthetic_device_spec_v11
synthetic_customer_000,cabinet_000,2026-08-14 10:00:00+00:00,0,0,0,0,True,True,False,24.159613011246424,-51.092973099296,3.0131598700342037,4.034239060912285,0.0,0.017677993388674148,0.002024058616695052,on,connected,True,synthetic_device_spec_v11
synthetic_customer_000,cabinet_000,2026-08-14 10:10:00+00:00,0,0,0,0,True,True,False,24.00864662383292,-48.82684944053127,3.033058906915282,4.002914989154623,0.3792351425447591,0.0,0.0,on,connected,True,synthetic_device_spec_v11
synthetic_customer_000,cabinet_000,2026-08-14 10:20:00+00:00,0,0,0,0,True,True,False,23.934879178736722,-48.44167387436058,2.9750278094033606,3.971284479960733,0.0,0.002341903026315792,0.0,on,connected,True,synthetic_device_spec_v11
synthetic_customer_000,cabinet_000,2026-08-14 10:30:00+00:00,0,0,0,0,True,True,False,23.95269840934734,-48.14071971527735,2.999550683448856,4.10535205702644,0.0,0.0,0.0,on,connected,True,synthetic_device_spec_v11
synthetic_customer_000,cabinet_000,2026-08-14 10:40:00+00:00,0,0,0,0,True,True,False,24.06024338679381,-47.59309269290633,2.988411462444068,4.062903855888445,0.0,0.0,0.0,on,connected,True,synthetic_device_spec_v11
synthetic_customer_000,cabinet_000,2026-08-14 10:50:00+00:00,0,0,0,0,True,True,False,24.144199623426736,-47.562820006345476,3.0034063182508874,3.99804530924536,0.2579152168885387,0.00046667844326506196,0.0,on,connected,True,synthetic_device_spec_v11
synthetic_customer_000,cabinet_000,2026-08-14 11:00:00+00:00,0,0,0,0,True,True,False,24.067062741955265,-47.10514668446476,2.975941939397904,4.028396857227938,0.0,0.0,0.0033880556308520894,on,connected,True,synthetic_device_spec_v11
synthetic_customer_000,cabinet_000,2026-08-14 11:10:00+00:00,0,0,0,0,True,True,False,24.04928647938675,-47.20431541563598,3.0209201029688817,4.0418136496498045,0.0,0.0413657356591006,0.03560470619365942,on,connected,True,synthetic_device_spec_v11
synthetic_customer_000,cabinet_000,2026-08-14 11:20:00+00:00,0,0,0,0,True,True,False,23.630729281187932,-46.72228879892673,2.993864000562522,3.9804379214129177,0.1653036523501141,0.008334054527776349,0.020509236451782105,on,connected,True,synthetic_device_spec_v11
synthetic_customer_000,cabinet_000,2026-08-14 11:30:00+00:00,0,0,0,0,True,True,False,24.11283651433728,-48.41141549090909,3.0024523030657715,4.099724731376156,0.8497022217051292,0.02566705117628791,0.05759165617372618,on,connected,True,synthetic_device_spec_v11
synthetic_customer_000,cabinet_000,2026-08-14 11:40:00+00:00,0,0,0,0,True,True,False,24.121003710842047,-46.21767249748241,3.015640372421315,4.437129128752807,0.35829747514003835,0.0,0.04701438446784048,on,connected,True,synthetic_device_spec_v11
synthetic_customer_000,cabinet_000,2026-08-14 11:50:00+00:00,0,0,0,0,True,True,False,24.015181149731806,-47.36564221438054,3.0078745497962056,4.737215252795142,0.0,0.0,0.07661904788928987,on,connected,True,synthetic_device_spec_v11
synthetic_customer_000,cabinet_000,2026-08-14 12:00:00+00:00,0,0,0,0,True,True,False,24.05497141893116,-48.011839118848506,2.9075106795339254,4.922911005952447,0.5626377347596909,0.0,0.13155215808075127,on,connected,True,synthetic_device_spec_v11
synthetic_customer_000,cabinet_000,2026-08-14 12:10:00+00:00,1,1,1,1,True,True,False,23.929791212750054,-48.33740398381085,3.0379703584062208,5.21263805659459,0.0,0.022097569776601315,0.1589192330298458,on,connected,True,synthetic_device_spec_v11
synthetic_customer_000,cabinet_000,2026-08-14 12:20:00+00:00,1,1,1,1,True,True,False,23.834960474398446,-46.709303358122725,2.983943686678046,5.433965606524623,0.0,0.0,0.18290620824482937,on,connected,True,synthetic_device_spec_v11
synthetic_customer_000,cabinet_000,2026-08-14 12:30:00+00:00,1,1,1,1,True,True,False,24.094017870374945,-48.827460267041644,2.987890448947082,5.640916771353131,0.0,0.0,0.24563010710603725,on,connected,True,synthetic_device_spec_v11
synthetic_customer_000,cabinet_000,2026-08-14 12:40:00+00:00,0,0,0,0,True,True,False,23.89675396139662,-46.52360945595131,2.9376076858275137,5.983130454118296,0.011953035581657211,0.0,0.277868978670916,on,connected,True,synthetic_device_spec_v11
synthetic_customer_000,cabinet_000,2026-08-14 12:50:00+00:00,0,0,0,0,True,True,False,23.883043369990784,-47.231112370757764,2.937971176452546,6.138219064984554,0.21066306367391407,0.03822988269287674,0.30185813724971494,on,connected,True,synthetic_device_spec_v11
synthetic_customer_000,cabinet_000,2026-08-14 13:00:00+00:00,0,0,0,0,True,True,False,24.157299400214207,-45.819284128062236,3.027912447560017,6.492702710397869,0.0,0.03565279909924911,0.36243535405280347,on,connected,True,synthetic_device_spec_v11
synthetic_customer_000,cabinet_000,2026-08-14 13:10:00+00:00,0,0,0,0,True,True,False,23.910482287000075,-45.46978238915602,2.9692397093343437,6.679272028316913,0.9516183692918472,0.01922858424574189,0.33808919196275866,on,connected,True,synthetic_device_spec_v11
synthetic_customer_000,cabinet_000,2026-08-14 13:20:00+00:00,0,0,0,0,True,True,False,23.748061643257582,-47.27485268941814,3.015489278410693,6.918479221277726,0.38913724050736115,0.0,0.40588031600305813,on,connected,True,synthetic_device_spec_v11
synthetic_customer_000,cabinet_000,2026-08-14 13:30:00+00:00,0,0,0,0,True,True,False,23.816254570418813,-48.88239282243251,2.91846822083367,6.9913470882262745,0.5078472799095659,0.02283943540043396,0.4118930173502796,on,connected,True,synthetic_device_spec_v11
synthetic_customer_000,cabinet_000,2026-08-14 13:40:00+00:00,0,0,0,0,True,True,False,23.958797678384922,-49.230994300101564,2.973035440530977,6.979663570101919,0.0,0.010925659806178118,0.39403370975471347,on,connected,True,synthetic_device_spec_v11
synthetic_customer_000,cabinet_000,2026-08-14 13:50:00+00:00,0,0,0,0,True,True,False,24.07081602237539,-47.02120668111777,2.963693568730249,7.021704959081562,0.0,0.0,0.40552938006413464,on,connected,True,synthetic_device_spec_v11
synthetic_customer_000,cabinet_000,2026-08-14 14:00:00+00:00,0,0,0,0,True,True,False,23.84784758434438,-47.84526457317873,3.0693098605265052,6.9750968514144684,0.0,0.010157815519446325,0.4115423924326877,on,connected,True,synthetic_device_spec_v11
synthetic_customer_000,cabinet_000,2026-08-14 14:10:00+00:00,0,0,0,0,True,True,False,23.934388481149703,-49.41801344195196,2.9810383497786725,3.9269137796325384,0.3831953885911066,0.009960938158926706,0.009113966963494799,on,connected,True,synthetic_device_spec_v11
synthetic_customer_000,cabinet_000,2026-08-14 14:20:00+00:00,0,0,0,0,True,True,False,23.81260381383532,-46.72784523768611,2.960961803712221,4.021313207392417,0.03410689948217333,0.0,0.0,on,connected,True,synthetic_device_spec_v11
synthetic_customer_000,cabinet_000,2026-08-14 14:30:00+00:00,0,0,0,0,True,True,False,24.105358144958725,-48.20620711879361,3.044184835855002,4.033219880809391,0.0,0.0,0.0,on,connected,True,synthetic_device_spec_v11
synthetic_customer_000,cabinet_000,2026-08-14 14:40:00+00:00,0,0,0,0,True,True,False,23.955028378789265,-49.74917162927493,2.960334581921893,3.8716176433226774,0.0,0.0,0.020202325298055508,on,connected,True,synthetic_device_spec_v11
synthetic_customer_000,cabinet_000,2026-08-14 14:50:00+00:00,0,0,0,0,True,True,False,23.952681803283365,-46.707602984749144,2.963797822797001,4.016472311401379,0.4272570407574078,0.0,0.006812242358861797,on,connected,True,synthetic_device_spec_v11
synthetic_customer_000,cabinet_000,2026-08-14 15:00:00+00:00,0,0,0,0,True,True,False,24.035926965445917,-48.05196330992471,3.0367290204649584,3.9433579921905415,0.368293390361284,0.0,0.0,on,connected,True,synthetic_device_spec_v11
synthetic_customer_000,cabinet_000,2026-08-14 15:10:00+00:00,0,0,0,0,True,True,False,23.778055778900494,-48.18280048253012,2.965266539499063,3.973469624540043,0.0,0.029299008738252832,0.05018594355300398,on,connected,True,synthetic_device_spec_v11
synthetic_customer_000,cabinet_000,2026-08-14 15:20:00+00:00,0,0,0,0,True,True,False,23.981223100168833,-48.380961720954424,3.0131779924608653,4.051461100518726,0.0,0.03587861652649817,0.010368166218241874,on,connected,True,synthetic_device_spec_v11
synthetic_customer_000,cabinet_000,2026-08-14 15:30:00+00:00,0,0,0,0,True,True,False,24.13561471989265,-48.9358581459001,2.9336884707807465,3.9900360540686384,0.3114956433740297,0.024851625220636886,0.0,on,connected,True,synthetic_device_spec_v11
synthetic_customer_000,cabinet_000,2026-08-14 15:40:00+00:00,0,0,0,0,True,True,False,24.209617256764197,-48.051895168723874,2.960315395561217,3.9356256988441936,0.0,0.0,0.0,on,connected,True,synthetic_device_spec_v11
synthetic_customer_000,cabinet_000,2026-08-14 15:50:00+00:00,0,0,0,0,True,True,False,24.138824606093532,-48.31196738267306,3.027229387074172,3.884062265220495,0.6234503804895261,0.038794484520072565,0.0,on,connected,True,synthetic_device_spec_v11
synthetic_customer_000,cabinet_000,2026-08-14 16:00:00+00:00,0,0,0,0,True,True,False,23.635069896823346,-48.27445495277983,3.0224253593952937,4.020070509998535,0.5912338354224863,0.027418422199499193,0.0,on,connected,True,synthetic_device_spec_v11
synthetic_customer_000,cabinet_000,2026-08-14 16:10:00+00:00,0,0,0,0,True,True,False,23.34966814431776,-48.272717678167446,2.9121597574122373,3.9320731461624856,0.0,0.0,0.0,on,connected,True,synthetic_device_spec_v11
synthetic_customer_000,cabinet_000,2026-08-14 16:20:00+00:00,0,0,0,0,True,True,False,23.084553092857874,-49.57080800161214,2.998510152907897,4.032642295949091,0.3277778073550552,0.0002705264679488854,0.0,on,connected,True,synthetic_device_spec_v11
synthetic_customer_000,cabinet_000,2026-08-14 16:30:00+00:00,0,0,0,0,True,True,False,22.97223919341405,-50.57867382372084,3.0848059472006644,4.05257602838605,0.6990852341020755,0.0,0.0,on,connected,True,synthetic_device_spec_v11
synthetic_customer_000,cabinet_000,2026-08-14 16:40:00+00:00,0,0,0,0,True,True,False,22.525084501188132,-46.53349316439886,3.0218856222352097,4.073901964151717,0.1634575521936304,0.0,0.0,on,connected,True,synthetic_device_spec_v11
synthetic_customer_000,cabinet_000,2026-08-14 16:50:00+00:00,0,0,0,0,True,True,False,22.250697084703074,-47.84404992438404,3.0074725327791954,4.062369306445427,0.34123601344198556,0.026573371752911003,0.0,on,connected,True,synthetic_device_spec_v11
synthetic_customer_000,cabinet_000,2026-08-14 17:00:00+00:00,0,0,0,0,True,True,False,21.80728330866928,-48.673467452780436,2.9321958664846854,3.952920452534878,0.18049807128154238,0.0,0.0007034623142777671,on,connected,True,synthetic_device_spec_v11
synthetic_customer_000,cabinet_000,2026-08-14 17:10:00+00:00,0,0,0,0,True,True,False,21.326414136720558,-47.704220821425174,3.0156793365083665,3.938325218301451,0.0,4.879161474881485e-05,0.0,on,connected,True,synthetic_device_spec_v11
synthetic_customer_000,cabinet_000,2026-08-14 17:20:00+00:00,0,0,0,0,True,True,False,21.06373198562524,-48.33697441578197,3.001336058679119,3.9451378796601526,0.0,0.024569080118909424,0.0005567722138750808,on,connected,True,synthetic_device_spec_v11
synthetic_customer_000,cabinet_000,2026-08-14 17:30:00+00:00,0,0,0,0,True,True,False,20.84791417023129,-48.0837275219911,2.9972245240906816,4.017251866166499,0.18071962309251322,0.0,0.0033215359572208642,on,connected,True,synthetic_device_spec_v11
synthetic_customer_000,cabinet_000,2026-08-14 17:40:00+00:00,0,0,0,0,True,True,False,20.693245661632155,-47.430018333418495,3.030500830789322,4.0068563958230685,0.0,0.0,0.0,on,connected,True,synthetic_device_spec_v11
synthetic_customer_000,cabinet_000,2026-08-14 17:50:00+00:00,0,0,0,0,True,True,False,20.352297146568194,-48.218515273746675,3.0219631725999494,3.951215250194247,0.0,0.07920000450757955,0.0,on,connected,True,synthetic_device_spec_v11
synthetic_customer_000,cabinet_000,2026-08-14 18:00:00+00:00,0,0,0,0,True,True,False,20.253818529132165,-47.8717823323153,3.0880378457543842,4.003549746656515,0.0,0.0,0.00889820039720647,on,connected,True,synthetic_device_spec_v11
synthetic_customer_000,cabinet_000,2026-08-14 18:10:00+00:00,1,1,1,1,True,True,False,19.751654107389673,-48.59425745233762,3.0844499407103876,3.9541351756029726,0.0,0.0,0.0035211986828258043,on,connected,True,synthetic_device_spec_v11
synthetic_customer_000,cabinet_000,2026-08-14 18:20:00+00:00,1,1,1,1,True,True,False,19.32003219426024,-47.71882166741222,3.030508932424585,4.015663991690038,0.7492317206084772,0.024265143145577733,0.019585361917488824,on,connected,True,synthetic_device_spec_v11
synthetic_customer_000,cabinet_000,2026-08-14 18:30:00+00:00,1,1,1,1,True,True,False,18.95512149382993,-49.89509061273944,2.9905435694877096,3.939996139082905,0.5938161721430981,0.0,0.0016741401248970573,on,connected,True,synthetic_device_spec_v11
synthetic_customer_000,cabinet_000,2026-08-14 18:40:00+00:00,0,0,0,0,True,True,False,18.774744866028794,-48.47709816780612,2.9575759126236867,4.041697986046807,0.2054609025137563,0.02564739486453252,0.004020532369153719,on,connected,True,synthetic_device_spec_v11
synthetic_customer_000,cabinet_000,2026-08-14 19:40:00+00:00,0,0,0,0,True,True,False,24.02346508717504,-49.7218706664847,2.991213393309036,4.112939389543519,0.39647817800246515,0.03334779554163984,0.001132424160391981,on,connected,True,synthetic_device_spec_v11
synthetic_customer_000,cabinet_000,2026-08-14 19:50:00+00:00,0,0,0,0,True,True,False,23.87998499129357,-52.008641211764385,2.974926621252534,4.018683834600363,0.0,0.09332191069657592,0.001988805788304556,on,connected,True,synthetic_device_spec_v11
synthetic_customer_000,cabinet_000,2026-08-14 20:00:00+00:00,0,0,0,0,True,True,False,24.346228095321685,-52.90140259858067,2.98827029619078,4.015584294905938,0.214495078160909,0.13957097526915022,0.0014748041364377226,on,connected,True,synthetic_device_spec_v11
synthetic_customer_000,cabinet_000,2026-08-14 20:10:00+00:00,0,0,0,0,True,True,False,24.18871218030677,-56.591241512402895,3.069614970866233,4.147922307641942,0.13086454959531163,0.1408934456877646,0.0,on,connected,True,synthetic_device_spec_v11
synthetic_customer_000,cabinet_000,2026-08-14 20:20:00+00:00,0,0,0,0,True,True,False,23.99668908299686,-57.624174935905316,2.9430673308735202,3.95061063057467,0.16832319189513956,0.16028741770518912,0.0,on,connected,True,synthetic_device_spec_v11
synthetic_customer_000,cabinet_000,2026-08-14 20:30:00+00:00,0,0,0,0,True,True,False,24.041036715340375,-58.759560593057195,3.036087239599549,3.932744702189959,0.0,0.24877159879283445,0.0044438358982293435,on,connected,True,synthetic_device_spec_v11
synthetic_customer_000,cabinet_000,2026-08-14 20:40:00+00:00,0,0,0,0,True,True,False,24.050151921167817,-63.24637377914999,3.07458078946084,3.998837937392605,0.1397502684915269,0.2407281523466493,0.00146050136931388,on,connected,True,synthetic_device_spec_v11
synthetic_customer_000,cabinet_000,2026-08-14 20:50:00+00:00,0,0,0,0,True,True,False,24.041231560313847,-63.53212638822042,3.029892390787528,3.8838491543774496,0.037082837522544744,0.3123463837821996,0.0,on,connected,True,synthetic_device_spec_v11
synthetic_customer_000,cabinet_000,2026-08-14 21:00:00+00:00,0,0,0,0,True,True,False,24.059869115375967,-66.54168977497385,2.9305835291480036,4.087695553062652,0.4594634022760812,0.36590937584771766,0.001283009592735335,on,connected,True,synthetic_device_spec_v11
synthetic_customer_000,cabinet_000,2026-08-14 21:10:00+00:00,0,0,0,0,True,True,False,24.09320250970694,-69.15091048287466,3.020811248591692,3.8271955319099558,0.8739777341875264,0.3366182578442245,0.03190753639125017,on,connected,True,synthetic_device_spec_v11
synthetic_customer_000,cabinet_000,2026-08-14 21:20:00+00:00,0,0,0,0,True,True,False,24.054410475019694,-71.18051116859678,3.0531364192125023,4.04783099292379,0.16402190680748285,0.4346537822575505,0.0,on,connected,True,synthetic_device_spec_v11
synthetic_customer_000,cabinet_000,2026-08-14 21:30:00+00:00,0,0,0,0,True,True,False,23.875448052994546,-73.0941622016118,3.0338756689266417,4.100510684855625,0.0,0.47607443237553054,0.0,on,connected,True,synthetic_device_spec_v11
synthetic_customer_000,cabinet_000,2026-08-14 21:40:00+00:00,0,0,0,0,True,True,False,24.239975232908414,-75.74862307082479,2.93934789708595,4.064207353704139,0.0,0.5142586749370628,0.012863685474054134,on,connected,True,synthetic_device_spec_v11
synthetic_customer_000,cabinet_000,2026-08-14 21:50:00+00:00,0,0,0,0,True,True,False,24.203975796878353,-77.35769481309686,2.9955679910412925,4.02658901736762,0.255502260573879,0.5716401814413319,0.0011740355244091003,on,connected,True,synthetic_device_spec_v11
synthetic_customer_000,cabinet_000,2026-08-14 22:00:00+00:00,0,0,0,0,True,True,False,23.979502155496032,-80.06153696457552,2.9229995518760297,3.9979712934028426,0.5837913402741443,0.5161430899098863,0.019567048329725518,on,connected,True,synthetic_device_spec_v11
synthetic_customer_000,cabinet_000,2026-08-14 22:10:00+00:00,0,0,0,0,True,True,False,24.058415295606242,-81.49746192686956,2.9358686340960514,4.0334971943333855,0.18527830207774867,0.6356479237299196,0.0,on,connected,True,synthetic_device_spec_v11
synthetic_customer_000,cabinet_000,2026-08-14 22:20:00+00:00,0,0,0,0,True,True,False,24.006914909562457,-84.71459542932374,2.9478793616889076,4.003638764884903,0.10554882700612349,0.6480291473996483,0.0,on,connected,True,synthetic_device_spec_v11
synthetic_customer_000,cabinet_000,2026-08-14 23:00:00+00:00,0,0,0,0,True,True,False,24.072612132274987,-49.30227788444818,2.9754477643041093,3.9343080274426105,0.0,0.0,0.0,on,connected,True,synthetic_device_spec_v11
synthetic_customer_000,cabinet_000,2026-08-14 23:10:00+00:00,0,0,0,0,True,True,False,24.03420315194565,-48.657680222257284,2.997338923335535,3.9945007025270365,0.0,0.017452600047615455,0.0,on,connected,True,synthetic_device_spec_v11
synthetic_customer_000,cabinet_000,2026-08-14 23:20:00+00:00,0,0,0,0,True,True,False,23.996045918104443,-47.085432384778876,3.027189984773111,3.9561532301327054,0.0,0.0,0.013182075283631956,on,connected,True,synthetic_device_spec_v11
synthetic_customer_000,cabinet_000,2026-08-14 23:30:00+00:00,0,0,0,0,True,True,False,24.068029628300394,-46.71042646533529,2.9439650169806177,4.083937168987948,0.016883421456298855,0.0,0.013832002431276146,on,connected,True,synthetic_device_spec_v11
synthetic_customer_000,cabinet_000,2026-08-14 23:40:00+00:00,0,0,0,0,True,True,False,24.015764318278418,-49.51000433035823,3.0055280177562076,3.9520733921377085,0.06418322520272607,0.02191561418985266,0.06221408001138251,on,connected,True,synthetic_device_spec_v11
synthetic_customer_000,cabinet_000,2026-08-14 23:50:00+00:00,0,0,0,0,True,True,False,24.145159313349854,-47.57620732961863,3.0475545586335038,3.9973874874734823,0.0,0.04775665235376913,0.03380118809167273,on,connected,True,synthetic_device_spec_v11
synthetic_customer_000,cabinet_000,2026-08-15 00:00:00+00:00,0,0,0,0,True,True,False,23.887397390710216,-48.684545670750246,3.05207337517043,3.944595968705925,0.0,0.03718340094846293,0.0,on,connected,True,synthetic_device_spec_v11
synthetic_customer_000,cabinet_000,2026-08-15 00:10:00+00:00,1,1,1,1,True,True,False,23.91705750250836,-47.34711131842863,2.993329149160494,3.955256262633993,0.0,0.015984458465273868,0.0,on,connected,True,synthetic_device_spec_v11
synthetic_customer_000,cabinet_000,2026-08-15 00:20:00+00:00,1,1,1,1,True,True,False,23.822883157474475,-48.38150888576607,2.952338827077762,4.083103167825877,0.0,0.008126153534850342,0.017890477843199356,on,connected,True,synthetic_device_spec_v11
synthetic_customer_000,cabinet_000,2026-08-15 00:30:00+00:00,1,1,1,1,True,True,False,24.042693131230912,-47.50943233542683,2.977032967183857,3.9852667509620194,0.0,0.013764672356884645,0.017456585520501337,on,connected,True,synthetic_device_spec_v11
synthetic_customer_000,cabinet_000,2026-08-15 00:40:00+00:00,0,0,0,0,True,True,False,23.968932703128377,-49.25290355891669,2.9911246001608753,3.9898389878548017,0.7932816216166516,0.0,0.019807666685087197,on,connected,True,synthetic_device_spec_v11
synthetic_customer_000,cabinet_000,2026-08-15 00:50:00+00:00,0,0,0,0,True,True,False,24.037459835950035,-46.939418474796064,3.0406406209898837,4.082651077548155,0.0006397576080986212,0.016367749080879956,0.0,on,connected,True,synthetic_device_spec_v11
synthetic_customer_000,cabinet_000,2026-08-15 01:00:00+00:00,0,0,0,0,True,True,False,24.084485043198843,-47.25302919234576,2.924311970539771,3.9429858864040557,0.028070084184445045,0.02522752800149704,0.03699914284497424,on,connected,True,synthetic_device_spec_v11
synthetic_customer_000,cabinet_000,2026-08-15 01:10:00+00:00,0,0,0,0,True,True,False,23.846503055453585,-48.22727340821129,3.0045528621932007,3.866115460840151,1.025229929017224,0.052869418814407335,0.031296242842563125,on,connected,True,synthetic_device_spec_v11
synthetic_customer_000,cabinet_000,2026-08-15 01:20:00+00:00,0,0,0,0,True,True,False,24.064956683777332,-48.54214469194005,2.9847106193039785,3.94793903622572,0.0,0.05979144184510148,0.0,on,connected,True,synthetic_device_spec_v11
synthetic_customer_000,cabinet_000,2026-08-15 01:30:00+00:00,0,0,0,0,True,True,False,23.90181243280482,-46.869973098337695,3.0356116290430046,4.093296494885435,0.0,0.0,0.03729057324846495,on,connected,True,synthetic_device_spec_v11
synthetic_customer_000,cabinet_000,2026-08-15 01:40:00+00:00,0,0,0,0,True,True,False,23.805915891195014,-49.26623789582534,2.9555182491478145,4.028450955288769,0.23155386737194886,0.0,0.02150961521067375,on,connected,True,synthetic_device_spec_v11
synthetic_customer_000,cabinet_000,2026-08-15 01:50:00+00:00,0,0,0,0,True,True,False,24.13667524666861,-47.36975222174446,2.9884340011515493,4.084824173175962,0.02721582955646328,0.007662090089734764,0.009987579385226856,on,connected,True,synthetic_device_spec_v11
synthetic_customer_000,cabinet_000,2026-08-15 02:00:00+00:00,0,0,0,0,True,True,False,23.923368644244768,-48.07281039359465,3.0696010740483666,4.070351518071472,0.0,0.0,0.03896346765596122,on,connected,True,synthetic_device_spec_v11
synthetic_customer_000,cabinet_000,2026-08-15 02:10:00+00:00,0,0,0,0,True,True,False,24.179668291338935,-47.38771048911915,3.1212649004575246,3.9728252801891797,0.4476329200337345,0.008231467233434014,0.0,on,connected,True,synthetic_device_spec_v11
synthetic_customer_000,cabinet_000,2026-08-15 02:20:00+00:00,0,0,0,0,True,True,False,23.96322131649945,-49.03727844211912,2.9837527666526067,4.089913919433811,0.579226030620375,0.0,0.0,on,connected,True,synthetic_device_spec_v11
synthetic_customer_000,cabinet_000,2026-08-15 02:30:00+00:00,0,0,0,0,True,True,False,24.141496598594937,-46.759947141361025,3.0258069384525808,3.9741758498925286,0.7275850421209256,0.029186321891522538,0.0,on,connected,True,synthetic_device_spec_v11
synthetic_customer_000,cabinet_000,2026-08-15 02:40:00+00:00,0,0,0,0,True,True,False,23.905788845376716,-48.89009028389039,2.9600750910961535,3.996971600272847,0.0,0.0,0.0,on,connected,True,synthetic_device_spec_v11
synthetic_customer_000,cabinet_000,2026-08-15 02:50:00+00:00,0,0,0,0,True,True,False,24.18847598995414,-47.62613193754263,2.961399525529887,4.058895166973806,0.0,0.0,0.017247355018560322,on,connected,True,synthetic_device_spec_v11
synthetic_customer_000,cabinet_000,2026-08-15 03:00:00+00:00,0,0,0,0,True,True,False,23.85980457580025,-48.03084732841538,3.112884702344301,3.9814393218245794,0.0,0.0,0.0,on,connected,True,synthetic_device_spec_v11
synthetic_customer_000,cabinet_000,2026-08-15 03:10:00+00:00,0,0,0,0,True,True,False,23.84326495836757,-47.28336148176107,2.906760688894476,4.001830693479227,0.8179005066005858,0.04923348672863991,0.0,on,connected,True,synthetic_device_spec_v11
synthetic_customer_000,cabinet_000,2026-08-15 03:20:00+00:00,0,0,0,0,True,True,False,23.86825880612591,-48.276687369109766,2.8231066306631667,3.9958943367673454,0.05006128433563719,0.0,0.0,on,connected,True,synthetic_device_spec_v11
synthetic_customer_000,cabinet_000,2026-08-15 03:30:00+00:00,0,0,0,0,True,True,False,23.72593073713262,-46.86359677802512,2.8551900949341236,4.0197876967598605,0.539335677916777,0.0,0.007226070023129442,on,connected,True,synthetic_device_spec_v11
synthetic_customer_000,cabinet_000,2026-08-15 03:40:00+00:00,0,0,0,0,True,True,False,24.079254851199618,-47.290729503290734,2.765493201922621,3.922726717536317,0.6715674607163188,0.0,0.007443102951214165,on,connected,True,synthetic_device_spec_v11
synthetic_customer_000,cabinet_000,2026-08-15 03:50:00+00:00,0,0,0,0,True,True,False,23.97656048552559,-47.546706954638864,2.733681847006931,4.011678669526692,0.01723103733340165,0.0,0.0,on,connected,True,synthetic_device_spec_v11
synthetic_customer_000,cabinet_000,2026-08-15 04:00:00+00:00,0,0,0,0,True,True,False,24.082176180169398,-47.951094682681564,2.618449477188525,3.938907505473887,0.0,0.007670560725900577,0.008283520290042198,on,connected,True,synthetic_device_spec_v11
synthetic_customer_000,cabinet_000,2026-08-15 04:10:00+00:00,0,0,0,0,True,True,False,24.111671002680737,-47.86571584365208,2.538785040710026,4.061435605649634,1.2441249282046554,0.0,0.0,on,connected,True,synthetic_device_spec_v11
synthetic_customer_000,cabinet_000,2026-08-15 04:20:00+00:00,0,0,0,0,True,True,False,23.98595532538427,-48.44508741680187,2.3449429664573787,3.9251350345873104,0.5118308808240701,0.0,0.0,on,connected,True,synthetic_device_spec_v11
synthetic_customer_000,cabinet_000,2026-08-15 04:30:00+00:00,0,0,0,0,True,True,False,24.091794328627984,-47.70049051434533,2.014130415682992,3.9313319327452656,0.0,0.0,0.0,on,connected,True,synthetic_device_spec_v11
synthetic_customer_000,cabinet_000,2026-08-15 04:40:00+00:00,0,0,0,0,True,True,False,23.98156714549226,-48.6533512570823,1.8964019652962045,3.895044522927482,0.0,0.046200222907019195,0.018449712978344617,on,connected,True,synthetic_device_spec_v11
synthetic_customer_000,cabinet_000,2026-08-15 04:50:00+00:00,0,0,0,0,True,True,False,24.249254025650387,-48.77338033230867,1.6274609266306197,3.977285037216838,0.42850211987337217,0.009768048007512012,0.0,on,connected,True,synthetic_device_spec_v11
synthetic_customer_000,cabinet_000,2026-08-15 05:00:00+00:00,0,0,0,0,True,True,False,23.843190712699386,-48.22378972804675,1.3459625649375373,4.035753145256946,0.11223133955773913,0.02610921823452669,0.0,on,connected,True,synthetic_device_spec_v11
synthetic_customer_000,cabinet_000,2026-08-15 05:10:00+00:00,0,0,0,0,True,True,False,24.037162605911583,-46.306286353291945,1.2008638644826541,3.9859339862539556,0.12444401369154161,0.0353463704950977,0.0,on,connected,True,synthetic_device_spec_v11
synthetic_customer_000,cabinet_000,2026-08-15 05:20:00+00:00,0,0,0,0,True,True,False,24.00253065845417,-46.61962011312007,0.8869281971768762,4.083655140285309,0.0,0.0044090240304906205,0.023666231035669578,on,connected,True,synthetic_device_spec_v11
synthetic_customer_000,cabinet_000,2026-08-15 05:30:00+00:00,0,0,0,0,True,True,False,24.016631387237453,-48.114641800574155,0.7293219693144596,4.009579835199356,0.0,0.0012433025838656292,0.002949322376525341,on,connected,True,synthetic_device_spec_v11
synthetic_customer_000,cabinet_000,2026-08-15 05:40:00+00:00,0,0,0,0,True,True,False,24.117547174236126,-46.297601318254166,0.5989929695638896,4.065407917772427,0.0,0.0,0.0006447805497386816,on,connected,True,synthetic_device_spec_v11
synthetic_customer_000,cabinet_000,2026-08-15 05:50:00+00:00,0,0,0,0,True,True,False,23.903286235504645,-47.38271771191112,0.43537979153206907,4.016740521680124,0.0,0.03580798161340005,0.03481656812709656,on,connected,True,synthetic_device_spec_v11
synthetic_customer_000,cabinet_000,2026-08-15 06:00:00+00:00,0,0,0,0,True,True,False,23.88934114418445,-48.12006559472094,0.19574220056325484,3.9325435474257002,0.29338483370142043,0.03365464680404239,0.02310790005479673,on,connected,True,synthetic_device_spec_v11
synthetic_customer_000,cabinet_000,2026-08-15 06:10:00+00:00,1,1,1,0,True,True,False,23.91391331752087,-47.73061370937075,0.26778954196728383,4.098533714566075,0.32756445369688725,0.0,0.0,on,connected,True,synthetic_device_spec_v11
synthetic_customer_000,cabinet_000,2026-08-15 06:20:00+00:00,1,1,1,0,True,True,False,24.146725807850935,-47.02170571834893,0.13582040895417113,4.036242801678783,0.4827075262903892,0.0,0.008389935083279608,on,connected,True,synthetic_device_spec_v11
synthetic_customer_000,cabinet_000,2026-08-15 06:30:00+00:00,1,1,1,0,True,True,False,24.014037322778574,-47.43018849371421,0.1585483050426289,3.9268158216387756,0.0,0.0,0.0,on,connected,True,synthetic_device_spec_v11
synthetic_customer_000,cabinet_000,2026-08-15 06:40:00+00:00,0,0,0,0,True,True,False,23.90957378136207,-47.64259474490424,0.17076393319490787,3.9751716053537436,0.9765948799044915,0.021633302375584473,0.0,on,connected,True,synthetic_device_spec_v11
synthetic_customer_000,cabinet_000,2026-08-15 06:50:00+00:00,0,0,0,0,True,True,False,24.15012729384536,-46.41396669261755,0.20858721575241299,3.9024225839894764,0.0,0.03978900590975558,0.01002033846956135,on,connected,True,synthetic_device_spec_v11
synthetic_customer_000,cabinet_000,2026-08-15 07:00:00+00:00,0,0,0,0,True,True,False,23.97664403404169,-46.422450921083716,1.0965383250217062,4.013697195863556,0.4200013105733646,0.0,0.0,on,connected,True,synthetic_device_spec_v11
synthetic_customer_000,cabinet_000,2026-08-15 07:10:00+00:00,0,0,0,0,True,True,False,23.994790394342076,-49.904595145689214,2.9266068943409915,3.999136164938215,0.18325855858851964,0.0,0.0,on,connected,True,synthetic_device_spec_v11
synthetic_customer_000,cabinet_000,2026-08-15 07:20:00+00:00,0,0,0,0,True,True,False,23.973423221005934,-46.62685781201194,3.0515921066390037,4.026005353501069,0.11709073929740593,0.038266290675606635,0.0,on,connected,True,synthetic_device_spec_v11
synthetic_customer_000,cabinet_000,2026-08-15 07:30:00+00:00,0,0,0,0,True,True,False,24.041949581600285,-48.603626105886484,2.978387429188299,4.0393022668773675,0.0,0.0,0.0,on,connected,True,synthetic_device_spec_v11
synthetic_customer_000,cabinet_000,2026-08-15 07:40:00+00:00,0,0,0,0,True,True,False,23.954081131840226,-49.62774047214106,3.0318493735697283,4.047138095022428,0.0112979475731716,0.026380424217038286,0.0,on,connected,True,synthetic_device_spec_v11
synthetic_customer_000,cabinet_000,2026-08-15 07:50:00+00:00,0,0,0,0,True,True,False,24.114699257084975,-47.132840233780954,2.97785331836396,4.006435847209203,0.0,0.0,0.0,on,connected,True,synthetic_device_spec_v11
synthetic_customer_000,cabinet_000,2026-08-15 08:00:00+00:00,0,0,0,0,True,True,False,23.956167677515865,-48.39687502822734,3.0585640424169296,3.99336296714877,0.326521779636885,0.03803243180775501,0.020669177005760386,on,connected,True,synthetic_device_spec_v11
synthetic_customer_000,cabinet_000,2026-08-15 08:10:00+00:00,0,0,0,0,True,True,False,24.240869528659534,-49.28437147495802,3.0280535767338552,3.887062488710722,0.0,0.0,0.004595096926264802,on,connected,True,synthetic_device_spec_v11
synthetic_customer_000,cabinet_000,2026-08-15 08:20:00+00:00,0,0,0,0,True,True,False,24.01778025586983,-49.13188413572064,2.957055564041506,4.0815832118728155,0.0,0.0,0.0,on,connected,True,synthetic_device_spec_v11
synthetic_customer_000,cabinet_000,2026-08-15 08:30:00+00:00,0,0,0,0,True,True,False,23.840018046920747,-45.03003850428945,2.9822206488692484,4.015297085344133,0.0,0.003203626695178803,0.026520506641822428,on,connected,True,synthetic_device_spec_v11
synthetic_customer_000,cabinet_000,2026-08-15 08:40:00+00:00,0,0,0,0,True,True,False,23.656548971379355,-49.17170377131898,3.021436606224109,4.036721699945735,0.0,0.0,0.0003116714717392567,on,connected,True,synthetic_device_spec_v11
synthetic_customer_000,cabinet_000,2026-08-15 08:50:00+00:00,0,0,0,0,True,True,False,24.293732475011016,-46.05728595269766,2.9892117946118013,3.962886953065271,1.2440778928213527,0.00538814574058066,0.0,on,connected,True,synthetic_device_spec_v11
synthetic_customer_000,cabinet_000,2026-08-15 09:00:00+00:00,0,0,0,0,True,True,False,24.053716050078684,-48.98215793996162,3.015492431163156,4.0143373651190855,0.0,0.0,0.04653565092737135,on,connected,True,synthetic_device_spec_v11
synthetic_customer_000,cabinet_000,2026-08-15 09:10:00+00:00,0,0,0,0,True,True,False,24.187148348334254,-49.67521958946117,2.9747071899953355,3.9417672673512203,0.04566256329874129,0.021398733195360637,0.005546458319261492,on,connected,True,synthetic_device_spec_v11
synthetic_customer_000,cabinet_000,2026-08-15 09:20:00+00:00,0,0,0,0,True,True,False,23.861291607890127,-48.68920362531571,2.974509537483379,4.039145812242717,0.0,0.0,0.0,on,connected,True,synthetic_device_spec_v11
synthetic_customer_000,cabinet_000,2026-08-15 09:30:00+00:00,0,0,0,0,True,True,False,23.95912340864697,-47.505636560009464,2.9598142173100914,4.059627637422041,0.0,0.018108334126193008,0.0,on,connected,True,synthetic_device_spec_v11
synthetic_customer_000,cabinet_000,2026-08-15 09:40:00+00:00,0,0,0,0,True,True,False,24.042231334380332,-47.556483542229,2.9257815565249308,4.020183299525588,0.0,0.022204799624704112,0.0,on,connected,True,synthetic_device_spec_v11
synthetic_customer_000,cabinet_000,2026-08-15 09:50:00+00:00,0,0,0,0,True,True,False,24.01458699758607,-47.13135817803097,2.959652177141154,4.012994904026552,0.0,0.03130389428329794,0.0,on,connected,True,synthetic_device_spec_v11
synthetic_customer_000,cabinet_000,2026-08-15 10:00:00+00:00,0,0,0,0,True,True,False,23.922612857620887,-48.30217090061737,2.949730260617718,3.9574485487169055,0.34456633857189295,0.0,0.0,on,connected,True,synthetic_device_spec_v11
synthetic_customer_000,cabinet_000,2026-08-15 10:10:00+00:00,0,0,0,0,True,True,False,23.98794395905232,-48.060683380008655,2.991675023339624,3.965393292220866,0.16483189875033522,0.003860290464949396,0.0,on,connected,True,synthetic_device_spec_v11
synthetic_customer_000,cabinet_000,2026-08-15 10:20:00+00:00,0,0,0,0,True,True,False,24.0680453304184,-46.77085069156535,2.9984590328212724,4.058649781381472,0.23096220291435768,0.0,0.0,on,connected,True,synthetic_device_spec_v11
synthetic_customer_000,cabinet_000,2026-08-15 10:30:00+00:00,0,0,0,0,True,True,False,23.959798485650197,-46.25042880446246,2.979396633086868,3.9765365507269053,0.346094261120889,0.004909401674344151,0.0,on,connected,True,synthetic_device_spec_v11
synthetic_customer_000,cabinet_000,2026-08-15 10:40:00+00:00,0,0,0,0,True,True,False,23.945669033693186,-49.4375438050353,3.0010593037338205,3.8781317612814235,0.12614757313999175,0.0,0.0031084300276652825,on,connected,True,synthetic_device_spec_v11
synthetic_customer_000,cabinet_000,2026-08-15 10:50:00+00:00,0,0,0,0,True,True,False,24.1831346118247,-45.91112849454633,2.943028796211721,4.044367273742752,0.17950221610882228,0.005460621808093004,0.0,on,connected,True,synthetic_device_spec_v11
synthetic_customer_000,cabinet_000,2026-08-15 11:00:00+00:00,0,0,0,0,True,True,False,23.99056748311177,-48.00524434786595,2.961017333092197,3.9440347739565014,0.0,0.0,0.0,on,connected,True,synthetic_device_spec_v11
synthetic_customer_000,cabinet_000,2026-08-15 11:10:00+00:00,0,0,0,0,True,True,False,23.787785597665764,-45.91509164315668,2.921537177084894,4.104625791412298,0.0,0.0,0.00861823674729131,on,connected,True,synthetic_device_spec_v11
synthetic_customer_000,cabinet_000,2026-08-15 11:20:00+00:00,0,0,0,0,True,True,False,23.904969675412648,-49.203476768995685,3.00071792935617,4.019673571104203,0.21277941910243142,0.0,0.0,on,connected,True,synthetic_device_spec_v11
synthetic_customer_000,cabinet_000,2026-08-15 11:30:00+00:00,0,0,0,0,True,True,False,23.836888071214393,-47.87065275699482,3.0393233271880686,3.952055175815183,0.07279725147714194,0.0033638156207188383,0.0,on,connected,True,synthetic_device_spec_v11
synthetic_customer_000,cabinet_000,2026-08-15 11:40:00+00:00,0,0,0,0,True,True,False,23.82262635916749,-49.711574854926596,2.9749557699013263,4.021023563255312,0.0,0.0,0.017407168418252295,on,connected,True,synthetic_device_spec_v11
synthetic_customer_000,cabinet_000,2026-08-15 11:50:00+00:00,0,0,0,0,True,True,False,24.26721956528626,-47.68071911062613,3.0310884750506397,3.987556977866025,0.0,0.018000576194351872,0.0,on,connected,True,synthetic_device_spec_v11
synthetic_customer_000,cabinet_000,2026-08-15 12:00:00+00:00,0,0,0,0,True,True,False,24.078931789554975,-48.110662582260154,2.9603508602523276,3.9116432750471066,0.21616316749703843,0.020081299390329287,0.0003872919690279122,on,connected,True,synthetic_device_spec_v11
synthetic_customer_000,cabinet_000,2026-08-15 12:10:00+00:00,1,1,1,1,True,True,False,23.782043389298263,-48.09212103200447,3.0214762957283305,4.093595482711694,0.5883423018003362,0.0,0.0,on,connected,True,synthetic_device_spec_v11
synthetic_customer_000,cabinet_000,2026-08-15 12:20:00+00:00,1,1,1,1,True,True,False,23.86892800604467,-48.893236867479445,3.0113032071856005,3.9436563967267775,0.06567812195875407,0.0,0.0,on,connected,True,synthetic_device_spec_v11
synthetic_customer_000,cabinet_000,2026-08-15 12:30:00+00:00,1,1,1,1,True,True,False,23.86763414775828,-49.21979072371326,3.0011467472737046,3.968001699304701,0.0,0.0,0.03525982220886202,on,connected,True,synthetic_device_spec_v11
synthetic_customer_000,cabinet_000,2026-08-15 12:40:00+00:00,0,0,0,0,True,True,False,23.911832659366695,-46.28770694934241,3.0329765996671405,3.9801161125292936,0.24713978783294055,0.026816480194290712,0.0,on,connected,True,synthetic_device_spec_v11
synthetic_customer_000,cabinet_000,2026-08-15 12:50:00+00:00,0,0,0,0,True,True,False,23.89191691032453,-48.34539153543491,2.969830148788711,4.03010576897072,0.0,0.05923071896745892,0.0077180409758533615,on,connected,True,synthetic_device_spec_v11
synthetic_customer_000,cabinet_000,2026-08-15 13:00:00+00:00,0,0,0,0,True,True,False,24.05386444928435,-47.83132940043553,3.043027346060261,4.141050358112099,0.013185826704281466,0.012633386064750039,0.01976021024329369,on,connected,True,synthetic_device_spec_v11
synthetic_customer_000,cabinet_000,2026-08-15 13:10:00+00:00,0,0,0,0,True,True,False,23.96457923726143,-46.85876235979313,2.9116773692961253,4.023813687783545,0.0426542609268279,0.0,0.0,on,connected,True,synthetic_device_spec_v11
synthetic_customer_000,cabinet_000,2026-08-15 13:20:00+00:00,0,0,0,0,True,True,False,23.936749901527016,-48.02208407116952,2.9548838788028298,3.875081785935328,0.0,0.0,0.0038897378456048473,on,connected,True,synthetic_device_spec_v11
synthetic_customer_000,cabinet_000,2026-08-15 13:30:00+00:00,0,0,0,0,True,True,False,23.886484286267773,-47.48381958542593,2.9955562533826257,3.948979309170836,0.9777526962106384,0.0024823403754235503,0.012132074543039491,on,connected,True,synthetic_device_spec_v11
synthetic_customer_000,cabinet_000,2026-08-15 13:40:00+00:00,0,0,0,0,True,True,False,24.210049956256444,-46.54740316171356,3.0604857091472284,4.001779843075046,0.0,0.008052455383155608,0.0,on,connected,True,synthetic_device_spec_v11
synthetic_customer_000,cabinet_000,2026-08-15 13:50:00+00:00,0,0,0,0,True,True,False,24.17383992131347,-49.176092227243245,2.9910961509274334,3.906244892882555,0.0,0.016544999456741583,0.002790005931346188,on,connected,True,synthetic_device_spec_v11
synthetic_customer_000,cabinet_000,2026-08-15 14:00:00+00:00,0,0,0,0,True,True,False,23.825710240795466,-48.84050041463105,2.9894510707022763,4.066518647805663,0.0,0.01134642258631479,0.0,on,connected,True,synthetic_device_spec_v11
synthetic_customer_000,cabinet_000,2026-08-15 14:10:00+00:00,0,0,0,0,True,True,False,24.085907698256815,-47.182904944132034,3.05502258122848,4.030057091767525,0.0,0.029124169076723567,0.0028215720696092143,on,connected,True,synthetic_device_spec_v11
synthetic_customer_000,cabinet_000,2026-08-15 14:20:00+00:00,0,0,0,0,True,True,False,24.07558435158822,-46.58708609688249,2.9741482745586385,4.019097609249829,0.04743147298756273,0.0,0.01012767962432127,on,connected,True,synthetic_device_spec_v11
synthetic_customer_000,cabinet_000,2026-08-15 14:30:00+00:00,0,0,0,0,True,True,False,23.712827012067038,-49.324479091941946,2.9883347816272816,4.0649478803011165,0.0,0.0,0.02417996575418181,on,connected,True,synthetic_device_spec_v11
synthetic_customer_000,cabinet_000,2026-08-15 14:40:00+00:00,0,0,0,0,True,True,False,24.04341958935585,-48.42565655653102,2.9865151580449734,3.9896069704650903,0.6760596399103951,0.05037732376704758,0.008003133223430487,on,connected,True,synthetic_device_spec_v11
synthetic_customer_000,cabinet_000,2026-08-15 14:50:00+00:00,0,0,0,0,True,True,False,23.906487317881172,-48.058091140040624,2.9950856841674147,3.870459402105412,0.0,0.0,0.0,on,connected,True,synthetic_device_spec_v11
synthetic_customer_000,cabinet_000,2026-08-15 15:00:00+00:00,0,0,0,0,True,True,False,23.93499410154717,-48.89687736309007,3.0848645358694116,4.06141943718025,0.46151717806573006,0.0,0.011718433778012525,on,connected,True,synthetic_device_spec_v11
synthetic_customer_000,cabinet_000,2026-08-15 15:10:00+00:00,0,0,0,0,True,True,False,24.068259043122275,-48.004596688179944,2.986978111735093,3.9793887574942164,0.39149697155420654,0.0,0.0,on,connected,True,synthetic_device_spec_v11
synthetic_customer_000,cabinet_000,2026-08-15 15:20:00+00:00,0,0,0,0,True,True,False,23.96228949055629,-48.77650814039783,2.939521729755858,3.9933929509216957,0.0,0.0,0.00034672708922014995,on,connected,True,synthetic_device_spec_v11
synthetic_customer_000,cabinet_000,2026-08-15 15:30:00+00:00,0,0,0,0,True,True,False,24.157277605685792,-46.71628801921332,3.034128587621285,4.079196988362087,0.0,0.03941194470691123,0.006964308191298207,on,connected,True,synthetic_device_spec_v11
synthetic_customer_000,cabinet_000,2026-08-15 15:40:00+00:00,0,0,0,0,True,True,False,23.84451087203696,-47.72058352087812,2.9468039966674184,4.112974823391414,0.148011623604139,0.0,0.012915867039247032,on,connected,True,synthetic_device_spec_v11
synthetic_customer_000,cabinet_000,2026-08-15 15:50:00+00:00,0,0,0,0,True,True,False,24.074131599782135,-48.481226064349514,3.0237248576543867,4.024166577453401,0.0,0.0,0.0,on,connected,True,synthetic_device_spec_v11
synthetic_customer_000,cabinet_000,2026-08-15 16:00:00+00:00,0,0,0,0,True,True,False,23.73507585996708,-46.93917349426318,3.0285551787836145,3.9998160766892723,0.2315584826880794,0.0,0.0011749694517314445,on,connected,True,synthetic_device_spec_v11
synthetic_customer_000,cabinet_000,2026-08-15 16:10:00+00:00,0,0,0,0,True,True,False,23.881869424998694,-49.657047931369036,3.0008627216621337,3.942029323478121,0.0,0.0010465189729917375,0.017025509054480113,on,connected,True,synthetic_device_spec_v11
synthetic_customer_000,cabinet_000,2026-08-15 16:20:00+00:00,0,0,0,0,True,True,False,24.139673102361808,-48.346544900040286,3.0268316787170106,4.071891737366354,0.2083137428584518,0.0,0.019996992196103847,on,connected,True,synthetic_device_spec_v11
synthetic_customer_000,cabinet_000,2026-08-15 16:30:00+00:00,0,0,0,0,True,True,False,24.021130584553894,-50.89572421294621,3.0482513157354743,3.9602639280044016,1.2719906583402494,0.01280925699442196,0.01003946141680429,on,connected,True,synthetic_device_spec_v11
synthetic_customer_000,cabinet_000,2026-08-15 16:40:00+00:00,0,0,0,0,True,True,False,24.26538055825001,-50.03364059707464,2.9983407849430543,3.9553392849463274,2.027926033754203,0.078058462100943,0.0,on,connected,True,synthetic_device_spec_v11
synthetic_customer_000,cabinet_000,2026-08-15 16:50:00+00:00,0,0,0,0,True,True,False,23.944234263004784,-55.60109288694747,2.996170286752746,3.9783540198446414,4.075442042948711,0.09398367252674,0.009946829224004977,on,connected,True,synthetic_device_spec_v11
synthetic_customer_000,cabinet_000,2026-08-15 17:00:00+00:00,0,0,0,0,True,True,False,24.106996804236807,-53.88931023653204,3.021443455784805,4.041562351654338,4.732246040722218,0.15250335981627552,0.0,on,connected,True,synthetic_device_spec_v11
synthetic_customer_000,cabinet_000,2026-08-15 17:10:00+00:00,0,0,0,0,True,True,False,24.194684421712914,-57.99046739082961,2.98056394716974,4.044956581144347,6.914978977775653,0.15818092006403175,0.0023231054638758056,on,connected,True,synthetic_device_spec_v11
synthetic_customer_000,cabinet_000,2026-08-15 17:20:00+00:00,0,0,0,0,True,True,False,23.969652379125737,-59.54616556383644,3.081244111583207,3.9981551855628386,7.091202406041528,0.21554138114593172,0.022744411137750324,on,connected,True,synthetic_device_spec_v11
synthetic_customer_000,cabinet_000,2026-08-15 17:30:00+00:00,0,0,0,0,True,True,False,24.124420632611425,-60.127912934225954,3.0338897560906486,4.028354154268595,9.249138839351568,0.2288787906821325,0.0,on,connected,True,synthetic_device_spec_v11
synthetic_customer_000,cabinet_000,2026-08-15 17:40:00+00:00,0,0,0,0,True,True,False,24.006486969516203,-61.7663433715554,2.9655251706314942,4.050171221198571,10.712111224600424,0.26827895489580766,0.0,on,connected,True,synthetic_device_spec_v11
synthetic_customer_000,cabinet_000,2026-08-15 17:50:00+00:00,0,0,0,0,True,True,False,23.75091636237399,-64.25030495546454,3.0117603876220285,4.064838668062944,11.569147422736155,0.2880739376551446,0.031166739813058213,on,connected,True,synthetic_device_spec_v11
synthetic_customer_000,cabinet_000,2026-08-15 18:00:00+00:00,0,0,0,0,True,True,False,23.895654370870396,-64.9556058509991,3.021073463549437,3.891759772553289,12.967557576503136,0.34072494716493434,0.023418078758143585,on,connected,True,synthetic_device_spec_v11
synthetic_customer_000,cabinet_000,2026-08-15 18:10:00+00:00,1,1,1,1,True,True,False,23.98360201077693,-68.22335554140295,2.9882567650581797,4.028005933341399,14.518920293054748,0.3288644768111035,0.0,on,connected,True,synthetic_device_spec_v11
synthetic_customer_000,cabinet_000,2026-08-15 18:20:00+00:00,1,1,1,1,True,True,False,24.00187532233705,-69.6231754765479,3.093993960167338,4.02824675646709,15.794237500272201,0.39737194427281103,0.0,on,connected,True,synthetic_device_spec_v11
synthetic_customer_000,cabinet_000,2026-08-15 18:30:00+00:00,1,1,1,1,True,True,False,24.03162005957057,-69.47318440753892,3.0725948590496817,3.9540829555995725,17.0717109038147,0.41677715484574696,0.0206556863486691,on,connected,True,synthetic_device_spec_v11
synthetic_customer_000,cabinet_000,2026-08-15 18:40:00+00:00,0,0,0,0,True,True,False,24.11867030963962,-74.61879376347304,3.001677668081554,3.9962615584667964,17.777529203441656,0.4183584062565194,0.0033088927001584537,on,connected,True,synthetic_device_spec_v11
synthetic_customer_000,cabinet_000,2026-08-15 18:50:00+00:00,0,0,0,0,True,True,False,24.018859914673442,-75.06104220896964,2.957897283526143,4.017972408212424,19.065282419161747,0.4948288610595717,0.0433320092865508,on,connected,True,synthetic_device_spec_v11
synthetic_customer_000,cabinet_000,2026-08-15 19:00:00+00:00,0,0,0,0,True,True,False,24.30639951019141,-77.1267560175078,2.996063110574574,3.977170736317588,20.987001598476443,0.5272522642698387,0.025528212565762282,on,connected,True,synthetic_device_spec_v11
synthetic_customer_000,cabinet_000,2026-08-15 19:10:00+00:00,0,0,0,0,True,True,False,24.121777844251007,-79.86273876682658,3.0083322116282485,3.981469239141048,22.400094619808428,0.5617580980105251,0.01752365426124602,on,connected,True,synthetic_device_spec_v11
synthetic_customer_000,cabinet_000,2026-08-15 19:20:00+00:00,0,0,0,0,True,True,False,23.847363282308223,-80.40151176696601,2.9996647744380116,4.011245913161896,23.701246396464573,0.5990857004241287,0.0,on,connected,True,synthetic_device_spec_v11
synthetic_customer_000,cabinet_000,2026-08-15 19:30:00+00:00,0,0,0,0,True,True,False,24.049273494574514,-81.05762267750178,3.011823162501248,3.969729087779803,24.73163997782013,0.6750739458470595,0.0,on,connected,True,synthetic_device_spec_v11
synthetic_customer_000,cabinet_000,2026-08-15 19:40:00+00:00,0,0,0,0,True,True,False,24.138625770645504,-84.67008679594122,3.018840753755915,3.9052362716747555,24.99295358825078,0.6758600106021995,0.022690286071294054,on,connected,True,synthetic_device_spec_v11
synthetic_customer_000,cabinet_000,2026-08-15 21:10:00+00:00,0,0,0,0,True,True,False,23.90669064648187,-48.98071841862221,2.992599427947838,4.069437379753747,0.0,0.01943804251469526,0.0,on,connected,True,synthetic_device_spec_v11
synthetic_customer_000,cabinet_000,2026-08-15 21:20:00+00:00,0,0,0,0,True,True,False,24.00025907099775,-49.88624922089685,2.973168487523346,4.1046451490923594,0.0,0.0,0.0243005686228945,on,connected,True,synthetic_device_spec_v11
synthetic_customer_000,cabinet_000,2026-08-15 21:30:00+00:00,0,0,0,0,True,True,False,23.997524170260927,-47.57896546813154,2.9481399899147025,4.0162512484473165,0.9885613840691339,0.0,0.0,on,connected,True,synthetic_device_spec_v11
synthetic_customer_000,cabinet_000,2026-08-15 21:40:00+00:00,0,0,0,0,True,True,False,23.884054432263913,-47.070532770056346,2.8982838464235487,3.9421561472593245,0.20557359976752576,0.0,0.0,on,connected,True,synthetic_device_spec_v11
synthetic_customer_000,cabinet_000,2026-08-15 21:50:00+00:00,0,0,0,0,True,True,False,24.043841198783294,-48.56701090124153,3.0055955163599246,3.922365215644137,0.12283327189796733,0.00509629149476924,0.012243128183806563,on,connected,True,synthetic_device_spec_v11
synthetic_customer_000,cabinet_000,2026-08-15 22:00:00+00:00,0,0,0,0,True,True,False,23.875186228496613,-48.13832956693968,2.9608765654739666,4.017631964110791,0.30529912337115905,0.0,0.015028948619697642,on,connected,True,synthetic_device_spec_v11
synthetic_customer_000,cabinet_000,2026-08-15 22:10:00+00:00,0,0,0,0,True,True,False,23.87196832049779,-47.62739746515667,2.973586128973941,4.100152174050214,0.2046775856172159,0.011327884149084148,0.0,on,connected,True,synthetic_device_spec_v11
synthetic_customer_000,cabinet_000,2026-08-15 22:20:00+00:00,0,0,0,0,True,True,False,24.085291914621692,-46.86507623676192,3.112999880788532,3.9805064662797416,0.10332615504346643,0.0,0.019361802450886822,on,connected,True,synthetic_device_spec_v11
synthetic_customer_000,cabinet_000,2026-08-15 22:30:00+00:00,0,0,0,0,True,True,False,24.109367167222555,-47.65294664467722,2.963446684210319,4.046377871848557,0.12569781851513073,0.0040247309788828955,0.013160128724147168,on,connected,True,synthetic_device_spec_v11
synthetic_customer_000,cabinet_000,2026-08-15 22:40:00+00:00,0,0,0,0,True,True,False,23.923885496236963,-46.552081779377374,2.9751628833053414,3.975307483127302,0.0,0.024978873838993696,0.011754892384392101,on,connected,True,synthetic_device_spec_v11
synthetic_customer_000,cabinet_000,2026-08-15 22:50:00+00:00,0,0,0,0,True,True,False,23.889609028689687,-49.19873393006921,3.019182199961404,4.071416072237465,0.0,0.006180827378248994,0.014582769200517341,on,connected,True,synthetic_device_spec_v11
synthetic_customer_000,cabinet_000,2026-08-15 23:00:00+00:00,0,0,0,0,True,True,False,23.8411932457789,-46.28610238068845,2.93258583389107,3.9773562211347793,0.3132172528833077,0.0,0.0,on,connected,True,synthetic_device_spec_v11
synthetic_customer_000,cabinet_000,2026-08-15 23:10:00+00:00,0,0,0,0,True,True,False,23.92527297016071,-49.261873199395836,3.0435279149233905,4.056765962771511,0.40480983212894783,0.0,0.0,on,connected,True,synthetic_device_spec_v11
synthetic_customer_000,cabinet_000,2026-08-15 23:20:00+00:00,0,0,0,0,True,True,False,24.222187736350797,-49.86112095325418,2.9993304086011277,4.020024072900635,0.0,0.0,0.0,on,connected,True,synthetic_device_spec_v11
synthetic_customer_000,cabinet_000,2026-08-15 23:30:00+00:00,0,0,0,0,True,True,False,24.05683599493716,-48.58117460449576,3.028933317178064,3.9511552598279893,0.1421054663904924,0.01584102565929171,0.0,on,connected,True,synthetic_device_spec_v11
synthetic_customer_000,cabinet_000,2026-08-15 23:40:00+00:00,0,0,0,0,True,True,False,23.94390892443404,-47.768089551912354,2.978849097515401,3.958447726772855,0.10313398565274291,0.0,0.011853282405696514,on,connected,True,synthetic_device_spec_v11
synthetic_customer_000,cabinet_000,2026-08-15 23:50:00+00:00,0,0,0,0,True,True,False,23.88996798512966,-48.73310949139344,2.9973960763913134,4.042569419000694,0.0,0.0,0.018514302755196794,on,connected,True,synthetic_device_spec_v11
synthetic_customer_000,cabinet_000,2026-08-16 00:00:00+00:00,0,0,0,0,True,True,False,23.989277048266295,-48.52997359672192,2.97855582360973,4.010343260959597,0.0,0.05468786552957222,0.00397029135826853,on,connected,True,synthetic_device_spec_v11
synthetic_customer_000,cabinet_000,2026-08-16 00:10:00+00:00,1,1,1,1,True,True,False,23.988375548010104,-49.15237447103454,3.0415549433974522,3.972191062030087,0.018965682858069804,0.0,0.0,on,connected,True,synthetic_device_spec_v11
synthetic_customer_000,cabinet_000,2026-08-16 00:20:00+00:00,1,1,1,1,True,True,False,24.032524549781417,-46.39859213660175,3.0074062629481717,3.969233712786909,0.0,0.024832889255823824,2.453530118175581e-05,on,connected,True,synthetic_device_spec_v11
synthetic_customer_000,cabinet_000,2026-08-16 00:30:00+00:00,1,1,1,1,True,True,False,24.021276821923617,-48.888224860396974,3.0300755968546658,4.091261932801186,0.37813413560890596,0.027785845862432802,0.023220718017911583,on,connected,True,synthetic_device_spec_v11
synthetic_customer_000,cabinet_000,2026-08-16 00:40:00+00:00,0,0,0,0,True,True,False,23.730756772898246,-46.51830050609775,2.980179982579235,4.142080490737292,0.01871536070973592,0.0,0.011052034477299216,on,connected,True,synthetic_device_spec_v11
synthetic_customer_000,cabinet_000,2026-08-16 00:50:00+00:00,0,0,0,0,True,True,False,24.30752820274297,-47.565485031474196,3.0014539154855453,3.978945950995151,0.5743829205939528,0.01206997939992187,0.0,on,connected,True,synthetic_device_spec_v11
synthetic_customer_000,cabinet_000,2026-08-16 01:00:00+00:00,0,0,0,0,True,True,False,23.992472345261938,-48.46738960127089,2.9883004539003393,3.8848911396190573,0.6334462650642209,0.0,0.02699028857983135,on,connected,True,synthetic_device_spec_v11
synthetic_customer_000,cabinet_000,2026-08-16 01:10:00+00:00,0,0,0,0,True,True,False,24.00504427175137,-47.47117292645771,2.9097435990135976,3.9047585102480853,0.444265287746329,0.0001584186401210143,0.0001632860579905195,on,connected,True,synthetic_device_spec_v11
synthetic_customer_000,cabinet_000,2026-08-16 01:20:00+00:00,0,0,0,0,True,True,False,24.06430331412852,-47.75997789611234,2.944939572045686,4.028504805537114,0.0,0.010763645341093288,0.0,on,connected,True,synthetic_device_spec_v11
synthetic_customer_000,cabinet_000,2026-08-16 01:30:00+00:00,0,0,0,0,True,True,False,24.295280256568745,-48.297077085871535,2.8427269126912242,4.024031474293761,0.5766053759486637,0.044276379193135054,0.010313305749577825,on,connected,True,synthetic_device_spec_v11
synthetic_customer_000,cabinet_000,2026-08-16 01:40:00+00:00,0,0,0,0,True,True,False,23.989321083624933,-48.12139274528372,2.8038067185445974,4.077160762108591,0.1919751427421215,0.0,0.0,on,connected,True,synthetic_device_spec_v11
synthetic_customer_000,cabinet_000,2026-08-16 01:50:00+00:00,0,0,0,0,True,True,False,23.79732812730663,-47.16769082605528,2.7372585481203617,3.989011343802749,0.006411898840124534,0.0,0.006178476479218655,on,connected,True,synthetic_device_spec_v11
synthetic_customer_000,cabinet_000,2026-08-16 02:00:00+00:00,0,0,0,0,True,True,False,24.140929993059018,-48.52060090254827,2.7393104263452064,4.066404247603402,0.0,0.0,0.016255102252303106,on,connected,True,synthetic_device_spec_v11
synthetic_customer_000,cabinet_000,2026-08-16 02:10:00+00:00,0,0,0,0,True,True,False,23.75815172625176,-48.58691570072127,2.6879552322543385,3.874913026601566,0.0,0.0,0.003739306706450578,on,connected,True,synthetic_device_spec_v11
synthetic_customer_000,cabinet_000,2026-08-16 02:20:00+00:00,0,0,0,0,True,True,False,23.98942157572482,-48.83848961932486,2.6223946560545355,3.9864500062880577,0.0,0.0,0.0,on,connected,True,synthetic_device_spec_v11
synthetic_customer_000,cabinet_000,2026-08-16 02:30:00+00:00,0,0,0,0,True,True,False,24.297180130197084,-48.608174341146416,2.6105814308341952,4.430239151950738,0.042774315206456685,0.0,0.018257050048657672,on,connected,True,synthetic_device_spec_v11
synthetic_customer_000,cabinet_000,2026-08-16 02:40:00+00:00,0,0,0,0,True,True,False,24.13395753853455,-47.76110307223513,2.5558972098169965,4.349408513289485,0.0,0.0,0.06811992830613915,on,connected,True,synthetic_device_spec_v11
synthetic_customer_000,cabinet_000,2026-08-16 02:50:00+00:00,0,0,0,0,True,True,False,24.043828964261138,-48.73170474688779,2.5437136716265845,4.616587111626062,0.9222386324548411,0.0,0.11331026161728697,on,connected,True,synthetic_device_spec_v11
synthetic_customer_000,cabinet_000,2026-08-16 03:00:00+00:00,0,0,0,0,True,True,False,23.742811155893126,-48.24871333522616,2.558031047810077,4.803788006944912,0.0,0.0,0.10009883042028597,on,connected,True,synthetic_device_spec_v11
synthetic_customer_000,cabinet_000,2026-08-16 03:10:00+00:00,0,0,0,0,True,True,False,24.235622146186028,-48.334729434621245,2.4175035094355724,5.030601792833595,0.0,0.0,0.11372616609050668,on,connected,True,synthetic_device_spec_v11
synthetic_customer_000,cabinet_000,2026-08-16 03:20:00+00:00,0,0,0,0,True,True,False,24.04122520768296,-47.17083351462141,2.412230926068503,5.2473546619090286,0.0,0.0,0.1445847607166395,on,connected,True,synthetic_device_spec_v11
synthetic_customer_000,cabinet_000,2026-08-16 03:30:00+00:00,0,0,0,0,True,True,False,23.71625445771333,-48.30159468374505,2.335405264686909,5.359567467792744,0.0,0.0,0.1857270090035274,on,connected,True,synthetic_device_spec_v11
synthetic_customer_000,cabinet_000,2026-08-16 03:40:00+00:00,0,0,0,0,True,True,False,24.121465578451392,-48.38355775206433,2.2607151986994793,5.406841816097384,0.0,0.009611531964593772,0.1890203384468308,on,connected,True,synthetic_device_spec_v11
synthetic_customer_000,cabinet_000,2026-08-16 03:50:00+00:00,0,0,0,0,True,True,False,24.070686902232236,-48.68564318991661,2.3185371641290557,5.6492469072436595,0.18601278304885663,0.0,0.2374620350198818,on,connected,True,synthetic_device_spec_v11
synthetic_customer_000,cabinet_000,2026-08-16 04:00:00+00:00,0,0,0,0,True,True,False,23.797964714069543,-49.19442302449618,2.243891197034504,5.799347050609926,0.1904901406583598,0.040395662722418915,0.2401786457888696,on,connected,True,synthetic_device_spec_v11
synthetic_customer_000,cabinet_000,2026-08-16 04:10:00+00:00,0,0,0,0,True,True,False,23.94719346188527,-48.38115750962051,2.147847818574206,6.024056712253097,0.1218149192587183,0.0,0.30626238873344824,on,connected,True,synthetic_device_spec_v11
synthetic_customer_000,cabinet_000,2026-08-16 04:20:00+00:00,0,0,0,0,True,True,False,24.11800836632503,-48.842151898301914,2.1696610759229435,6.2601684160710525,0.0,0.0070176054921297516,0.2961508046121245,on,connected,True,synthetic_device_spec_v11
synthetic_customer_000,cabinet_000,2026-08-16 04:30:00+00:00,0,0,0,0,True,True,False,23.964874781135208,-48.6584249807196,2.2297539161877125,6.2995334503984,0.0,0.0,0.3200049467123295,on,connected,True,synthetic_device_spec_v11
synthetic_customer_000,cabinet_000,2026-08-16 04:40:00+00:00,0,0,0,0,True,True,False,24.153624614475863,-46.68632579506924,2.1565981143511044,6.470845400325104,0.0,0.034321128333400945,0.326667497362218,on,connected,True,synthetic_device_spec_v11
synthetic_customer_000,cabinet_000,2026-08-16 04:50:00+00:00,0,0,0,0,True,True,False,24.12469525758007,-47.80624036756743,2.1660832669632852,6.686607049355659,0.3320455146625975,0.015403372053627877,0.36407869247482577,on,connected,True,synthetic_device_spec_v11
synthetic_customer_000,cabinet_000,2026-08-16 05:00:00+00:00,0,0,0,0,True,True,False,24.1015890394519,-48.66977774557859,2.1350754006644483,6.902431892999397,1.0927185060170979,0.0,0.39030678287868026,on,connected,True,synthetic_device_spec_v11
synthetic_customer_000,cabinet_000,2026-08-16 05:10:00+00:00,0,0,0,0,True,True,False,24.20812580589479,-46.25009781236659,2.147119235675853,6.9979270677944,0.0,0.00299638902667586,0.3985777532675342,on,connected,True,synthetic_device_spec_v11
synthetic_customer_000,cabinet_000,2026-08-16 05:20:00+00:00,0,0,0,0,True,True,False,24.10295305760122,-48.58364104058672,2.1804970084926314,6.999542302541449,0.3348017445109324,0.056899549735036685,0.40059185099310074,on,connected,True,synthetic_device_spec_v11
synthetic_customer_000,cabinet_000,2026-08-16 05:30:00+00:00,0,0,0,0,True,True,False,23.918831028870056,-47.98667617435663,2.973477088993752,7.079038664360807,0.0,0.0,0.39023537427213423,on,connected,True,synthetic_device_spec_v11
synthetic_customer_000,cabinet_000,2026-08-16 05:40:00+00:00,0,0,0,0,True,True,False,23.94870152777744,-45.954867332487645,2.958168974198506,7.022667386688992,0.1355095208727718,0.0,0.3982911775427084,on,connected,True,synthetic_device_spec_v11
synthetic_customer_000,cabinet_000,2026-08-16 05:50:00+00:00,0,0,0,0,True,True,False,24.059755739603467,-47.17975931427628,3.033066483848329,6.86030748673384,0.47841417541170733,0.0,0.39892441008245777,on,connected,True,synthetic_device_spec_v11
synthetic_customer_000,cabinet_000,2026-08-16 06:00:00+00:00,0,0,0,0,True,True,False,23.902927881002142,-48.11008446913248,3.010844250145545,7.02037342159279,0.0,0.020633572389663547,0.4062941300876138,on,connected,True,synthetic_device_spec_v11
synthetic_customer_000,cabinet_000,2026-08-16 06:10:00+00:00,0,1,1,0,True,True,False,23.71306372640541,-49.02704222957741,3.0154043034215468,6.98854388313188,0.0,0.00022150320577387823,0.4073753479128849,on,connected,True,synthetic_device_spec_v11
synthetic_customer_000,cabinet_000,2026-08-16 06:20:00+00:00,1,1,1,1,True,True,False,23.256226459197595,-47.25662432952062,2.921272404454254,4.092122358913367,0.0,0.030116887738758577,0.005869250486626275,on,connected,True,synthetic_device_spec_v11
synthetic_customer_000,cabinet_000,2026-08-16 06:30:00+00:00,1,1,1,1,True,True,False,23.132707977104484,-49.34806069114389,3.0086539856036167,3.9439977213044584,0.0,0.014222565335971993,0.0,on,connected,True,synthetic_device_spec_v11
synthetic_customer_000,cabinet_000,2026-08-16 06:40:00+00:00,0,0,0,0,True,True,False,22.592436549047605,-49.27476218053804,3.028821874439867,4.011942054765036,0.0,0.0,0.008466134194361884,on,connected,True,synthetic_device_spec_v11
synthetic_customer_000,cabinet_000,2026-08-16 06:50:00+00:00,0,0,0,0,True,True,False,22.324853162210744,-47.44631398659992,3.005142092401023,3.997227553313748,0.0,0.0,0.0,on,connected,True,synthetic_device_spec_v11
synthetic_customer_000,cabinet_000,2026-08-16 07:00:00+00:00,0,0,0,0,True,True,False,22.186754252607145,-48.009460632894296,3.0119297634565383,4.030237728648891,0.24737485139025048,0.029653578319649987,0.01854716283066598,on,connected,True,synthetic_device_spec_v11
synthetic_customer_000,cabinet_000,2026-08-16 07:10:00+00:00,0,0,0,0,True,True,False,21.937095042431597,-47.62951836380078,3.0421050051070413,3.8734754051772415,0.0,0.018964754730593437,0.0,on,connected,True,synthetic_device_spec_v11
synthetic_customer_000,cabinet_000,2026-08-16 07:20:00+00:00,0,0,0,0,True,True,False,21.57473127644633,-50.27698828049362,3.028576460802521,4.07753951146674,0.0,0.005164147093859878,0.0,on,connected,True,synthetic_device_spec_v11
synthetic_customer_000,cabinet_000,2026-08-16 07:30:00+00:00,0,0,0,0,True,True,False,21.2369340240608,-46.698607357603585,3.0380521566282335,4.03007454347761,0.4491074274262444,0.0,0.0,on,connected,True,synthetic_device_spec_v11
synthetic_customer_000,cabinet_000,2026-08-16 07:40:00+00:00,0,0,0,0,True,True,False,21.216751804688073,-47.22881174419091,3.037693222013434,4.012873034738463,0.6237366458844419,0.0,0.01863646522424733,on,connected,True,synthetic_device_spec_v11
synthetic_customer_000,cabinet_000,2026-08-16 07:50:00+00:00,0,0,0,0,True,True,False,20.936531622571003,-49.23816890963486,3.04005137601795,3.9080390157711746,0.0,0.018909367302310666,0.0,on,connected,True,synthetic_device_spec_v11
synthetic_customer_000,cabinet_000,2026-08-16 08:00:00+00:00,0,0,0,0,True,True,False,20.45480082150057,-49.8997961642992,3.0423934110405173,4.035010393732958,0.4073728802665525,0.0,0.0,on,connected,True,synthetic_device_spec_v11
synthetic_customer_000,cabinet_000,2026-08-16 08:10:00+00:00,0,0,0,0,True,True,False,20.358629050978927,-49.8067997720781,3.0123299254587854,3.920086185290896,0.29805755594769,0.0,0.008624713175495248,on,connected,True,synthetic_device_spec_v11
synthetic_customer_000,cabinet_000,2026-08-16 08:20:00+00:00,0,0,0,0,True,True,False,19.908722497497582,-46.73113215041166,2.9413412358073985,4.03858704409014,1.0048886184831365,0.030563575368939767,0.004186891276964863,on,connected,True,synthetic_device_spec_v11
synthetic_customer_000,cabinet_000,2026-08-16 08:30:00+00:00,0,0,0,0,True,True,False,19.68833390312908,-48.40625544444512,2.984879011911805,3.9620881616529466,0.0,0.0042074451626527174,0.0029588520302669336,on,connected,True,synthetic_device_spec_v11
synthetic_customer_000,cabinet_000,2026-08-16 08:40:00+00:00,0,0,0,0,True,True,False,19.593512530126084,-47.93873424570252,2.926428236908313,4.010584160582429,0.0,0.0,0.0,on,connected,True,synthetic_device_spec_v11
synthetic_customer_000,cabinet_000,2026-08-16 08:50:00+00:00,0,0,0,0,True,True,False,19.07848258645381,-48.007739709572846,2.902344613369703,4.115684196361474,0.5759620058526271,0.04117905839532122,0.0,on,connected,True,synthetic_device_spec_v11
synthetic_customer_000,cabinet_000,2026-08-16 09:00:00+00:00,0,0,0,0,True,True,False,18.845038827517428,-45.68733106480415,3.0317158449905803,3.955490079825933,0.0,0.0,0.013571995939029833,on,connected,True,synthetic_device_spec_v11
synthetic_customer_000,cabinet_000,2026-08-16 09:10:00+00:00,0,0,0,0,True,True,False,18.783385153391656,-48.33246201178622,3.051476838970497,3.946914697892563,0.08770981162537968,0.0,0.0,on,connected,True,synthetic_device_spec_v11
synthetic_customer_000,cabinet_000,2026-08-16 10:00:00+00:00,0,0,0,0,True,True,False,23.916181154421345,-49.14953824658156,2.1685795275121675,3.9796930116519205,0.0,0.016039614270268274,0.013494915372489464,on,connected,True,synthetic_device_spec_v11
synthetic_customer_000,cabinet_000,2026-08-16 10:10:00+00:00,0,0,0,0,True,True,False,23.990626965685575,-48.30494589645909,1.9682203455066654,3.944387998714565,0.4529360756783794,0.0,0.0,on,connected,True,synthetic_device_spec_v11
synthetic_customer_000,cabinet_000,2026-08-16 10:20:00+00:00,0,0,0,0,True,True,False,23.814994605356855,-45.80050281534594,1.8477656543539225,3.965197600991218,0.5246945644417819,0.0,0.03226981521636177,on,connected,True,synthetic_device_spec_v11
synthetic_customer_000,cabinet_000,2026-08-16 10:30:00+00:00,0,0,0,0,True,True,False,24.002075489174374,-48.100853912166116,1.5186921254003078,4.113983596198313,0.13333866153726923,0.0,0.0,on,connected,True,synthetic_device_spec_v11
synthetic_customer_000,cabinet_000,2026-08-16 10:40:00+00:00,0,0,0,0,True,True,False,24.160605216530204,-49.67984338891045,1.3549413691035983,4.097632964133103,0.25642532790992495,0.0030993290633746133,0.0,on,connected,True,synthetic_device_spec_v11
synthetic_customer_000,cabinet_000,2026-08-16 10:50:00+00:00,0,0,0,0,True,True,False,24.08190489097885,-47.84601349295576,1.1693000730529017,3.89080150467263,0.6708732614667251,0.0,0.010934226771895837,on,connected,True,synthetic_device_spec_v11
synthetic_customer_000,cabinet_000,2026-08-16 11:00:00+00:00,0,0,0,0,True,True,False,23.947915544349783,-49.41305173615793,1.0143302058805317,3.978269475192946,0.0,0.0,0.00790342084077829,on,connected,True,synthetic_device_spec_v11
synthetic_customer_000,cabinet_000,2026-08-16 11:10:00+00:00,0,0,0,0,True,True,False,23.939278705609897,-48.44830875192049,0.991691435919661,4.017912370333873,0.0,0.0,0.0,on,connected,True,synthetic_device_spec_v11
synthetic_customer_000,cabinet_000,2026-08-16 11:20:00+00:00,0,0,0,0,True,True,False,24.061765539726007,-47.064987746070386,0.9605135374980939,3.980234201852514,0.0,0.0229992924485867,0.0,on,connected,True,synthetic_device_spec_v11
synthetic_customer_000,cabinet_000,2026-08-16 11:30:00+00:00,0,0,0,0,True,True,False,24.025440111478265,-47.29636131043208,1.0071389048476387,4.01348094973259,0.37083700267866665,0.0004815014225470816,0.0,on,connected,True,synthetic_device_spec_v11
synthetic_customer_000,cabinet_000,2026-08-16 11:40:00+00:00,0,0,0,0,True,True,False,24.012509103225142,-48.774755948559445,3.0461030175149317,4.018903023703838,0.0,0.0,0.0,on,connected,True,synthetic_device_spec_v11
synthetic_customer_000,cabinet_000,2026-08-16 11:50:00+00:00,0,0,0,0,True,True,False,24.142963739954308,-46.61096789271143,3.0037036070090424,3.9732599048105066,0.013053887049879453,0.0,0.010090763078074546,on,connected,True,synthetic_device_spec_v11
synthetic_customer_000,cabinet_000,2026-08-16 12:00:00+00:00,0,0,0,0,True,True,False,24.00807735654291,-47.167764928110856,3.0022481994031045,3.9829740815729924,0.23122355201565034,0.0,0.0,on,connected,True,synthetic_device_spec_v11
synthetic_customer_000,cabinet_000,2026-08-16 12:10:00+00:00,1,1,1,1,True,True,False,24.19138418580804,-46.36012129188592,3.0800452480812135,3.920928910960721,0.0,0.0,0.01852543679980864,on,connected,True,synthetic_device_spec_v11
synthetic_customer_000,cabinet_000,2026-08-16 12:20:00+00:00,1,1,1,1,True,True,False,23.990368121252498,-48.409753497991375,2.9552394960137685,4.048439153348281,0.0842415153032754,0.0,0.019924273801798703,on,connected,True,synthetic_device_spec_v11
synthetic_customer_000,cabinet_000,2026-08-16 12:30:00+00:00,1,1,1,1,True,True,False,24.292499154215974,-48.30178585968626,2.9800945849629215,3.9688941557637714,0.036226035184932295,0.05654412097610703,0.0,on,connected,True,synthetic_device_spec_v11
synthetic_customer_000,cabinet_000,2026-08-16 12:40:00+00:00,0,0,0,0,True,True,False,24.03949460300895,-48.952978007864964,2.958698363644538,4.046703674269044,0.0,0.017937285886963233,0.0,on,connected,True,synthetic_device_spec_v11
synthetic_customer_000,cabinet_000,2026-08-16 12:50:00+00:00,0,0,0,0,True,True,False,23.969749877383837,-49.91782426400124,2.997804320492315,4.081801973077021,0.8722696408825423,0.0,0.0,on,connected,True,synthetic_device_spec_v11
synthetic_customer_000,cabinet_000,2026-08-16 13:00:00+00:00,0,0,0,0,True,True,False,23.91018262314495,-48.59953657853789,3.031718453703309,4.135201139022241,0.0,0.01919467976290955,0.002091450118713882,on,connected,True,synthetic_device_spec_v11
synthetic_customer_000,cabinet_000,2026-08-16 13:10:00+00:00,0,0,0,0,True,True,False,23.96997634267602,-49.67179342024999,3.014723689848671,4.027014996822968,0.0,0.02509207042228655,0.011229462603110713,on,connected,True,synthetic_device_spec_v11
synthetic_customer_000,cabinet_000,2026-08-16 13:20:00+00:00,0,0,0,0,True,True,False,23.885056415788927,-47.40343933251735,3.0187600294075083,4.0060548027657115,0.0,0.018474043991288148,0.0,on,connected,True,synthetic_device_spec_v11
synthetic_customer_000,cabinet_000,2026-08-16 13:30:00+00:00,0,0,0,0,True,True,False,24.129852980984854,-47.19137934203554,3.0072249036616028,3.9100046297963362,0.3111334239152519,0.0,0.0,on,connected,True,synthetic_device_spec_v11
synthetic_customer_000,cabinet_000,2026-08-16 13:40:00+00:00,0,0,0,0,True,True,False,23.92663767153689,-48.12771525433305,3.0291838392404697,4.006473944819747,0.0,0.02929698277551973,0.0,on,connected,True,synthetic_device_spec_v11
synthetic_customer_000,cabinet_000,2026-08-16 13:50:00+00:00,0,0,0,0,True,True,False,23.916823003776344,-47.033037569587066,2.9025074762844483,3.93906587960546,0.3824289426364094,0.0,0.006325477167404432,on,connected,True,synthetic_device_spec_v11
synthetic_customer_000,cabinet_000,2026-08-16 14:00:00+00:00,0,0,0,0,True,True,False,24.14411461639035,-45.02092107136637,2.959912751014037,3.9853874668518063,0.601869523185511,0.03917830231058058,0.009872517127886001,on,connected,True,synthetic_device_spec_v11
synthetic_customer_000,cabinet_000,2026-08-16 14:10:00+00:00,0,0,0,0,True,True,False,23.906947518107916,-48.63983492577077,2.9806968741528768,4.107506098956688,0.1624483890175454,0.030458520040992768,0.004572992344846891,on,connected,True,synthetic_device_spec_v11
synthetic_customer_000,cabinet_000,2026-08-16 14:20:00+00:00,0,0,0,0,True,True,False,23.96046905199595,-46.83191335877475,2.9657158049281307,4.015332135319843,0.0,0.0,0.008915764291573019,on,connected,True,synthetic_device_spec_v11
synthetic_customer_000,cabinet_000,2026-08-16 14:30:00+00:00,0,0,0,0,True,True,False,24.00931944320541,-47.5073819071503,2.8897559112848032,3.995753055153718,0.0,0.0,0.01852674347879368,on,connected,True,synthetic_device_spec_v11
synthetic_customer_000,cabinet_000,2026-08-16 14:40:00+00:00,0,0,0,0,True,True,False,23.976243284238738,-48.51053628336197,3.009084426530801,4.101957180140919,0.0,0.010492599161616234,0.005767576629387503,on,connected,True,synthetic_device_spec_v11
synthetic_customer_000,cabinet_000,2026-08-16 14:50:00+00:00,0,0,0,0,True,True,False,24.000818275265683,-48.65706365215199,2.9636461873110447,3.985345309213629,0.7724294550127297,0.022369097551681573,0.0,on,connected,True,synthetic_device_spec_v11
synthetic_customer_000,cabinet_000,2026-08-16 15:00:00+00:00,0,0,0,0,True,True,False,23.986809427481504,-47.891148791786975,2.950576120245129,4.046782802686358,0.0,0.0414939555427933,0.018806727340864745,on,connected,True,synthetic_device_spec_v11
synthetic_customer_000,cabinet_000,2026-08-16 15:10:00+00:00,0,0,0,0,True,True,False,23.72262736732685,-47.833263330300284,3.0389584922042667,4.03020571827151,0.0,0.008576886644857258,0.016671881929163707,on,connected,True,synthetic_device_spec_v11
synthetic_customer_000,cabinet_000,2026-08-16 15:20:00+00:00,0,0,0,0,True,True,False,23.988610772453548,-49.88526402008971,3.007040664580245,4.0135966613273,0.0,0.002392627134633865,0.003068330042563435,on,connected,True,synthetic_device_spec_v11
synthetic_customer_000,cabinet_000,2026-08-16 15:30:00+00:00,0,0,0,0,True,True,False,23.989187013194485,-49.90604010713122,3.0444442752560135,4.03666030333242,0.0,0.0,0.0,on,connected,True,synthetic_device_spec_v11
synthetic_customer_000,cabinet_000,2026-08-16 15:40:00+00:00,0,0,0,0,True,True,False,24.05536732538098,-49.23682778487663,2.9981108245408468,4.065247900640757,0.27712908684882387,0.028277707106223567,0.0,on,connected,True,synthetic_device_spec_v11
synthetic_customer_000,cabinet_000,2026-08-16 15:50:00+00:00,0,0,0,0,True,True,False,24.209286361202874,-47.63076625321611,2.98599000135023,3.972659258691505,0.0,0.0,0.0,on,connected,True,synthetic_device_spec_v11
synthetic_customer_000,cabinet_000,2026-08-16 16:00:00+00:00,0,0,0,0,True,True,False,23.92929704878987,-47.83175195500597,2.979244500197921,4.169892821592392,0.17362631293465075,0.0,0.0,on,connected,True,synthetic_device_spec_v11
synthetic_customer_000,cabinet_000,2026-08-16 16:10:00+00:00,0,0,0,0,True,True,False,24.016040821425385,-48.65095129955986,3.004438279235291,3.9734645991800126,0.0,0.001102641439596849,0.017752328141418295,on,connected,True,synthetic_device_spec_v11
synthetic_customer_000,cabinet_000,2026-08-16 16:20:00+00:00,0,0,0,0,True,True,False,24.057746951223447,-48.671838470823914,2.96984161355736,4.110837878237443,0.5752097723248664,0.0019209000340962006,0.0,on,connected,True,synthetic_device_spec_v11
synthetic_customer_000,cabinet_000,2026-08-16 16:30:00+00:00,0,0,0,0,True,True,False,23.9582197952491,-48.934178257419525,2.955334690826395,3.9148174424858992,0.7022015446383978,0.010415923251785225,0.0,on,connected,True,synthetic_device_spec_v11
synthetic_customer_000,cabinet_000,2026-08-16 16:40:00+00:00,0,0,0,0,True,True,False,24.048803379092625,-48.18333736712246,3.0142919643694186,4.030979158835117,0.16952754950567428,0.012502163387005142,0.0,on,connected,True,synthetic_device_spec_v11
synthetic_customer_000,cabinet_000,2026-08-16 16:50:00+00:00,0,0,0,0,True,True,False,24.03934184184011,-47.56811935539476,3.0116658090784862,3.9048484584600645,0.0,0.027510974486412737,0.0,on,connected,True,synthetic_device_spec_v11
synthetic_customer_000,cabinet_000,2026-08-16 17:00:00+00:00,0,0,0,0,True,True,False,24.282417520929283,-46.96792007102722,2.996102046912695,3.897696737555435,0.5657173702278417,0.03887919927019797,0.021339172864479224,on,connected,True,synthetic_device_spec_v11
synthetic_customer_000,cabinet_000,2026-08-16 17:10:00+00:00,0,0,0,0,True,True,False,23.97241361357521,-47.18650177639189,2.9631936032947044,3.9594164672026664,0.6356704094416458,0.012846094273972309,0.0,on,connected,True,synthetic_device_spec_v11
synthetic_customer_000,cabinet_000,2026-08-16 17:20:00+00:00,0,0,0,0,True,True,False,24.08323745809506,-49.09646384198354,3.0391291280084736,3.89768987486702,0.0,0.0,0.0364961183573496,on,connected,True,synthetic_device_spec_v11
synthetic_customer_000,cabinet_000,2026-08-16 17:30:00+00:00,0,0,0,0,True,True,False,23.88906497787509,-48.218618460873465,3.0610488164386784,3.963953245333439,0.0,0.015287426067429295,0.0,on,connected,True,synthetic_device_spec_v11
synthetic_customer_000,cabinet_000,2026-08-16 17:40:00+00:00,0,0,0,0,True,True,False,24.130607880635555,-49.198780063810304,2.9697002588371966,4.03589507566951,0.0,0.012083550579371502,0.0,on,connected,True,synthetic_device_spec_v11
synthetic_customer_000,cabinet_000,2026-08-16 17:50:00+00:00,0,0,0,0,True,True,False,23.941113063177664,-47.87057460946106,2.987337634021835,3.988043229615842,0.13163492509002175,0.0,0.041098078030035796,on,connected,True,synthetic_device_spec_v11
synthetic_customer_000,cabinet_000,2026-08-16 18:00:00+00:00,0,0,0,0,True,True,False,24.082038512367973,-47.07686306103858,2.9672072686393776,4.024439110428775,0.0,0.0,0.011287199844780793,on,connected,True,synthetic_device_spec_v11
synthetic_customer_000,cabinet_000,2026-08-16 18:10:00+00:00,1,1,1,1,True,True,False,24.086850781073974,-47.94373180897244,2.960319398228945,3.9693307508643874,0.0,0.0,0.0,on,connected,True,synthetic_device_spec_v11
synthetic_customer_000,cabinet_000,2026-08-16 18:20:00+00:00,1,1,1,1,True,True,False,23.929021931474274,-49.05584469615245,2.989893811924814,3.92252262213311,0.0,0.08043542300616147,0.0020668368586606607,on,connected,True,synthetic_device_spec_v11
synthetic_customer_000,cabinet_000,2026-08-16 18:30:00+00:00,1,1,1,1,True,True,False,24.080911797342022,-47.25751313129199,2.9345773207021066,4.109718389762183,0.25529425721408905,0.023083797197243714,0.021099507593643187,on,connected,True,synthetic_device_spec_v11
synthetic_customer_000,cabinet_000,2026-08-16 18:40:00+00:00,0,0,0,0,True,True,False,23.91080692133645,-47.71090518355467,3.0367323358615166,4.09733412162248,0.0,0.009769068471012872,0.010054890109683664,on,connected,True,synthetic_device_spec_v11
synthetic_customer_000,cabinet_000,2026-08-16 18:50:00+00:00,0,0,0,0,True,True,False,24.043880002410386,-48.17592043453143,3.0163397769409768,3.9664454835957157,0.41257080029206716,0.0,0.014007612081633569,on,connected,True,synthetic_device_spec_v11
synthetic_customer_000,cabinet_000,2026-08-16 19:00:00+00:00,0,0,0,0,True,True,False,24.23132768712267,-47.478979225521776,3.061402800924544,3.9890951351577195,0.3711304686999792,0.0,0.012028913109181312,on,connected,True,synthetic_device_spec_v11
synthetic_customer_000,cabinet_000,2026-08-16 19:10:00+00:00,0,0,0,0,True,True,False,23.966005680331897,-48.670061302115506,3.023619057461793,4.07002690898465,0.0,0.021670380907519653,0.0,on,connected,True,synthetic_device_spec_v11
synthetic_customer_000,cabinet_000,2026-08-16 19:20:00+00:00,0,0,0,0,True,True,False,24.090092266546435,-48.25375150798872,2.994611855457964,4.052997941036009,0.3867400226960306,0.0,0.0,on,connected,True,synthetic_device_spec_v11
synthetic_customer_000,cabinet_000,2026-08-16 19:30:00+00:00,0,0,0,0,True,True,False,23.669696618567208,-49.432818311658714,2.9906505252852003,3.978044851214904,0.0,0.019282190596366433,0.0,on,connected,True,synthetic_device_spec_v11
synthetic_customer_000,cabinet_000,2026-08-16 19:40:00+00:00,0,0,0,0,True,True,False,23.9435562680367,-48.0321487789405,2.9144552975655125,4.050963787397706,0.1349478906516803,0.0,0.0,on,connected,True,synthetic_device_spec_v11
synthetic_customer_000,cabinet_000,2026-08-16 19:50:00+00:00,0,0,0,0,True,True,False,23.895205169579928,-49.22300115481805,3.0405742409829677,4.120778079547099,0.24507319458605373,0.0,0.0012706705030958627,on,connected,True,synthetic_device_spec_v11
synthetic_customer_000,cabinet_000,2026-08-16 20:00:00+00:00,0,0,0,0,True,True,False,24.016466181637103,-47.96800470502853,3.0455916489594896,4.0013833312922875,0.0,0.022499185832624512,0.016252031269479075,on,connected,True,synthetic_device_spec_v11
synthetic_customer_000,cabinet_000,2026-08-16 20:10:00+00:00,0,0,0,0,True,True,False,24.175085936143432,-46.89803825843802,2.9902272625386814,4.1128724848919,0.5059524652636354,0.011714081012100735,0.016989569411789904,on,connected,True,synthetic_device_spec_v11
synthetic_customer_000,cabinet_000,2026-08-16 20:20:00+00:00,0,0,0,0,True,True,False,24.21135797128485,-48.897598228146,3.0186146656540678,4.072378449167478,0.0,0.02001731489270756,0.0,on,connected,True,synthetic_device_spec_v11
synthetic_customer_000,cabinet_000,2026-08-16 20:30:00+00:00,0,0,0,0,True,True,False,23.950097983115608,-47.03274277809798,3.0073079512424092,3.8531630517038735,0.47144741529686085,0.0,0.0,on,connected,True,synthetic_device_spec_v11
synthetic_customer_000,cabinet_000,2026-08-16 20:40:00+00:00,0,0,0,0,True,True,False,23.936275394695244,-50.575065919388386,3.0331216925474864,3.8558934320730054,0.0,0.0945932898961423,0.0,on,connected,True,synthetic_device_spec_v11
synthetic_customer_000,cabinet_000,2026-08-16 20:50:00+00:00,0,0,0,0,True,True,False,23.995395403359634,-51.5584905457049,3.0115896155918325,4.128027772243586,0.40338676666749107,0.018286376418170776,0.017450556198969132,on,connected,True,synthetic_device_spec_v11
synthetic_customer_000,cabinet_000,2026-08-16 21:00:00+00:00,0,0,0,0,True,True,False,23.97488471202824,-54.647905237626446,2.9718551479830597,4.0433254751730665,0.0,0.14475565830360695,0.0,on,connected,True,synthetic_device_spec_v11
synthetic_customer_000,cabinet_000,2026-08-16 21:10:00+00:00,0,0,0,0,True,True,False,23.99729049234272,-56.49095499367336,2.9810131812279423,4.0166419983840225,0.0,0.1296494060508711,0.01072852779418912,on,connected,True,synthetic_device_spec_v11
synthetic_customer_000,cabinet_000,2026-08-16 21:20:00+00:00,0,0,0,0,True,True,False,23.78338402170258,-58.34743474144348,3.03212619861566,4.014085278503599,0.0,0.22432240476486884,0.0,on,connected,True,synthetic_device_spec_v11
synthetic_customer_000,cabinet_000,2026-08-16 21:30:00+00:00,0,0,0,0,True,True,False,24.06546747401416,-60.69812424738203,2.9949400478956663,3.940805399417153,0.0,0.2748030320525346,0.03031883177336101,on,connected,True,synthetic_device_spec_v11
synthetic_customer_000,cabinet_000,2026-08-16 21:40:00+00:00,0,0,0,0,True,True,False,23.859208639526244,-62.7122181990952,3.0299301066185866,4.002204225529403,0.0,0.257413420267484,0.0,on,connected,True,synthetic_device_spec_v11
synthetic_customer_000,cabinet_000,2026-08-16 21:50:00+00:00,0,0,0,0,True,True,False,23.77904902195932,-64.92688342207647,3.029494003451568,3.9765278978308403,0.0,0.31953663703332813,0.0,on,connected,True,synthetic_device_spec_v11
synthetic_customer_000,cabinet_000,2026-08-16 22:00:00+00:00,0,0,0,0,True,True,False,24.070512829859204,-68.18076894655442,3.005496557162381,4.040678508328436,0.6491804694145211,0.33824383320452267,0.0,on,connected,True,synthetic_device_spec_v11
synthetic_customer_000,cabinet_000,2026-08-16 22:10:00+00:00,0,0,0,0,True,True,False,23.972773871556125,-68.85103160286909,3.039369985457721,3.907184864462341,0.0,0.4064863416989697,0.019996743506502258,on,connected,True,synthetic_device_spec_v11
synthetic_customer_000,cabinet_000,2026-08-16 22:20:00+00:00,0,0,0,0,True,True,False,24.09382878874262,-70.9675731328115,3.0220179140443992,3.8903734497364457,0.0,0.419110490818897,0.0,on,connected,True,synthetic_device_spec_v11
synthetic_customer_000,cabinet_000,2026-08-16 22:30:00+00:00,0,0,0,0,True,True,False,24.062552363947024,-72.98768513046674,3.0409741009959426,4.011758940274221,0.0,0.4737879934496111,0.0,on,connected,True,synthetic_device_spec_v11
synthetic_customer_000,cabinet_000,2026-08-16 22:40:00+00:00,0,0,0,0,True,True,False,24.054460563644707,-75.53209305216626,3.038794905674458,3.995462310204738,0.0,0.48747143899521594,0.006300309494048135,on,connected,True,synthetic_device_spec_v11
synthetic_customer_000,cabinet_000,2026-08-16 22:50:00+00:00,0,0,0,0,True,True,False,24.069168565793923,-76.7351757234519,2.93489647045989,4.007326765528171,1.4778386802040477,0.5425241390411819,0.0035526121735813326,on,connected,True,synthetic_device_spec_v11
synthetic_customer_000,cabinet_000,2026-08-16 23:00:00+00:00,0,0,0,0,True,True,False,24.074530930427244,-80.30130593097044,2.978743908877198,4.1280275709229475,0.16313879558130032,0.5580330430396802,0.0,on,connected,True,synthetic_device_spec_v11
synthetic_customer_000,cabinet_000,2026-08-16 23:10:00+00:00,0,0,0,0,True,True,False,23.89873951266626,-80.60497383515725,2.9641094079403496,4.08701461730829,0.0,0.5725231189438779,0.00889667861599033,on,connected,True,synthetic_device_spec_v11
synthetic_customer_000,cabinet_000,2026-08-16 23:20:00+00:00,0,0,0,0,True,True,False,24.180800055314275,-86.3984424809279,2.9682504536497296,3.8748750443441686,0.07561683380116772,0.6116424758208924,0.03022684916540532,on,connected,True,synthetic_device_spec_v11
synthetic_customer_000,cabinet_000,2026-08-17 00:10:00+00:00,1,1,1,1,True,True,False,23.907837057875735,-46.51727644880787,3.084522395850142,4.099070644491073,0.07361046740295331,0.02079975059235179,0.010853331258504928,on,connected,True,synthetic_device_spec_v11
synthetic_customer_000,cabinet_000,2026-08-17 00:20:00+00:00,1,1,1,1,True,True,False,24.053075215214932,-48.30482120059747,3.003013376929565,3.946412444837112,0.0,0.015685461692988605,0.003919445056327195,on,connected,True,synthetic_device_spec_v11
synthetic_customer_000,cabinet_000,2026-08-17 00:30:00+00:00,1,1,1,1,True,True,False,24.159770850456834,-47.9056680274803,2.9270841934032683,4.049208775172119,0.0,0.0,0.0012707882159161046,on,connected,True,synthetic_device_spec_v11
synthetic_customer_000,cabinet_000,2026-08-17 00:40:00+00:00,0,0,0,0,True,True,False,24.21995547031628,-46.876490092238186,2.990261809347509,3.8749285034747363,0.0,0.0,0.0,on,connected,True,synthetic_device_spec_v11
synthetic_customer_000,cabinet_000,2026-08-17 00:50:00+00:00,0,0,0,0,True,True,False,24.26946617235301,-48.03898542456066,2.9850120471766513,4.033596821481817,0.07519955151409803,0.0,0.023023459864750115,on,connected,True,synthetic_device_spec_v11
synthetic_customer_000,cabinet_000,2026-08-17 01:00:00+00:00,0,0,0,0,True,True,False,24.063260561258808,-50.31383993614968,2.9286653448223015,4.069362217287867,0.0,0.015864481678176796,0.0,on,connected,True,synthetic_device_spec_v11
synthetic_customer_000,cabinet_000,2026-08-17 01:10:00+00:00,0,0,0,0,True,True,False,23.905201380121483,-47.02958590947684,3.025813420256448,4.054998758084461,1.407846399831994,0.0,0.0,on,connected,True,synthetic_device_spec_v11
synthetic_customer_000,cabinet_000,2026-08-17 01:20:00+00:00,0,0,0,0,True,True,False,24.20074907152231,-47.65081335074222,3.0324318832483828,3.925288038966972,0.0,0.008886256475511355,0.0032984546288816067,on,connected,True,synthetic_device_spec_v11
synthetic_customer_000,cabinet_000,2026-08-17 01:30:00+00:00,0,0,0,0,True,True,False,23.88811925499547,-48.367148653660486,2.9997810757420247,4.02723172842029,0.4396295404802026,0.0,0.0,on,connected,True,synthetic_device_spec_v11
synthetic_customer_000,cabinet_000,2026-08-17 01:40:00+00:00,0,0,0,0,True,True,False,23.960776182574755,-48.21537171426107,2.96731776415435,3.8990221862173455,0.0,0.018953445498507443,0.0018337797952561426,on,connected,True,synthetic_device_spec_v11
synthetic_customer_000,cabinet_000,2026-08-17 01:50:00+00:00,0,0,0,0,True,True,False,24.00445619015067,-48.70780819570171,3.0581351405118644,4.047956791722941,0.0,0.0,0.0,on,connected,True,synthetic_device_spec_v11
synthetic_customer_000,cabinet_000,2026-08-17 02:00:00+00:00,0,0,0,0,True,True,False,23.957532142543812,-48.262704609766395,2.9252515689140575,3.9937871512012477,0.3861554346116109,0.0,0.0,on,connected,True,synthetic_device_spec_v11
synthetic_customer_000,cabinet_000,2026-08-17 02:10:00+00:00,0,0,0,0,True,True,False,23.88027750120618,-48.204509820935314,2.9841290864663477,3.9554934355723153,0.1713422549721067,0.0,0.031652879438112874,on,connected,True,synthetic_device_spec_v11
synthetic_customer_000,cabinet_000,2026-08-17 02:20:00+00:00,0,0,0,0,True,True,False,24.079470361444386,-47.23019891617545,2.9562574251379803,4.071906700626964,0.0,0.014570164470387637,0.006292205814089974,on,connected,True,synthetic_device_spec_v11
synthetic_customer_000,cabinet_000,2026-08-17 02:30:00+00:00,0,0,0,0,True,True,False,23.93425526802717,-47.451504262288175,2.972332924954258,3.858174935370925,0.0,0.011944663444917241,0.0,on,connected,True,synthetic_device_spec_v11
synthetic_customer_000,cabinet_000,2026-08-17 02:40:00+00:00,0,0,0,0,True,True,False,23.994450601866827,-46.21665443729073,3.0034676294679294,4.075907775522921,0.5261472621205006,0.009376266766377912,0.0,on,connected,True,synthetic_device_spec_v11
synthetic_customer_000,cabinet_000,2026-08-17 02:50:00+00:00,0,0,0,0,True,True,False,24.005626552583685,-49.55128519940864,3.014288794621491,3.8755163579742327,0.7062231979457736,0.0,0.0,on,connected,True,synthetic_device_spec_v11
synthetic_customer_000,cabinet_000,2026-08-17 03:00:00+00:00,0,0,0,0,True,True,False,23.87136382222982,-47.90708269961522,2.9934714224774983,3.9698492877045735,0.0,0.0,0.0014890582882652983,on,connected,True,synthetic_device_spec_v11
synthetic_customer_000,cabinet_000,2026-08-17 03:10:00+00:00,0,0,0,0,True,True,False,24.100540370531867,-47.32154989885309,2.946435760201703,4.018434922596541,0.2241166355842335,0.03482591401817261,0.01468483461927097,on,connected,True,synthetic_device_spec_v11
synthetic_customer_000,cabinet_000,2026-08-17 03:20:00+00:00,0,0,0,0,True,True,False,23.879532104095105,-48.284287549595916,3.0094967197315428,4.033157458619845,0.0,0.0,0.0,on,connected,True,synthetic_device_spec_v11
synthetic_customer_000,cabinet_000,2026-08-17 03:30:00+00:00,0,0,0,0,True,True,False,23.94008465179701,-49.742804960661324,3.00843654392168,4.023395249950099,0.6430379962513788,0.03427705168244632,0.002626213108883194,on,connected,True,synthetic_device_spec_v11
synthetic_customer_000,cabinet_000,2026-08-17 03:40:00+00:00,0,0,0,0,True,True,False,24.05399596161006,-48.004084621716174,3.0467337642989456,4.079475064844272,0.0,0.05442487584936916,0.018204546782967405,on,connected,True,synthetic_device_spec_v11
synthetic_customer_000,cabinet_000,2026-08-17 03:50:00+00:00,0,0,0,0,True,True,False,23.94847276050278,-48.391152864708324,2.9985165556060753,3.968591468218179,0.0,0.0,0.032559152510854825,on,connected,True,synthetic_device_spec_v11
synthetic_customer_000,cabinet_000,2026-08-17 04:00:00+00:00,0,0,0,0,True,True,False,24.035247361792507,-47.57698778006089,2.948508080491278,4.060095060884608,0.0,0.0049690073007716195,0.0,on,connected,True,synthetic_device_spec_v11
synthetic_customer_000,cabinet_000,2026-08-17 04:10:00+00:00,0,0,0,0,True,True,False,24.074325487493937,-48.91731177922452,3.058404571706353,4.12378873047582,0.0,0.0,0.023948202229375357,on,connected,True,synthetic_device_spec_v11
synthetic_customer_000,cabinet_000,2026-08-17 04:20:00+00:00,0,0,0,0,True,True,False,23.93586449949032,-49.08381544598013,3.0442137303524976,3.9763121785699447,0.0,0.010853430884873748,0.03985746651479873,on,connected,True,synthetic_device_spec_v11
synthetic_customer_000,cabinet_000,2026-08-17 04:30:00+00:00,0,0,0,0,True,True,False,24.212093674075238,-47.721904537685454,3.0462258664554565,4.056125782516377,0.46900775977536796,0.0,0.025713026975035917,on,connected,True,synthetic_device_spec_v11
synthetic_customer_000,cabinet_000,2026-08-17 04:40:00+00:00,0,0,0,0,True,True,False,24.00456801450428,-49.82197205848561,3.0034177969700813,3.953395559586246,0.0,0.0,0.0,on,connected,True,synthetic_device_spec_v11
synthetic_customer_000,cabinet_000,2026-08-17 04:50:00+00:00,0,0,0,0,True,True,False,23.95296725836781,-48.884263234449776,3.0255773723454715,4.070258073104175,0.0,0.0,0.0,on,connected,True,synthetic_device_spec_v11
synthetic_customer_000,cabinet_000,2026-08-17 05:00:00+00:00,0,0,0,0,True,True,False,23.895485432300298,-48.77704377115429,3.0156458396606287,4.038674557159813,0.0,0.0,0.0,on,connected,True,synthetic_device_spec_v11
synthetic_customer_000,cabinet_000,2026-08-17 05:10:00+00:00,0,0,0,0,True,True,False,24.188885411302557,-47.374527767321204,2.9612628624233635,4.033607341676095,0.0,0.008063550133305944,0.006543706147747577,on,connected,True,synthetic_device_spec_v11
synthetic_customer_000,cabinet_000,2026-08-17 05:20:00+00:00,0,0,0,0,True,True,False,23.763964884282874,-48.325745385957724,2.965783935272599,4.058028398470354,0.4498970428111131,0.0,0.0,on,connected,True,synthetic_device_spec_v11
synthetic_customer_000,cabinet_000,2026-08-17 05:30:00+00:00,0,0,0,0,True,True,False,23.86891674924701,-50.02216854453316,2.9447718548315063,4.0117613269777115,4.01370436612628,0.0,0.0,on,connected,True,synthetic_device_spec_v11
synthetic_customer_000,cabinet_000,2026-08-17 05:40:00+00:00,0,0,0,0,True,True,False,23.962303301658746,-47.00138513658786,3.018429783927536,4.108105928908508,6.637030836718715,0.0,0.02280436104670276,on,connected,True,synthetic_device_spec_v11
synthetic_customer_000,cabinet_000,2026-08-17 05:50:00+00:00,0,0,0,0,True,True,False,23.97974281534703,-48.11388843810181,2.9485249864644714,4.079052870873079,9.588337228174193,0.01211002531124359,0.0,on,connected,True,synthetic_device_spec_v11
synthetic_customer_000,cabinet_000,2026-08-17 06:00:00+00:00,0,0,0,0,True,True,False,24.093944151792012,-46.4923331366629,3.1010026939427773,4.024313870175914,11.25744263152633,0.0,0.0006822989283451024,on,connected,True,synthetic_device_spec_v11
synthetic_customer_000,cabinet_000,2026-08-17 06:10:00+00:00,1,1,1,1,True,True,False,24.20925443873964,-48.79274906528744,2.9764736914362677,3.9125157909951627,14.65027309819675,0.0,0.0,on,connected,True,synthetic_device_spec_v11
synthetic_customer_000,cabinet_000,2026-08-17 06:20:00+00:00,1,1,1,1,True,True,False,23.901251737400912,-48.87041691010991,3.0486357435515665,4.024506800816324,17.737360081967406,0.004666469402665812,0.0,on,connected,True,synthetic_device_spec_v11
synthetic_customer_000,cabinet_000,2026-08-17 06:30:00+00:00,1,1,1,1,True,True,False,23.967838470275208,-47.523660939615674,2.9811853393742216,4.0298343824003355,19.73354977231918,0.0,0.0,on,connected,True,synthetic_device_spec_v11
synthetic_customer_000,cabinet_000,2026-08-17 06:40:00+00:00,0,0,0,0,True,True,False,24.057004122620295,-47.38620989548628,3.049955512197239,3.9333078317460326,21.57047562493771,0.0,0.03681552788720087,on,connected,True,synthetic_device_spec_v11
synthetic_customer_000,cabinet_000,2026-08-17 06:50:00+00:00,0,0,0,0,True,True,False,24.009673047563687,-49.412264284842735,2.9790329121354273,4.032370121280819,25.39893106459164,0.0195101891423159,0.0,on,connected,True,synthetic_device_spec_v11
synthetic_customer_000,cabinet_000,2026-08-17 07:00:00+00:00,0,0,0,0,True,True,False,24.008123087446393,-48.27834500975764,3.0046345261602228,4.018190127069643,24.579547230295564,0.021479730605148937,0.0,on,connected,True,synthetic_device_spec_v11
synthetic_customer_000,cabinet_000,2026-08-17 07:10:00+00:00,0,0,0,0,True,True,False,23.966932866504944,-46.82390736820361,2.9965340853309583,3.876645921225988,24.321052486759452,0.02493884604533242,0.0,on,connected,True,synthetic_device_spec_v11
synthetic_customer_000,cabinet_000,2026-08-17 07:20:00+00:00,0,0,0,0,True,True,False,23.972083929994678,-49.64262862706841,2.944161357304212,4.008150509267347,25.477297432640487,0.0,0.011891880339792459,on,connected,True,synthetic_device_spec_v11
synthetic_customer_000,cabinet_000,2026-08-17 07:30:00+00:00,0,0,0,0,True,True,False,24.138357500816472,-48.01569483661835,2.973390382106055,3.9583831406104046,24.92722009473944,0.0,0.016635097317695698,on,connected,True,synthetic_device_spec_v11
synthetic_customer_000,cabinet_000,2026-08-17 07:40:00+00:00,0,0,0,0,True,True,False,24.026406316434038,-49.93933047534301,2.9990274471118035,4.067778775923679,26.639874856345784,0.018263963745075308,0.012220565647889283,on,connected,True,synthetic_device_spec_v11
synthetic_customer_000,cabinet_000,2026-08-17 07:50:00+00:00,0,0,0,0,True,True,False,24.217358545630734,-47.475071086441666,3.0164321093678392,4.0508649841938125,0.08785910760540641,0.007209889024825367,0.0,on,connected,True,synthetic_device_spec_v11
synthetic_customer_000,cabinet_000,2026-08-17 08:00:00+00:00,0,0,0,0,True,True,False,23.725172887545128,-48.056779046561736,3.018685903616168,4.035302609705653,0.0,0.0,0.0,on,connected,True,synthetic_device_spec_v11
synthetic_customer_000,cabinet_000,2026-08-17 08:10:00+00:00,0,0,0,0,True,True,False,24.084969624306158,-46.96489715693242,2.9597232374630096,3.9710211481706073,0.0,0.01029193745554348,0.04134941573537107,on,connected,True,synthetic_device_spec_v11
synthetic_customer_000,cabinet_000,2026-08-17 08:20:00+00:00,0,0,0,0,True,True,False,23.889301483045532,-46.28757240434506,3.0075429492546606,3.9677669110927276,0.0,0.002108888919196746,0.0,on,connected,True,synthetic_device_spec_v11
synthetic_customer_000,cabinet_000,2026-08-17 08:30:00+00:00,0,0,0,0,True,True,False,23.95873049533006,-48.58884528747892,3.0216141276614117,3.9307753640499214,0.0,0.0,0.0365255904827724,on,connected,True,synthetic_device_spec_v11
synthetic_customer_000,cabinet_000,2026-08-17 08:40:00+00:00,0,0,0,0,True,True,False,24.152582501643522,-47.9706158021515,3.0759068691654683,4.026105848241635,0.0,0.006585990516557997,0.0,on,connected,True,synthetic_device_spec_v11
synthetic_customer_000,cabinet_000,2026-08-17 08:50:00+00:00,0,0,0,0,True,True,False,23.858877233732695,-48.32157369690403,2.9816184475484175,3.9954117417475623,0.0,0.0,0.0,on,connected,True,synthetic_device_spec_v11
synthetic_customer_000,cabinet_000,2026-08-17 09:00:00+00:00,0,0,0,0,True,True,False,23.899780358611235,-47.05712709731343,3.068286636131,4.003189812480848,0.0,0.0,0.0,on,connected,True,synthetic_device_spec_v11
synthetic_customer_000,cabinet_000,2026-08-17 09:10:00+00:00,0,0,0,0,True,True,False,24.103023426191804,-48.48876515460798,3.0102884023146173,4.0758945134668885,0.09165729496850313,0.0,0.0,on,connected,True,synthetic_device_spec_v11
synthetic_customer_000,cabinet_000,2026-08-17 09:20:00+00:00,0,0,0,0,True,True,False,23.939219435256675,-48.168439068370525,2.956893466599748,4.009875046542346,0.0,0.0,0.0,on,connected,True,synthetic_device_spec_v11
synthetic_customer_000,cabinet_000,2026-08-17 09:30:00+00:00,0,0,0,0,True,True,False,23.953433204129215,-47.75685380164984,2.9322456489000115,4.212097056818839,0.0,0.005422484345600789,0.00503702718478205,on,connected,True,synthetic_device_spec_v11
synthetic_customer_000,cabinet_000,2026-08-17 09:40:00+00:00,0,0,0,0,True,True,False,23.954063859732205,-50.27945386180111,2.992354023195396,4.391774504708199,0.161865736289163,0.02805501695957016,0.056349601411046876,on,connected,True,synthetic_device_spec_v11
synthetic_customer_000,cabinet_000,2026-08-17 09:50:00+00:00,0,0,0,0,True,True,False,24.046759864693602,-49.01801542762556,2.9526236736797706,4.481665429514874,0.0,0.0,0.05981504841848855,on,connected,True,synthetic_device_spec_v11
synthetic_customer_000,cabinet_000,2026-08-17 10:00:00+00:00,0,0,0,0,True,True,False,24.10230383651784,-47.66415499420051,2.97381005528451,4.73776658058554,0.0,0.015358114965445558,0.08974845691253423,on,connected,True,synthetic_device_spec_v11
synthetic_customer_000,cabinet_000,2026-08-17 10:10:00+00:00,0,0,0,0,True,True,False,24.239786467068406,-47.725267486208566,2.963752613026695,4.835188380114418,1.073849143651081,0.000441838612568201,0.10166968386103442,on,connected,True,synthetic_device_spec_v11
synthetic_customer_000,cabinet_000,2026-08-17 10:20:00+00:00,0,0,0,0,True,True,False,23.973550940376068,-48.63513433120541,3.0026872729033576,5.016621369594967,0.0,0.0,0.12793967014868618,on,connected,True,synthetic_device_spec_v11
synthetic_customer_000,cabinet_000,2026-08-17 10:30:00+00:00,0,0,0,0,True,True,False,23.88392452768346,-48.647532639847924,3.0328308523572964,5.131720272988144,0.0,0.0,0.18081252363857436,on,connected,True,synthetic_device_spec_v11
synthetic_customer_000,cabinet_000,2026-08-17 10:40:00+00:00,0,0,0,0,True,True,False,24.01636446838192,-47.122244727149244,3.0379736723193815,5.402730165851462,0.0,0.0,0.18567947631780068,on,connected,True,synthetic_device_spec_v11
synthetic_customer_000,cabinet_000,2026-08-17 10:50:00+00:00,0,0,0,0,True,True,False,24.02806400258303,-47.1212017358335,3.01488797894768,5.5910897448240595,0.0,0.0066818227035511605,0.2278518315168117,on,connected,True,synthetic_device_spec_v11
synthetic_customer_000,cabinet_000,2026-08-17 11:00:00+00:00,0,0,0,0,True,True,False,23.908081184213177,-48.47706180343606,2.9986470935600016,5.681009822745808,0.03501392261082394,0.04432797036524015,0.26228671116786684,on,connected,True,synthetic_device_spec_v11
synthetic_customer_000,cabinet_000,2026-08-17 11:10:00+00:00,0,0,0,0,True,True,False,23.84529389113569,-49.13304625314656,3.0589234810171244,5.926012743984041,0.0,0.0,0.24493575421320826,on,connected,True,synthetic_device_spec_v11
synthetic_customer_000,cabinet_000,2026-08-17 11:20:00+00:00,0,0,0,0,True,True,False,24.148338962690968,-48.05801051324412,3.010868986924842,6.2003689994852325,0.1205616541252231,0.0,0.2712315869774265,on,connected,True,synthetic_device_spec_v11
synthetic_customer_000,cabinet_000,2026-08-17 11:30:00+00:00,0,0,0,0,True,True,False,23.97870867329696,-47.93131028804397,2.9299078689597784,6.245253423069993,0.4730216058037126,0.02658292180258064,0.3114361614274099,on,connected,True,synthetic_device_spec_v11
synthetic_customer_000,cabinet_000,2026-08-17 11:40:00+00:00,0,0,0,0,True,True,False,23.73813981261865,-48.24433843726991,3.039829001687904,6.405098907309785,0.5399262957147035,0.0,0.33671066029929586,on,connected,True,synthetic_device_spec_v11
synthetic_customer_000,cabinet_000,2026-08-17 11:50:00+00:00,0,0,0,0,True,True,False,24.038667495453748,-48.3176850290786,2.980862143687683,6.5833237702832506,0.3218929669611126,0.052550097966304714,0.3266592840096833,on,connected,True,synthetic_device_spec_v11
synthetic_customer_000,cabinet_000,2026-08-17 12:00:00+00:00,0,0,0,0,True,True,False,24.001315000159547,-49.749048059779284,3.006689038731975,6.8657880409120775,0.20168855309336353,0.0340641744323891,0.37845649763493383,on,connected,True,synthetic_device_spec_v11
synthetic_customer_000,cabinet_000,2026-08-17 12:10:00+00:00,1,1,1,1,True,True,False,24.18006544477014,-48.83075399704592,2.9650706320522486,7.164504049222681,0.48913878916409276,0.035537835229360416,0.41423903045744276,on,connected,True,synthetic_device_spec_v11
synthetic_customer_000,cabinet_000,2026-08-17 12:20:00+00:00,0,1,1,0,True,True,False,23.889508963211323,-47.334718288241675,2.984275453335099,7.037044838521483,0.0,0.0,0.3938374014077457,on,connected,True,synthetic_device_spec_v11
synthetic_customer_000,cabinet_000,2026-08-17 12:30:00+00:00,0,1,1,0,True,True,False,24.090751392034356,-51.9216367240124,3.0063497250327593,6.922861572053267,0.0,0.01219491425727182,0.3825644675123714,on,connected,True,synthetic_device_spec_v11
synthetic_customer_000,cabinet_000,2026-08-17 12:40:00+00:00,0,0,0,0,True,True,False,24.037406325163573,-48.911721058142525,3.001364324367459,7.012965727143624,0.0,0.0390721624427714,0.4061032861732861,on,connected,True,synthetic_device_spec_v11
synthetic_customer_000,cabinet_000,2026-08-17 12:50:00+00:00,0,0,0,0,True,True,False,24.13505858341551,-48.30175239562399,3.000901420571484,7.093673471650865,0.0,0.0,0.3969115062286643,on,connected,True,synthetic_device_spec_v11
synthetic_customer_000,cabinet_000,2026-08-17 13:00:00+00:00,0,0,0,0,True,True,False,23.966055164753634,-48.52809333874862,2.9911741914375183,7.088479107451901,0.03552171798723644,0.0,0.4067545137029122,on,connected,True,synthetic_device_spec_v11
synthetic_customer_000,cabinet_000,2026-08-17 13:10:00+00:00,0,0,0,0,True,True,False,24.169422943532368,-49.435848612437745,3.017955376763208,7.057917290528179,0.5069884597643489,0.004462986653595102,0.3519505737499299,on,connected,True,synthetic_device_spec_v11
synthetic_customer_000,cabinet_000,2026-08-17 13:20:00+00:00,0,0,0,0,True,True,False,23.944378846655145,-46.54415565289417,2.9977047356478925,7.021520313441708,0.3866505574080853,0.0,0.4211408542296863,on,connected,True,synthetic_device_spec_v11
synthetic_customer_000,cabinet_000,2026-08-17 13:30:00+00:00,0,0,0,0,True,True,False,23.89386866640701,-47.24171536897546,2.958099802320651,7.085927113280715,0.0,0.023951370809060832,0.4125155982364664,on,connected,True,synthetic_device_spec_v11
synthetic_customer_000,cabinet_000,2026-08-17 13:40:00+00:00,0,0,0,0,True,True,False,24.01129788342545,-47.113218455868896,2.9899160783162904,4.0336827611032655,0.13261448233924913,0.0,0.0,on,connected,True,synthetic_device_spec_v11
synthetic_customer_000,cabinet_000,2026-08-17 13:50:00+00:00,0,0,0,0,True,True,False,24.131344685160936,-48.283935507728145,3.056900658093687,4.038818907878719,0.0,0.0,0.0,on,connected,True,synthetic_device_spec_v11
synthetic_customer_000,cabinet_000,2026-08-17 14:00:00+00:00,0,0,0,0,True,True,False,24.018872603430303,-48.017538718675006,2.9401144677443765,4.021876147986568,0.021455182886095703,0.0,0.0,on,connected,True,synthetic_device_spec_v11
synthetic_customer_000,cabinet_000,2026-08-17 14:10:00+00:00,0,0,0,0,True,True,False,23.88615714802371,-49.76453147583891,3.0475713343916118,4.128638350866029,0.0,0.05701385060122909,0.0,on,connected,True,synthetic_device_spec_v11
synthetic_customer_000,cabinet_000,2026-08-17 14:20:00+00:00,0,0,0,0,True,True,False,24.107593335372357,-46.80025908986117,2.9942317733154895,3.9888678581462362,0.07074215590788663,0.0,0.016770497431668096,on,connected,True,synthetic_device_spec_v11
synthetic_customer_000,cabinet_000,2026-08-17 14:30:00+00:00,0,0,0,0,True,True,False,24.18304967394472,-46.983542204773954,2.9465104149886288,3.9934303739025383,0.8380300168299307,0.0,0.013666967983254626,on,connected,True,synthetic_device_spec_v11
synthetic_customer_000,cabinet_000,2026-08-17 14:40:00+00:00,0,0,0,0,True,True,False,24.221933083189708,-47.77893732068143,2.7996262581178524,4.02223193695169,0.0,0.0,0.0,on,connected,True,synthetic_device_spec_v11
synthetic_customer_000,cabinet_000,2026-08-17 14:50:00+00:00,0,0,0,0,True,True,False,23.88611751449328,-48.879063898700394,2.818745961106188,3.9735084902390447,0.04838184899591359,0.0,0.017038150932796026,on,connected,True,synthetic_device_spec_v11
synthetic_customer_000,cabinet_000,2026-08-17 15:00:00+00:00,0,0,0,0,True,True,False,24.02063563205385,-48.885731833134045,2.753959009733904,3.9177193747888204,0.4061479666582061,0.018610818227319297,0.018919480157459655,on,connected,True,synthetic_device_spec_v11
synthetic_customer_000,cabinet_000,2026-08-17 15:10:00+00:00,0,0,0,0,True,True,False,24.098536946510496,-47.96262037993003,2.6822094328284316,4.099013621681242,0.0,0.033238991723746655,0.0,on,connected,True,synthetic_device_spec_v11
synthetic_customer_000,cabinet_000,2026-08-17 15:20:00+00:00,0,0,0,0,True,True,False,24.01312960003727,-47.82275253045563,2.6605572056532494,3.975379408390279,0.5957818507855276,0.015269692497713372,0.0,on,connected,True,synthetic_device_spec_v11
synthetic_customer_000,cabinet_000,2026-08-17 15:30:00+00:00,0,0,0,0,True,True,False,23.866004360700067,-47.5234806987941,2.586072346732449,4.0073629493108625,0.0,0.031758647539449646,0.0,on,connected,True,synthetic_device_spec_v11
synthetic_customer_000,cabinet_000,2026-08-17 15:40:00+00:00,0,0,0,0,True,True,False,24.046488716880134,-48.801687223371744,2.4653284007026603,3.9869219493362755,0.5652804458784582,0.02080245847644499,0.007149472864735444,on,connected,True,synthetic_device_spec_v11
synthetic_customer_000,cabinet_000,2026-08-17 15:50:00+00:00,0,0,0,0,True,True,False,24.152372488197678,-47.679963278877594,2.4674633584876684,4.137475744825626,0.4116941779736789,0.03510107444366682,0.0,on,connected,True,synthetic_device_spec_v11
synthetic_customer_000,cabinet_000,2026-08-17 16:00:00+00:00,0,0,0,0,True,True,False,23.93406537064436,-48.7762579069042,2.2977308781294545,4.002990645591946,1.105429364962705,0.0046280392021317085,0.024676979724719127,on,connected,True,synthetic_device_spec_v11
synthetic_customer_000,cabinet_000,2026-08-17 16:10:00+00:00,0,0,0,0,True,True,False,23.722242910343457,-48.78953048023714,2.3332322178875624,3.9064667614741695,0.0,0.003721925157709212,0.004389156196048617,on,connected,True,synthetic_device_spec_v11
synthetic_customer_000,cabinet_000,2026-08-17 16:20:00+00:00,0,0,0,0,True,True,False,24.06019548968151,-49.72492814513126,2.2068668950342714,4.010914763690172,0.0,0.0,0.02928301028633887,on,connected,True,synthetic_device_spec_v11
synthetic_customer_000,cabinet_000,2026-08-17 16:30:00+00:00,0,0,0,0,True,True,False,24.116135097314455,-49.75223344477635,2.223309827666682,3.913159089450961,0.33298731740829357,0.0,0.009542523371808102,on,connected,True,synthetic_device_spec_v11
synthetic_customer_000,cabinet_000,2026-08-17 16:40:00+00:00,0,0,0,0,True,True,False,24.027680232518176,-47.86041718548657,2.283565732787704,3.998607551319674,0.0,0.025127397128976398,0.003439105819377374,on,connected,True,synthetic_device_spec_v11
synthetic_customer_000,cabinet_000,2026-08-17 16:50:00+00:00,0,0,0,0,True,True,False,24.044505591967294,-48.20779024910965,2.1851384327579826,3.975656642282544,0.6559093253654611,0.018620346818373216,0.0,on,connected,True,synthetic_device_spec_v11
synthetic_customer_000,cabinet_000,2026-08-17 17:00:00+00:00,0,0,0,0,True,True,False,24.22786051270314,-49.59007572291139,2.2164362924020504,4.071865505911954,0.0,0.0005903760494510562,0.008355300260098637,on,connected,True,synthetic_device_spec_v11
synthetic_customer_000,cabinet_000,2026-08-17 17:10:00+00:00,0,0,0,0,True,True,False,23.967622436403218,-47.551413020774945,2.225948312919712,3.9551906179475793,0.9872673991490554,0.0,0.001756693909679809,on,connected,True,synthetic_device_spec_v11
synthetic_customer_000,cabinet_000,2026-08-17 17:20:00+00:00,0,0,0,0,True,True,False,23.819358044462653,-47.79658216891569,3.0069065549342704,4.014309153268531,0.750571191765834,0.0,0.0,on,connected,True,synthetic_device_spec_v11
synthetic_customer_000,cabinet_000,2026-08-17 17:30:00+00:00,0,0,0,0,True,True,False,24.137748889672704,-48.29542865676202,2.968324315106888,4.027352647815913,0.0,0.009422445694023097,0.0,on,connected,True,synthetic_device_spec_v11
synthetic_customer_000,cabinet_000,2026-08-17 17:40:00+00:00,0,0,0,0,True,True,False,24.054973088841354,-48.64612890950338,2.995240001837016,3.9027854767859007,0.46498227141672177,0.0051907198645827395,0.017257585727968844,on,connected,True,synthetic_device_spec_v11
synthetic_customer_000,cabinet_000,2026-08-17 17:50:00+00:00,0,0,0,0,True,True,False,23.882874421373124,-48.94005887717287,2.9593579516696913,4.118969603863494,0.0,0.0025566984865965058,0.0,on,connected,True,synthetic_device_spec_v11
synthetic_customer_000,cabinet_000,2026-08-17 18:00:00+00:00,0,0,0,0,True,True,False,24.046341470665233,-50.15615889955065,3.0089875756165565,3.9825392185762727,0.39409654939797617,0.03583525616250315,0.0,on,connected,True,synthetic_device_spec_v11
synthetic_customer_000,cabinet_000,2026-08-17 18:10:00+00:00,1,1,1,1,True,True,False,23.678338167286263,-47.722294903269095,3.0409123316920774,3.918968782593353,0.3221898076097543,0.010405391040463249,0.0,on,connected,True,synthetic_device_spec_v11
synthetic_customer_000,cabinet_000,2026-08-17 18:20:00+00:00,1,1,1,1,True,True,False,23.549027192926513,-49.645990238214374,3.0001565206713003,4.036740624685578,0.0,0.0036252908686482434,0.04512043571874926,on,connected,True,synthetic_device_spec_v11
synthetic_customer_000,cabinet_000,2026-08-17 18:30:00+00:00,1,1,1,1,True,True,False,22.91129629374897,-46.916297280131644,2.997908614518484,3.9144813518632486,0.33417464987171946,0.008480252261901662,0.0,on,connected,True,synthetic_device_spec_v11
synthetic_customer_000,cabinet_000,2026-08-17 18:40:00+00:00,0,0,0,0,True,True,False,22.78967287759738,-46.52812292101754,2.932653734728435,4.089371519018544,0.3687789507150706,0.0,0.0,on,connected,True,synthetic_device_spec_v11
synthetic_customer_000,cabinet_000,2026-08-17 18:50:00+00:00,0,0,0,0,True,True,False,22.168213999967904,-48.107870735707635,2.9944413078463987,4.025219186533294,0.9549646061670827,0.012426821587170827,0.009252968482113178,on,connected,True,synthetic_device_spec_v11
synthetic_customer_000,cabinet_000,2026-08-17 19:00:00+00:00,0,0,0,0,True,True,False,21.850988015673714,-49.75121230311798,2.99157225425239,3.9838154913841053,0.0,0.026012348414683296,0.0,on,connected,True,synthetic_device_spec_v11
synthetic_customer_000,cabinet_000,2026-08-17 19:10:00+00:00,0,0,0,0,True,True,False,21.830893452477117,-46.75929435034048,2.984175700348624,3.998181943892965,0.2989728373628617,0.0,0.0,on,connected,True,synthetic_device_spec_v11
synthetic_customer_000,cabinet_000,2026-08-17 19:20:00+00:00,0,0,0,0,True,True,False,21.35978174798678,-46.55714097367117,3.034133299243504,4.014847886695487,0.23048771164138,0.025256114332732962,0.005198638522469678,on,connected,True,synthetic_device_spec_v11
synthetic_customer_000,cabinet_000,2026-08-17 19:30:00+00:00,0,0,0,0,True,True,False,20.94366724782527,-47.87138692816154,3.0285553756622976,4.007950257358017,0.0,0.0,0.0,on,connected,True,synthetic_device_spec_v11
synthetic_customer_000,cabinet_000,2026-08-17 19:40:00+00:00,0,0,0,0,True,True,False,20.711100182911927,-48.51012168464702,3.0196534840099005,3.945135417410322,0.0,0.002168343147149831,0.01405791559457846,on,connected,True,synthetic_device_spec_v11
synthetic_customer_000,cabinet_000,2026-08-17 19:50:00+00:00,0,0,0,0,True,True,False,20.605424890711795,-46.70542485975719,3.000521385534436,3.944803970023517,0.0,0.005249459671554104,0.01319119491611533,on,connected,True,synthetic_device_spec_v11
synthetic_customer_000,cabinet_000,2026-08-17 20:00:00+00:00,0,0,0,0,True,True,False,19.78934228750168,-48.26172278105146,2.9492051843374956,3.9813376912623104,0.0,0.0,0.0,on,connected,True,synthetic_device_spec_v11
synthetic_customer_000,cabinet_000,2026-08-17 20:10:00+00:00,0,0,0,0,True,True,False,19.75760804330361,-48.397516240515735,3.016006352869859,3.918271700411495,0.0,0.00011841944443795792,0.0,on,connected,True,synthetic_device_spec_v11
synthetic_customer_000,cabinet_000,2026-08-17 20:20:00+00:00,0,0,0,0,True,True,False,19.385978856417204,-49.640272727047886,3.031383898862686,3.9235104744731126,0.4252887941453347,0.0,0.0,on,connected,True,synthetic_device_spec_v11
synthetic_customer_000,cabinet_000,2026-08-17 20:30:00+00:00,0,0,0,0,True,True,False,19.091685264596087,-49.660337290480946,3.0031112060995753,4.06904065796195,0.0,0.0,0.0,on,connected,True,synthetic_device_spec_v11
synthetic_customer_000,cabinet_000,2026-08-17 20:40:00+00:00,0,0,0,0,True,True,False,18.785007237765523,-47.68873765208475,2.933633315215571,4.048161054533563,0.4146454675931496,0.009264920225361054,0.03484388798340208,on,connected,True,synthetic_device_spec_v11
synthetic_customer_000,cabinet_000,2026-08-17 21:20:00+00:00,0,0,0,0,True,True,False,23.931154347127865,-48.13132327815108,2.925553909303235,4.033510872762198,0.0,0.0026919805792003297,0.027771322469206126,on,connected,True,synthetic_device_spec_v11
synthetic_customer_000,cabinet_000,2026-08-17 21:30:00+00:00,0,0,0,0,True,True,False,24.067106275807372,-47.04927400028763,3.035039948799592,3.992411675225758,0.0,0.0,0.0,on,connected,True,synthetic_device_spec_v11
synthetic_customer_000,cabinet_000,2026-08-17 21:40:00+00:00,0,0,0,0,True,True,False,24.153467794489604,-48.89714231893353,2.9284149591363917,3.9673190073998352,0.6717786761285627,0.0,0.03218010760462328,on,connected,True,synthetic_device_spec_v11
synthetic_customer_000,cabinet_000,2026-08-17 21:50:00+00:00,0,0,0,0,True,True,False,24.020264579682596,-50.15142764925266,2.851279868387711,3.9176841769825357,0.0,0.021672015159090174,0.0,on,connected,True,synthetic_device_spec_v11
synthetic_customer_000,cabinet_000,2026-08-17 22:00:00+00:00,0,0,0,0,True,True,False,24.223134191030265,-53.27030279355882,2.7036103786252697,3.9374679572895195,0.0,0.03714883229980444,0.02455802307037275,on,connected,True,synthetic_device_spec_v11
synthetic_customer_000,cabinet_000,2026-08-17 22:10:00+00:00,0,0,0,0,True,True,False,24.056730938837394,-53.99692231989121,2.5799074489332496,4.026856832428864,0.6593625133607107,0.0862286071165292,0.0,on,connected,True,synthetic_device_spec_v11
synthetic_customer_000,cabinet_000,2026-08-17 22:20:00+00:00,0,0,0,0,True,True,False,23.959618003528075,-55.855332002619086,2.524565942743299,4.027216558549289,0.0,0.1271605349390438,0.052672634970098664,on,connected,True,synthetic_device_spec_v11
synthetic_customer_000,cabinet_000,2026-08-17 22:30:00+00:00,0,0,0,0,True,True,False,24.023257437690468,-58.20623634892587,2.332031857228246,3.9615914389751055,0.4685303140500831,0.15970872844208656,0.0,on,connected,True,synthetic_device_spec_v11
synthetic_customer_000,cabinet_000,2026-08-17 22:40:00+00:00,0,0,0,0,True,True,False,24.238653891617613,-57.973527474035585,2.177480409853401,4.025651946955114,0.07030957767713618,0.1544592665222231,0.0,on,connected,True,synthetic_device_spec_v11
synthetic_customer_000,cabinet_000,2026-08-17 22:50:00+00:00,0,0,0,0,True,True,False,24.05682288296593,-60.43601367530376,1.9963915699827819,3.954961110237938,0.0,0.2372314335659289,0.0,on,connected,True,synthetic_device_spec_v11
synthetic_customer_000,cabinet_000,2026-08-17 23:00:00+00:00,0,0,0,0,True,True,False,23.791698993199745,-60.37275839109681,1.8865973567771352,3.9910456915540182,0.32613897388688184,0.25077171265295356,0.003292383153172587,on,connected,True,synthetic_device_spec_v11
synthetic_customer_000,cabinet_000,2026-08-17 23:10:00+00:00,0,0,0,0,True,True,False,24.130750970092322,-64.04061791909317,1.6838505819047112,3.96959980413649,0.0,0.3061630872893561,0.0,on,connected,True,synthetic_device_spec_v11
synthetic_customer_000,cabinet_000,2026-08-17 23:20:00+00:00,0,0,0,0,True,True,False,23.80242367091113,-65.30332014463565,1.5653497036428525,3.9876558440069547,0.34733917176831375,0.3374818742496805,0.0076749781118903675,on,connected,True,synthetic_device_spec_v11
synthetic_customer_000,cabinet_000,2026-08-17 23:30:00+00:00,0,0,0,0,True,True,False,23.882717105010148,-66.43034469643963,1.495328434283591,3.954428518864998,0.8142449217260214,0.37172573095819733,0.018930153689598744,on,connected,True,synthetic_device_spec_v11
synthetic_customer_000,cabinet_000,2026-08-17 23:40:00+00:00,0,0,0,0,True,True,False,23.967049584701485,-69.77064870817021,1.3000984573748136,3.9117633553677487,0.0,0.3522768270840123,0.013498175922854733,on,connected,True,synthetic_device_spec_v11
synthetic_customer_000,cabinet_000,2026-08-17 23:50:00+00:00,0,0,0,0,True,True,False,24.01595025818927,-71.97463739627436,1.1268669096904875,3.9814478466311645,0.8177198537768643,0.4270927933955474,0.018894497470078958,on,connected,True,synthetic_device_spec_v11
synthetic_customer_000,cabinet_000,2026-08-18 00:00:00+00:00,0,0,0,0,True,True,False,23.93694740030138,-74.03797313391294,1.0719310067047865,3.9737089368938974,0.0,0.41531139008527884,0.024174867244879675,on,connected,True,synthetic_device_spec_v11
synthetic_customer_000,cabinet_000,2026-08-18 00:10:00+00:00,1,1,1,0,True,True,False,23.863088156809795,-73.89575349802762,0.9642994977839359,4.034607962233031,0.5870916429636686,0.48992786047840253,0.020296790549814696,on,connected,True,synthetic_device_spec_v11
synthetic_customer_000,cabinet_000,2026-08-18 00:20:00+00:00,1,1,1,0,True,True,False,23.96094756831848,-76.71480957205189,0.9714552169708212,4.031694197471741,0.0,0.5626742071412721,9.729284856186665e-05,on,connected,True,synthetic_device_spec_v11
synthetic_customer_000,cabinet_000,2026-08-18 00:30:00+00:00,1,1,1,0,True,True,False,24.083081391291497,-80.56548319739228,0.9937339623148851,3.94064446776929,0.6763991343536807,0.5681719299681355,0.0,on,connected,True,synthetic_device_spec_v11
synthetic_customer_000,cabinet_000,2026-08-18 00:40:00+00:00,0,0,0,0,True,True,False,23.966833451178157,-81.18735443708509,0.9570429244170325,3.895882875898826,0.0,0.6008737568617164,0.0,on,connected,True,synthetic_device_spec_v11
synthetic_customer_000,cabinet_000,2026-08-18 00:50:00+00:00,0,0,0,0,True,True,False,23.895611198576123,-82.01742118998185,0.980836950002795,4.105514255862376,0.3388722135325668,0.6466564887756342,0.01706212016813224,on,connected,True,synthetic_device_spec_v11
synthetic_customer_000,cabinet_000,2026-08-18 01:00:00+00:00,0,0,0,0,True,True,False,23.941375695376305,-82.62953052040305,1.0455543836327887,4.016414346289195,0.06533435149278288,0.6429901144727689,0.0,on,connected,True,synthetic_device_spec_v11
synthetic_customer_000,cabinet_000,2026-08-18 01:40:00+00:00,0,0,0,0,True,True,False,24.11263308818846,-48.57221154340926,3.032009485202566,4.0614341034402175,0.14606580106861003,0.0,0.0017227389585946485,on,connected,True,synthetic_device_spec_v11
synthetic_customer_000,cabinet_000,2026-08-18 01:50:00+00:00,0,0,0,0,True,True,False,24.17084587595134,-48.154258274172456,3.020172754417065,4.011186042972579,0.007300323215521388,0.006176375678261945,0.0,on,connected,True,synthetic_device_spec_v11
synthetic_customer_000,cabinet_000,2026-08-18 02:00:00+00:00,0,0,0,0,True,True,False,24.111447469106757,-48.01240516643656,3.0230091263155665,3.8796725579985805,0.0,0.025202429544174496,0.01576465951015272,on,connected,True,synthetic_device_spec_v11
synthetic_customer_000,cabinet_000,2026-08-18 02:10:00+00:00,0,0,0,0,True,True,False,23.98523594878012,-48.14161169398116,2.9377467790523624,3.9417748038708753,0.0,0.0,0.019625018397038473,on,connected,True,synthetic_device_spec_v11
synthetic_customer_000,cabinet_000,2026-08-18 02:20:00+00:00,0,0,0,0,True,True,False,23.98136539069834,-47.43848673556269,3.022734746872344,4.002081493793903,0.33868670101391835,0.029842052524391083,0.002997854668705618,on,connected,True,synthetic_device_spec_v11
synthetic_customer_000,cabinet_000,2026-08-18 02:30:00+00:00,0,0,0,0,True,True,False,24.03483164055942,-48.05017611103965,3.0219719800959517,3.95317183998742,0.4234223535943077,0.03655214834854327,0.0,on,connected,True,synthetic_device_spec_v11
synthetic_customer_000,cabinet_000,2026-08-18 02:40:00+00:00,0,0,0,0,True,True,False,23.942909686070763,-48.859927567208445,3.0032131158839146,4.064431400023881,0.0,0.01291586122345388,0.003903875176635087,on,connected,True,synthetic_device_spec_v11
synthetic_customer_000,cabinet_000,2026-08-18 02:50:00+00:00,0,0,0,0,True,True,False,23.961147968631668,-47.40727767828326,3.0179727543139885,4.016488115823961,0.23080082299159715,0.0,0.0,on,connected,True,synthetic_device_spec_v11
synthetic_customer_000,cabinet_000,2026-08-18 03:00:00+00:00,0,0,0,0,True,True,False,23.85523525067952,-47.36158132058118,3.032898505426482,4.099129758456525,0.05629583128901281,0.0,0.0,on,connected,True,synthetic_device_spec_v11
synthetic_customer_000,cabinet_000,2026-08-18 03:10:00+00:00,0,0,0,0,True,True,False,24.01065934819903,-48.80208565324139,2.967653317267175,3.955283305120683,0.2941194201608005,0.026836253706051957,0.0,on,connected,True,synthetic_device_spec_v11
synthetic_customer_000,cabinet_000,2026-08-18 03:20:00+00:00,0,0,0,0,True,True,False,23.76956362609667,-48.52871125396991,3.005670446328492,3.9569577416762027,0.24121901553002797,0.0,0.0,on,connected,True,synthetic_device_spec_v11
synthetic_customer_000,cabinet_000,2026-08-18 03:30:00+00:00,0,0,0,0,True,True,False,24.17654477743898,-47.80420035005102,3.094258589452905,3.824335003816821,1.0870747674044463,0.053831030241928896,0.012429192586534004,on,connected,True,synthetic_device_spec_v11
synthetic_customer_000,cabinet_000,2026-08-18 03:40:00+00:00,0,0,0,0,True,True,False,24.06282839581625,-49.03770739673456,2.9737566910382034,4.070818966342591,0.0,0.0,0.0,on,connected,True,synthetic_device_spec_v11
synthetic_customer_000,cabinet_000,2026-08-18 03:50:00+00:00,0,0,0,0,True,True,False,24.15194410620801,-48.330235847168545,3.0480723672104313,3.930366490769501,0.0,0.017924440227950776,0.0,on,connected,True,synthetic_device_spec_v11
synthetic_customer_000,cabinet_000,2026-08-18 04:00:00+00:00,0,0,0,0,True,True,False,23.968282508345016,-47.41227442288967,3.007783837435456,3.9845905613243553,0.18418501686965466,0.002503650167584168,0.030771545759512593,on,connected,True,synthetic_device_spec_v11
synthetic_customer_000,cabinet_000,2026-08-18 04:10:00+00:00,0,0,0,0,True,True,False,23.98944511838707,-49.39650327878456,2.9938219280314993,3.9424041043552425,0.0,0.0,0.0,on,connected,True,synthetic_device_spec_v11
synthetic_customer_000,cabinet_000,2026-08-18 04:20:00+00:00,0,0,0,0,True,True,False,23.980749517557943,-48.5258326851607,2.9828523853216744,3.94050972739526,0.0,0.0,0.0,on,connected,True,synthetic_device_spec_v11
synthetic_customer_000,cabinet_000,2026-08-18 04:30:00+00:00,0,0,0,0,True,True,False,24.00388497098608,-48.21885473307123,2.935124283565952,4.006738104104182,0.0,0.035961128262954244,0.009415677990016037,on,connected,True,synthetic_device_spec_v11
synthetic_customer_000,cabinet_000,2026-08-18 04:40:00+00:00,0,0,0,0,True,True,False,24.068334417967687,-47.643481966266286,3.0399630969252307,4.032197700241146,0.42401423553361256,0.0,0.0,on,connected,True,synthetic_device_spec_v11
synthetic_customer_000,cabinet_000,2026-08-18 04:50:00+00:00,0,0,0,0,True,True,False,23.812052842952212,-47.85145165377688,2.9782930398890715,4.124511860225287,0.7439450051937533,0.0,0.027201633147057692,on,connected,True,synthetic_device_spec_v11
synthetic_customer_000,cabinet_000,2026-08-18 05:00:00+00:00,0,0,0,0,True,True,False,24.169801455488553,-47.92269583300148,3.0447813215242343,3.901751038778986,0.08826867792911419,0.0,0.0020953301915275914,on,connected,True,synthetic_device_spec_v11
synthetic_customer_000,cabinet_000,2026-08-18 05:10:00+00:00,0,0,0,0,True,True,False,23.98530475535313,-48.14082954110392,3.081185006163584,4.0667549256392075,0.0,0.0,0.0126521703837064,on,connected,True,synthetic_device_spec_v11
synthetic_customer_000,cabinet_000,2026-08-18 05:20:00+00:00,0,0,0,0,True,True,False,23.967008328547987,-49.63034340511071,2.9663197620917643,3.934139967526353,0.012532638658867506,0.019394796480938857,0.020947390035733367,on,connected,True,synthetic_device_spec_v11
synthetic_customer_000,cabinet_000,2026-08-18 05:30:00+00:00,0,0,0,0,True,True,False,24.016157061511784,-45.774374557479845,2.9757903109074384,3.968919309563611,0.0,0.012288583896469397,0.0035728099441345355,on,connected,True,synthetic_device_spec_v11
synthetic_customer_000,cabinet_000,2026-08-18 05:40:00+00:00,0,0,0,0,True,True,False,23.780742523750096,-48.73562404701795,3.022791354226909,4.136739005645136,1.4547526284569552,0.01932197741387995,0.0,on,connected,True,synthetic_device_spec_v11
synthetic_customer_000,cabinet_000,2026-08-18 05:50:00+00:00,0,0,0,0,True,True,False,23.947377421887424,-46.93990263236852,2.9311639795827005,3.99758477159329,2.8001735472191296,0.0,0.0,on,connected,True,synthetic_device_spec_v11
synthetic_customer_000,cabinet_000,2026-08-18 06:00:00+00:00,0,0,0,0,True,True,False,24.13999989877139,-48.943476068866964,2.959091734047619,4.055667898815966,4.23178852138323,0.0,0.0059484028679680535,on,connected,True,synthetic_device_spec_v11
synthetic_customer_000,cabinet_000,2026-08-18 06:10:00+00:00,1,1,1,1,True,True,False,24.020138744645966,-47.2942690981397,3.050878381400557,3.9671256373164794,5.095877557320564,0.0,0.0,on,connected,True,synthetic_device_spec_v11
synthetic_customer_000,cabinet_000,2026-08-18 06:20:00+00:00,1,1,1,1,True,True,False,24.169820322352344,-47.543917753928596,2.946983683260675,4.104122405837047,7.247690900479716,0.0028176483434841208,0.0,on,connected,True,synthetic_device_spec_v11
synthetic_customer_000,cabinet_000,2026-08-18 06:30:00+00:00,1,1,1,1,True,True,False,23.930984704952998,-49.56954603963483,3.0022191529995594,4.037327384848,8.636278401905885,0.012043489788732452,0.0,on,connected,True,synthetic_device_spec_v11
synthetic_customer_000,cabinet_000,2026-08-18 06:40:00+00:00,0,0,0,0,True,True,False,23.831072712339566,-47.22501678143193,3.0561147418280727,3.962469816050882,9.45678445083707,0.0,0.0,on,connected,True,synthetic_device_spec_v11
synthetic_customer_000,cabinet_000,2026-08-18 06:50:00+00:00,0,0,0,0,True,True,False,24.09805262786121,-47.92162399682771,2.972067147541238,4.005211452485567,9.52423380991118,0.0029324571364871127,0.0,on,connected,True,synthetic_device_spec_v11
synthetic_customer_000,cabinet_000,2026-08-18 07:00:00+00:00,0,0,0,0,True,True,False,23.89510702051359,-47.99635816750404,3.0381705085626174,4.0812069658551415,11.960546749919848,0.0,0.007679001673318972,on,connected,True,synthetic_device_spec_v11
synthetic_customer_000,cabinet_000,2026-08-18 07:10:00+00:00,0,0,0,0,True,True,False,23.935841278567214,-49.37824712158974,2.9649908775852616,3.871652352718173,12.972260561387058,0.011941270922423796,0.0,on,connected,True,synthetic_device_spec_v11
synthetic_customer_000,cabinet_000,2026-08-18 07:20:00+00:00,0,0,0,0,True,True,False,24.102410078107017,-49.44157684835202,2.9411298406196673,3.971405691772528,14.63886137020797,0.0,0.0,on,connected,True,synthetic_device_spec_v11
synthetic_customer_000,cabinet_000,2026-08-18 07:30:00+00:00,0,0,0,0,True,True,False,24.021278007373667,-47.24022254413673,3.0652867774118358,4.064737521699906,15.646264429234957,0.037638454576154924,0.020206814263260597,on,connected,True,synthetic_device_spec_v11
synthetic_customer_000,cabinet_000,2026-08-18 07:40:00+00:00,0,0,0,0,True,True,False,23.999351690852315,-47.68386548038965,3.0130975034996506,3.9672355614327417,16.27807827565662,0.0,0.02881780500108549,on,connected,True,synthetic_device_spec_v11
synthetic_customer_000,cabinet_000,2026-08-18 07:50:00+00:00,0,0,0,0,True,True,False,23.988436443561284,-47.97335262748161,2.9637537852091453,3.94703785163157,18.902882059556642,0.00809571682492124,0.016686370642230455,on,connected,True,synthetic_device_spec_v11
synthetic_customer_000,cabinet_000,2026-08-18 08:00:00+00:00,0,0,0,0,True,True,False,23.86142835217592,-48.533265528083426,2.9822898480356494,4.130121918224485,19.15565281770963,0.02120022282459283,0.0,on,connected,True,synthetic_device_spec_v11
synthetic_customer_000,cabinet_000,2026-08-18 08:10:00+00:00,0,0,0,0,True,True,False,24.090614917733753,-48.3792904237487,2.978760249198822,4.027190884161817,21.93888213318084,0.0,0.014860748909073926,on,connected,True,synthetic_device_spec_v11
synthetic_customer_000,cabinet_000,2026-08-18 08:20:00+00:00,0,0,0,0,True,True,False,23.995815379561794,-48.17151125561005,3.0572017401887073,4.007757225429721,22.09670949834979,0.008281970926728721,0.012711161327980091,on,connected,True,synthetic_device_spec_v11
synthetic_customer_000,cabinet_000,2026-08-18 08:30:00+00:00,0,0,0,0,True,True,False,24.230245484689473,-48.26417246422265,3.0050038156395975,4.065299284235607,24.12183425024489,0.0,0.006910110818744195,on,connected,True,synthetic_device_spec_v11
synthetic_customer_000,cabinet_000,2026-08-18 08:40:00+00:00,0,0,0,0,True,True,False,23.835256192997523,-48.02060076836356,3.094667448938579,3.986424448742972,25.147786149493992,0.0,0.005372386840158881,on,connected,True,synthetic_device_spec_v11
synthetic_customer_000,cabinet_000,2026-08-18 08:50:00+00:00,0,0,0,0,True,True,False,24.045854437339628,-48.60369441278095,3.033009147204313,3.997991582304364,24.30211431002003,0.0164350208091819,0.026218379893181914,on,connected,True,synthetic_device_spec_v11
synthetic_customer_000,cabinet_000,2026-08-18 09:00:00+00:00,0,0,0,0,True,True,False,23.801724595295543,-47.76772701614876,3.0093000238612055,4.053863259098178,25.18507579370631,0.0,0.008105924087291794,on,connected,True,synthetic_device_spec_v11
synthetic_customer_000,cabinet_000,2026-08-18 09:10:00+00:00,0,0,0,0,True,True,False,23.919140021616798,-48.51544909117515,2.9611127524766103,4.056828893913029,25.95723218650835,0.0,0.017299125122962004,on,connected,True,synthetic_device_spec_v11
synthetic_customer_000,cabinet_000,2026-08-18 09:20:00+00:00,0,0,0,0,True,True,False,23.846342180944298,-47.985587958003734,2.9505688596380466,3.938366430395984,24.8080562411238,0.053368751019182384,0.0,on,connected,True,synthetic_device_spec_v11
synthetic_customer_000,cabinet_000,2026-08-18 09:30:00+00:00,0,0,0,0,True,True,False,23.94815610973563,-49.11538718106552,2.9754722574026102,3.945149228921381,24.087385837418672,0.012088750823461196,0.01386877991838973,on,connected,True,synthetic_device_spec_v11
synthetic_customer_000,cabinet_000,2026-08-18 09:40:00+00:00,0,0,0,0,True,True,False,24.04096477576552,-48.42986223556121,3.041120724764738,3.9877570130216133,24.975204676287348,0.023634864709258525,0.014439698544631905,on,connected,True,synthetic_device_spec_v11
synthetic_customer_000,cabinet_000,2026-08-18 09:50:00+00:00,0,0,0,0,True,True,False,23.910785008684392,-46.81154828936533,2.992948779868351,3.9616100646578474,25.027842193605903,0.0,0.0,on,connected,True,synthetic_device_spec_v11
synthetic_customer_000,cabinet_000,2026-08-18 10:00:00+00:00,0,0,0,0,True,True,False,24.145303357326224,-48.23326567753867,3.0135500026052107,3.9929481239283553,0.0,0.03856690434341631,0.0,on,connected,True,synthetic_device_spec_v11
synthetic_customer_000,cabinet_000,2026-08-18 10:10:00+00:00,0,0,0,0,True,True,False,24.097976746144667,-47.49835769907989,3.001604074081917,4.0379071423748965,0.0,0.0,0.0,on,connected,True,synthetic_device_spec_v11
synthetic_customer_000,cabinet_000,2026-08-18 10:20:00+00:00,0,0,0,0,True,True,False,24.14246764094882,-47.84443111424635,3.021518616375374,3.976112275614729,0.0,0.0,0.02947516888318056,on,connected,True,synthetic_device_spec_v11
synthetic_customer_000,cabinet_000,2026-08-18 10:30:00+00:00,0,0,0,0,True,True,False,24.020354354217087,-49.44715844070813,2.9952358783618074,3.91588520273294,0.6755133884229796,0.0,0.0,on,connected,True,synthetic_device_spec_v11
synthetic_customer_000,cabinet_000,2026-08-18 10:40:00+00:00,0,0,0,0,True,True,False,24.13830244416149,-48.4686790838839,2.9643984769167226,4.012820821090802,0.1024842494857418,0.0,0.013122290731286483,on,connected,True,synthetic_device_spec_v11
synthetic_customer_000,cabinet_000,2026-08-18 10:50:00+00:00,0,0,0,0,True,True,False,23.850787650728133,-47.36258539561576,2.99726225384837,4.155637287988494,0.10099902302026176,0.05019128407096199,0.0347847808783809,on,connected,True,synthetic_device_spec_v11
synthetic_customer_000,cabinet_000,2026-08-18 11:00:00+00:00,0,0,0,0,True,True,False,23.988406777185364,-48.23322555584834,3.0328630650557566,4.316470071362705,0.0,0.03724481789546902,0.03632561571755465,on,connected,True,synthetic_device_spec_v11
synthetic_customer_000,cabinet_000,2026-08-18 11:10:00+00:00,0,0,0,0,True,True,False,24.04592350246464,-48.35869350404866,2.9931330953423316,4.5721294898863,0.2159189686853851,0.0,0.09388623006893151,on,connected,True,synthetic_device_spec_v11
synthetic_customer_000,cabinet_000,2026-08-18 11:20:00+00:00,0,0,0,0,True,True,False,23.883806620963238,-48.20154381023101,2.9585438760300966,4.810744652444669,0.0,0.009170768230959211,0.1255336476177054,on,connected,True,synthetic_device_spec_v11
synthetic_customer_000,cabinet_000,2026-08-18 11:30:00+00:00,0,0,0,0,True,True,False,23.88938069471913,-50.000896126092876,2.984566876955379,5.1233804898128215,0.6702313708158296,0.03430967482844057,0.14065235921750452,on,connected,True,synthetic_device_spec_v11
synthetic_customer_000,cabinet_000,2026-08-18 11:40:00+00:00,0,0,0,0,True,True,False,23.938530506675168,-47.87950963990286,3.0073952129299313,5.269056855552108,0.0,0.0,0.15921610537519246,on,connected,True,synthetic_device_spec_v11
synthetic_customer_000,cabinet_000,2026-08-18 11:50:00+00:00,0,0,0,0,True,True,False,24.133829085780558,-49.11315806043107,2.9584143331001385,5.684516368192884,0.37046414890613805,0.0,0.22712807627509882,on,connected,True,synthetic_device_spec_v11
synthetic_customer_000,cabinet_000,2026-08-18 12:00:00+00:00,0,0,0,0,True,True,False,24.036019895855063,-47.15105011351261,3.030130204053636,5.853887525152492,0.0,0.0,0.23365574891442553,on,connected,True,synthetic_device_spec_v11
synthetic_customer_000,cabinet_000,2026-08-18 12:10:00+00:00,1,1,1,1,True,True,False,24.149158885801445,-47.8109322314118,3.019120292672453,6.052618807280933,0.07545460856635769,0.006214800005554322,0.2944033308418862,on,connected,True,synthetic_device_spec_v11
synthetic_customer_000,cabinet_000,2026-08-18 12:20:00+00:00,1,1,1,1,True,True,False,24.033422367984837,-47.5924027269395,3.0223523052952386,6.335349297282649,0.0,0.0,0.31308114871496623,on,connected,True,synthetic_device_spec_v11
synthetic_customer_000,cabinet_000,2026-08-18 12:30:00+00:00,1,1,1,1,True,True,False,23.959488384955577,-45.86822128613129,3.001047070477814,6.469995110101855,0.40710820484644905,0.0013681551663813501,0.3198667150117862,on,connected,True,synthetic_device_spec_v11
synthetic_customer_000,cabinet_000,2026-08-18 12:40:00+00:00,0,0,0,0,True,True,False,24.201221640995577,-47.40760411263286,2.9906102750249124,6.673274653059622,0.16487349040063548,0.03301876245337595,0.38383952221036266,on,connected,True,synthetic_device_spec_v11
synthetic_customer_000,cabinet_000,2026-08-18 12:50:00+00:00,0,0,0,0,True,True,False,23.926440820382574,-49.16862976901899,2.9522469599170056,6.986911531237971,0.6487236060381634,0.0,0.39435259311110665,on,connected,True,synthetic_device_spec_v11
synthetic_customer_000,cabinet_000,2026-08-18 13:00:00+00:00,0,0,0,0,True,True,False,24.140557712713967,-47.12792899654894,3.0061491252321626,7.102006855008285,0.0,0.0,0.3583625780848509,on,connected,True,synthetic_device_spec_v11
synthetic_customer_000,cabinet_000,2026-08-18 13:10:00+00:00,0,0,0,0,True,True,False,23.80816418171273,-47.5480721605568,3.0194469997326023,7.107197128008215,0.1311456756061891,0.0,0.39757455566102434,on,connected,True,synthetic_device_spec_v11
synthetic_customer_000,cabinet_000,2026-08-18 13:20:00+00:00,0,0,0,0,True,True,False,24.092052539951542,-47.45012302901802,2.993471097401412,7.042254797948781,0.0,0.0,0.3701841301494683,on,connected,True,synthetic_device_spec_v11
synthetic_customer_000,cabinet_000,2026-08-18 13:30:00+00:00,0,0,0,0,True,True,False,24.029313886759844,-47.420238534362994,2.9828141582627743,7.023716027881505,0.0,0.005858976851834858,0.3781226925098656,on,connected,True,synthetic_device_spec_v11
synthetic_customer_000,cabinet_000,2026-08-18 13:40:00+00:00,0,0,0,0,True,True,False,24.045040949891643,-48.82242769730892,2.9724493572536215,3.9334960061857096,0.3453161802432741,0.01698633589761736,0.0,on,connected,True,synthetic_device_spec_v11
synthetic_customer_000,cabinet_000,2026-08-18 13:50:00+00:00,0,0,0,0,True,True,False,24.00050341716549,-49.38654229976345,2.9283549594699623,4.005548120269062,0.0,0.039434265885703715,0.0,on,connected,True,synthetic_device_spec_v11
synthetic_customer_000,cabinet_000,2026-08-18 14:00:00+00:00,0,0,0,0,True,True,False,24.032319103536295,-48.71822615097982,2.9608398954021142,4.070550126999393,0.0,0.0,0.013527044156088875,on,connected,True,synthetic_device_spec_v11
synthetic_customer_000,cabinet_000,2026-08-18 14:10:00+00:00,0,0,0,0,True,True,False,23.963265367000112,-48.9104735982317,2.957569944862166,3.956393131190839,0.8535929638620346,0.0,0.0,on,connected,True,synthetic_device_spec_v11
synthetic_customer_000,cabinet_000,2026-08-18 14:20:00+00:00,0,0,0,0,True,True,False,23.94068018963883,-46.42893079087245,2.975234949035764,4.0933429607767815,0.0,0.0,0.0,on,connected,True,synthetic_device_spec_v11
synthetic_customer_000,cabinet_000,2026-08-18 14:30:00+00:00,0,0,0,0,True,True,False,24.225311690468416,-47.306662250870595,3.0567553723168697,3.9725315174520643,0.5081739881499632,0.0,0.0,on,connected,True,synthetic_device_spec_v11
synthetic_customer_000,cabinet_000,2026-08-18 14:40:00+00:00,0,0,0,0,True,True,False,24.040407777264935,-48.67399883711201,3.0019861617458994,3.9268145546685598,0.6015215587242765,0.006294230086029528,0.0,on,connected,True,synthetic_device_spec_v11
synthetic_customer_000,cabinet_000,2026-08-18 14:50:00+00:00,0,0,0,0,True,True,False,24.06581249508122,-49.08381199932224,3.069136752688481,3.9559823412544732,0.0,0.04498271543155131,0.006824943239644057,on,connected,True,synthetic_device_spec_v11
synthetic_customer_000,cabinet_000,2026-08-18 15:00:00+00:00,0,0,0,0,True,True,False,24.01472695376015,-46.531612023553045,3.0517709000539894,3.9687367971755707,0.4765545649075748,0.0,0.018107488220411583,on,connected,True,synthetic_device_spec_v11
synthetic_customer_000,cabinet_000,2026-08-18 15:10:00+00:00,0,0,0,0,True,True,False,23.931310963542103,-46.873329258862185,2.99412153026471,3.954519350685168,0.08161056554126703,0.022598871699696932,0.0,on,connected,True,synthetic_device_spec_v11
synthetic_customer_000,cabinet_000,2026-08-18 15:20:00+00:00,0,0,0,0,True,True,False,23.874955366856764,-47.11695189675853,2.926117947732661,3.961457212323658,0.0,0.024330421277484637,0.014340664222018016,on,connected,True,synthetic_device_spec_v11
synthetic_customer_000,cabinet_000,2026-08-18 15:30:00+00:00,0,0,0,0,True,True,False,24.086034817535154,-47.97130783813969,3.0334301830625527,4.021255611121748,0.0,0.02377648020688113,0.013862497311120893,on,connected,True,synthetic_device_spec_v11
synthetic_customer_000,cabinet_000,2026-08-18 15:40:00+00:00,0,0,0,0,True,True,False,23.84100377348544,-47.26769778633601,3.073807844779187,3.9383545274229164,0.0,0.0,0.016852994595626357,on,connected,True,synthetic_device_spec_v11
synthetic_customer_000,cabinet_000,2026-08-18 15:50:00+00:00,0,0,0,0,True,True,False,23.49383962612038,-48.54680428587292,3.0219580468863274,3.977545660082148,0.498267838955684,0.0,0.0,on,connected,True,synthetic_device_spec_v11
synthetic_customer_000,cabinet_000,2026-08-18 16:00:00+00:00,0,0,0,0,True,True,False,22.800763987877296,-47.315650400403506,3.0495374656709497,4.126232416139979,0.6268123071752804,0.0,0.0,on,connected,True,synthetic_device_spec_v11
synthetic_customer_000,cabinet_000,2026-08-18 16:10:00+00:00,0,0,0,0,True,True,False,22.568225044004187,-50.80023172065727,3.027444422646996,3.98924993289388,0.41695837794204627,0.050596026438755215,0.0,on,connected,True,synthetic_device_spec_v11
synthetic_customer_000,cabinet_000,2026-08-18 16:20:00+00:00,0,0,0,0,True,True,False,22.08017885537957,-47.643109860067185,3.010780130772907,4.0261987558221115,0.0,0.0,0.009251494172577673,on,connected,True,synthetic_device_spec_v11
synthetic_customer_000,cabinet_000,2026-08-18 16:30:00+00:00,0,0,0,0,True,True,False,21.83451483507131,-47.33172333245661,2.9207233672445008,4.007246217753353,0.18249618349888583,0.0573977513813933,0.01573014194544862,on,connected,True,synthetic_device_spec_v11
synthetic_customer_000,cabinet_000,2026-08-18 16:40:00+00:00,0,0,0,0,True,True,False,21.0426509955843,-47.46613893998805,3.0367496776431455,3.9719144309938117,0.3119192154255691,0.0,0.0,on,connected,True,synthetic_device_spec_v11
synthetic_customer_000,cabinet_000,2026-08-18 16:50:00+00:00,0,0,0,0,True,True,False,20.761657327975037,-47.95421326359792,2.950865164280868,3.95172787475681,0.0,0.0,0.0197964335092093,on,connected,True,synthetic_device_spec_v11
synthetic_customer_000,cabinet_000,2026-08-18 17:00:00+00:00,0,0,0,0,True,True,False,20.35975691904951,-46.72251975217462,2.9791509155874407,4.0676481755893565,0.052957479253748455,0.0,0.008881198585759727,on,connected,True,synthetic_device_spec_v11
synthetic_customer_000,cabinet_000,2026-08-18 17:10:00+00:00,0,0,0,0,True,True,False,19.86785000052129,-48.05312473705152,3.0263643775851388,3.975968392968756,0.0,0.0,0.004386130364923212,on,connected,True,synthetic_device_spec_v11
synthetic_customer_000,cabinet_000,2026-08-18 17:20:00+00:00,0,0,0,0,True,True,False,19.69488831412984,-45.94505241901214,2.9731166827399527,3.987631675804966,0.0,0.0,0.0,on,connected,True,synthetic_device_spec_v11
synthetic_customer_000,cabinet_000,2026-08-18 17:30:00+00:00,0,0,0,0,True,True,False,19.01545358742315,-48.362953711935226,3.0977414667392695,3.9740249023286474,0.5195377218116093,0.0,6.656717264036663e-05,on,connected,True,synthetic_device_spec_v11
synthetic_customer_000,cabinet_000,2026-08-18 17:40:00+00:00,0,0,0,0,True,True,False,18.622604458455676,-47.94540922986123,3.077536255876616,3.9006354496230404,0.0,0.008119181653649771,0.0196434631115745,on,connected,True,synthetic_device_spec_v11
synthetic_customer_000,cabinet_000,2026-08-18 18:30:00+00:00,1,1,1,1,True,True,False,24.073492384374607,-49.200149403944906,3.0324365680694148,3.9495362859001766,0.0,0.00875489349133025,0.024892305820103666,on,connected,True,synthetic_device_spec_v11
synthetic_customer_000,cabinet_000,2026-08-18 18:40:00+00:00,0,0,0,0,True,True,False,24.146509710845326,-47.83740857074033,2.9792286915155626,3.9096260977796575,0.0,0.0,0.0,on,connected,True,synthetic_device_spec_v11
synthetic_customer_000,cabinet_000,2026-08-18 18:50:00+00:00,0,0,0,0,True,True,False,23.850001870315552,-48.36911211808397,3.0154235549414574,3.9676717981898815,0.6597920937153335,0.00649550244492672,0.00462050723670333,on,connected,True,synthetic_device_spec_v11
synthetic_customer_000,cabinet_000,2026-08-18 19:00:00+00:00,0,0,0,0,True,True,False,23.92785554881159,-48.482677874172325,3.052997411596147,3.9591956284347805,0.9977013951691314,0.0,0.0,on,connected,True,synthetic_device_spec_v11
synthetic_customer_000,cabinet_000,2026-08-18 19:10:00+00:00,0,0,0,0,True,True,False,24.01490486566541,-49.199985654940704,3.0441366691675666,3.9351172768060367,0.44790753295469854,0.0,0.010516013807640294,on,connected,True,synthetic_device_spec_v11
synthetic_customer_000,cabinet_000,2026-08-18 19:20:00+00:00,0,0,0,0,True,True,False,24.007121307151255,-47.35288760462981,2.9487535627824095,3.8471100364263537,0.0,0.002139639856406795,0.0,on,connected,True,synthetic_device_spec_v11
synthetic_customer_000,cabinet_000,2026-08-18 19:30:00+00:00,0,0,0,0,True,True,False,24.07458909614674,-49.16213226362619,3.0291181813614703,4.03215525711557,0.0,0.0,0.0,on,connected,True,synthetic_device_spec_v11
synthetic_customer_000,cabinet_000,2026-08-18 19:40:00+00:00,0,0,0,0,True,True,False,23.9231457717312,-47.565252038893526,2.942579849219331,4.070777403625508,0.32356763418375856,0.01018250119143082,0.0,on,connected,True,synthetic_device_spec_v11
synthetic_customer_000,cabinet_000,2026-08-18 19:50:00+00:00,0,0,0,0,True,True,False,24.392008095024533,-47.714824190092756,2.933000978038201,3.9439681512601745,0.0,0.007454775227389804,0.015174775946606756,on,connected,True,synthetic_device_spec_v11
synthetic_customer_000,cabinet_000,2026-08-18 20:00:00+00:00,0,0,0,0,True,True,False,24.25047977496697,-46.60410430815887,3.086262104387682,3.9925341927398206,0.0,0.0005142494684119446,0.003382616769737293,on,connected,True,synthetic_device_spec_v11
synthetic_customer_000,cabinet_000,2026-08-18 20:10:00+00:00,0,0,0,0,True,True,False,23.816366434070396,-48.28350503404838,2.962582746800055,4.03039850293436,0.20665234617745737,0.0,0.0,on,connected,True,synthetic_device_spec_v11
synthetic_customer_000,cabinet_000,2026-08-18 20:20:00+00:00,0,0,0,0,True,True,False,23.976848915253083,-47.427257517581666,3.0158657101459054,3.9960044014539577,0.0,0.0,0.0,on,connected,True,synthetic_device_spec_v11
synthetic_customer_000,cabinet_000,2026-08-18 20:30:00+00:00,0,0,0,0,True,True,False,24.036382606964594,-46.799351169673905,3.0040687002587303,4.013271777970995,0.0,0.0,0.0,on,connected,True,synthetic_device_spec_v11
synthetic_customer_000,cabinet_000,2026-08-18 20:40:00+00:00,0,0,0,0,True,True,False,23.951252835423446,-48.236924235614175,3.026049594792792,4.0039643096604935,0.0,0.0,0.00167618614324916,on,connected,True,synthetic_device_spec_v11
synthetic_customer_000,cabinet_000,2026-08-18 20:50:00+00:00,0,0,0,0,True,True,False,24.03576535401188,-48.650900002361496,2.9448315019670908,4.03652140759316,0.0,0.0,0.02412058083990533,on,connected,True,synthetic_device_spec_v11
synthetic_customer_000,cabinet_000,2026-08-18 21:00:00+00:00,0,0,0,0,True,True,False,23.968038814954944,-46.92030512548221,2.970467306885253,4.005848043735894,0.0,0.0,0.030452321098723742,on,connected,True,synthetic_device_spec_v11
synthetic_customer_000,cabinet_000,2026-08-18 21:10:00+00:00,0,0,0,0,True,True,False,24.109534557434277,-47.954653602360864,2.990981030625522,3.975977514526984,0.0,0.0,0.0,on,connected,True,synthetic_device_spec_v11
synthetic_customer_000,cabinet_000,2026-08-18 21:20:00+00:00,0,0,0,0,True,True,False,24.02268091604288,-48.21353432788141,2.967230845146277,3.976925698870097,0.0637517147174967,0.0,0.006470903633900673,on,connected,True,synthetic_device_spec_v11
synthetic_customer_000,cabinet_000,2026-08-18 21:30:00+00:00,0,0,0,0,True,True,False,23.998309193218294,-46.34603865788014,2.9712338925056847,3.8860343635216066,0.0,0.03282372422322411,0.0,on,connected,True,synthetic_device_spec_v11
synthetic_customer_000,cabinet_000,2026-08-18 21:40:00+00:00,0,0,0,0,True,True,False,24.126146113338883,-46.65422414599881,3.0701842569769524,4.0396075769778514,0.0,0.0,0.033323495949639265,on,connected,True,synthetic_device_spec_v11
synthetic_customer_000,cabinet_000,2026-08-18 21:50:00+00:00,0,0,0,0,True,True,False,24.161446786626353,-47.99787574075846,3.015003750799504,3.9980899456142023,0.0,0.036412791773306794,0.03165998019870932,on,connected,True,synthetic_device_spec_v11
synthetic_customer_000,cabinet_000,2026-08-18 22:00:00+00:00,0,0,0,0,True,True,False,23.778315436621792,-47.036886858710375,3.022483536479902,4.073938464468888,0.0,0.04067730042528016,0.0,on,connected,True,synthetic_device_spec_v11
synthetic_customer_000,cabinet_000,2026-08-18 22:10:00+00:00,0,0,0,0,True,True,False,24.056199851788648,-48.153665720589665,3.0108680466510442,4.044256478995831,0.16836820692295149,0.03540672547617561,0.0,on,connected,True,synthetic_device_spec_v11
synthetic_customer_000,cabinet_000,2026-08-18 22:20:00+00:00,0,0,0,0,True,True,False,24.086361744972752,-46.57432808633573,2.944094709454447,3.859811904345118,0.3884426256578005,0.0,0.04500913601547063,on,connected,True,synthetic_device_spec_v11
synthetic_customer_000,cabinet_000,2026-08-18 22:30:00+00:00,0,0,0,0,True,True,False,23.960399751408616,-47.53881125535888,2.9961128111487714,3.9923903311873334,0.061572294018416,0.021745781662052224,0.00745895405365145,on,connected,True,synthetic_device_spec_v11
synthetic_customer_000,cabinet_000,2026-08-18 22:40:00+00:00,0,0,0,0,True,True,False,23.944060744661193,-47.155451763379574,2.955867169658773,4.015752038283905,1.0604279608484901,0.0,0.02786490152156628,on,connected,True,synthetic_device_spec_v11
synthetic_customer_000,cabinet_000,2026-08-18 22:50:00+00:00,0,0,0,0,True,True,False,24.194911862424313,-48.56252822205146,2.949975151131614,4.008637185021258,0.0,0.0,0.0050444219849591,on,connected,True,synthetic_device_spec_v11
synthetic_customer_000,cabinet_000,2026-08-18 23:00:00+00:00,0,0,0,0,True,True,False,24.107362872478255,-48.91011719812435,2.994583797697642,3.9785059604253106,1.0086019387633551,0.0,0.0,on,connected,True,synthetic_device_spec_v11
synthetic_customer_000,cabinet_000,2026-08-18 23:10:00+00:00,0,0,0,0,True,True,False,24.08098445502952,-47.61168009299469,3.008321094731868,4.022597211637061,0.07752271189122033,0.0,0.0,on,connected,True,synthetic_device_spec_v11
synthetic_customer_000,cabinet_000,2026-08-18 23:20:00+00:00,0,0,0,0,True,True,False,24.068693116316574,-48.219400730026706,3.045007784296944,4.025804650298759,0.04151281114540394,0.003214724453828931,0.004281690539275637,on,connected,True,synthetic_device_spec_v11
synthetic_customer_000,cabinet_000,2026-08-18 23:30:00+00:00,0,0,0,0,True,True,False,24.109783507733674,-49.36446750052447,3.0010186376499335,4.058897501056954,0.5054782798957274,0.0,0.006795077683277215,on,connected,True,synthetic_device_spec_v11
synthetic_customer_000,cabinet_000,2026-08-18 23:40:00+00:00,0,0,0,0,True,True,False,23.64443974424652,-47.293062116319234,2.982922534571462,3.9996434421474687,0.0,0.002457441243455086,0.0,on,connected,True,synthetic_device_spec_v11
synthetic_customer_000,cabinet_000,2026-08-18 23:50:00+00:00,0,0,0,0,True,True,False,23.77306309595847,-48.916549853017024,3.0428356365986335,4.083224793018079,0.032613030367721306,0.0,0.02340211968920198,on,connected,True,synthetic_device_spec_v11
synthetic_customer_000,cabinet_000,2026-08-19 00:00:00+00:00,0,0,0,0,True,True,False,23.94434099811522,-49.65586353297671,3.0918014422517306,3.9543323449686913,0.30325498142984697,0.008478444423398682,0.0,on,connected,True,synthetic_device_spec_v11
synthetic_customer_000,cabinet_000,2026-08-19 00:10:00+00:00,1,1,1,1,True,True,False,24.031167410005494,-48.707592615673086,3.0361389353793413,3.9024758129123445,0.07251456299004105,0.046201152374525586,0.01008178790560516,on,connected,True,synthetic_device_spec_v11
synthetic_customer_000,cabinet_000,2026-08-19 00:20:00+00:00,1,1,1,1,True,True,False,24.00052952717596,-46.728867224407516,2.952461314290385,3.99128940983705,0.20131971177510335,0.050347031746166115,0.008856352096258973,on,connected,True,synthetic_device_spec_v11
synthetic_customer_000,cabinet_000,2026-08-19 00:30:00+00:00,1,1,1,1,True,True,False,23.892045767385394,-49.12154597360467,2.9980911942968964,4.05313250140121,0.0,0.00463013238090926,0.002098727034685467,on,connected,True,synthetic_device_spec_v11
synthetic_customer_000,cabinet_000,2026-08-19 00:40:00+00:00,0,0,0,0,True,True,False,24.151994548779303,-48.45113707610374,2.9809692231033043,3.990054258193357,0.0038060424488148502,0.0,0.0,on,connected,True,synthetic_device_spec_v11
synthetic_customer_000,cabinet_000,2026-08-19 00:50:00+00:00,0,0,0,0,True,True,False,24.20885872843266,-47.55104309513138,2.9916030113166543,3.961856482312453,0.5398713363134652,0.0,0.021329050418504875,on,connected,True,synthetic_device_spec_v11
synthetic_customer_000,cabinet_000,2026-08-19 01:00:00+00:00,0,0,0,0,True,True,False,23.928748655386226,-49.11409350897017,2.902277028847342,3.996258958031262,0.7756930283064175,0.0,0.0,on,connected,True,synthetic_device_spec_v11
synthetic_customer_000,cabinet_000,2026-08-19 01:10:00+00:00,0,0,0,0,True,True,False,24.050048648383786,-48.94447569498988,2.9795813647576646,3.9658587699674785,0.0,0.02216655344320005,0.002093065868242665,on,connected,True,synthetic_device_spec_v11
synthetic_customer_000,cabinet_000,2026-08-19 01:20:00+00:00,0,0,0,0,True,True,False,23.915421231581266,-48.82004083730728,2.9842711724332482,4.006490128108051,0.3596640453111033,0.0277285713920192,0.0,on,connected,True,synthetic_device_spec_v11
synthetic_customer_000,cabinet_000,2026-08-19 01:30:00+00:00,0,0,0,0,True,True,False,24.032313062713573,-46.85513769183882,2.99162578815907,3.969296801264756,0.44115085210367594,0.0,0.012970997998649352,on,connected,True,synthetic_device_spec_v11
synthetic_customer_000,cabinet_000,2026-08-19 01:40:00+00:00,0,0,0,0,True,True,False,23.931269389026074,-49.06438852740701,2.972406821374322,4.053898508022202,0.0,0.0,0.0,on,connected,True,synthetic_device_spec_v11
synthetic_customer_000,cabinet_000,2026-08-19 01:50:00+00:00,0,0,0,0,True,True,False,23.95042505038585,-47.65350807593498,2.973800030502206,4.084023276427584,0.8034026612164826,0.00594461585538519,0.021713367609939586,on,connected,True,synthetic_device_spec_v11
synthetic_customer_000,cabinet_000,2026-08-19 02:00:00+00:00,0,0,0,0,True,True,False,23.926503321628367,-48.44696142022178,3.017173487993741,4.063762450550606,0.664434751243081,0.008597324213045949,0.007858945042043106,on,connected,True,synthetic_device_spec_v11
synthetic_customer_000,cabinet_000,2026-08-19 02:10:00+00:00,0,0,0,0,True,True,False,23.976278952302312,-46.38627310758287,2.9408712273734463,4.0015994170720495,0.08620452928056006,0.0,0.0,on,connected,True,synthetic_device_spec_v11
synthetic_customer_000,cabinet_000,2026-08-19 02:20:00+00:00,0,0,0,0,True,True,False,23.997017843822068,-48.064755907997004,3.009733632624579,4.022137430649232,0.37440056562492835,0.011181630795699254,0.0038473704445421263,on,connected,True,synthetic_device_spec_v11
synthetic_customer_000,cabinet_000,2026-08-19 02:30:00+00:00,0,0,0,0,True,True,False,24.044145128456975,-47.03494695316984,2.958943947391513,3.9992990603264285,0.7063474038495946,0.005548188506361823,0.002217843930277474,on,connected,True,synthetic_device_spec_v11
synthetic_customer_000,cabinet_000,2026-08-19 02:40:00+00:00,0,0,0,0,True,True,False,23.916209179822417,-48.54904692970741,2.962139008070428,3.951885017141626,0.1013529639462666,0.04281530642171295,0.0,on,connected,True,synthetic_device_spec_v11
synthetic_customer_000,cabinet_000,2026-08-19 02:50:00+00:00,0,0,0,0,True,True,False,23.8354978534064,-48.40841312781805,2.90538231263891,4.068370415833835,0.64854645001767,0.0,0.0,on,connected,True,synthetic_device_spec_v11
synthetic_customer_000,cabinet_000,2026-08-19 03:00:00+00:00,0,0,0,0,True,True,False,23.782560921686745,-46.82161691212759,2.8953831590748726,4.043561812658673,0.0,0.00441739249539032,0.0,on,connected,True,synthetic_device_spec_v11
synthetic_customer_000,cabinet_000,2026-08-19 03:10:00+00:00,0,0,0,0,True,True,False,24.1835437402108,-46.122058848865166,2.859481572233515,4.056894352981723,0.6409772895260984,0.014916817471356803,0.0,on,connected,True,synthetic_device_spec_v11
synthetic_customer_000,cabinet_000,2026-08-19 03:20:00+00:00,0,0,0,0,True,True,False,24.159696808638177,-47.21096864869961,2.82567940555433,4.039126732749604,0.0,0.0,0.017027787973852297,on,connected,True,synthetic_device_spec_v11
synthetic_customer_000,cabinet_000,2026-08-19 03:30:00+00:00,0,0,0,0,True,True,False,24.04081921993839,-47.708593298771675,2.6566329446988908,3.9173876120942035,0.0004961232724193239,0.0,0.0,on,connected,True,synthetic_device_spec_v11
synthetic_customer_000,cabinet_000,2026-08-19 03:40:00+00:00,0,0,0,0,True,True,False,23.84054742691911,-49.00055408891928,2.620780953455996,4.017243856986845,0.5210427576843528,0.017031542023547213,0.0,on,connected,True,synthetic_device_spec_v11
synthetic_customer_000,cabinet_000,2026-08-19 03:50:00+00:00,0,0,0,0,True,True,False,24.113457482528897,-46.36913958207846,2.61520344112276,3.9614270160623777,0.837520526727667,0.0,0.02494728433179655,on,connected,True,synthetic_device_spec_v11
synthetic_customer_000,cabinet_000,2026-08-19 04:00:00+00:00,0,0,0,0,True,True,False,24.02617419104519,-47.90238557238695,2.539198692989796,4.019435330992629,0.0,0.0,0.0,on,connected,True,synthetic_device_spec_v11
synthetic_customer_000,cabinet_000,2026-08-19 04:10:00+00:00,0,0,0,0,True,True,False,24.076458714105435,-48.7601130536898,2.5842351185123107,4.041783376428908,0.08525593945003308,0.05886017151600873,0.0,on,connected,True,synthetic_device_spec_v11
synthetic_customer_000,cabinet_000,2026-08-19 04:20:00+00:00,0,0,0,0,True,True,False,23.989142336631293,-48.47039812051688,2.570927541478589,4.031442262562282,0.0825060232260034,0.0,0.0,on,connected,True,synthetic_device_spec_v11
synthetic_customer_000,cabinet_000,2026-08-19 04:30:00+00:00,0,0,0,0,True,True,False,24.090833210046803,-46.40014750156194,2.410736644883667,4.012114719211929,0.0,0.043875059308032704,0.011212965172809852,on,connected,True,synthetic_device_spec_v11
synthetic_customer_000,cabinet_000,2026-08-19 04:40:00+00:00,0,0,0,0,True,True,False,24.190550675682378,-47.33747809634535,2.4358598427714253,3.96784613759771,1.2953494744510308,0.03250392651502935,0.006163491964640344,on,connected,True,synthetic_device_spec_v11
synthetic_customer_000,cabinet_000,2026-08-19 04:50:00+00:00,0,0,0,0,True,True,False,24.222154327235636,-46.42903328951904,2.3630089261676375,3.9754434177243216,0.8350230784280237,0.0,0.0,on,connected,True,synthetic_device_spec_v11
synthetic_customer_000,cabinet_000,2026-08-19 05:00:00+00:00,0,0,0,0,True,True,False,23.772286542473875,-48.19895353129138,2.306167269855473,3.9694746938812155,0.0,0.0,0.0,on,connected,True,synthetic_device_spec_v11
synthetic_customer_000,cabinet_000,2026-08-19 05:10:00+00:00,0,0,0,0,True,True,False,23.874169629481163,-48.74612799967825,2.2161911474097304,3.8535345367891645,0.12135125481771611,0.0,0.003969785927680572,on,connected,True,synthetic_device_spec_v11
synthetic_customer_000,cabinet_000,2026-08-19 05:20:00+00:00,0,0,0,0,True,True,False,23.87687073938952,-48.34063410320718,2.173573588698473,4.010238299987952,0.9808038722139769,0.029743120557108645,0.0,on,connected,True,synthetic_device_spec_v11
synthetic_customer_000,cabinet_000,2026-08-19 05:30:00+00:00,0,0,0,0,True,True,False,24.051007496630476,-47.33961324231011,2.2118760100051102,3.974473033209361,0.0,0.03201419100140143,0.009951221218200253,on,connected,True,synthetic_device_spec_v11
synthetic_customer_000,cabinet_000,2026-08-19 05:40:00+00:00,0,0,0,0,True,True,False,23.832215416857494,-47.12941742762892,2.228266075264751,3.941191523040469,0.0,0.0,0.0,on,connected,True,synthetic_device_spec_v11
synthetic_customer_000,cabinet_000,2026-08-19 05:50:00+00:00,0,0,0,0,True,True,False,23.8837901868765,-47.49648024559591,2.183953974833286,4.110270282445063,0.0,0.0,0.0,on,connected,True,synthetic_device_spec_v11
synthetic_customer_000,cabinet_000,2026-08-19 06:00:00+00:00,0,0,0,0,True,True,False,24.357355629597787,-46.800176524410595,2.271769243798467,3.995848898123961,0.0,0.0,0.0,on,connected,True,synthetic_device_spec_v11
synthetic_customer_000,cabinet_000,2026-08-19 06:10:00+00:00,1,1,1,1,True,True,False,24.00362117089273,-48.553867144257445,2.2471889553292863,3.951721660416699,0.13270152757637554,0.01118270370190488,0.0,on,connected,True,synthetic_device_spec_v11
synthetic_customer_000,cabinet_000,2026-08-19 06:20:00+00:00,1,1,1,1,True,True,False,23.866421587254912,-48.4532295678715,2.2333642755587686,4.07351918314732,0.41078569935357834,0.0,0.0181373375004883,on,connected,True,synthetic_device_spec_v11
synthetic_customer_000,cabinet_000,2026-08-19 06:30:00+00:00,1,1,1,1,True,True,False,23.887341797082918,-48.67793210847112,2.250658312119218,4.02135807380584,0.0,0.009317781162462685,0.013557627695071277,on,connected,True,synthetic_device_spec_v11
synthetic_customer_000,cabinet_000,2026-08-19 06:40:00+00:00,0,0,0,0,True,True,False,24.049596945486954,-48.34987950391031,2.1854331528513944,3.995350448325177,0.08476145852131388,0.03203822684687057,0.0,on,connected,True,synthetic_device_spec_v11
synthetic_customer_000,cabinet_000,2026-08-19 06:50:00+00:00,0,0,0,0,True,True,False,23.879143495566005,-47.945525343033246,2.9775288270609552,4.021200838414899,0.0,0.0,0.0015574267563194719,on,connected,True,synthetic_device_spec_v11
synthetic_customer_000,cabinet_000,2026-08-19 07:00:00+00:00,0,0,0,0,True,True,False,23.653089544162235,-48.55281140980367,3.001370072796956,4.126278348824557,0.0,0.0426056805318096,0.025502740688329688,on,connected,True,synthetic_device_spec_v11
synthetic_customer_000,cabinet_000,2026-08-19 07:10:00+00:00,0,0,0,0,True,True,False,23.96263026150283,-49.56321436995439,3.0074091600952544,4.033964568439919,0.793734391657091,0.005304442875573432,0.0,on,connected,True,synthetic_device_spec_v11
synthetic_customer_000,cabinet_000,2026-08-19 07:20:00+00:00,0,0,0,0,True,True,False,24.066663469786114,-48.41101363155401,2.9087626598482883,3.968887340621927,0.0,0.025899947740521952,0.0,on,connected,True,synthetic_device_spec_v11
synthetic_customer_000,cabinet_000,2026-08-19 07:30:00+00:00,0,0,0,0,True,True,False,24.22276088168608,-46.230250501574915,2.9449177925038383,4.06761106811311,0.050531736668067616,0.0,0.0,on,connected,True,synthetic_device_spec_v11
synthetic_customer_000,cabinet_000,2026-08-19 07:40:00+00:00,0,0,0,0,True,True,False,24.0827941477973,-48.98447879085215,3.0129726461520074,3.920407917642174,0.0,0.0,0.0,on,connected,True,synthetic_device_spec_v11
synthetic_customer_000,cabinet_000,2026-08-19 07:50:00+00:00,0,0,0,0,True,True,False,24.090731553028366,-47.30074647920749,3.0188667804883615,3.9860980612116506,0.27053100971736693,0.010127178016214884,0.012235202385312987,on,connected,True,synthetic_device_spec_v11
synthetic_customer_000,cabinet_000,2026-08-19 08:00:00+00:00,0,0,0,0,True,True,False,24.03097702405666,-49.26075063722113,2.9624898075739026,3.898706420187413,0.07476145359287947,0.00971970917964187,0.03988665461142614,on,connected,True,synthetic_device_spec_v11
synthetic_customer_000,cabinet_000,2026-08-19 08:10:00+00:00,0,0,0,0,True,True,False,23.96162726078418,-47.45537670827346,3.0309854017866122,3.958766330941924,0.0,0.06287664899621827,0.002329640994261291,on,connected,True,synthetic_device_spec_v11
synthetic_customer_000,cabinet_000,2026-08-19 08:20:00+00:00,0,0,0,0,True,True,False,23.824514123237915,-49.65131851632649,3.0229647071354484,3.965525259099183,0.0,0.0,0.01757361533556588,on,connected,True,synthetic_device_spec_v11
synthetic_customer_000,cabinet_000,2026-08-19 08:30:00+00:00,0,0,0,0,True,True,False,24.174946942567825,-47.06524553126638,3.0112411722501613,4.103245939912386,0.0,0.0,0.01642455301649402,on,connected,True,synthetic_device_spec_v11
synthetic_customer_000,cabinet_000,2026-08-19 08:40:00+00:00,0,0,0,0,True,True,False,23.67850854845671,-47.642429753708434,3.0434024650949967,4.01382212087188,0.943670277107247,0.0,0.0072936564324747365,on,connected,True,synthetic_device_spec_v11
synthetic_customer_000,cabinet_000,2026-08-19 08:50:00+00:00,0,0,0,0,True,True,False,24.021982365530366,-48.66000672799657,3.0043133008032,3.930367689955089,0.24342161290114947,0.04238994311437349,0.00589951358416908,on,connected,True,synthetic_device_spec_v11
synthetic_customer_000,cabinet_000,2026-08-19 09:00:00+00:00,0,0,0,0,True,True,False,24.06836936945978,-47.95356873710639,2.995036926477068,3.9839601271272365,0.8470134154414992,0.03757773663139449,0.0,on,connected,True,synthetic_device_spec_v11
synthetic_customer_000,cabinet_000,2026-08-19 09:10:00+00:00,0,0,0,0,True,True,False,23.974458415690098,-47.48864827267197,2.9894856172834343,3.989992737996942,0.5778890558661195,0.03187860675035819,0.0,on,connected,True,synthetic_device_spec_v11
synthetic_customer_000,cabinet_000,2026-08-19 09:20:00+00:00,0,0,0,0,True,True,False,23.739526084242506,-47.95276205937657,3.046914357807132,4.009594871154407,0.0,0.008027385336293739,0.0005885527353749397,on,connected,True,synthetic_device_spec_v11
synthetic_customer_000,cabinet_000,2026-08-19 09:30:00+00:00,0,0,0,0,True,True,False,23.890738562935702,-48.01589736269347,3.0465521693163002,3.9684475701720965,0.0,0.0,0.0,on,connected,True,synthetic_device_spec_v11
synthetic_customer_000,cabinet_000,2026-08-19 09:40:00+00:00,0,0,0,0,True,True,False,23.984979913153914,-47.36970084120062,2.9824427852627626,3.93149100546681,0.0,0.0,0.03296692466375226,on,connected,True,synthetic_device_spec_v11
synthetic_customer_000,cabinet_000,2026-08-19 09:50:00+00:00,0,0,0,0,True,True,False,24.096179206374234,-46.90492439948931,3.04084483593566,3.9378842055577783,0.017803187681476446,0.0,0.008487651839822447,on,connected,True,synthetic_device_spec_v11
synthetic_customer_000,cabinet_000,2026-08-19 10:00:00+00:00,0,0,0,0,True,True,False,24.091896389852888,-48.34727247326149,2.9660566621838695,3.936051347738271,0.0,0.0,0.0,on,connected,True,synthetic_device_spec_v11
synthetic_customer_000,cabinet_000,2026-08-19 10:10:00+00:00,0,0,0,0,True,True,False,24.239842193075376,-48.22389935177819,2.9956592147340215,3.8081300214101224,1.322435516903459,0.05591758258884613,0.016662116729326475,on,connected,True,synthetic_device_spec_v11
synthetic_customer_000,cabinet_000,2026-08-19 10:20:00+00:00,0,0,0,0,True,True,False,23.894047823004247,-46.94720734883342,2.995698920948547,3.886434777855337,0.07627135668796718,0.04657814756995262,0.0,on,connected,True,synthetic_device_spec_v11
synthetic_customer_000,cabinet_000,2026-08-19 10:30:00+00:00,0,0,0,0,True,True,False,24.086650679973253,-48.42841094467692,3.0054870356540655,4.07737427400749,0.0,0.0,0.00645469270467202,on,connected,True,synthetic_device_spec_v11
synthetic_customer_000,cabinet_000,2026-08-19 10:40:00+00:00,0,0,0,0,True,True,False,24.197209922277228,-45.655123459342406,2.996692421710957,4.009436618402015,1.1122792503607346,0.007259518467383198,0.0,on,connected,True,synthetic_device_spec_v11
synthetic_customer_000,cabinet_000,2026-08-19 10:50:00+00:00,0,0,0,0,True,True,False,23.745017089095036,-48.17341209947983,3.000546986312336,4.0532513880185395,2.695813685175881,0.0,0.02053221909454153,on,connected,True,synthetic_device_spec_v11
synthetic_customer_000,cabinet_000,2026-08-19 11:00:00+00:00,0,0,0,0,True,True,False,23.86082637546565,-47.91367109509824,3.045332675436152,4.327743117968619,3.697734994942766,0.011204729496473572,0.033405680399077084,on,connected,True,synthetic_device_spec_v11
synthetic_customer_000,cabinet_000,2026-08-19 11:10:00+00:00,0,0,0,0,True,True,False,23.747604969277955,-48.5159926777629,2.9936299107116406,4.39600901072386,5.08284382468247,0.0,0.057460766043364295,on,connected,True,synthetic_device_spec_v11
synthetic_customer_000,cabinet_000,2026-08-19 11:20:00+00:00,0,0,0,0,True,True,False,23.916803591025378,-47.02198592702379,2.989637730952684,4.645802035539734,7.05002042929903,0.03622587962024975,0.05751834120091849,on,connected,True,synthetic_device_spec_v11
synthetic_customer_000,cabinet_000,2026-08-19 11:30:00+00:00,0,0,0,0,True,True,False,23.60831207603141,-46.8979675609474,2.955258634587701,4.717100845497814,8.616377149646887,0.0,0.08067716185263245,on,connected,True,synthetic_device_spec_v11
synthetic_customer_000,cabinet_000,2026-08-19 11:40:00+00:00,0,0,0,0,True,True,False,23.101816648640103,-48.37673595269278,2.988424463062683,4.895235392282599,9.824642812451891,0.0,0.10152633421207231,on,connected,True,synthetic_device_spec_v11
synthetic_customer_000,cabinet_000,2026-08-19 11:50:00+00:00,0,0,0,0,True,True,False,23.107366553272062,-48.115510165498435,2.9413579085634862,5.0155218735646505,11.03356037958103,0.021379534163480773,0.14139841681585935,on,connected,True,synthetic_device_spec_v11
synthetic_customer_000,cabinet_000,2026-08-19 12:00:00+00:00,0,0,0,0,True,True,False,22.785245258031733,-46.935274869398334,3.006096369113319,5.186244499846948,12.009597949514106,0.003343972874887416,0.15721374025930165,on,connected,True,synthetic_device_spec_v11
synthetic_customer_000,cabinet_000,2026-08-19 12:10:00+00:00,1,1,1,1,True,True,False,22.546701793965727,-46.992584201676685,2.9942790801208266,5.307398453104731,14.334276144977771,0.031438495832589286,0.19098171079720072,on,connected,True,synthetic_device_spec_v11
synthetic_customer_000,cabinet_000,2026-08-19 12:20:00+00:00,1,1,1,1,True,True,False,21.951649036626257,-48.17630427223463,2.916086507273239,5.579057764783517,15.396419986074177,0.0,0.21042612319657328,on,connected,True,synthetic_device_spec_v11
synthetic_customer_000,cabinet_000,2026-08-19 12:30:00+00:00,1,1,1,1,True,True,False,21.720217507963493,-47.43255171170865,2.9355591767920077,5.622741356317698,15.778009179411999,0.02628833815172705,0.22263148474330108,on,connected,True,synthetic_device_spec_v11
synthetic_customer_000,cabinet_000,2026-08-19 12:40:00+00:00,0,0,0,0,True,True,False,21.404869596155,-47.59816837619246,3.0484870065135032,5.842790454738575,17.788892015311838,0.0,0.245828285888705,on,connected,True,synthetic_device_spec_v11
synthetic_customer_000,cabinet_000,2026-08-19 12:50:00+00:00,0,0,0,0,True,True,False,21.060889513304403,-48.06108588620723,3.0165911444723275,5.931789535972597,19.58569909541811,0.0,0.26997427194881285,on,connected,True,synthetic_device_spec_v11
synthetic_customer_000,cabinet_000,2026-08-19 13:00:00+00:00,0,0,0,0,True,True,False,20.687330551517373,-48.528366316192205,3.0184269422401884,6.213562741576312,21.744319615133048,0.0,0.279599206089242,on,connected,True,synthetic_device_spec_v11
synthetic_customer_000,cabinet_000,2026-08-19 13:10:00+00:00,0,0,0,0,True,True,False,20.128680330400897,-48.00688383334674,3.013553939685727,6.31192214751271,22.45056881471579,0.0,0.2939339803302783,on,connected,True,synthetic_device_spec_v11
synthetic_customer_000,cabinet_000,2026-08-19 13:20:00+00:00,0,0,0,0,True,True,False,20.053717257547966,-48.95282102302282,3.006864016396801,6.401549071880968,23.686402083045312,0.0,0.299981608394177,on,connected,True,synthetic_device_spec_v11
synthetic_customer_000,cabinet_000,2026-08-19 13:30:00+00:00,0,0,0,0,True,True,False,19.779680817472943,-46.77218089420001,2.989246083063601,6.529824657068074,24.783786564681254,0.02701926186946499,0.30755349988705116,on,connected,True,synthetic_device_spec_v11
synthetic_customer_000,cabinet_000,2026-08-19 13:40:00+00:00,0,0,0,0,True,True,False,19.467237413022385,-48.15676678231207,3.0007054529176047,6.728251711392977,25.565406890137453,0.0,0.3649686028645501,on,connected,True,synthetic_device_spec_v11
synthetic_customer_000,cabinet_000,2026-08-19 13:50:00+00:00,0,0,0,0,True,True,False,19.056202647824453,-48.09763418327663,3.0245253973087363,6.785531505212778,24.658982387038446,0.051603407996242606,0.3878573581681621,on,connected,True,synthetic_device_spec_v11
synthetic_customer_000,cabinet_000,2026-08-19 14:00:00+00:00,0,0,0,0,True,True,False,18.634824377926982,-48.03499910538863,2.9713066260565917,6.981367718816947,24.684018976963646,0.003540536556076657,0.38789119712018677,on,connected,True,synthetic_device_spec_v11
synthetic_customer_000,cabinet_000,2026-08-19 14:40:00+00:00,0,0,0,0,True,True,False,23.96711006339504,-57.80859465685744,3.0003720573804866,7.043821797138587,0.0,0.20281296767197882,0.390453919075606,on,connected,True,synthetic_device_spec_v11
synthetic_customer_000,cabinet_000,2026-08-19 14:50:00+00:00,0,0,0,0,True,True,False,24.083588718802126,-58.34818002265718,3.018031057465318,7.0218267360065205,0.0,0.20459546257840008,0.4081482450702685,on,connected,True,synthetic_device_spec_v11
synthetic_customer_000,cabinet_000,2026-08-19 15:00:00+00:00,0,0,0,0,True,True,False,23.931700950274344,-59.929026721248505,3.0180044134238497,6.919363357073572,0.0,0.22224174342755684,0.4082797940597899,on,connected,True,synthetic_device_spec_v11
synthetic_customer_000,cabinet_000,2026-08-19 15:10:00+00:00,0,0,0,0,True,True,False,24.039795817162318,-62.284300156209504,2.99224326399334,3.9626460815623794,0.08661294190362534,0.2712689370386889,0.01580001067102627,on,connected,True,synthetic_device_spec_v11
synthetic_customer_000,cabinet_000,2026-08-19 15:20:00+00:00,0,0,0,0,True,True,False,23.921888799751965,-64.05876062880934,2.9494684693619977,4.107795163904581,0.0,0.35773604886617355,0.0,on,connected,True,synthetic_device_spec_v11
synthetic_customer_000,cabinet_000,2026-08-19 15:30:00+00:00,0,0,0,0,True,True,False,24.21904167007164,-66.61496085775092,2.8935966945468463,4.009387045513421,0.8613578797404222,0.3156254011588195,0.0,on,connected,True,synthetic_device_spec_v11
synthetic_customer_000,cabinet_000,2026-08-19 15:40:00+00:00,0,0,0,0,True,True,False,24.075268565452948,-68.79674795520218,2.614713355099275,3.943560285540529,0.03890365747909748,0.4180107308915465,0.005804997330792826,on,connected,True,synthetic_device_spec_v11
synthetic_customer_000,cabinet_000,2026-08-19 15:50:00+00:00,0,0,0,0,True,True,False,23.804104121671244,-71.2204296806963,2.542599248319435,4.039459101951095,0.9002102219671667,0.37303024146103986,0.0,on,connected,True,synthetic_device_spec_v11
synthetic_customer_000,cabinet_000,2026-08-19 16:00:00+00:00,0,0,0,0,True,True,False,24.06291292853759,-72.1185416850152,2.25802539075271,4.009850057147222,0.33416541952317497,0.41633881260400446,0.0,on,connected,True,synthetic_device_spec_v11
synthetic_customer_000,cabinet_000,2026-08-19 16:10:00+00:00,0,0,0,0,True,True,False,24.071258950325227,-75.60646341043298,2.053814530704527,4.012247922303971,0.0,0.46335104049079573,0.0,on,connected,True,synthetic_device_spec_v11
synthetic_customer_000,cabinet_000,2026-08-19 16:20:00+00:00,0,0,0,0,True,True,False,24.08399151172741,-76.2561959914255,1.8789675516014572,4.0221428031418665,0.7629576246717894,0.514685871654209,0.0,on,connected,True,synthetic_device_spec_v11
synthetic_customer_000,cabinet_000,2026-08-19 16:30:00+00:00,0,0,0,0,True,True,False,24.043649180374874,-79.32191280345825,1.6044231973855403,3.989110289498193,0.09573475113890192,0.5955200288207346,0.008909710903645281,on,connected,True,synthetic_device_spec_v11
synthetic_customer_000,cabinet_000,2026-08-19 16:40:00+00:00,0,0,0,0,True,True,False,24.067187869765334,-80.31102262297114,1.4097672422145693,4.133713909928449,0.2641905700056841,0.5797782170185258,0.0,on,connected,True,synthetic_device_spec_v11
synthetic_customer_000,cabinet_000,2026-08-19 16:50:00+00:00,0,0,0,0,True,True,False,23.859767313198805,-85.49905858733727,1.1544126906369003,3.895199892427101,0.0,0.6601176990016853,0.0,on,connected,True,synthetic_device_spec_v11
synthetic_customer_000,cabinet_000,2026-08-19 18:10:00+00:00,1,1,1,1,True,True,False,23.976456262065465,-48.50525628524704,3.075831827565882,4.053888460939696,0.590752091950198,0.0,0.01454192305834937,on,connected,True,synthetic_device_spec_v11
synthetic_customer_000,cabinet_000,2026-08-19 18:20:00+00:00,1,1,1,1,True,True,False,24.066143206057575,-46.71123374270897,3.007464753931316,4.02406622910167,0.0,0.0,0.0,on,connected,True,synthetic_device_spec_v11
synthetic_customer_000,cabinet_000,2026-08-19 18:30:00+00:00,1,1,1,1,True,True,False,24.238307985908932,-47.60345692374187,2.990153411637945,3.9723625391097386,0.29055438703993586,0.0,0.026173903683259163,on,connected,True,synthetic_device_spec_v11
synthetic_customer_000,cabinet_000,2026-08-19 18:40:00+00:00,0,0,0,0,True,True,False,23.908182913569423,-49.01091220298795,2.9641397143209827,3.9622587677429535,0.0,0.0,0.0,on,connected,True,synthetic_device_spec_v11
synthetic_customer_000,cabinet_000,2026-08-19 18:50:00+00:00,0,0,0,0,True,True,False,24.04549332133608,-48.46108974706559,3.0073835244468374,3.9191045365232187,0.21175922314524814,0.0022263501020140324,0.031746077885475094,on,connected,True,synthetic_device_spec_v11
synthetic_customer_000,cabinet_000,2026-08-19 19:00:00+00:00,0,0,0,0,True,True,False,24.021499292130613,-47.54354908505469,3.019975364806317,3.941819228726528,0.0,0.04283234978452778,0.010770450565205024,on,connected,True,synthetic_device_spec_v11
synthetic_customer_000,cabinet_000,2026-08-19 19:10:00+00:00,0,0,0,0,True,True,False,24.129454733985728,-48.160337446760934,3.0933838953571717,4.0035455855729705,0.01141845700541969,0.01352088043132769,0.018705845959284404,on,connected,True,synthetic_device_spec_v11
synthetic_customer_000,cabinet_000,2026-08-19 19:20:00+00:00,0,0,0,0,True,True,False,24.038645062972005,-47.544371515290216,3.062692695065237,3.9452098293723608,0.12077075142087641,0.03664548478442328,0.0011980623170474135,on,connected,True,synthetic_device_spec_v11
synthetic_customer_000,cabinet_000,2026-08-19 19:30:00+00:00,0,0,0,0,True,True,False,23.91795969975656,-45.476748396573974,3.012335632579124,4.045289450092967,0.24404260257746999,0.005663914124591027,0.0,on,connected,True,synthetic_device_spec_v11
synthetic_customer_000,cabinet_000,2026-08-19 19:40:00+00:00,0,0,0,0,True,True,False,24.083427305142937,-48.61729470449193,2.9327460126401763,4.035461535223667,0.4986897307650467,0.03621031051256866,0.008451218733265197,on,connected,True,synthetic_device_spec_v11
synthetic_customer_000,cabinet_000,2026-08-19 19:50:00+00:00,0,0,0,0,True,True,False,23.99231294443946,-47.91372423768336,3.045680818863888,3.929038652614718,0.0,0.00480034374090866,0.015136849615643638,on,connected,True,synthetic_device_spec_v11
synthetic_customer_000,cabinet_000,2026-08-19 20:00:00+00:00,0,0,0,0,True,True,False,23.942185649276365,-47.827797115627604,2.992627201206622,4.008266889604172,1.072428324856296,0.0,0.0,on,connected,True,synthetic_device_spec_v11
synthetic_customer_000,cabinet_000,2026-08-19 20:10:00+00:00,0,0,0,0,True,True,False,24.071207313267976,-49.47424554711403,3.0462352502145835,3.91183140225168,0.0,0.0,0.030150220298845617,on,connected,True,synthetic_device_spec_v11
synthetic_customer_000,cabinet_000,2026-08-19 20:20:00+00:00,0,0,0,0,True,True,False,24.024371715800072,-47.94299003727798,3.043898786746609,4.066895813573318,0.0,0.0,0.021442117586936097,on,connected,True,synthetic_device_spec_v11
synthetic_customer_000,cabinet_000,2026-08-19 20:30:00+00:00,0,0,0,0,True,True,False,23.987584146529265,-49.46712043475684,3.0316677765470206,3.9716234643097983,0.7384462726534231,0.018932884843505696,0.005173671649764926,on,connected,True,synthetic_device_spec_v11
synthetic_customer_000,cabinet_000,2026-08-19 20:40:00+00:00,0,0,0,0,True,True,False,24.080928280462025,-48.9376847702704,3.006661693353499,3.998278091423477,0.4797761181095296,0.004475112386953734,0.0,on,connected,True,synthetic_device_spec_v11
synthetic_customer_000,cabinet_000,2026-08-19 20:50:00+00:00,0,0,0,0,True,True,False,24.176666667452483,-47.548035851740735,3.084742534817638,4.043574830667637,0.17782715496466475,0.038389736062086455,0.010881570763187489,on,connected,True,synthetic_device_spec_v11
synthetic_customer_000,cabinet_000,2026-08-19 21:00:00+00:00,0,0,0,0,True,True,False,23.986473823380408,-46.516539091469696,3.0013453720786383,3.925641611411692,0.0,0.0,0.0,on,connected,True,synthetic_device_spec_v11
synthetic_customer_000,cabinet_000,2026-08-19 21:10:00+00:00,0,0,0,0,True,True,False,23.746180192866866,-46.94571968388803,3.0287345684381055,3.939018531207189,0.7756646014480817,0.0,0.007431456423491844,on,connected,True,synthetic_device_spec_v11
synthetic_customer_000,cabinet_000,2026-08-19 21:20:00+00:00,0,0,0,0,True,True,False,24.24661011590893,-49.80104955171708,2.9556753200856627,3.973377729679082,0.0,0.02973470752572296,0.0,on,connected,True,synthetic_device_spec_v11
synthetic_customer_000,cabinet_000,2026-08-19 21:30:00+00:00,0,0,0,0,True,True,False,23.972343711285774,-49.73172843201536,2.9825946076312886,4.025410936283337,0.4969986249699592,0.011204419548690005,0.0,on,connected,True,synthetic_device_spec_v11
synthetic_customer_000,cabinet_000,2026-08-19 21:40:00+00:00,0,0,0,0,True,True,False,23.96238664530018,-47.51152934006925,3.0190665446903755,4.034624887804949,0.2312349637976993,0.0,0.011712828862601023,on,connected,True,synthetic_device_spec_v11
synthetic_customer_000,cabinet_000,2026-08-19 21:50:00+00:00,0,0,0,0,True,True,False,24.108745460265546,-47.264558516439514,2.919815575258022,3.9644763134030985,0.4676000962155838,0.0,0.02537364638648956,on,connected,True,synthetic_device_spec_v11
synthetic_customer_000,cabinet_000,2026-08-19 22:00:00+00:00,0,0,0,0,True,True,False,24.021844417065154,-46.1874580148015,2.994292092521553,4.0488060336469065,0.0,0.0,0.004822162299005934,on,connected,True,synthetic_device_spec_v11
synthetic_customer_000,cabinet_000,2026-08-19 22:10:00+00:00,0,0,0,0,True,True,False,23.988659068702443,-48.9758125415549,2.9617516416848773,4.030777116395043,0.49329984531747845,0.0,0.0,on,connected,True,synthetic_device_spec_v11
synthetic_customer_000,cabinet_000,2026-08-19 22:20:00+00:00,0,0,0,0,True,True,False,24.107291615430842,-49.174701327924595,3.02346158290878,4.055901573060389,0.13510744492021542,0.0,0.015840051868014855,on,connected,True,synthetic_device_spec_v11
synthetic_customer_000,cabinet_000,2026-08-19 22:30:00+00:00,0,0,0,0,True,True,False,24.17430590113047,-48.05909513058001,2.904711932475499,4.036244609003536,0.564060219539735,0.0,0.012735502561481241,on,connected,True,synthetic_device_spec_v11
synthetic_customer_000,cabinet_000,2026-08-19 22:40:00+00:00,0,0,0,0,True,True,False,24.21930895490652,-47.210693659695536,2.998050926930715,4.03435783372322,0.040401143443752896,0.0,0.0,on,connected,True,synthetic_device_spec_v11
synthetic_customer_000,cabinet_000,2026-08-19 22:50:00+00:00,0,0,0,0,True,True,False,24.14421381288223,-48.55879712412772,2.9231068080187383,4.001919099170832,0.0,0.04289417000772866,0.02720074595843998,on,connected,True,synthetic_device_spec_v11
synthetic_customer_000,cabinet_000,2026-08-19 23:00:00+00:00,0,0,0,0,True,True,False,23.852321796775023,-50.393757579318624,3.058136030350575,3.9585808157526334,0.10197189672740678,0.04117495240255667,0.006384470453878264,on,connected,True,synthetic_device_spec_v11
synthetic_customer_000,cabinet_000,2026-08-19 23:10:00+00:00,0,0,0,0,True,True,False,23.845741476349293,-47.064433864604034,3.1111410546023675,4.036701665435879,0.6955332520228944,0.0,0.012192642829256129,on,connected,True,synthetic_device_spec_v11
synthetic_customer_000,cabinet_000,2026-08-19 23:20:00+00:00,0,0,0,0,True,True,False,23.921019674229637,-47.59346552697405,3.006683345774866,3.927537947434681,0.3067281687584127,0.0,0.006276658417812477,on,connected,True,synthetic_device_spec_v11
synthetic_customer_000,cabinet_000,2026-08-19 23:30:00+00:00,0,0,0,0,True,True,False,24.04148989123381,-48.15337593040636,2.97863859846403,3.996627930868903,0.0,0.0,0.01267137465306234,on,connected,True,synthetic_device_spec_v11
synthetic_customer_000,cabinet_000,2026-08-19 23:40:00+00:00,0,0,0,0,True,True,False,24.08371344748238,-46.333058595906046,3.1258566753226122,4.02091196079876,0.0,0.0,0.008602054381639525,on,connected,True,synthetic_device_spec_v11
synthetic_customer_000,cabinet_000,2026-08-19 23:50:00+00:00,0,0,0,0,True,True,False,23.882547302452142,-48.82415748779853,3.0523853047964247,3.972164849606744,0.0,0.0,0.0,on,connected,True,synthetic_device_spec_v11
synthetic_customer_000,cabinet_000,2026-08-20 00:00:00+00:00,0,0,0,0,True,True,False,23.80833187490055,-49.34613660547991,3.025887139212341,4.007600567092247,0.0,0.0,0.015402458664017335,on,connected,True,synthetic_device_spec_v11
synthetic_customer_000,cabinet_000,2026-08-20 00:10:00+00:00,1,1,1,1,True,True,False,23.985030516464438,-47.49740209777529,3.0029589716476583,3.9823903347056437,0.0,0.01174724567318629,0.0,on,connected,True,synthetic_device_spec_v11
synthetic_customer_000,cabinet_000,2026-08-20 00:20:00+00:00,1,1,1,1,True,True,False,23.964951254860114,-47.75992132654806,3.011067713774915,3.9240569062981403,0.14494188267471464,0.028254980234986144,0.0041793995474797355,on,connected,True,synthetic_device_spec_v11
synthetic_customer_000,cabinet_000,2026-08-20 00:30:00+00:00,1,1,1,1,True,True,False,24.039693711772212,-49.22875901205539,3.039517265635563,3.979085377543253,0.0,0.0015052218483364698,0.019286548850095033,on,connected,True,synthetic_device_spec_v11
synthetic_customer_000,cabinet_000,2026-08-20 00:40:00+00:00,0,0,0,0,True,True,False,24.018331280150207,-48.232095831207545,3.001307974761954,4.068264941848584,0.20098570125033097,0.0,0.0,on,connected,True,synthetic_device_spec_v11
synthetic_customer_000,cabinet_000,2026-08-20 00:50:00+00:00,0,0,0,0,True,True,False,23.951507219269484,-47.982266616120235,3.0766641031203625,4.031731876407102,0.0,0.0,0.02421030734380501,on,connected,True,synthetic_device_spec_v11
synthetic_customer_000,cabinet_000,2026-08-20 01:00:00+00:00,0,0,0,0,True,True,False,23.889726562046334,-47.50212507329797,3.0589720008497934,3.9862881377652344,0.6749786883919744,0.0019510618273067893,0.0,on,connected,True,synthetic_device_spec_v11
synthetic_customer_000,cabinet_000,2026-08-20 01:10:00+00:00,0,0,0,0,True,True,False,23.92196163929352,-47.65504025404054,3.0824483298847607,3.9941536552914965,0.345451944806013,0.006566801372439052,0.0,on,connected,True,synthetic_device_spec_v11
synthetic_customer_000,cabinet_000,2026-08-20 01:20:00+00:00,0,0,0,0,True,True,False,24.025360357096048,-46.35526017632288,2.9789619239023324,4.0253349037712,0.0,0.0,0.0,on,connected,True,synthetic_device_spec_v11
synthetic_customer_000,cabinet_000,2026-08-20 01:30:00+00:00,0,0,0,0,True,True,False,24.2113463949727,-47.86384851300738,3.014475389664206,3.9984281362110545,0.4867130338931219,0.0,0.0,on,connected,True,synthetic_device_spec_v11
synthetic_customer_000,cabinet_000,2026-08-20 01:40:00+00:00,0,0,0,0,True,True,False,23.797783628666995,-48.8579149292495,2.9812286959564407,4.023530640388007,0.0,0.0,0.0,on,connected,True,synthetic_device_spec_v11
synthetic_customer_000,cabinet_000,2026-08-20 01:50:00+00:00,0,0,0,0,True,True,False,23.981561478750173,-46.91804990427128,2.9867001769226027,3.9347514649847053,0.0,0.0,0.0,on,connected,True,synthetic_device_spec_v11
synthetic_customer_000,cabinet_000,2026-08-20 02:00:00+00:00,0,0,0,0,True,True,False,23.99580950496118,-48.719388284081326,3.0083446533561213,4.0540807586720975,0.0,0.0,0.013342761685139794,on,connected,True,synthetic_device_spec_v11
synthetic_customer_000,cabinet_000,2026-08-20 02:10:00+00:00,0,0,0,0,True,True,False,23.636735635604126,-48.12386080855202,3.003287939681338,3.884188283901842,0.5228285425908371,0.0,0.004595948720480777,on,connected,True,synthetic_device_spec_v11
synthetic_customer_000,cabinet_000,2026-08-20 02:20:00+00:00,0,0,0,0,True,True,False,24.21878108874697,-47.3014834168933,3.056532061419019,3.9437553663729976,0.3244626691028739,0.0,0.0,on,connected,True,synthetic_device_spec_v11
synthetic_customer_000,cabinet_000,2026-08-20 02:30:00+00:00,0,0,0,0,True,True,False,23.898152707616376,-47.26971971213857,3.0413059788441825,4.017497868031237,0.40738563954093876,0.0,0.007528468423491052,on,connected,True,synthetic_device_spec_v11
synthetic_customer_000,cabinet_000,2026-08-20 02:40:00+00:00,0,0,0,0,True,True,False,23.883408201663272,-49.16384862935864,3.003538143395331,3.9757584459365685,0.0,0.0,0.016250459223555204,on,connected,True,synthetic_device_spec_v11
synthetic_customer_000,cabinet_000,2026-08-20 02:50:00+00:00,0,0,0,0,True,True,False,24.095178841469018,-47.60899727000339,2.9969109164877703,4.095954763791959,0.15507302910918308,0.004955606038077844,0.0,on,connected,True,synthetic_device_spec_v11
synthetic_customer_000,cabinet_000,2026-08-20 03:00:00+00:00,0,0,0,0,True,True,False,23.896003702184988,-49.15312960764248,2.9761278037720182,3.9174773968784025,0.0,0.013539521675392555,0.0,on,connected,True,synthetic_device_spec_v11
synthetic_customer_000,cabinet_000,2026-08-20 03:10:00+00:00,0,0,0,0,True,True,False,24.087268733137062,-47.05811255125868,3.041894089462849,3.907241420926314,0.7542025547736683,0.02323337863219606,0.0,on,connected,True,synthetic_device_spec_v11
synthetic_customer_000,cabinet_000,2026-08-20 03:20:00+00:00,0,0,0,0,True,True,False,24.10964230931673,-47.14908383934837,2.985040541553319,4.030361143144671,0.48265242472215625,0.0,0.0,on,connected,True,synthetic_device_spec_v11
synthetic_customer_000,cabinet_000,2026-08-20 03:30:00+00:00,0,0,0,0,True,True,False,23.911802913047314,-48.18058447854002,3.0408200529342437,4.01217745843625,0.0,0.0,0.0,on,connected,True,synthetic_device_spec_v11
synthetic_customer_000,cabinet_000,2026-08-20 03:40:00+00:00,0,0,0,0,True,True,False,23.64459348930551,-48.71753514990513,3.014215494548375,3.952574524110074,0.0,0.027437776347086704,0.0,on,connected,True,synthetic_device_spec_v11
synthetic_customer_000,cabinet_000,2026-08-20 03:50:00+00:00,0,0,0,0,True,True,False,23.807951573828888,-46.74549138536334,3.0454983536755704,4.045889962892036,0.6007301079510657,0.0,0.0,on,connected,True,synthetic_device_spec_v11
synthetic_customer_000,cabinet_000,2026-08-20 04:00:00+00:00,0,0,0,0,True,True,False,24.048066262697436,-49.97511010219834,3.03850662890925,4.069469650334632,0.0,0.0,0.027493804434144897,on,connected,True,synthetic_device_spec_v11
synthetic_customer_000,cabinet_000,2026-08-20 04:10:00+00:00,0,0,0,0,True,True,False,23.84744452341756,-48.18801386698436,3.052707136882125,4.0369970936299815,0.06409224074686022,0.0,0.014844000822026237,on,connected,True,synthetic_device_spec_v11
synthetic_customer_000,cabinet_000,2026-08-20 04:20:00+00:00,0,0,0,0,True,True,False,23.76174572029917,-48.026729843347375,3.034161613605657,3.892934575389368,0.0,0.0,0.0,on,connected,True,synthetic_device_spec_v11
synthetic_customer_000,cabinet_000,2026-08-20 04:30:00+00:00,0,0,0,0,True,True,False,23.881970993178655,-48.932576049709,3.0331030625965707,4.022297187287574,0.16258886728426028,0.0,0.02517451716066581,on,connected,True,synthetic_device_spec_v11
synthetic_customer_000,cabinet_000,2026-08-20 04:40:00+00:00,0,0,0,0,True,True,False,23.92236258519385,-47.83198554206516,3.0254594098520564,4.054770047689929,0.2155301352494809,0.024876327670847718,0.0,on,connected,True,synthetic_device_spec_v11
synthetic_customer_000,cabinet_000,2026-08-20 04:50:00+00:00,0,0,0,0,True,True,False,23.728174013729575,-48.12634423370064,2.976443585683293,3.943076787529018,1.3039984832127556,0.013598054224055604,0.0,on,connected,True,synthetic_device_spec_v11
synthetic_customer_000,cabinet_000,2026-08-20 05:00:00+00:00,0,0,0,0,True,True,False,23.919163915758205,-47.600273554237035,3.0230083827096914,4.059595185912423,0.25240371707151893,0.0029038956445531223,0.0,on,connected,True,synthetic_device_spec_v11
synthetic_customer_000,cabinet_000,2026-08-20 05:10:00+00:00,0,0,0,0,True,True,False,24.005388842111824,-48.73961962602748,3.0212326008114223,3.916086364742057,0.6922894541641896,0.009067680535013058,0.0,on,connected,True,synthetic_device_spec_v11
synthetic_customer_000,cabinet_000,2026-08-20 05:20:00+00:00,0,0,0,0,True,True,False,23.962910318455354,-46.92381927218447,3.0052931726155268,3.969003988612615,0.0,0.0,0.026028933245470735,on,connected,True,synthetic_device_spec_v11
synthetic_customer_000,cabinet_000,2026-08-20 05:30:00+00:00,0,0,0,0,True,True,False,24.09411677648936,-48.53624840283119,3.051090945972319,4.0076969696203655,0.5900611367583197,0.0025312480428332645,0.0,on,connected,True,synthetic_device_spec_v11
synthetic_customer_000,cabinet_000,2026-08-20 05:40:00+00:00,0,0,0,0,True,True,False,23.9874447819549,-50.15052949952234,3.0111805074533717,3.9843561430648853,0.5002840761296324,0.012491563062368165,0.0,on,connected,True,synthetic_device_spec_v11
synthetic_customer_000,cabinet_000,2026-08-20 05:50:00+00:00,0,0,0,0,True,True,False,23.880531742526493,-46.039423706539765,3.041111389527658,4.038419768422715,0.9915395576816338,0.024244737057253506,1.1975937233568556e-06,on,connected,True,synthetic_device_spec_v11
synthetic_customer_000,cabinet_000,2026-08-20 06:00:00+00:00,0,0,0,0,True,True,False,24.037502382093674,-47.604333880594524,2.8781713528895194,3.966975081062321,0.5206770574562796,0.0,0.011257832771090735,on,connected,True,synthetic_device_spec_v11
synthetic_customer_000,cabinet_000,2026-08-20 06:10:00+00:00,1,1,1,1,True,True,False,23.89663868740558,-48.047110003561016,2.951582194712335,3.897148262103105,0.11314085809389915,0.0,0.0,on,connected,True,synthetic_device_spec_v11
synthetic_customer_000,cabinet_000,2026-08-20 06:20:00+00:00,1,1,1,1,True,True,False,24.072326063062256,-48.12001486614184,2.9043669527083065,4.07726354171311,0.562607963918132,0.01386547457103207,0.0,on,connected,True,synthetic_device_spec_v11
synthetic_customer_000,cabinet_000,2026-08-20 06:30:00+00:00,1,1,1,1,True,True,False,23.943365408621414,-45.60653061152369,3.013712097851288,3.9319232403400988,0.20281041447760875,0.010949965604325167,0.02031873801225047,on,connected,True,synthetic_device_spec_v11
synthetic_customer_000,cabinet_000,2026-08-20 06:40:00+00:00,0,0,0,0,True,True,False,23.928661593851096,-47.76169903181536,2.992459680452652,3.9000344256752957,0.2629627302633045,0.011960953728749488,0.0045018352447132705,on,connected,True,synthetic_device_spec_v11
synthetic_customer_000,cabinet_000,2026-08-20 06:50:00+00:00,0,0,0,0,True,True,False,24.032077983411227,-48.40309692396419,2.965713199740209,4.011485213802033,0.0,0.0,0.01839379010410156,on,connected,True,synthetic_device_spec_v11
synthetic_customer_000,cabinet_000,2026-08-20 07:00:00+00:00,0,0,0,0,True,True,False,23.985741751616338,-47.362562553384045,2.953168061279572,4.011765822636626,0.5766338994402721,0.0,0.0,on,connected,True,synthetic_device_spec_v11
synthetic_customer_000,cabinet_000,2026-08-20 07:10:00+00:00,0,0,0,0,True,True,False,24.033013546606274,-46.03495835340315,3.0760031264660097,4.122317388332111,0.0,0.0,0.0,on,connected,True,synthetic_device_spec_v11
synthetic_customer_000,cabinet_000,2026-08-20 07:20:00+00:00,0,0,0,0,True,True,False,23.991172052314756,-47.42722707991911,3.0588915268327237,3.973417470550008,0.0,0.0,0.0,on,connected,True,synthetic_device_spec_v11
synthetic_customer_000,cabinet_000,2026-08-20 07:30:00+00:00,0,0,0,0,True,True,False,23.7980500205918,-49.91342826162905,2.9728288425737457,3.979115120147963,0.2476135626271868,0.0,0.010637995444361177,on,connected,True,synthetic_device_spec_v11
synthetic_customer_000,cabinet_000,2026-08-20 07:40:00+00:00,0,0,0,0,True,True,False,24.301644037407478,-48.752419913421924,3.044837082910478,4.004765977714439,0.0,0.0,0.0,on,connected,True,synthetic_device_spec_v11
synthetic_customer_000,cabinet_000,2026-08-20 07:50:00+00:00,0,0,0,0,True,True,False,24.014167027496438,-47.951568602795376,2.9574747496650935,3.858497867907917,0.5778510572482005,0.0025030836349840993,0.016661985722186055,on,connected,True,synthetic_device_spec_v11
synthetic_customer_000,cabinet_000,2026-08-20 08:00:00+00:00,0,0,0,0,True,True,False,24.065648728574796,-48.070639268697285,3.021129040691522,3.9551775718935924,0.0,0.01815268194556548,0.01613905846451344,on,connected,True,synthetic_device_spec_v11
synthetic_customer_000,cabinet_000,2026-08-20 08:10:00+00:00,0,0,0,0,True,True,False,23.744808071018188,-47.91050085221027,2.9894301508098398,4.055901406613997,0.4758455098756441,0.0,0.010091214685166142,on,connected,True,synthetic_device_spec_v11
synthetic_customer_000,cabinet_000,2026-08-20 08:20:00+00:00,0,0,0,0,True,True,False,23.994238199552242,-46.55236153194229,3.0207828315756444,4.026620697286053,0.08029422737141818,0.026986452083843454,0.0,on,connected,True,synthetic_device_spec_v11
synthetic_customer_000,cabinet_000,2026-08-20 08:30:00+00:00,0,0,0,0,True,True,False,24.159195835686344,-47.68985703652535,2.927428075409935,4.096883132661266,0.0,0.0,0.012806861961433658,on,connected,True,synthetic_device_spec_v11
synthetic_customer_000,cabinet_000,2026-08-20 08:40:00+00:00,0,0,0,0,True,True,False,23.93447341848625,-47.36809417910152,2.948109132440587,3.9817965416314762,0.0,0.0,0.006292596761718426,on,connected,True,synthetic_device_spec_v11
synthetic_customer_000,cabinet_000,2026-08-20 08:50:00+00:00,0,0,0,0,True,True,False,24.011595191959564,-49.813276196397325,3.0615497830685907,4.078909387539473,0.28833943101382553,0.018523441233898846,0.023681845828753375,on,connected,True,synthetic_device_spec_v11
synthetic_customer_000,cabinet_000,2026-08-20 09:00:00+00:00,0,0,0,0,True,True,False,23.88375503861337,-47.95318100953748,2.994898117542599,3.951207652355551,0.0,0.0,0.0,on,connected,True,synthetic_device_spec_v11
synthetic_customer_000,cabinet_000,2026-08-20 09:10:00+00:00,0,0,0,0,True,True,False,23.894634310381388,-48.41538208180328,3.03507534797866,4.101592558863321,0.1633518091013898,0.032102491058291355,0.01954750464455942,on,connected,True,synthetic_device_spec_v11
synthetic_customer_000,cabinet_000,2026-08-20 09:20:00+00:00,0,0,0,0,True,True,False,23.80391477912738,-48.26906914931223,2.940062253046142,4.054560917961713,0.0,0.0,0.01981515855190019,on,connected,True,synthetic_device_spec_v11
synthetic_customer_000,cabinet_000,2026-08-20 09:30:00+00:00,0,0,0,0,True,True,False,24.145642214095425,-48.81766331155997,3.092526137247516,3.9331950428108495,0.08215623374616879,0.028622962396354524,0.03143535788560599,on,connected,True,synthetic_device_spec_v11
synthetic_customer_000,cabinet_000,2026-08-20 09:40:00+00:00,0,0,0,0,True,True,False,24.197744939586727,-47.855969163724914,3.0448649127245213,4.034413206249058,0.0,0.02908687960550456,0.0,on,connected,True,synthetic_device_spec_v11
synthetic_customer_000,cabinet_000,2026-08-20 09:50:00+00:00,0,0,0,0,True,True,False,24.085260312480557,-46.91536551982168,2.997477113011702,3.951356788600161,0.0,0.00824065966611778,0.0,on,connected,True,synthetic_device_spec_v11
synthetic_customer_000,cabinet_000,2026-08-20 10:00:00+00:00,0,0,0,0,True,True,False,23.930935804292414,-47.679769567082516,2.9923242326768063,4.015610531652913,0.0,0.0,0.0,on,connected,True,synthetic_device_spec_v11
synthetic_customer_000,cabinet_000,2026-08-20 10:10:00+00:00,0,0,0,0,True,True,False,24.111509780059396,-48.833949902025076,3.0163471054241544,3.8912471602218033,0.5269065466953484,0.0,0.0,on,connected,True,synthetic_device_spec_v11
synthetic_customer_000,cabinet_000,2026-08-20 10:20:00+00:00,0,0,0,0,True,True,False,23.916053648454955,-48.26581340848108,3.021986830105222,3.914700638775769,0.0,0.02087063797084969,0.0,on,connected,True,synthetic_device_spec_v11
synthetic_customer_000,cabinet_000,2026-08-20 10:30:00+00:00,0,0,0,0,True,True,False,23.914234362067113,-47.07991795402278,2.975519766417584,3.964819744519871,0.016519077068338984,0.0,0.0,on,connected,True,synthetic_device_spec_v11
synthetic_customer_000,cabinet_000,2026-08-20 10:40:00+00:00,0,0,0,0,True,True,False,23.950802443474426,-47.1771264765484,2.882382485366247,3.9938657329636555,0.0,0.0,0.0,on,connected,True,synthetic_device_spec_v11
synthetic_customer_000,cabinet_000,2026-08-20 10:50:00+00:00,0,0,0,0,True,True,False,23.92524447687364,-47.80282484529459,2.683682663481569,4.017118783866654,0.07637251123357926,0.008222617221372417,0.014693420685354714,on,connected,True,synthetic_device_spec_v11
synthetic_customer_000,cabinet_000,2026-08-20 11:00:00+00:00,0,0,0,0,True,True,False,24.330209755290394,-47.78793710255029,2.6236575244346665,3.9934034986344016,0.0,0.0,0.04889168235495149,on,connected,True,synthetic_device_spec_v11
synthetic_customer_000,cabinet_000,2026-08-20 11:10:00+00:00,0,0,0,0,True,True,False,23.975028129210806,-47.31379255907137,2.326988034858166,3.9707960542906604,0.0,0.0,0.0,on,connected,True,synthetic_device_spec_v11
synthetic_customer_000,cabinet_000,2026-08-20 11:20:00+00:00,0,0,0,0,True,True,False,24.041975641913698,-48.45702168215938,2.216737501126535,3.9378749762134193,0.13842216995862142,0.0,0.0,on,connected,True,synthetic_device_spec_v11
synthetic_customer_000,cabinet_000,2026-08-20 11:30:00+00:00,0,0,0,0,True,True,False,24.04270906518917,-49.15891751800886,2.0347341322107657,4.020798672696556,0.0,0.0,0.0017106343326758454,on,connected,True,synthetic_device_spec_v11
synthetic_customer_000,cabinet_000,2026-08-20 11:40:00+00:00,0,0,0,0,True,True,False,23.989521174125542,-47.881430826504236,1.8665116684311311,4.007017251735759,1.028857720664228,0.011506940757022747,0.0,on,connected,True,synthetic_device_spec_v11
synthetic_customer_000,cabinet_000,2026-08-20 11:50:00+00:00,0,0,0,0,True,True,False,23.932550821307988,-49.44721593802968,1.7103028750179572,3.944646632989645,0.4521990915067068,0.0,0.0,on,connected,True,synthetic_device_spec_v11
synthetic_customer_000,cabinet_000,2026-08-20 12:00:00+00:00,0,0,0,0,True,True,False,24.28005703797527,-47.67328450365372,1.480991647764168,4.028834752801102,0.7127747780336695,0.0,0.0,on,connected,True,synthetic_device_spec_v11
synthetic_customer_000,cabinet_000,2026-08-20 12:10:00+00:00,1,1,1,1,True,True,False,24.123787049959276,-45.990137917897435,1.3738640890469183,4.045663850291018,0.09496578403005884,0.0,0.005981891893978806,on,connected,True,synthetic_device_spec_v11
synthetic_customer_000,cabinet_000,2026-08-20 12:20:00+00:00,1,1,1,1,True,True,False,24.170792588301943,-47.73449742257112,1.1537294737574209,3.9769415785304094,0.44328755802744974,0.0136515529619851,0.0,on,connected,True,synthetic_device_spec_v11
synthetic_customer_000,cabinet_000,2026-08-20 12:30:00+00:00,1,1,1,1,True,True,False,24.09720562547074,-48.87103693463914,0.9803701356413882,4.001711879292517,0.5067993609687111,0.0356310853144014,0.0,on,connected,True,synthetic_device_spec_v11
synthetic_customer_000,cabinet_000,2026-08-20 12:40:00+00:00,0,0,0,0,True,True,False,24.0819340963521,-48.00967731646862,1.0110054273656464,4.130036287159082,0.6577622602203816,0.06418736815179034,0.01325429729125622,on,connected,True,synthetic_device_spec_v11
synthetic_customer_000,cabinet_000,2026-08-20 12:50:00+00:00,0,0,0,0,True,True,False,23.770307504389407,-47.10554879254324,1.0316415937162517,3.9597331207933504,0.27430776450455363,0.0,0.0030949132247240713,on,connected,True,synthetic_device_spec_v11
synthetic_customer_000,cabinet_000,2026-08-20 13:00:00+00:00,0,0,0,0,True,True,False,23.94733060757012,-47.47774968998596,0.9718636781030284,4.0751592974089474,0.074050703362208,0.0,0.0,on,connected,True,synthetic_device_spec_v11
synthetic_customer_000,cabinet_000,2026-08-20 13:10:00+00:00,0,0,0,0,True,True,False,23.95917527573132,-48.30050359056482,1.029731770976774,4.031973863030381,0.675059486125959,0.025815915451120542,0.005356618446263782,on,connected,True,synthetic_device_spec_v11
synthetic_customer_000,cabinet_000,2026-08-20 13:20:00+00:00,0,0,0,0,True,True,False,23.89093015069967,-46.87629460097406,1.0172214404968105,4.039737358221417,0.0,0.0,0.003881364308584949,on,connected,True,synthetic_device_spec_v11
synthetic_customer_000,cabinet_000,2026-08-20 13:30:00+00:00,0,0,0,0,True,True,False,23.97519168570206,-49.53133057003187,1.0421396683547974,3.921864932598488,0.38897510595743595,0.0,0.0,on,connected,True,synthetic_device_spec_v11
synthetic_customer_000,cabinet_000,2026-08-20 13:40:00+00:00,0,0,0,0,True,True,False,23.9440286170611,-49.231027164198785,3.0674682442150325,4.0023760034040174,0.22004288111231407,0.00015449178348859793,0.0,on,connected,True,synthetic_device_spec_v11
synthetic_customer_000,cabinet_000,2026-08-20 13:50:00+00:00,0,0,0,0,True,True,False,23.856795792007837,-47.14893734337335,2.9565418475532583,4.092985773596316,0.0,0.0,0.007034218100057056,on,connected,True,synthetic_device_spec_v11
synthetic_customer_000,cabinet_000,2026-08-20 14:00:00+00:00,0,0,0,0,True,True,False,24.087432889641924,-47.56906990209505,2.890956647827558,4.054419808518568,0.18762239803006617,0.0015569684420762384,0.0,on,connected,True,synthetic_device_spec_v11
synthetic_customer_000,cabinet_000,2026-08-20 14:10:00+00:00,0,0,0,0,True,True,False,23.739267463585183,-49.30777348533992,2.9855389370497805,3.911260079107636,0.0,0.01252743292059243,0.0,on,connected,True,synthetic_device_spec_v11
synthetic_customer_000,cabinet_000,2026-08-20 14:20:00+00:00,0,0,0,0,True,True,False,23.931406822621565,-47.49516638327309,3.02345106223685,4.078162758726189,0.0,0.0,0.030682249898870747,on,connected,True,synthetic_device_spec_v11
synthetic_customer_000,cabinet_000,2026-08-20 14:30:00+00:00,0,0,0,0,True,True,False,24.122709200668034,-50.37364777652488,2.973509914124281,4.0216874804123535,0.0,0.0,0.025208842008170248,on,connected,True,synthetic_device_spec_v11
synthetic_customer_000,cabinet_000,2026-08-20 14:40:00+00:00,0,0,0,0,True,True,False,23.753216651603502,-47.77277745896192,2.929807369627386,4.00930591169878,0.0,0.0,0.0,on,connected,True,synthetic_device_spec_v11
synthetic_customer_000,cabinet_000,2026-08-20 14:50:00+00:00,0,0,0,0,True,True,False,23.934920285785754,-49.71463257064038,2.992206546319492,3.9786842859572378,0.0,0.01692694681556858,0.0,on,connected,True,synthetic_device_spec_v11
synthetic_customer_000,cabinet_000,2026-08-20 15:00:00+00:00,0,0,0,0,True,True,False,23.818816092976228,-47.118617587998536,3.057429131917965,3.8524786519378322,0.06126883621521901,0.0,0.0,on,connected,True,synthetic_device_spec_v11
synthetic_customer_000,cabinet_000,2026-08-20 15:10:00+00:00,0,0,0,0,True,True,False,23.90872109607516,-48.88291568687471,2.9496641405634856,3.971448775784196,0.0,0.00634677130473922,0.020892056617452005,on,connected,True,synthetic_device_spec_v11
synthetic_customer_000,cabinet_000,2026-08-20 15:20:00+00:00,0,0,0,0,True,True,False,24.099295903331292,-48.1607513737928,2.9989974255379166,4.011430651244706,0.12683706129465663,0.013129756077191305,0.0,on,connected,True,synthetic_device_spec_v11
synthetic_customer_000,cabinet_000,2026-08-20 15:30:00+00:00,0,0,0,0,True,True,False,24.282279543180675,-48.7757186505469,3.003763628417123,3.906510131846353,0.0,0.0,0.0,on,connected,True,synthetic_device_spec_v11
synthetic_customer_000,cabinet_000,2026-08-20 15:40:00+00:00,0,0,0,0,True,True,False,24.111219671355283,-46.81409960455028,3.0175248260926906,4.072287787691537,0.0,0.008389016278048844,0.0,on,connected,True,synthetic_device_spec_v11
synthetic_customer_000,cabinet_000,2026-08-20 15:50:00+00:00,0,0,0,0,True,True,False,23.971604784229324,-48.81041619882326,2.957156623901004,4.133088243255804,0.0,0.01227924440219081,0.007035444571237477,on,connected,True,synthetic_device_spec_v11
synthetic_customer_000,cabinet_000,2026-08-20 16:00:00+00:00,0,0,0,0,True,True,False,24.028662615917334,-48.31767421809275,3.0059609748390335,4.002053347509882,0.0,0.0016333767209008262,0.0,on,connected,True,synthetic_device_spec_v11
synthetic_customer_000,cabinet_000,2026-08-20 16:10:00+00:00,0,0,0,0,True,True,False,24.107824389955127,-48.67621654301156,3.034158732440464,3.9084064599983477,0.3464087446845074,0.0,0.00564836205992527,on,connected,True,synthetic_device_spec_v11
synthetic_customer_000,cabinet_000,2026-08-20 16:20:00+00:00,0,0,0,0,True,True,False,23.922612898196853,-49.236887341120934,2.9995478743141963,3.954652400715795,0.0,0.0,0.0,on,connected,True,synthetic_device_spec_v11
synthetic_customer_000,cabinet_000,2026-08-20 16:30:00+00:00,0,0,0,0,True,True,False,23.898223078680314,-48.00429000874367,3.049098694460402,4.074589906072502,0.0,0.0,0.017373675327833422,on,connected,True,synthetic_device_spec_v11
synthetic_customer_000,cabinet_000,2026-08-20 16:40:00+00:00,0,0,0,0,True,True,False,23.769035953870446,-48.33523727400592,3.0482885551948087,3.9542142199693973,0.0,0.0,0.026452023062192645,on,connected,True,synthetic_device_spec_v11
synthetic_customer_000,cabinet_000,2026-08-20 16:50:00+00:00,0,0,0,0,True,True,False,24.047194443531197,-47.43629980219609,3.0608073461486995,3.9398712118274077,0.5444660796801232,0.0014246708576104881,0.005869888255046915,on,connected,True,synthetic_device_spec_v11
synthetic_customer_000,cabinet_000,2026-08-20 17:00:00+00:00,0,0,0,0,True,True,False,24.080793548427273,-46.274073304355746,3.023287106307891,3.9749124350222154,1.009093982809328,0.07126331609237266,0.0,on,connected,True,synthetic_device_spec_v11
synthetic_customer_000,cabinet_000,2026-08-20 17:10:00+00:00,0,0,0,0,True,True,False,23.804275773225836,-47.706603826181116,2.976524090358051,4.058148518389588,0.10728674636387783,0.0,0.01857893073356701,on,connected,True,synthetic_device_spec_v11
synthetic_customer_000,cabinet_000,2026-08-20 17:20:00+00:00,0,0,0,0,True,True,False,23.997451150829963,-48.669528377038716,3.042980747406324,4.026605222446894,0.01591335348748377,0.0,8.153153428467485e-05,on,connected,True,synthetic_device_spec_v11
synthetic_customer_000,cabinet_000,2026-08-20 17:30:00+00:00,0,0,0,0,True,True,False,23.976963308364628,-49.093624825084696,3.0341852972388628,3.9396156010906056,0.0,0.0,0.0015286175418393754,on,connected,True,synthetic_device_spec_v11
synthetic_customer_000,cabinet_000,2026-08-20 17:40:00+00:00,0,0,0,0,True,True,False,24.203642420993557,-47.5973959483261,2.935923863041485,4.071888236676478,0.0,0.0,0.0,on,connected,True,synthetic_device_spec_v11
synthetic_customer_000,cabinet_000,2026-08-20 17:50:00+00:00,0,0,0,0,True,True,False,24.06256424780124,-48.86940866608944,2.8661093891869616,4.134916977922404,0.11760784766609944,0.02346402732493472,0.005098071045216007,on,connected,True,synthetic_device_spec_v11
synthetic_customer_000,cabinet_000,2026-08-20 18:00:00+00:00,0,0,0,0,True,True,False,23.98295489308655,-48.366255075044805,2.8434518010368897,4.0233116060193295,0.7086876512687483,0.01475882188252489,0.0,on,connected,True,synthetic_device_spec_v11
synthetic_customer_000,cabinet_000,2026-08-20 18:10:00+00:00,1,1,1,1,True,True,False,24.04706450443619,-47.570967665567004,2.6486201291327194,4.042420083044092,0.7116454433301007,0.0,0.0018951918409643158,on,connected,True,synthetic_device_spec_v11
synthetic_customer_000,cabinet_000,2026-08-20 18:20:00+00:00,1,1,1,1,True,True,False,23.882960923558468,-48.78612025353746,2.6540838414344368,3.9967524838520285,0.0,0.06354690055723354,0.0023523265845458437,on,connected,True,synthetic_device_spec_v11
synthetic_customer_000,cabinet_000,2026-08-20 18:30:00+00:00,1,1,1,1,True,True,False,23.94949187700719,-48.042920294558876,2.6126158720532286,3.965332490044814,0.6232941066178072,0.0,0.0,on,connected,True,synthetic_device_spec_v11
synthetic_customer_000,cabinet_000,2026-08-20 18:40:00+00:00,0,0,0,0,True,True,False,23.83054535285602,-47.540799178747584,2.459976578119382,4.039823786525719,1.4329129122106332,0.0,0.0203479528837092,on,connected,True,synthetic_device_spec_v11
synthetic_customer_000,cabinet_000,2026-08-20 18:50:00+00:00,0,0,0,0,True,True,False,23.955585719042006,-47.6231720344264,2.345411057333925,4.016862087497555,3.0024356467503877,0.0,0.0,on,connected,True,synthetic_device_spec_v11
synthetic_customer_000,cabinet_000,2026-08-20 19:00:00+00:00,0,0,0,0,True,True,False,23.89307822800848,-47.18521353080871,2.2703493466022864,4.119621862915929,6.236823606658495,0.0,0.03493438252478604,on,connected,True,synthetic_device_spec_v11
synthetic_customer_000,cabinet_000,2026-08-20 19:10:00+00:00,0,0,0,0,True,True,False,23.865977365479274,-46.36136077457313,2.218513764231367,3.992190944985175,7.08323222299832,0.0,0.0,on,connected,True,synthetic_device_spec_v11
synthetic_customer_000,cabinet_000,2026-08-20 19:20:00+00:00,0,0,0,0,True,True,False,23.913898992308926,-47.41721033569076,2.1783503040016865,3.93490665742869,9.252131427493916,0.004557431962690365,0.0219395076432293,on,connected,True,synthetic_device_spec_v11
synthetic_customer_000,cabinet_000,2026-08-20 19:30:00+00:00,0,0,0,0,True,True,False,23.764429932971368,-47.19870691625112,2.2297345553826795,4.019107193473319,9.998872361242777,0.02359466745870419,0.0,on,connected,True,synthetic_device_spec_v11
synthetic_customer_000,cabinet_000,2026-08-20 19:40:00+00:00,0,0,0,0,True,True,False,24.169513655278166,-47.345941682136726,2.178316052696085,3.990984422106447,13.579522879280225,0.03406341242980952,0.0,on,connected,True,synthetic_device_spec_v11
synthetic_customer_000,cabinet_000,2026-08-20 19:50:00+00:00,0,0,0,0,True,True,False,24.04361165095984,-47.65979574775343,2.104186589812233,4.04379731842635,15.577874110843192,0.011402203997247722,0.00729282842912113,on,connected,True,synthetic_device_spec_v11
synthetic_customer_000,cabinet_000,2026-08-20 20:00:00+00:00,0,0,0,0,True,True,False,24.05434723774924,-48.009401476287884,2.194312599512507,3.9768564814856253,17.003760300352475,0.02429148603410907,0.0,on,connected,True,synthetic_device_spec_v11
synthetic_customer_000,cabinet_000,2026-08-20 20:10:00+00:00,0,0,0,0,True,True,False,23.71497805803298,-47.73264332014307,2.1846843330024766,3.9767034936812875,18.42791133729451,0.02391816813016595,0.0,on,connected,True,synthetic_device_spec_v11
synthetic_customer_000,cabinet_000,2026-08-20 20:20:00+00:00,0,0,0,0,True,True,False,23.682811545188706,-49.89248021732704,2.222732898131468,4.068059970945475,20.876944637120257,0.013900576953959007,0.0,on,connected,True,synthetic_device_spec_v11
synthetic_customer_000,cabinet_000,2026-08-20 20:30:00+00:00,0,0,0,0,True,True,False,23.158739114941625,-48.335634131454704,2.963127589749583,3.9821932851619417,23.101682244265724,0.0,0.0,on,connected,True,synthetic_device_spec_v11
synthetic_customer_000,cabinet_000,2026-08-20 20:40:00+00:00,0,0,0,0,True,True,False,22.473293068898617,-49.01840183587476,3.056565929870241,4.0429978819345145,25.226458569284116,0.0,0.0,on,connected,True,synthetic_device_spec_v11
synthetic_customer_000,cabinet_000,2026-08-20 20:50:00+00:00,0,0,0,0,True,True,False,21.734012838162133,-47.541975130221424,3.041927242417399,3.986217934145811,24.821354078183273,0.0,0.0,on,connected,True,synthetic_device_spec_v11
synthetic_customer_000,cabinet_000,2026-08-20 21:00:00+00:00,0,0,0,0,True,True,False,21.33987311038646,-46.2950870128766,3.012667021395981,4.037894666191207,24.01281952436443,0.0,0.0,on,connected,True,synthetic_device_spec_v11
synthetic_customer_000,cabinet_000,2026-08-20 21:10:00+00:00,0,0,0,0,True,True,False,20.88357031516551,-47.686292482577294,2.9580496120120685,4.04135522694635,25.88317675488444,0.0,0.0,on,connected,True,synthetic_device_spec_v11
synthetic_customer_000,cabinet_000,2026-08-20 21:20:00+00:00,0,0,0,0,True,True,False,20.155951906132643,-46.086072191269004,3.027441303732904,4.001885942408373,26.04212665561214,0.0,0.015682417338544925,on,connected,True,synthetic_device_spec_v11
synthetic_customer_000,cabinet_000,2026-08-20 21:30:00+00:00,0,0,0,0,True,True,False,19.77595395095101,-49.09844067710082,2.972455285466182,4.102776140010497,0.6974557920958323,0.0,0.0,on,connected,True,synthetic_device_spec_v11
synthetic_customer_000,cabinet_000,2026-08-20 21:40:00+00:00,0,0,0,0,True,True,False,19.282166986281833,-46.571883060486904,2.9729151185314384,4.029413050391336,0.0,0.01993624565369665,0.010984133388317522,on,connected,True,synthetic_device_spec_v11
synthetic_customer_000,cabinet_000,2026-08-20 21:50:00+00:00,0,0,0,0,True,True,False,18.72886428386176,-48.68839081499118,2.942138287960836,4.045221684141304,0.10610253384293512,0.0,0.024045420174784136,on,connected,True,synthetic_device_spec_v11
synthetic_customer_000,cabinet_000,2026-08-20 23:20:00+00:00,0,0,0,0,True,True,False,24.0563201752572,-46.00238304640195,2.993431312957093,4.093504102931457,0.34841495410624673,0.0,0.013000152902422752,on,connected,True,synthetic_device_spec_v11
synthetic_customer_000,cabinet_000,2026-08-20 23:30:00+00:00,0,0,0,0,True,True,False,24.054461017908253,-46.21516116224253,3.0878876913352076,4.0817846747343305,0.34428274310369755,0.0,0.0,on,connected,True,synthetic_device_spec_v11
synthetic_customer_000,cabinet_000,2026-08-20 23:40:00+00:00,0,0,0,0,True,True,False,23.9794247785907,-49.22748333867896,3.0229073277447167,3.9657636751404626,0.34505288731543676,0.02033773037515109,0.010991098165515672,on,connected,True,synthetic_device_spec_v11
synthetic_customer_000,cabinet_000,2026-08-20 23:50:00+00:00,0,0,0,0,True,True,False,23.87707872649067,-46.127973890874806,3.0253364478025144,4.0371286694643995,0.0,0.0,0.0,on,connected,True,synthetic_device_spec_v11
synthetic_customer_000,cabinet_000,2026-08-21 00:00:00+00:00,0,0,0,0,True,True,False,23.980504241538437,-47.00666726182272,3.0184227202935596,3.9689972368141104,0.5870488557728245,0.0,0.017909564465171852,on,connected,True,synthetic_device_spec_v11
synthetic_customer_000,cabinet_000,2026-08-21 00:10:00+00:00,1,1,1,1,True,True,False,24.201861848181615,-47.51988788671225,3.0531047386444667,3.955373203980065,0.5347147476722391,0.016710650503254636,0.0,on,connected,True,synthetic_device_spec_v11
synthetic_customer_000,cabinet_000,2026-08-21 00:20:00+00:00,1,1,1,1,True,True,False,24.07543486991838,-48.583517694752466,3.0131658986421876,3.997132612496776,0.23804553470360473,0.031003004271741016,0.019091549205285184,on,connected,True,synthetic_device_spec_v11
synthetic_customer_000,cabinet_000,2026-08-21 00:30:00+00:00,1,1,1,1,True,True,False,23.99391194101351,-48.7896650466036,2.938178050462997,4.048942688628204,0.8047850131097695,0.06414696650932321,0.0,on,connected,True,synthetic_device_spec_v11
synthetic_customer_000,cabinet_000,2026-08-21 00:40:00+00:00,0,0,0,0,True,True,False,23.88938693101903,-45.952932918388186,3.018610430763434,3.9662729124406844,0.0,0.0,0.00321851578695037,on,connected,True,synthetic_device_spec_v11
synthetic_customer_000,cabinet_000,2026-08-21 00:50:00+00:00,0,0,0,0,True,True,False,24.108958013894288,-48.47385690963512,3.048236767456867,3.9130968634939607,0.29176637975317815,0.04181332177319888,0.0,on,connected,True,synthetic_device_spec_v11
synthetic_customer_000,cabinet_000,2026-08-21 01:00:00+00:00,0,0,0,0,True,True,False,24.052066822590948,-46.10271458454667,3.0585460480141418,3.9001757489131186,0.0,0.021516025666480802,0.0,on,connected,True,synthetic_device_spec_v11
synthetic_customer_000,cabinet_000,2026-08-21 01:10:00+00:00,0,0,0,0,True,True,False,23.800401541973184,-49.169542298695845,2.9735871827617224,4.070183911804374,0.43710381208094584,0.0,0.02102365407444472,on,connected,True,synthetic_device_spec_v11
synthetic_customer_000,cabinet_000,2026-08-21 01:20:00+00:00,0,0,0,0,True,True,False,24.03815355734908,-47.22614192152699,2.994647112229147,4.076301619631539,0.0,0.0,0.0,on,connected,True,synthetic_device_spec_v11
synthetic_customer_000,cabinet_000,2026-08-21 01:30:00+00:00,0,0,0,0,True,True,False,23.92260291505034,-48.80121692243742,3.0247713900056206,4.075558128181979,0.0,0.020013348991371176,0.002708675047921619,on,connected,True,synthetic_device_spec_v11
synthetic_customer_000,cabinet_000,2026-08-21 01:40:00+00:00,0,0,0,0,True,True,False,24.117974330751455,-46.951995581739624,3.033877052092671,4.123824024715885,0.0901775513314475,0.0,0.0069942345653687,on,connected,True,synthetic_device_spec_v11
synthetic_customer_000,cabinet_000,2026-08-21 01:50:00+00:00,0,0,0,0,True,True,False,24.024152119437773,-47.48044391596863,3.0192161150490833,4.031550127805076,0.0,0.03145473307267218,0.0,on,connected,True,synthetic_device_spec_v11
synthetic_customer_000,cabinet_000,2026-08-21 02:00:00+00:00,0,0,0,0,True,True,False,24.013905228838386,-47.63602589188701,3.017956266562086,4.0661171288612925,0.0,0.0,0.0,on,connected,True,synthetic_device_spec_v11
synthetic_customer_000,cabinet_000,2026-08-21 02:10:00+00:00,0,0,0,0,True,True,False,23.918087069538192,-48.062469910262266,2.9691140080412377,4.049602191792069,0.0,0.0,0.00012072073020583292,on,connected,True,synthetic_device_spec_v11
synthetic_customer_000,cabinet_000,2026-08-21 02:20:00+00:00,0,0,0,0,True,True,False,23.849069109204542,-49.45351324670929,3.0446997062538195,3.9933917190490993,0.0,0.0,0.0,on,connected,True,synthetic_device_spec_v11
synthetic_customer_000,cabinet_000,2026-08-21 02:30:00+00:00,0,0,0,0,True,True,False,23.89130928005915,-50.61802383081341,2.9586805769820224,3.955577453306356,0.0,0.0,0.0,on,connected,True,synthetic_device_spec_v11
synthetic_customer_000,cabinet_000,2026-08-21 02:40:00+00:00,0,0,0,0,True,True,False,24.032983581974076,-48.72302536671224,2.9720586721875253,4.009473048301106,0.7248030142737506,0.010904763457458166,0.0,on,connected,True,synthetic_device_spec_v11
synthetic_customer_000,cabinet_000,2026-08-21 02:50:00+00:00,0,0,0,0,True,True,False,24.152331241715927,-47.12557109269232,3.081567795811132,4.081667904739603,0.5521945735472851,0.0,0.0,on,connected,True,synthetic_device_spec_v11
synthetic_customer_000,cabinet_000,2026-08-21 03:00:00+00:00,0,0,0,0,True,True,False,24.064919889620874,-48.72308679322302,2.9793693507330343,4.047336853307378,0.6551794166994078,0.030970518786400288,0.0,on,connected,True,synthetic_device_spec_v11
synthetic_customer_000,cabinet_000,2026-08-21 03:10:00+00:00,0,0,0,0,True,True,False,24.203885206797736,-49.0856866180458,3.0673421014849236,4.047925230093827,0.0,0.0,0.010714409285903725,on,connected,True,synthetic_device_spec_v11
synthetic_customer_000,cabinet_000,2026-08-21 03:20:00+00:00,0,0,0,0,True,True,False,24.009440022189498,-48.673306839056174,2.927091526160114,3.8499027376317385,0.0,0.029843138786065728,0.0,on,connected,True,synthetic_device_spec_v11
synthetic_customer_000,cabinet_000,2026-08-21 03:30:00+00:00,0,0,0,0,True,True,False,24.046821133373715,-45.920214872035714,3.015883976926457,4.040752734391697,0.12324939328311077,0.0,0.0072392341201966805,on,connected,True,synthetic_device_spec_v11
synthetic_customer_000,cabinet_000,2026-08-21 03:40:00+00:00,0,0,0,0,True,True,False,23.73408778326221,-47.697092852170705,2.984159619524098,4.03508903788405,0.0,0.027821084114914643,0.010077194635027965,on,connected,True,synthetic_device_spec_v11
synthetic_customer_000,cabinet_000,2026-08-21 03:50:00+00:00,0,0,0,0,True,True,False,24.09759536342721,-48.60753873008954,3.0131435442286487,3.9514949522982024,0.0,0.0,0.0,on,connected,True,synthetic_device_spec_v11
synthetic_customer_000,cabinet_000,2026-08-21 04:00:00+00:00,0,0,0,0,True,True,False,24.110329195905745,-47.99527426225397,3.0740710311731543,3.896851328175232,0.0,0.0009467109681888376,0.0,on,connected,True,synthetic_device_spec_v11
synthetic_customer_000,cabinet_000,2026-08-21 04:10:00+00:00,0,0,0,0,True,True,False,24.0330730079856,-48.512902530202666,2.9420719656585734,4.146638971737734,0.6162086105459063,0.010010602387356071,0.0,on,connected,True,synthetic_device_spec_v11
synthetic_customer_000,cabinet_000,2026-08-21 04:20:00+00:00,0,0,0,0,True,True,False,24.002208878560896,-49.520226557401394,3.011334163905539,4.3640702225951475,0.4215255822662374,0.0,0.05679462896609964,on,connected,True,synthetic_device_spec_v11
synthetic_customer_000,cabinet_000,2026-08-21 04:30:00+00:00,0,0,0,0,True,True,False,23.92450633965599,-48.15911067050448,2.991829609997633,4.7066363513427545,0.4222002316710083,0.0,0.08047388330681896,on,connected,True,synthetic_device_spec_v11
synthetic_customer_000,cabinet_000,2026-08-21 04:40:00+00:00,0,0,0,0,True,True,False,24.051865419679558,-48.47818257148813,3.0439571242108063,4.947660552087197,1.4593998936761379,0.06362689852116618,0.13123772572413303,on,connected,True,synthetic_device_spec_v11
synthetic_customer_000,cabinet_000,2026-08-21 04:50:00+00:00,0,0,0,0,True,True,False,24.139485724977053,-49.71718768222914,2.925969390757266,5.150385303591434,0.0,0.003722776009462237,0.13667289511406988,on,connected,True,synthetic_device_spec_v11
synthetic_customer_000,cabinet_000,2026-08-21 05:00:00+00:00,0,0,0,0,True,True,False,23.95647635090878,-48.22954891558596,3.054788439722778,5.379572399361788,0.0,0.0030844816745976464,0.20540954216133145,on,connected,True,synthetic_device_spec_v11
synthetic_customer_000,cabinet_000,2026-08-21 05:10:00+00:00,0,0,0,0,True,True,False,24.154851900854073,-47.53434507644795,3.072345071049236,5.401038227980815,0.2997055266323798,0.037895728290434014,0.21301728508011242,on,connected,True,synthetic_device_spec_v11
synthetic_customer_000,cabinet_000,2026-08-21 05:20:00+00:00,0,0,0,0,True,True,False,23.875340980258372,-48.98382358690277,3.037479518635323,5.89525650352945,0.0,0.0,0.20274946305201771,on,connected,True,synthetic_device_spec_v11
synthetic_customer_000,cabinet_000,2026-08-21 05:30:00+00:00,0,0,0,0,True,True,False,23.896152991299466,-51.487247639016196,2.9398751379524617,6.116198290493522,0.44156520627612245,0.08956622913945732,0.30092934928888376,on,connected,True,synthetic_device_spec_v11
synthetic_customer_000,cabinet_000,2026-08-21 05:40:00+00:00,0,0,0,0,True,True,False,23.989699189771528,-55.373552267655434,3.069024299091638,6.278360115665916,0.0,0.14932638518356678,0.3123702640451808,on,connected,True,synthetic_device_spec_v11
synthetic_customer_000,cabinet_000,2026-08-21 05:50:00+00:00,0,0,0,0,True,True,False,23.90578725347326,-57.0836646371735,3.002201172208311,6.438848831848464,0.0,0.1546609590684308,0.3579829675262952,on,connected,True,synthetic_device_spec_v11
synthetic_customer_000,cabinet_000,2026-08-21 06:00:00+00:00,0,0,0,0,True,True,False,24.05425051322123,-58.63372460596735,2.9448992840748365,6.7479546527732985,0.0,0.22602232365959962,0.33135750029307226,on,connected,True,synthetic_device_spec_v11
synthetic_customer_000,cabinet_000,2026-08-21 06:10:00+00:00,1,1,1,1,True,True,False,24.179985136113366,-60.86409362423106,2.9759612937921327,7.130989685902805,0.26353901342590863,0.24594009725869168,0.3897606191401036,on,connected,True,synthetic_device_spec_v11
synthetic_customer_000,cabinet_000,2026-08-21 06:20:00+00:00,0,1,1,0,True,True,False,23.825507775886308,-66.49646653142536,2.9473566643723887,6.955126009853299,0.14790823874629314,0.29792924741850363,0.4330281371715485,on,connected,True,synthetic_device_spec_v11
synthetic_customer_000,cabinet_000,2026-08-21 06:30:00+00:00,0,1,1,0,True,True,False,24.077034460488875,-66.5368122322561,3.035156032687363,7.037722653431352,0.6874988131450337,0.39798423146920425,0.40945207670260414,on,connected,True,synthetic_device_spec_v11
synthetic_customer_000,cabinet_000,2026-08-21 06:40:00+00:00,0,0,0,0,True,True,False,23.565433502867407,-70.85777082003479,3.01472170482743,7.065186420940999,0.0,0.38882845329736176,0.4152641674186875,on,connected,True,synthetic_device_spec_v11
synthetic_customer_000,cabinet_000,2026-08-21 06:50:00+00:00,0,0,0,0,True,True,False,23.905149893202076,-73.14042598085558,3.020638596157624,4.066898276177166,0.0,0.4630914133316294,0.002857497130102913,on,connected,True,synthetic_device_spec_v11
synthetic_customer_000,cabinet_000,2026-08-21 07:00:00+00:00,0,0,0,0,True,True,False,24.065767819260003,-73.68189315677743,3.0346382167136166,3.9912926093338688,0.0,0.4996541134501644,0.0,on,connected,True,synthetic_device_spec_v11
synthetic_customer_000,cabinet_000,2026-08-21 07:10:00+00:00,0,0,0,0,True,True,False,23.86256428688972,-76.8751606063137,3.0608884817400215,3.921557496998252,0.0,0.48834553744160025,0.0,on,connected,True,synthetic_device_spec_v11
synthetic_customer_000,cabinet_000,2026-08-21 07:20:00+00:00,0,0,0,0,True,True,False,23.91465599012675,-78.02795338492881,2.9665194244509197,3.966389470625829,0.0,0.5915852790911448,0.0005925430030425478,on,connected,True,synthetic_device_spec_v11
synthetic_customer_000,cabinet_000,2026-08-21 07:30:00+00:00,0,0,0,0,True,True,False,24.135070572845862,-81.66998602094729,3.087419226797636,4.029252215050392,0.6111130140640523,0.619162323330132,0.02882807129730174,on,connected,True,synthetic_device_spec_v11
synthetic_customer_000,cabinet_000,2026-08-21 07:40:00+00:00,0,0,0,0,True,True,False,23.980464206237247,-84.91511191214528,3.001639541295123,4.037933176518851,0.06668636528060902,0.6713028193449233,0.0,on,connected,True,synthetic_device_spec_v11
synthetic_customer_000,cabinet_000,2026-08-21 08:50:00+00:00,0,0,0,0,True,True,False,24.073873704812037,-48.90754731915456,2.947845051440184,3.9952521672799075,0.20198520246879662,0.0,0.0,on,connected,True,synthetic_device_spec_v11
synthetic_customer_000,cabinet_000,2026-08-21 09:00:00+00:00,0,0,0,0,True,True,False,24.016887039472586,-47.57137600662978,2.9222530114565233,4.0417351998238225,0.011105389628415542,0.0,0.0,on,connected,True,synthetic_device_spec_v11
synthetic_customer_000,cabinet_000,2026-08-21 09:10:00+00:00,0,0,0,0,True,True,False,23.940052632506553,-47.90060589452472,2.9623626878527998,4.01827430632497,0.0,0.019152455809156338,0.0,on,connected,True,synthetic_device_spec_v11
synthetic_customer_000,cabinet_000,2026-08-21 09:20:00+00:00,0,0,0,0,True,True,False,24.043392366423813,-48.62296160244487,3.0460822097725497,3.939641956905662,0.0,0.0,0.02119623799090296,on,connected,True,synthetic_device_spec_v11
synthetic_customer_000,cabinet_000,2026-08-21 09:30:00+00:00,0,0,0,0,True,True,False,24.08318076659922,-48.59605469898911,2.980743268831725,3.9405886002638195,0.0,0.009918311840678803,0.0,on,connected,True,synthetic_device_spec_v11
synthetic_customer_000,cabinet_000,2026-08-21 09:40:00+00:00,0,0,0,0,True,True,False,23.82273609729095,-47.42586269455406,2.9856641811476536,3.9390498845738517,0.2793707684934137,0.012836957864623414,0.014372684782241376,on,connected,True,synthetic_device_spec_v11
synthetic_customer_000,cabinet_000,2026-08-21 09:50:00+00:00,0,0,0,0,True,True,False,24.15589687651884,-49.244331186426386,3.0497728113603704,3.9899859802119613,0.0,0.0,0.0016374727889790445,on,connected,True,synthetic_device_spec_v11
synthetic_customer_000,cabinet_000,2026-08-21 10:00:00+00:00,0,0,0,0,True,True,False,23.992461666802626,-48.57789877835243,2.9790267451890675,3.934652506140783,0.5448351154043203,0.016693613650560324,0.0,on,connected,True,synthetic_device_spec_v11
synthetic_customer_000,cabinet_000,2026-08-21 10:10:00+00:00,0,0,0,0,True,True,False,24.05580828902473,-50.33286520883988,3.0445570507563877,4.077576267144287,0.007484507456755783,0.019209500427908904,0.007294180717190264,on,connected,True,synthetic_device_spec_v11
synthetic_customer_000,cabinet_000,2026-08-21 10:20:00+00:00,0,0,0,0,True,True,False,23.927160085407674,-49.46846809488409,2.969732305847412,3.971894966546081,0.6751953414013536,0.0,0.0,on,connected,True,synthetic_device_spec_v11
synthetic_customer_000,cabinet_000,2026-08-21 10:30:00+00:00,0,0,0,0,True,True,False,23.90222939036758,-47.41867404780175,2.991118451379492,3.9285757898472387,0.15032870998892897,0.01891805967436163,0.0023259926926194273,on,connected,True,synthetic_device_spec_v11
synthetic_customer_000,cabinet_000,2026-08-21 10:40:00+00:00,0,0,0,0,True,True,False,24.249955309138127,-47.301575655709804,2.9669326968120684,4.108939980105045,0.0,0.0,0.0,on,connected,True,synthetic_device_spec_v11
synthetic_customer_000,cabinet_000,2026-08-21 10:50:00+00:00,0,0,0,0,True,True,False,23.99030839521375,-49.7437087062025,2.9361920307562013,3.9375691754339885,0.0,0.0,0.0,on,connected,True,synthetic_device_spec_v11
synthetic_customer_000,cabinet_000,2026-08-21 11:00:00+00:00,0,0,0,0,True,True,False,24.081442478869818,-44.81648463698143,3.0195962720893346,4.05374537785861,0.21597377667595852,0.0,0.02831844951910095,on,connected,True,synthetic_device_spec_v11
synthetic_customer_000,cabinet_000,2026-08-21 11:10:00+00:00,0,0,0,0,True,True,False,23.743525088454476,-49.56656200630164,3.054263564013677,4.078034312247823,0.0,0.01856155833907874,0.003657254771996515,on,connected,True,synthetic_device_spec_v11
synthetic_customer_000,cabinet_000,2026-08-21 11:20:00+00:00,0,0,0,0,True,True,False,24.10290297632309,-47.759365470866705,3.0152238461741576,3.941256524990967,0.8696490932978356,0.0,0.0,on,connected,True,synthetic_device_spec_v11
synthetic_customer_000,cabinet_000,2026-08-21 11:30:00+00:00,0,0,0,0,True,True,False,23.931744871427885,-48.310357946778524,3.0384498201258694,3.931985500618708,0.0,0.0,0.02094283803110645,on,connected,True,synthetic_device_spec_v11
synthetic_customer_000,cabinet_000,2026-08-21 11:40:00+00:00,0,0,0,0,True,True,False,23.951950572413413,-46.37693689746644,3.00446068464478,3.972791572659806,0.07513370500940417,0.0,0.03448336390679004,on,connected,True,synthetic_device_spec_v11
synthetic_customer_000,cabinet_000,2026-08-21 11:50:00+00:00,0,0,0,0,True,True,False,23.76122366982936,-48.30451894525569,3.018127348819786,3.9185659422175982,0.6624063277689036,0.0031356162016978524,0.0,on,connected,True,synthetic_device_spec_v11
synthetic_customer_000,cabinet_000,2026-08-21 12:00:00+00:00,0,0,0,0,True,True,False,23.78695085833274,-48.30402186094196,3.0369030505500674,3.8952515671695243,0.0,0.0,0.0,on,connected,True,synthetic_device_spec_v11
synthetic_customer_000,cabinet_000,2026-08-21 12:10:00+00:00,1,1,1,1,True,True,False,23.876235040854713,-47.36866773132664,3.0515532680818565,3.981227365214284,0.37897215848320454,0.0,0.0,on,connected,True,synthetic_device_spec_v11
synthetic_customer_000,cabinet_000,2026-08-21 12:20:00+00:00,1,1,1,1,True,True,False,24.187523265959104,-49.00118841240979,3.026649927785452,4.014857892641164,0.17475970631514792,0.00930891515869269,0.0,on,connected,True,synthetic_device_spec_v11
synthetic_customer_000,cabinet_000,2026-08-21 12:30:00+00:00,1,1,1,1,True,True,False,23.866032387929515,-46.10975945248956,3.0383849648175136,3.9444602895271217,0.0,0.0,0.0,on,connected,True,synthetic_device_spec_v11
synthetic_customer_000,cabinet_000,2026-08-21 12:40:00+00:00,0,0,0,0,True,True,False,23.80998432882765,-48.278724747514715,3.033532988204711,4.087161339928023,0.8615168164846059,0.0,0.0,on,connected,True,synthetic_device_spec_v11
synthetic_customer_000,cabinet_000,2026-08-21 12:50:00+00:00,0,0,0,0,True,True,False,24.068346964685386,-48.01789363841183,3.037318493608015,4.078176455721008,0.0,0.0,0.0,on,connected,True,synthetic_device_spec_v11
synthetic_customer_000,cabinet_000,2026-08-21 13:00:00+00:00,0,0,0,0,True,True,False,23.955447258708453,-47.731579031262704,3.069723267033586,3.9733666430812984,0.0,0.0,0.0,on,connected,True,synthetic_device_spec_v11
synthetic_customer_000,cabinet_000,2026-08-21 13:10:00+00:00,0,0,0,0,True,True,False,24.187646528429777,-49.5708022971542,2.9997447044628247,3.9894092953134046,0.0,0.006879073024836546,0.0005205350415311955,on,connected,True,synthetic_device_spec_v11
synthetic_customer_000,cabinet_000,2026-08-21 13:20:00+00:00,0,0,0,0,True,True,False,23.99530046784761,-48.57860371988057,3.0406567487851475,3.9748124758753605,0.42153112453130703,0.006404975692655222,0.0,on,connected,True,synthetic_device_spec_v11
synthetic_customer_000,cabinet_000,2026-08-21 13:30:00+00:00,0,0,0,0,True,True,False,24.139788474290647,-46.52419539905694,2.9973098849860875,3.95806952660347,0.0,0.0,0.004413546515367342,on,connected,True,synthetic_device_spec_v11
synthetic_customer_000,cabinet_000,2026-08-21 13:40:00+00:00,0,0,0,0,True,True,False,23.99579022312235,-48.60312151816343,2.985630606011857,4.008069674992798,0.5952461528932635,0.0,0.0,on,connected,True,synthetic_device_spec_v11
synthetic_customer_000,cabinet_000,2026-08-21 13:50:00+00:00,0,0,0,0,True,True,False,24.2224851737633,-48.191621661102516,2.922202113310544,4.0403221259790945,0.0,0.0062905879925915596,0.0,on,connected,True,synthetic_device_spec_v11
synthetic_customer_000,cabinet_000,2026-08-21 14:00:00+00:00,0,0,0,0,True,True,False,24.130049439483557,-48.53185054897176,2.983640126581502,4.005145320502887,0.0,0.0,0.02198157842490278,on,connected,True,synthetic_device_spec_v11
synthetic_customer_000,cabinet_000,2026-08-21 14:10:00+00:00,0,0,0,0,True,True,False,23.76584390404565,-48.28544145857073,3.0074574865101926,3.922428447615339,0.31140113734737795,0.0014465570264640551,0.0,on,connected,True,synthetic_device_spec_v11
synthetic_customer_000,cabinet_000,2026-08-21 14:20:00+00:00,0,0,0,0,True,True,False,23.95334689200635,-48.8395730769204,3.032330061919134,4.072110355781644,0.0,0.0,0.04547187622987359,on,connected,True,synthetic_device_spec_v11
synthetic_customer_000,cabinet_000,2026-08-21 14:30:00+00:00,0,0,0,0,True,True,False,24.108434470849488,-48.00091496394526,3.044276722999374,3.9554361987290267,0.0,0.010261379752381134,0.02921181812898193,on,connected,True,synthetic_device_spec_v11
synthetic_customer_000,cabinet_000,2026-08-21 14:40:00+00:00,0,0,0,0,True,True,False,24.047990802542934,-48.08568271556915,3.0381091931276174,3.899117500351158,0.0,0.0017780312998175764,0.0,on,connected,True,synthetic_device_spec_v11
synthetic_customer_000,cabinet_000,2026-08-21 14:50:00+00:00,0,0,0,0,True,True,False,24.020143012179428,-46.49804015157781,3.0102656736017717,3.889694001906137,0.0,0.0,0.0,on,connected,True,synthetic_device_spec_v11
synthetic_customer_000,cabinet_000,2026-08-21 15:00:00+00:00,0,0,0,0,True,True,False,24.145836897261685,-48.7714465449173,2.995720972110039,4.0143705469605075,0.0,0.0,0.0,on,connected,True,synthetic_device_spec_v11
synthetic_customer_000,cabinet_000,2026-08-21 15:10:00+00:00,0,0,0,0,True,True,False,23.91008773181269,-48.30324584926613,2.9421518066467294,4.128903183047289,1.2184948723885396,0.01412371484541073,0.008497621206946363,on,connected,True,synthetic_device_spec_v11
synthetic_customer_000,cabinet_000,2026-08-21 15:20:00+00:00,0,0,0,0,True,True,False,24.087757496042805,-47.92152434877615,3.080676774471992,4.003343565879452,0.015697809702334888,0.02738820567850341,0.0,on,connected,True,synthetic_device_spec_v11
synthetic_customer_000,cabinet_000,2026-08-21 15:30:00+00:00,0,0,0,0,True,True,False,24.11008304318014,-47.00903306254044,2.950952636620165,4.091210584573162,0.0,0.0,0.0,on,connected,True,synthetic_device_spec_v11
synthetic_customer_000,cabinet_000,2026-08-21 15:40:00+00:00,0,0,0,0,True,True,False,23.657332498329215,-47.515395728301435,3.021758611809243,3.9784522943169587,0.0,0.0,0.009429589287568554,on,connected,True,synthetic_device_spec_v11
synthetic_customer_000,cabinet_000,2026-08-21 15:50:00+00:00,0,0,0,0,True,True,False,23.957912724163382,-49.12720794500562,2.9801675724951835,4.09553633029615,0.0,0.0,0.011055562101103733,on,connected,True,synthetic_device_spec_v11
synthetic_customer_000,cabinet_000,2026-08-21 16:00:00+00:00,0,0,0,0,True,True,False,23.861187297550774,-47.65367194481739,3.0309081017998563,3.9450142564959614,0.0,0.033976543807910625,0.0049491701985046556,on,connected,True,synthetic_device_spec_v11
synthetic_customer_000,cabinet_000,2026-08-21 16:10:00+00:00,0,0,0,0,True,True,False,23.989393008111477,-46.73666963897958,3.0506406503140155,3.810161320322454,0.09201557579571527,0.0,0.04158421587765839,on,connected,True,synthetic_device_spec_v11
synthetic_customer_000,cabinet_000,2026-08-21 16:20:00+00:00,0,0,0,0,True,True,False,24.174440427657366,-49.297566572678214,3.0357171941070726,3.967791234433936,0.5990813873939936,0.031030908788455554,0.0,on,connected,True,synthetic_device_spec_v11
synthetic_customer_000,cabinet_000,2026-08-21 16:30:00+00:00,0,0,0,0,True,True,False,24.30207725854643,-46.858188918925954,3.032311618046493,4.0276263463467465,0.07703636391281593,0.0,0.00936806883221889,on,connected,True,synthetic_device_spec_v11
synthetic_customer_000,cabinet_000,2026-08-21 16:40:00+00:00,0,0,0,0,True,True,False,23.993295756448877,-50.23797248081863,2.9969929941415514,4.032655297803288,0.0,0.003302164892057197,0.0006549716215426934,on,connected,True,synthetic_device_spec_v11
synthetic_customer_000,cabinet_000,2026-08-21 16:50:00+00:00,0,0,0,0,True,True,False,24.142549011084874,-47.505050313907105,3.0141771276935114,3.9882988865287414,0.44554372630057626,0.0,0.027946687073585285,on,connected,True,synthetic_device_spec_v11
synthetic_customer_000,cabinet_000,2026-08-21 17:00:00+00:00,0,0,0,0,True,True,False,24.11355355369286,-47.20214484262232,2.9661328531470312,3.988014207391885,0.06396467625431643,0.0,0.019422899520490592,on,connected,True,synthetic_device_spec_v11
synthetic_customer_000,cabinet_000,2026-08-21 17:10:00+00:00,0,0,0,0,True,True,False,23.82569112963038,-48.05442433288969,3.036826723325177,4.030560807586404,0.2916214440362557,0.0,0.02235990883831493,on,connected,True,synthetic_device_spec_v11
synthetic_customer_000,cabinet_000,2026-08-21 17:20:00+00:00,0,0,0,0,True,True,False,23.737128015098165,-48.045336158434516,2.94404212253345,4.003372352978249,0.3203848289585709,0.021984095259459328,0.004375800359389311,on,connected,True,synthetic_device_spec_v11
synthetic_customer_000,cabinet_000,2026-08-21 17:30:00+00:00,0,0,0,0,True,True,False,24.104319492260668,-47.1863663454516,3.0049591798162507,4.015998497807781,0.0,0.0,0.0,on,connected,True,synthetic_device_spec_v11
synthetic_customer_000,cabinet_000,2026-08-21 17:40:00+00:00,0,0,0,0,True,True,False,23.973735953228143,-47.97852500607619,3.050654069912542,4.003515182837094,0.0,0.0,0.019726560230077336,on,connected,True,synthetic_device_spec_v11
synthetic_customer_000,cabinet_000,2026-08-21 17:50:00+00:00,0,0,0,0,True,True,False,23.9350733518887,-47.26021782492761,3.02651117900372,3.84861758848929,0.4851019376512474,0.0,0.01096597752528636,on,connected,True,synthetic_device_spec_v11
synthetic_customer_000,cabinet_000,2026-08-21 18:00:00+00:00,0,0,0,0,True,True,False,24.08641277524896,-48.151398776734375,3.008998022467246,4.003070635069387,0.010709675436907208,0.004185242051433307,0.005933009933596009,on,connected,True,synthetic_device_spec_v11
synthetic_customer_000,cabinet_000,2026-08-21 18:10:00+00:00,1,1,1,1,True,True,False,23.855466086167223,-47.16672002679855,3.1173947092427006,4.0639316468633995,0.0,0.0,0.0,on,connected,True,synthetic_device_spec_v11
synthetic_customer_000,cabinet_000,2026-08-21 18:20:00+00:00,1,1,1,1,True,True,False,24.164657043396428,-48.19095843486059,2.953923549011229,4.032324396373669,0.705125161727129,0.0014194374194983759,0.02817862126345583,on,connected,True,synthetic_device_spec_v11
synthetic_customer_000,cabinet_000,2026-08-21 18:30:00+00:00,1,1,1,1,True,True,False,23.870199750902895,-47.50072172878991,3.0243218025801806,3.9268146240105475,0.6277471325162918,0.005819565807545613,0.0,on,connected,True,synthetic_device_spec_v11
synthetic_customer_000,cabinet_000,2026-08-21 18:40:00+00:00,0,0,0,0,True,True,False,24.247121660052937,-48.58341233665753,3.0511973747130896,4.036786535718732,0.0019190428851651117,0.02388024233423766,0.0,on,connected,True,synthetic_device_spec_v11
synthetic_customer_000,cabinet_000,2026-08-21 18:50:00+00:00,0,0,0,0,True,True,False,24.1324551005628,-48.500710819159,2.958277412694511,3.9725544742893315,0.2377053851941797,0.020790152308605654,0.01548611381437324,on,connected,True,synthetic_device_spec_v11
synthetic_customer_000,cabinet_000,2026-08-21 19:00:00+00:00,0,0,0,0,True,True,False,24.264739981474275,-45.866807035674384,3.0028082113880794,3.899008196987064,0.0,0.0,0.02784042336200617,on,connected,True,synthetic_device_spec_v11
synthetic_customer_000,cabinet_000,2026-08-21 19:10:00+00:00,0,0,0,0,True,True,False,24.039960965144946,-47.17736153445205,2.947224455905886,3.972026125352357,0.0,0.0,0.024040024160370464,on,connected,True,synthetic_device_spec_v11
synthetic_customer_000,cabinet_000,2026-08-21 19:20:00+00:00,0,0,0,0,True,True,False,24.00933596232568,-48.35719224751447,2.9668201049887024,4.0610249083960115,0.2714769644820418,0.0,0.02094392672445454,on,connected,True,synthetic_device_spec_v11
synthetic_customer_000,cabinet_000,2026-08-21 19:30:00+00:00,0,0,0,0,True,True,False,23.861696622248285,-49.18467018656012,3.0066159565053403,4.058589967471219,0.0,0.028259447028178987,0.012405252694321705,on,connected,True,synthetic_device_spec_v11
synthetic_customer_000,cabinet_000,2026-08-21 19:40:00+00:00,0,0,0,0,True,True,False,24.1333941433111,-46.78463799486396,2.9999312690742195,3.9805052454928878,0.0,0.0,0.0,on,connected,True,synthetic_device_spec_v11
synthetic_customer_000,cabinet_000,2026-08-21 19:50:00+00:00,0,0,0,0,True,True,False,23.84256351588271,-47.52636738160204,2.9265257261021502,4.004202222221603,0.0,0.0,0.0,on,connected,True,synthetic_device_spec_v11
synthetic_customer_000,cabinet_000,2026-08-21 20:00:00+00:00,0,0,0,0,True,True,False,24.224255077919988,-48.59935532880798,3.0321381039069335,4.058885119174475,0.0,0.0,0.004036553473600335,on,connected,True,synthetic_device_spec_v11
synthetic_customer_000,cabinet_000,2026-08-21 20:10:00+00:00,0,0,0,0,True,True,False,24.165014093125475,-48.78946031614748,2.9814323252373254,3.9385219335639863,0.0,0.01652585198639532,0.0,on,connected,True,synthetic_device_spec_v11
synthetic_customer_000,cabinet_000,2026-08-21 20:20:00+00:00,0,0,0,0,True,True,False,23.811843306333348,-48.9595378198624,3.022879863944438,4.080463542930871,0.0,0.0,0.04941102463428483,on,connected,True,synthetic_device_spec_v11
synthetic_customer_000,cabinet_000,2026-08-21 20:30:00+00:00,0,0,0,0,True,True,False,24.056506365202974,-49.24108015603525,2.9977331225620083,3.9261192878024285,0.0,0.011098835750394592,0.0,on,connected,True,synthetic_device_spec_v11
synthetic_customer_000,cabinet_000,2026-08-21 20:40:00+00:00,0,0,0,0,True,True,False,24.01134269284789,-48.682617173769245,2.961750572150831,4.110669853872686,0.0,0.0,0.0,on,connected,True,synthetic_device_spec_v11
synthetic_customer_000,cabinet_000,2026-08-21 20:50:00+00:00,0,0,0,0,True,True,False,24.0417451084326,-48.06265491195861,2.9797508713315946,4.036972701686075,0.29430370968663827,0.0,0.007421228961145495,on,connected,True,synthetic_device_spec_v11
synthetic_customer_000,cabinet_000,2026-08-21 21:00:00+00:00,0,0,0,0,True,True,False,23.822126822145925,-46.99851638300707,2.9922265321169705,4.006542423731647,0.0,0.007964411213351513,0.020835995882577223,on,connected,True,synthetic_device_spec_v11
synthetic_customer_000,cabinet_000,2026-08-21 21:10:00+00:00,0,0,0,0,True,True,False,24.074087845982408,-47.44250086317597,2.91183728509419,4.060358800764873,0.0,0.01975477981033044,0.0,on,connected,True,synthetic_device_spec_v11
synthetic_customer_000,cabinet_000,2026-08-21 21:20:00+00:00,0,0,0,0,True,True,False,24.091267039908313,-47.850514823509975,2.973292500065297,3.9708583567771556,0.0,0.024334816462971608,0.004838042361405393,on,connected,True,synthetic_device_spec_v11
synthetic_customer_000,cabinet_000,2026-08-21 21:30:00+00:00,0,0,0,0,True,True,False,23.980707243306174,-48.03245410055563,2.967916020728588,3.9835118487367867,0.0,0.016990856072238977,0.0,on,connected,True,synthetic_device_spec_v11
synthetic_customer_000,cabinet_000,2026-08-21 21:40:00+00:00,0,0,0,0,True,True,False,23.914854570975283,-46.44173932161351,3.0497557074718586,4.099826619607791,0.539790508940502,0.0,0.0,on,connected,True,synthetic_device_spec_v11
synthetic_customer_000,cabinet_000,2026-08-21 21:50:00+00:00,0,0,0,0,True,True,False,24.046407323914252,-48.20937430307874,3.016008151334928,4.015008810688763,0.5201851182804146,0.0,0.0,on,connected,True,synthetic_device_spec_v11
synthetic_customer_000,cabinet_000,2026-08-21 22:00:00+00:00,0,0,0,0,True,True,False,24.076428665462906,-49.115145203145666,3.0024333257461975,3.963155406416482,0.0,0.0,0.010323694324863757,on,connected,True,synthetic_device_spec_v11
synthetic_customer_000,cabinet_000,2026-08-21 22:10:00+00:00,0,0,0,0,True,True,False,23.93089936821941,-48.69102771815941,2.9515911590354076,4.0188918187673375,0.0,0.011538534233836615,0.0,on,connected,True,synthetic_device_spec_v11
synthetic_customer_000,cabinet_000,2026-08-21 22:20:00+00:00,0,0,0,0,True,True,False,24.137877376515046,-48.33492030897246,2.9728662383114677,3.983268795159658,0.39772048806656735,0.0,0.0,on,connected,True,synthetic_device_spec_v11
synthetic_customer_000,cabinet_000,2026-08-21 22:30:00+00:00,0,0,0,0,True,True,False,24.228985442879832,-49.13255370139942,2.9906939123555922,4.069148101068966,0.030450058312335965,0.04823175216664763,0.0323017938069941,on,connected,True,synthetic_device_spec_v11
synthetic_customer_000,cabinet_000,2026-08-21 22:40:00+00:00,0,0,0,0,True,True,False,24.038855360160564,-46.41439319000719,2.985389656180488,3.9567274032226307,0.0,0.003587544562344702,0.007306299564016891,on,connected,True,synthetic_device_spec_v11
synthetic_customer_000,cabinet_000,2026-08-21 22:50:00+00:00,0,0,0,0,True,True,False,24.02592774832876,-48.04547021887015,3.0470864893339145,3.9897877306151206,0.22068428979171964,0.0,0.009826973214734266,on,connected,True,synthetic_device_spec_v11
synthetic_customer_000,cabinet_000,2026-08-21 23:00:00+00:00,0,0,0,0,True,True,False,23.995643874945397,-49.40544022873301,3.055565831121176,4.062547156165862,0.0,0.033640511102573066,0.0030656803318947702,on,connected,True,synthetic_device_spec_v11
synthetic_customer_000,cabinet_000,2026-08-21 23:10:00+00:00,0,0,0,0,True,True,False,23.91613401868436,-48.55949683580896,3.0833339195697262,4.008871438478781,0.0,0.0,0.0,on,connected,True,synthetic_device_spec_v11
synthetic_customer_000,cabinet_000,2026-08-21 23:20:00+00:00,0,0,0,0,True,True,False,24.010783358895893,-48.7463705810301,3.002332713230422,3.972395654558982,0.026771747330123028,0.03483034444034832,0.0,on,connected,True,synthetic_device_spec_v11
synthetic_customer_000,cabinet_000,2026-08-21 23:30:00+00:00,0,0,0,0,True,True,False,24.01363927574334,-48.772250547584676,3.0066478170078184,3.9645396464427667,0.20259087417820687,0.03271132609062724,0.0,on,connected,True,synthetic_device_spec_v11
synthetic_customer_000,cabinet_000,2026-08-21 23:40:00+00:00,0,0,0,0,True,True,False,24.013869235294408,-47.63517440949234,3.027926695622142,3.9635827790534646,0.0,0.009345169308754982,0.0,on,connected,True,synthetic_device_spec_v11
synthetic_customer_000,cabinet_000,2026-08-21 23:50:00+00:00,0,0,0,0,True,True,False,24.267657065959387,-48.531620375353796,3.0148051281716723,3.954882216066695,0.0,0.0,0.0,on,connected,True,synthetic_device_spec_v11
synthetic_customer_000,cabinet_000,2026-08-22 00:00:00+00:00,0,0,0,0,True,True,False,23.93248621369668,-48.39700258161571,3.0469473711443276,4.147451682341717,0.0,0.0,0.0,on,connected,True,synthetic_device_spec_v11
synthetic_customer_000,cabinet_000,2026-08-22 00:10:00+00:00,1,1,1,1,True,True,False,23.990229695658403,-46.5773771964174,2.9514691057058484,3.9819653775919344,0.0,0.0,0.018050898199629746,on,connected,True,synthetic_device_spec_v11
synthetic_customer_000,cabinet_000,2026-08-22 00:20:00+00:00,1,1,1,1,True,True,False,24.24930273829778,-48.41678614073711,2.970441240489491,3.9175452252902603,0.15410584312511189,0.01400398300822636,0.0,on,connected,True,synthetic_device_spec_v11
synthetic_customer_000,cabinet_000,2026-08-22 00:30:00+00:00,1,1,1,1,True,True,False,24.095136253640398,-47.39048612999724,3.0744128333478113,4.067202452326953,0.09475711297779861,0.018401586034607367,0.0022899035824091936,on,connected,True,synthetic_device_spec_v11
synthetic_customer_000,cabinet_000,2026-08-22 00:40:00+00:00,0,0,0,0,True,True,False,23.925570664632023,-48.028829494428926,2.9634993450289846,3.9939540245742884,0.23160752558336015,0.0,0.018519974870797803,on,connected,True,synthetic_device_spec_v11
synthetic_customer_000,cabinet_000,2026-08-22 00:50:00+00:00,0,0,0,0,True,True,False,24.095944403380095,-48.50100229058902,2.916550378550948,3.922634943034814,0.0,0.0,0.031162281453598718,on,connected,True,synthetic_device_spec_v11
synthetic_customer_000,cabinet_000,2026-08-22 01:00:00+00:00,0,0,0,0,True,True,False,23.960823178747525,-48.88463595240629,3.024323146505692,3.97633486960129,0.18176183546356806,0.0010237788795484932,0.0,on,connected,True,synthetic_device_spec_v11
synthetic_customer_000,cabinet_000,2026-08-22 01:10:00+00:00,0,0,0,0,True,True,False,24.10064998421491,-46.74622584880881,2.9767102013453774,4.0368966542754405,0.1043933100970071,0.0,0.0012182630344553039,on,connected,True,synthetic_device_spec_v11
synthetic_customer_000,cabinet_000,2026-08-22 01:20:00+00:00,0,0,0,0,True,True,False,23.809985588058215,-47.79864146172695,2.989158601753385,3.9429124571728353,0.2939707171102431,0.010683514896251342,0.005226045543830701,on,connected,True,synthetic_device_spec_v11
synthetic_customer_000,cabinet_000,2026-08-22 01:30:00+00:00,0,0,0,0,True,True,False,24.23665881015005,-47.78180199661657,2.914727463345015,4.012259726814161,0.0,0.053126090902521655,0.0,on,connected,True,synthetic_device_spec_v11
synthetic_customer_000,cabinet_000,2026-08-22 01:40:00+00:00,0,0,0,0,True,True,False,23.980247294553035,-47.967419835594285,2.952883860275081,3.954593478203321,0.0,0.020462244996108825,0.021203327804676198,on,connected,True,synthetic_device_spec_v11
synthetic_customer_000,cabinet_000,2026-08-22 01:50:00+00:00,0,0,0,0,True,True,False,24.16623621714823,-47.23787530335899,2.992052583464338,3.8065096921133943,0.16553313979365106,0.0,0.0,on,connected,True,synthetic_device_spec_v11
synthetic_customer_000,cabinet_000,2026-08-22 02:00:00+00:00,0,0,0,0,True,True,False,23.906785827737274,-48.27043363520345,2.9468787557568503,4.048756956090096,0.0,0.0,0.03165908600452969,on,connected,True,synthetic_device_spec_v11
synthetic_customer_000,cabinet_000,2026-08-22 02:10:00+00:00,0,0,0,0,True,True,False,24.120968691937783,-47.99975187291049,2.9880553963302403,3.9488035232004397,0.40028433533368946,0.0,0.0,on,connected,True,synthetic_device_spec_v11
synthetic_customer_000,cabinet_000,2026-08-22 02:20:00+00:00,0,0,0,0,True,True,False,23.935537318789837,-46.59232848803008,3.043756646122902,4.012657907882944,0.0,0.020758807207723683,0.012962334872240697,on,connected,True,synthetic_device_spec_v11
synthetic_customer_000,cabinet_000,2026-08-22 02:30:00+00:00,0,0,0,0,True,True,False,23.668110596284738,-47.20766459056357,3.0504663884163294,3.9149529534720164,0.0,0.02798025680018433,0.0,on,connected,True,synthetic_device_spec_v11
synthetic_customer_000,cabinet_000,2026-08-22 02:40:00+00:00,0,0,0,0,True,True,False,23.957601313661968,-48.20668727249443,2.9731903117059506,4.00544747128086,0.0,0.08371746100274519,0.0,on,connected,True,synthetic_device_spec_v11
synthetic_customer_000,cabinet_000,2026-08-22 02:50:00+00:00,0,0,0,0,True,True,False,24.08515144216764,-48.453012918533204,3.0304091138677762,3.9953978463135424,0.24524092804990924,0.0,0.003454756335440806,on,connected,True,synthetic_device_spec_v11
synthetic_customer_000,cabinet_000,2026-08-22 03:00:00+00:00,0,0,0,0,True,True,False,24.00705543364548,-47.72428921454047,2.971972153619227,3.956964831563486,0.0,0.025598536840073124,0.0,on,connected,True,synthetic_device_spec_v11
synthetic_customer_000,cabinet_000,2026-08-22 03:10:00+00:00,0,0,0,0,True,True,False,24.024719726129657,-47.06887282130922,2.9723917928673487,3.9750944147778844,0.5785049531120273,0.0,0.009325234077844588,on,connected,True,synthetic_device_spec_v11
synthetic_customer_000,cabinet_000,2026-08-22 03:20:00+00:00,0,0,0,0,True,True,False,24.001383077966995,-49.548198623865495,2.9661222434332255,4.159276762033187,0.6408818892884393,0.0,0.0,on,connected,True,synthetic_device_spec_v11
synthetic_customer_000,cabinet_000,2026-08-22 03:30:00+00:00,0,0,0,0,True,True,False,24.228346805380184,-47.673306336024524,2.959278025059621,3.964870028395625,0.16058772985421033,0.0,0.0,on,connected,True,synthetic_device_spec_v11
synthetic_customer_000,cabinet_000,2026-08-22 03:40:00+00:00,0,0,0,0,True,True,False,24.124788408269154,-47.616538548323916,3.019035668617047,3.9748114826492644,0.23415282749555077,0.006504186006740873,0.0,on,connected,True,synthetic_device_spec_v11
synthetic_customer_000,cabinet_000,2026-08-22 03:50:00+00:00,0,0,0,0,True,True,False,24.276384265865204,-48.43773333488236,3.0320602809823933,3.9893150617665127,0.5118418533728254,0.0,0.0,on,connected,True,synthetic_device_spec_v11
synthetic_customer_000,cabinet_000,2026-08-22 04:00:00+00:00,0,0,0,0,True,True,False,23.87426363385149,-48.443084672966194,3.0028319450208936,4.051067469252189,0.6740088963849211,0.03257209212270542,0.0,on,connected,True,synthetic_device_spec_v11
synthetic_customer_000,cabinet_000,2026-08-22 04:10:00+00:00,0,0,0,0,True,True,False,24.021967808173116,-48.70056093364946,2.915292935764433,3.91152564993411,0.0,0.011309696830895496,0.014790771043401093,on,connected,True,synthetic_device_spec_v11
synthetic_customer_000,cabinet_000,2026-08-22 04:20:00+00:00,0,0,0,0,True,True,False,23.91585190174402,-46.55731510315634,2.968979747569606,4.054306764751254,0.6849271213122908,0.02104985392537519,0.0,on,connected,True,synthetic_device_spec_v11
synthetic_customer_000,cabinet_000,2026-08-22 04:30:00+00:00,0,0,0,0,True,True,False,23.70358597960284,-47.300033573773014,2.962244528877081,3.9836020665389933,0.0,0.003980983617151153,0.007117564756564504,on,connected,True,synthetic_device_spec_v11
synthetic_customer_000,cabinet_000,2026-08-22 04:40:00+00:00,0,0,0,0,True,True,False,24.093421175228027,-49.017238338179,2.989803416446168,4.008033934241656,0.5164278810578922,0.008141312035397176,0.009746267636684009,on,connected,True,synthetic_device_spec_v11
synthetic_customer_000,cabinet_000,2026-08-22 04:50:00+00:00,0,0,0,0,True,True,False,24.132071795924855,-46.76094756038786,2.959851359918094,3.920486043179587,0.022483957606158754,0.0001886672451396743,0.0,on,connected,True,synthetic_device_spec_v11
synthetic_customer_000,cabinet_000,2026-08-22 05:00:00+00:00,0,0,0,0,True,True,False,23.827219008177128,-48.63884574888266,2.94359032431158,4.047484924596611,0.2725932711083732,0.0026124672146532403,0.0,on,connected,True,synthetic_device_spec_v11
synthetic_customer_000,cabinet_000,2026-08-22 05:10:00+00:00,0,0,0,0,True,True,False,24.206498923930905,-48.73598480326249,2.953569779979288,4.065112820976606,0.40971393480628193,0.02548803244056661,0.013414684494179758,on,connected,True,synthetic_device_spec_v11
synthetic_customer_000,cabinet_000,2026-08-22 05:20:00+00:00,0,0,0,0,True,True,False,23.803582148375227,-47.01933699303969,2.798847742207237,3.9664914510263762,1.5136870673769536,0.0,0.0,on,connected,True,synthetic_device_spec_v11
synthetic_customer_000,cabinet_000,2026-08-22 05:30:00+00:00,0,0,0,0,True,True,False,23.498717997113463,-49.736544031502625,2.641758477984204,3.9596700329119208,0.2568116058831129,0.0,0.0,on,connected,True,synthetic_device_spec_v11
synthetic_customer_000,cabinet_000,2026-08-22 05:40:00+00:00,0,0,0,0,True,True,False,23.16704610746053,-47.98855615900954,2.5011124985709574,4.081554833257029,0.0,0.0,0.0017963386778707758,on,connected,True,synthetic_device_spec_v11
synthetic_customer_000,cabinet_000,2026-08-22 05:50:00+00:00,0,0,0,0,True,True,False,22.98894190091145,-47.46092156031303,2.3640764433314345,3.8824420516780336,0.0,0.0,0.0,on,connected,True,synthetic_device_spec_v11
synthetic_customer_000,cabinet_000,2026-08-22 06:00:00+00:00,0,0,0,0,True,True,False,22.57469191549924,-48.172530133261795,2.299218975129142,4.025013995762938,0.18020005913605114,0.037430689985305354,0.018188814805005196,on,connected,True,synthetic_device_spec_v11
synthetic_customer_000,cabinet_000,2026-08-22 06:10:00+00:00,1,1,1,1,True,True,False,22.69679909077981,-48.25679120724147,2.201732995790026,4.049391107922707,0.0,0.028599803886443172,0.0,on,connected,True,synthetic_device_spec_v11
synthetic_customer_000,cabinet_000,2026-08-22 06:20:00+00:00,1,1,1,1,True,True,False,22.141764178477004,-46.413492929533426,2.022596540148816,3.961699974053809,0.0,0.03987826307738186,0.0,on,connected,True,synthetic_device_spec_v11
synthetic_customer_000,cabinet_000,2026-08-22 06:30:00+00:00,1,1,1,1,True,True,False,22.32724610786418,-48.269328084866785,1.8431552944226142,4.029341723871784,0.0,0.0,0.0,on,connected,True,synthetic_device_spec_v11
synthetic_customer_000,cabinet_000,2026-08-22 06:40:00+00:00,0,0,0,0,True,True,False,21.507450362169894,-47.87504774486959,1.7471401372974895,3.9799883363957282,0.1057007358248221,0.014685384169876093,0.0,on,connected,True,synthetic_device_spec_v11
synthetic_customer_000,cabinet_000,2026-08-22 06:50:00+00:00,0,0,0,0,True,True,False,21.472264534517482,-48.527631007095415,1.5571679100801692,3.9521344584241502,0.0,0.0,0.006224899122584443,on,connected,True,synthetic_device_spec_v11
synthetic_customer_000,cabinet_000,2026-08-22 07:00:00+00:00,0,0,0,0,True,True,False,21.29484020124756,-48.40266428707758,1.340661836255032,4.089224082765306,0.4949687985215463,0.04599300275418775,0.009545116596099613,on,connected,True,synthetic_device_spec_v11
synthetic_customer_000,cabinet_000,2026-08-22 07:10:00+00:00,0,0,0,0,True,True,False,20.94324581509358,-47.44290847305064,1.1184348033756089,3.9983712495785584,0.0,0.0,0.008359791111314,on,connected,True,synthetic_device_spec_v11
synthetic_customer_000,cabinet_000,2026-08-22 07:20:00+00:00,0,0,0,0,True,True,False,20.780012938247857,-49.526609511567685,1.0133578466972955,3.995729645948653,0.0,0.000913927347016943,0.04892633513390392,on,connected,True,synthetic_device_spec_v11
synthetic_customer_000,cabinet_000,2026-08-22 07:30:00+00:00,0,0,0,0,True,True,False,20.45834092642054,-48.80613943193326,0.8088170492528504,4.0108707170418665,0.3349141222457903,0.0,0.0,on,connected,True,synthetic_device_spec_v11
synthetic_customer_000,cabinet_000,2026-08-22 07:40:00+00:00,0,0,0,0,True,True,False,20.312336748665583,-48.656396970024616,0.6593650089435513,3.908385834644661,0.4356633378342242,0.0,0.0,on,connected,True,synthetic_device_spec_v11
synthetic_customer_000,cabinet_000,2026-08-22 07:50:00+00:00,0,0,0,0,True,True,False,20.089364628188857,-47.2398544521576,0.4822549717357231,4.069320959179912,2.789692318111939,0.0,0.0,on,connected,True,synthetic_device_spec_v11
synthetic_customer_000,cabinet_000,2026-08-22 08:00:00+00:00,0,0,0,0,True,True,False,19.72813002892928,-46.221790743040785,0.4370658337154152,4.027374484757284,3.5367621495080463,0.0,0.009469789668365501,on,connected,True,synthetic_device_spec_v11
synthetic_customer_000,cabinet_000,2026-08-22 08:10:00+00:00,0,0,0,0,True,True,False,19.32979033858879,-48.30973920329664,0.3978697512022695,4.061292337120708,5.563527907548836,0.009253356458594526,0.0,on,connected,True,synthetic_device_spec_v11
synthetic_customer_000,cabinet_000,2026-08-22 08:20:00+00:00,0,0,0,0,True,True,False,19.219928928154822,-47.1115973905305,0.3214404970005013,4.023042115968696,6.935131210909606,0.0,0.002804733525743721,on,connected,True,synthetic_device_spec_v11
synthetic_customer_000,cabinet_000,2026-08-22 08:30:00+00:00,0,0,0,0,True,True,False,18.962286870327052,-47.858679430073025,0.371714584202336,4.001174092700135,7.792173831551647,0.022786769839824986,0.0,on,connected,True,synthetic_device_spec_v11
synthetic_customer_000,cabinet_000,2026-08-22 08:40:00+00:00,0,0,0,0,True,True,False,18.680397246665482,-46.599717096592244,0.2679529051135932,3.9532753130881746,9.201044110694534,0.0,0.0,on,connected,True,synthetic_device_spec_v11
synthetic_customer_000,cabinet_000,2026-08-22 09:50:00+00:00,0,0,0,0,True,True,False,24.18333150734439,-45.682660181091066,2.96565676827138,5.001237998796086,18.88356478321269,0.002197256243140842,0.1299272067130933,on,connected,True,synthetic_device_spec_v11
synthetic_customer_000,cabinet_000,2026-08-22 10:00:00+00:00,0,0,0,0,True,True,False,24.174363305254243,-45.17219193738656,3.0771477915000185,5.168873769347103,21.19996805742646,0.0,0.12042696833892737,on,connected,True,synthetic_device_spec_v11
synthetic_customer_000,cabinet_000,2026-08-22 10:10:00+00:00,0,0,0,0,True,True,False,23.959760359453277,-48.01388285938494,3.0320429153063073,5.268085675378116,22.176307945147574,0.0,0.15593170013780597,on,connected,True,synthetic_device_spec_v11
synthetic_customer_000,cabinet_000,2026-08-22 10:20:00+00:00,0,0,0,0,True,True,False,23.870820572542726,-47.639118570758605,2.9910380002158736,5.38259420616716,24.159501998419643,0.018141763221024326,0.1761425041786931,on,connected,True,synthetic_device_spec_v11
synthetic_customer_000,cabinet_000,2026-08-22 10:30:00+00:00,0,0,0,0,True,True,False,23.96703743280537,-47.53147996383466,3.021919210617742,5.520165812610963,26.151673783362078,0.02695841494935286,0.23842448803327687,on,connected,True,synthetic_device_spec_v11
synthetic_customer_000,cabinet_000,2026-08-22 10:40:00+00:00,0,0,0,0,True,True,False,23.958518474481384,-48.753319177059026,3.0086962210251715,5.7378329684495695,24.536937865537244,0.02805769085213454,0.2329332469017996,on,connected,True,synthetic_device_spec_v11
synthetic_customer_000,cabinet_000,2026-08-22 10:50:00+00:00,0,0,0,0,True,True,False,23.806282277019864,-47.94542712854916,3.0482297088956303,5.953240070145785,25.35328466963383,0.02321859842918289,0.23829792429873292,on,connected,True,synthetic_device_spec_v11
synthetic_customer_000,cabinet_000,2026-08-22 11:00:00+00:00,0,0,0,0,True,True,False,23.98917264200241,-47.17761413305813,3.0209795262369283,5.9475280398538874,25.880337869684475,0.0,0.244762605337259,on,connected,True,synthetic_device_spec_v11
synthetic_customer_000,cabinet_000,2026-08-22 11:10:00+00:00,0,0,0,0,True,True,False,23.939365424468573,-47.38141163253647,2.980604297952076,6.0759113777054194,0.2852056849555082,0.0,0.2664320854365776,on,connected,True,synthetic_device_spec_v11
synthetic_customer_000,cabinet_000,2026-08-22 11:20:00+00:00,0,0,0,0,True,True,False,24.12760605147454,-49.727017031652075,2.9761539107598987,6.359203801210217,0.0,0.014592669947022564,0.3291395789164239,on,connected,True,synthetic_device_spec_v11
synthetic_customer_000,cabinet_000,2026-08-22 11:30:00+00:00,0,0,0,0,True,True,False,23.946057341011425,-48.462658129907744,3.103883320725174,6.401724408364291,0.0,0.01685989468392179,0.3517900690121408,on,connected,True,synthetic_device_spec_v11
synthetic_customer_000,cabinet_000,2026-08-22 11:40:00+00:00,0,0,0,0,True,True,False,24.039443954582595,-47.844615812853924,2.9588023623647834,6.585694986185094,0.0,0.0,0.32814399821903134,on,connected,True,synthetic_device_spec_v11
synthetic_customer_000,cabinet_000,2026-08-22 11:50:00+00:00,0,0,0,0,True,True,False,23.83218527752931,-48.49284465628648,2.982782506650291,6.742934106214391,0.0,0.0,0.37220380128515496,on,connected,True,synthetic_device_spec_v11
synthetic_customer_000,cabinet_000,2026-08-22 12:00:00+00:00,0,0,0,0,True,True,False,23.90268553321048,-48.71539877950735,3.100430959357119,6.879495364590614,0.20686597871241624,0.0,0.3876418973808694,on,connected,True,synthetic_device_spec_v11
synthetic_customer_000,cabinet_000,2026-08-22 12:10:00+00:00,1,1,1,1,True,True,False,23.994998722013115,-47.97186443761307,2.9925806912202115,7.1021603535079345,0.8028950019311674,0.0,0.3657591217742369,on,connected,True,synthetic_device_spec_v11
synthetic_customer_000,cabinet_000,2026-08-22 12:20:00+00:00,0,1,1,0,True,True,False,24.032696559962563,-48.304045212112534,3.0129988501978175,7.084144779701036,0.0,0.0535072962171299,0.39662245940049723,on,connected,True,synthetic_device_spec_v11
synthetic_customer_000,cabinet_000,2026-08-22 12:30:00+00:00,0,1,1,0,True,True,False,24.1364229399458,-47.055056288711306,3.010451912769707,6.941884277047705,0.0,0.023634628402800242,0.4066078149504278,on,connected,True,synthetic_device_spec_v11
synthetic_customer_000,cabinet_000,2026-08-22 12:40:00+00:00,0,0,0,0,True,True,False,23.808528984652845,-47.18266627705862,3.064609724376074,6.950232768244423,0.0,0.0037318277686676777,0.40288654094951476,on,connected,True,synthetic_device_spec_v11
synthetic_customer_000,cabinet_000,2026-08-22 12:50:00+00:00,0,0,0,0,True,True,False,24.01720763171107,-48.01152116391803,3.061043161696724,3.85460555538053,0.0,0.037818682058486736,0.003382677697810013,on,connected,True,synthetic_device_spec_v11
synthetic_customer_000,cabinet_000,2026-08-22 13:00:00+00:00,0,0,0,0,True,True,False,24.07229619208213,-47.213862949715455,2.954344287460816,4.0147900729792445,0.0,0.0,0.014241831173210305,on,connected,True,synthetic_device_spec_v11
synthetic_customer_000,cabinet_000,2026-08-22 13:10:00+00:00,0,0,0,0,True,True,False,24.138656944364545,-47.988027511496,2.9847630928800197,4.039836289859011,0.462044513976553,0.0,0.0,on,connected,True,synthetic_device_spec_v11
synthetic_customer_000,cabinet_000,2026-08-22 13:20:00+00:00,0,0,0,0,True,True,False,23.975292190204218,-49.14324950676175,2.966123055185556,3.9886831274877643,0.0,0.02158016886508277,0.01202364086046834,on,connected,True,synthetic_device_spec_v11
synthetic_customer_000,cabinet_000,2026-08-22 13:30:00+00:00,0,0,0,0,True,True,False,23.77825690034933,-47.99657727120362,2.987547681346893,4.026194917522431,0.0,0.0,0.017926319054659752,on,connected,True,synthetic_device_spec_v11
synthetic_customer_000,cabinet_000,2026-08-22 13:40:00+00:00,0,0,0,0,True,True,False,24.17951668815816,-47.42154639421267,3.002208017901831,4.062924883184257,0.11692753903013448,0.013727685651104611,0.0,on,connected,True,synthetic_device_spec_v11
synthetic_customer_000,cabinet_000,2026-08-22 13:50:00+00:00,0,0,0,0,True,True,False,23.95793690099472,-47.66783626352024,2.9853842660894623,3.954966227992271,0.03621024767505865,0.0,0.0,on,connected,True,synthetic_device_spec_v11
synthetic_customer_000,cabinet_000,2026-08-22 14:00:00+00:00,0,0,0,0,True,True,False,24.142261128777037,-48.42873051233399,3.0306922437295714,4.072907834016096,0.0,0.0,0.020528047493953663,on,connected,True,synthetic_device_spec_v11
synthetic_customer_000,cabinet_000,2026-08-22 14:10:00+00:00,0,0,0,0,True,True,False,23.886135625003966,-48.96770014120873,3.0045877478527196,4.042909774784357,0.0,0.0,0.0,on,connected,True,synthetic_device_spec_v11
synthetic_customer_000,cabinet_000,2026-08-22 14:20:00+00:00,0,0,0,0,True,True,False,23.96251626322627,-48.80609846360445,3.013192491245881,3.9306161465380107,0.0,0.011029114612093684,0.005678901653363808,on,connected,True,synthetic_device_spec_v11
synthetic_customer_000,cabinet_000,2026-08-22 14:30:00+00:00,0,0,0,0,True,True,False,24.070418854127674,-48.046313057834695,3.0169714957780314,4.039922999889902,0.0,0.0,0.01885344589333761,on,connected,True,synthetic_device_spec_v11
synthetic_customer_000,cabinet_000,2026-08-22 14:40:00+00:00,0,0,0,0,True,True,False,23.895246202950013,-45.892607005422114,2.972302413540476,3.974649881516065,0.0,0.0,0.0,on,connected,True,synthetic_device_spec_v11
synthetic_customer_000,cabinet_000,2026-08-22 14:50:00+00:00,0,0,0,0,True,True,False,23.925010093466458,-47.62810952794305,3.015162150563588,3.954067602486311,0.032497490302924245,0.0,0.0003969869270155631,on,connected,True,synthetic_device_spec_v11
synthetic_customer_000,cabinet_000,2026-08-22 15:00:00+00:00,0,0,0,0,True,True,False,23.92718863201993,-47.765696727146285,2.941213076794055,3.850008841207138,1.0265259834788967,0.0,0.0,on,connected,True,synthetic_device_spec_v11
synthetic_customer_000,cabinet_000,2026-08-22 15:10:00+00:00,0,0,0,0,True,True,False,24.074238297096304,-49.290644406057275,3.013073900202156,3.9647364829641694,0.12822393408271202,7.728712269521864e-05,0.0,on,connected,True,synthetic_device_spec_v11
synthetic_customer_000,cabinet_000,2026-08-22 15:20:00+00:00,0,0,0,0,True,True,False,24.11200149286893,-49.04365519550199,3.075911743652571,4.0068007803941725,0.0,0.005741590214067111,0.016151417573328608,on,connected,True,synthetic_device_spec_v11
synthetic_customer_000,cabinet_000,2026-08-22 15:30:00+00:00,0,0,0,0,True,True,False,24.061952924551235,-47.6993812833854,3.0593659017787034,3.996587736555469,0.0,0.0,0.0,on,connected,True,synthetic_device_spec_v11
synthetic_customer_000,cabinet_000,2026-08-22 15:40:00+00:00,0,0,0,0,True,True,False,24.122578983569223,-49.01421240459281,3.024452024517497,3.9673856477734657,0.7994128689980499,0.0365487610490322,0.0002960338405824709,on,connected,True,synthetic_device_spec_v11
synthetic_customer_000,cabinet_000,2026-08-22 15:50:00+00:00,0,0,0,0,True,True,False,24.16072479375263,-49.34705066536534,2.9481764061549893,3.999857713488462,0.0,0.011503825431753802,0.0,on,connected,True,synthetic_device_spec_v11
synthetic_customer_000,cabinet_000,2026-08-22 16:00:00+00:00,0,0,0,0,True,True,False,23.8815088468773,-47.89276259999757,3.0210327706409674,3.97938045401118,0.4867071618117274,0.021202625532606996,0.0,on,connected,True,synthetic_device_spec_v11
synthetic_customer_000,cabinet_000,2026-08-22 16:10:00+00:00,0,0,0,0,True,True,False,24.118075958562486,-48.10285250576719,3.06089209451513,4.072901308945993,0.0,0.00032782319210835557,0.013924249157602217,on,connected,True,synthetic_device_spec_v11
synthetic_customer_000,cabinet_000,2026-08-22 16:20:00+00:00,0,0,0,0,True,True,False,23.86766995558313,-48.60900218808679,3.081763914438915,4.026388567902537,0.0,0.029635745702594453,0.0,on,connected,True,synthetic_device_spec_v11
synthetic_customer_000,cabinet_000,2026-08-22 16:30:00+00:00,0,0,0,0,True,True,False,23.90293069525124,-48.322060656730244,2.9898519728904343,4.006164120425224,0.0,0.007387564425968645,0.025455750707805206,on,connected,True,synthetic_device_spec_v11
synthetic_customer_000,cabinet_000,2026-08-22 16:40:00+00:00,0,0,0,0,True,True,False,23.847200327765965,-49.65640634147825,2.9801780294443008,3.9075376868421126,0.3843047330419875,0.0,0.003742511584282352,on,connected,True,synthetic_device_spec_v11
synthetic_customer_000,cabinet_000,2026-08-22 16:50:00+00:00,0,0,0,0,True,True,False,24.137381865862924,-49.495023136747896,3.01097230224604,4.1171991082131605,0.4457927506690561,0.0,0.0,on,connected,True,synthetic_device_spec_v11
synthetic_customer_000,cabinet_000,2026-08-22 17:00:00+00:00,0,0,0,0,True,True,False,23.871637095817963,-48.31554930813339,3.0315058129449244,4.0727941537707775,0.0,0.020896693163018565,0.0,on,connected,True,synthetic_device_spec_v11
synthetic_customer_000,cabinet_000,2026-08-22 17:10:00+00:00,0,0,0,0,True,True,False,24.094275736783935,-47.32009014785383,2.9798935460558007,4.087154157605925,0.4609342987593643,0.0,0.007795389015271471,on,connected,True,synthetic_device_spec_v11
synthetic_customer_000,cabinet_000,2026-08-22 17:20:00+00:00,0,0,0,0,True,True,False,24.058587672656227,-49.29630178458502,3.0191279799069712,3.961636056755893,0.3960075450216218,0.0017288017324758095,0.033491331659612135,on,connected,True,synthetic_device_spec_v11
synthetic_customer_000,cabinet_000,2026-08-22 17:30:00+00:00,0,0,0,0,True,True,False,24.140169447976547,-46.634138977508314,2.9451963785406297,4.0735628395350805,0.0,0.001189315700703059,0.0031664398299629647,on,connected,True,synthetic_device_spec_v11
synthetic_customer_000,cabinet_000,2026-08-22 17:40:00+00:00,0,0,0,0,True,True,False,23.85861008454275,-47.1363600402199,2.975442649938317,4.001797823588987,0.0,0.03887733834522807,0.0,on,connected,True,synthetic_device_spec_v11
synthetic_customer_000,cabinet_000,2026-08-22 17:50:00+00:00,0,0,0,0,True,True,False,23.912626176085002,-46.75052527606385,3.001680853993771,4.029696621253487,0.2587880159039901,0.0,0.0,on,connected,True,synthetic_device_spec_v11
synthetic_customer_000,cabinet_000,2026-08-22 18:00:00+00:00,0,0,0,0,True,True,False,23.807656298250286,-47.33844085712807,3.0082291016599516,4.045724413014732,0.497573188212475,0.003749078449242458,0.0,on,connected,True,synthetic_device_spec_v11
synthetic_customer_000,cabinet_000,2026-08-22 18:10:00+00:00,1,1,1,1,True,True,False,23.914042022763184,-47.69202766488236,2.990817027948185,3.9466690610249597,0.3087973714611413,0.0,0.0033302710160566323,on,connected,True,synthetic_device_spec_v11
synthetic_customer_000,cabinet_000,2026-08-22 18:20:00+00:00,1,1,1,1,True,True,False,24.114677567658408,-48.2020573636773,2.9802121598552733,4.083018636834417,0.0,0.0033076905173744734,0.0379993394504375,on,connected,True,synthetic_device_spec_v11
synthetic_customer_000,cabinet_000,2026-08-22 18:30:00+00:00,1,1,1,1,True,True,False,24.041941485466282,-47.97626768188634,2.997516104247137,3.995911737801194,0.11482299453063285,0.03135105212343334,0.0,on,connected,True,synthetic_device_spec_v11
synthetic_customer_000,cabinet_000,2026-08-22 18:40:00+00:00,0,0,0,0,True,True,False,23.901479963446743,-48.873132971150774,2.9567774574987475,4.091311426948774,0.2698032789920914,0.0,0.0,on,connected,True,synthetic_device_spec_v11
synthetic_customer_000,cabinet_000,2026-08-22 18:50:00+00:00,0,0,0,0,True,True,False,23.951958122947808,-49.258556087957665,3.0278084706404638,4.076297855184427,0.07835082249285538,0.0006568826553346743,0.0,on,connected,True,synthetic_device_spec_v11
synthetic_customer_000,cabinet_000,2026-08-22 19:00:00+00:00,0,0,0,0,True,True,False,24.022303393738465,-48.12606869763412,3.007075759370349,4.109925342386656,0.0,0.0,0.0,on,connected,True,synthetic_device_spec_v11
synthetic_customer_000,cabinet_000,2026-08-22 19:10:00+00:00,0,0,0,0,True,True,False,23.827589957611032,-46.85919306595546,3.008443248303037,3.9626097436723406,0.04467129227713908,0.029941750925005263,0.0,on,connected,True,synthetic_device_spec_v11
synthetic_customer_000,cabinet_000,2026-08-22 19:20:00+00:00,0,0,0,0,True,True,False,24.034620987631246,-46.956274023312474,3.0273203195933296,3.9331808059553897,0.0,0.0,0.015655809755806247,on,connected,True,synthetic_device_spec_v11
synthetic_customer_000,cabinet_000,2026-08-22 19:30:00+00:00,0,0,0,0,True,True,False,23.79924272765186,-47.78775168081418,3.0022034593350324,3.9945096960905984,0.0,0.016030524881406105,0.0,on,connected,True,synthetic_device_spec_v11
synthetic_customer_000,cabinet_000,2026-08-22 19:40:00+00:00,0,0,0,0,True,True,False,24.07064539672067,-48.18373567697326,2.9575452106916913,3.845996707817589,0.0,0.0,0.0003815700702382031,on,connected,True,synthetic_device_spec_v11
synthetic_customer_000,cabinet_000,2026-08-22 19:50:00+00:00,0,0,0,0,True,True,False,23.722217766043034,-50.34283829699908,2.9631917431819574,3.9428293892203663,0.5001768463413907,0.0,0.03214780414636227,on,connected,True,synthetic_device_spec_v11
synthetic_customer_000,cabinet_000,2026-08-22 20:00:00+00:00,0,0,0,0,True,True,False,23.825547133033076,-49.15036490704145,2.9469500903821224,3.8794833813943654,0.0,0.0,0.0,on,connected,True,synthetic_device_spec_v11
synthetic_customer_000,cabinet_000,2026-08-22 20:10:00+00:00,0,0,0,0,True,True,False,23.96897724239232,-48.61890315099955,2.9713756532117106,3.8821448110378673,0.0,0.0,0.0,on,connected,True,synthetic_device_spec_v11
synthetic_customer_000,cabinet_000,2026-08-22 20:20:00+00:00,0,0,0,0,True,True,False,24.031168820983364,-46.72028527855,3.0400832888517053,3.982835439089446,0.0,0.0010329550441101662,0.019217215036949748,on,connected,True,synthetic_device_spec_v11
synthetic_customer_000,cabinet_000,2026-08-22 20:30:00+00:00,0,0,0,0,True,True,False,24.047913088895765,-48.82551849864592,2.990287688141218,4.021735735974967,0.4120980178853053,0.0027561670425719845,0.0166795415622107,on,connected,True,synthetic_device_spec_v11
synthetic_customer_000,cabinet_000,2026-08-22 20:40:00+00:00,0,0,0,0,True,True,False,24.215064628367674,-47.66284501664747,3.0349027506311335,4.076523203116699,0.20054473699091213,0.02287806926499923,0.00234365895648795,on,connected,True,synthetic_device_spec_v11
synthetic_customer_000,cabinet_000,2026-08-22 20:50:00+00:00,0,0,0,0,True,True,False,23.94918779434059,-47.64777808805761,3.02836780622267,3.829661748996809,0.0,0.0,0.0,on,connected,True,synthetic_device_spec_v11
synthetic_customer_000,cabinet_000,2026-08-22 21:00:00+00:00,0,0,0,0,True,True,False,23.991392474317625,-46.595178458975894,3.0435329655874406,3.930292058824848,0.0,0.0,0.018891962463000785,on,connected,True,synthetic_device_spec_v11
synthetic_customer_000,cabinet_000,2026-08-22 21:10:00+00:00,0,0,0,0,True,True,False,23.943185022272637,-47.466354591780934,3.0545296153651726,3.9412822852933465,0.0,0.02701024351210949,0.009362243341168088,on,connected,True,synthetic_device_spec_v11
synthetic_customer_000,cabinet_000,2026-08-22 21:20:00+00:00,0,0,0,0,True,True,False,24.174712542419652,-47.88563590355137,2.9710980168945866,4.017334591433525,0.0,0.0,0.0,on,connected,True,synthetic_device_spec_v11
synthetic_customer_000,cabinet_000,2026-08-22 21:30:00+00:00,0,0,0,0,True,True,False,24.105147733411542,-48.21970448480266,3.011936624714309,4.027594496248007,0.39272362802070077,0.004555338084038747,0.0,on,connected,True,synthetic_device_spec_v11
synthetic_customer_000,cabinet_000,2026-08-22 21:40:00+00:00,0,0,0,0,True,True,False,24.10079742309774,-48.52531574893827,3.0438698473606474,4.020960013201039,0.5810083778374162,0.032361735726675465,0.011605063079003866,on,connected,True,synthetic_device_spec_v11
synthetic_customer_000,cabinet_000,2026-08-22 21:50:00+00:00,0,0,0,0,True,True,False,24.08119588806475,-47.66656763461901,3.0705748336856296,3.973215518294695,0.0,0.0,0.008145967983295473,on,connected,True,synthetic_device_spec_v11
synthetic_customer_000,cabinet_000,2026-08-22 22:00:00+00:00,0,0,0,0,True,True,False,23.958941912831005,-47.42158955616497,3.0082373059854137,4.023059271135608,0.0,0.0,0.0,on,connected,True,synthetic_device_spec_v11
synthetic_customer_000,cabinet_000,2026-08-22 22:10:00+00:00,0,0,0,0,True,True,False,24.237196443142842,-48.843912246557295,3.000188862187929,3.951880888351859,0.0,0.006715924715513692,0.0024409596709633265,on,connected,True,synthetic_device_spec_v11
synthetic_customer_000,cabinet_000,2026-08-22 22:20:00+00:00,0,0,0,0,True,True,False,23.928178388975983,-47.62002429702378,3.0117096815444953,3.9498488633099185,0.0,0.014245366518138097,0.0,on,connected,True,synthetic_device_spec_v11
synthetic_customer_000,cabinet_000,2026-08-22 22:30:00+00:00,0,0,0,0,True,True,False,24.02839950429025,-47.56227309823932,2.992979201167074,4.021774753634501,0.0,0.0,0.05618452051867446,on,connected,True,synthetic_device_spec_v11
synthetic_customer_000,cabinet_000,2026-08-22 22:40:00+00:00,0,0,0,0,True,True,False,23.87722207866067,-47.507890544496185,2.993390315165154,3.972476610778867,0.292923134907737,0.0,0.010236914097509361,on,connected,True,synthetic_device_spec_v11
synthetic_customer_000,cabinet_000,2026-08-22 22:50:00+00:00,0,0,0,0,True,True,False,24.12505001349497,-47.25112392983403,3.0186880956276427,4.084421849593207,0.0,0.004041237503995896,0.003773733181726464,on,connected,True,synthetic_device_spec_v11
synthetic_customer_000,cabinet_000,2026-08-22 23:00:00+00:00,0,0,0,0,True,True,False,23.917294063571635,-46.70297749167583,2.9619918786747585,3.9999628447970665,0.9313951918505783,0.0,0.030722705129046353,on,connected,True,synthetic_device_spec_v11
synthetic_customer_000,cabinet_000,2026-08-22 23:10:00+00:00,0,0,0,0,True,True,False,24.238515515164433,-47.89053704518764,2.9581399464828833,4.034692210050081,0.20997318858821043,0.0,0.0,on,connected,True,synthetic_device_spec_v11
synthetic_customer_000,cabinet_000,2026-08-22 23:20:00+00:00,0,0,0,0,True,True,False,24.24856609359282,-47.817142609650965,2.987412799649353,3.9780328794577002,0.2648529900078258,0.021074145201080866,0.003230822121945966,on,connected,True,synthetic_device_spec_v11
synthetic_customer_000,cabinet_000,2026-08-22 23:30:00+00:00,0,0,0,0,True,True,False,24.19295087284628,-47.469432753018836,3.0882668901766426,3.9646681059685616,0.6790946444093927,0.0,0.0,on,connected,True,synthetic_device_spec_v11
synthetic_customer_000,cabinet_000,2026-08-22 23:40:00+00:00,0,0,0,0,True,True,False,23.93181176498257,-46.53649457969023,3.013539407388268,4.030781683227932,0.08816628680221326,0.000606632409223687,0.0024109202945475643,on,connected,True,synthetic_device_spec_v11
synthetic_customer_000,cabinet_000,2026-08-22 23:50:00+00:00,0,0,0,0,True,True,False,23.98132842258358,-51.084042971277874,2.9680617977652037,4.047210235561745,0.5500201602199575,0.0,0.02014369730667503,on,connected,True,synthetic_device_spec_v11
synthetic_customer_000,cabinet_000,2026-08-23 00:00:00+00:00,0,0,0,0,True,True,False,24.154113708340684,-50.77068746539371,3.049439115787954,3.9937441320095877,0.06385633774106944,0.08644988710935556,0.0,on,connected,True,synthetic_device_spec_v11
synthetic_customer_000,cabinet_000,2026-08-23 00:10:00+00:00,1,1,1,1,True,True,False,23.983371526376313,-53.08162484649088,2.975272165693043,3.968555424139034,0.0,0.09586024611748199,0.0,on,connected,True,synthetic_device_spec_v11
synthetic_customer_000,cabinet_000,2026-08-23 00:20:00+00:00,1,1,1,1,True,True,False,23.7181838677872,-55.63902919720303,3.065128101805504,4.0258433695481175,0.038647816617750526,0.1227224298219723,0.0,on,connected,True,synthetic_device_spec_v11
synthetic_customer_000,cabinet_000,2026-08-23 00:30:00+00:00,1,1,1,1,True,True,False,24.14617530302036,-57.39699451271658,2.9760372362136396,4.0727584601025315,0.3299040541088602,0.18182365575602397,0.0,on,connected,True,synthetic_device_spec_v11
synthetic_customer_000,cabinet_000,2026-08-23 00:40:00+00:00,0,0,0,0,True,True,False,23.977746311843926,-61.35936513558528,2.9989537985843775,4.005945801793032,0.2588466472475372,0.14273618139993818,0.0,on,connected,True,synthetic_device_spec_v11
synthetic_customer_000,cabinet_000,2026-08-23 00:50:00+00:00,0,0,0,0,True,True,False,24.098106312056,-62.020369004888586,2.992644219539131,4.071946022818017,0.23580359182102628,0.29502166829351084,0.0,on,connected,True,synthetic_device_spec_v11
synthetic_customer_000,cabinet_000,2026-08-23 01:00:00+00:00,0,0,0,0,True,True,False,24.059787811028894,-64.51867670252771,2.925554982106925,4.019269525163773,0.0,0.30628678903547396,0.0,on,connected,True,synthetic_device_spec_v11
synthetic_customer_000,cabinet_000,2026-08-23 01:10:00+00:00,0,0,0,0,True,True,False,24.05401810310285,-67.32107677480774,2.968162137065948,3.987370526370122,0.050934702713338116,0.3450765992680098,0.0,on,connected,True,synthetic_device_spec_v11
synthetic_customer_000,cabinet_000,2026-08-23 01:20:00+00:00,0,0,0,0,True,True,False,23.97896053091981,-68.77080738917172,2.9717149741867535,4.056799758970897,0.9176065610253175,0.3960654564249097,0.0,on,connected,True,synthetic_device_spec_v11
synthetic_customer_000,cabinet_000,2026-08-23 01:30:00+00:00,0,0,0,0,True,True,False,23.974780770825735,-70.76935266521036,3.0119246177251124,3.994207779104778,0.2707374959414295,0.4571257805693191,0.013929756695476693,on,connected,True,synthetic_device_spec_v11
synthetic_customer_000,cabinet_000,2026-08-23 01:40:00+00:00,0,0,0,0,True,True,False,23.940538931366465,-72.59842908802976,3.0359944126462413,4.043024572708544,0.45149102291024373,0.42722096803684095,0.018424264122453134,on,connected,True,synthetic_device_spec_v11
synthetic_customer_000,cabinet_000,2026-08-23 01:50:00+00:00,0,0,0,0,True,True,False,24.214311529518778,-75.78035814756605,2.991144348051231,3.976190287153515,0.0,0.5149378853999942,0.0,on,connected,True,synthetic_device_spec_v11
synthetic_customer_000,cabinet_000,2026-08-23 02:00:00+00:00,0,0,0,0,True,True,False,24.02559738868454,-79.03681327091537,2.9499336453701295,3.996005808689204,0.43308726410622816,0.5564766174984771,0.021289458309035492,on,connected,True,synthetic_device_spec_v11
synthetic_customer_000,cabinet_000,2026-08-23 02:10:00+00:00,0,0,0,0,True,True,False,23.83235899230639,-78.80081380654227,2.9726770780385348,3.972852643382751,0.03188430690915177,0.5901764276760965,0.007399934226230518,on,connected,True,synthetic_device_spec_v11
synthetic_customer_000,cabinet_000,2026-08-23 02:20:00+00:00,0,0,0,0,True,True,False,24.0410473021333,-82.3994048781605,2.984595032531836,4.018404121457645,0.0,0.64951082272648,0.0,on,connected,True,synthetic_device_spec_v11
synthetic_customer_000,cabinet_000,2026-08-23 02:30:00+00:00,0,0,0,0,True,True,False,23.81948795536208,-83.72771215335862,2.9896331356260357,4.06739591949847,0.010657412409482946,0.6320443728699008,0.0,on,connected,True,synthetic_device_spec_v11
synthetic_customer_000,cabinet_000,2026-08-23 03:10:00+00:00,0,0,0,0,True,True,False,24.21986991875746,-47.693213449928805,2.9790782497910984,4.03947868307846,0.3387723183302664,0.0,0.0,on,connected,True,synthetic_device_spec_v11
synthetic_customer_000,cabinet_000,2026-08-23 03:20:00+00:00,0,0,0,0,True,True,False,24.152654551696706,-47.98972984150292,2.8888747144303504,4.057531640408659,0.4955334458542384,0.020121311586728828,0.0,on,connected,True,synthetic_device_spec_v11
synthetic_customer_000,cabinet_000,2026-08-23 03:30:00+00:00,0,0,0,0,True,True,False,23.837455778926017,-48.71453679214064,2.7924387371464996,4.020413960749059,0.0,0.007252476522962852,0.016981793160085933,on,connected,True,synthetic_device_spec_v11
synthetic_customer_000,cabinet_000,2026-08-23 03:40:00+00:00,0,0,0,0,True,True,False,23.955102100150057,-46.096390220717225,2.5903389140256934,4.07146080615156,0.0,0.01429061847515862,0.029509652587643043,on,connected,True,synthetic_device_spec_v11
synthetic_customer_000,cabinet_000,2026-08-23 03:50:00+00:00,0,0,0,0,True,True,False,23.878619164397737,-48.53736510966434,2.5361567096283912,3.993948337199907,0.0,0.04480947434619952,0.023162897828573774,on,connected,True,synthetic_device_spec_v11
synthetic_customer_000,cabinet_000,2026-08-23 04:00:00+00:00,0,0,0,0,True,True,False,24.255963516785723,-49.53263654466444,2.4330593234007254,3.9725098884809245,0.38106708347462886,0.01653572465404352,0.0,on,connected,True,synthetic_device_spec_v11
synthetic_customer_000,cabinet_000,2026-08-23 04:10:00+00:00,0,0,0,0,True,True,False,23.914080335658053,-47.99232434701032,2.1753598348720646,3.9288094232176274,0.17752276372556186,0.02927811887229454,0.002473507593216653,on,connected,True,synthetic_device_spec_v11
synthetic_customer_000,cabinet_000,2026-08-23 04:20:00+00:00,0,0,0,0,True,True,False,23.881154902736725,-47.716738857773386,2.1183386760029403,3.9389784940184547,0.0,0.01805875069725318,0.0,on,connected,True,synthetic_device_spec_v11
synthetic_customer_000,cabinet_000,2026-08-23 04:30:00+00:00,0,0,0,0,True,True,False,23.974223787338424,-47.32282654271838,2.0661566229461608,3.900589399217875,0.7861419574197196,0.0,0.0005226645075605921,on,connected,True,synthetic_device_spec_v11
synthetic_customer_000,cabinet_000,2026-08-23 04:40:00+00:00,0,0,0,0,True,True,False,23.86956793948826,-47.72520000442851,1.8590411366374093,4.007446557085919,0.0,0.0,0.0,on,connected,True,synthetic_device_spec_v11
synthetic_customer_000,cabinet_000,2026-08-23 04:50:00+00:00,0,0,0,0,True,True,False,23.869237654283406,-48.00365392771203,1.752134460233705,3.9908397567254292,0.13273176902428369,0.011066936953347121,0.0006329935813378609,on,connected,True,synthetic_device_spec_v11
synthetic_customer_000,cabinet_000,2026-08-23 05:00:00+00:00,0,0,0,0,True,True,False,24.004101813395554,-47.920255530265536,1.6375393600272279,4.151211641725237,0.6246103351688748,0.0,0.0,on,connected,True,synthetic_device_spec_v11
synthetic_customer_000,cabinet_000,2026-08-23 05:10:00+00:00,0,0,0,0,True,True,False,23.970641901328545,-48.40020481392682,1.4093588746614463,4.069826420418723,0.33054168026610886,0.007134334979020282,0.0,on,connected,True,synthetic_device_spec_v11
synthetic_customer_000,cabinet_000,2026-08-23 05:20:00+00:00,0,0,0,0,True,True,False,24.118560403067427,-47.27048678703841,1.4359599231325182,3.9130754181634266,0.0,0.0,0.01894466449295517,on,connected,True,synthetic_device_spec_v11
synthetic_customer_000,cabinet_000,2026-08-23 05:30:00+00:00,0,0,0,0,True,True,False,23.837238716719234,-46.35173429302063,1.3366977796212722,3.8538052958062163,0.0662828813251734,0.0,0.005919241053837803,on,connected,True,synthetic_device_spec_v11
synthetic_customer_000,cabinet_000,2026-08-23 05:40:00+00:00,0,0,0,0,True,True,False,23.988991349470634,-47.63514373107321,1.0717752853448765,4.045745529350383,0.14950164969387048,0.0,0.0,on,connected,True,synthetic_device_spec_v11
synthetic_customer_000,cabinet_000,2026-08-23 05:50:00+00:00,0,0,0,0,True,True,False,24.17042979243829,-47.717823978760144,1.0258561533197514,4.084554293660803,1.3627503079441046,0.01955294264591292,0.03392374641133111,on,connected,True,synthetic_device_spec_v11
synthetic_customer_000,cabinet_000,2026-08-23 06:00:00+00:00,0,0,0,0,True,True,False,24.205451807649755,-49.44712688372823,0.9279200899979784,4.05602181409508,0.0,0.026257384844510998,0.017678355132706984,on,connected,True,synthetic_device_spec_v11
synthetic_customer_000,cabinet_000,2026-08-23 06:10:00+00:00,1,1,1,0,True,True,False,23.9263768506578,-48.12543239003986,0.9714357101719892,3.9891373494049995,0.011004203571623681,0.0,0.0,on,connected,True,synthetic_device_spec_v11
synthetic_customer_000,cabinet_000,2026-08-23 06:20:00+00:00,1,1,1,0,True,True,False,23.995948894803732,-49.02654828667751,1.0056769570017312,3.996793303900175,0.04997092319411775,0.0005601973714408428,0.0,on,connected,True,synthetic_device_spec_v11
synthetic_customer_000,cabinet_000,2026-08-23 06:30:00+00:00,1,1,1,0,True,True,False,24.072992218991622,-49.27455299057033,1.0138155862152884,3.8609272755975526,0.0,0.028178313614721198,0.0,on,connected,True,synthetic_device_spec_v11
synthetic_customer_000,cabinet_000,2026-08-23 06:40:00+00:00,0,0,0,0,True,True,False,24.00799737397542,-50.27601656904696,1.0054311052683027,4.0293035796671175,0.2986054742411235,0.02389622105140772,0.0014073725975412273,on,connected,True,synthetic_device_spec_v11
synthetic_customer_000,cabinet_000,2026-08-23 06:50:00+00:00,0,0,0,0,True,True,False,24.083426319842264,-47.487734267113204,1.0086754807201304,4.076320798212644,0.0,0.0,0.014083569227385335,on,connected,True,synthetic_device_spec_v11
synthetic_customer_000,cabinet_000,2026-08-23 07:00:00+00:00,0,0,0,0,True,True,False,23.991977042998098,-50.12562539181268,3.052233311772911,4.0750882115072224,0.58745625058428,0.005721711257917362,0.0,on,connected,True,synthetic_device_spec_v11
synthetic_customer_000,cabinet_000,2026-08-23 07:10:00+00:00,0,0,0,0,True,True,False,24.099673269172843,-48.26321946614308,3.059285553240277,3.9896104083361967,0.04814176875824844,0.05441804914848312,0.000831948348837233,on,connected,True,synthetic_device_spec_v11
synthetic_customer_000,cabinet_000,2026-08-23 07:20:00+00:00,0,0,0,0,True,True,False,23.860191212431154,-47.36619718882912,2.9739923317425667,3.9702992594651176,0.0,0.017420401529900913,0.00038527406700177274,on,connected,True,synthetic_device_spec_v11
synthetic_customer_000,cabinet_000,2026-08-23 07:30:00+00:00,0,0,0,0,True,True,False,23.90503299880077,-46.16636832614687,3.0523774911337767,3.848684980840432,0.0,0.0011232467994064979,0.002493526087494421,on,connected,True,synthetic_device_spec_v11
synthetic_customer_000,cabinet_000,2026-08-23 07:40:00+00:00,0,0,0,0,True,True,False,24.14046031858345,-46.78404779988171,2.9688336142177483,3.9546634378827843,0.20550194085999204,0.03622954858722693,0.01246915080090931,on,connected,True,synthetic_device_spec_v11
synthetic_customer_000,cabinet_000,2026-08-23 07:50:00+00:00,0,0,0,0,True,True,False,23.900449058371912,-47.66319299339087,3.000471966063657,3.916624167063808,0.0,0.0,0.012507563261615113,on,connected,True,synthetic_device_spec_v11
synthetic_customer_000,cabinet_000,2026-08-23 08:00:00+00:00,0,0,0,0,True,True,False,24.007453769803874,-49.0096094552147,2.9221310828216764,3.9927100386307703,0.0,0.009533907936041627,0.0,on,connected,True,synthetic_device_spec_v11
synthetic_customer_000,cabinet_000,2026-08-23 08:10:00+00:00,0,0,0,0,True,True,False,24.01700452966797,-46.69612139196692,3.001149009073863,4.017797079890769,0.0,0.0,0.006249377782213937,on,connected,True,synthetic_device_spec_v11
synthetic_customer_000,cabinet_000,2026-08-23 08:20:00+00:00,0,0,0,0,True,True,False,23.840419517135047,-47.49049166288931,2.9654842944342734,3.9455765973371966,0.13651096519471956,0.02650948658237926,0.007550185396753009,on,connected,True,synthetic_device_spec_v11
synthetic_customer_000,cabinet_000,2026-08-23 08:30:00+00:00,0,0,0,0,True,True,False,24.12928923850775,-49.0881998158114,3.0086343704511402,4.047796598277239,0.38392281567040204,0.0,0.0,on,connected,True,synthetic_device_spec_v11
synthetic_customer_000,cabinet_000,2026-08-23 08:40:00+00:00,0,0,0,0,True,True,False,23.950760428670154,-48.721514525731315,2.9947702628390913,3.978643825588662,0.0,0.03884334662523715,0.01858491986511246,on,connected,True,synthetic_device_spec_v11
synthetic_customer_000,cabinet_000,2026-08-23 08:50:00+00:00,0,0,0,0,True,True,False,23.953646036331076,-48.79980648970872,2.9255004133206843,3.9928344042037502,0.0,0.03710403645537649,0.01876677115141839,on,connected,True,synthetic_device_spec_v11
synthetic_customer_000,cabinet_000,2026-08-23 09:00:00+00:00,0,0,0,0,True,True,False,23.920191679718243,-47.87966833709022,3.015327526755112,3.917262562330553,0.22565954508135833,0.006587210572522393,0.00794589680416466,on,connected,True,synthetic_device_spec_v11
synthetic_customer_000,cabinet_000,2026-08-23 09:10:00+00:00,0,0,0,0,True,True,False,24.131699836359626,-48.94356405920559,2.9193337371121686,3.880118804536433,0.0,0.0,0.0,on,connected,True,synthetic_device_spec_v11
synthetic_customer_000,cabinet_000,2026-08-23 09:20:00+00:00,0,0,0,0,True,True,False,24.082645937567115,-48.4706372540703,3.0668756411421993,4.0802037219018175,0.0,0.0,0.010580648447808805,on,connected,True,synthetic_device_spec_v11
synthetic_customer_000,cabinet_000,2026-08-23 09:30:00+00:00,0,0,0,0,True,True,False,24.061345763630545,-47.81612742605104,2.980469737222255,4.037699205174443,0.38542853595635596,0.006352241239919839,0.0,on,connected,True,synthetic_device_spec_v11
synthetic_customer_000,cabinet_000,2026-08-23 09:40:00+00:00,0,0,0,0,True,True,False,23.957604305459608,-47.61525028284543,2.981686235715784,4.014581127293926,0.0,0.024074158309628224,0.009043681792599808,on,connected,True,synthetic_device_spec_v11
synthetic_customer_000,cabinet_000,2026-08-23 09:50:00+00:00,0,0,0,0,True,True,False,23.796555622688796,-47.07225062779558,2.949708039768502,4.084295043830397,0.0,0.00387153001304714,0.035382750895521536,on,connected,True,synthetic_device_spec_v11
synthetic_customer_000,cabinet_000,2026-08-23 10:00:00+00:00,0,0,0,0,True,True,False,24.144447192224316,-48.429083740640515,2.969488249892216,4.359582935697569,0.4867691955657596,0.040872531604506435,0.0,on,connected,True,synthetic_device_spec_v11
synthetic_customer_000,cabinet_000,2026-08-23 10:10:00+00:00,0,0,0,0,True,True,False,24.009256201006668,-48.95571988866338,2.9732556371796526,4.476984981003108,0.0,0.0,0.08227335400334354,on,connected,True,synthetic_device_spec_v11
synthetic_customer_000,cabinet_000,2026-08-23 10:20:00+00:00,0,0,0,0,True,True,False,23.965874049027036,-45.66757224555217,2.9378183344573308,4.815585565879949,0.6809024025813288,0.0,0.0984327791598842,on,connected,True,synthetic_device_spec_v11
synthetic_customer_000,cabinet_000,2026-08-23 10:30:00+00:00,0,0,0,0,True,True,False,23.88091883968937,-48.59739262659968,2.957023160345689,4.83666166250324,0.0,0.016536932930398717,0.13054737933837984,on,connected,True,synthetic_device_spec_v11
synthetic_customer_000,cabinet_000,2026-08-23 10:40:00+00:00,0,0,0,0,True,True,False,24.212643998714594,-49.709391011817864,3.0368001734014585,4.97061513640309,0.0,0.0,0.10217934701444528,on,connected,True,synthetic_device_spec_v11
synthetic_customer_000,cabinet_000,2026-08-23 10:50:00+00:00,0,0,0,0,True,True,False,23.85827639215625,-48.661069004689395,3.055469828859034,5.145296893486247,0.0,0.022981574555121297,0.15989352468852372,on,connected,True,synthetic_device_spec_v11
synthetic_customer_000,cabinet_000,2026-08-23 11:00:00+00:00,0,0,0,0,True,True,False,24.06426929290719,-46.503066822056326,2.961165390669597,5.572727082044274,0.0,0.044912460468483184,0.16182642425613397,on,connected,True,synthetic_device_spec_v11
synthetic_customer_000,cabinet_000,2026-08-23 11:10:00+00:00,0,0,0,0,True,True,False,24.075436128765887,-47.210114521387396,2.961026615491934,5.593990007155392,0.0,0.0,0.2242514528705782,on,connected,True,synthetic_device_spec_v11
synthetic_customer_000,cabinet_000,2026-08-23 11:20:00+00:00,0,0,0,0,True,True,False,24.041084777168432,-47.71356053019914,2.9421038799192964,5.6191994749902,0.49160797510488663,0.0,0.24471537482365088,on,connected,True,synthetic_device_spec_v11
synthetic_customer_000,cabinet_000,2026-08-23 11:30:00+00:00,0,0,0,0,True,True,False,24.06780569543935,-47.303535289681776,2.9614859741186006,6.024036637285392,0.21489390237260098,0.04443207992129681,0.271369232868657,on,connected,True,synthetic_device_spec_v11
synthetic_customer_000,cabinet_000,2026-08-23 11:40:00+00:00,0,0,0,0,True,True,False,24.190148830530223,-47.27117096501985,2.9592066508639365,6.094256455303958,0.9325468814299384,0.02912072747820197,0.27363650397116174,on,connected,True,synthetic_device_spec_v11
synthetic_customer_000,cabinet_000,2026-08-23 11:50:00+00:00,0,0,0,0,True,True,False,23.9260033164854,-48.02114566880154,2.981811500383762,6.362445322376043,0.16946448966515673,0.020965059686257087,0.30456775327278607,on,connected,True,synthetic_device_spec_v11
synthetic_customer_000,cabinet_000,2026-08-23 12:00:00+00:00,0,0,0,0,True,True,False,24.087226322217465,-47.947985370355454,2.969427219229028,6.374480443615588,0.0,0.025873487206456176,0.3477130182367867,on,connected,True,synthetic_device_spec_v11
synthetic_customer_000,cabinet_000,2026-08-23 12:10:00+00:00,1,1,1,1,True,True,False,24.238488753269337,-48.51864689311845,2.9962630065777516,6.702585939300759,0.0,0.010466332375182309,0.350842951183649,on,connected,True,synthetic_device_spec_v11
synthetic_customer_000,cabinet_000,2026-08-23 12:20:00+00:00,1,1,1,1,True,True,False,23.899489556726735,-48.86778510034187,3.0774358440698606,6.795840810419412,0.24079861268980104,0.015950042846408056,0.3796328930257647,on,connected,True,synthetic_device_spec_v11
synthetic_customer_000,cabinet_000,2026-08-23 12:30:00+00:00,1,1,1,1,True,True,False,24.011250023485232,-46.547541602506435,3.0848993770740565,7.000163695449792,0.0,0.0017304764330315688,0.4047969369386136,on,connected,True,synthetic_device_spec_v11
synthetic_customer_000,cabinet_000,2026-08-23 12:40:00+00:00,0,0,0,0,True,True,False,24.022581835114043,-49.25137306615152,2.9903706785440938,7.000853186332455,0.0,0.0,0.4228302657798007,on,connected,True,synthetic_device_spec_v11
synthetic_customer_000,cabinet_000,2026-08-23 12:50:00+00:00,0,0,0,0,True,True,False,24.20188913052729,-50.18239754704671,3.0123337640522587,7.082471457455661,0.40492570480843765,0.0,0.3693792160351285,on,connected,True,synthetic_device_spec_v11
synthetic_customer_000,cabinet_000,2026-08-23 13:00:00+00:00,0,0,0,0,True,True,False,23.811173877293843,-47.638502410557194,3.00033758261135,7.065785466163148,0.0,0.03962241970182714,0.4132709959648033,on,connected,True,synthetic_device_spec_v11
synthetic_customer_000,cabinet_000,2026-08-23 13:10:00+00:00,0,0,0,0,True,True,False,24.057557012744848,-48.46121650196681,2.998080896032347,6.970134956695952,0.0,0.006943187063533075,0.37938748281795553,on,connected,True,synthetic_device_spec_v11
synthetic_customer_000,cabinet_000,2026-08-23 13:20:00+00:00,0,0,0,0,True,True,False,23.95487614443979,-48.82910386437993,2.9795678665658,6.965541618366415,0.0,0.04452332293075952,0.4209379860538775,on,connected,True,synthetic_device_spec_v11
synthetic_customer_000,cabinet_000,2026-08-23 13:30:00+00:00,0,0,0,0,True,True,False,23.95617049865955,-49.31282304511911,3.011250419014168,4.019728773673566,0.0,0.0,0.0,on,connected,True,synthetic_device_spec_v11
synthetic_customer_000,cabinet_000,2026-08-23 13:40:00+00:00,0,0,0,0,True,True,False,24.07597180608581,-48.72706945050251,3.045747831862762,3.924862487394974,0.0,0.0,0.036322680888666505,on,connected,True,synthetic_device_spec_v11
synthetic_customer_000,cabinet_000,2026-08-23 13:50:00+00:00,0,0,0,0,True,True,False,23.857760592216252,-48.61883307334579,2.988817488998937,3.960111215953278,0.49174662883146353,0.024716242839051522,0.0,on,connected,True,synthetic_device_spec_v11
synthetic_customer_000,cabinet_000,2026-08-23 14:00:00+00:00,0,0,0,0,True,True,False,24.195082114640858,-48.16493466411123,2.9801846460557457,4.0639428662414145,0.7228350768729761,0.0,0.010726023227668864,on,connected,True,synthetic_device_spec_v11
synthetic_customer_000,cabinet_000,2026-08-23 14:10:00+00:00,0,0,0,0,True,True,False,23.84314725598064,-48.127582274532614,2.992138303316696,4.027913717103867,0.04064095262978866,0.0,0.008061204669199264,on,connected,True,synthetic_device_spec_v11
synthetic_customer_000,cabinet_000,2026-08-23 14:20:00+00:00,0,0,0,0,True,True,False,23.73656048307049,-47.91506135992665,3.0263752255020613,4.053786368719441,0.0,0.0,0.002523847139645849,on,connected,True,synthetic_device_spec_v11
synthetic_customer_000,cabinet_000,2026-08-23 14:30:00+00:00,0,0,0,0,True,True,False,24.134247954762916,-48.38035760768996,3.0429702922120985,3.964812116908102,0.0,0.03833827185162344,0.003964484742168192,on,connected,True,synthetic_device_spec_v11
synthetic_customer_000,cabinet_000,2026-08-23 14:40:00+00:00,0,0,0,0,True,True,False,24.021311003357724,-47.998005977787734,3.0278309462520987,4.000393819133035,0.0,0.0,0.012438496207656977,on,connected,True,synthetic_device_spec_v11
synthetic_customer_000,cabinet_000,2026-08-23 14:50:00+00:00,0,0,0,0,True,True,False,24.036695262960464,-46.48888766374322,2.9028071383032037,4.091531804285328,0.0,0.0,0.0,on,connected,True,synthetic_device_spec_v11
synthetic_customer_000,cabinet_000,2026-08-23 15:00:00+00:00,0,0,0,0,True,True,False,24.007490802882234,-46.07549637473533,3.061457968876027,3.9391428985075985,0.026261025069515116,0.015537814930608832,0.0,on,connected,True,synthetic_device_spec_v11
synthetic_customer_000,cabinet_000,2026-08-23 15:10:00+00:00,0,0,0,0,True,True,False,23.95726020290926,-48.84656363208076,3.0416446798620416,4.080504113828291,0.0,0.013585825171506577,0.02366732397260448,on,connected,True,synthetic_device_spec_v11
synthetic_customer_000,cabinet_000,2026-08-23 15:20:00+00:00,0,0,0,0,True,True,False,24.004883556638287,-48.39359849761578,2.9641864261862527,4.0158540261513815,0.9805249910688592,0.0,0.0,on,connected,True,synthetic_device_spec_v11
synthetic_customer_000,cabinet_000,2026-08-23 15:30:00+00:00,0,0,0,0,True,True,False,24.168147217926453,-46.59301768141259,2.939117745281955,3.948452691754385,0.0,0.011407144420720557,0.0,on,connected,True,synthetic_device_spec_v11
synthetic_customer_000,cabinet_000,2026-08-23 15:40:00+00:00,0,0,0,0,True,True,False,24.11633855823218,-46.76481493069211,2.993971141904302,3.983826322792946,0.12605840818579747,0.001469317986105419,0.0,on,connected,True,synthetic_device_spec_v11
synthetic_customer_000,cabinet_000,2026-08-23 15:50:00+00:00,0,0,0,0,True,True,False,24.144461514867896,-46.83330749937478,2.9849267660959886,4.087300831860039,0.0,0.023882023036101444,0.0,on,connected,True,synthetic_device_spec_v11
synthetic_customer_000,cabinet_000,2026-08-23 16:00:00+00:00,0,0,0,0,True,True,False,23.810881893212784,-47.94341890850447,2.955466578503597,4.0760616014500615,0.0,0.0,0.0,on,connected,True,synthetic_device_spec_v11
synthetic_customer_000,cabinet_000,2026-08-23 16:10:00+00:00,0,0,0,0,True,True,False,24.033329006719033,-48.827995904592704,3.0170948202260086,3.936321929487355,0.2417829788684125,0.022646656087821744,0.01321892779807275,on,connected,True,synthetic_device_spec_v11
synthetic_customer_000,cabinet_000,2026-08-23 16:20:00+00:00,0,0,0,0,True,True,False,23.869758808857117,-50.4305918484289,2.996716901581341,4.01973982498217,0.0,0.0,0.04466871639432804,on,connected,True,synthetic_device_spec_v11
synthetic_customer_000,cabinet_000,2026-08-23 16:30:00+00:00,0,0,0,0,True,True,False,24.11659530414964,-48.16076942733508,2.9479420962608276,3.9287293003997967,0.0,0.029707874480051456,0.0,on,connected,True,synthetic_device_spec_v11
synthetic_customer_000,cabinet_000,2026-08-23 16:40:00+00:00,0,0,0,0,True,True,False,24.13783225636881,-46.66740302095015,3.007355100389881,4.011098435559905,0.6384460079198264,0.01782993506879432,0.009752714366780298,on,connected,True,synthetic_device_spec_v11
synthetic_customer_000,cabinet_000,2026-08-23 16:50:00+00:00,0,0,0,0,True,True,False,24.02713657506319,-47.19719151094135,2.9777821344791637,4.025884637787303,0.31465556464188005,0.02088188982673615,0.0005374656507768588,on,connected,True,synthetic_device_spec_v11
synthetic_customer_000,cabinet_000,2026-08-23 17:00:00+00:00,0,0,0,0,True,True,False,23.988283969240197,-47.721474318657016,3.0383877023001813,3.9910949331335965,0.0,0.004470587977728701,0.0,on,connected,True,synthetic_device_spec_v11
synthetic_customer_000,cabinet_000,2026-08-23 17:10:00+00:00,0,0,0,0,True,True,False,23.945792869680066,-48.44792868016952,2.8911356396601913,3.946271913098699,0.8823727676098296,0.02974463350678054,0.007514587727131101,on,connected,True,synthetic_device_spec_v11
synthetic_customer_000,cabinet_000,2026-08-23 17:20:00+00:00,0,0,0,0,True,True,False,23.797838352786382,-48.38891226699688,2.8587274448433884,3.9995744802889135,2.8736705177981734,0.02982579332599107,0.0001719793129475513,on,connected,True,synthetic_device_spec_v11
synthetic_customer_000,cabinet_000,2026-08-23 17:30:00+00:00,0,0,0,0,True,True,False,24.073398766515655,-47.437424208155534,2.9131544222827124,4.026887987917495,6.049235663763732,0.012186684999968842,0.0,on,connected,True,synthetic_device_spec_v11
synthetic_customer_000,cabinet_000,2026-08-23 17:40:00+00:00,0,0,0,0,True,True,False,23.832711673041903,-48.772056313730786,2.7941439103056105,3.9536443356127555,8.041502330555213,0.022482876805561207,0.01960934092925833,on,connected,True,synthetic_device_spec_v11
synthetic_customer_000,cabinet_000,2026-08-23 17:50:00+00:00,0,0,0,0,True,True,False,23.836394495540674,-49.28981294962775,2.8438086871018147,4.040641352650207,9.999136230208197,0.0,0.002163694724733602,on,connected,True,synthetic_device_spec_v11
synthetic_customer_000,cabinet_000,2026-08-23 18:00:00+00:00,0,0,0,0,True,True,False,23.85944677775629,-48.337344483308435,2.7295947447607656,3.9517167274953864,9.892173083546508,0.039277990899437065,0.009121038272869824,on,connected,True,synthetic_device_spec_v11
synthetic_customer_000,cabinet_000,2026-08-23 18:10:00+00:00,1,1,1,1,True,True,False,24.034855059253672,-48.97198274851956,2.785318842946088,4.024978979208148,13.5689708476159,0.0,0.0,on,connected,True,synthetic_device_spec_v11
synthetic_customer_000,cabinet_000,2026-08-23 18:20:00+00:00,1,1,1,1,True,True,False,23.882367399548375,-49.140358037741706,2.670469487626281,4.032970506062238,14.806050239756619,0.025003329073938957,0.01226804621719818,on,connected,True,synthetic_device_spec_v11
synthetic_customer_000,cabinet_000,2026-08-23 18:30:00+00:00,1,1,1,1,True,True,False,24.0262979695654,-49.4357675966817,2.6203314694702207,4.012987409366789,17.394093999397203,0.0,0.019675080443608314,on,connected,True,synthetic_device_spec_v11
synthetic_customer_000,cabinet_000,2026-08-23 18:40:00+00:00,0,0,0,0,True,True,False,23.946324166542308,-49.68955710798993,2.6431499685541966,4.057609403012409,19.172834145277097,0.0,0.011778254573276876,on,connected,True,synthetic_device_spec_v11
synthetic_customer_000,cabinet_000,2026-08-23 18:50:00+00:00,0,0,0,0,True,True,False,23.94553082810868,-50.00518448124294,2.56040300844601,3.928608722414617,21.699168186876268,0.010414577663593836,0.010622661576692926,on,connected,True,synthetic_device_spec_v11
synthetic_customer_000,cabinet_000,2026-08-23 19:00:00+00:00,0,0,0,0,True,True,False,24.046204274790036,-48.84852918659855,2.5007409842130452,3.999833745478034,24.12134456069962,0.02250786844812446,0.0,on,connected,True,synthetic_device_spec_v11
synthetic_customer_000,cabinet_000,2026-08-23 19:10:00+00:00,0,0,0,0,True,True,False,23.95098672591735,-45.825702463715345,2.4561718275500226,4.025776909974219,25.095555517629037,0.02459559410404828,0.04199617966705624,on,connected,True,synthetic_device_spec_v11
synthetic_customer_000,cabinet_000,2026-08-23 19:20:00+00:00,0,0,0,0,True,True,False,23.78949026068903,-48.880909706665705,2.3950373822632653,4.0062183347138935,25.664550809749443,0.012991600919135005,0.0,on,connected,True,synthetic_device_spec_v11
synthetic_customer_000,cabinet_000,2026-08-23 19:30:00+00:00,0,0,0,0,True,True,False,24.175342281070336,-48.32988751671269,2.3291776981394476,3.9476713146514637,25.62088916315633,0.026061887426784183,0.0,on,connected,True,synthetic_device_spec_v11
synthetic_customer_000,cabinet_000,2026-08-23 19:40:00+00:00,0,0,0,0,True,True,False,24.145034842878275,-47.862205778831864,2.2920906988051497,4.066226491958023,24.10232092808334,0.0,0.013610064633122119,on,connected,True,synthetic_device_spec_v11
synthetic_customer_000,cabinet_000,2026-08-23 19:50:00+00:00,0,0,0,0,True,True,False,23.988046964255027,-48.453003306423064,2.3268566500342573,4.0020029317597725,25.129608401126948,0.0,0.014388112878435106,on,connected,True,synthetic_device_spec_v11
synthetic_customer_000,cabinet_000,2026-08-23 20:00:00+00:00,0,0,0,0,True,True,False,23.580354260446093,-46.79413559130679,2.3207664788624633,4.011355337738661,24.965717290200146,0.0,0.0,on,connected,True,synthetic_device_spec_v11
synthetic_customer_000,cabinet_000,2026-08-23 20:10:00+00:00,0,0,0,0,True,True,False,23.241183613772808,-48.840321717081515,2.195387378860527,3.9489116324029294,25.661265278572902,0.0,0.0,on,connected,True,synthetic_device_spec_v11
synthetic_customer_000,cabinet_000,2026-08-23 20:20:00+00:00,0,0,0,0,True,True,False,23.199463402262523,-47.97499534615715,2.194664441133367,4.0415237637901145,24.566387895134067,0.030468291191720655,0.004602016011929497,on,connected,True,synthetic_device_spec_v11
synthetic_customer_000,cabinet_000,2026-08-23 20:30:00+00:00,0,0,0,0,True,True,False,22.719953973285456,-46.389358164309854,2.1025364848913046,4.091983327642179,0.4283033096711656,0.0,0.0,on,connected,True,synthetic_device_spec_v11
synthetic_customer_000,cabinet_000,2026-08-23 20:40:00+00:00,0,0,0,0,True,True,False,22.72910978295496,-47.632810246461524,2.191375894181378,3.9689498835744046,0.0,0.0,0.013839948952559014,on,connected,True,synthetic_device_spec_v11
synthetic_customer_000,cabinet_000,2026-08-23 20:50:00+00:00,0,0,0,0,True,True,False,22.223927182998825,-48.357436461075295,2.1679110548999323,3.8731773947266186,0.0,0.0,0.0,on,connected,True,synthetic_device_spec_v11
synthetic_customer_000,cabinet_000,2026-08-23 21:00:00+00:00,0,0,0,0,True,True,False,21.925949512400724,-47.88203688657654,2.1937113350635857,4.099850537626044,0.0,0.01291734567357881,0.008660774848127719,on,connected,True,synthetic_device_spec_v11
synthetic_customer_000,cabinet_000,2026-08-23 21:10:00+00:00,0,0,0,0,True,True,False,21.653507907719117,-47.705480875928416,2.2080805615051498,3.9709598623534763,0.3162777137630666,0.0,0.0,on,connected,True,synthetic_device_spec_v11
synthetic_customer_000,cabinet_000,2026-08-23 21:20:00+00:00,0,0,0,0,True,True,False,21.282251218658853,-46.46019237476498,2.24250576191506,3.949427990510399,0.0,0.0,0.0009684019905019162,on,connected,True,synthetic_device_spec_v11
synthetic_customer_000,cabinet_000,2026-08-23 21:30:00+00:00,0,0,0,0,True,True,False,21.063523511550653,-47.28440223502675,2.994799355452721,4.008797006543048,0.0,0.0,0.0,on,connected,True,synthetic_device_spec_v11
synthetic_customer_000,cabinet_000,2026-08-23 21:40:00+00:00,0,0,0,0,True,True,False,20.60012314906621,-48.58132529824696,3.0705602893144333,3.935564593151842,0.0,0.010918880652293253,0.0,on,connected,True,synthetic_device_spec_v11
synthetic_customer_000,cabinet_000,2026-08-23 21:50:00+00:00,0,0,0,0,True,True,False,20.57310342369506,-48.4233972608362,3.0086479846406022,3.938116149429416,0.0,0.028874613006097706,0.011267809218632617,on,connected,True,synthetic_device_spec_v11
synthetic_customer_000,cabinet_000,2026-08-23 22:00:00+00:00,0,0,0,0,True,True,False,20.194846899296085,-46.38406701593193,3.0618416945763247,4.035482161283716,0.4998910293439237,0.0,0.008674084500690819,on,connected,True,synthetic_device_spec_v11
synthetic_customer_000,cabinet_000,2026-08-23 22:10:00+00:00,0,0,0,0,True,True,False,19.969912825521355,-47.98498291717078,3.0193342240280194,3.9796076926769945,0.6245782985845334,0.0,0.016060670130744636,on,connected,True,synthetic_device_spec_v11
synthetic_customer_000,cabinet_000,2026-08-23 22:20:00+00:00,0,0,0,0,True,True,False,19.50194166467218,-47.362577133139204,2.9942985634171007,4.017446370461282,0.16623361775012824,0.017782933911960796,0.0,on,connected,True,synthetic_device_spec_v11
synthetic_customer_000,cabinet_000,2026-08-23 22:30:00+00:00,0,0,0,0,True,True,False,19.152191978623687,-46.39523892236072,3.0755185758899093,3.9509312479945344,0.6067770551224049,0.010408873922698752,0.005737927466706815,on,connected,True,synthetic_device_spec_v11
synthetic_customer_000,cabinet_000,2026-08-23 22:40:00+00:00,0,0,0,0,True,True,False,19.026669697265042,-49.65953583860673,3.0521797358802734,4.008719512488326,0.13604998851612762,0.03071361732948233,0.006538746720765623,on,connected,True,synthetic_device_spec_v11
synthetic_customer_000,cabinet_000,2026-08-23 22:50:00+00:00,0,0,0,0,True,True,False,18.606698289732773,-46.984798171080065,2.9620681984634087,4.062076418279104,0.0,0.005471153097736406,0.021224574358109552,on,connected,True,synthetic_device_spec_v11
synthetic_customer_000,cabinet_000,2026-08-24 00:10:00+00:00,1,1,1,1,True,True,False,23.774712046756672,-63.108260933347175,3.039763004964078,3.9834124417761867,0.025411400235205255,0.23474506968207473,0.027701590513464203,on,connected,True,synthetic_device_spec_v11
synthetic_customer_000,cabinet_000,2026-08-24 00:20:00+00:00,1,1,1,1,True,True,False,23.933571374186297,-65.77640049902281,3.001192094166987,3.98948388812715,0.17916850967070588,0.28093350748595813,0.0,on,connected,True,synthetic_device_spec_v11
synthetic_customer_000,cabinet_000,2026-08-24 00:30:00+00:00,1,1,1,1,True,True,False,24.058864100577726,-68.97176081585697,2.97274686810036,4.027470484246453,0.44895725671758463,0.37659815375639494,0.01539579438210259,on,connected,True,synthetic_device_spec_v11
synthetic_customer_000,cabinet_000,2026-08-24 00:40:00+00:00,0,0,0,0,True,True,False,23.935603382084906,-72.94390312318086,2.994366137417289,3.9550351747688492,0.0,0.425221630619943,0.013548815698046232,on,connected,True,synthetic_device_spec_v11
synthetic_customer_000,cabinet_000,2026-08-24 00:50:00+00:00,0,0,0,0,True,True,False,23.936666091599637,-73.90254797279142,3.04700582613108,3.991465707776596,0.8180505920808652,0.4756119822414497,0.008633562785953798,on,connected,True,synthetic_device_spec_v11
synthetic_customer_000,cabinet_000,2026-08-24 01:00:00+00:00,0,0,0,0,True,True,False,24.058121431379323,-78.35469175936912,2.9929891107270477,3.98347476851829,0.0,0.5141673052626714,0.005719857405191935,on,connected,True,synthetic_device_spec_v11
synthetic_customer_000,cabinet_000,2026-08-24 01:10:00+00:00,0,0,0,0,True,True,False,23.80612510914404,-80.84701124509019,2.9715821793987054,4.02431775122705,0.654924648987343,0.5773810413307056,0.0,on,connected,True,synthetic_device_spec_v11
synthetic_customer_000,cabinet_000,2026-08-24 01:20:00+00:00,0,0,0,0,True,True,False,23.85383193296404,-83.9471249051056,2.986367772594119,4.073738597410542,0.0,0.581528236263953,0.0,on,connected,True,synthetic_device_spec_v11
synthetic_customer_000,cabinet_000,2026-08-24 02:10:00+00:00,0,0,0,0,True,True,False,23.9993255251478,-47.17841670932924,2.9923110705520277,4.01377874933457,0.0,0.0,0.0,on,connected,True,synthetic_device_spec_v11
synthetic_customer_000,cabinet_000,2026-08-24 02:20:00+00:00,0,0,0,0,True,True,False,24.08619261370559,-49.386083208549316,3.0658274527092706,3.953318148525343,0.0,0.012383706138299855,0.0,on,connected,True,synthetic_device_spec_v11
synthetic_customer_000,cabinet_000,2026-08-24 02:30:00+00:00,0,0,0,0,True,True,False,24.18573873484075,-48.43276242964157,3.028338181412953,3.982549628882469,0.7456277646328443,0.0,0.01437551058332277,on,connected,True,synthetic_device_spec_v11
synthetic_customer_000,cabinet_000,2026-08-24 02:40:00+00:00,0,0,0,0,True,True,False,23.876414397129746,-47.39625288309672,3.051931295559097,4.019928921217034,0.11712572428368373,0.03206775122837907,0.016303744773729936,on,connected,True,synthetic_device_spec_v11
synthetic_customer_000,cabinet_000,2026-08-24 02:50:00+00:00,0,0,0,0,True,True,False,24.06536268009058,-49.094777133026156,2.958664531872398,3.9161795430620487,0.06491249569996772,0.009446750081704317,0.0006390999321314169,on,connected,True,synthetic_device_spec_v11
synthetic_customer_000,cabinet_000,2026-08-24 03:00:00+00:00,0,0,0,0,True,True,False,23.870343358193313,-47.705787808973334,2.9981509330087626,3.95903560281382,0.1662243061677152,0.0,0.0,on,connected,True,synthetic_device_spec_v11
synthetic_customer_000,cabinet_000,2026-08-24 03:10:00+00:00,0,0,0,0,True,True,False,23.92103725951631,-48.35992889108751,2.9501319247835807,4.002920281922957,0.17773742199439213,0.0,0.01312916226732573,on,connected,True,synthetic_device_spec_v11
synthetic_customer_000,cabinet_000,2026-08-24 03:20:00+00:00,0,0,0,0,True,True,False,23.865032686135713,-46.71670914795819,3.0070822870544998,3.991722835333036,0.0,0.009087026738775617,0.0,on,connected,True,synthetic_device_spec_v11
synthetic_customer_000,cabinet_000,2026-08-24 03:30:00+00:00,0,0,0,0,True,True,False,24.064560074657976,-47.597425806260546,2.9995336071192797,4.005439687238855,0.0,0.0,0.0,on,connected,True,synthetic_device_spec_v11
synthetic_customer_000,cabinet_000,2026-08-24 03:40:00+00:00,0,0,0,0,True,True,False,24.102742588264665,-48.326063312223255,2.9940812696694348,4.035571987092892,0.0,0.0,0.0,on,connected,True,synthetic_device_spec_v11
synthetic_customer_000,cabinet_000,2026-08-24 03:50:00+00:00,0,0,0,0,True,True,False,23.98747757120648,-47.43048949589979,3.003790922206631,3.9853902020198695,0.03126847993448432,0.02224621920240452,0.00044592915627747763,on,connected,True,synthetic_device_spec_v11
synthetic_customer_000,cabinet_000,2026-08-24 04:00:00+00:00,0,0,0,0,True,True,False,23.85406279061996,-49.94059917844574,2.971703992508951,4.129800856957926,0.0,0.007854006030298651,0.014595229144265854,on,connected,True,synthetic_device_spec_v11
synthetic_customer_000,cabinet_000,2026-08-24 04:10:00+00:00,0,0,0,0,True,True,False,23.940662801688838,-46.739405889871115,2.9588174276540404,4.008042777439424,0.0,0.0,0.025061782104452878,on,connected,True,synthetic_device_spec_v11
synthetic_customer_000,cabinet_000,2026-08-24 04:20:00+00:00,0,0,0,0,True,True,False,23.932450703734208,-46.80297362367545,3.03999032229932,3.9596809542412266,0.6947930765625489,0.02377113594346683,0.001728906947041914,on,connected,True,synthetic_device_spec_v11
synthetic_customer_000,cabinet_000,2026-08-24 04:30:00+00:00,0,0,0,0,True,True,False,23.90503788422804,-48.869914693647004,2.997779723259005,3.9655544179368922,0.0,0.0,0.0,on,connected,True,synthetic_device_spec_v11
synthetic_customer_000,cabinet_000,2026-08-24 04:40:00+00:00,0,0,0,0,True,True,False,23.994201727071953,-48.84915185632438,2.9465699071386817,4.011605323089926,0.0,0.04169064578840084,0.0,on,connected,True,synthetic_device_spec_v11
synthetic_customer_000,cabinet_000,2026-08-24 04:50:00+00:00,0,0,0,0,True,True,False,23.99375360677464,-47.81715321614862,3.029206483892705,3.9649074403426785,0.06754605241527367,0.0038437615989684623,0.0,on,connected,True,synthetic_device_spec_v11
synthetic_customer_000,cabinet_000,2026-08-24 05:00:00+00:00,0,0,0,0,True,True,False,23.92587086687058,-48.12078266119597,2.9582624679824683,4.048102599666676,0.0,0.0,0.0,on,connected,True,synthetic_device_spec_v11
synthetic_customer_000,cabinet_000,2026-08-24 05:10:00+00:00,0,0,0,0,True,True,False,24.04622704956947,-47.98108008211424,3.042176684963635,3.9593133223646024,0.05308770901815989,0.0,0.008489224062115917,on,connected,True,synthetic_device_spec_v11
synthetic_customer_000,cabinet_000,2026-08-24 05:20:00+00:00,0,0,0,0,True,True,False,24.108021305665503,-47.17993750354092,3.0151211273775758,4.029965526382597,0.0,0.0008388093446733127,0.0,on,connected,True,synthetic_device_spec_v11
synthetic_customer_000,cabinet_000,2026-08-24 05:30:00+00:00,0,0,0,0,True,True,False,24.03894657131699,-46.71034950751764,2.9764304747331827,3.9522854745095035,0.1505626953150235,0.0,0.0,on,connected,True,synthetic_device_spec_v11
synthetic_customer_000,cabinet_000,2026-08-24 05:40:00+00:00,0,0,0,0,True,True,False,24.12734512170041,-47.03903906303031,2.9181125833007653,3.9486674045372876,0.0,0.02862599480758219,0.0,on,connected,True,synthetic_device_spec_v11
synthetic_customer_000,cabinet_000,2026-08-24 05:50:00+00:00,0,0,0,0,True,True,False,23.813355650089218,-48.813430811299035,2.9548605030221786,4.001035928124332,0.0,0.0,0.0,on,connected,True,synthetic_device_spec_v11
synthetic_customer_000,cabinet_000,2026-08-24 06:00:00+00:00,0,0,0,0,True,True,False,23.930996353209142,-47.952446810646734,3.0270610330760146,4.069398859069976,0.3120188219904688,0.004603424060138962,0.031683738406116636,on,connected,True,synthetic_device_spec_v11
synthetic_customer_000,cabinet_000,2026-08-24 06:10:00+00:00,1,1,1,1,True,True,False,24.06836637309357,-48.20151897317318,2.9811702234484545,3.940519535068372,1.0010618834242953,0.02405150868881735,0.0,on,connected,True,synthetic_device_spec_v11
synthetic_customer_000,cabinet_000,2026-08-24 06:20:00+00:00,1,1,1,1,True,True,False,24.025044047184032,-47.03962563904854,3.0073047447979837,3.938565458182181,0.018438545352601875,0.0,0.027421434168065993,on,connected,True,synthetic_device_spec_v11
synthetic_customer_000,cabinet_000,2026-08-24 06:30:00+00:00,1,1,1,1,True,True,False,23.90257054419293,-49.59622024523794,3.027925320573537,4.035783344505795,0.0,0.0,0.016901655582594398,on,connected,True,synthetic_device_spec_v11
synthetic_customer_000,cabinet_000,2026-08-24 06:40:00+00:00,0,0,0,0,True,True,False,23.95760569005702,-48.441274633032805,2.9508565982461885,3.931050263456979,0.0,0.0,0.005829851788916138,on,connected,True,synthetic_device_spec_v11
synthetic_customer_000,cabinet_000,2026-08-24 06:50:00+00:00,0,0,0,0,True,True,False,24.045703106014205,-47.57654020517257,3.0452530969303546,4.09588408001776,0.21738244829338207,0.0,0.023679842885180227,on,connected,True,synthetic_device_spec_v11
synthetic_customer_000,cabinet_000,2026-08-24 07:00:00+00:00,0,0,0,0,True,True,False,24.107714267049335,-49.26422254263176,2.997591553204464,4.046938108039313,0.0,0.0,0.011612127145310664,on,connected,True,synthetic_device_spec_v11
synthetic_customer_000,cabinet_000,2026-08-24 07:10:00+00:00,0,0,0,0,True,True,False,24.133503659485097,-49.051571160873074,2.9508883470129628,3.93340387830349,0.1828019393964013,0.002348848831449638,0.008469308209542106,on,connected,True,synthetic_device_spec_v11
synthetic_customer_000,cabinet_000,2026-08-24 07:20:00+00:00,0,0,0,0,True,True,False,23.985550187803838,-48.38386238169771,3.013201550350442,4.009809123186173,0.4593037651829628,0.023587359913673292,0.0,on,connected,True,synthetic_device_spec_v11
synthetic_customer_000,cabinet_000,2026-08-24 07:30:00+00:00,0,0,0,0,True,True,False,24.08854652566434,-47.84035240030323,3.0099362634446005,3.98996143376069,0.7538893481388689,0.0,0.0,on,connected,True,synthetic_device_spec_v11
synthetic_customer_000,cabinet_000,2026-08-24 07:40:00+00:00,0,0,0,0,True,True,False,23.886870137136633,-47.57547992539283,2.9589273962048437,4.056718142628979,0.0,0.02820018801810314,0.027909371289785725,on,connected,True,synthetic_device_spec_v11
synthetic_customer_000,cabinet_000,2026-08-24 07:50:00+00:00,0,0,0,0,True,True,False,23.995572042512993,-47.03527119792755,2.9519895445141784,4.02090897494416,0.0,0.0,0.0,on,connected,True,synthetic_device_spec_v11
synthetic_customer_000,cabinet_000,2026-08-24 08:00:00+00:00,0,0,0,0,True,True,False,23.991469178770927,-48.677579393439366,3.1122202891882034,4.021374264826835,0.15957648325841628,0.008051856811461524,0.0,on,connected,True,synthetic_device_spec_v11
synthetic_customer_000,cabinet_000,2026-08-24 08:10:00+00:00,0,0,0,0,True,True,False,24.060643885250528,-48.70627738697747,2.961271567031233,3.967372471178727,0.0,0.024630301560970576,0.007633123031689835,on,connected,True,synthetic_device_spec_v11
synthetic_customer_000,cabinet_000,2026-08-24 08:20:00+00:00,0,0,0,0,True,True,False,23.946363287689596,-47.57180904899894,3.011243669343973,3.947333365879829,0.746682641401305,0.002434984017976169,0.016533951911753397,on,connected,True,synthetic_device_spec_v11
synthetic_customer_000,cabinet_000,2026-08-24 08:30:00+00:00,0,0,0,0,True,True,False,23.81103863043429,-47.594424647083464,2.994332487496363,4.037451393636205,0.2427581482035633,0.0,0.0,on,connected,True,synthetic_device_spec_v11
synthetic_customer_000,cabinet_000,2026-08-24 08:40:00+00:00,0,0,0,0,True,True,False,23.808677488310106,-48.411377283908784,3.042344069325503,3.960941040659204,0.1777074724432317,0.005298276976149905,0.002563921628779766,on,connected,True,synthetic_device_spec_v11
synthetic_customer_000,cabinet_000,2026-08-24 08:50:00+00:00,0,0,0,0,True,True,False,24.075056608369884,-47.60164555444756,2.9964084619951863,4.022028198402887,0.0,0.03091413596421912,0.0,on,connected,True,synthetic_device_spec_v11
synthetic_customer_000,cabinet_000,2026-08-24 09:00:00+00:00,0,0,0,0,True,True,False,23.68883969275987,-48.445968214137814,3.095726760765618,4.006447297911301,0.0,0.0,0.025068820564115888,on,connected,True,synthetic_device_spec_v11
synthetic_customer_000,cabinet_000,2026-08-24 09:10:00+00:00,0,0,0,0,True,True,False,24.34489028271552,-47.688284037851034,3.0665841296566136,4.004274943428411,0.5756069870550039,0.0,0.0,on,connected,True,synthetic_device_spec_v11
synthetic_customer_000,cabinet_000,2026-08-24 09:20:00+00:00,0,0,0,0,True,True,False,24.027765018375273,-47.142721334058294,2.997207192503018,4.04519732642338,0.8617599833466462,0.0,0.0,on,connected,True,synthetic_device_spec_v11
synthetic_customer_000,cabinet_000,2026-08-24 09:30:00+00:00,0,0,0,0,True,True,False,23.985331573924327,-47.00512266412675,3.0564042989213926,4.004251380151597,0.7218543527662789,0.02185833202975622,0.0,on,connected,True,synthetic_device_spec_v11
synthetic_customer_000,cabinet_000,2026-08-24 09:40:00+00:00,0,0,0,0,True,True,False,23.95435625918522,-48.11122967099369,3.012389514022531,4.006086605171791,0.0,0.007277510185735199,0.015220770504996137,on,connected,True,synthetic_device_spec_v11
synthetic_customer_000,cabinet_000,2026-08-24 09:50:00+00:00,0,0,0,0,True,True,False,23.734393344993688,-47.99440380209955,2.9992026740703994,3.9439781223398858,0.0,0.0,0.0,on,connected,True,synthetic_device_spec_v11
synthetic_customer_000,cabinet_000,2026-08-24 10:00:00+00:00,0,0,0,0,True,True,False,23.910348389525712,-47.34351335255475,3.0008982500453802,4.130371302007112,0.0,0.0,0.019259344722214775,on,connected,True,synthetic_device_spec_v11
synthetic_customer_000,cabinet_000,2026-08-24 10:10:00+00:00,0,0,0,0,True,True,False,23.95537792651142,-47.20656135460395,2.969249912399672,4.34430600912737,0.0,0.04328103462088772,0.04146729578856864,on,connected,True,synthetic_device_spec_v11
synthetic_customer_000,cabinet_000,2026-08-24 10:20:00+00:00,0,0,0,0,True,True,False,24.06110274348829,-48.390785535013144,2.9384322710678776,4.755121508770445,0.0,0.0,0.0679733020252755,on,connected,True,synthetic_device_spec_v11
synthetic_customer_000,cabinet_000,2026-08-24 10:30:00+00:00,0,0,0,0,True,True,False,24.11870322421198,-47.19644606468655,3.0490562217501966,5.013019816140105,0.574187709574753,0.0,0.14340435916974004,on,connected,True,synthetic_device_spec_v11
synthetic_customer_000,cabinet_000,2026-08-24 10:40:00+00:00,0,0,0,0,True,True,False,24.148585187691644,-48.12472070939083,3.0404121130205284,5.314742263876355,0.0,0.0,0.1786861652459976,on,connected,True,synthetic_device_spec_v11
synthetic_customer_000,cabinet_000,2026-08-24 10:50:00+00:00,0,0,0,0,True,True,False,24.049472648829006,-45.78243097813257,3.0215470010920633,5.627163755551064,0.0,0.015970325170335295,0.21463953531798852,on,connected,True,synthetic_device_spec_v11
synthetic_customer_000,cabinet_000,2026-08-24 11:00:00+00:00,0,0,0,0,True,True,False,24.01792209346288,-47.919429171256866,2.99884296079915,5.855727162859397,0.30489863649549326,0.0,0.27481958497658754,on,connected,True,synthetic_device_spec_v11
synthetic_customer_000,cabinet_000,2026-08-24 11:10:00+00:00,0,0,0,0,True,True,False,24.09098273509481,-48.631111534318144,2.9182038428004984,6.105440494783966,0.0,0.03415344731400924,0.3035784310435017,on,connected,True,synthetic_device_spec_v11
synthetic_customer_000,cabinet_000,2026-08-24 11:20:00+00:00,0,0,0,0,True,True,False,23.975225406798966,-48.87463297188097,3.0416765286056657,6.46657017401705,0.800523435838266,0.0,0.3341575859383547,on,connected,True,synthetic_device_spec_v11
synthetic_customer_000,cabinet_000,2026-08-24 11:30:00+00:00,0,0,0,0,True,True,False,23.848924949157613,-49.58386581969643,2.977474571510343,6.732482889129598,0.0,0.0,0.36011390843954777,on,connected,True,synthetic_device_spec_v11
synthetic_customer_000,cabinet_000,2026-08-24 11:40:00+00:00,0,0,0,0,True,True,False,23.874884488719996,-47.474814622625864,3.0182552135496237,6.961642978566721,0.3058196320407807,0.0,0.38613516083396743,on,connected,True,synthetic_device_spec_v11
synthetic_customer_000,cabinet_000,2026-08-24 11:50:00+00:00,0,0,0,0,True,True,False,24.03271770213578,-47.65212617840213,2.9979069027908114,7.04820276733982,0.10353880122099152,0.01071807389070191,0.3920386704668634,on,connected,True,synthetic_device_spec_v11
synthetic_customer_000,cabinet_000,2026-08-24 12:00:00+00:00,0,0,0,0,True,True,False,23.975301377691057,-47.07321975384667,3.057935944619624,7.00125406628657,0.0,0.003968441226083302,0.4081952854781793,on,connected,True,synthetic_device_spec_v11
synthetic_customer_000,cabinet_000,2026-08-24 12:10:00+00:00,0,1,1,0,True,True,False,23.97241134082892,-46.902980226261505,2.9317963492819894,7.006495204072113,0.8421801543387967,0.0,0.4212302094268442,on,connected,True,synthetic_device_spec_v11
synthetic_customer_000,cabinet_000,2026-08-24 12:20:00+00:00,0,1,1,0,True,True,False,23.982759382266973,-47.84133678367897,3.075563908393676,7.0511364594968216,0.3198234284818669,0.0,0.4336769144858436,on,connected,True,synthetic_device_spec_v11
synthetic_customer_000,cabinet_000,2026-08-24 12:30:00+00:00,0,1,1,0,True,True,False,23.842218787926093,-47.42937101721793,2.9563230186730376,7.074678055230175,0.0,0.0,0.3836035869497151,on,connected,True,synthetic_device_spec_v11
synthetic_customer_000,cabinet_000,2026-08-24 12:40:00+00:00,0,0,0,0,True,True,False,23.921104831159916,-48.026597696141,3.021868332775735,6.971513398507519,0.8610323535880196,0.025588050914293798,0.4281214970729229,on,connected,True,synthetic_device_spec_v11
synthetic_customer_000,cabinet_000,2026-08-24 12:50:00+00:00,0,0,0,0,True,True,False,24.146892834007165,-48.738106300670324,2.9410572890837825,7.00635012658857,0.1670816148130166,0.02082581331041211,0.3964085279819263,on,connected,True,synthetic_device_spec_v11
synthetic_customer_000,cabinet_000,2026-08-24 13:00:00+00:00,0,0,0,0,True,True,False,24.186449376247626,-47.95752364359024,3.046371186930114,7.079509027045035,0.15505555856161285,0.021141903101703153,0.3856924082325354,on,connected,True,synthetic_device_spec_v11
synthetic_customer_000,cabinet_000,2026-08-24 13:10:00+00:00,0,0,0,0,True,True,False,23.77082399019565,-47.188355674452,2.9088568181746512,4.049294947710021,0.0,0.0,0.0,on,connected,True,synthetic_device_spec_v11
synthetic_customer_000,cabinet_000,2026-08-24 13:20:00+00:00,0,0,0,0,True,True,False,24.058215797147252,-47.342076881520036,3.019238672893341,3.9943850932169696,0.0,0.004414134027162674,0.0,on,connected,True,synthetic_device_spec_v11
synthetic_customer_000,cabinet_000,2026-08-24 13:30:00+00:00,0,0,0,0,True,True,False,24.00508525092163,-47.47159595485931,2.9741153993087437,3.996997205569716,0.8156747204973551,0.0,0.03882365775691468,on,connected,True,synthetic_device_spec_v11
synthetic_customer_000,cabinet_000,2026-08-24 13:40:00+00:00,0,0,0,0,True,True,False,23.79132351985815,-48.54592761532038,2.912502317188252,3.911729948515915,0.0,0.0017216478951529238,0.0,on,connected,True,synthetic_device_spec_v11
synthetic_customer_000,cabinet_000,2026-08-24 13:50:00+00:00,0,0,0,0,True,True,False,24.2415621759671,-48.67051812542096,3.013617220513139,3.967280991030339,0.0,0.002829230749693784,0.0,on,connected,True,synthetic_device_spec_v11
synthetic_customer_000,cabinet_000,2026-08-24 14:00:00+00:00,0,0,0,0,True,True,False,23.786537704083276,-47.23452395800562,2.99152935273418,4.09099649672323,0.0,0.0,0.0,on,connected,True,synthetic_device_spec_v11
synthetic_customer_000,cabinet_000,2026-08-24 14:10:00+00:00,0,0,0,0,True,True,False,24.04350363747142,-48.5949294648888,2.8996768472830885,3.9351371460282256,0.2264542079143476,0.07298753799652107,0.0,on,connected,True,synthetic_device_spec_v11
synthetic_customer_000,cabinet_000,2026-08-24 14:20:00+00:00,0,0,0,0,True,True,False,23.949952853893688,-49.35335222173201,3.0046358950817345,4.025332026075896,0.24175057097921393,0.0,0.005454022346289849,on,connected,True,synthetic_device_spec_v11
synthetic_customer_000,cabinet_000,2026-08-24 14:30:00+00:00,0,0,0,0,True,True,False,23.973539023219747,-47.602812950739576,3.0152937804144906,4.055238623378835,0.0,0.0,0.0,on,connected,True,synthetic_device_spec_v11
synthetic_customer_000,cabinet_000,2026-08-24 14:40:00+00:00,0,0,0,0,True,True,False,24.112277634462476,-48.04154732679322,3.0330461112014766,4.053402284607638,0.637567004219591,0.02122408219935516,0.028774476980460716,on,connected,True,synthetic_device_spec_v11
synthetic_customer_000,cabinet_000,2026-08-24 14:50:00+00:00,0,0,0,0,True,True,False,23.855006930202332,-45.67721111658894,2.9693116311736643,4.038323928740706,0.0,0.0,0.0,on,connected,True,synthetic_device_spec_v11
synthetic_customer_000,cabinet_000,2026-08-24 15:00:00+00:00,0,0,0,0,True,True,False,23.986158651355833,-46.26693929997614,2.976866918585859,4.014551248161128,0.16929506787661142,0.0,0.0,on,connected,True,synthetic_device_spec_v11
synthetic_customer_000,cabinet_000,2026-08-24 15:10:00+00:00,0,0,0,0,True,True,False,23.93462645303267,-47.17862533086614,3.009437743451445,3.980363549811482,0.6002839673788332,0.00932108406182341,0.0,on,connected,True,synthetic_device_spec_v11
synthetic_customer_000,cabinet_000,2026-08-24 15:20:00+00:00,0,0,0,0,True,True,False,23.965402721249518,-48.49008193029382,2.968521602949658,4.041956261417935,0.05667331360322269,0.0,0.004062852910727994,on,connected,True,synthetic_device_spec_v11
synthetic_customer_000,cabinet_000,2026-08-24 15:30:00+00:00,0,0,0,0,True,True,False,23.717160295025632,-48.164770290540645,2.9968640641879385,4.047609359372751,0.0,0.021648238419098825,0.022939018798712872,on,connected,True,synthetic_device_spec_v11
synthetic_customer_000,cabinet_000,2026-08-24 15:40:00+00:00,0,0,0,0,True,True,False,24.02035107293105,-50.35882565140315,2.981480635675032,3.9638954207498367,0.0,0.028503318714682636,0.00565190855284532,on,connected,True,synthetic_device_spec_v11
synthetic_customer_000,cabinet_000,2026-08-24 15:50:00+00:00,0,0,0,0,True,True,False,24.046317661751548,-47.328811346178554,3.056778941184825,4.013196242389011,0.8041016376609683,0.0,0.0,on,connected,True,synthetic_device_spec_v11
synthetic_customer_000,cabinet_000,2026-08-24 16:00:00+00:00,0,0,0,0,True,True,False,23.82356080119422,-47.60929153414816,3.0026491798036345,3.8863509894824246,0.0,0.0,0.002251729894262053,on,connected,True,synthetic_device_spec_v11
synthetic_customer_000,cabinet_000,2026-08-24 16:10:00+00:00,0,0,0,0,True,True,False,24.080987834875568,-47.2444043228444,2.9644401289633224,3.920503620645106,0.1604042939745851,0.018596786500936414,0.01477527639931288,on,connected,True,synthetic_device_spec_v11
synthetic_customer_000,cabinet_000,2026-08-24 16:20:00+00:00,0,0,0,0,True,True,False,24.059721060381992,-46.43083563010945,3.0571859982099356,3.984435498096401,0.0,0.0,0.0,on,connected,True,synthetic_device_spec_v11
synthetic_customer_000,cabinet_000,2026-08-24 16:30:00+00:00,0,0,0,0,True,True,False,24.095585848999523,-47.7821363883445,3.01029008049801,3.9603585942235613,0.0,0.0,0.0013870129678698192,on,connected,True,synthetic_device_spec_v11
synthetic_customer_000,cabinet_000,2026-08-24 16:40:00+00:00,0,0,0,0,True,True,False,24.013850208191595,-48.36083664531155,2.9960209055868043,4.0291547790657924,0.0,0.0,0.004081497291349394,on,connected,True,synthetic_device_spec_v11
synthetic_customer_000,cabinet_000,2026-08-24 16:50:00+00:00,0,0,0,0,True,True,False,23.971086070228562,-48.019523192121284,2.9892170261170223,4.0183006904133745,0.16333441291934422,0.04243836176055632,0.024590963903495123,on,connected,True,synthetic_device_spec_v11
synthetic_customer_000,cabinet_000,2026-08-24 17:00:00+00:00,0,0,0,0,True,True,False,23.924984796085248,-49.43017061302007,2.9513204773975135,4.089322268528321,0.0,0.007167930705827556,0.0,on,connected,True,synthetic_device_spec_v11
synthetic_customer_000,cabinet_000,2026-08-24 17:10:00+00:00,0,0,0,0,True,True,False,24.2036454941186,-47.86937830826154,2.88353508084612,4.1536391213962975,0.2367235372400085,0.0,0.020040500266826508,on,connected,True,synthetic_device_spec_v11
synthetic_customer_000,cabinet_000,2026-08-24 17:20:00+00:00,0,0,0,0,True,True,False,24.228816446438305,-49.433488211402896,2.8921879340674437,4.124765274803177,0.0,0.0,0.006389158360464759,on,connected,True,synthetic_device_spec_v11
synthetic_customer_000,cabinet_000,2026-08-24 17:30:00+00:00,0,0,0,0,True,True,False,23.94191240650598,-47.1162921134185,2.8681253784716922,4.005055902783796,0.5747329333379173,0.009034704007785846,0.004946335161293075,on,connected,True,synthetic_device_spec_v11
synthetic_customer_000,cabinet_000,2026-08-24 17:40:00+00:00,0,0,0,0,True,True,False,23.89813379805914,-48.461847667680594,2.852473486101759,3.967138485105577,0.0,0.029459152084813558,0.0,on,connected,True,synthetic_device_spec_v11
synthetic_customer_000,cabinet_000,2026-08-24 17:50:00+00:00,0,0,0,0,True,True,False,24.044637558454326,-48.02345676360523,2.7447492072885717,3.975482291472642,0.37995310439478686,0.0,0.01740471950417412,on,connected,True,synthetic_device_spec_v11
synthetic_customer_000,cabinet_000,2026-08-24 18:00:00+00:00,0,0,0,0,True,True,False,23.95807628324577,-47.95819647864792,2.613480115612337,3.939624092569807,1.0268372217900263,0.015008092707075435,0.036646241711400844,on,connected,True,synthetic_device_spec_v11
synthetic_customer_000,cabinet_000,2026-08-24 18:10:00+00:00,1,1,1,1,True,True,False,23.809133094968885,-49.63760190400078,2.4697089771286937,3.9901737017965577,0.0,0.0,0.0036963435966408816,on,connected,True,synthetic_device_spec_v11
synthetic_customer_000,cabinet_000,2026-08-24 18:20:00+00:00,1,1,1,1,True,True,False,24.175177314636663,-47.893722436806776,2.311933490598,4.030732748996175,0.26451172581253396,0.015210550589343048,0.006677511649394714,on,connected,True,synthetic_device_spec_v11
synthetic_customer_000,cabinet_000,2026-08-24 18:30:00+00:00,1,1,1,1,True,True,False,23.962551014427895,-47.21789942342542,2.0410420056822334,4.069932633673691,0.2388167723768556,0.0,0.005427446823508873,on,connected,True,synthetic_device_spec_v11
synthetic_customer_000,cabinet_000,2026-08-24 18:40:00+00:00,0,0,0,0,True,True,False,23.85278774076844,-48.26108169144441,2.0047733716980076,3.994800055474369,0.6110258736090864,0.009944299173081724,0.006876381844345343,on,connected,True,synthetic_device_spec_v11
synthetic_customer_000,cabinet_000,2026-08-24 18:50:00+00:00,0,0,0,0,True,True,False,23.770851012364325,-48.15435245588144,1.8289526830544938,4.018008602237449,0.16190229581320417,0.0024487407682888223,0.0,on,connected,True,synthetic_device_spec_v11
synthetic_customer_000,cabinet_000,2026-08-24 19:00:00+00:00,0,0,0,0,True,True,False,24.108593343231778,-50.0902377778121,1.69937671438533,3.9944569844418685,0.6199039532260354,0.0,0.0,on,connected,True,synthetic_device_spec_v11
synthetic_customer_000,cabinet_000,2026-08-24 19:10:00+00:00,0,0,0,0,True,True,False,24.12164649216781,-47.06919390481449,1.4659453939934788,3.9937947287974773,0.3799267319011521,0.046240694463294964,0.0,on,connected,True,synthetic_device_spec_v11
synthetic_customer_000,cabinet_000,2026-08-24 19:20:00+00:00,0,0,0,0,True,True,False,24.056226684170685,-48.46587297844778,1.3537882327325965,3.9789582082882564,0.8784726003720043,0.0,0.004498529754497724,on,connected,True,synthetic_device_spec_v11
synthetic_customer_000,cabinet_000,2026-08-24 19:30:00+00:00,0,0,0,0,True,True,False,24.07688166511774,-46.930318585733104,1.119486402289128,3.896624316494214,0.09248319890173558,0.0038466909919864277,0.0,on,connected,True,synthetic_device_spec_v11
synthetic_customer_000,cabinet_000,2026-08-24 19:40:00+00:00,0,0,0,0,True,True,False,23.970569668352876,-48.02654637053479,0.9832643536751422,3.9603225818331325,0.3840997529573526,0.019292504774952354,0.00979154904005262,on,connected,True,synthetic_device_spec_v11
synthetic_customer_000,cabinet_000,2026-08-24 19:50:00+00:00,0,0,0,0,True,True,False,24.10114333105267,-48.18066138292379,0.8077816554278631,4.024031776758223,0.7055389681264935,0.0,0.023451108514112685,on,connected,True,synthetic_device_spec_v11
synthetic_customer_000,cabinet_000,2026-08-24 20:00:00+00:00,0,0,0,0,True,True,False,24.052411902956802,-46.95850438307026,0.6570823319633704,3.9867545805323523,0.0,0.0,0.011168505070418082,on,connected,True,synthetic_device_spec_v11
synthetic_customer_000,cabinet_000,2026-08-24 20:10:00+00:00,0,0,0,0,True,True,False,24.033747604809953,-47.77744924950738,0.5390426975509506,3.9821980164032564,0.0,0.033438499922945335,0.0025910508510221795,on,connected,True,synthetic_device_spec_v11
synthetic_customer_000,cabinet_000,2026-08-24 20:20:00+00:00,0,0,0,0,True,True,False,24.085270868489356,-47.472753661620246,0.287114422367342,3.988540333893816,0.0,0.05190768934809048,0.0,on,connected,True,synthetic_device_spec_v11
synthetic_customer_000,cabinet_000,2026-08-24 20:30:00+00:00,0,0,0,0,True,True,False,24.122759978979968,-48.98778586933365,0.19443105970603386,3.9312431851709237,0.2644825072560053,0.0046101061025065875,0.0,on,connected,True,synthetic_device_spec_v11
synthetic_customer_000,cabinet_000,2026-08-24 20:40:00+00:00,0,0,0,0,True,True,False,23.92906767976517,-48.81575052618854,0.20689577458158906,3.8827894763592914,0.07046737651219051,0.0,0.01432048547621795,on,connected,True,synthetic_device_spec_v11
synthetic_customer_000,cabinet_000,2026-08-24 20:50:00+00:00,0,0,0,0,True,True,False,23.551352580492978,-48.82300616791888,0.23148130842189962,3.921556108358658,0.16238970828473154,0.0023965931993773833,0.0,on,connected,True,synthetic_device_spec_v11
synthetic_customer_000,cabinet_000,2026-08-24 21:00:00+00:00,0,0,0,0,True,True,False,23.03797739232798,-48.57116922630757,0.18590232160497813,4.032670481219463,0.45575714236784715,0.0,0.0,on,connected,True,synthetic_device_spec_v11
synthetic_customer_000,cabinet_000,2026-08-24 21:10:00+00:00,0,0,0,0,True,True,False,22.865591150959904,-47.587853886928265,0.1734402020158606,4.06067427597556,0.5284655295767205,0.0,0.01303746380777828,on,connected,True,synthetic_device_spec_v11
synthetic_customer_000,cabinet_000,2026-08-24 21:20:00+00:00,0,0,0,0,True,True,False,22.830204650033448,-47.936388961563026,0.2357708745920128,3.995555708821992,0.32533446906099667,0.0,0.0,on,connected,True,synthetic_device_spec_v11
synthetic_customer_000,cabinet_000,2026-08-24 21:30:00+00:00,0,0,0,0,True,True,False,22.263845330028666,-45.84219373033527,0.9811499470074283,4.124893847656079,0.0,0.0,0.0,on,connected,True,synthetic_device_spec_v11
synthetic_customer_000,cabinet_000,2026-08-24 21:40:00+00:00,0,0,0,0,True,True,False,21.931639769398334,-46.0135508795548,0.958821420464517,4.015385671747754,0.0,0.0,0.003042195377582893,on,connected,True,synthetic_device_spec_v11
synthetic_customer_000,cabinet_000,2026-08-24 21:50:00+00:00,0,0,0,0,True,True,False,21.789685657955246,-47.130864677279995,2.9821430685385724,3.887714142985386,0.0,0.0,0.004364625528152498,on,connected,True,synthetic_device_spec_v11
synthetic_customer_000,cabinet_000,2026-08-24 22:00:00+00:00,0,0,0,0,True,True,False,21.235666875174157,-49.51360749100521,2.999683752767964,3.877494651884445,0.27910270007249943,0.010495754268270131,0.0,on,connected,True,synthetic_device_spec_v11
synthetic_customer_000,cabinet_000,2026-08-24 22:10:00+00:00,0,0,0,0,True,True,False,21.212970951860054,-46.60403746311571,2.987649676997603,4.010427120597004,0.0,0.0005229083376582349,0.011017864122483558,on,connected,True,synthetic_device_spec_v11
synthetic_customer_000,cabinet_000,2026-08-24 22:20:00+00:00,0,0,0,0,True,True,False,20.79780869958122,-48.148807447555846,2.9840565287926215,4.047680303581119,0.0,0.0,0.006279778027144378,on,connected,True,synthetic_device_spec_v11
synthetic_customer_000,cabinet_000,2026-08-24 22:30:00+00:00,0,0,0,0,True,True,False,20.35477371290156,-48.063166322704795,2.9832177070446373,3.984161195572289,0.17688105825530928,0.0013382527525043946,0.0,on,connected,True,synthetic_device_spec_v11
synthetic_customer_000,cabinet_000,2026-08-24 22:40:00+00:00,0,0,0,0,True,True,False,20.3265187274568,-44.7341562340806,3.0737021204771873,3.978932106490881,0.39557295519605773,0.0,0.002179093547273485,on,connected,True,synthetic_device_spec_v11
synthetic_customer_000,cabinet_000,2026-08-24 22:50:00+00:00,0,0,0,0,True,True,False,19.968935440167066,-46.74216725741303,2.981048601154756,3.94947723642215,0.22122935112760247,0.02076944502672533,0.021093906152817792,on,connected,True,synthetic_device_spec_v11
synthetic_customer_000,cabinet_000,2026-08-24 23:00:00+00:00,0,0,0,0,True,True,False,19.56277310401536,-48.77162024216813,3.076649332984592,4.09393775099856,0.11007278481530655,0.0,0.0,on,connected,True,synthetic_device_spec_v11
synthetic_customer_000,cabinet_000,2026-08-24 23:10:00+00:00,0,0,0,0,True,True,False,19.180335652123613,-49.94025403181073,3.020329022499189,4.00315040444658,0.4919173859681669,0.0,0.011214663727470688,on,connected,True,synthetic_device_spec_v11
synthetic_customer_000,cabinet_000,2026-08-24 23:20:00+00:00,0,0,0,0,True,True,False,18.951262228187915,-47.754803123350825,2.988766718975356,3.9701144437015916,0.6136900535798574,0.0,0.009552412251401231,on,connected,True,synthetic_device_spec_v11
synthetic_customer_000,cabinet_000,2026-08-24 23:30:00+00:00,0,0,0,0,True,True,False,18.614432478610098,-46.456880297963046,3.0111494811288306,3.9490425077976528,0.822188514559169,0.00542347116641554,0.003814085974109596,on,connected,True,synthetic_device_spec_v11
synthetic_customer_000,cabinet_000,2026-08-25 00:50:00+00:00,0,0,0,0,True,True,False,23.958999536201496,-50.181859901852306,2.9430411694004355,3.945858117215042,2.717283026691738,0.0,0.0,on,connected,True,synthetic_device_spec_v11
synthetic_customer_000,cabinet_000,2026-08-25 01:00:00+00:00,0,0,0,0,True,True,False,24.133293500519514,-49.82235946429304,3.017900011246883,4.008885197718532,4.394319912853346,0.035070063403996744,0.0,on,connected,True,synthetic_device_spec_v11
synthetic_customer_000,cabinet_000,2026-08-25 01:10:00+00:00,0,0,0,0,True,True,False,23.935776863141918,-49.432569335709964,2.9658606645188668,3.9528819708747296,5.608339917028565,0.0,0.028305992453758137,on,connected,True,synthetic_device_spec_v11
synthetic_customer_000,cabinet_000,2026-08-25 01:20:00+00:00,0,0,0,0,True,True,False,23.960328996671432,-48.82593989166236,2.98452325007586,3.9622355462220127,6.649105430029794,0.0,0.0,on,connected,True,synthetic_device_spec_v11
synthetic_customer_000,cabinet_000,2026-08-25 01:30:00+00:00,0,0,0,0,True,True,False,24.344311695118748,-49.54210271835823,2.9731158375710933,4.013255845816272,8.42409392060047,0.00854678374502507,0.025922854908327166,on,connected,True,synthetic_device_spec_v11
synthetic_customer_000,cabinet_000,2026-08-25 01:40:00+00:00,0,0,0,0,True,True,False,23.976632939162688,-49.84393696296821,2.941981180226378,3.977229980683228,9.391109469029743,0.0,0.0,on,connected,True,synthetic_device_spec_v11
synthetic_customer_000,cabinet_000,2026-08-25 01:50:00+00:00,0,0,0,0,True,True,False,24.10322785676845,-47.78536121561472,3.0085849136938454,3.9604747672519847,11.228079724272142,0.0,0.030882269861339594,on,connected,True,synthetic_device_spec_v11
synthetic_customer_000,cabinet_000,2026-08-25 02:00:00+00:00,0,0,0,0,True,True,False,23.838698880233657,-47.94901030465579,2.964968826969745,4.081760753624077,12.970159137930047,0.02528920225920582,0.0,on,connected,True,synthetic_device_spec_v11
synthetic_customer_000,cabinet_000,2026-08-25 02:10:00+00:00,0,0,0,0,True,True,False,23.861867499517476,-46.43410280504349,3.0570530030560987,4.0217867194312555,13.893232875421978,0.02434002520813988,0.005650122276494739,on,connected,True,synthetic_device_spec_v11
synthetic_customer_000,cabinet_000,2026-08-25 02:20:00+00:00,0,0,0,0,True,True,False,23.893612229753558,-46.04587234173024,2.9913655081206474,3.9782009424627858,15.773986061005191,0.04679696200654557,0.011769002910848798,on,connected,True,synthetic_device_spec_v11
synthetic_customer_000,cabinet_000,2026-08-25 02:30:00+00:00,0,0,0,0,True,True,False,23.96149669922583,-46.80687579775421,2.958964588746611,3.9595455910764104,16.611295597046702,0.02806005149419923,0.0,on,connected,True,synthetic_device_spec_v11
synthetic_customer_000,cabinet_000,2026-08-25 02:40:00+00:00,0,0,0,0,True,True,False,23.939078026101384,-48.12959491455615,2.9625704915032562,4.034161422614367,17.974542113851953,0.005844980471498954,0.0,on,connected,True,synthetic_device_spec_v11
synthetic_customer_000,cabinet_000,2026-08-25 02:50:00+00:00,0,0,0,0,True,True,False,23.76716662845959,-47.35973838832143,3.0082939767677583,4.097793964663486,18.890493643098306,0.03104087145850706,0.0,on,connected,True,synthetic_device_spec_v11
synthetic_customer_000,cabinet_000,2026-08-25 03:00:00+00:00,0,0,0,0,True,True,False,23.868251720714923,-48.990622785671135,3.021486323186487,4.025168198606413,21.243861349199676,0.007633394851014531,0.0,on,connected,True,synthetic_device_spec_v11
synthetic_customer_000,cabinet_000,2026-08-25 03:10:00+00:00,0,0,0,0,True,True,False,23.88940660741972,-49.429251650903325,3.0235335949250257,4.063961299946,21.841174074609437,0.01571095637302702,0.017276311093271157,on,connected,True,synthetic_device_spec_v11
synthetic_customer_000,cabinet_000,2026-08-25 03:20:00+00:00,0,0,0,0,True,True,False,23.88732385079651,-47.82293699243059,3.001873524791106,3.922227765554573,23.29698508506377,0.01983793128044324,0.02585271199354928,on,connected,True,synthetic_device_spec_v11
synthetic_customer_000,cabinet_000,2026-08-25 03:30:00+00:00,0,0,0,0,True,True,False,24.157051201297534,-47.059211867852575,3.0418036004458546,3.9487343549043805,24.38450454468109,0.0,0.028055678377100705,on,connected,True,synthetic_device_spec_v11
synthetic_customer_000,cabinet_000,2026-08-25 03:40:00+00:00,0,0,0,0,True,True,False,24.077832995226025,-47.639522075644976,3.003600711604412,4.027670586139563,24.35059287683855,0.015556840910997245,0.00534032663141494,on,connected,True,synthetic_device_spec_v11
synthetic_customer_000,cabinet_000,2026-08-25 03:50:00+00:00,0,0,0,0,True,True,False,24.030782377399294,-50.4087344880648,2.9778839906791283,4.001059573959615,24.26149964789203,0.004506778456515406,0.004679177900689458,on,connected,True,synthetic_device_spec_v11
synthetic_customer_000,cabinet_000,2026-08-25 04:00:00+00:00,0,0,0,0,True,True,False,24.27897565268836,-48.37636094917467,3.01336189366501,3.9304993889523505,25.84608055263536,0.019433561629505863,0.0,on,connected,True,synthetic_device_spec_v11
synthetic_customer_000,cabinet_000,2026-08-25 04:10:00+00:00,0,0,0,0,True,True,False,24.103201339022974,-47.35421848588254,2.9552165720423536,3.990292479569884,0.0,0.004059023615880321,0.0,on,connected,True,synthetic_device_spec_v11
synthetic_customer_000,cabinet_000,2026-08-25 04:20:00+00:00,0,0,0,0,True,True,False,23.90559855377582,-47.68892889571144,3.1041128306395196,3.892138145584841,0.3408240445561684,0.030069930585032136,0.0,on,connected,True,synthetic_device_spec_v11
synthetic_customer_000,cabinet_000,2026-08-25 04:30:00+00:00,0,0,0,0,True,True,False,24.04019005270708,-46.94761882895912,3.010533804554131,3.8963203816386263,0.21948265663832733,0.0,0.0,on,connected,True,synthetic_device_spec_v11
synthetic_customer_000,cabinet_000,2026-08-25 04:40:00+00:00,0,0,0,0,True,True,False,24.04027929877687,-48.632348404099595,3.027882122726328,4.093772088076564,0.7735970931134528,0.0,0.0,on,connected,True,synthetic_device_spec_v11
synthetic_customer_000,cabinet_000,2026-08-25 04:50:00+00:00,0,0,0,0,True,True,False,24.11062302855131,-47.969279597867335,3.0496589614439054,4.0620024736054505,0.0,0.0122339440076508,0.003407811883857235,on,connected,True,synthetic_device_spec_v11
synthetic_customer_000,cabinet_000,2026-08-25 05:00:00+00:00,0,0,0,0,True,True,False,24.148623408102733,-46.82595173635268,3.0125833877048462,3.9471368777334717,0.05213189987235169,0.016327507280955958,0.0,on,connected,True,synthetic_device_spec_v11
synthetic_customer_000,cabinet_000,2026-08-25 05:10:00+00:00,0,0,0,0,True,True,False,23.948121213087493,-46.986286114191245,3.040774133718618,3.9982017018235214,0.4222250058117286,0.022280917002213945,0.0,on,connected,True,synthetic_device_spec_v11
synthetic_customer_000,cabinet_000,2026-08-25 05:20:00+00:00,0,0,0,0,True,True,False,24.03536191690651,-50.06107508349662,2.989145680235466,4.009581801500988,0.0,3.9596661791681255e-05,0.027983828530550245,on,connected,True,synthetic_device_spec_v11
synthetic_customer_000,cabinet_000,2026-08-25 05:30:00+00:00,0,0,0,0,True,True,False,23.815393484361586,-47.41537697686336,2.973332994022166,4.172477674432539,0.0,0.0,0.0,on,connected,True,synthetic_device_spec_v11
synthetic_customer_000,cabinet_000,2026-08-25 05:40:00+00:00,0,0,0,0,True,True,False,24.102573654799283,-49.19399635668607,2.937121233272011,4.021329972613552,0.0,0.03623701557609537,0.0,on,connected,True,synthetic_device_spec_v11
synthetic_customer_000,cabinet_000,2026-08-25 05:50:00+00:00,0,0,0,0,True,True,False,24.096480870714196,-48.04673046638205,3.0082699266032673,4.03825674191979,0.008285358041650339,0.004990025421622898,0.0,on,connected,True,synthetic_device_spec_v11
synthetic_customer_000,cabinet_000,2026-08-25 06:00:00+00:00,0,0,0,0,True,True,False,23.83979326453269,-49.08649554699949,3.00424651768719,3.91951575589513,0.0,0.04132341678092352,0.0,on,connected,True,synthetic_device_spec_v11
synthetic_customer_000,cabinet_000,2026-08-25 06:10:00+00:00,1,1,1,1,True,True,False,23.972340544310832,-48.27115089802883,3.0450056081924957,4.17528258818742,0.0,0.0,0.00872367249958727,on,connected,True,synthetic_device_spec_v11
synthetic_customer_000,cabinet_000,2026-08-25 06:20:00+00:00,1,1,1,1,True,True,False,24.034465410022435,-49.33604057825251,2.9481960394976388,4.01578271884892,0.0,0.014240095461227124,0.002448421209263619,on,connected,True,synthetic_device_spec_v11
synthetic_customer_000,cabinet_000,2026-08-25 06:30:00+00:00,1,1,1,1,True,True,False,23.918730850099976,-46.951887191070476,2.970866237510868,4.052956503613014,0.1484973932371166,0.0,0.011783401936577327,on,connected,True,synthetic_device_spec_v11
synthetic_customer_000,cabinet_000,2026-08-25 06:40:00+00:00,0,0,0,0,True,True,False,24.05631317772707,-47.87497082572815,2.978977166570767,4.030519422604167,0.9392064544740925,0.022046805556747595,0.03302046359040806,on,connected,True,synthetic_device_spec_v11
synthetic_customer_000,cabinet_000,2026-08-25 06:50:00+00:00,0,0,0,0,True,True,False,23.894886697287998,-47.92886610248671,3.0041559591465505,4.138849213889377,0.777330375478892,0.016607360545013418,0.01756493269416725,on,connected,True,synthetic_device_spec_v11
synthetic_customer_000,cabinet_000,2026-08-25 07:00:00+00:00,0,0,0,0,True,True,False,24.076019998726494,-48.213860005473265,2.925832761703877,4.060696662554131,0.0,0.0,0.0,on,connected,True,synthetic_device_spec_v11
synthetic_customer_000,cabinet_000,2026-08-25 07:10:00+00:00,0,0,0,0,True,True,False,24.265682619184005,-49.85128340662698,2.955653854456214,4.0848336660498665,0.0,0.0,0.0,on,connected,True,synthetic_device_spec_v11
synthetic_customer_000,cabinet_000,2026-08-25 07:20:00+00:00,0,0,0,0,True,True,False,23.980179516833733,-46.63698422655156,2.9968162824942994,3.896463083874084,0.24732834125729827,0.0,0.0,on,connected,True,synthetic_device_spec_v11
synthetic_customer_000,cabinet_000,2026-08-25 07:30:00+00:00,0,0,0,0,True,True,False,24.065838072382025,-49.21690405010642,2.9800625158049714,4.004403624986466,0.18228055376986863,0.0,0.013862773515641108,on,connected,True,synthetic_device_spec_v11
synthetic_customer_000,cabinet_000,2026-08-25 07:40:00+00:00,0,0,0,0,True,True,False,24.13826329738533,-47.648022276462974,2.9911876507697803,3.961984327191147,0.0,0.0,0.0,on,connected,True,synthetic_device_spec_v11
synthetic_customer_000,cabinet_000,2026-08-25 07:50:00+00:00,0,0,0,0,True,True,False,23.873235004400996,-47.9742740928795,3.0121310770150664,3.9655766837377864,0.0,0.0,0.01886469127594103,on,connected,True,synthetic_device_spec_v11
synthetic_customer_000,cabinet_000,2026-08-25 08:00:00+00:00,0,0,0,0,True,True,False,24.197555122956945,-47.559350601581265,3.0368354609706305,3.983270911922999,0.0,0.017095111015809458,0.0,on,connected,True,synthetic_device_spec_v11
synthetic_customer_000,cabinet_000,2026-08-25 08:10:00+00:00,0,0,0,0,True,True,False,24.065423745172122,-48.011022193646006,3.0113903656481833,4.065128870494057,0.0,0.0,0.0,on,connected,True,synthetic_device_spec_v11
synthetic_customer_000,cabinet_000,2026-08-25 08:20:00+00:00,0,0,0,0,True,True,False,23.925195297321896,-48.888803684412785,2.970173612360722,3.885448953701603,0.0,0.016328029394865752,0.0,on,connected,True,synthetic_device_spec_v11
synthetic_customer_000,cabinet_000,2026-08-25 08:30:00+00:00,0,0,0,0,True,True,False,23.81846115965222,-46.68978835652567,3.005871216238117,4.013396530357432,0.0,0.02158352012615254,0.0,on,connected,True,synthetic_device_spec_v11
synthetic_customer_000,cabinet_000,2026-08-25 08:40:00+00:00,0,0,0,0,True,True,False,24.06657247322777,-48.098329388409674,3.000075327188162,3.9412780546379373,0.0873072500344884,0.0,0.015930950302577993,on,connected,True,synthetic_device_spec_v11
synthetic_customer_000,cabinet_000,2026-08-25 08:50:00+00:00,0,0,0,0,True,True,False,23.979039569718687,-47.917331024297965,3.0285131419744236,3.851494089517103,0.23955399727947221,0.0,0.010566169916066365,on,connected,True,synthetic_device_spec_v11
synthetic_customer_000,cabinet_000,2026-08-25 09:00:00+00:00,0,0,0,0,True,True,False,23.983945467944302,-46.27709018438877,3.1172897814836573,3.9481024897666117,0.04064491839739377,0.0,0.03172523103958689,on,connected,True,synthetic_device_spec_v11
synthetic_customer_000,cabinet_000,2026-08-25 09:10:00+00:00,0,0,0,0,True,True,False,24.111002662056656,-48.458159685024704,2.9456828024183235,3.9118054938443882,0.0,0.0,0.003951817911423001,on,connected,True,synthetic_device_spec_v11
synthetic_customer_000,cabinet_000,2026-08-25 09:20:00+00:00,0,0,0,0,True,True,False,24.29657293616979,-48.40919950998054,3.033652799054101,3.9198310154967477,0.0,0.025617106319732352,0.02886645411838576,on,connected,True,synthetic_device_spec_v11
synthetic_customer_000,cabinet_000,2026-08-25 09:30:00+00:00,0,0,0,0,True,True,False,23.99603677898462,-49.69436226284824,2.9971398391836725,4.071495896807149,0.0,0.012210933979404611,0.01645835085121745,on,connected,True,synthetic_device_spec_v11
synthetic_customer_000,cabinet_000,2026-08-25 09:40:00+00:00,0,0,0,0,True,True,False,23.992728817814957,-47.45404038863845,2.984773237372331,3.9981926618432095,0.22796260716021038,0.002501691220747956,0.02038840867048606,on,connected,True,synthetic_device_spec_v11
synthetic_customer_000,cabinet_000,2026-08-25 09:50:00+00:00,0,0,0,0,True,True,False,23.87617457667464,-46.94333236948912,3.005063113998503,4.028378706204878,0.0,0.005089257411534959,0.005974775093160645,on,connected,True,synthetic_device_spec_v11
synthetic_customer_000,cabinet_000,2026-08-25 10:00:00+00:00,0,0,0,0,True,True,False,24.084769569653595,-48.50460327391948,2.953643262781584,4.031137982591215,0.12607669320893597,0.0,0.0,on,connected,True,synthetic_device_spec_v11
synthetic_customer_000,cabinet_000,2026-08-25 10:10:00+00:00,0,0,0,0,True,True,False,24.032314941665213,-48.49893075758002,2.9526659725259647,3.9877947522441892,0.7428068921612923,0.0024323319814007847,0.004104082979392038,on,connected,True,synthetic_device_spec_v11
synthetic_customer_000,cabinet_000,2026-08-25 10:20:00+00:00,0,0,0,0,True,True,False,23.984278648983903,-47.64932617518048,2.9358494561881443,4.020973181036588,0.25734214294953855,0.019620328809000838,0.004307164108780214,on,connected,True,synthetic_device_spec_v11
synthetic_customer_000,cabinet_000,2026-08-25 10:30:00+00:00,0,0,0,0,True,True,False,23.99835472360753,-47.3435167133161,3.0369920407666897,3.932852976172151,0.15358958874477033,0.0,0.0,on,connected,True,synthetic_device_spec_v11
synthetic_customer_000,cabinet_000,2026-08-25 10:40:00+00:00,0,0,0,0,True,True,False,24.20291146765963,-48.20053531192548,3.0104478826933687,4.066998055292958,0.0,0.0,0.0,on,connected,True,synthetic_device_spec_v11
synthetic_customer_000,cabinet_000,2026-08-25 10:50:00+00:00,0,0,0,0,True,True,False,23.968664974987018,-47.66106543269513,3.007223285601889,3.9651123543350097,0.9513507805160752,0.0,0.035427206628385347,on,connected,True,synthetic_device_spec_v11
synthetic_customer_000,cabinet_000,2026-08-25 11:00:00+00:00,0,0,0,0,True,True,False,24.018495350169257,-47.23264136505721,2.9496519692407754,3.973213503415447,0.0,0.005893981987827876,0.0,on,connected,True,synthetic_device_spec_v11
synthetic_customer_000,cabinet_000,2026-08-25 11:10:00+00:00,0,0,0,0,True,True,False,24.067329276421805,-49.82094900490327,3.0215578476552634,3.87441798003055,0.0,0.0,0.02505330591914906,on,connected,True,synthetic_device_spec_v11
synthetic_customer_000,cabinet_000,2026-08-25 11:20:00+00:00,0,0,0,0,True,True,False,23.870158813451678,-47.209444299825314,3.0046323876595658,4.099945074345803,0.43040544532189506,0.0014303102630982654,0.0,on,connected,True,synthetic_device_spec_v11
synthetic_customer_000,cabinet_000,2026-08-25 11:30:00+00:00,0,0,0,0,True,True,False,24.03319724640541,-45.54712175166652,2.975354357992958,3.9214649795610197,0.0,0.0,0.018820540053882794,on,connected,True,synthetic_device_spec_v11
synthetic_customer_000,cabinet_000,2026-08-25 11:40:00+00:00,0,0,0,0,True,True,False,24.0499331858469,-47.52245729750935,3.046230843344701,3.9932509192356997,0.0,0.0004813172464439401,0.0,on,connected,True,synthetic_device_spec_v11
synthetic_customer_000,cabinet_000,2026-08-25 11:50:00+00:00,0,0,0,0,True,True,False,24.29995912706801,-46.752068871161455,3.0188751407517005,4.050698183327927,0.0,0.0,0.0036841754536153263,on,connected,True,synthetic_device_spec_v11
synthetic_customer_000,cabinet_000,2026-08-25 12:00:00+00:00,0,0,0,0,True,True,False,24.006650604988074,-48.62840528621651,2.9428564718483967,3.9728570578455527,0.0,0.0,0.0,on,connected,True,synthetic_device_spec_v11
synthetic_customer_000,cabinet_000,2026-08-25 12:10:00+00:00,1,1,1,1,True,True,False,24.05211521976143,-47.79842803878057,3.006831158209562,3.9282158235154907,0.2237725541172594,0.0,0.04081530235542311,on,connected,True,synthetic_device_spec_v11
synthetic_customer_000,cabinet_000,2026-08-25 12:20:00+00:00,1,1,1,1,True,True,False,23.956630835513348,-47.94161756621024,2.9716579352958985,3.9914598630812788,0.0,0.0,0.0,on,connected,True,synthetic_device_spec_v11
synthetic_customer_000,cabinet_000,2026-08-25 12:30:00+00:00,1,1,1,1,True,True,False,24.064161827380047,-50.8856655208387,3.0419730819489,3.9554296081922633,0.011852982000854636,0.10030312339356892,0.0,on,connected,True,synthetic_device_spec_v11
synthetic_customer_000,cabinet_000,2026-08-25 12:40:00+00:00,0,0,0,0,True,True,False,24.09990807221008,-54.43760589507307,3.0035394786020038,3.99018392785936,0.27029731501266907,0.13492803135775752,0.0,on,connected,True,synthetic_device_spec_v11
synthetic_customer_000,cabinet_000,2026-08-25 12:50:00+00:00,0,0,0,0,True,True,False,23.911354806467564,-56.1485137021143,2.97329021220413,3.9809005883271076,0.0,0.1313419618828115,0.0,on,connected,True,synthetic_device_spec_v11
synthetic_customer_000,cabinet_000,2026-08-25 13:00:00+00:00,0,0,0,0,True,True,False,23.97349511429048,-58.3900376957156,3.038886916284752,3.958956767711743,0.0,0.19492623912273926,0.006043417650598245,on,connected,True,synthetic_device_spec_v11
synthetic_customer_000,cabinet_000,2026-08-25 13:10:00+00:00,0,0,0,0,True,True,False,23.908551231240878,-62.16419291941205,3.0130344921227667,3.9830067414276766,0.22059576713892778,0.23442036700058533,0.0,on,connected,True,synthetic_device_spec_v11
synthetic_customer_000,cabinet_000,2026-08-25 13:20:00+00:00,0,0,0,0,True,True,False,24.28327833194222,-62.27782267222933,3.0307656893721733,4.080606869388456,0.0,0.2625980374593792,0.0,on,connected,True,synthetic_device_spec_v11
synthetic_customer_000,cabinet_000,2026-08-25 13:30:00+00:00,0,0,0,0,True,True,False,23.77873087625386,-64.43829321165384,2.978894814326395,4.10835002573735,0.0,0.33449415150546213,0.0,on,connected,True,synthetic_device_spec_v11
synthetic_customer_000,cabinet_000,2026-08-25 13:40:00+00:00,0,0,0,0,True,True,False,24.14364296364167,-66.92832787671564,3.0271880147709047,3.9817583449960323,0.0,0.3042135155725689,0.0,on,connected,True,synthetic_device_spec_v11
synthetic_customer_000,cabinet_000,2026-08-25 13:50:00+00:00,0,0,0,0,True,True,False,24.072666137964674,-68.8572073114009,3.075417796026858,4.010921064136901,0.0,0.3622082332102492,0.006255817174472786,on,connected,True,synthetic_device_spec_v11
synthetic_customer_000,cabinet_000,2026-08-25 14:00:00+00:00,0,0,0,0,True,True,False,23.959335940497304,-68.99892146188306,2.997834353454784,4.0390037684020035,0.0,0.43280994553417523,0.0,on,connected,True,synthetic_device_spec_v11
synthetic_customer_000,cabinet_000,2026-08-25 14:10:00+00:00,0,0,0,0,True,True,False,23.89638471279881,-73.51981265436139,3.022633419051993,3.9596096076513096,0.42971499580359607,0.4502851915718133,0.0006871941951932548,on,connected,True,synthetic_device_spec_v11
synthetic_customer_000,cabinet_000,2026-08-25 14:20:00+00:00,0,0,0,0,True,True,False,24.027128261835134,-74.99609433501504,2.9967967778759044,4.002080158793435,0.0,0.48920284002275255,0.031112527595845974,on,connected,True,synthetic_device_spec_v11
synthetic_customer_000,cabinet_000,2026-08-25 14:30:00+00:00,0,0,0,0,True,True,False,23.867920727443746,-77.51733165564772,2.995056139156429,4.025233604460636,0.04570809880735379,0.5676290975024899,0.0,on,connected,True,synthetic_device_spec_v11
synthetic_customer_000,cabinet_000,2026-08-25 14:40:00+00:00,0,0,0,0,True,True,False,23.975751081478283,-82.02526251441604,3.066012498897491,3.958111399033233,0.0,0.579522006995419,0.020112564175675588,on,connected,True,synthetic_device_spec_v11
synthetic_customer_000,cabinet_000,2026-08-25 14:50:00+00:00,0,0,0,0,True,True,False,24.03573317138467,-81.65348594609165,3.034269317904382,4.051451983341626,1.1203787837580155,0.5936648056171855,0.023852872862075367,on,connected,True,synthetic_device_spec_v11
synthetic_customer_000,cabinet_000,2026-08-25 15:00:00+00:00,0,0,0,0,True,True,False,24.06201544290231,-83.3942562895489,2.9764137362920224,4.072081445346286,0.0,0.6346288210830093,0.029433701818863477,on,connected,True,synthetic_device_spec_v11
synthetic_customer_000,cabinet_000,2026-08-25 15:40:00+00:00,0,0,0,0,True,True,False,24.008040889980332,-47.33621438080082,2.9915719627579866,4.0284426037016186,0.0,0.0,0.0,on,connected,True,synthetic_device_spec_v11
synthetic_customer_000,cabinet_000,2026-08-25 15:50:00+00:00,0,0,0,0,True,True,False,24.20589543308017,-48.59787502627768,3.0866986272245502,4.036821712353677,0.324442673859748,0.0,0.015304238210757026,on,connected,True,synthetic_device_spec_v11
synthetic_customer_000,cabinet_000,2026-08-25 16:00:00+00:00,0,0,0,0,True,True,False,24.02903157785898,-48.30191739004091,2.98487966488943,3.893572020744325,0.6457701364288898,0.0,0.0,on,connected,True,synthetic_device_spec_v11
synthetic_customer_000,cabinet_000,2026-08-25 16:10:00+00:00,0,0,0,0,True,True,False,24.100158941144407,-48.08393799653739,2.991212106583767,3.99324819294243,0.08164132764944554,0.005787612719790359,0.0,on,connected,True,synthetic_device_spec_v11
synthetic_customer_000,cabinet_000,2026-08-25 16:20:00+00:00,0,0,0,0,True,True,False,24.019756580461298,-47.76162616677741,2.9433751986339725,4.015154945964462,0.03705195102197476,0.0,0.0,on,connected,True,synthetic_device_spec_v11
synthetic_customer_000,cabinet_000,2026-08-25 16:30:00+00:00,0,0,0,0,True,True,False,23.858873230227356,-48.921549490441926,3.0648397607669255,4.037037859695006,0.0,0.0,0.0008904463839808309,on,connected,True,synthetic_device_spec_v11
synthetic_customer_000,cabinet_000,2026-08-25 16:40:00+00:00,0,0,0,0,True,True,False,24.13448167547377,-47.196514999948555,2.947312469423844,3.939320765575437,0.0,0.0,0.009028714939198098,on,connected,True,synthetic_device_spec_v11
synthetic_customer_000,cabinet_000,2026-08-25 16:50:00+00:00,0,0,0,0,True,True,False,24.048880469840853,-48.12675514593596,3.0372973652213955,3.9641768145469185,0.0,0.0,0.016808345471080594,on,connected,True,synthetic_device_spec_v11
synthetic_customer_000,cabinet_000,2026-08-25 17:00:00+00:00,0,0,0,0,True,True,False,23.817621515792528,-48.72784002666701,2.94718207264955,4.160786052407791,0.5157916157463994,0.03328028984380526,0.0,on,connected,True,synthetic_device_spec_v11
synthetic_customer_000,cabinet_000,2026-08-25 17:10:00+00:00,0,0,0,0,True,True,False,24.25146249007854,-46.16744967092346,2.96111436445398,3.9247451758939933,0.0,0.0,0.0,on,connected,True,synthetic_device_spec_v11
synthetic_customer_000,cabinet_000,2026-08-25 17:20:00+00:00,0,0,0,0,True,True,False,23.953878800064444,-48.376410447441515,3.0019107407599024,3.926390354495854,0.8853213026117529,0.020983727086568774,0.018582218968853065,on,connected,True,synthetic_device_spec_v11
synthetic_customer_000,cabinet_000,2026-08-25 17:30:00+00:00,0,0,0,0,True,True,False,23.940596095923777,-47.2864103074346,3.0052500360932664,3.966404854147856,0.0,0.019547523480254042,0.0,on,connected,True,synthetic_device_spec_v11
synthetic_customer_000,cabinet_000,2026-08-25 17:40:00+00:00,0,0,0,0,True,True,False,23.79223611097465,-49.54900501878292,2.9367349583502276,3.909498420548765,0.12417610234253135,0.01615847898119201,0.01924025006593608,on,connected,True,synthetic_device_spec_v11
synthetic_customer_000,cabinet_000,2026-08-25 17:50:00+00:00,0,0,0,0,True,True,False,23.84088772475587,-47.91346553497252,2.9468901876828655,4.01575050123072,0.0,0.008091261125337644,0.0,on,connected,True,synthetic_device_spec_v11
synthetic_customer_000,cabinet_000,2026-08-25 18:00:00+00:00,0,0,0,0,True,True,False,24.02862127968181,-48.18512175023385,3.0197313362703686,4.135795759827469,1.1436372658036318,0.0,0.009588454283792366,on,connected,True,synthetic_device_spec_v11
synthetic_customer_000,cabinet_000,2026-08-25 18:10:00+00:00,1,1,1,1,True,True,False,24.094956275923284,-48.19373390578886,2.9696855413086936,3.9595493274047104,0.0,0.0,0.0,on,connected,True,synthetic_device_spec_v11
synthetic_customer_000,cabinet_000,2026-08-25 18:20:00+00:00,1,1,1,1,True,True,False,24.10439908842895,-49.387411622542125,3.01490614190097,3.965408983961623,0.0,0.0,0.030489516900865876,on,connected,True,synthetic_device_spec_v11
synthetic_customer_000,cabinet_000,2026-08-25 18:30:00+00:00,1,1,1,1,True,True,False,23.88463196092783,-47.0016624202782,2.994585098718608,3.995349474860424,0.0,0.025896904360142182,0.0,on,connected,True,synthetic_device_spec_v11
synthetic_customer_000,cabinet_000,2026-08-25 18:40:00+00:00,0,0,0,0,True,True,False,23.796652636386177,-45.997528833478434,2.9653010162641977,4.0970513063128084,0.0,0.0,0.0,on,connected,True,synthetic_device_spec_v11
synthetic_customer_000,cabinet_000,2026-08-25 18:50:00+00:00,0,0,0,0,True,True,False,24.128885611511084,-47.29049347341923,2.965532362979896,4.02838051791691,0.4154322715700196,0.004918376009997821,0.0,on,connected,True,synthetic_device_spec_v11
synthetic_customer_000,cabinet_000,2026-08-25 19:00:00+00:00,0,0,0,0,True,True,False,23.861471081227773,-47.12788115920102,3.01004309350389,4.177702496486753,0.6359498343717277,0.020588353868586307,0.01167603886824252,on,connected,True,synthetic_device_spec_v11
synthetic_customer_000,cabinet_000,2026-08-25 19:10:00+00:00,0,0,0,0,True,True,False,23.90250810230817,-47.827443817053414,2.991688823910278,4.091787090506601,0.0,0.0,0.0006076669013893173,on,connected,True,synthetic_device_spec_v11
synthetic_customer_000,cabinet_000,2026-08-25 19:20:00+00:00,0,0,0,0,True,True,False,23.868282420552344,-45.17872815991435,3.0794112827384446,3.9660449255493653,0.0,0.00389091042459744,0.002020410777922866,on,connected,True,synthetic_device_spec_v11
synthetic_customer_000,cabinet_000,2026-08-25 19:30:00+00:00,0,0,0,0,True,True,False,24.08167641886739,-47.65285464449218,2.9951813003839627,4.218159391973907,0.0,0.0,0.0,on,connected,True,synthetic_device_spec_v11
synthetic_customer_000,cabinet_000,2026-08-25 19:40:00+00:00,0,0,0,0,True,True,False,24.073552758085402,-47.28276818733785,2.9747601402814996,3.933161518176475,0.0,0.001425069098620123,0.014122885325381349,on,connected,True,synthetic_device_spec_v11
synthetic_customer_000,cabinet_000,2026-08-25 19:50:00+00:00,0,0,0,0,True,True,False,23.901243583364884,-47.18500019335194,3.0377985621459156,3.8911482641321804,0.08586453979809482,0.0,0.0,on,connected,True,synthetic_device_spec_v11
synthetic_customer_000,cabinet_000,2026-08-25 20:00:00+00:00,0,0,0,0,True,True,False,23.873987996217668,-46.534023874963815,3.0499649906109574,3.9331536849881537,0.5650224028157071,0.016668015654910936,0.0,on,connected,True,synthetic_device_spec_v11
synthetic_customer_000,cabinet_000,2026-08-25 20:10:00+00:00,0,0,0,0,True,True,False,23.787298929770973,-48.97331213263247,2.975959860038928,4.015551228780433,0.0,0.010210616620007936,0.009036359234825209,on,connected,True,synthetic_device_spec_v11
synthetic_customer_000,cabinet_000,2026-08-25 20:20:00+00:00,0,0,0,0,True,True,False,24.01438329208817,-47.30876980412855,2.9639902389498007,4.033106702722511,0.0,0.06256024426570442,0.009456630626715453,on,connected,True,synthetic_device_spec_v11
synthetic_customer_000,cabinet_000,2026-08-25 20:30:00+00:00,0,0,0,0,True,True,False,24.084893259556097,-47.54428663162864,3.013464984815664,3.9935004317249825,0.0,0.0,0.0,on,connected,True,synthetic_device_spec_v11
synthetic_customer_000,cabinet_000,2026-08-25 20:40:00+00:00,0,0,0,0,True,True,False,23.792939038098744,-48.76858037624837,2.946894252157013,4.0211537032393885,0.0,0.0,0.0,on,connected,True,synthetic_device_spec_v11
synthetic_customer_000,cabinet_000,2026-08-25 20:50:00+00:00,0,0,0,0,True,True,False,24.08429805022837,-49.19132638492271,2.89747223379103,3.9780315762939598,0.0,0.0,0.0,on,connected,True,synthetic_device_spec_v11
synthetic_customer_000,cabinet_000,2026-08-25 21:00:00+00:00,0,0,0,0,True,True,False,23.93197763919459,-47.45425126192437,2.8513798077068016,4.02219075935346,0.023261976586356616,0.025903485379247644,0.0002540420859244817,on,connected,True,synthetic_device_spec_v11
synthetic_customer_000,cabinet_000,2026-08-25 21:10:00+00:00,0,0,0,0,True,True,False,23.903560093500307,-46.476227144206725,2.811130303703126,3.945216287645299,0.6023932332356717,0.0,0.0013699805621561598,on,connected,True,synthetic_device_spec_v11
synthetic_customer_000,cabinet_000,2026-08-25 21:20:00+00:00,0,0,0,0,True,True,False,24.117499768327914,-48.00336398125097,2.74422931840651,3.9887861572054875,0.0,0.0,0.0,on,connected,True,synthetic_device_spec_v11
synthetic_customer_000,cabinet_000,2026-08-25 21:30:00+00:00,0,0,0,0,True,True,False,24.08756523224374,-49.536995263857854,2.7043649643199537,4.0200719923327,0.7941265801703055,0.0,0.015699616622863698,on,connected,True,synthetic_device_spec_v11
synthetic_customer_000,cabinet_000,2026-08-25 21:40:00+00:00,0,0,0,0,True,True,False,23.90212289172333,-48.716437008762234,2.622051132854011,4.0773639493960365,0.0,0.0,0.0,on,connected,True,synthetic_device_spec_v11
synthetic_customer_000,cabinet_000,2026-08-25 21:50:00+00:00,0,0,0,0,True,True,False,23.865252296203593,-47.24275355346889,2.6428863374148706,4.094791182455517,0.5694410540760904,0.0,0.003480060592164233,on,connected,True,synthetic_device_spec_v11
synthetic_customer_000,cabinet_000,2026-08-25 22:00:00+00:00,0,0,0,0,True,True,False,24.075470999151488,-48.0240901026628,2.524778914641219,3.9583198768332104,0.3957094301316408,0.0,0.0,on,connected,True,synthetic_device_spec_v11
synthetic_customer_000,cabinet_000,2026-08-25 22:10:00+00:00,0,0,0,0,True,True,False,23.983959220719708,-47.44569948005636,2.639857673077826,3.968791109082231,1.1039452722508911,0.0,0.020215487455238986,on,connected,True,synthetic_device_spec_v11
synthetic_customer_000,cabinet_000,2026-08-25 22:20:00+00:00,0,0,0,0,True,True,False,23.96204929445535,-47.0311927593368,2.478418688143563,4.054432814916425,0.0,0.0,0.019109666712913954,on,connected,True,synthetic_device_spec_v11
synthetic_customer_000,cabinet_000,2026-08-25 22:30:00+00:00,0,0,0,0,True,True,False,24.06281324190042,-47.59232469645056,2.4013181299879403,4.011332570068865,0.0,0.0,0.01270467021250467,on,connected,True,synthetic_device_spec_v11
synthetic_customer_000,cabinet_000,2026-08-25 22:40:00+00:00,0,0,0,0,True,True,False,24.131252170245883,-46.34988878231444,2.398779962969161,3.9976183431413173,0.0,0.045568360341211714,0.0,on,connected,True,synthetic_device_spec_v11
synthetic_customer_000,cabinet_000,2026-08-25 22:50:00+00:00,0,0,0,0,True,True,False,23.940325760549957,-46.079119251997,2.33809667356355,4.061896581404698,0.46220499397727116,0.010961601508286588,0.009648611671815478,on,connected,True,synthetic_device_spec_v11
synthetic_customer_000,cabinet_000,2026-08-25 23:00:00+00:00,0,0,0,0,True,True,False,23.938345448134932,-49.32086893900225,2.228162881862608,4.013109699524435,0.1747767301817275,0.0,0.0,on,connected,True,synthetic_device_spec_v11
synthetic_customer_000,cabinet_000,2026-08-25 23:10:00+00:00,0,0,0,0,True,True,False,24.026025968636276,-46.565163021583594,2.3078783783442507,4.0565078409111655,0.6381449858685315,0.0,0.0010393904804759692,on,connected,True,synthetic_device_spec_v11
synthetic_customer_000,cabinet_000,2026-08-25 23:20:00+00:00,0,0,0,0,True,True,False,23.913693823742374,-47.34558779564829,2.2486768720172603,4.026508028121423,0.0,0.03643894649662215,0.008190996486997337,on,connected,True,synthetic_device_spec_v11
synthetic_customer_000,cabinet_000,2026-08-25 23:30:00+00:00,0,0,0,0,True,True,False,24.004115698541103,-47.71970013940701,2.1701210559599606,4.057234609406948,0.0,0.0,0.0,on,connected,True,synthetic_device_spec_v11
synthetic_customer_000,cabinet_000,2026-08-25 23:40:00+00:00,0,0,0,0,True,True,False,23.782188939115972,-48.86522613490929,2.2257200553832766,4.0535669213692955,0.0,0.0027732433059811674,0.025512303423227838,on,connected,True,synthetic_device_spec_v11
synthetic_customer_000,cabinet_000,2026-08-25 23:50:00+00:00,0,0,0,0,True,True,False,24.067195493981234,-48.99760627214328,2.2249542345405544,4.052220512512737,0.0,0.0,0.0,on,connected,True,synthetic_device_spec_v11
synthetic_customer_000,cabinet_000,2026-08-26 00:00:00+00:00,0,0,0,0,True,True,False,23.8616038762547,-47.610657177315446,2.2248342734686855,3.9552308216875267,0.0,0.011863861772509816,0.009722291002947029,on,connected,True,synthetic_device_spec_v11
synthetic_customer_000,cabinet_000,2026-08-26 00:10:00+00:00,1,1,1,1,True,True,False,23.98120313961966,-46.991510357171194,3.0245069947209253,3.928421387604055,0.1460228586562367,0.0,0.003677139688716288,on,connected,True,synthetic_device_spec_v11
synthetic_customer_000,cabinet_000,2026-08-26 00:20:00+00:00,1,1,1,1,True,True,False,23.936943066100476,-50.37324469172387,3.030027638817778,4.062524269540228,0.9253219050266529,0.027406620271423245,0.0,on,connected,True,synthetic_device_spec_v11
synthetic_customer_000,cabinet_000,2026-08-26 00:30:00+00:00,1,1,1,1,True,True,False,24.0329152306639,-47.618333966601305,3.0200346986424575,4.082430030571569,0.0,0.0,0.0,on,connected,True,synthetic_device_spec_v11
synthetic_customer_000,cabinet_000,2026-08-26 00:40:00+00:00,0,0,0,0,True,True,False,23.949175516885443,-49.18404108035847,2.9391651973639745,4.0697519879028405,0.0,0.024498354936262595,0.0,on,connected,True,synthetic_device_spec_v11
synthetic_customer_000,cabinet_000,2026-08-26 00:50:00+00:00,0,0,0,0,True,True,False,23.873246731551472,-48.87858250464167,3.024181067061268,3.9780935149133567,0.0,0.0,0.009723790416786587,on,connected,True,synthetic_device_spec_v11
synthetic_customer_000,cabinet_000,2026-08-26 01:00:00+00:00,0,0,0,0,True,True,False,23.969241092256816,-48.00617830446518,2.954727125683666,3.9058116723816916,0.5223602443847541,0.01667188776425987,0.0,on,connected,True,synthetic_device_spec_v11
synthetic_customer_000,cabinet_000,2026-08-26 01:10:00+00:00,0,0,0,0,True,True,False,23.865153529560896,-47.91657347884768,2.927393582089794,4.101214581528391,0.5852570750946691,0.03790903105898838,0.0008723219316720545,on,connected,True,synthetic_device_spec_v11
synthetic_customer_000,cabinet_000,2026-08-26 01:20:00+00:00,0,0,0,0,True,True,False,23.858864915048436,-49.03401830323044,3.035815160008114,3.9960772241344777,0.0,0.03508469181940539,0.004887484853658826,on,connected,True,synthetic_device_spec_v11
synthetic_customer_000,cabinet_000,2026-08-26 01:30:00+00:00,0,0,0,0,True,True,False,24.1716885415291,-46.46920900053563,3.036984627194483,3.9476709467795406,0.3254153351221701,0.049935393459579785,0.01071661406536746,on,connected,True,synthetic_device_spec_v11
synthetic_customer_000,cabinet_000,2026-08-26 01:40:00+00:00,0,0,0,0,True,True,False,24.125632421733414,-47.622878544198336,3.030636679153036,3.9970314743505266,1.1405600106992952,0.0,0.0,on,connected,True,synthetic_device_spec_v11
synthetic_customer_000,cabinet_000,2026-08-26 01:50:00+00:00,0,0,0,0,True,True,False,23.954812835739915,-49.53097278395583,3.004351361453913,4.114190722369947,2.231915599769949,0.020001714931593098,0.008713001115718221,on,connected,True,synthetic_device_spec_v11
synthetic_customer_000,cabinet_000,2026-08-26 02:00:00+00:00,0,0,0,0,True,True,False,24.128226859137555,-47.27572338493716,2.993789280782939,4.033619625795664,3.8812198601687906,0.0,0.0,on,connected,True,synthetic_device_spec_v11
synthetic_customer_000,cabinet_000,2026-08-26 02:10:00+00:00,0,0,0,0,True,True,False,23.74875580388924,-46.95426298329842,2.9988608641199406,3.9778993409822014,5.671853279779337,0.0,0.01158652284109588,on,connected,True,synthetic_device_spec_v11
synthetic_customer_000,cabinet_000,2026-08-26 02:20:00+00:00,0,0,0,0,True,True,False,24.043818590227364,-47.895751317835234,2.9150129719986118,4.022850398700492,7.912683902808647,0.006644445881993831,0.0,on,connected,True,synthetic_device_spec_v11
synthetic_customer_000,cabinet_000,2026-08-26 02:30:00+00:00,0,0,0,0,True,True,False,23.79866214298826,-49.39137822104178,3.0512435248226435,3.984026277097329,8.964224442533927,0.012696430372247073,0.0,on,connected,True,synthetic_device_spec_v11
synthetic_customer_000,cabinet_000,2026-08-26 02:40:00+00:00,0,0,0,0,True,True,False,23.96553158793341,-49.194101574636946,2.9889596034231,4.0282955987835924,10.56067664861628,0.0,0.0,on,connected,True,synthetic_device_spec_v11
synthetic_customer_000,cabinet_000,2026-08-26 02:50:00+00:00,0,0,0,0,True,True,False,23.76981413344292,-47.85019842778378,3.0105753666971933,3.931465247002794,12.759797149926573,0.0029600653058125593,0.018336107118488237,on,connected,True,synthetic_device_spec_v11
synthetic_customer_000,cabinet_000,2026-08-26 03:00:00+00:00,0,0,0,0,True,True,False,24.116433782499513,-48.75003985570579,3.035349188509291,4.234741356920067,14.180358029566747,0.010883891713491137,0.02610051260670243,on,connected,True,synthetic_device_spec_v11
synthetic_customer_000,cabinet_000,2026-08-26 03:10:00+00:00,0,0,0,0,True,True,False,23.830077717416252,-47.19005364467331,3.081488211250938,4.3219892946923695,15.892541982720118,0.023041467036363825,0.015360964504089275,on,connected,True,synthetic_device_spec_v11
synthetic_customer_000,cabinet_000,2026-08-26 03:20:00+00:00,0,0,0,0,True,True,False,23.66196434114387,-47.53211409493078,2.9866273749115906,4.434056399401553,16.295765059473954,0.03559018125694343,0.053184559780228784,on,connected,True,synthetic_device_spec_v11
synthetic_customer_000,cabinet_000,2026-08-26 03:30:00+00:00,0,0,0,0,True,True,False,23.260992440761722,-48.35581791532647,2.928801131815032,4.694654093468109,19.2693222193842,0.029945134632606646,0.04001707558788556,on,connected,True,synthetic_device_spec_v11
synthetic_customer_000,cabinet_000,2026-08-26 03:40:00+00:00,0,0,0,0,True,True,False,23.104958065549702,-49.58135202474633,3.0819034816887587,4.834980954811136,19.689699611511987,0.0,0.10899751660279358,on,connected,True,synthetic_device_spec_v11
synthetic_customer_000,cabinet_000,2026-08-26 03:50:00+00:00,0,0,0,0,True,True,False,22.38376502690834,-47.83490986749529,2.9399661065880918,4.945364735989897,22.3962326815302,0.0,0.14080096239115775,on,connected,True,synthetic_device_spec_v11
synthetic_customer_000,cabinet_000,2026-08-26 04:00:00+00:00,0,0,0,0,True,True,False,22.130287456196946,-48.22606038651076,2.9121591770270974,5.012119085691761,23.562405795679375,0.0,0.15044426556462318,on,connected,True,synthetic_device_spec_v11
synthetic_customer_000,cabinet_000,2026-08-26 04:10:00+00:00,0,0,0,0,True,True,False,21.767111859836692,-46.24291053374351,2.7337170766285777,5.224127051397733,23.90784829646186,0.0,0.1755604601140683,on,connected,True,synthetic_device_spec_v11
synthetic_customer_000,cabinet_000,2026-08-26 04:20:00+00:00,0,0,0,0,True,True,False,21.179527839945784,-49.25584213405932,2.5072509074998477,5.226443417759996,24.81874821539593,0.0,0.20387479730066127,on,connected,True,synthetic_device_spec_v11
synthetic_customer_000,cabinet_000,2026-08-26 04:30:00+00:00,0,0,0,0,True,True,False,20.96682973990515,-47.52594324493878,2.3588447763083327,5.555944387123763,25.457047222770484,0.044122721298404645,0.23530660992146385,on,connected,True,synthetic_device_spec_v11
synthetic_customer_000,cabinet_000,2026-08-26 04:40:00+00:00,0,0,0,0,True,True,False,20.64108877385571,-48.27924833586291,2.194857145496945,5.718790382682659,25.129144643284057,0.0,0.23224846635298274,on,connected,True,synthetic_device_spec_v11
synthetic_customer_000,cabinet_000,2026-08-26 04:50:00+00:00,0,0,0,0,True,True,False,20.274104047527707,-47.52464844711285,2.023730357661441,5.87121034022955,25.842088592424027,0.0,0.22084977906420944,on,connected,True,synthetic_device_spec_v11
synthetic_customer_000,cabinet_000,2026-08-26 05:00:00+00:00,0,0,0,0,True,True,False,19.842458578638684,-47.281532109743374,1.8383283526191725,5.989973778782089,24.52134312336241,0.00013229365950387834,0.2595455241395684,on,connected,True,synthetic_device_spec_v11
synthetic_customer_000,cabinet_000,2026-08-26 05:10:00+00:00,0,0,0,0,True,True,False,19.578909598470702,-47.183045761334725,1.666512926690022,6.22916143547881,0.6458155288342555,0.005361719632491594,0.29649060129476,on,connected,True,synthetic_device_spec_v11
synthetic_customer_000,cabinet_000,2026-08-26 05:20:00+00:00,0,0,0,0,True,True,False,19.040314129896636,-48.97795244427441,1.534573819233256,6.315260597283245,0.6983512892171347,0.001402878643649358,0.3131853236866849,on,connected,True,synthetic_device_spec_v11
synthetic_customer_000,cabinet_000,2026-08-26 05:30:00+00:00,0,0,0,0,True,True,False,18.431954425814226,-47.805695136245724,1.3492257630477307,6.434908355507533,0.4556290684725341,0.0,0.35481817726696707,on,connected,True,synthetic_device_spec_v11
synthetic_customer_000,cabinet_000,2026-08-26 06:10:00+00:00,0,1,1,0,True,True,False,24.167274147146056,-47.59582765096525,1.019660252000854,7.026387572914678,0.4973893438624102,0.0,0.37906038068428194,on,connected,True,synthetic_device_spec_v11
synthetic_customer_000,cabinet_000,2026-08-26 06:20:00+00:00,0,1,1,0,True,True,False,23.998377467387062,-48.20778189664823,0.9950345918116913,7.131206841358158,0.7547909130865261,0.0,0.3877496225817754,on,connected,True,synthetic_device_spec_v11
synthetic_customer_000,cabinet_000,2026-08-26 06:30:00+00:00,0,1,1,0,True,True,False,24.091017348918474,-47.49899673535261,1.009736615437736,7.048119857374992,0.8447198652092527,0.0,0.3697469494175526,on,connected,True,synthetic_device_spec_v11
synthetic_customer_000,cabinet_000,2026-08-26 06:40:00+00:00,0,0,0,0,True,True,False,23.99739037698076,-48.84165445845025,0.9891138840636252,6.975772414603435,0.0,0.004880002500293175,0.3745634530289347,on,connected,True,synthetic_device_spec_v11
synthetic_customer_000,cabinet_000,2026-08-26 06:50:00+00:00,0,0,0,0,True,True,False,23.988519000200828,-47.88412047097108,0.9830490180085751,6.9818511766057005,0.27525460703068555,0.010171936752561343,0.4069496763461188,on,connected,True,synthetic_device_spec_v11
synthetic_customer_000,cabinet_000,2026-08-26 07:00:00+00:00,0,0,0,0,True,True,False,23.800707541163177,-47.86784276347739,1.0504034798805515,6.930741322321363,0.2689998006204307,0.0,0.4156073537340565,on,connected,True,synthetic_device_spec_v11
synthetic_customer_000,cabinet_000,2026-08-26 07:10:00+00:00,0,0,0,0,True,True,False,24.034824974072603,-47.16637913846603,1.0285010469093883,6.935767143566789,0.36999605213697573,0.0006625404360084824,0.4373216517619895,on,connected,True,synthetic_device_spec_v11
synthetic_customer_000,cabinet_000,2026-08-26 07:20:00+00:00,0,0,0,0,True,True,False,24.036159780387358,-48.937495742413894,2.986427264916816,4.052867259773055,0.45438043590383087,0.029831267816467597,0.0,on,connected,True,synthetic_device_spec_v11
synthetic_customer_000,cabinet_000,2026-08-26 07:30:00+00:00,0,0,0,0,True,True,False,23.870680334391718,-47.78176704334369,3.0171059832870912,3.9749212040077575,0.0,0.010101013668636121,0.015411590735204457,on,connected,True,synthetic_device_spec_v11
synthetic_customer_000,cabinet_000,2026-08-26 07:40:00+00:00,0,0,0,0,True,True,False,24.062697139281678,-47.86881029339353,2.923794807484417,4.008524360732447,0.0,0.0,0.036013038727851936,on,connected,True,synthetic_device_spec_v11
synthetic_customer_000,cabinet_000,2026-08-26 07:50:00+00:00,0,0,0,0,True,True,False,24.031161032421576,-47.35710241344133,3.032112957738719,3.9358857334824955,1.055545973662875,0.014287719705207492,0.0,on,connected,True,synthetic_device_spec_v11
synthetic_customer_000,cabinet_000,2026-08-26 08:00:00+00:00,0,0,0,0,True,True,False,24.090302708329027,-48.990886647936286,2.9344776121640215,3.93240096622232,0.0,0.0,0.0,on,connected,True,synthetic_device_spec_v11
synthetic_customer_000,cabinet_000,2026-08-26 08:10:00+00:00,0,0,0,0,True,True,False,24.086252261297087,-47.53740642720735,2.9922271501552746,4.0663718604856465,0.0,0.0,0.0,on,connected,True,synthetic_device_spec_v11
synthetic_customer_000,cabinet_000,2026-08-26 08:20:00+00:00,0,0,0,0,True,True,False,23.968696165842466,-49.74783705938579,3.0303698952848155,4.016625425419573,0.27078122743765,0.021264273231993126,0.0,on,connected,True,synthetic_device_spec_v11
synthetic_customer_000,cabinet_000,2026-08-26 08:30:00+00:00,0,0,0,0,True,True,False,23.846313606510588,-47.392542699968864,3.0386197726158657,4.009514472738865,0.0,0.0,0.010384002894019641,on,connected,True,synthetic_device_spec_v11
synthetic_customer_000,cabinet_000,2026-08-26 08:40:00+00:00,0,0,0,0,True,True,False,24.02934616507969,-47.96684385907166,3.0880863787007296,3.986909512856001,0.21781505260626116,0.01806354961863747,0.0,on,connected,True,synthetic_device_spec_v11
synthetic_customer_000,cabinet_000,2026-08-26 08:50:00+00:00,0,0,0,0,True,True,False,24.04973106446127,-46.83361666400301,2.989662836826499,4.050319512886049,0.07675970444242357,0.057700175083488375,0.009748382415862601,on,connected,True,synthetic_device_spec_v11
synthetic_customer_000,cabinet_000,2026-08-26 09:00:00+00:00,0,0,0,0,True,True,False,23.87799520117131,-47.14580603892491,2.98856874727606,4.030127211777326,0.6447636792814313,0.0024089484365477456,0.0030639067277021385,on,connected,True,synthetic_device_spec_v11
synthetic_customer_000,cabinet_000,2026-08-26 09:10:00+00:00,0,0,0,0,True,True,False,23.8585962682392,-48.233511223120324,3.0307837806223614,3.928895070184629,0.2819602927010256,0.0043918466758627785,0.021291497199969308,on,connected,True,synthetic_device_spec_v11
synthetic_customer_000,cabinet_000,2026-08-26 09:20:00+00:00,0,0,0,0,True,True,False,24.13664209383783,-48.446347700873474,3.0436361583818994,4.0593711024519346,0.10281820010336848,0.0,0.0,on,connected,True,synthetic_device_spec_v11
synthetic_customer_000,cabinet_000,2026-08-26 09:30:00+00:00,0,0,0,0,True,True,False,23.8138835915051,-47.90747116954694,2.930836710191346,4.062726886120296,0.0,0.0,0.0,on,connected,True,synthetic_device_spec_v11
synthetic_customer_000,cabinet_000,2026-08-26 09:40:00+00:00,0,0,0,0,True,True,False,24.045832430485895,-48.682389214515396,3.007787701273719,3.9496166821953964,0.02151214519232361,0.007607243849987028,0.0,on,connected,True,synthetic_device_spec_v11
synthetic_customer_000,cabinet_000,2026-08-26 09:50:00+00:00,0,0,0,0,True,True,False,24.031529304511892,-47.97417222170635,2.985915023853173,3.8934693310831094,0.0,0.0,0.0,on,connected,True,synthetic_device_spec_v11
synthetic_customer_000,cabinet_000,2026-08-26 10:00:00+00:00,0,0,0,0,True,True,False,24.34722616843609,-48.53286232528152,3.0009369386334788,4.014224006805948,0.0,0.0035123207894247354,0.009178779501311525,on,connected,True,synthetic_device_spec_v11
synthetic_customer_000,cabinet_000,2026-08-26 10:10:00+00:00,0,0,0,0,True,True,False,23.974776881181473,-48.82315373335745,2.974561316689568,3.913500364359229,0.44645309544232675,0.0,0.0,on,connected,True,synthetic_device_spec_v11
synthetic_customer_000,cabinet_000,2026-08-26 10:20:00+00:00,0,0,0,0,True,True,False,24.009236237893433,-47.403991079480264,2.999211316582247,4.107428646054991,0.0,0.018518259326370173,0.0,on,connected,True,synthetic_device_spec_v11
synthetic_customer_000,cabinet_000,2026-08-26 10:30:00+00:00,0,0,0,0,True,True,False,24.12716575497231,-46.441034945832854,3.0064439441185877,4.1344249273763465,0.3005880375992959,0.09028180079895237,0.013396696065250917,on,connected,True,synthetic_device_spec_v11
synthetic_customer_000,cabinet_000,2026-08-26 10:40:00+00:00,0,0,0,0,True,True,False,24.215359221513538,-49.436768922811794,3.038839461375612,3.916014230642718,0.0,0.01564248326368588,0.0,on,connected,True,synthetic_device_spec_v11
synthetic_customer_000,cabinet_000,2026-08-26 10:50:00+00:00,0,0,0,0,True,True,False,24.081208124821956,-48.667853685699015,3.016966263694091,4.088572062582246,0.4383677325407415,0.0,0.028436533131862455,on,connected,True,synthetic_device_spec_v11
synthetic_customer_000,cabinet_000,2026-08-26 11:00:00+00:00,0,0,0,0,True,True,False,23.864930417787004,-49.48425124415484,3.013486609302309,4.002980629188569,0.0,0.00695764082643105,0.0,on,connected,True,synthetic_device_spec_v11
synthetic_customer_000,cabinet_000,2026-08-26 11:10:00+00:00,0,0,0,0,True,True,False,24.216331865306085,-49.434379605590685,3.0587518980864323,3.958075757092885,0.0,0.035637315674607886,0.009408813948760067,on,connected,True,synthetic_device_spec_v11
synthetic_customer_000,cabinet_000,2026-08-26 11:20:00+00:00,0,0,0,0,True,True,False,23.869407413722143,-49.795925435344785,2.9701004388796726,4.056263973859485,0.3049919015941894,0.00840482570585807,0.010990473406115196,on,connected,True,synthetic_device_spec_v11
synthetic_customer_000,cabinet_000,2026-08-26 11:30:00+00:00,0,0,0,0,True,True,False,24.149266413880152,-48.18732341808453,2.9440939317972066,4.064384243862843,0.0,0.009271391629092665,0.009282051376410635,on,connected,True,synthetic_device_spec_v11
synthetic_customer_000,cabinet_000,2026-08-26 11:40:00+00:00,0,0,0,0,True,True,False,24.112210960458096,-49.55322768642862,3.0001416003261077,4.0314091578387865,0.2913311507818541,0.05325936542087928,0.0005436613673053059,on,connected,True,synthetic_device_spec_v11
synthetic_customer_000,cabinet_000,2026-08-26 11:50:00+00:00,0,0,0,0,True,True,False,24.049669296620873,-53.32067569163727,3.00732757468185,3.945159526565793,0.0,0.08713468113533324,0.017295856411490045,on,connected,True,synthetic_device_spec_v11
synthetic_customer_000,cabinet_000,2026-08-26 12:00:00+00:00,0,0,0,0,True,True,False,24.06286910711717,-56.71580425446082,3.0410866148348146,3.9837260263142293,0.32887369766079294,0.138358998585087,0.014862992785090012,on,connected,True,synthetic_device_spec_v11
synthetic_customer_000,cabinet_000,2026-08-26 12:10:00+00:00,1,1,1,1,True,True,False,24.133126739863688,-59.6751250994026,2.9368857556443118,3.9722712547909955,0.0,0.19046936094759742,0.009258124873654563,on,connected,True,synthetic_device_spec_v11
synthetic_customer_000,cabinet_000,2026-08-26 12:20:00+00:00,1,1,1,1,True,True,False,24.17561338292378,-63.42331831965385,2.9585937458822946,4.033381325144835,0.0,0.30587113503688695,0.0,on,connected,True,synthetic_device_spec_v11
synthetic_customer_000,cabinet_000,2026-08-26 12:30:00+00:00,1,1,1,1,True,True,False,23.81365744118439,-67.17421872524427,2.9187299965146196,4.077309469104173,0.595272786886767,0.3436749015582199,0.0,on,connected,True,synthetic_device_spec_v11
synthetic_customer_000,cabinet_000,2026-08-26 12:40:00+00:00,0,0,0,0,True,True,False,23.75659541634577,-70.44241057411847,3.0076853937854517,4.045868226815307,0.7387038863076967,0.38793916600515616,0.03046661194344666,on,connected,True,synthetic_device_spec_v11
synthetic_customer_000,cabinet_000,2026-08-26 12:50:00+00:00,0,0,0,0,True,True,False,24.04703690709099,-74.26021340075239,2.9454047286784806,3.9706564978993453,0.5381584916654404,0.46453926880149543,0.0,on,connected,True,synthetic_device_spec_v11
synthetic_customer_000,cabinet_000,2026-08-26 13:00:00+00:00,0,0,0,0,True,True,False,23.924570911009017,-76.04968411371865,2.9914840109559484,3.8881474945344467,0.0,0.5578507698982044,0.006858481963521404,on,connected,True,synthetic_device_spec_v11
synthetic_customer_000,cabinet_000,2026-08-26 13:10:00+00:00,0,0,0,0,True,True,False,24.044606971005912,-79.8969803339771,2.994640578267413,3.9789471788960875,0.0,0.5919913021776138,0.009984008688714952,on,connected,True,synthetic_device_spec_v11
synthetic_customer_000,cabinet_000,2026-08-26 13:20:00+00:00,0,0,0,0,True,True,False,23.853846349643096,-84.68986642584204,2.9648144959214093,4.045815077441808,0.0,0.6640333156907131,0.0,on,connected,True,synthetic_device_spec_v11
synthetic_customer_000,cabinet_000,2026-08-26 14:30:00+00:00,0,0,0,0,True,True,False,23.828696665672652,-48.19962291667655,3.051465406145639,4.065958223496612,0.0,0.011069088318036616,0.0022483772992831154,on,connected,True,synthetic_device_spec_v11
synthetic_customer_000,cabinet_000,2026-08-26 14:40:00+00:00,0,0,0,0,True,True,False,23.88456810190937,-50.37104852992416,2.933358466112388,4.036429539378299,0.0,0.0,0.009762393424913607,on,connected,True,synthetic_device_spec_v11
synthetic_customer_000,cabinet_000,2026-08-26 14:50:00+00:00,0,0,0,0,True,True,False,24.13584390150759,-47.998688396551934,2.974748074750156,3.9987073272058007,0.0,0.0,0.004579022165553669,on,connected,True,synthetic_device_spec_v11
synthetic_customer_000,cabinet_000,2026-08-26 15:00:00+00:00,0,0,0,0,True,True,False,23.899311430579438,-48.29498574332281,2.9941710621009037,3.980599055363944,0.026365413923079988,0.002592317267352383,0.017399176748160692,on,connected,True,synthetic_device_spec_v11
synthetic_customer_000,cabinet_000,2026-08-26 15:10:00+00:00,0,0,0,0,True,True,False,23.99374626373413,-49.945322269760425,3.0631088539531026,4.033189070113063,0.0,0.0,0.01209211046305347,on,connected,True,synthetic_device_spec_v11
synthetic_customer_000,cabinet_000,2026-08-26 15:20:00+00:00,0,0,0,0,True,True,False,23.980485851183236,-48.31883827299439,2.9873436701477925,4.036254552596776,0.0,0.0,0.0,on,connected,True,synthetic_device_spec_v11
synthetic_customer_000,cabinet_000,2026-08-26 15:30:00+00:00,0,0,0,0,True,True,False,23.944887276182303,-48.82344521361507,2.976677385409266,4.023417356406656,0.009683730741695465,0.012559572369460405,0.020852962274231262,on,connected,True,synthetic_device_spec_v11
synthetic_customer_000,cabinet_000,2026-08-26 15:40:00+00:00,0,0,0,0,True,True,False,24.07871552502645,-47.8484731814993,2.9986800277201877,3.9999937873493017,0.0,0.0,0.012286954710188805,on,connected,True,synthetic_device_spec_v11
synthetic_customer_000,cabinet_000,2026-08-26 15:50:00+00:00,0,0,0,0,True,True,False,23.932543417681362,-48.13382121207186,3.02799281368743,4.029622271137294,0.49722625345791677,0.020162893587289194,0.0,on,connected,True,synthetic_device_spec_v11
synthetic_customer_000,cabinet_000,2026-08-26 16:00:00+00:00,0,0,0,0,True,True,False,24.005193981222874,-46.387741615303405,2.9587020205668004,3.9828805492771604,0.13489999024150182,0.015616565916950735,0.0,on,connected,True,synthetic_device_spec_v11
synthetic_customer_000,cabinet_000,2026-08-26 16:10:00+00:00,0,0,0,0,True,True,False,24.038392491715207,-47.767071912021315,2.990391213208611,3.9723160374503297,0.0,0.011588856358746326,0.004798019210096957,on,connected,True,synthetic_device_spec_v11
synthetic_customer_000,cabinet_000,2026-08-26 16:20:00+00:00,0,0,0,0,True,True,False,23.895693590299583,-50.277547942720304,3.0013492862976743,4.050213374251152,0.0,0.0008929541094840883,0.0,on,connected,True,synthetic_device_spec_v11
synthetic_customer_000,cabinet_000,2026-08-26 16:30:00+00:00,0,0,0,0,True,True,False,23.853886252182384,-48.0435603661731,2.926898900164498,4.091600311731334,1.2008267056604038,0.025609952859884478,0.029558824404630615,on,connected,True,synthetic_device_spec_v11
synthetic_customer_000,cabinet_000,2026-08-26 16:40:00+00:00,0,0,0,0,True,True,False,23.928990647101433,-48.78744697761331,2.9677974327426613,3.9446719547197415,0.11986497536171752,0.034887723997279345,0.011293856724306316,on,connected,True,synthetic_device_spec_v11
synthetic_customer_000,cabinet_000,2026-08-26 16:50:00+00:00,0,0,0,0,True,True,False,24.036001156183545,-47.602839287772554,2.9692261747476234,4.0828937432738055,0.022561276085283206,0.002224462223269444,0.018282203183094356,on,connected,True,synthetic_device_spec_v11
synthetic_customer_000,cabinet_000,2026-08-26 17:00:00+00:00,0,0,0,0,True,True,False,23.97018853084356,-50.13926164708471,2.992068153493679,3.95745700408918,0.0,0.0,0.0,on,connected,True,synthetic_device_spec_v11
synthetic_customer_000,cabinet_000,2026-08-26 17:10:00+00:00,0,0,0,0,True,True,False,24.04519478020206,-46.2883445789315,3.033847672004187,3.934458530540699,0.6011147743221174,0.010497428098602579,0.027661534458567213,on,connected,True,synthetic_device_spec_v11
synthetic_customer_000,cabinet_000,2026-08-26 17:20:00+00:00,0,0,0,0,True,True,False,23.85538698011752,-47.621057807381646,2.966991380943117,3.957791606526416,0.6081465230898696,0.0024008917685731084,0.00433746160838948,on,connected,True,synthetic_device_spec_v11
synthetic_customer_000,cabinet_000,2026-08-26 17:30:00+00:00,0,0,0,0,True,True,False,23.765781315213253,-46.71679932549726,2.9971223521063335,4.097961165217048,0.1353140735432746,0.02210456320307375,0.011498529714132438,on,connected,True,synthetic_device_spec_v11
synthetic_customer_000,cabinet_000,2026-08-26 17:40:00+00:00,0,0,0,0,True,True,False,24.033123703154764,-47.53192253285405,3.0046221158232216,3.8931330667663997,0.0,0.0,0.0,on,connected,True,synthetic_device_spec_v11
synthetic_customer_000,cabinet_000,2026-08-26 17:50:00+00:00,0,0,0,0,True,True,False,23.966477136659996,-46.56422035905538,3.000551131466365,4.003782525538003,0.0,0.0,0.012639102078083178,on,connected,True,synthetic_device_spec_v11
synthetic_customer_000,cabinet_000,2026-08-26 18:00:00+00:00,0,0,0,0,True,True,False,24.01993045901535,-49.05699060478891,3.0177474378862463,3.9412419776138172,0.6128688096533395,0.05405663957420037,0.01569161114414669,on,connected,True,synthetic_device_spec_v11
synthetic_customer_000,cabinet_000,2026-08-26 18:10:00+00:00,1,1,1,1,True,True,False,24.037392027189032,-47.86175800995192,3.0223006910903822,4.025909750666022,0.0,0.014971349044159364,0.0,on,connected,True,synthetic_device_spec_v11
synthetic_customer_000,cabinet_000,2026-08-26 18:20:00+00:00,1,1,1,1,True,True,False,24.13948803344616,-47.98949335976788,3.0469627837649815,3.9246929463855698,0.2374179640122821,0.002927671384547227,0.003425721404631404,on,connected,True,synthetic_device_spec_v11
synthetic_customer_000,cabinet_000,2026-08-26 18:30:00+00:00,1,1,1,1,True,True,False,23.99159387528419,-46.38722618109359,2.9901716174798474,3.9335705116697195,0.0,0.01365000159650584,0.005150347806686376,on,connected,True,synthetic_device_spec_v11
synthetic_customer_000,cabinet_000,2026-08-26 18:40:00+00:00,0,0,0,0,True,True,False,24.04431584587627,-48.17870544068353,2.9694914389904246,3.898718730218911,0.0,0.0,0.01633404450046504,on,connected,True,synthetic_device_spec_v11
synthetic_customer_000,cabinet_000,2026-08-26 18:50:00+00:00,0,0,0,0,True,True,False,23.877360326959792,-47.68228070202085,3.0932848467694254,4.005248500296438,0.6907721565538796,0.0,0.014185011042812478,on,connected,True,synthetic_device_spec_v11
synthetic_customer_000,cabinet_000,2026-08-26 19:00:00+00:00,0,0,0,0,True,True,False,23.9382200607231,-48.0195829829656,2.9962755162730335,4.028978115807222,0.0,0.007995442158608718,0.0,on,connected,True,synthetic_device_spec_v11
synthetic_customer_000,cabinet_000,2026-08-26 19:10:00+00:00,0,0,0,0,True,True,False,23.951881070871007,-48.72538146942947,2.960798458158181,3.961941584963343,0.0,0.0,0.0,on,connected,True,synthetic_device_spec_v11
synthetic_customer_000,cabinet_000,2026-08-26 19:20:00+00:00,0,0,0,0,True,True,False,23.931771691814742,-48.81160753913065,2.976698141790553,3.9121494546901654,0.9175189507753823,0.0,0.005149812495360135,on,connected,True,synthetic_device_spec_v11
synthetic_customer_000,cabinet_000,2026-08-26 19:30:00+00:00,0,0,0,0,True,True,False,23.906516085463817,-47.81792915548306,2.998590292592346,4.13887735949844,0.4836716839311018,0.013622567757294902,0.0,on,connected,True,synthetic_device_spec_v11
synthetic_customer_000,cabinet_000,2026-08-26 19:40:00+00:00,0,0,0,0,True,True,False,24.14802516207414,-48.9328266231856,2.976751932109525,3.944891762449766,0.40441403762992684,0.006022347365667435,0.0,on,connected,True,synthetic_device_spec_v11
synthetic_customer_000,cabinet_000,2026-08-26 19:50:00+00:00,0,0,0,0,True,True,False,24.014275708759374,-48.489859437422126,2.9962442886292444,4.048833652337832,0.0,0.023935198757651693,0.0,on,connected,True,synthetic_device_spec_v11
synthetic_customer_000,cabinet_000,2026-08-26 20:00:00+00:00,0,0,0,0,True,True,False,23.83453647539969,-47.83638733076547,2.9791694186709257,4.120486181566448,0.0,0.0,0.004184696425930937,on,connected,True,synthetic_device_spec_v11
synthetic_customer_000,cabinet_000,2026-08-26 20:10:00+00:00,0,0,0,0,True,True,False,23.79070823818688,-47.5904938170487,3.0040931971884755,3.8753365017426784,0.0,0.0,0.0,on,connected,True,synthetic_device_spec_v11
synthetic_customer_000,cabinet_000,2026-08-26 20:20:00+00:00,0,0,0,0,True,True,False,23.736786736085012,-49.06051170892187,2.9594276915917326,3.958412064369374,0.0,0.005666836393531461,0.0,on,connected,True,synthetic_device_spec_v11
synthetic_customer_000,cabinet_000,2026-08-26 20:30:00+00:00,0,0,0,0,True,True,False,23.94914773478287,-48.72074799614776,3.019665655583706,4.06619600579997,0.0,0.0,0.0,on,connected,True,synthetic_device_spec_v11
synthetic_customer_000,cabinet_000,2026-08-26 20:40:00+00:00,0,0,0,0,True,True,False,23.950180590576775,-47.65587687478351,3.00332576469817,4.008708079347211,0.31718507713468863,0.020742002096304942,0.0,on,connected,True,synthetic_device_spec_v11
synthetic_customer_000,cabinet_000,2026-08-26 20:50:00+00:00,0,0,0,0,True,True,False,24.18029750371112,-51.10570655692807,3.0283204374613732,3.978179190603881,0.8923503900908889,0.01770212588397371,0.0,on,connected,True,synthetic_device_spec_v11
synthetic_customer_000,cabinet_000,2026-08-26 21:00:00+00:00,0,0,0,0,True,True,False,24.02455090599611,-47.771392328401205,3.0019163594888765,4.022455962280921,0.0,0.0157033897268446,0.0,on,connected,True,synthetic_device_spec_v11
synthetic_customer_000,cabinet_000,2026-08-26 21:10:00+00:00,0,0,0,0,True,True,False,23.98116064657257,-48.74648719593794,2.996467250313547,4.008700681003936,1.0583782503119767,0.0,0.0,on,connected,True,synthetic_device_spec_v11
synthetic_customer_000,cabinet_000,2026-08-26 21:20:00+00:00,0,0,0,0,True,True,False,23.936824504455203,-47.52669068957034,2.9997044284699634,3.9820617157556186,0.0,0.06899065893272122,0.0,on,connected,True,synthetic_device_spec_v11
synthetic_customer_000,cabinet_000,2026-08-26 21:30:00+00:00,0,0,0,0,True,True,False,23.851555842057028,-46.94236556286005,3.0032207005506284,3.9486302602916763,0.3870221654918431,0.020345038246789435,0.0,on,connected,True,synthetic_device_spec_v11
synthetic_customer_000,cabinet_000,2026-08-26 21:40:00+00:00,0,0,0,0,True,True,False,24.02524039325071,-47.753418024542825,2.981965109727247,3.847397388135062,0.08935241050987307,0.005485078260794636,0.0,on,connected,True,synthetic_device_spec_v11
synthetic_customer_000,cabinet_000,2026-08-26 21:50:00+00:00,0,0,0,0,True,True,False,24.19416812220536,-49.16025597489232,3.0261524762415113,3.9906649646691443,0.0,0.006770892915100137,0.027349504139519785,on,connected,True,synthetic_device_spec_v11
synthetic_customer_000,cabinet_000,2026-08-26 22:00:00+00:00,0,0,0,0,True,True,False,23.919705986191254,-48.69003372218495,3.0363024090409394,3.9715491209738167,0.11035211095258125,0.05141623646779423,0.0,on,connected,True,synthetic_device_spec_v11
synthetic_customer_000,cabinet_000,2026-08-26 22:10:00+00:00,0,0,0,0,True,True,False,24.05742847904834,-47.81815084338169,2.98757345857387,3.9320467789560376,0.0,0.0,0.0,on,connected,True,synthetic_device_spec_v11
synthetic_customer_000,cabinet_000,2026-08-26 22:20:00+00:00,0,0,0,0,True,True,False,23.813832019898147,-47.4650632387756,2.9804164302915512,4.065422510024527,0.28391046264195474,0.005196518975271615,0.0,on,connected,True,synthetic_device_spec_v11
synthetic_customer_000,cabinet_000,2026-08-26 22:30:00+00:00,0,0,0,0,True,True,False,23.91995533555799,-49.008153978046174,3.006028223634989,4.092249489549499,0.0,0.0,0.0,on,connected,True,synthetic_device_spec_v11
synthetic_customer_000,cabinet_000,2026-08-26 22:40:00+00:00,0,0,0,0,True,True,False,24.045907769571457,-47.99161772293865,3.0062981568428055,3.9180803474103243,0.9532189817847758,0.0,0.0,on,connected,True,synthetic_device_spec_v11
synthetic_customer_000,cabinet_000,2026-08-26 22:50:00+00:00,0,0,0,0,True,True,False,23.797630288502937,-47.39897787755144,2.9853908869964876,4.010576638790385,0.0,0.002110578476685262,0.0,on,connected,True,synthetic_device_spec_v11
synthetic_customer_000,cabinet_000,2026-08-26 23:00:00+00:00,0,0,0,0,True,True,False,24.13313994173746,-46.5880948026344,2.952289496911848,4.027811012278715,0.0,0.0,0.0,on,connected,True,synthetic_device_spec_v11
synthetic_customer_000,cabinet_000,2026-08-26 23:10:00+00:00,0,0,0,0,True,True,False,23.82305726349148,-46.37485636238232,3.0236904312474175,4.065498774581139,0.0,0.0,0.031375336001725124,on,connected,True,synthetic_device_spec_v11
synthetic_customer_000,cabinet_000,2026-08-26 23:20:00+00:00,0,0,0,0,True,True,False,24.053934343328642,-47.36055223124531,3.0169877318290736,4.06769925366503,0.17688514304284036,0.01888409701504179,0.009759799999044964,on,connected,True,synthetic_device_spec_v11
synthetic_customer_000,cabinet_000,2026-08-26 23:30:00+00:00,0,0,0,0,True,True,False,23.966228477768578,-49.246256467227845,3.014949403098504,3.946349296741561,0.8744723393120885,0.006345936854793745,0.016552867702151506,on,connected,True,synthetic_device_spec_v11
synthetic_customer_000,cabinet_000,2026-08-26 23:40:00+00:00,0,0,0,0,True,True,False,24.093586100810747,-48.55876041792549,2.964457061945405,4.09722546501132,0.0,0.025895689144109692,0.0143718219409504,on,connected,True,synthetic_device_spec_v11
synthetic_customer_000,cabinet_000,2026-08-26 23:50:00+00:00,0,0,0,0,True,True,False,23.953178120788294,-47.973698003582626,2.9581816191611794,3.920726395156668,0.0,0.006506439503021215,0.0,on,connected,True,synthetic_device_spec_v11
synthetic_customer_000,cabinet_000,2026-08-27 00:00:00+00:00,0,0,0,0,True,True,False,23.752197774993448,-47.37688403042502,2.9144289697043413,4.042791541088801,0.0,0.05127457260944223,0.03768498250023698,on,connected,True,synthetic_device_spec_v11
synthetic_customer_000,cabinet_000,2026-08-27 00:10:00+00:00,1,1,1,1,True,True,False,24.173771742823412,-48.45878345561407,2.993831074722995,3.9557855083719966,0.0,0.004280379281571868,0.010955024324573643,on,connected,True,synthetic_device_spec_v11
synthetic_customer_000,cabinet_000,2026-08-27 00:20:00+00:00,1,1,1,1,True,True,False,23.758131283214887,-48.334798495129284,3.03473272602291,4.011648244838882,0.0,0.006235380688828479,0.025088372256198775,on,connected,True,synthetic_device_spec_v11
synthetic_customer_000,cabinet_000,2026-08-27 00:30:00+00:00,1,1,1,1,True,True,False,23.995842507971954,-47.86304023562523,2.9544516579195026,4.050656279867108,0.6786855827253808,0.013407061888685033,0.023039121769030786,on,connected,True,synthetic_device_spec_v11
synthetic_customer_000,cabinet_000,2026-08-27 00:40:00+00:00,0,0,0,0,True,True,False,23.941996056229346,-46.80405824961651,2.946603719468453,4.022136955221139,0.35207189709932873,0.0024387201021852435,0.016928314833819454,on,connected,True,synthetic_device_spec_v11
synthetic_customer_000,cabinet_000,2026-08-27 00:50:00+00:00,0,0,0,0,True,True,False,24.003479041959917,-46.92914611731722,3.06197497020713,3.9835969993768168,0.250277481579763,0.029394747810611844,0.0,on,connected,True,synthetic_device_spec_v11
synthetic_customer_000,cabinet_000,2026-08-27 01:00:00+00:00,0,0,0,0,True,True,False,23.980156942363084,-48.60738851452158,3.0867478346882553,4.088111375094608,0.0,0.0,0.0,on,connected,True,synthetic_device_spec_v11
synthetic_customer_000,cabinet_000,2026-08-27 01:10:00+00:00,0,0,0,0,True,True,False,24.057317747744385,-50.51264668764681,3.0035248358387463,4.052591319212855,0.42564048321917713,0.01609742922554835,0.0,on,connected,True,synthetic_device_spec_v11
synthetic_customer_000,cabinet_000,2026-08-27 01:20:00+00:00,0,0,0,0,True,True,False,23.974835310910393,-48.3698497784254,3.035395190197182,3.9841539193508617,0.0,0.0,0.012744990757024895,on,connected,True,synthetic_device_spec_v11
synthetic_customer_000,cabinet_000,2026-08-27 01:30:00+00:00,0,0,0,0,True,True,False,23.920697654687146,-49.98324016982994,3.0071647564003094,4.074107410725319,0.0,0.0,0.0,on,connected,True,synthetic_device_spec_v11
synthetic_customer_000,cabinet_000,2026-08-27 01:40:00+00:00,0,0,0,0,True,True,False,24.05302360346133,-47.617018862940675,3.042889502086628,3.978851100309844,0.5624208344594364,0.0,0.02382838210087674,on,connected,True,synthetic_device_spec_v11
synthetic_customer_000,cabinet_000,2026-08-27 01:50:00+00:00,0,0,0,0,True,True,False,24.078995037132984,-48.672191060747906,2.9564328573357908,4.002043954129341,0.14709264657619095,0.0,0.0,on,connected,True,synthetic_device_spec_v11
synthetic_customer_000,cabinet_000,2026-08-27 02:00:00+00:00,0,0,0,0,True,True,False,23.95621106558582,-47.78238571949054,2.979148574290311,4.1228005067694795,0.10671204103473127,0.021379733338769177,0.006652012872371006,on,connected,True,synthetic_device_spec_v11
synthetic_customer_000,cabinet_000,2026-08-27 02:10:00+00:00,0,0,0,0,True,True,False,24.154492672791726,-46.999806132466205,3.023330246411673,3.9785753962941874,0.1293596297443995,0.006118171652158605,0.003761244802211272,on,connected,True,synthetic_device_spec_v11
synthetic_customer_000,cabinet_000,2026-08-27 02:20:00+00:00,0,0,0,0,True,True,False,24.037411230848633,-47.794533346046265,2.9493358728099532,3.9447801674901415,0.0,0.0027316932862967683,0.008597351437300654,on,connected,True,synthetic_device_spec_v11
synthetic_customer_000,cabinet_000,2026-08-27 02:30:00+00:00,0,0,0,0,True,True,False,24.007037610068593,-45.82622804741012,2.9694843638562416,4.039666769061234,0.33045682181966807,0.0,0.0,on,connected,True,synthetic_device_spec_v11
synthetic_customer_000,cabinet_000,2026-08-27 02:40:00+00:00,0,0,0,0,True,True,False,23.88686456990253,-47.20501824225401,3.063017003516287,4.013797661419627,0.006063619607453702,0.0,0.0,on,connected,True,synthetic_device_spec_v11
synthetic_customer_000,cabinet_000,2026-08-27 02:50:00+00:00,0,0,0,0,True,True,False,23.81245340851126,-49.43631208046506,2.946013707730607,4.054234203382014,0.0,0.013387137679628198,0.01962058449146132,on,connected,True,synthetic_device_spec_v11
synthetic_customer_000,cabinet_000,2026-08-27 03:00:00+00:00,0,0,0,0,True,True,False,23.880235231579373,-47.670234168678185,2.933559286733788,3.9975737610853326,0.0,0.007139737823068898,0.0,on,connected,True,synthetic_device_spec_v11
synthetic_customer_000,cabinet_000,2026-08-27 03:10:00+00:00,0,0,0,0,True,True,False,24.09515957271526,-47.138696649231754,2.9636532987643633,4.067357032397949,0.6606325683403577,0.0,0.013661612260521537,on,connected,True,synthetic_device_spec_v11
synthetic_customer_000,cabinet_000,2026-08-27 03:20:00+00:00,0,0,0,0,True,True,False,24.211056931591205,-47.86062327742163,2.9999994085715165,3.9720600178426553,0.11244041739851823,0.0,0.00138942722987373,on,connected,True,synthetic_device_spec_v11
synthetic_customer_000,cabinet_000,2026-08-27 03:30:00+00:00,0,0,0,0,True,True,False,24.05964288850677,-47.45085055351132,2.941353540943448,3.9930456931551337,0.08089870976046774,0.012273227473955487,0.006762305558860078,on,connected,True,synthetic_device_spec_v11
synthetic_customer_000,cabinet_000,2026-08-27 03:40:00+00:00,0,0,0,0,True,True,False,24.181457595832878,-48.94966802477162,2.9604594956833457,4.040443863169838,0.3409233393131632,0.0,0.0,on,connected,True,synthetic_device_spec_v11
synthetic_customer_000,cabinet_000,2026-08-27 03:50:00+00:00,0,0,0,0,True,True,False,23.80993829265789,-48.95983229818847,3.049820708637908,4.025024150115689,0.0,0.0,0.007811697189088304,on,connected,True,synthetic_device_spec_v11
synthetic_customer_000,cabinet_000,2026-08-27 04:00:00+00:00,0,0,0,0,True,True,False,23.961399652669073,-47.812061688360814,2.994828238821308,4.01668231034441,0.0,0.0,0.0,on,connected,True,synthetic_device_spec_v11
synthetic_customer_000,cabinet_000,2026-08-27 04:10:00+00:00,0,0,0,0,True,True,False,24.116304594134576,-46.749858608453,3.0707192251871636,4.038285395592185,0.1397605396014041,0.0,0.003960561928731127,on,connected,True,synthetic_device_spec_v11
synthetic_customer_000,cabinet_000,2026-08-27 04:20:00+00:00,0,0,0,0,True,True,False,24.13242233162851,-48.50302221937519,3.0505720830141123,4.086352874715873,0.6814335041915344,0.011396249339583088,0.0,on,connected,True,synthetic_device_spec_v11
synthetic_customer_000,cabinet_000,2026-08-27 04:30:00+00:00,0,0,0,0,True,True,False,23.99084015133807,-47.15582497915868,2.9786884554596975,3.9356592914646322,0.9338162160504709,0.034343121119044306,0.002072639804695327,on,connected,True,synthetic_device_spec_v11
synthetic_customer_000,cabinet_000,2026-08-27 04:40:00+00:00,0,0,0,0,True,True,False,23.96490403157962,-45.44510649694558,2.955177927167615,4.025681395952145,0.7237826425830498,0.0,0.008454891783095827,on,connected,True,synthetic_device_spec_v11
synthetic_customer_000,cabinet_000,2026-08-27 04:50:00+00:00,0,0,0,0,True,True,False,23.973437158267256,-47.11133519733452,3.0492085792888823,4.028746253704994,0.0,0.054251999916277674,0.03310842140752703,on,connected,True,synthetic_device_spec_v11
synthetic_customer_000,cabinet_000,2026-08-27 05:00:00+00:00,0,0,0,0,True,True,False,24.108398582523794,-47.78859526932516,3.0419050791643243,4.125659559572071,0.0,0.0,0.01067128129855595,on,connected,True,synthetic_device_spec_v11
synthetic_customer_000,cabinet_000,2026-08-27 05:10:00+00:00,0,0,0,0,True,True,False,23.980908039835665,-47.745699253578636,3.031336056160653,4.316980551635307,0.0,0.02408494093609667,0.04020827804844536,on,connected,True,synthetic_device_spec_v11
synthetic_customer_000,cabinet_000,2026-08-27 05:20:00+00:00,0,0,0,0,True,True,False,23.858895219370446,-47.812082004924235,3.0136218060104896,4.412463574526184,0.3404634135155337,0.0,0.060319625440122496,on,connected,True,synthetic_device_spec_v11
synthetic_customer_000,cabinet_000,2026-08-27 05:30:00+00:00,0,0,0,0,True,True,False,23.97334105454794,-48.72722435686861,2.9756102231673065,4.6183928193023975,0.0,0.0,0.09453165273103567,on,connected,True,synthetic_device_spec_v11
synthetic_customer_000,cabinet_000,2026-08-27 05:40:00+00:00,0,0,0,0,True,True,False,24.05172121926882,-48.952790452580444,2.9942986930510984,4.815137238963225,0.0,0.0,0.12137087751943434,on,connected,True,synthetic_device_spec_v11
synthetic_customer_000,cabinet_000,2026-08-27 05:50:00+00:00,0,0,0,0,True,True,False,24.14865316119801,-47.45184240985222,3.0412927475265663,5.02081923052517,0.037605397519132194,0.054811642819590604,0.12702603203591545,on,connected,True,synthetic_device_spec_v11
synthetic_customer_000,cabinet_000,2026-08-27 06:00:00+00:00,0,0,0,0,True,True,False,24.027145301372613,-48.30037036548592,2.9883539088629347,5.090249803838677,0.4037959213264696,0.00212058397802777,0.13334623931203654,on,connected,True,synthetic_device_spec_v11
synthetic_customer_000,cabinet_000,2026-08-27 06:10:00+00:00,1,1,1,1,True,True,False,24.102835439598685,-49.454079426441,2.9741643355419347,5.13563691070982,0.0,0.0,0.16381546625193238,on,connected,True,synthetic_device_spec_v11
synthetic_customer_000,cabinet_000,2026-08-27 06:20:00+00:00,1,1,1,1,True,True,False,23.91664656363128,-47.616193581375136,3.0096964476407444,5.457186594823724,0.0,0.0,0.14651939272074105,on,connected,True,synthetic_device_spec_v11
synthetic_customer_000,cabinet_000,2026-08-27 06:30:00+00:00,1,1,1,1,True,True,False,23.930365406657103,-50.00331840959261,2.9756037063879375,5.606642035481802,1.02863182515819,0.0,0.23056544343747115,on,connected,True,synthetic_device_spec_v11
synthetic_customer_000,cabinet_000,2026-08-27 06:40:00+00:00,0,0,0,0,True,True,False,23.88336935186321,-49.90918216976002,2.978460971218844,5.642249416201074,0.0,0.0,0.2183151537371112,on,connected,True,synthetic_device_spec_v11
synthetic_customer_000,cabinet_000,2026-08-27 06:50:00+00:00,0,0,0,0,True,True,False,24.02598639587202,-48.76978179367087,2.9695700758464354,5.94167184647165,0.7763066084014327,0.020047943976864234,0.23357873643385854,on,connected,True,synthetic_device_spec_v11
synthetic_customer_000,cabinet_000,2026-08-27 07:00:00+00:00,0,0,0,0,True,True,False,23.951574267164116,-45.332210174129266,3.0130680438164616,6.109404499270098,0.0,0.0,0.251838546763795,on,connected,True,synthetic_device_spec_v11
synthetic_customer_000,cabinet_000,2026-08-27 07:10:00+00:00,0,0,0,0,True,True,False,23.87972194324318,-47.452379421078945,2.983030530255653,6.219007968074681,0.10921141992752464,0.013905922582557687,0.2614624680333388,on,connected,True,synthetic_device_spec_v11
synthetic_customer_000,cabinet_000,2026-08-27 07:20:00+00:00,0,0,0,0,True,True,False,23.769458766104076,-49.38717801977825,3.0095354961901735,6.301911654762921,0.0,0.0017816706221531421,0.32414615939357866,on,connected,True,synthetic_device_spec_v11
synthetic_customer_000,cabinet_000,2026-08-27 07:30:00+00:00,0,0,0,0,True,True,False,24.05567300033601,-48.184048201938225,3.0472798995814765,6.517923275415418,0.0,0.0,0.3350901835295764,on,connected,True,synthetic_device_spec_v11
synthetic_customer_000,cabinet_000,2026-08-27 07:40:00+00:00,0,0,0,0,True,True,False,23.885754457847035,-48.41182563507292,3.013904617530482,6.8005185558296475,0.0,0.0,0.3635763962055734,on,connected,True,synthetic_device_spec_v11
synthetic_customer_000,cabinet_000,2026-08-27 07:50:00+00:00,0,0,0,0,True,True,False,23.907117792110014,-48.10485402843955,3.0504788963104863,6.725339380367402,0.0,0.0,0.3784297225966365,on,connected,True,synthetic_device_spec_v11
synthetic_customer_000,cabinet_000,2026-08-27 08:00:00+00:00,0,0,0,0,True,True,False,24.10404503505102,-46.89263322545078,2.9468880338860175,7.108790046038399,0.30994534934044715,0.007234357100040734,0.3896504126189195,on,connected,True,synthetic_device_spec_v11
synthetic_customer_000,cabinet_000,2026-08-27 08:10:00+00:00,0,0,0,0,True,True,False,24.039428137568304,-48.85545424260568,2.9914199071871526,6.934582285192083,0.20992278919946428,0.012244422891688962,0.4213632627226704,on,connected,True,synthetic_device_spec_v11
synthetic_customer_000,cabinet_000,2026-08-27 08:20:00+00:00,0,0,0,0,True,True,False,23.6983589000328,-47.3101500186836,3.0103924291588493,6.995890089928817,0.23997089701034494,0.0,0.4218597064721249,on,connected,True,synthetic_device_spec_v11
synthetic_customer_000,cabinet_000,2026-08-27 08:30:00+00:00,0,0,0,0,True,True,False,24.18324562987697,-48.463667528215396,3.0098947120520028,6.92537936280185,0.0,0.0,0.40172752132598016,on,connected,True,synthetic_device_spec_v11
synthetic_customer_000,cabinet_000,2026-08-27 08:40:00+00:00,0,0,0,0,True,True,False,23.99644355249538,-48.64378583503805,3.015676052976212,6.956122909520818,0.0,0.0,0.4274662345048674,on,connected,True,synthetic_device_spec_v11
synthetic_customer_000,cabinet_000,2026-08-27 08:50:00+00:00,0,0,0,0,True,True,False,23.88407303451307,-48.14227411396764,2.988550113866589,7.042773748636144,0.0,0.016707129213892283,0.4123313239715267,on,connected,True,synthetic_device_spec_v11
synthetic_customer_000,cabinet_000,2026-08-27 09:00:00+00:00,0,0,0,0,True,True,False,24.1121569194114,-48.07147461263762,3.0064730756516296,3.9346576963400435,0.3298789389948237,0.0,0.0,on,connected,True,synthetic_device_spec_v11
synthetic_customer_000,cabinet_000,2026-08-27 09:10:00+00:00,0,0,0,0,True,True,False,23.95799486786755,-48.16833335614072,2.9781535484380517,4.017728573876496,0.20013105966328104,0.011439238604777016,0.0,on,connected,True,synthetic_device_spec_v11
synthetic_customer_000,cabinet_000,2026-08-27 09:20:00+00:00,0,0,0,0,True,True,False,23.926539896239674,-47.89380569331897,3.0685402023164112,4.059702455460534,0.0,0.0003645988523091419,0.028430889999371343,on,connected,True,synthetic_device_spec_v11
synthetic_customer_000,cabinet_000,2026-08-27 09:30:00+00:00,0,0,0,0,True,True,False,24.163618679204664,-49.27703682988613,3.04822146763775,3.9918473393278493,0.0,0.0013789099928168125,0.036907766460317265,on,connected,True,synthetic_device_spec_v11
synthetic_customer_000,cabinet_000,2026-08-27 09:40:00+00:00,0,0,0,0,True,True,False,23.862515999346137,-47.7517898754979,3.0250060576387394,3.989627877641231,0.9783091912431987,0.0,0.0,on,connected,True,synthetic_device_spec_v11
synthetic_customer_000,cabinet_000,2026-08-27 09:50:00+00:00,0,0,0,0,True,True,False,23.76047964815474,-47.35552009182034,2.963507192380346,3.9951516248420402,0.2834394938373675,0.0,0.0008906988354746433,on,connected,True,synthetic_device_spec_v11
synthetic_customer_000,cabinet_000,2026-08-27 10:00:00+00:00,0,0,0,0,True,True,False,24.13920831082126,-46.346425425269196,2.979027836263126,3.9145580690831854,1.753041853232222,0.003230451302595223,0.010627396740867804,on,connected,True,synthetic_device_spec_v11
synthetic_customer_000,cabinet_000,2026-08-27 10:10:00+00:00,0,0,0,0,True,True,False,23.734360699480472,-48.1605696370147,2.975825829369219,4.0181860099808535,0.8770214061861115,0.0,0.0,on,connected,True,synthetic_device_spec_v11
synthetic_customer_000,cabinet_000,2026-08-27 10:20:00+00:00,0,0,0,0,True,True,False,23.9421437705149,-45.66496748136285,2.9710184123049643,3.891390854028019,0.0,0.0,0.022236960945344875,on,connected,True,synthetic_device_spec_v11
synthetic_customer_000,cabinet_000,2026-08-27 10:30:00+00:00,0,0,0,0,True,True,False,23.93383434249401,-47.567496127110864,3.001174678388936,4.047738051212446,0.29168232832962215,0.0,0.0,on,connected,True,synthetic_device_spec_v11
synthetic_customer_000,cabinet_000,2026-08-27 10:40:00+00:00,0,0,0,0,True,True,False,24.049000975670534,-49.030413541750086,3.014421945125672,4.00465268323176,0.24935141053492102,0.0,0.0,on,connected,True,synthetic_device_spec_v11
synthetic_customer_000,cabinet_000,2026-08-27 10:50:00+00:00,0,0,0,0,True,True,False,24.016611814852823,-46.244256293083716,2.887469231151922,3.965736980604234,0.4591599030197281,0.009166999972045193,0.0,on,connected,True,synthetic_device_spec_v11
synthetic_customer_000,cabinet_000,2026-08-27 11:00:00+00:00,0,0,0,0,True,True,False,23.82703287405794,-48.07693290059448,2.846517905012944,3.909009762632044,0.0,0.029548726842761566,0.0,on,connected,True,synthetic_device_spec_v11
synthetic_customer_000,cabinet_000,2026-08-27 11:10:00+00:00,0,0,0,0,True,True,False,23.21539972627606,-47.94242908340325,2.7940645919022917,4.054815602738025,0.0,0.043996520846117944,0.0,on,connected,True,synthetic_device_spec_v11
synthetic_customer_000,cabinet_000,2026-08-27 11:20:00+00:00,0,0,0,0,True,True,False,22.67058662832315,-48.255717023987074,2.7618322939997575,3.979121269737668,0.5257895094634384,0.025999610157346843,0.0,on,connected,True,synthetic_device_spec_v11
synthetic_customer_000,cabinet_000,2026-08-27 11:30:00+00:00,0,0,0,0,True,True,False,22.122545516230794,-49.579769640772284,2.6251012469991295,3.985694029626799,0.0,0.008078747187910587,0.0031000720946629924,on,connected,True,synthetic_device_spec_v11
synthetic_customer_000,cabinet_000,2026-08-27 11:40:00+00:00,0,0,0,0,True,True,False,21.40970530238982,-48.38304707523067,2.6376889279974227,4.085661794537956,0.0,0.0,0.003491590219697211,on,connected,True,synthetic_device_spec_v11
synthetic_customer_000,cabinet_000,2026-08-27 11:50:00+00:00,0,0,0,0,True,True,False,21.118609326727924,-48.43819564092262,2.614153779627077,4.04236597352728,0.0,0.012948434235790377,0.022275267305769474,on,connected,True,synthetic_device_spec_v11
synthetic_customer_000,cabinet_000,2026-08-27 12:00:00+00:00,0,0,0,0,True,True,False,20.15831528904811,-49.78150023680282,2.5400901513667713,3.997280799743626,0.731722479616449,0.0,0.0,on,connected,True,synthetic_device_spec_v11
synthetic_customer_000,cabinet_000,2026-08-27 12:10:00+00:00,1,1,1,1,True,True,False,19.727433535369986,-47.74121733261243,2.5257622951709395,3.9609393120767162,0.05027302671449121,0.0,0.01360383999474323,on,connected,True,synthetic_device_spec_v11
synthetic_customer_000,cabinet_000,2026-08-27 12:20:00+00:00,1,1,1,1,True,True,False,19.189228714888884,-48.83022725763802,2.501281103583128,4.012183911255776,0.0,0.0,0.0,on,connected,True,synthetic_device_spec_v11
synthetic_customer_000,cabinet_000,2026-08-27 12:30:00+00:00,1,1,1,1,True,True,False,18.73480299530252,-48.545717662714715,2.401987711513897,3.984066512851926,0.417755546627952,0.0,0.003607991191784551,on,connected,True,synthetic_device_spec_v11
synthetic_customer_000,cabinet_000,2026-08-27 13:30:00+00:00,0,0,0,0,True,True,False,23.966308549178418,-48.22698979005596,2.2091479919015673,3.974724471155455,12.984563472623481,0.01569532293869487,0.009500641749662055,on,connected,True,synthetic_device_spec_v11
synthetic_customer_000,cabinet_000,2026-08-27 13:40:00+00:00,0,0,0,0,True,True,False,23.844681043365615,-48.161439527160105,2.203104649728089,3.9685284454569603,15.977469756221115,0.0,0.0,on,connected,True,synthetic_device_spec_v11
synthetic_customer_000,cabinet_000,2026-08-27 13:50:00+00:00,0,0,0,0,True,True,False,23.807680195672297,-48.925126762112065,2.1622593599451885,4.040078609985421,17.29092820238713,0.00326312431053488,0.0,on,connected,True,synthetic_device_spec_v11
synthetic_customer_000,cabinet_000,2026-08-27 14:00:00+00:00,0,0,0,0,True,True,False,23.68292018941744,-48.230447851967035,2.188504305414631,4.063023659145989,18.541053545080413,0.0,0.01927240306968519,on,connected,True,synthetic_device_spec_v11
synthetic_customer_000,cabinet_000,2026-08-27 14:10:00+00:00,0,0,0,0,True,True,False,24.05012746998295,-50.033675498893054,2.2420080016989083,4.015662536863903,21.23416738057021,0.03163231417743222,0.0,on,connected,True,synthetic_device_spec_v11
synthetic_customer_000,cabinet_000,2026-08-27 14:20:00+00:00,0,0,0,0,True,True,False,24.073401788371775,-48.27924511737091,2.956209170147526,4.087915000431297,22.623104558304895,0.0,0.00968481504496261,on,connected,True,synthetic_device_spec_v11
synthetic_customer_000,cabinet_000,2026-08-27 14:30:00+00:00,0,0,0,0,True,True,False,24.02020049301784,-48.70247822985092,2.9305135143982146,3.9956706429768016,24.503823090082484,0.01726744226924317,0.0101046855399836,on,connected,True,synthetic_device_spec_v11
synthetic_customer_000,cabinet_000,2026-08-27 14:40:00+00:00,0,0,0,0,True,True,False,23.904743178749385,-44.11600101753933,3.026180184825259,4.076379871676947,25.826198711615394,0.03811697102597711,0.0,on,connected,True,synthetic_device_spec_v11
synthetic_customer_000,cabinet_000,2026-08-27 14:50:00+00:00,0,0,0,0,True,True,False,23.984713808433163,-49.03966572067817,3.043953117082285,4.096603463944691,23.83229449238571,0.02706184273415272,0.059644755028442735,on,connected,True,synthetic_device_spec_v11
synthetic_customer_000,cabinet_000,2026-08-27 15:00:00+00:00,0,0,0,0,True,True,False,24.090117593284972,-48.27161876081344,2.9208785977939997,4.000259790219854,24.678498733287224,0.0,0.011715733583623699,on,connected,True,synthetic_device_spec_v11
synthetic_customer_000,cabinet_000,2026-08-27 15:10:00+00:00,0,0,0,0,True,True,False,23.713960168034212,-47.68348929760405,2.992712697586263,3.9856699646378515,24.110122792858718,0.0,0.004283694237197696,on,connected,True,synthetic_device_spec_v11
synthetic_customer_000,cabinet_000,2026-08-27 15:20:00+00:00,0,0,0,0,True,True,False,24.03724455252271,-46.88483534990264,2.9539793988993956,3.9305153102643366,24.914251303924512,0.0,0.0,on,connected,True,synthetic_device_spec_v11
synthetic_customer_000,cabinet_000,2026-08-27 15:30:00+00:00,0,0,0,0,True,True,False,23.967745292331706,-48.0792738828641,3.012010858015188,4.020128663809929,24.751935232859612,0.0,0.0,on,connected,True,synthetic_device_spec_v11
synthetic_customer_000,cabinet_000,2026-08-27 15:40:00+00:00,0,0,0,0,True,True,False,24.15080691327524,-48.54415473125727,3.0462467344105906,3.993144597491181,0.0,0.0,0.0,on,connected,True,synthetic_device_spec_v11
synthetic_customer_000,cabinet_000,2026-08-27 15:50:00+00:00,0,0,0,0,True,True,False,23.96878780864578,-47.088672111169586,3.0499390077223123,3.977442989247236,0.0,0.0,0.011446537911218068,on,connected,True,synthetic_device_spec_v11
synthetic_customer_000,cabinet_000,2026-08-27 16:00:00+00:00,0,0,0,0,True,True,False,24.121046514382435,-47.841857054330504,2.986317114092237,4.055714631380322,0.20379794422191364,0.0,0.01041232349304217,on,connected,True,synthetic_device_spec_v11
synthetic_customer_000,cabinet_000,2026-08-27 16:10:00+00:00,0,0,0,0,True,True,False,24.0573278447965,-48.1440355881706,2.9767445436611832,4.072818584383014,0.09935809597868146,0.0,0.003147309287859216,on,connected,True,synthetic_device_spec_v11
synthetic_customer_000,cabinet_000,2026-08-27 16:20:00+00:00,0,0,0,0,True,True,False,23.886386481202276,-47.72276577754373,3.0383443609705565,4.026425041438549,0.015847530888619326,0.0,0.0,on,connected,True,synthetic_device_spec_v11
synthetic_customer_000,cabinet_000,2026-08-27 16:30:00+00:00,0,0,0,0,True,True,False,24.072068889584745,-46.90320027348074,2.9494491430451206,3.951303613042339,0.0,0.015296365774039925,0.0,on,connected,True,synthetic_device_spec_v11
synthetic_customer_000,cabinet_000,2026-08-27 16:40:00+00:00,0,0,0,0,True,True,False,24.065931073053928,-47.85556952166472,2.943662823768572,3.943115444160009,1.3195180547586207,0.0,0.0010341583083952454,on,connected,True,synthetic_device_spec_v11
synthetic_customer_000,cabinet_000,2026-08-27 16:50:00+00:00,0,0,0,0,True,True,False,24.048542380566477,-48.99129147357672,2.948022654275082,3.979094740713341,0.0,0.017942791628113363,0.009681963945213376,on,connected,True,synthetic_device_spec_v11
synthetic_customer_000,cabinet_000,2026-08-27 17:00:00+00:00,0,0,0,0,True,True,False,23.928898612980163,-47.76927725771241,2.707139810188192,3.994841609558115,0.34446932143044257,0.015467117172589369,0.008645254247317302,on,connected,True,synthetic_device_spec_v11
synthetic_customer_000,cabinet_000,2026-08-27 17:10:00+00:00,0,0,0,0,True,True,False,23.95306957624229,-49.435036945913055,2.5706778467984774,3.942684013632345,0.777652828080867,0.0,0.0,on,connected,True,synthetic_device_spec_v11
synthetic_customer_000,cabinet_000,2026-08-27 17:20:00+00:00,0,0,0,0,True,True,False,23.98336914888855,-48.191738707676706,2.3840987144979833,3.943299121713713,0.5563534570807289,0.03885495068662892,0.0,on,connected,True,synthetic_device_spec_v11
synthetic_customer_000,cabinet_000,2026-08-27 17:30:00+00:00,0,0,0,0,True,True,False,23.99682101987472,-47.275371039442064,2.208837877751969,4.006414433109576,0.6587320656944862,0.0,0.001639982912206351,on,connected,True,synthetic_device_spec_v11
synthetic_customer_000,cabinet_000,2026-08-27 17:40:00+00:00,0,0,0,0,True,True,False,23.907241075205174,-48.96022421281151,2.0634272281061854,4.0103281274538976,0.0,0.01131341274183115,0.0,on,connected,True,synthetic_device_spec_v11
synthetic_customer_000,cabinet_000,2026-08-27 17:50:00+00:00,0,0,0,0,True,True,False,23.845819001501482,-51.25231721157681,1.8850790384625582,4.042982757807112,0.0,0.02956071039181454,0.0,on,connected,True,synthetic_device_spec_v11
synthetic_customer_000,cabinet_000,2026-08-27 18:00:00+00:00,0,0,0,0,True,True,False,23.80285658890639,-45.84850188140325,1.7181807408129521,4.002733277135461,0.0,0.0,0.005593036063176479,on,connected,True,synthetic_device_spec_v11
synthetic_customer_000,cabinet_000,2026-08-27 18:10:00+00:00,1,1,1,1,True,True,False,23.85238879297721,-48.13270385132421,1.4721712673483296,4.004911959744684,0.14104804166462093,0.0028103761336909436,0.000659333843401089,on,connected,True,synthetic_device_spec_v11
synthetic_customer_000,cabinet_000,2026-08-27 18:20:00+00:00,1,1,1,1,True,True,False,24.013067706726282,-47.659039799557455,1.3387231501758852,3.943040352623641,1.110440615639176,0.0,0.022019510171701367,on,connected,True,synthetic_device_spec_v11
synthetic_customer_000,cabinet_000,2026-08-27 18:30:00+00:00,1,1,1,1,True,True,False,24.1112912746062,-47.28577660126269,1.1500234183963738,3.9335149209715965,0.015350392739718648,0.027477661686745664,0.019140389011471186,on,connected,True,synthetic_device_spec_v11
synthetic_customer_000,cabinet_000,2026-08-27 18:40:00+00:00,0,0,0,0,True,True,False,24.032745770705585,-49.271272901609166,1.0096758533470205,3.93596290554966,0.0,0.012786306726928143,0.019931210508326636,on,connected,True,synthetic_device_spec_v11
synthetic_customer_000,cabinet_000,2026-08-27 18:50:00+00:00,0,0,0,0,True,True,False,24.050269714653265,-47.44635297629417,1.059074993770699,4.04568067880959,0.6517001603263167,0.02290440994851582,0.0,on,connected,True,synthetic_device_spec_v11
synthetic_customer_000,cabinet_000,2026-08-27 19:00:00+00:00,0,0,0,0,True,True,False,24.13035127251687,-47.867652344132985,0.9530570763227546,3.9109055580218297,0.0,0.0,0.0,on,connected,True,synthetic_device_spec_v11
synthetic_customer_000,cabinet_000,2026-08-27 19:10:00+00:00,0,0,0,0,True,True,False,23.91436454444824,-49.316962978730466,1.0550139736785153,3.9905857632995736,0.39692388183788596,0.008007727989090217,0.02163337097396382,on,connected,True,synthetic_device_spec_v11
synthetic_customer_000,cabinet_000,2026-08-27 19:20:00+00:00,0,0,0,0,True,True,False,23.963703705300112,-45.74898799542849,0.992125800675458,4.031868928042463,0.12552684609582257,0.0,0.0,on,connected,True,synthetic_device_spec_v11
synthetic_customer_000,cabinet_000,2026-08-27 19:30:00+00:00,0,0,0,0,True,True,False,23.90386716932605,-48.09488906987257,0.9526104540565052,3.964279448057357,0.0,0.0030160346209566246,0.04446258187603086,on,connected,True,synthetic_device_spec_v11
synthetic_customer_000,cabinet_000,2026-08-27 19:40:00+00:00,0,0,0,0,True,True,False,24.18719298204796,-47.56489534040433,2.9511994224616127,3.9550394979369,0.0,0.0,0.0,on,connected,True,synthetic_device_spec_v11
synthetic_customer_000,cabinet_000,2026-08-27 19:50:00+00:00,0,0,0,0,True,True,False,23.983244979077753,-48.7514473816407,2.954845797894045,4.0208862450381035,0.0,0.0,0.025718873966711894,on,connected,True,synthetic_device_spec_v11
synthetic_customer_000,cabinet_000,2026-08-27 20:00:00+00:00,0,0,0,0,True,True,False,24.06888278516906,-48.111063733719675,2.9805201467011297,3.930096636550367,0.2048113183214202,0.0,0.00042921801647970663,on,connected,True,synthetic_device_spec_v11
synthetic_customer_000,cabinet_000,2026-08-27 20:10:00+00:00,0,0,0,0,True,True,False,23.908279931999797,-48.12273239207645,2.95804471963629,4.017524940983021,0.0,0.05030694496474919,0.0,on,connected,True,synthetic_device_spec_v11
synthetic_customer_000,cabinet_000,2026-08-27 20:20:00+00:00,0,0,0,0,True,True,False,23.930532711224025,-47.933895581103066,2.954665565580656,4.023896343632967,0.3151797980364647,0.014258172128426611,0.015682224663650393,on,connected,True,synthetic_device_spec_v11
synthetic_customer_000,cabinet_000,2026-08-27 20:30:00+00:00,0,0,0,0,True,True,False,23.91133018354741,-48.24246989509085,3.088121524420645,3.973271400613192,0.8754216913962228,0.0,0.0,on,connected,True,synthetic_device_spec_v11
synthetic_customer_000,cabinet_000,2026-08-27 20:40:00+00:00,0,0,0,0,True,True,False,23.858910289672906,-48.023212446447666,2.984586109006857,4.038476126700408,0.645825072305688,0.0,0.0,on,connected,True,synthetic_device_spec_v11
synthetic_customer_000,cabinet_000,2026-08-27 20:50:00+00:00,0,0,0,0,True,True,False,23.89013658158014,-47.36650275891209,3.032637924221776,3.9146337469231374,0.0,0.0,0.004169308588844154,on,connected,True,synthetic_device_spec_v11
synthetic_customer_000,cabinet_000,2026-08-27 21:00:00+00:00,0,0,0,0,True,True,False,23.793942381689774,-49.012218675497444,2.9992763811992766,3.940580243077211,0.0,0.0,0.0020951615073506982,on,connected,True,synthetic_device_spec_v11
synthetic_customer_000,cabinet_000,2026-08-27 21:10:00+00:00,0,0,0,0,True,True,False,24.268368616764764,-46.89170870317377,3.0235642662682283,4.0155874570499295,0.8214794300578919,0.002663198842466247,0.03485733887327923,on,connected,True,synthetic_device_spec_v11
synthetic_customer_000,cabinet_000,2026-08-27 21:20:00+00:00,0,0,0,0,True,True,False,23.996514784219382,-49.2230503680627,3.0481476194086286,3.938782583973921,0.01666374481797511,0.0,0.01769672126273016,on,connected,True,synthetic_device_spec_v11
synthetic_customer_000,cabinet_000,2026-08-27 21:30:00+00:00,0,0,0,0,True,True,False,23.951002414961682,-47.40065858602444,3.048845867844162,3.8746174516045557,0.014144419781869987,0.0,0.015107026899394483,on,connected,True,synthetic_device_spec_v11
synthetic_customer_000,cabinet_000,2026-08-27 21:40:00+00:00,0,0,0,0,True,True,False,24.01926745585398,-46.48121804024692,3.0415842920388014,4.0420919606235355,0.0,0.0,0.0,on,connected,True,synthetic_device_spec_v11
synthetic_customer_000,cabinet_000,2026-08-27 21:50:00+00:00,0,0,0,0,True,True,False,23.978774231621106,-48.64870801279857,3.0103206956170494,3.9682199849561473,0.0,0.031394705864250236,0.0,on,connected,True,synthetic_device_spec_v11
synthetic_customer_000,cabinet_000,2026-08-27 22:00:00+00:00,0,0,0,0,True,True,False,24.009801467141482,-47.635356407489745,2.9985171109086046,4.00429717098001,0.0,0.0,0.021002740714807566,on,connected,True,synthetic_device_spec_v11
synthetic_customer_000,cabinet_000,2026-08-27 22:10:00+00:00,0,0,0,0,True,True,False,24.072007492535963,-46.02216307518309,3.0489110471531777,4.116670754924102,0.009587581176138374,0.0,0.02748271954757487,on,connected,True,synthetic_device_spec_v11
synthetic_customer_000,cabinet_000,2026-08-27 22:20:00+00:00,0,0,0,0,True,True,False,24.313983854111783,-48.220788713379186,3.0223912614486435,3.9342242723096956,0.0136554581990124,0.0,0.0,on,connected,True,synthetic_device_spec_v11
synthetic_customer_000,cabinet_000,2026-08-27 22:30:00+00:00,0,0,0,0,True,True,False,24.04608983017129,-48.722761877152365,3.0697438225253997,4.022836005220521,0.420082527115232,0.01645898007279467,0.0,on,connected,True,synthetic_device_spec_v11
synthetic_customer_000,cabinet_000,2026-08-27 22:40:00+00:00,0,0,0,0,True,True,False,23.967718286615657,-47.79025788431186,2.9215373650007623,4.035928066091776,0.764357146569401,0.007089767828897681,0.016406976676023123,on,connected,True,synthetic_device_spec_v11
synthetic_customer_000,cabinet_000,2026-08-27 22:50:00+00:00,0,0,0,0,True,True,False,23.83453437400936,-49.40241574201039,3.0197424767189105,4.064840846647796,0.518394876645303,0.0,0.0,on,connected,True,synthetic_device_spec_v11
synthetic_customer_000,cabinet_000,2026-08-27 23:00:00+00:00,0,0,0,0,True,True,False,24.201616974369347,-47.56510658221322,2.9465781254412655,3.860811453466895,0.040697844882241374,0.015365588426811108,0.0,on,connected,True,synthetic_device_spec_v11
synthetic_customer_000,cabinet_000,2026-08-27 23:10:00+00:00,0,0,0,0,True,True,False,24.029837907893814,-48.504513332793366,3.050321220468675,3.9383484168485676,0.0,0.03251889966144591,0.0,on,connected,True,synthetic_device_spec_v11
synthetic_customer_000,cabinet_000,2026-08-27 23:20:00+00:00,0,0,0,0,True,True,False,23.901553612738454,-47.33871219032537,2.9484524232230442,3.990819006907595,0.05072324713521433,0.039910001204719124,0.0,on,connected,True,synthetic_device_spec_v11
synthetic_customer_000,cabinet_000,2026-08-27 23:30:00+00:00,0,0,0,0,True,True,False,23.88416113330668,-48.062789274118174,2.9431320684039233,3.966829888645398,0.3552703107105284,0.020927644090203992,0.0,on,connected,True,synthetic_device_spec_v11
synthetic_customer_000,cabinet_000,2026-08-27 23:40:00+00:00,0,0,0,0,True,True,False,24.080325236761865,-48.454583666924776,2.999077695980738,4.012243408097513,0.30478811639372255,0.0,0.011015299228513442,on,connected,True,synthetic_device_spec_v11
synthetic_customer_000,cabinet_000,2026-08-27 23:50:00+00:00,0,0,0,0,True,True,False,23.982081802996298,-47.12084157896432,2.9525504410811223,3.940529263035888,0.21666256080598362,0.04432793076878291,0.0,on,connected,True,synthetic_device_spec_v11
synthetic_customer_000,cabinet_000,2026-08-28 00:00:00+00:00,0,0,0,0,True,True,False,23.809137448305304,-46.995858033521124,3.043589122435695,4.033827962042183,0.0,0.0,0.023004969291497295,on,connected,True,synthetic_device_spec_v11
synthetic_customer_000,cabinet_000,2026-08-28 00:10:00+00:00,1,1,1,1,True,True,False,23.944408286331715,-46.82871836635154,2.9161476713415206,3.97888900710044,0.0,0.00449540402745642,0.0,on,connected,True,synthetic_device_spec_v11
synthetic_customer_000,cabinet_000,2026-08-28 00:20:00+00:00,1,1,1,1,True,True,False,24.000783559819762,-49.08774759808331,2.9380641935543377,4.05800778981738,0.0,0.0,0.0146212775375961,on,connected,True,synthetic_device_spec_v11
synthetic_customer_000,cabinet_000,2026-08-28 00:30:00+00:00,1,1,1,1,True,True,False,23.96311942225071,-49.73717259957319,3.0302334679658185,4.040639976390035,0.9187336870551684,0.0,0.0,on,connected,True,synthetic_device_spec_v11
synthetic_customer_000,cabinet_000,2026-08-28 00:40:00+00:00,0,0,0,0,True,True,False,23.991838312968707,-46.71213762980776,2.988701746746851,4.083111957483381,0.0,0.04695400276365881,9.817053961384057e-05,on,connected,True,synthetic_device_spec_v11
synthetic_customer_000,cabinet_000,2026-08-28 00:50:00+00:00,0,0,0,0,True,True,False,23.99607142848985,-48.73023942391097,2.9536157576935405,4.011259051535019,0.0,0.0,0.0,on,connected,True,synthetic_device_spec_v11
synthetic_customer_000,cabinet_000,2026-08-28 01:00:00+00:00,0,0,0,0,True,True,False,24.19983857348956,-49.85093236108037,3.0178958499032515,3.853665518048972,0.0,0.0,0.0,on,connected,True,synthetic_device_spec_v11
synthetic_customer_000,cabinet_000,2026-08-28 01:10:00+00:00,0,0,0,0,True,True,False,23.81760899418982,-47.804025897049364,3.034944551501334,4.048195926722051,0.06760902387546235,0.028244271057017253,0.0,on,connected,True,synthetic_device_spec_v11
synthetic_customer_000,cabinet_000,2026-08-28 01:20:00+00:00,0,0,0,0,True,True,False,23.923969261072642,-47.7843784094289,3.0264149121934887,4.0104564349157625,0.44937585606134617,0.0,0.0007483281044333299,on,connected,True,synthetic_device_spec_v11
synthetic_customer_000,cabinet_000,2026-08-28 01:30:00+00:00,0,0,0,0,True,True,False,24.006037702195,-47.89797540386333,3.0538664339003314,3.9568271672554505,0.0,0.010350717534649051,0.0,on,connected,True,synthetic_device_spec_v11
synthetic_customer_000,cabinet_000,2026-08-28 01:40:00+00:00,0,0,0,0,True,True,False,23.63142909876533,-47.00326450477551,3.0182116468235765,4.0344136407434,0.0,0.0,0.0,on,connected,True,synthetic_device_spec_v11
synthetic_customer_000,cabinet_000,2026-08-28 01:50:00+00:00,0,0,0,0,True,True,False,24.10802542941066,-48.081991388169975,3.0473100983488313,3.8978822140499223,0.0,0.0,0.0,on,connected,True,synthetic_device_spec_v11
synthetic_customer_000,cabinet_000,2026-08-28 02:00:00+00:00,0,0,0,0,True,True,False,24.07127721312793,-47.518153282605276,2.9743334106501784,3.9698905156950657,0.4434152537659108,0.0,0.0,on,connected,True,synthetic_device_spec_v11
synthetic_customer_000,cabinet_000,2026-08-28 02:10:00+00:00,0,0,0,0,True,True,False,24.042958487736556,-47.423979492600054,3.012697477052166,3.957498513269131,0.8536137208857484,0.025874911975795913,0.0,on,connected,True,synthetic_device_spec_v11
synthetic_customer_000,cabinet_000,2026-08-28 02:20:00+00:00,0,0,0,0,True,True,False,24.189081326281748,-48.845439481313186,2.9707287954889505,3.9424599979956905,0.0,0.0,0.0,on,connected,True,synthetic_device_spec_v11
synthetic_customer_000,cabinet_000,2026-08-28 02:30:00+00:00,0,0,0,0,True,True,False,24.41751606609557,-46.04580070373004,2.994963966914764,4.004786181075833,0.0,0.0013585296855237075,0.014053612063183183,on,connected,True,synthetic_device_spec_v11
synthetic_customer_000,cabinet_000,2026-08-28 02:40:00+00:00,0,0,0,0,True,True,False,24.143215518061666,-49.358708565215125,3.0006749572502334,4.090525642338877,0.0,0.02548404517657092,0.006718739220074365,on,connected,True,synthetic_device_spec_v11
synthetic_customer_000,cabinet_000,2026-08-28 02:50:00+00:00,0,0,0,0,True,True,False,24.023517606475068,-47.752856254173814,2.9423339814433276,4.0616919180652244,0.0,0.027811205016530754,0.0,on,connected,True,synthetic_device_spec_v11
synthetic_customer_000,cabinet_000,2026-08-28 03:00:00+00:00,0,0,0,0,True,True,False,23.902682680957774,-46.96963333234776,2.955898506933493,3.9621761842439582,1.1207415045890516,0.0,0.0,on,connected,True,synthetic_device_spec_v11
synthetic_customer_000,cabinet_000,2026-08-28 03:10:00+00:00,0,0,0,0,True,True,False,24.009998225774297,-47.63955473899738,3.0703901993186973,4.056191858785248,0.33944164978011454,0.0,0.0027768836112930816,on,connected,True,synthetic_device_spec_v11
synthetic_customer_000,cabinet_000,2026-08-28 03:20:00+00:00,0,0,0,0,True,True,False,24.150224932650463,-50.523416245771855,2.9853082109323066,3.9910407302467625,0.0,0.017463811184819343,0.0,on,connected,True,synthetic_device_spec_v11
synthetic_customer_000,cabinet_000,2026-08-28 03:30:00+00:00,0,0,0,0,True,True,False,23.92412827742334,-48.4251769778124,2.984489988043127,4.0595034939496895,0.12412006958608025,0.0019507568943832683,0.014160559994299647,on,connected,True,synthetic_device_spec_v11
synthetic_customer_000,cabinet_000,2026-08-28 03:40:00+00:00,0,0,0,0,True,True,False,23.826532617498938,-47.24827278689339,3.035425415605328,4.005480435729768,0.0,0.0,0.04196947066728989,on,connected,True,synthetic_device_spec_v11
synthetic_customer_000,cabinet_000,2026-08-28 03:50:00+00:00,0,0,0,0,True,True,False,24.10070010413098,-46.69893351781657,2.9818967339262272,3.995662517597917,0.0,0.0,0.012185539430205441,on,connected,True,synthetic_device_spec_v11
synthetic_customer_000,cabinet_000,2026-08-28 04:00:00+00:00,0,0,0,0,True,True,False,23.892452122968894,-47.04717887640167,2.985943008799086,4.001017900258849,0.2538721681467937,0.030179038123033682,0.010165077537710536,on,connected,True,synthetic_device_spec_v11
synthetic_customer_000,cabinet_000,2026-08-28 04:10:00+00:00,0,0,0,0,True,True,False,23.98549699078185,-49.518787742540745,2.9252944968889554,4.00815971713282,0.6198656477462484,0.04928662930647193,0.0,on,connected,True,synthetic_device_spec_v11
synthetic_customer_000,cabinet_000,2026-08-28 04:20:00+00:00,0,0,0,0,True,True,False,24.082389113667084,-46.779358814505706,3.016279283973033,4.122781210831986,0.0,0.0,0.0,on,connected,True,synthetic_device_spec_v11
synthetic_customer_000,cabinet_000,2026-08-28 04:30:00+00:00,0,0,0,0,True,True,False,24.00938968144935,-49.84358376306157,3.0024375317631913,3.929007342135811,0.0,0.020059693859362872,0.0,on,connected,True,synthetic_device_spec_v11
synthetic_customer_000,cabinet_000,2026-08-28 04:40:00+00:00,0,0,0,0,True,True,False,24.023033663804636,-51.24558462118355,3.0190648009268894,4.055767039902286,0.7746176230249225,0.08790852242528102,0.0,on,connected,True,synthetic_device_spec_v11
synthetic_customer_000,cabinet_000,2026-08-28 04:50:00+00:00,0,0,0,0,True,True,False,24.134816735661904,-54.34339578164238,3.020132794272812,4.047960675387392,0.0,0.07426154241396095,0.0,on,connected,True,synthetic_device_spec_v11
synthetic_customer_000,cabinet_000,2026-08-28 05:00:00+00:00,0,0,0,0,True,True,False,24.08903019556061,-55.59245787679751,3.028452266703526,4.051568301140503,0.028550820994553475,0.13000157671186685,0.0,on,connected,True,synthetic_device_spec_v11
synthetic_customer_000,cabinet_000,2026-08-28 05:10:00+00:00,0,0,0,0,True,True,False,23.969043794757667,-57.28960361026439,2.939779629271775,4.059782955083817,0.9149660175631396,0.17461249672604537,0.0,on,connected,True,synthetic_device_spec_v11
synthetic_customer_000,cabinet_000,2026-08-28 05:20:00+00:00,0,0,0,0,True,True,False,23.699938339679562,-58.594805421926935,3.056373812224047,4.046260800801791,0.0,0.20022235822079243,0.0,on,connected,True,synthetic_device_spec_v11
synthetic_customer_000,cabinet_000,2026-08-28 05:30:00+00:00,0,0,0,0,True,True,False,24.093184996172514,-59.905915248412335,3.007013281707682,3.9577404010390342,0.11419773450181744,0.27264563940413983,0.0,on,connected,True,synthetic_device_spec_v11
synthetic_customer_000,cabinet_000,2026-08-28 05:40:00+00:00,0,0,0,0,True,True,False,24.05416544152718,-64.68863407009226,2.986101182130714,3.902999497384844,0.12624939495347343,0.28704656952169755,0.0,on,connected,True,synthetic_device_spec_v11
synthetic_customer_000,cabinet_000,2026-08-28 05:50:00+00:00,0,0,0,0,True,True,False,23.756225603166733,-66.25079624961506,3.006946945022106,3.912015162009911,0.0,0.32690267695875636,0.0,on,connected,True,synthetic_device_spec_v11
synthetic_customer_000,cabinet_000,2026-08-28 06:00:00+00:00,0,0,0,0,True,True,False,24.015841113910906,-67.01916938359861,3.023938603353252,3.9841385061584806,0.317789760418962,0.3412942261607742,0.0,on,connected,True,synthetic_device_spec_v11
synthetic_customer_000,cabinet_000,2026-08-28 06:10:00+00:00,1,1,1,1,True,True,False,23.89989244181978,-68.39699689623006,3.0138954407297263,4.073059763516921,0.05860053907454087,0.3848084386825872,0.002473848493815453,on,connected,True,synthetic_device_spec_v11
synthetic_customer_000,cabinet_000,2026-08-28 06:20:00+00:00,1,1,1,1,True,True,False,24.130000794671123,-70.39925032026525,3.0598604793252786,4.049657523749008,0.0,0.42141953224440865,0.0,on,connected,True,synthetic_device_spec_v11
synthetic_customer_000,cabinet_000,2026-08-28 06:30:00+00:00,1,1,1,1,True,True,False,23.900397724069695,-74.07305072829485,3.027169519886452,4.055338704387542,0.0,0.45537555411469904,0.007150040044288335,on,connected,True,synthetic_device_spec_v11
synthetic_customer_000,cabinet_000,2026-08-28 06:40:00+00:00,0,0,0,0,True,True,False,24.143101502957578,-74.46612978194112,2.9874458061539775,4.043611914703335,0.0,0.43965560515889524,0.00802445568487649,on,connected,True,synthetic_device_spec_v11
synthetic_customer_000,cabinet_000,2026-08-28 06:50:00+00:00,0,0,0,0,True,True,False,23.967922150922046,-75.87257291227664,2.8951013730657533,3.977290696650386,0.28052573306582257,0.5497041180131269,0.0,on,connected,True,synthetic_device_spec_v11
synthetic_customer_000,cabinet_000,2026-08-28 07:00:00+00:00,0,0,0,0,True,True,False,23.95024421803853,-79.83029369584519,3.0007908331701043,4.046563734163118,0.0,0.5483406387497883,0.0,on,connected,True,synthetic_device_spec_v11
synthetic_customer_000,cabinet_000,2026-08-28 07:10:00+00:00,0,0,0,0,True,True,False,23.81846333834088,-81.90539498387909,2.982919213063466,3.9913668739387456,0.0,0.5900829427470368,0.021496267467322205,on,connected,True,synthetic_device_spec_v11
synthetic_customer_000,cabinet_000,2026-08-28 07:20:00+00:00,0,0,0,0,True,True,False,23.767757066546515,-83.20734130544163,3.006885657524987,4.047682739534327,0.023138915062662576,0.5972021047077617,0.0020808255851187847,on,connected,True,synthetic_device_spec_v11
synthetic_customer_000,cabinet_000,2026-08-28 07:30:00+00:00,0,0,0,0,True,True,False,24.003055070483203,-83.31357233911044,2.9563747989481635,4.021778678889815,0.6703627880505177,0.6397590052408848,0.0,on,connected,True,synthetic_device_spec_v11
synthetic_customer_000,cabinet_000,2026-08-28 08:20:00+00:00,0,0,0,0,True,True,False,24.08699214805576,-48.249363469299375,3.0094203379226423,4.0199269086079505,0.0,0.009885761480010087,0.00648267600345001,on,connected,True,synthetic_device_spec_v11
synthetic_customer_000,cabinet_000,2026-08-28 08:30:00+00:00,0,0,0,0,True,True,False,23.748441692908596,-48.799239148088304,2.9822472704547205,3.991778776031552,0.10532180209402649,0.06792616963649693,0.0,on,connected,True,synthetic_device_spec_v11
synthetic_customer_000,cabinet_000,2026-08-28 08:40:00+00:00,0,0,0,0,True,True,False,23.899171120905603,-47.74838099572454,3.0215998399268207,3.9766004375294965,0.3418832624372585,0.0,0.0,on,connected,True,synthetic_device_spec_v11
synthetic_customer_000,cabinet_000,2026-08-28 08:50:00+00:00,0,0,0,0,True,True,False,23.742306997538527,-47.898740241262495,3.076295198938532,3.851738619645289,0.0,0.0,0.0,on,connected,True,synthetic_device_spec_v11
synthetic_customer_000,cabinet_000,2026-08-28 09:00:00+00:00,0,0,0,0,True,True,False,24.109858021880942,-47.530743316475224,3.0156985856573306,3.9815999447603465,0.37554009475457095,0.0,0.01694983889686722,on,connected,True,synthetic_device_spec_v11
synthetic_customer_000,cabinet_000,2026-08-28 09:10:00+00:00,0,0,0,0,True,True,False,23.79769324054073,-48.73065067580888,3.0493616164281225,3.978719203140288,0.0,0.01627829177750166,0.0,on,connected,True,synthetic_device_spec_v11
synthetic_customer_000,cabinet_000,2026-08-28 09:20:00+00:00,0,0,0,0,True,True,False,24.121355826841818,-48.53632549089332,2.9496125397997974,3.9876375301786884,0.5074915427207352,0.04288187823057571,0.030281267871290818,on,connected,True,synthetic_device_spec_v11
synthetic_customer_000,cabinet_000,2026-08-28 09:30:00+00:00,0,0,0,0,True,True,False,24.109343703727546,-47.440312399542236,3.0166523928615163,4.055228232151453,0.0,0.01216417265859118,0.0,on,connected,True,synthetic_device_spec_v11
synthetic_customer_000,cabinet_000,2026-08-28 09:40:00+00:00,0,0,0,0,True,True,False,23.98499572153005,-48.638173147038415,3.029263084508665,3.982062296876159,0.0,0.0,0.0032757458577699103,on,connected,True,synthetic_device_spec_v11
synthetic_customer_000,cabinet_000,2026-08-28 09:50:00+00:00,0,0,0,0,True,True,False,24.056398951166823,-47.74278497144435,2.9961737490136815,3.9585878953540314,0.0,0.010250078471699382,0.0,on,connected,True,synthetic_device_spec_v11
synthetic_customer_000,cabinet_000,2026-08-28 10:00:00+00:00,0,0,0,0,True,True,False,24.172905561394245,-49.208594684361245,3.0324361833209523,3.908573637949277,0.0,0.0,0.005616531348126739,on,connected,True,synthetic_device_spec_v11
synthetic_customer_000,cabinet_000,2026-08-28 10:10:00+00:00,0,0,0,0,True,True,False,24.0552003643688,-47.92261006884049,3.0018377666943583,3.9149471039062056,0.0,0.05366364210354827,0.0,on,connected,True,synthetic_device_spec_v11
synthetic_customer_000,cabinet_000,2026-08-28 10:20:00+00:00,0,0,0,0,True,True,False,24.035566192608236,-46.75290186745104,2.9597120061427478,3.9398784382789427,0.9238037549656345,0.0,0.010820404583804942,on,connected,True,synthetic_device_spec_v11
synthetic_customer_000,cabinet_000,2026-08-28 10:30:00+00:00,0,0,0,0,True,True,False,23.978954925486903,-47.266759455181614,2.9650128044396107,3.9631670571854585,0.2836969674300496,0.03098210397082763,0.0,on,connected,True,synthetic_device_spec_v11
synthetic_customer_000,cabinet_000,2026-08-28 10:40:00+00:00,0,0,0,0,True,True,False,24.03030267539159,-48.25653205772968,2.983586962040999,4.087512733213139,0.0,0.0,0.01720344523160738,on,connected,True,synthetic_device_spec_v11
synthetic_customer_000,cabinet_000,2026-08-28 10:50:00+00:00,0,0,0,0,True,True,False,23.87423412427585,-50.92042810987968,2.9998176912643753,4.344335894240457,0.05240143151748856,0.02635167748033947,0.06425622475882235,on,connected,True,synthetic_device_spec_v11
synthetic_customer_000,cabinet_000,2026-08-28 11:00:00+00:00,0,0,0,0,True,True,False,23.993343070834715,-48.1833156103663,3.007108470005391,4.57693240819898,0.08272186972806177,0.0,0.08530074023031012,on,connected,True,synthetic_device_spec_v11
synthetic_customer_000,cabinet_000,2026-08-28 11:10:00+00:00,0,0,0,0,True,True,False,24.146465655473133,-49.876053151522,2.9723778959821434,4.722820600063907,0.0,0.0,0.10466757301530989,on,connected,True,synthetic_device_spec_v11
synthetic_customer_000,cabinet_000,2026-08-28 11:20:00+00:00,0,0,0,0,True,True,False,24.180451705965318,-48.816101557536065,3.018863498005379,4.870695560176411,0.0,0.0,0.06312445656364404,on,connected,True,synthetic_device_spec_v11
synthetic_customer_000,cabinet_000,2026-08-28 11:30:00+00:00,0,0,0,0,True,True,False,24.21935657510681,-48.82918686913949,3.0309152410240703,5.076692538544737,0.0,0.01657148584134727,0.12521640376077905,on,connected,True,synthetic_device_spec_v11
synthetic_customer_000,cabinet_000,2026-08-28 11:40:00+00:00,0,0,0,0,True,True,False,23.985299666787643,-48.91615815372098,2.9747830218092433,5.2793817738691144,0.27876214679307754,0.0,0.1638301903838284,on,connected,True,synthetic_device_spec_v11
synthetic_customer_000,cabinet_000,2026-08-28 11:50:00+00:00,0,0,0,0,True,True,False,24.28394681159607,-48.330768633385986,3.00475305862657,5.5430195694943825,0.0,0.0,0.1758397291405855,on,connected,True,synthetic_device_spec_v11
synthetic_customer_000,cabinet_000,2026-08-28 12:00:00+00:00,0,0,0,0,True,True,False,24.152374112614336,-49.20290878832137,3.052459360639859,5.664891657184053,0.0,0.018370522070360742,0.20738360523132032,on,connected,True,synthetic_device_spec_v11
synthetic_customer_000,cabinet_000,2026-08-28 12:10:00+00:00,1,1,1,1,True,True,False,23.842750303330337,-46.49584190779347,2.933809009723912,5.997359696210298,0.0,0.008995772528983694,0.2712513574760757,on,connected,True,synthetic_device_spec_v11
synthetic_customer_000,cabinet_000,2026-08-28 12:20:00+00:00,1,1,1,1,True,True,False,23.973485703196758,-47.61189078907161,2.8953261491688624,6.014261011333859,0.4859572541659992,0.008914727118227349,0.24807260500681902,on,connected,True,synthetic_device_spec_v11
synthetic_customer_000,cabinet_000,2026-08-28 12:30:00+00:00,1,1,1,1,True,True,False,23.87936412139558,-48.26226596479149,2.9994358844264766,6.1968563291538885,0.0,0.03143082776943146,0.32052844406938585,on,connected,True,synthetic_device_spec_v11
synthetic_customer_000,cabinet_000,2026-08-28 12:40:00+00:00,0,0,0,0,True,True,False,23.964802564231306,-47.51369281266861,3.0513035405081506,6.4267741412620705,0.4664360531323724,0.0,0.31682539299783863,on,connected,True,synthetic_device_spec_v11
synthetic_customer_000,cabinet_000,2026-08-28 12:50:00+00:00,0,0,0,0,True,True,False,23.9315223955299,-48.05127678037052,2.8930480732832526,6.5104504630850455,0.0,0.0,0.3334737823696813,on,connected,True,synthetic_device_spec_v11
synthetic_customer_000,cabinet_000,2026-08-28 13:00:00+00:00,0,0,0,0,True,True,False,24.013066134307753,-48.10049310596608,2.998274391813537,6.710191362651704,0.10323523953562568,0.0,0.3974173697996059,on,connected,True,synthetic_device_spec_v11
synthetic_customer_000,cabinet_000,2026-08-28 13:10:00+00:00,0,0,0,0,True,True,False,23.889888087374707,-48.75313868075141,2.9500438862099156,7.1306608412273,0.0,0.010856781284568975,0.41344717176041673,on,connected,True,synthetic_device_spec_v11
synthetic_customer_000,cabinet_000,2026-08-28 13:20:00+00:00,0,0,0,0,True,True,False,23.977093792216618,-46.39303536032718,2.968984336944772,6.93839775971571,0.0,0.0,0.3861926179779418,on,connected,True,synthetic_device_spec_v11
synthetic_customer_000,cabinet_000,2026-08-28 13:30:00+00:00,0,0,0,0,True,True,False,24.003354010215816,-47.166568949873785,2.979661313053438,6.973718414751712,0.0,0.0,0.42185717835909425,on,connected,True,synthetic_device_spec_v11
synthetic_customer_000,cabinet_000,2026-08-28 13:40:00+00:00,0,0,0,0,True,True,False,23.878110576981566,-49.5890154418081,3.0470408537223386,7.0409697022946505,0.3664966269313959,0.0,0.4251093664558463,on,connected,True,synthetic_device_spec_v11
synthetic_customer_000,cabinet_000,2026-08-28 13:50:00+00:00,0,0,0,0,True,True,False,23.87898277845583,-46.65684109533517,3.0662324652835284,6.938083914766805,0.1782176837054941,0.0006589310566244032,0.40395078106311305,on,connected,True,synthetic_device_spec_v11
synthetic_customer_000,cabinet_000,2026-08-28 14:00:00+00:00,0,0,0,0,True,True,False,23.975259937930577,-48.16072991835313,3.0384098918602884,7.051577147779563,0.3070312574144443,0.0,0.391870455437912,on,connected,True,synthetic_device_spec_v11
synthetic_customer_000,cabinet_000,2026-08-28 14:10:00+00:00,0,0,0,0,True,True,False,23.725932995559976,-46.97839793587949,3.0445047720407055,3.8884206981827245,0.3595947667129021,0.027008569828941842,0.0,on,connected,True,synthetic_device_spec_v11
synthetic_customer_000,cabinet_000,2026-08-28 14:20:00+00:00,0,0,0,0,True,True,False,23.9791929508965,-46.951024262251046,2.982751402075361,4.100135070287638,0.8942738749360404,0.0,0.0,on,connected,True,synthetic_device_spec_v11
synthetic_customer_000,cabinet_000,2026-08-28 14:30:00+00:00,0,0,0,0,True,True,False,23.801380087930912,-47.795662936358234,2.986553987756965,3.93676141197714,0.0,0.0,0.0,on,connected,True,synthetic_device_spec_v11
synthetic_customer_000,cabinet_000,2026-08-28 14:40:00+00:00,0,0,0,0,True,True,False,24.283945933371974,-47.79237372872109,2.9498122500199195,3.987758829223617,0.6104350707468428,0.06536732708999597,0.011709382653054866,on,connected,True,synthetic_device_spec_v11
synthetic_customer_000,cabinet_000,2026-08-28 14:50:00+00:00,0,0,0,0,True,True,False,23.90624758512829,-46.9796206027619,2.987216898533229,4.052087227791681,0.009554156093234229,0.0,0.0017948906127127173,on,connected,True,synthetic_device_spec_v11
synthetic_customer_000,cabinet_000,2026-08-28 15:00:00+00:00,0,0,0,0,True,True,False,23.9705314391781,-50.21250061329433,2.991548548221915,3.9545359734311476,0.3202799981045486,0.0,0.011873116905007915,on,connected,True,synthetic_device_spec_v11
synthetic_customer_000,cabinet_000,2026-08-28 15:10:00+00:00,0,0,0,0,True,True,False,23.79477129021312,-48.45387812105239,2.9522603999854917,4.104005162685424,0.0,0.0322286047021567,0.00030774414795240753,on,connected,True,synthetic_device_spec_v11
synthetic_customer_000,cabinet_000,2026-08-28 15:20:00+00:00,0,0,0,0,True,True,False,23.91214822522853,-49.06966635362933,3.0850402365568494,3.989891849068347,0.0,0.0,0.0,on,connected,True,synthetic_device_spec_v11
synthetic_customer_000,cabinet_000,2026-08-28 15:30:00+00:00,0,0,0,0,True,True,False,24.24495261605058,-48.53222778157622,3.03408589685452,3.7898372964306932,1.1252453719473445,0.01960300422600655,0.0,on,connected,True,synthetic_device_spec_v11
synthetic_customer_000,cabinet_000,2026-08-28 15:40:00+00:00,0,0,0,0,True,True,False,23.939084517961028,-47.62766205338769,3.0492817393565304,4.080507301575272,0.12824569305207295,0.0,0.022582839891338143,on,connected,True,synthetic_device_spec_v11
synthetic_customer_000,cabinet_000,2026-08-28 15:50:00+00:00,0,0,0,0,True,True,False,23.965740606251966,-48.76244183809102,2.950996171326891,4.012197129030508,0.6733902376827682,0.0,0.0,on,connected,True,synthetic_device_spec_v11
synthetic_customer_000,cabinet_000,2026-08-28 16:00:00+00:00,0,0,0,0,True,True,False,23.889423527807264,-46.88525460906498,3.021157682242604,3.995439197722811,0.0,0.002131701515143096,0.0405864874819307,on,connected,True,synthetic_device_spec_v11
synthetic_customer_000,cabinet_000,2026-08-28 16:10:00+00:00,0,0,0,0,True,True,False,23.902192256164025,-48.441900239652604,2.941213290615353,4.054600580490041,0.0,0.014673334056115324,0.0,on,connected,True,synthetic_device_spec_v11
synthetic_customer_000,cabinet_000,2026-08-28 16:20:00+00:00,0,0,0,0,True,True,False,24.004935484779896,-48.20506251733394,2.9738304184843165,3.897622324337672,0.770761000780496,0.0,0.016740120557165457,on,connected,True,synthetic_device_spec_v11
synthetic_customer_000,cabinet_000,2026-08-28 16:30:00+00:00,0,0,0,0,True,True,False,24.10881034234556,-47.54814025842708,2.9976185235982657,3.995072419329378,0.0,0.0,0.02529091504971818,on,connected,True,synthetic_device_spec_v11
synthetic_customer_000,cabinet_000,2026-08-28 16:40:00+00:00,0,0,0,0,True,True,False,24.05163429789445,-47.17102263160716,3.0069038149929197,4.027585584037484,0.23926266511732222,0.0,0.0,on,connected,True,synthetic_device_spec_v11
synthetic_customer_000,cabinet_000,2026-08-28 16:50:00+00:00,0,0,0,0,True,True,False,24.015371975686175,-49.19786508568123,3.017905303393021,3.9416998948949566,0.0,0.0,0.014562941824011189,on,connected,True,synthetic_device_spec_v11
synthetic_customer_000,cabinet_000,2026-08-28 17:00:00+00:00,0,0,0,0,True,True,False,24.059219438342364,-48.200624586210914,3.0192127040521344,4.078323287769423,0.0,0.0,0.0,on,connected,True,synthetic_device_spec_v11
synthetic_customer_000,cabinet_000,2026-08-28 17:10:00+00:00,0,0,0,0,True,True,False,23.944105727708717,-46.31265510186211,2.958526507924107,4.138247749441411,0.0,0.0,0.01250032945256999,on,connected,True,synthetic_device_spec_v11
synthetic_customer_000,cabinet_000,2026-08-28 17:20:00+00:00,0,0,0,0,True,True,False,23.953252672783567,-46.53712121077602,2.9715602152005536,3.98950621534848,0.42727581944956555,0.02755350489969806,0.00047732444693481717,on,connected,True,synthetic_device_spec_v11
synthetic_customer_000,cabinet_000,2026-08-28 17:30:00+00:00,0,0,0,0,True,True,False,23.876330307173927,-48.13115050009768,3.0015724091739022,3.95858462906202,0.0,0.027202124791882144,0.0,on,connected,True,synthetic_device_spec_v11
synthetic_customer_000,cabinet_000,2026-08-28 17:40:00+00:00,0,0,0,0,True,True,False,24.098494823814384,-48.89601162708931,2.9776916757596585,3.9651561620272364,0.0,0.00287892497411616,0.013949154726260383,on,connected,True,synthetic_device_spec_v11
synthetic_customer_000,cabinet_000,2026-08-28 17:50:00+00:00,0,0,0,0,True,True,False,24.081187714604596,-46.66859045322515,3.059497202793318,4.027444537135248,0.5059364886068404,0.0255854166423393,0.0,on,connected,True,synthetic_device_spec_v11
synthetic_customer_000,cabinet_000,2026-08-28 18:00:00+00:00,0,0,0,0,True,True,False,24.082246415754742,-48.526299791039,3.040866627775092,3.965274147304174,0.0,0.0,0.02275756371309518,on,connected,True,synthetic_device_spec_v11
synthetic_customer_000,cabinet_000,2026-08-28 18:10:00+00:00,1,1,1,1,True,True,False,24.007187373923,-48.18146910830775,2.981656353566378,4.031256045642449,0.28400022548713755,0.009073208637386058,0.0,on,connected,True,synthetic_device_spec_v11
synthetic_customer_000,cabinet_000,2026-08-28 18:20:00+00:00,1,1,1,1,True,True,False,23.81774311344125,-49.089084062560055,3.0450054966486095,4.032770961371089,0.0,0.005884664616550232,0.0,on,connected,True,synthetic_device_spec_v11
synthetic_customer_000,cabinet_000,2026-08-28 18:30:00+00:00,1,1,1,1,True,True,False,23.887990996731443,-48.84657600775931,2.9662616135211426,4.076085705382949,0.0,0.01583800876197425,0.011168347741899622,on,connected,True,synthetic_device_spec_v11
synthetic_customer_000,cabinet_000,2026-08-28 18:40:00+00:00,0,0,0,0,True,True,False,23.94057616101679,-49.074852270415306,3.0218838836441337,3.9589168099408885,0.0,0.03890686052335621,0.0035792937164707264,on,connected,True,synthetic_device_spec_v11
synthetic_customer_000,cabinet_000,2026-08-28 18:50:00+00:00,0,0,0,0,True,True,False,23.832552640511075,-47.068888251969554,3.020081225355429,4.1371464635151805,0.40964841159897664,0.0,0.026990045974577433,on,connected,True,synthetic_device_spec_v11
synthetic_customer_000,cabinet_000,2026-08-28 19:00:00+00:00,0,0,0,0,True,True,False,23.874030084412496,-48.29922955606947,2.964450560957889,3.9556361499651227,0.0,0.03102208313144024,0.014492216012091871,on,connected,True,synthetic_device_spec_v11
synthetic_customer_000,cabinet_000,2026-08-28 19:10:00+00:00,0,0,0,0,True,True,False,23.92191427794974,-48.30011752964191,2.988470817866698,4.079954880909572,0.0,0.01954901531007223,0.012009047271728884,on,connected,True,synthetic_device_spec_v11
synthetic_customer_000,cabinet_000,2026-08-28 19:20:00+00:00,0,0,0,0,True,True,False,23.96292362236781,-47.75847100345106,2.9493383052181184,4.008692950982436,0.17898253232462885,0.025757835387748784,0.003831500623704798,on,connected,True,synthetic_device_spec_v11
synthetic_customer_000,cabinet_000,2026-08-28 19:30:00+00:00,0,0,0,0,True,True,False,23.9536959092757,-47.03103748267835,2.9846992097305853,3.919084115966886,0.23981663054730046,0.0,0.0,on,connected,True,synthetic_device_spec_v11
synthetic_customer_000,cabinet_000,2026-08-28 19:40:00+00:00,0,0,0,0,True,True,False,23.91158309078488,-49.734514785141975,3.006231894826727,4.035736513780654,0.4935031512193509,0.01266897689358185,0.0,on,connected,True,synthetic_device_spec_v11
synthetic_customer_000,cabinet_000,2026-08-28 19:50:00+00:00,0,0,0,0,True,True,False,23.93254484594533,-46.94700287239684,3.009195421935645,4.04513491699557,0.0,0.0,0.03460247362382459,on,connected,True,synthetic_device_spec_v11
synthetic_customer_000,cabinet_000,2026-08-28 20:00:00+00:00,0,0,0,0,True,True,False,24.012039931095277,-48.177019972463626,2.9951753282650757,4.078051043760114,0.0,0.0021258396003078998,0.005961058131492447,on,connected,True,synthetic_device_spec_v11
synthetic_customer_000,cabinet_000,2026-08-28 20:10:00+00:00,0,0,0,0,True,True,False,24.075535445037413,-48.08313154852234,3.072773216697423,3.9806066997547487,0.05404265242019723,0.0,0.0,on,connected,True,synthetic_device_spec_v11
synthetic_customer_000,cabinet_000,2026-08-28 20:20:00+00:00,0,0,0,0,True,True,False,24.11717574365087,-46.75393797145473,2.9917624495319597,3.985282648585537,0.0,0.0014993349769959689,0.04661797281545806,on,connected,True,synthetic_device_spec_v11
synthetic_customer_000,cabinet_000,2026-08-28 20:30:00+00:00,0,0,0,0,True,True,False,24.217290441896097,-48.25579174152807,2.9211719677040686,3.938843814246445,0.39929748917397107,0.0015649693327024286,0.0,on,connected,True,synthetic_device_spec_v11
synthetic_customer_000,cabinet_000,2026-08-28 20:40:00+00:00,0,0,0,0,True,True,False,24.236460195875146,-49.319504494657465,2.693274588836874,3.993621019293308,0.0,0.0,0.004772006699550316,on,connected,True,synthetic_device_spec_v11
synthetic_customer_000,cabinet_000,2026-08-28 20:50:00+00:00,0,0,0,0,True,True,False,23.92489175644804,-47.69511192399814,2.5418575992803882,4.022381424071815,0.0,0.0,0.0,on,connected,True,synthetic_device_spec_v11
synthetic_customer_000,cabinet_000,2026-08-28 21:00:00+00:00,0,0,0,0,True,True,False,24.096450727265292,-48.312897423151696,2.3003402064783147,3.97465167967989,0.0070351424533928245,0.033840847570136987,0.0,on,connected,True,synthetic_device_spec_v11
synthetic_customer_000,cabinet_000,2026-08-28 21:10:00+00:00,0,0,0,0,True,True,False,23.871308442176932,-48.340760231789545,2.215085630112989,4.036092554158706,0.43000571181909153,0.008298917217086864,0.0,on,connected,True,synthetic_device_spec_v11
synthetic_customer_000,cabinet_000,2026-08-28 21:20:00+00:00,0,0,0,0,True,True,False,23.840836108968396,-49.578862028316664,1.919820942761484,3.99460848642929,0.5543027326611818,0.0,0.0,on,connected,True,synthetic_device_spec_v11
synthetic_customer_000,cabinet_000,2026-08-28 21:30:00+00:00,0,0,0,0,True,True,False,23.98782576641506,-47.45544895636864,1.7947536211274742,4.0637609675889586,0.0,0.011452262489995414,0.0,on,connected,True,synthetic_device_spec_v11
synthetic_customer_000,cabinet_000,2026-08-28 21:40:00+00:00,0,0,0,0,True,True,False,23.89255058602322,-48.96455463278184,1.6601507751056865,4.082700097151487,1.8424159177983173,0.012077948428295682,0.0,on,connected,True,synthetic_device_spec_v11
synthetic_customer_000,cabinet_000,2026-08-28 21:50:00+00:00,0,0,0,0,True,True,False,24.12359175780144,-48.00051218901328,1.4068021536226045,4.073600758908175,4.045876655727955,0.0004791208658045819,0.0,on,connected,True,synthetic_device_spec_v11
synthetic_customer_000,cabinet_000,2026-08-28 22:00:00+00:00,0,0,0,0,True,True,False,24.00232328659418,-49.65448134766508,1.156538732788101,3.9610307171058237,5.330412267864411,0.0,0.01576362318441954,on,connected,True,synthetic_device_spec_v11
synthetic_customer_000,cabinet_000,2026-08-28 22:10:00+00:00,0,0,0,0,True,True,False,24.057910604203784,-47.254087661558614,0.950456548300899,4.011312226415628,7.487535807729231,0.0,0.0,on,connected,True,synthetic_device_spec_v11
synthetic_customer_000,cabinet_000,2026-08-28 22:20:00+00:00,0,0,0,0,True,True,False,23.98246382011627,-47.779103253079654,1.0158000971783059,3.97045890973474,9.428206520083462,0.0,0.0,on,connected,True,synthetic_device_spec_v11
synthetic_customer_000,cabinet_000,2026-08-28 22:30:00+00:00,0,0,0,0,True,True,False,23.801326814253823,-47.299194266718764,1.0180390055304065,3.9771994832184827,12.14540616396087,0.0,0.0,on,connected,True,synthetic_device_spec_v11
synthetic_customer_000,cabinet_000,2026-08-28 22:40:00+00:00,0,0,0,0,True,True,False,23.810283283726353,-49.09661558317902,0.9520679504025041,3.9770010694490163,13.145630304832325,0.005188711901137868,0.025936342866793284,on,connected,True,synthetic_device_spec_v11
synthetic_customer_000,cabinet_000,2026-08-28 22:50:00+00:00,0,0,0,0,True,True,False,23.677557619059105,-47.3565928946919,1.111133796777895,3.9811594638537047,15.971501012543687,0.0,0.0,on,connected,True,synthetic_device_spec_v11
synthetic_customer_000,cabinet_000,2026-08-28 23:00:00+00:00,0,0,0,0,True,True,False,23.41085994904008,-50.102089117909856,0.9221502248216431,4.04996990808036,18.377400711353122,0.0,0.0,on,connected,True,synthetic_device_spec_v11
synthetic_customer_000,cabinet_000,2026-08-28 23:10:00+00:00,0,0,0,0,True,True,False,23.133312066593994,-49.491421858920795,0.9443941747443988,4.0587075902222045,20.850780987263217,0.0,0.018639177662755836,on,connected,True,synthetic_device_spec_v11
synthetic_customer_000,cabinet_000,2026-08-28 23:20:00+00:00,0,0,0,0,True,True,False,23.098750899834208,-48.92430804670504,0.9665646670689545,4.058076197709364,22.887350156519258,0.015924378513815,0.026985694501027557,on,connected,True,synthetic_device_spec_v11
synthetic_customer_000,cabinet_000,2026-08-28 23:30:00+00:00,0,0,0,0,True,True,False,22.44628758625274,-49.06319062157835,1.0299170375645597,4.0265441994554045,25.258145678438495,0.024906544365352754,0.0,on,connected,True,synthetic_device_spec_v11
synthetic_customer_000,cabinet_000,2026-08-28 23:40:00+00:00,0,0,0,0,True,True,False,22.266216688400633,-46.76527250249708,3.0682263140687476,3.9646914274282232,24.533141101404563,0.0,0.0,on,connected,True,synthetic_device_spec_v11
synthetic_customer_000,cabinet_000,2026-08-28 23:50:00+00:00,0,0,0,0,True,True,False,21.77871876583362,-46.880596903590344,3.0008977179699223,3.9815845405640355,25.224498410612455,0.0,0.0,on,connected,True,synthetic_device_spec_v11
synthetic_customer_000,cabinet_000,2026-08-29 00:00:00+00:00,0,0,0,0,True,True,False,21.72428520645893,-47.79570713461209,2.996730642944549,4.051898652631617,24.603748433005226,0.03676556549613606,0.0,on,connected,True,synthetic_device_spec_v11
synthetic_customer_000,cabinet_000,2026-08-29 00:10:00+00:00,1,1,1,1,True,True,False,21.246608115991098,-48.75617139189114,2.975727081665676,4.072218915950853,0.3803796389659116,0.015590595781045087,0.0,on,connected,True,synthetic_device_spec_v11
synthetic_customer_000,cabinet_000,2026-08-29 00:20:00+00:00,1,1,1,1,True,True,False,20.902664214304565,-48.16543619400426,3.014451060317836,4.018034646784068,0.23194447251223446,0.019287010191185186,0.02428321298301332,on,connected,True,synthetic_device_spec_v11
synthetic_customer_000,cabinet_000,2026-08-29 00:30:00+00:00,1,1,1,1,True,True,False,20.74027709822682,-49.12938892958617,2.9175041261510324,3.967769348341758,0.0,0.0,0.02100518075514232,on,connected,True,synthetic_device_spec_v11
synthetic_customer_000,cabinet_000,2026-08-29 00:40:00+00:00,0,0,0,0,True,True,False,20.10366654960987,-47.71086327460406,2.974248144483305,3.976907888419616,0.0,0.0,0.0,on,connected,True,synthetic_device_spec_v11
synthetic_customer_000,cabinet_000,2026-08-29 00:50:00+00:00,0,0,0,0,True,True,False,20.000206522113185,-47.037027353170515,2.9423287446959208,3.9651735768444643,0.0,0.0,0.0,on,connected,True,synthetic_device_spec_v11
synthetic_customer_000,cabinet_000,2026-08-29 01:00:00+00:00,0,0,0,0,True,True,False,19.679029693266756,-47.32694857995808,2.9818847568963127,3.983651275672492,0.0,0.02711565282864359,0.004417863520679224,on,connected,True,synthetic_device_spec_v11
synthetic_customer_000,cabinet_000,2026-08-29 01:10:00+00:00,0,0,0,0,True,True,False,19.341575973752235,-47.73303364708926,2.977296194963366,4.007211192439206,0.10116949057624758,0.01701566708827615,0.0,on,connected,True,synthetic_device_spec_v11
synthetic_customer_000,cabinet_000,2026-08-29 01:20:00+00:00,0,0,0,0,True,True,False,19.12716684024079,-46.301687118113506,2.985916591603517,3.983071790944526,0.0,0.009369194318212223,0.018808750378380285,on,connected,True,synthetic_device_spec_v11
synthetic_customer_000,cabinet_000,2026-08-29 01:30:00+00:00,0,0,0,0,True,True,False,18.707148065964912,-47.24897089723402,2.917472591921217,3.9478079496441936,0.26404283398518563,0.026669056517267573,0.002661514842475242,on,connected,True,synthetic_device_spec_v11
synthetic_customer_000,cabinet_000,2026-08-29 02:20:00+00:00,0,0,0,0,True,True,False,23.8316615272357,-47.278140987560974,2.6247616662412843,4.030464134793858,0.0,0.0,0.0,on,connected,True,synthetic_device_spec_v11
synthetic_customer_000,cabinet_000,2026-08-29 02:30:00+00:00,0,0,0,0,True,True,False,24.049972159142655,-48.31759423470872,2.6637193745336463,4.085423895507172,0.238108404806355,0.0,0.0,on,connected,True,synthetic_device_spec_v11
synthetic_customer_000,cabinet_000,2026-08-29 02:40:00+00:00,0,0,0,0,True,True,False,23.824856268431603,-48.20135952105506,2.6055486969717117,4.112091161623273,0.1064635245798401,0.0,0.03215493756695901,on,connected,True,synthetic_device_spec_v11
synthetic_customer_000,cabinet_000,2026-08-29 02:50:00+00:00,0,0,0,0,True,True,False,24.11121657688899,-46.450049072804894,2.548604546626078,3.8576525378744075,0.1853680782786622,0.016046603017106875,0.019513554787235238,on,connected,True,synthetic_device_spec_v11
synthetic_customer_000,cabinet_000,2026-08-29 03:00:00+00:00,0,0,0,0,True,True,False,24.182077190209753,-47.840054598085054,2.507031376975886,3.9349597259876368,0.0,0.0,0.001547913569900296,on,connected,True,synthetic_device_spec_v11
synthetic_customer_000,cabinet_000,2026-08-29 03:10:00+00:00,0,0,0,0,True,True,False,24.023077140115085,-47.435432479874294,2.4528334058597125,3.9939955422470903,1.231834226115213,0.0,0.0046729914222098335,on,connected,True,synthetic_device_spec_v11
synthetic_customer_000,cabinet_000,2026-08-29 03:20:00+00:00,0,0,0,0,True,True,False,23.97799940797438,-49.93099316355695,2.3904512808917104,3.998641487016611,0.0,0.026745630347692548,0.0,on,connected,True,synthetic_device_spec_v11
synthetic_customer_000,cabinet_000,2026-08-29 03:30:00+00:00,0,0,0,0,True,True,False,24.11178590803315,-47.878831958003815,2.3833100158897853,4.05601054125731,0.3467835762027346,0.0,0.0,on,connected,True,synthetic_device_spec_v11
synthetic_customer_000,cabinet_000,2026-08-29 03:40:00+00:00,0,0,0,0,True,True,False,23.9506213121497,-47.66450400814432,2.235311576438893,3.9600903256028217,0.0,0.0,0.0,on,connected,True,synthetic_device_spec_v11
synthetic_customer_000,cabinet_000,2026-08-29 03:50:00+00:00,0,0,0,0,True,True,False,24.08874634543987,-47.773457514674384,2.2699062336626366,4.020744673554711,0.0,0.011194467500320708,0.0,on,connected,True,synthetic_device_spec_v11
synthetic_customer_000,cabinet_000,2026-08-29 04:00:00+00:00,0,0,0,0,True,True,False,23.98380485869919,-49.01100104913412,2.104466778791998,4.020798171515646,0.0,0.0038778946168844457,0.0,on,connected,True,synthetic_device_spec_v11
synthetic_customer_000,cabinet_000,2026-08-29 04:10:00+00:00,0,0,0,0,True,True,False,23.92171236389498,-47.406278925657666,2.1201882661028386,4.082293276362172,0.5417500042970632,0.0,0.0,on,connected,True,synthetic_device_spec_v11
synthetic_customer_000,cabinet_000,2026-08-29 04:20:00+00:00,0,0,0,0,True,True,False,23.962041339496956,-47.06492975446433,2.1615806423689556,3.9040547476616405,0.5295565280160064,0.0,0.0,on,connected,True,synthetic_device_spec_v11
synthetic_customer_000,cabinet_000,2026-08-29 04:30:00+00:00,0,0,0,0,True,True,False,24.034672177891103,-49.25224869673932,2.200747080481042,4.028234533008577,0.0,0.005189205530676754,0.0,on,connected,True,synthetic_device_spec_v11
synthetic_customer_000,cabinet_000,2026-08-29 04:40:00+00:00,0,0,0,0,True,True,False,24.21253587663157,-48.60368294770214,2.1954875392100335,3.9752792882149977,0.7314262271979105,0.0,0.004413616189742076,on,connected,True,synthetic_device_spec_v11
synthetic_customer_000,cabinet_000,2026-08-29 04:50:00+00:00,0,0,0,0,True,True,False,24.007976732013063,-46.97394283004923,2.1860489402646004,3.9126278272706756,0.0,0.0,0.00511853117922789,on,connected,True,synthetic_device_spec_v11
synthetic_customer_000,cabinet_000,2026-08-29 05:00:00+00:00,0,0,0,0,True,True,False,24.088228338037442,-48.15531889159513,2.1792025438142133,4.0290682001409035,0.7776020398709261,0.030846741435368676,0.0,on,connected,True,synthetic_device_spec_v11
synthetic_customer_000,cabinet_000,2026-08-29 05:10:00+00:00,0,0,0,0,True,True,False,23.99979126000914,-50.76560079105098,3.030756858275953,4.06976518621786,0.0,0.0,0.05256256372566583,on,connected,True,synthetic_device_spec_v11
synthetic_customer_000,cabinet_000,2026-08-29 05:20:00+00:00,0,0,0,0,True,True,False,24.141353249689963,-47.13782869584279,3.0336473187976747,3.966019016677814,0.0,0.023237317697158866,0.0,on,connected,True,synthetic_device_spec_v11
synthetic_customer_000,cabinet_000,2026-08-29 05:30:00+00:00,0,0,0,0,True,True,False,23.7882421269425,-49.786075559588724,2.9511850535155264,4.0312130083173425,0.0,0.02416362244538068,0.023891537294163913,on,connected,True,synthetic_device_spec_v11
synthetic_customer_000,cabinet_000,2026-08-29 05:40:00+00:00,0,0,0,0,True,True,False,23.933558449767276,-47.82826941345274,3.0264454719807308,4.10392889458195,0.015867907115692085,0.00229117650794617,0.0,on,connected,True,synthetic_device_spec_v11
synthetic_customer_000,cabinet_000,2026-08-29 05:50:00+00:00,0,0,0,0,True,True,False,23.96041502617813,-47.797486655013884,3.0444976284055754,3.9706920736945137,0.0,0.0,0.021872329023586247,on,connected,True,synthetic_device_spec_v11
synthetic_customer_000,cabinet_000,2026-08-29 06:00:00+00:00,0,0,0,0,True,True,False,23.767270763496622,-46.482195272785994,3.0846111270833054,3.9741561219000565,0.32833015888934036,0.0,0.0,on,connected,True,synthetic_device_spec_v11
synthetic_customer_000,cabinet_000,2026-08-29 06:10:00+00:00,1,1,1,1,True,True,False,24.107724341817008,-48.23171863267905,2.9697749961904325,4.011413203724508,0.0,0.0,0.0,on,connected,True,synthetic_device_spec_v11
synthetic_customer_000,cabinet_000,2026-08-29 06:20:00+00:00,1,1,1,1,True,True,False,23.84197506829761,-48.75617722643641,3.0083391234772634,4.02094155844388,0.0,0.006258987141376677,0.016698049045785587,on,connected,True,synthetic_device_spec_v11
synthetic_customer_000,cabinet_000,2026-08-29 06:30:00+00:00,1,1,1,1,True,True,False,24.125484043475506,-47.25644545654055,2.9952200431893243,3.9957119843140463,0.0,0.018823660024653983,0.0,on,connected,True,synthetic_device_spec_v11
synthetic_customer_000,cabinet_000,2026-08-29 06:40:00+00:00,0,0,0,0,True,True,False,23.862313563993826,-47.97255761833166,3.0194042652130255,3.88821026299377,0.0,0.0031503271579745255,0.0,on,connected,True,synthetic_device_spec_v11
synthetic_customer_000,cabinet_000,2026-08-29 06:50:00+00:00,0,0,0,0,True,True,False,24.10496700607563,-49.05958428657281,3.0360179344738754,3.9340148214292423,0.0,0.0,0.0,on,connected,True,synthetic_device_spec_v11
synthetic_customer_000,cabinet_000,2026-08-29 07:00:00+00:00,0,0,0,0,True,True,False,24.121436138582048,-47.8177110759235,3.065551326676543,4.087873979366545,0.4763324069530005,0.0,0.0,on,connected,True,synthetic_device_spec_v11
synthetic_customer_000,cabinet_000,2026-08-29 07:10:00+00:00,0,0,0,0,True,True,False,23.891261294715193,-50.55781887080335,3.0251365403316344,4.03143694666951,0.08419326272984222,0.012985756009653696,0.0,on,connected,True,synthetic_device_spec_v11
synthetic_customer_000,cabinet_000,2026-08-29 07:20:00+00:00,0,0,0,0,True,True,False,24.005115783199315,-49.35357874986072,2.989324398997391,3.9806026724786183,0.0,0.025126025350180953,0.0,on,connected,True,synthetic_device_spec_v11
synthetic_customer_000,cabinet_000,2026-08-29 07:30:00+00:00,0,0,0,0,True,True,False,24.008512265770953,-48.05276663855469,2.969997263567838,4.120738122222856,0.0,0.006042536297881144,0.0,on,connected,True,synthetic_device_spec_v11
synthetic_customer_000,cabinet_000,2026-08-29 07:40:00+00:00,0,0,0,0,True,True,False,24.07804257982991,-45.93513890340356,3.0393510349365975,3.9569592986648296,0.0,0.028006174423435504,0.0,on,connected,True,synthetic_device_spec_v11
synthetic_customer_000,cabinet_000,2026-08-29 07:50:00+00:00,0,0,0,0,True,True,False,23.90151975093489,-48.44770125163778,2.990389230964851,3.9730320654643023,0.8563528520648944,0.0,0.010793603700082527,on,connected,True,synthetic_device_spec_v11
synthetic_customer_000,cabinet_000,2026-08-29 08:00:00+00:00,0,0,0,0,True,True,False,24.016004128510524,-47.76724446122259,3.0154242361947325,3.9983998573739545,0.0,0.023807642332625244,0.006599517927589117,on,connected,True,synthetic_device_spec_v11
synthetic_customer_000,cabinet_000,2026-08-29 08:10:00+00:00,0,0,0,0,True,True,False,24.350254757880208,-48.82721445568909,3.0353397902481216,4.10454270519844,0.0,0.0200038708300424,0.0,on,connected,True,synthetic_device_spec_v11
synthetic_customer_000,cabinet_000,2026-08-29 08:20:00+00:00,0,0,0,0,True,True,False,24.079103063326208,-47.907483550041576,3.021096746736839,3.992445720548438,0.4458985130605919,0.025198421177339093,0.002555268621456854,on,connected,True,synthetic_device_spec_v11
synthetic_customer_000,cabinet_000,2026-08-29 08:30:00+00:00,0,0,0,0,True,True,False,24.21763551634546,-48.12346357946508,3.0775579997689895,3.980207037856739,0.5763555416326164,0.0,0.025196845738148354,on,connected,True,synthetic_device_spec_v11
synthetic_customer_000,cabinet_000,2026-08-29 08:40:00+00:00,0,0,0,0,True,True,False,24.03363870148559,-47.39742517097462,2.9140978790751357,3.9635477167283732,0.0,0.0,0.015305295758246516,on,connected,True,synthetic_device_spec_v11
synthetic_customer_000,cabinet_000,2026-08-29 08:50:00+00:00,0,0,0,0,True,True,False,23.815027750619272,-46.788446457053695,2.9671670294460406,4.093325696265942,0.2988157971783612,0.053770335901147485,0.022633014293976975,on,connected,True,synthetic_device_spec_v11
synthetic_customer_000,cabinet_000,2026-08-29 09:00:00+00:00,0,0,0,0,True,True,False,24.05731476197617,-48.9831004826626,2.9771393821798005,4.104656703878501,0.0,0.0,0.0,on,connected,True,synthetic_device_spec_v11
synthetic_customer_000,cabinet_000,2026-08-29 09:10:00+00:00,0,0,0,0,True,True,False,24.157277884273803,-48.63567585056578,2.9528216312890376,3.9992167202351063,0.0,0.0,0.0,on,connected,True,synthetic_device_spec_v11
synthetic_customer_000,cabinet_000,2026-08-29 09:20:00+00:00,0,0,0,0,True,True,False,23.945713866740867,-48.17201225261726,2.9238056895309974,4.001392693073352,0.31744983930509757,0.0,0.0,on,connected,True,synthetic_device_spec_v11
synthetic_customer_000,cabinet_000,2026-08-29 09:30:00+00:00,0,0,0,0,True,True,False,23.800342496690803,-48.28928024820929,3.064643494380679,3.9831024006470526,0.0,0.0,0.010535504489859846,on,connected,True,synthetic_device_spec_v11
synthetic_customer_000,cabinet_000,2026-08-29 09:40:00+00:00,0,0,0,0,True,True,False,24.09269237869783,-48.451605613793895,2.9807581839162927,4.048125412367981,0.3019042457410708,0.0,0.008082172263309918,on,connected,True,synthetic_device_spec_v11
synthetic_customer_000,cabinet_000,2026-08-29 09:50:00+00:00,0,0,0,0,True,True,False,24.043867818836066,-48.34676646253261,2.973355252570206,3.9971214138074327,0.3131023577776943,0.0553300322365481,0.0,on,connected,True,synthetic_device_spec_v11
synthetic_customer_000,cabinet_000,2026-08-29 10:00:00+00:00,0,0,0,0,True,True,False,24.0008037895576,-48.822880333503775,2.9660101594609327,4.033185186516387,0.30134255872336385,0.0,0.014978668070974229,on,connected,True,synthetic_device_spec_v11
synthetic_customer_000,cabinet_000,2026-08-29 10:10:00+00:00,0,0,0,0,True,True,False,23.953974421478847,-48.1424549099265,3.0118780571950867,3.9678771843436436,0.8032310806675056,0.05052089138868744,0.0,on,connected,True,synthetic_device_spec_v11
synthetic_customer_000,cabinet_000,2026-08-29 10:20:00+00:00,0,0,0,0,True,True,False,23.99200662745332,-47.73551666923948,3.110000265156524,4.014559744465231,0.6421119817876276,0.047156058373001936,0.0,on,connected,True,synthetic_device_spec_v11
synthetic_customer_000,cabinet_000,2026-08-29 10:30:00+00:00,0,0,0,0,True,True,False,24.030288086470158,-48.93932091686765,2.974097201344541,4.074636944643027,0.35316733964200847,0.023186270725917484,0.0,on,connected,True,synthetic_device_spec_v11
synthetic_customer_000,cabinet_000,2026-08-29 10:40:00+00:00,0,0,0,0,True,True,False,23.97489447608518,-47.242677624985696,2.968885375934358,3.96786015302644,0.0,0.0,0.051140789998399744,on,connected,True,synthetic_device_spec_v11
synthetic_customer_000,cabinet_000,2026-08-29 10:50:00+00:00,0,0,0,0,True,True,False,24.14537771417389,-48.23989388161496,2.932921189762239,4.025044662207243,0.0,0.03854021890099893,0.0,on,connected,True,synthetic_device_spec_v11
synthetic_customer_000,cabinet_000,2026-08-29 11:00:00+00:00,0,0,0,0,True,True,False,24.097032810130273,-47.16435428203725,3.024785882951836,4.009095582928926,0.0,0.0,0.005844147281195188,on,connected,True,synthetic_device_spec_v11
synthetic_customer_000,cabinet_000,2026-08-29 11:10:00+00:00,0,0,0,0,True,True,False,23.795066750446328,-47.98176739410115,2.9724007533206063,3.8483384480800855,0.0,0.0,0.0,on,connected,True,synthetic_device_spec_v11
synthetic_customer_000,cabinet_000,2026-08-29 11:20:00+00:00,0,0,0,0,True,True,False,24.206017615574606,-48.51788396455756,2.9148515723891735,3.9029777038836904,0.0,0.0,0.009642690812722681,on,connected,True,synthetic_device_spec_v11
synthetic_customer_000,cabinet_000,2026-08-29 11:30:00+00:00,0,0,0,0,True,True,False,24.14355554231407,-48.52782264893884,2.9981252975923067,3.9808527016256283,0.18029772529587715,0.0,0.0,on,connected,True,synthetic_device_spec_v11
synthetic_customer_000,cabinet_000,2026-08-29 11:40:00+00:00,0,0,0,0,True,True,False,23.951813207481685,-47.639899893830844,2.9878847088964515,3.957002794536919,0.0,0.006022580588536299,0.014422903817098475,on,connected,True,synthetic_device_spec_v11
synthetic_customer_000,cabinet_000,2026-08-29 11:50:00+00:00,0,0,0,0,True,True,False,23.84553707690212,-48.154031411161334,2.9697899200971842,3.9526771856596006,0.0,0.015618271290571042,0.0,on,connected,True,synthetic_device_spec_v11
synthetic_customer_000,cabinet_000,2026-08-29 12:00:00+00:00,0,0,0,0,True,True,False,24.070390635540726,-48.60848014830642,3.0559509873595423,4.02850223562842,0.0628111995112927,0.001584081839027628,0.0,on,connected,True,synthetic_device_spec_v11
synthetic_customer_000,cabinet_000,2026-08-29 12:10:00+00:00,1,1,1,1,True,True,False,24.000070845259263,-49.43955881521907,2.992049381368425,3.8626437306228554,1.1611622796291945,0.0,0.014530345656409812,on,connected,True,synthetic_device_spec_v11
synthetic_customer_000,cabinet_000,2026-08-29 12:20:00+00:00,1,1,1,1,True,True,False,23.709170825692848,-46.68398188012345,2.9778949977541234,3.983651235007448,0.32814304494968455,0.0,0.014813729126811753,on,connected,True,synthetic_device_spec_v11
synthetic_customer_000,cabinet_000,2026-08-29 12:30:00+00:00,1,1,1,1,True,True,False,24.097729290141935,-47.73921293525002,2.980347823432019,4.001207995422083,0.05626116384124731,0.0,0.011047531653074335,on,connected,True,synthetic_device_spec_v11
synthetic_customer_000,cabinet_000,2026-08-29 12:40:00+00:00,0,0,0,0,True,True,False,24.050025939438626,-49.142481140511556,3.0348846818272723,3.950827728618982,0.7075578002004793,0.0,0.0,on,connected,True,synthetic_device_spec_v11
synthetic_customer_000,cabinet_000,2026-08-29 12:50:00+00:00,0,0,0,0,True,True,False,24.093745891838466,-48.820947176640814,3.0141196162636232,4.113628156803031,0.0,0.0,0.006339202001490501,on,connected,True,synthetic_device_spec_v11
synthetic_customer_000,cabinet_000,2026-08-29 13:00:00+00:00,0,0,0,0,True,True,False,24.067005167176635,-48.43405309100817,2.963960529464051,4.035015809925029,0.0,0.009520800170317228,0.003668839051583427,on,connected,True,synthetic_device_spec_v11
synthetic_customer_000,cabinet_000,2026-08-29 13:10:00+00:00,0,0,0,0,True,True,False,24.21073871570883,-47.36463395759862,2.972386665900659,3.9577551233669723,0.33216635142050144,0.0,0.011203172049112985,on,connected,True,synthetic_device_spec_v11
synthetic_customer_000,cabinet_000,2026-08-29 13:20:00+00:00,0,0,0,0,True,True,False,24.020898647088597,-48.20858489859769,3.0383046655887367,4.111240381203857,0.0,0.012820655870744933,0.0,on,connected,True,synthetic_device_spec_v11
synthetic_customer_000,cabinet_000,2026-08-29 13:30:00+00:00,0,0,0,0,True,True,False,24.182899575129202,-48.20802678663525,2.9248226244580096,4.054009892947851,0.0,0.0042877915482991405,0.0004937569527266589,on,connected,True,synthetic_device_spec_v11
synthetic_customer_000,cabinet_000,2026-08-29 13:40:00+00:00,0,0,0,0,True,True,False,23.930972745282883,-49.5801688854593,3.001911237868403,4.0895628140211455,0.0,0.0,0.011951017820283232,on,connected,True,synthetic_device_spec_v11
synthetic_customer_000,cabinet_000,2026-08-29 13:50:00+00:00,0,0,0,0,True,True,False,24.193760356745297,-48.608238543454924,3.0171392154762815,4.256091331091595,0.0,0.0,0.04316440134022576,on,connected,True,synthetic_device_spec_v11
synthetic_customer_000,cabinet_000,2026-08-29 14:00:00+00:00,0,0,0,0,True,True,False,24.081879847943185,-47.94626126319163,3.028193554888578,4.4674487084984635,0.359144228957255,0.014269532071225003,0.060890123577542754,on,connected,True,synthetic_device_spec_v11
synthetic_customer_000,cabinet_000,2026-08-29 14:10:00+00:00,0,0,0,0,True,True,False,23.946871076468128,-47.04409402835654,2.9756838424289116,4.654733099247631,0.10707716720092236,0.04283477183730721,0.09104485464643108,on,connected,True,synthetic_device_spec_v11
synthetic_customer_000,cabinet_000,2026-08-29 14:20:00+00:00,0,0,0,0,True,True,False,24.074007048476947,-48.90792164782418,2.9476497876993104,4.869720916300923,0.4596216914652165,0.007364131400508668,0.08888777839018316,on,connected,True,synthetic_device_spec_v11
synthetic_customer_000,cabinet_000,2026-08-29 14:30:00+00:00,0,0,0,0,True,True,False,24.223044723108988,-47.48353308219993,3.009593634954185,5.0091592181941005,0.0,0.0,0.131898887624161,on,connected,True,synthetic_device_spec_v11
synthetic_customer_000,cabinet_000,2026-08-29 14:40:00+00:00,0,0,0,0,True,True,False,24.02004020157059,-48.2837108761742,3.0134178716000455,5.124172637065263,0.0,5.849496816418598e-06,0.12420856796791893,on,connected,True,synthetic_device_spec_v11
synthetic_customer_000,cabinet_000,2026-08-29 14:50:00+00:00,0,0,0,0,True,True,False,23.87594071348623,-48.04826845499714,3.022448347261026,5.233170450425549,0.29780155178568213,0.0,0.21130071152654353,on,connected,True,synthetic_device_spec_v11
synthetic_customer_000,cabinet_000,2026-08-29 15:00:00+00:00,0,0,0,0,True,True,False,24.22374294727839,-48.24147944257869,3.005575878206403,5.495045334752886,0.28299219139202697,0.010431366042790479,0.17431485447596623,on,connected,True,synthetic_device_spec_v11
synthetic_customer_000,cabinet_000,2026-08-29 15:10:00+00:00,0,0,0,0,True,True,False,23.978256275652697,-49.482381618008155,2.9753850347719855,5.6182545967626805,0.161015559801496,0.0,0.20485808926375756,on,connected,True,synthetic_device_spec_v11
synthetic_customer_000,cabinet_000,2026-08-29 15:20:00+00:00,0,0,0,0,True,True,False,23.983877061167817,-46.928186399187986,2.965553520552434,5.759726378403965,0.2447205541867085,0.0,0.2504511658248701,on,connected,True,synthetic_device_spec_v11
synthetic_customer_000,cabinet_000,2026-08-29 15:30:00+00:00,0,0,0,0,True,True,False,24.057076394810885,-49.17436722641446,2.968668448907287,5.872437568567317,0.6387752157790003,0.0,0.27063866768728867,on,connected,True,synthetic_device_spec_v11
synthetic_customer_000,cabinet_000,2026-08-29 15:40:00+00:00,0,0,0,0,True,True,False,23.959113123829262,-47.14817827494789,3.027984490365512,6.2076361491615915,0.0,0.02301110036608809,0.27113028135385714,on,connected,True,synthetic_device_spec_v11
synthetic_customer_000,cabinet_000,2026-08-29 15:50:00+00:00,0,0,0,0,True,True,False,23.85068141330758,-48.34757529304693,2.969111890945921,6.263863838989809,1.240105760591811,0.021103563652583982,0.29045501390596457,on,connected,True,synthetic_device_spec_v11
synthetic_customer_000,cabinet_000,2026-08-29 16:00:00+00:00,0,0,0,0,True,True,False,24.022198627782355,-49.350070039269234,3.053550949256118,6.411358601334752,0.0,0.005616948385553492,0.3234197181830508,on,connected,True,synthetic_device_spec_v11
synthetic_customer_000,cabinet_000,2026-08-29 16:10:00+00:00,0,0,0,0,True,True,False,24.09827204141234,-52.945710211804005,3.067606394045419,6.6337256444075745,0.0,0.06245742840429133,0.35841410432150017,on,connected,True,synthetic_device_spec_v11
synthetic_customer_000,cabinet_000,2026-08-29 16:20:00+00:00,0,0,0,0,True,True,False,24.0144691860759,-54.6125281938606,3.024715574271016,6.898703122923231,1.0280270417352795,0.16513079219250326,0.3755953400659899,on,connected,True,synthetic_device_spec_v11
synthetic_customer_000,cabinet_000,2026-08-29 16:30:00+00:00,0,0,0,0,True,True,False,23.91169850377814,-58.7103531149181,3.0348217941426,7.031046122060476,0.0,0.1254285478378353,0.41173899836964845,on,connected,True,synthetic_device_spec_v11
synthetic_customer_000,cabinet_000,2026-08-29 16:40:00+00:00,0,0,0,0,True,True,False,23.922494275247363,-59.61997899915359,3.023575258337398,6.936265073552748,0.0,0.20969360757959077,0.4245551211594941,on,connected,True,synthetic_device_spec_v11
synthetic_customer_000,cabinet_000,2026-08-29 16:50:00+00:00,0,0,0,0,True,True,False,23.95122277128358,-61.580089953266885,3.0085477983973345,6.886497096579099,0.4493538416893143,0.24674569445962685,0.41114038298791705,on,connected,True,synthetic_device_spec_v11
synthetic_customer_000,cabinet_000,2026-08-29 17:00:00+00:00,0,0,0,0,True,True,False,23.925969599426754,-65.64538669689878,2.954341064550762,7.066719784490584,1.78466346202657,0.33501615004271496,0.4093884744409348,on,connected,True,synthetic_device_spec_v11
synthetic_customer_000,cabinet_000,2026-08-29 17:10:00+00:00,0,0,0,0,True,True,False,24.114477439107596,-68.42069274273797,2.9946342580188197,7.028799230091762,4.026283008542161,0.4072559927602226,0.3848943518968667,on,connected,True,synthetic_device_spec_v11
synthetic_customer_000,cabinet_000,2026-08-29 17:20:00+00:00,0,0,0,0,True,True,False,24.11277901378346,-71.67109958378911,3.050465606427356,6.983553999414234,4.495395452228043,0.42489745095762227,0.3588108130051092,on,connected,True,synthetic_device_spec_v11
synthetic_customer_000,cabinet_000,2026-08-29 17:30:00+00:00,0,0,0,0,True,True,False,24.118227395667084,-73.55484473879105,3.0076063490660645,7.090323306919964,7.572544445178466,0.4641187714273283,0.40099263983433087,on,connected,True,synthetic_device_spec_v11
synthetic_customer_000,cabinet_000,2026-08-29 17:40:00+00:00,0,0,0,0,True,True,False,24.0520547610356,-77.20095354073254,2.981641680119532,6.859496848398724,9.624940501217923,0.5236988008969284,0.4132586505098113,on,connected,True,synthetic_device_spec_v11
synthetic_customer_000,cabinet_000,2026-08-29 17:50:00+00:00,0,0,0,0,True,True,False,23.96915974133317,-78.6213048142393,3.021503555858824,7.02945250150419,11.85942276058636,0.5792890138206612,0.3970769667248009,on,connected,True,synthetic_device_spec_v11
synthetic_customer_000,cabinet_000,2026-08-29 18:00:00+00:00,0,0,0,0,True,True,False,24.038197562992874,-81.43044816550565,2.98230683787226,4.0011396380854265,14.060313889970466,0.6597610622124228,0.04319277628078682,on,connected,True,synthetic_device_spec_v11
synthetic_customer_000,cabinet_000,2026-08-29 18:10:00+00:00,1,1,1,1,True,True,False,24.13904901665981,-84.8799257651179,2.966833846260078,3.991709588297004,16.518650900861157,0.6474800300515985,0.0,on,connected,True,synthetic_device_spec_v11
synthetic_customer_000,cabinet_000,2026-08-29 19:10:00+00:00,0,0,0,0,True,True,False,23.947830187810162,-50.31206922597921,2.9937649928812777,3.9787235215253887,23.29856079181412,0.006431392616754992,0.0,on,connected,True,synthetic_device_spec_v11
synthetic_customer_000,cabinet_000,2026-08-29 19:20:00+00:00,0,0,0,0,True,True,False,23.8927278978539,-48.074954252303364,2.9421813374771117,4.059003306773474,24.08357931700701,0.005777694981312248,0.02787636966650346,on,connected,True,synthetic_device_spec_v11
synthetic_customer_000,cabinet_000,2026-08-29 19:30:00+00:00,0,0,0,0,True,True,False,24.035951689552203,-47.8345978947765,3.050859434960414,3.9505391764567745,24.5784385782663,0.0,0.0,on,connected,True,synthetic_device_spec_v11
synthetic_customer_000,cabinet_000,2026-08-29 19:40:00+00:00,0,0,0,0,True,True,False,23.91631722094056,-48.06836309563944,3.008156399173023,4.033399115167282,24.58638281075885,0.0,0.0,on,connected,True,synthetic_device_spec_v11
synthetic_customer_000,cabinet_000,2026-08-29 19:50:00+00:00,0,0,0,0,True,True,False,23.81705073080148,-47.547807873291575,2.967562035287177,3.9820016364807262,0.0,0.026625622786045966,0.002839015316859606,on,connected,True,synthetic_device_spec_v11
synthetic_customer_000,cabinet_000,2026-08-29 20:00:00+00:00,0,0,0,0,True,True,False,23.901470560318106,-47.870084383753365,2.9957392595661556,3.8962288901751365,0.7407655688884317,0.0,0.0,on,connected,True,synthetic_device_spec_v11
synthetic_customer_000,cabinet_000,2026-08-29 20:10:00+00:00,0,0,0,0,True,True,False,24.02892682008411,-49.818781260898184,3.012731337547358,3.983406829001443,0.9847929202596944,0.0,0.003472457858523412,on,connected,True,synthetic_device_spec_v11
synthetic_customer_000,cabinet_000,2026-08-29 20:20:00+00:00,0,0,0,0,True,True,False,24.0573346980675,-47.376720896940576,3.135983232704159,3.9892724145427603,0.6256243207386732,0.006846922125571107,0.024545613416607284,on,connected,True,synthetic_device_spec_v11
synthetic_customer_000,cabinet_000,2026-08-29 20:30:00+00:00,0,0,0,0,True,True,False,24.212988696212253,-46.897620877450585,2.954860229285348,3.9001227727775816,0.16588060080835573,0.015432627557888165,0.008020130976057518,on,connected,True,synthetic_device_spec_v11
synthetic_customer_000,cabinet_000,2026-08-29 20:40:00+00:00,0,0,0,0,True,True,False,23.966210309261093,-48.67389765464167,2.950108818698742,4.056847775061495,0.06608361061207897,0.041406932943460734,0.0029965806024360416,on,connected,True,synthetic_device_spec_v11
synthetic_customer_000,cabinet_000,2026-08-29 20:50:00+00:00,0,0,0,0,True,True,False,24.054289727088584,-47.90685835321845,3.0093150771645645,3.9852909794269373,0.34917041624609607,0.0,0.0,on,connected,True,synthetic_device_spec_v11
synthetic_customer_000,cabinet_000,2026-08-29 21:00:00+00:00,0,0,0,0,True,True,False,23.893302786403535,-47.70899987820614,2.9785195354414298,4.092194011866587,0.0,0.0,0.011049585518533765,on,connected,True,synthetic_device_spec_v11
synthetic_customer_000,cabinet_000,2026-08-29 21:10:00+00:00,0,0,0,0,True,True,False,24.03423246274977,-48.54096812976273,2.97166174201621,4.009632765420744,0.46357695393112425,0.013488770399114062,0.0012239872645848303,on,connected,True,synthetic_device_spec_v11
synthetic_customer_000,cabinet_000,2026-08-29 21:20:00+00:00,0,0,0,0,True,True,False,24.066030797784656,-48.1882518520504,2.9652313253767377,4.042782387468152,0.0,0.0,0.0,on,connected,True,synthetic_device_spec_v11
synthetic_customer_000,cabinet_000,2026-08-29 21:30:00+00:00,0,0,0,0,True,True,False,23.875771436298812,-46.16139764296987,2.98280803989879,3.9834556767742564,0.08861717684153404,0.010536734944504335,0.0,on,connected,True,synthetic_device_spec_v11
synthetic_customer_000,cabinet_000,2026-08-29 21:40:00+00:00,0,0,0,0,True,True,False,23.952072899125326,-49.730538636715565,2.9939423662006677,3.962586002281669,0.532806384364087,0.008302706719343913,0.0,on,connected,True,synthetic_device_spec_v11
synthetic_customer_000,cabinet_000,2026-08-29 21:50:00+00:00,0,0,0,0,True,True,False,24.05116148301408,-50.19332445015135,2.9771518733325015,3.982443043450527,0.19020563689515718,0.0,0.0,on,connected,True,synthetic_device_spec_v11
synthetic_customer_000,cabinet_000,2026-08-29 22:00:00+00:00,0,0,0,0,True,True,False,24.23855572602856,-48.88554404189725,3.0138234563197113,4.042156611175265,0.0,0.0,0.011316249106979627,on,connected,True,synthetic_device_spec_v11
synthetic_customer_000,cabinet_000,2026-08-29 22:10:00+00:00,0,0,0,0,True,True,False,24.133077253109892,-48.26649677716,2.95194235521092,3.9458652996246277,0.02089510876581497,0.0,0.0027894864372617905,on,connected,True,synthetic_device_spec_v11
synthetic_customer_000,cabinet_000,2026-08-29 22:20:00+00:00,0,0,0,0,True,True,False,24.00909196723599,-49.94220534394676,2.9717061329632144,4.040565548592476,1.3876191931849808,0.0,0.0,on,connected,True,synthetic_device_spec_v11
synthetic_customer_000,cabinet_000,2026-08-29 22:30:00+00:00,0,0,0,0,True,True,False,23.946202589727953,-48.85603492788907,3.0678442582736967,3.960341753329705,0.0,0.0,0.0466653464855538,on,connected,True,synthetic_device_spec_v11
synthetic_customer_000,cabinet_000,2026-08-29 22:40:00+00:00,0,0,0,0,True,True,False,24.030266637363784,-47.55667808392907,2.912858789333792,4.104609821226595,0.0,0.01897722708226425,0.012928535595220511,on,connected,True,synthetic_device_spec_v11
synthetic_customer_000,cabinet_000,2026-08-29 22:50:00+00:00,0,0,0,0,True,True,False,24.073477954294574,-46.26650244423848,3.0343568927283497,3.955568659218384,0.25545768545886455,0.030994674009451613,0.0,on,connected,True,synthetic_device_spec_v11
synthetic_customer_000,cabinet_000,2026-08-29 23:00:00+00:00,0,0,0,0,True,True,False,23.884009687506573,-49.25266831877851,3.003159385468906,3.9687576176380635,0.0,0.0,0.023994871905129344,on,connected,True,synthetic_device_spec_v11
synthetic_customer_000,cabinet_000,2026-08-29 23:10:00+00:00,0,0,0,0,True,True,False,23.962346618067762,-47.322393461126104,2.9400485098862537,4.093069365638632,0.05386769458151304,0.0,0.013022854625541317,on,connected,True,synthetic_device_spec_v11
synthetic_customer_000,cabinet_000,2026-08-29 23:20:00+00:00,0,0,0,0,True,True,False,24.0412521553758,-48.698160312109316,3.0660663608582635,4.047199582924732,0.0,0.04892851000032595,0.020578972068986706,on,connected,True,synthetic_device_spec_v11
synthetic_customer_000,cabinet_000,2026-08-29 23:30:00+00:00,0,0,0,0,True,True,False,24.10452132961349,-46.63043546162001,3.028189374438008,3.9659865277732105,0.0,0.0103215547749881,0.0,on,connected,True,synthetic_device_spec_v11
synthetic_customer_000,cabinet_000,2026-08-29 23:40:00+00:00,0,0,0,0,True,True,False,24.05149968365999,-48.20197788324868,2.9779378669279133,3.843221577188231,0.0,0.0,0.024772192714039024,on,connected,True,synthetic_device_spec_v11
synthetic_customer_000,cabinet_000,2026-08-29 23:50:00+00:00,0,0,0,0,True,True,False,23.806004727349844,-48.22341624597327,2.971356162153942,3.8590961370393124,0.0,0.0,0.012857770804587061,on,connected,True,synthetic_device_spec_v11
synthetic_customer_000,cabinet_000,2026-08-30 00:00:00+00:00,0,0,0,0,True,True,False,23.91638407515468,-47.563977880645915,3.045037100995667,3.940560287641559,0.023527403373228967,0.0075733556429991985,0.0,on,connected,True,synthetic_device_spec_v11
synthetic_customer_000,cabinet_000,2026-08-30 00:10:00+00:00,1,1,1,1,True,True,False,24.140271092383117,-48.55352028963603,3.0004008375728146,4.004067731593053,0.0,0.0,0.0,on,connected,True,synthetic_device_spec_v11
synthetic_customer_000,cabinet_000,2026-08-30 00:20:00+00:00,1,1,1,1,True,True,False,24.006757904437748,-49.33972440122593,2.998663502586184,4.021903325177327,0.0,0.010106566509253505,0.0,on,connected,True,synthetic_device_spec_v11
synthetic_customer_000,cabinet_000,2026-08-30 00:30:00+00:00,1,1,1,1,True,True,False,24.0261804909627,-47.75253363628884,2.9743309015406427,4.027552859146048,0.024065442333584108,0.049192820300217634,0.0,on,connected,True,synthetic_device_spec_v11
synthetic_customer_000,cabinet_000,2026-08-30 00:40:00+00:00,0,0,0,0,True,True,False,23.981895829142967,-46.96277055245346,3.005681311994978,3.9945589828776566,0.0,0.03022868204610727,0.01906598129489755,on,connected,True,synthetic_device_spec_v11
synthetic_customer_000,cabinet_000,2026-08-30 00:50:00+00:00,0,0,0,0,True,True,False,23.936265370464252,-46.510757825022296,2.9663940920947858,4.0285388263557715,0.0,0.0,0.0,on,connected,True,synthetic_device_spec_v11
synthetic_customer_000,cabinet_000,2026-08-30 01:00:00+00:00,0,0,0,0,True,True,False,23.921489745319,-47.91900253844312,3.0857469949438148,4.054662152598792,0.0,0.02502499595501416,0.0,on,connected,True,synthetic_device_spec_v11
synthetic_customer_000,cabinet_000,2026-08-30 01:10:00+00:00,0,0,0,0,True,True,False,24.139878544726287,-48.10122043469482,3.0323361936962674,3.998480459085153,0.0,0.0,0.01954959722310368,on,connected,True,synthetic_device_spec_v11
synthetic_customer_000,cabinet_000,2026-08-30 01:20:00+00:00,0,0,0,0,True,True,False,24.09522898633497,-48.60578320419306,3.01425650244099,4.0224341882036585,0.375267947177284,0.03160557164976491,0.0,on,connected,True,synthetic_device_spec_v11
synthetic_customer_000,cabinet_000,2026-08-30 01:30:00+00:00,0,0,0,0,True,True,False,24.119071335196605,-48.109606375545724,2.9911257805520335,4.014362366951979,0.11683675537066705,0.000977553363501435,0.0,on,connected,True,synthetic_device_spec_v11
synthetic_customer_000,cabinet_000,2026-08-30 01:40:00+00:00,0,0,0,0,True,True,False,24.08624238976745,-48.14225299748107,3.087168855767377,4.014924273121196,1.3539978721750652,0.005007880006487855,0.01858475702972725,on,connected,True,synthetic_device_spec_v11
synthetic_customer_000,cabinet_000,2026-08-30 01:50:00+00:00,0,0,0,0,True,True,False,24.35647828001322,-48.31717589038283,2.987877885664805,3.992602114530889,0.035058277700894466,0.0,0.0,on,connected,True,synthetic_device_spec_v11
synthetic_customer_000,cabinet_000,2026-08-30 02:00:00+00:00,0,0,0,0,True,True,False,23.93812965150139,-47.88923842780181,2.9376496230818154,4.088395666696655,0.0,0.006322531268859091,0.0,on,connected,True,synthetic_device_spec_v11
synthetic_customer_000,cabinet_000,2026-08-30 02:10:00+00:00,0,0,0,0,True,True,False,24.003161337452504,-48.20303788018935,2.9552590669928738,3.8905778149957118,0.6016790252200243,0.0061988108473960135,0.00785829065559447,on,connected,True,synthetic_device_spec_v11
synthetic_customer_000,cabinet_000,2026-08-30 02:20:00+00:00,0,0,0,0,True,True,False,23.676517741720087,-47.793560995279876,3.0920158031526315,4.046725521382309,0.8334499493146249,0.029072951818806952,0.0001900865908665358,on,connected,True,synthetic_device_spec_v11
synthetic_customer_000,cabinet_000,2026-08-30 02:30:00+00:00,0,0,0,0,True,True,False,23.128279442079595,-46.04256894009809,2.9799745026077145,4.011942568665281,0.6834322816137007,0.0,0.0,on,connected,True,synthetic_device_spec_v11
synthetic_customer_000,cabinet_000,2026-08-30 02:40:00+00:00,0,0,0,0,True,True,False,23.11404338115863,-48.325075142597385,2.983960120064412,3.9689043582215975,0.5421650399053901,0.03531812279118255,0.01622651279567535,on,connected,True,synthetic_device_spec_v11
synthetic_customer_000,cabinet_000,2026-08-30 02:50:00+00:00,0,0,0,0,True,True,False,22.63452109477253,-48.82446746262162,3.0002857927777717,3.9824347838829866,0.29249511347560003,0.017951106740577313,0.0,on,connected,True,synthetic_device_spec_v11
synthetic_customer_000,cabinet_000,2026-08-30 03:00:00+00:00,0,0,0,0,True,True,False,22.291774682743306,-47.81174744490349,3.028414281558439,4.078273214955138,0.0,0.0,0.005645686398416724,on,connected,True,synthetic_device_spec_v11
synthetic_customer_000,cabinet_000,2026-08-30 03:10:00+00:00,0,0,0,0,True,True,False,22.154597285522392,-49.59890524727575,2.9915854468477945,3.9899028136563985,0.5497812623297471,0.0,0.02653962057944433,on,connected,True,synthetic_device_spec_v11
synthetic_customer_000,cabinet_000,2026-08-30 03:20:00+00:00,0,0,0,0,True,True,False,21.55931409763978,-48.326401677930924,2.950982758245012,3.9691313399137593,0.2607909833445543,0.0,0.03670005622164568,on,connected,True,synthetic_device_spec_v11
synthetic_customer_000,cabinet_000,2026-08-30 03:30:00+00:00,0,0,0,0,True,True,False,21.228789618212385,-46.87388624843753,2.9175073098508766,4.144942906956055,0.0,0.0,0.010758023444545742,on,connected,True,synthetic_device_spec_v11
synthetic_customer_000,cabinet_000,2026-08-30 03:40:00+00:00,0,0,0,0,True,True,False,21.02742787754837,-48.80583527691641,2.8486301670939245,4.10740631995656,0.0,0.028550567893862767,0.0,on,connected,True,synthetic_device_spec_v11
synthetic_customer_000,cabinet_000,2026-08-30 03:50:00+00:00,0,0,0,0,True,True,False,20.47443062462075,-48.4738715136684,2.758487935633,4.054667377899904,0.0,0.0,0.0,on,connected,True,synthetic_device_spec_v11
synthetic_customer_000,cabinet_000,2026-08-30 04:00:00+00:00,0,0,0,0,True,True,False,20.242226120871713,-48.051596708760066,2.6988397164964946,3.881799495852159,0.6773520823858188,0.0,0.00187853130797658,on,connected,True,synthetic_device_spec_v11
synthetic_customer_000,cabinet_000,2026-08-30 04:10:00+00:00,0,0,0,0,True,True,False,19.79323884851141,-46.21525754372389,2.6560323324831403,3.9436250829654016,0.0,0.0,0.0,on,connected,True,synthetic_device_spec_v11
synthetic_customer_000,cabinet_000,2026-08-30 04:20:00+00:00,0,0,0,0,True,True,False,19.34496629152952,-48.00917855894456,2.4405300510906853,3.97382586225839,0.3734276842692749,0.021598187477370943,0.0,on,connected,True,synthetic_device_spec_v11
synthetic_customer_000,cabinet_000,2026-08-30 04:30:00+00:00,0,0,0,0,True,True,False,18.986975256498024,-47.638162999920624,2.459421315476361,3.9909427688615176,0.6085307435313907,0.010334708822051902,0.0,on,connected,True,synthetic_device_spec_v11
synthetic_customer_000,cabinet_000,2026-08-30 04:40:00+00:00,0,0,0,0,True,True,False,18.62541320441654,-47.09060185276159,2.3934119155928584,3.996439254026396,0.7189821941208919,0.014985197968534224,0.0,on,connected,True,synthetic_device_spec_v11
synthetic_customer_000,cabinet_000,2026-08-30 05:40:00+00:00,0,0,0,0,True,True,False,24.1644524643542,-47.38816837490413,2.1380474317256173,3.9830405336365864,0.0,0.0,0.0,on,connected,True,synthetic_device_spec_v11
synthetic_customer_000,cabinet_000,2026-08-30 05:50:00+00:00,0,0,0,0,True,True,False,23.975182631190123,-48.904072261445904,2.1440399136787858,4.035928529575104,0.0,0.030243731474308245,0.003675763498543966,on,connected,True,synthetic_device_spec_v11
synthetic_customer_000,cabinet_000,2026-08-30 06:00:00+00:00,0,0,0,0,True,True,False,24.01453904297927,-46.61341088441136,3.016527463314982,4.074490093008575,0.0,0.0,0.0,on,connected,True,synthetic_device_spec_v11
synthetic_customer_000,cabinet_000,2026-08-30 06:10:00+00:00,1,1,1,1,True,True,False,24.19954936058288,-47.84403157216524,2.9753275077048325,3.950517357831287,0.12257047644376141,0.0011199187302924235,0.0,on,connected,True,synthetic_device_spec_v11
synthetic_customer_000,cabinet_000,2026-08-30 06:20:00+00:00,1,1,1,1,True,True,False,24.054537125271857,-47.447907229578696,2.963523422174754,3.926203137487613,0.0,0.024073758825427227,0.012324242796662215,on,connected,True,synthetic_device_spec_v11
synthetic_customer_000,cabinet_000,2026-08-30 06:30:00+00:00,1,1,1,1,True,True,False,24.014754571099502,-47.97564353059581,2.9944791487290114,4.027650568568292,0.0,0.0,0.0,on,connected,True,synthetic_device_spec_v11
synthetic_customer_000,cabinet_000,2026-08-30 06:40:00+00:00,0,0,0,0,True,True,False,23.988657176637368,-47.64175901925252,3.068312707737844,4.012076860336863,0.0,0.0,0.020158869758589295,on,connected,True,synthetic_device_spec_v11
synthetic_customer_000,cabinet_000,2026-08-30 06:50:00+00:00,0,0,0,0,True,True,False,24.07172025910903,-49.09236269497584,2.994328343625692,3.9969296325331714,0.0,0.01676120189242694,0.0026410913601100567,on,connected,True,synthetic_device_spec_v11
synthetic_customer_000,cabinet_000,2026-08-30 07:00:00+00:00,0,0,0,0,True,True,False,24.112333212319204,-48.69697451725857,3.0426006046816734,4.054730471174129,0.015783259176242275,0.002881893130404832,0.0018774466911085181,on,connected,True,synthetic_device_spec_v11
synthetic_customer_000,cabinet_000,2026-08-30 07:10:00+00:00,0,0,0,0,True,True,False,24.341956243792502,-48.8017495487021,3.0374848486601778,3.9483478941112824,0.8052154773101163,0.020131642240393682,0.022145386876122126,on,connected,True,synthetic_device_spec_v11
synthetic_customer_000,cabinet_000,2026-08-30 07:20:00+00:00,0,0,0,0,True,True,False,23.74641050169411,-49.856452506676014,2.965596221659071,3.9941023032182437,0.024792702722917826,0.0,0.018115071532440876,on,connected,True,synthetic_device_spec_v11
synthetic_customer_000,cabinet_000,2026-08-30 07:30:00+00:00,0,0,0,0,True,True,False,24.090939166353436,-48.82253474345875,2.9603850098712305,4.001320548132939,0.2218711650339749,0.0,0.0,on,connected,True,synthetic_device_spec_v11
synthetic_customer_000,cabinet_000,2026-08-30 07:40:00+00:00,0,0,0,0,True,True,False,23.997829361401816,-47.57232775643343,3.0095328341363574,3.8967240609675633,0.371061163176697,0.025924960723452312,0.019116279826925184,on,connected,True,synthetic_device_spec_v11
synthetic_customer_000,cabinet_000,2026-08-30 07:50:00+00:00,0,0,0,0,True,True,False,23.799760872867697,-49.33342348389664,2.9903396821606827,3.9351690173941427,0.0,0.0,0.004839450036888601,on,connected,True,synthetic_device_spec_v11
synthetic_customer_000,cabinet_000,2026-08-30 08:00:00+00:00,0,0,0,0,True,True,False,23.8430693975509,-47.48870734694964,2.8981265649968977,3.9654987826367023,0.0,0.004872342295816035,0.02035572824868295,on,connected,True,synthetic_device_spec_v11
synthetic_customer_000,cabinet_000,2026-08-30 08:10:00+00:00,0,0,0,0,True,True,False,24.12377264693744,-46.12388584307351,2.9823614397158065,4.047253338916077,0.18542876104232772,0.021700994528381947,0.019361543251143087,on,connected,True,synthetic_device_spec_v11
synthetic_customer_000,cabinet_000,2026-08-30 08:20:00+00:00,0,0,0,0,True,True,False,24.08384434357327,-48.10359945791562,3.0251915281886754,4.0478185724263085,0.4165111502665489,0.0,0.006515374578577467,on,connected,True,synthetic_device_spec_v11
synthetic_customer_000,cabinet_000,2026-08-30 08:30:00+00:00,0,0,0,0,True,True,False,24.036392989826616,-47.24672167381358,3.048807952121814,3.9897339074487688,0.0,0.0,0.0,on,connected,True,synthetic_device_spec_v11
synthetic_customer_000,cabinet_000,2026-08-30 08:40:00+00:00,0,0,0,0,True,True,False,23.929501136149245,-47.937578254405,2.9075713893504185,4.091313733994017,0.0,0.0,0.0,on,connected,True,synthetic_device_spec_v11
synthetic_customer_000,cabinet_000,2026-08-30 08:50:00+00:00,0,0,0,0,True,True,False,24.154921093757554,-48.24794456757027,2.656226854144128,3.972836360530913,0.0,0.0,0.0,on,connected,True,synthetic_device_spec_v11
synthetic_customer_000,cabinet_000,2026-08-30 09:00:00+00:00,0,0,0,0,True,True,False,24.09362003690491,-48.0393134336277,2.4775427762816977,4.028879462224598,0.6519790709178833,0.0,0.0,on,connected,True,synthetic_device_spec_v11
synthetic_customer_000,cabinet_000,2026-08-30 09:10:00+00:00,0,0,0,0,True,True,False,23.910473946493525,-47.98860739041009,2.2473327202752444,3.9915163795206685,0.1137840687360419,0.0,0.009747357530284419,on,connected,True,synthetic_device_spec_v11
synthetic_customer_000,cabinet_000,2026-08-30 09:20:00+00:00,0,0,0,0,True,True,False,24.082582058295543,-48.70534418623046,2.023806798586975,3.9401906151261565,0.07660455419550019,0.02284242578181125,0.0,on,connected,True,synthetic_device_spec_v11
synthetic_customer_000,cabinet_000,2026-08-30 09:30:00+00:00,0,0,0,0,True,True,False,24.175932653728307,-47.49788482159431,1.8267360855966424,3.966103960746488,0.0,0.012347002296958925,0.0,on,connected,True,synthetic_device_spec_v11
synthetic_customer_000,cabinet_000,2026-08-30 09:40:00+00:00,0,0,0,0,True,True,False,24.16946393153837,-49.644181787702585,1.701461497085327,4.046345859564199,0.5687858178220818,0.034182344006156516,0.0,on,connected,True,synthetic_device_spec_v11
synthetic_customer_000,cabinet_000,2026-08-30 09:50:00+00:00,0,0,0,0,True,True,False,23.96184913361396,-49.06708652122508,1.48930698733175,3.9265283311705392,0.0,0.020967634959169965,0.03862380802398625,on,connected,True,synthetic_device_spec_v11
synthetic_customer_000,cabinet_000,2026-08-30 10:00:00+00:00,0,0,0,0,True,True,False,24.07781452749554,-47.93305615280909,1.2256086456877195,4.012725243157001,0.0,0.0,0.0023472923929171636,on,connected,True,synthetic_device_spec_v11
synthetic_customer_000,cabinet_000,2026-08-30 10:10:00+00:00,0,0,0,0,True,True,False,24.03944673558782,-50.69632986283496,1.0057895024528878,3.907520779178555,0.3125514473401049,0.0,0.0060843259837328285,on,connected,True,synthetic_device_spec_v11
synthetic_customer_000,cabinet_000,2026-08-30 10:20:00+00:00,0,0,0,0,True,True,False,23.934947751293507,-46.133489677451415,1.0063909737409589,3.9661505693343777,0.0,0.0073268781265357595,0.01458418774319444,on,connected,True,synthetic_device_spec_v11
synthetic_customer_000,cabinet_000,2026-08-30 10:30:00+00:00,0,0,0,0,True,True,False,24.030677943282146,-47.49414023447107,1.0194988954122763,3.921176682713203,0.0,0.0,0.0,on,connected,True,synthetic_device_spec_v11
synthetic_customer_000,cabinet_000,2026-08-30 10:40:00+00:00,0,0,0,0,True,True,False,23.992347279370808,-45.33992723433392,0.9654943250822824,4.118926134944378,0.027958722457597753,0.0,0.0,on,connected,True,synthetic_device_spec_v11
synthetic_customer_000,cabinet_000,2026-08-30 10:50:00+00:00,0,0,0,0,True,True,False,24.039866549454604,-50.11542003170611,3.0340387488558056,3.9868488855861264,0.5817765158769942,0.032222345229046316,0.0,on,connected,True,synthetic_device_spec_v11
synthetic_customer_000,cabinet_000,2026-08-30 11:00:00+00:00,0,0,0,0,True,True,False,23.96674611536565,-49.19871102903534,2.9532905928696227,3.998061270491165,0.026286524310504593,0.010595497431011527,0.0,on,connected,True,synthetic_device_spec_v11
synthetic_customer_000,cabinet_000,2026-08-30 11:10:00+00:00,0,0,0,0,True,True,False,23.99127377268358,-48.05890124529371,3.0446591887986596,4.094534462986528,0.507679059959209,0.0,0.0,on,connected,True,synthetic_device_spec_v11
synthetic_customer_000,cabinet_000,2026-08-30 11:20:00+00:00,0,0,0,0,True,True,False,24.0682503543399,-47.93983581824556,3.0096726225693238,4.000198307817764,0.5669517948246084,0.0,0.0,on,connected,True,synthetic_device_spec_v11
synthetic_customer_000,cabinet_000,2026-08-30 11:30:00+00:00,0,0,0,0,True,True,False,24.19624765594606,-49.535907204570734,2.968216471135327,3.9389129459948,0.0,0.04262596165564641,0.029927018131913743,on,connected,True,synthetic_device_spec_v11
synthetic_customer_000,cabinet_000,2026-08-30 11:40:00+00:00,0,0,0,0,True,True,False,24.029377533623318,-48.83397991341084,2.953616243801817,3.9770454081133537,0.4532496462307957,0.0,0.05434676515032839,on,connected,True,synthetic_device_spec_v11
synthetic_customer_000,cabinet_000,2026-08-30 11:50:00+00:00,0,0,0,0,True,True,False,24.03002354176588,-48.14438474870151,3.0395537665959007,4.1104646511543566,0.09190759757181714,0.0,0.0,on,connected,True,synthetic_device_spec_v11
synthetic_customer_000,cabinet_000,2026-08-30 12:00:00+00:00,0,0,0,0,True,True,False,24.11837446917673,-49.06483474801783,2.946226428601188,3.9761046518973338,0.3613311807337022,0.0,0.002354997654097312,on,connected,True,synthetic_device_spec_v11
synthetic_customer_000,cabinet_000,2026-08-30 12:10:00+00:00,1,1,1,1,True,True,False,23.99994301894208,-48.65409524954901,3.0165377192495746,4.0282042154041235,0.0,0.02062065250997849,0.010792149843722863,on,connected,True,synthetic_device_spec_v11
synthetic_customer_000,cabinet_000,2026-08-30 12:20:00+00:00,1,1,1,1,True,True,False,23.997270476640214,-48.71422997156994,2.9546835409293983,3.9882732480308465,0.0,0.0091253671803109,0.01768938804328144,on,connected,True,synthetic_device_spec_v11
synthetic_customer_000,cabinet_000,2026-08-30 12:30:00+00:00,1,1,1,1,True,True,False,23.90291870259279,-47.07813099822526,2.922922739066536,3.9594268936046144,0.23865882015959478,0.0,0.013652128450302888,on,connected,True,synthetic_device_spec_v11
synthetic_customer_000,cabinet_000,2026-08-30 12:40:00+00:00,0,0,0,0,True,True,False,24.272611903125537,-46.775992251248454,3.075474557223483,4.083868097167109,0.16187316638794158,0.0,0.006112580788836299,on,connected,True,synthetic_device_spec_v11
synthetic_customer_000,cabinet_000,2026-08-30 12:50:00+00:00,0,0,0,0,True,True,False,24.125747916067745,-46.86405334711776,3.0656861246259686,3.991004774361543,0.0,0.0008631135227342695,0.0,on,connected,True,synthetic_device_spec_v11
synthetic_customer_000,cabinet_000,2026-08-30 13:00:00+00:00,0,0,0,0,True,True,False,23.989380911617587,-46.78916518809366,3.0006944510675564,3.946257177302795,0.0,0.0,0.007533106723889301,on,connected,True,synthetic_device_spec_v11
synthetic_customer_000,cabinet_000,2026-08-30 13:10:00+00:00,0,0,0,0,True,True,False,24.136281486754353,-50.884796495057806,2.9786261701364802,4.044984547641746,0.0,0.0480748048595583,0.01640452506657008,on,connected,True,synthetic_device_spec_v11
synthetic_customer_000,cabinet_000,2026-08-30 13:20:00+00:00,0,0,0,0,True,True,False,23.979264002131224,-52.59638245178708,3.007132520944237,4.017598267605896,0.9566923540780581,0.04983647150219593,0.0,on,connected,True,synthetic_device_spec_v11
synthetic_customer_000,cabinet_000,2026-08-30 13:30:00+00:00,0,0,0,0,True,True,False,24.08757776664513,-53.46679248969936,2.993520869240044,3.940254122125764,2.657599382631765,0.11147169247836712,0.0,on,connected,True,synthetic_device_spec_v11
synthetic_customer_000,cabinet_000,2026-08-30 13:40:00+00:00,0,0,0,0,True,True,False,24.36198114612389,-56.875893602351766,2.942121722632615,3.963003256696398,2.882954821769702,0.13431053193630654,0.0007256618645278026,on,connected,True,synthetic_device_spec_v11
synthetic_customer_000,cabinet_000,2026-08-30 13:50:00+00:00,0,0,0,0,True,True,False,24.032933001595193,-58.080902628982145,2.9929838862766758,3.970139019076174,3.914018967558817,0.21278938873438302,0.0,on,connected,True,synthetic_device_spec_v11
synthetic_customer_000,cabinet_000,2026-08-30 14:00:00+00:00,0,0,0,0,True,True,False,24.139715673799568,-60.86856281223366,3.0321275135368766,3.991410675631682,6.724768344088931,0.2318277253567473,0.0,on,connected,True,synthetic_device_spec_v11
synthetic_customer_000,cabinet_000,2026-08-30 14:10:00+00:00,0,0,0,0,True,True,False,24.282927649679806,-62.73092868500324,3.0217593457765286,4.0689749836974665,5.8376533393671695,0.25113314130795494,0.008840908946606775,on,connected,True,synthetic_device_spec_v11
synthetic_customer_000,cabinet_000,2026-08-30 14:20:00+00:00,0,0,0,0,True,True,False,23.916946917824564,-64.37870430250197,3.0434529398758174,3.993556795139661,9.096085684191582,0.2719891001382406,0.0,on,connected,True,synthetic_device_spec_v11
synthetic_customer_000,cabinet_000,2026-08-30 14:30:00+00:00,0,0,0,0,True,True,False,23.91487822972624,-66.81093218376014,2.9368579976602516,4.0795996533751495,10.151875209708837,0.33244592761756664,0.006516358866599913,on,connected,True,synthetic_device_spec_v11
synthetic_customer_000,cabinet_000,2026-08-30 14:40:00+00:00,0,0,0,0,True,True,False,24.034064260695224,-67.64906063599749,2.9079070895740116,4.025133019744918,12.083905066152465,0.4172722550139937,0.0,on,connected,True,synthetic_device_spec_v11
synthetic_customer_000,cabinet_000,2026-08-30 14:50:00+00:00,0,0,0,0,True,True,False,23.879559799670673,-71.86294603567153,3.0538596715489286,4.140590472018716,14.55733797767867,0.41270756471703135,0.0,on,connected,True,synthetic_device_spec_v11
synthetic_customer_000,cabinet_000,2026-08-30 15:00:00+00:00,0,0,0,0,True,True,False,24.039478855460946,-70.85391286684889,2.9727035805143123,3.987482485494837,14.216102376032032,0.44265021737214333,0.0,on,connected,True,synthetic_device_spec_v11
synthetic_customer_000,cabinet_000,2026-08-30 15:10:00+00:00,0,0,0,0,True,True,False,23.944937998003393,-75.72955728641269,3.0267101738977162,3.9593559363866335,15.499946941605302,0.5096988043866947,0.02109247967676851,on,connected,True,synthetic_device_spec_v11
synthetic_customer_000,cabinet_000,2026-08-30 15:20:00+00:00,0,0,0,0,True,True,False,24.005224984680698,-77.85586916582724,2.995443454100706,3.9025033874455373,18.357528691988897,0.5617540805233464,0.0,on,connected,True,synthetic_device_spec_v11
synthetic_customer_000,cabinet_000,2026-08-30 15:30:00+00:00,0,0,0,0,True,True,False,24.12972536882438,-79.26586978312147,3.0774900888380605,4.016040507755989,18.32455891159483,0.6010995681833938,0.0,on,connected,True,synthetic_device_spec_v11
synthetic_customer_000,cabinet_000,2026-08-30 15:40:00+00:00,0,0,0,0,True,True,False,23.955787759122995,-82.39730166937149,3.0656066431871363,4.074730168412086,20.53924229959783,0.5930515796629925,0.014767617901371839,on,connected,True,synthetic_device_spec_v11
synthetic_customer_000,cabinet_000,2026-08-30 15:50:00+00:00,0,0,0,0,True,True,False,24.112165997104498,-83.73360389059319,3.002295442428523,3.9379646905205963,22.24935802723451,0.6907975096129532,0.0,on,connected,True,synthetic_device_spec_v11
synthetic_customer_000,cabinet_000,2026-08-30 17:20:00+00:00,0,0,0,0,True,True,False,23.949887381352045,-48.08176667980093,3.0092416441401317,3.957096798689283,0.0,0.0,0.0,on,connected,True,synthetic_device_spec_v11
synthetic_customer_000,cabinet_000,2026-08-30 17:30:00+00:00,0,0,0,0,True,True,False,23.964535295222266,-46.35555980098566,2.9811512180140443,3.9881157831195924,0.0,0.02838042747622003,0.024963417776020288,on,connected,True,synthetic_device_spec_v11
synthetic_customer_000,cabinet_000,2026-08-30 17:40:00+00:00,0,0,0,0,True,True,False,23.984880043114455,-47.20408194096041,3.0155598658330365,4.046820117051699,0.5692370124405968,0.0,0.0,on,connected,True,synthetic_device_spec_v11
synthetic_customer_000,cabinet_000,2026-08-30 17:50:00+00:00,0,0,0,0,True,True,False,23.934880123028353,-49.01695653255421,3.0083293206677624,4.048736564574052,1.2483541456205747,0.0,0.0,on,connected,True,synthetic_device_spec_v11
synthetic_customer_000,cabinet_000,2026-08-30 18:00:00+00:00,0,0,0,0,True,True,False,23.97482916614036,-46.16332392558558,3.041857669829292,3.9652543014950585,0.1922419058849597,0.0,0.0,on,connected,True,synthetic_device_spec_v11
synthetic_customer_000,cabinet_000,2026-08-30 18:10:00+00:00,1,1,1,1,True,True,False,23.624910933047786,-47.937529247592266,2.9368940511906607,4.001613936098785,0.022843353927850064,0.0009981260844455055,0.0,on,connected,True,synthetic_device_spec_v11
synthetic_customer_000,cabinet_000,2026-08-30 18:20:00+00:00,1,1,1,1,True,True,False,23.980278628764626,-48.123512750761215,2.9599183856996523,3.8918177017430646,0.6055712332942786,0.0,0.0,on,connected,True,synthetic_device_spec_v11
synthetic_customer_000,cabinet_000,2026-08-30 18:30:00+00:00,1,1,1,1,True,True,False,23.834245207563306,-45.8444047625826,3.0747182627881613,3.9076240785512364,0.5429722736779654,0.0,0.02333064360511785,on,connected,True,synthetic_device_spec_v11
synthetic_customer_000,cabinet_000,2026-08-30 18:40:00+00:00,0,0,0,0,True,True,False,24.03499247673029,-47.54706487455851,3.0369214648451055,3.89357666734305,0.26331631078099704,0.0,0.0,on,connected,True,synthetic_device_spec_v11
synthetic_customer_000,cabinet_000,2026-08-30 18:50:00+00:00,0,0,0,0,True,True,False,23.906830742350408,-48.294174442366135,2.9639840130986412,4.021110622655265,0.0,0.016176367068259607,0.0,on,connected,True,synthetic_device_spec_v11
synthetic_customer_000,cabinet_000,2026-08-30 19:00:00+00:00,0,0,0,0,True,True,False,24.178765012778047,-48.03319284952053,3.0919048629133514,4.0921438753125985,0.0,0.022553775072080492,0.00425407469058521,on,connected,True,synthetic_device_spec_v11
synthetic_customer_000,cabinet_000,2026-08-30 19:10:00+00:00,0,0,0,0,True,True,False,23.863332036233057,-48.272975846027514,3.0349093824311137,3.997799785181133,0.22970166378983325,0.0,0.0,on,connected,True,synthetic_device_spec_v11
synthetic_customer_000,cabinet_000,2026-08-30 19:20:00+00:00,0,0,0,0,True,True,False,23.84003065449729,-48.40192229585086,3.0151832590009393,4.049050891208961,0.01883980776151842,0.01958196805001082,0.0,on,connected,True,synthetic_device_spec_v11
synthetic_customer_000,cabinet_000,2026-08-30 19:30:00+00:00,0,0,0,0,True,True,False,24.15280777835995,-47.413938789284934,2.9241224348050228,4.002398571125891,0.0,0.0,0.0,on,connected,True,synthetic_device_spec_v11
synthetic_customer_000,cabinet_000,2026-08-30 19:40:00+00:00,0,0,0,0,True,True,False,24.01091997181337,-47.45541296232807,3.063312980979844,3.9753143409108014,0.0,0.007585458159522808,0.0,on,connected,True,synthetic_device_spec_v11
synthetic_customer_000,cabinet_000,2026-08-30 19:50:00+00:00,0,0,0,0,True,True,False,23.87833026038735,-49.04498270196742,3.042667668741979,3.9744611113031785,0.8398172704818987,0.009939704849805199,0.0069704843190547495,on,connected,True,synthetic_device_spec_v11
synthetic_customer_000,cabinet_000,2026-08-30 20:00:00+00:00,0,0,0,0,True,True,False,24.02565691572221,-48.07510781569049,3.0588391499891263,4.051408715625825,0.0,0.007357431857610074,0.0,on,connected,True,synthetic_device_spec_v11
synthetic_customer_000,cabinet_000,2026-08-30 20:10:00+00:00,0,0,0,0,True,True,False,23.985875511618485,-47.090757968382576,2.9511206886291586,3.97148016283282,0.48844700840146804,0.06540846995290073,0.0,on,connected,True,synthetic_device_spec_v11
synthetic_customer_000,cabinet_000,2026-08-30 20:20:00+00:00,0,0,0,0,True,True,False,23.98230027321478,-47.25464520934489,3.03732694359976,3.9485829387564673,0.4969446924998066,0.04150245470923439,0.024691002300881136,on,connected,True,synthetic_device_spec_v11
synthetic_customer_000,cabinet_000,2026-08-30 20:30:00+00:00,0,0,0,0,True,True,False,24.12706630834775,-47.42450360607035,3.0161866603057366,3.945603550370422,0.036740497142675216,0.0004069506657937243,0.024454429240714733,on,connected,True,synthetic_device_spec_v11
synthetic_customer_000,cabinet_000,2026-08-30 20:40:00+00:00,0,0,0,0,True,True,False,23.792908371355438,-48.35555217170442,3.056864698082472,3.9885460422414134,0.0,0.0,0.003126581447724591,on,connected,True,synthetic_device_spec_v11
synthetic_customer_000,cabinet_000,2026-08-30 20:50:00+00:00,0,0,0,0,True,True,False,23.975292731250036,-48.854662325090736,3.0201835904973007,3.948426431681328,0.36908346332724373,0.0,0.0331865761994755,on,connected,True,synthetic_device_spec_v11
synthetic_customer_000,cabinet_000,2026-08-30 21:00:00+00:00,0,0,0,0,True,True,False,23.815802361294836,-49.772543839308085,3.0392401134285008,3.914376826599908,0.27946844932754145,0.0,0.0031274553496291337,on,connected,True,synthetic_device_spec_v11
synthetic_customer_000,cabinet_000,2026-08-30 21:10:00+00:00,0,0,0,0,True,True,False,24.15728718310788,-48.71697797967892,3.0769571114818643,3.901707920232539,0.13601052096839997,0.0,0.0,on,connected,True,synthetic_device_spec_v11
synthetic_customer_000,cabinet_000,2026-08-30 21:20:00+00:00,0,0,0,0,True,True,False,23.953272452138897,-48.635195006597485,2.9977012577515785,3.969964170146211,0.0,0.0005194264455284899,0.025327478763720854,on,connected,True,synthetic_device_spec_v11
synthetic_customer_000,cabinet_000,2026-08-30 21:30:00+00:00,0,0,0,0,True,True,False,23.883404046308982,-46.81263641507855,3.0053213583705354,4.060708978908563,0.0,0.0,0.0,on,connected,True,synthetic_device_spec_v11
synthetic_customer_000,cabinet_000,2026-08-30 21:40:00+00:00,0,0,0,0,True,True,False,24.259991943331702,-47.73615417285734,3.02874322859698,4.009853944308576,0.0,0.026820976208947463,0.0,on,connected,True,synthetic_device_spec_v11
synthetic_customer_000,cabinet_000,2026-08-30 21:50:00+00:00,0,0,0,0,True,True,False,23.82168151572831,-46.91810734110361,2.9549494758175414,4.0255033221644085,0.621342480872396,0.0,0.0,on,connected,True,synthetic_device_spec_v11
synthetic_customer_000,cabinet_000,2026-08-30 22:00:00+00:00,0,0,0,0,True,True,False,23.896081907387103,-49.31506533353062,3.009998138007981,3.9724496203052246,0.6270114349426229,0.014628540436403195,0.006615186283323007,on,connected,True,synthetic_device_spec_v11
synthetic_customer_000,cabinet_000,2026-08-30 22:10:00+00:00,0,0,0,0,True,True,False,23.771018721052744,-46.782802717963804,3.035899767955152,4.015364790689058,0.20685880004438084,0.0234760820159316,0.0,on,connected,True,synthetic_device_spec_v11
synthetic_customer_000,cabinet_000,2026-08-30 22:20:00+00:00,0,0,0,0,True,True,False,23.98188244664279,-48.58089348253324,3.068307547845133,3.9452160409964123,0.3339592641341069,0.012456553048243005,0.0032602259666116734,on,connected,True,synthetic_device_spec_v11
synthetic_customer_000,cabinet_000,2026-08-30 22:30:00+00:00,0,0,0,0,True,True,False,24.103536795847084,-48.104754255067135,3.013839824753238,3.9590759147413546,0.3314111030218049,0.0,0.0,on,connected,True,synthetic_device_spec_v11
synthetic_customer_000,cabinet_000,2026-08-30 22:40:00+00:00,0,0,0,0,True,True,False,24.17088507265931,-49.15888392119481,2.9316912198067984,3.962296030575262,0.500304396917468,0.020503781346753014,0.006568724387394148,on,connected,True,synthetic_device_spec_v11
synthetic_customer_000,cabinet_000,2026-08-30 22:50:00+00:00,0,0,0,0,True,True,False,23.979387340364053,-48.527247426801274,2.980613452473871,3.9086005624241493,0.5216141016642414,0.01016016557258899,0.016208287489085784,on,connected,True,synthetic_device_spec_v11
synthetic_customer_000,cabinet_000,2026-08-30 23:00:00+00:00,0,0,0,0,True,True,False,24.064646162969282,-46.44988053916192,3.0245956538452035,4.0279727634506495,0.1613864980632065,0.0,0.0,on,connected,True,synthetic_device_spec_v11
synthetic_customer_000,cabinet_000,2026-08-30 23:10:00+00:00,0,0,0,0,True,True,False,24.090352332459002,-48.93790110125033,3.1077515323583906,3.9908729325188195,0.2404894125509296,0.0,0.0,on,connected,True,synthetic_device_spec_v11
synthetic_customer_000,cabinet_000,2026-08-30 23:20:00+00:00,0,0,0,0,True,True,False,24.262584886036834,-49.71458072233182,3.1313024472306825,3.9543595496321817,0.0,0.016056314067967255,0.0,on,connected,True,synthetic_device_spec_v11
synthetic_customer_000,cabinet_000,2026-08-30 23:30:00+00:00,0,0,0,0,True,True,False,23.872699332756667,-48.48691993664999,2.9644256463577845,3.9584735653101286,0.6629607033863063,0.004681547213550599,0.0,on,connected,True,synthetic_device_spec_v11
synthetic_customer_000,cabinet_000,2026-08-30 23:40:00+00:00,0,0,0,0,True,True,False,24.081703741342473,-48.35469707349091,3.0490388511150446,4.169732950784947,0.6694216749159962,0.027525355643778213,0.05019199227433472,on,connected,True,synthetic_device_spec_v11
synthetic_customer_000,cabinet_000,2026-08-30 23:50:00+00:00,0,0,0,0,True,True,False,23.773354263876417,-47.721589162595485,3.0273195150041143,4.028825789117967,0.7181461346617759,0.0,0.0,on,connected,True,synthetic_device_spec_v11
synthetic_customer_000,cabinet_000,2026-08-31 00:00:00+00:00,0,0,0,0,True,True,False,23.92923916845484,-47.01731247993703,3.0235640688585077,4.022265849648285,0.8505995065051069,0.0,0.0,on,connected,True,synthetic_device_spec_v11
synthetic_customer_000,cabinet_000,2026-08-31 00:10:00+00:00,1,1,1,1,True,True,False,23.889930657022123,-48.2207767724938,3.0228521402380006,4.012694861630949,0.34572476738034535,0.0,0.0043728789020463,on,connected,True,synthetic_device_spec_v11
synthetic_customer_000,cabinet_000,2026-08-31 00:20:00+00:00,1,1,1,1,True,True,False,24.069514722898035,-48.338909226414735,3.028354885341221,4.006955848019529,0.5736472950413011,0.0,0.0,on,connected,True,synthetic_device_spec_v11
synthetic_customer_000,cabinet_000,2026-08-31 00:30:00+00:00,1,1,1,1,True,True,False,24.015433729994758,-47.74459083346752,2.9621261136192203,4.005648302548951,0.0,0.0,0.012506281116427624,on,connected,True,synthetic_device_spec_v11
synthetic_customer_000,cabinet_000,2026-08-31 00:40:00+00:00,0,0,0,0,True,True,False,23.952908598601542,-46.77988363269482,2.999540267223182,3.9468760730019095,0.24585492681173712,0.0,0.0,on,connected,True,synthetic_device_spec_v11
synthetic_customer_000,cabinet_000,2026-08-31 00:50:00+00:00,0,0,0,0,True,True,False,23.971278155842146,-47.02703503269087,3.027869479798989,4.011972299853895,1.0379428145287992,0.0,0.008306938051658405,on,connected,True,synthetic_device_spec_v11
synthetic_customer_000,cabinet_000,2026-08-31 01:00:00+00:00,0,0,0,0,True,True,False,23.87614497256111,-47.05796709231761,3.025308591845092,4.0075385458180195,0.0,0.0,0.024815613587125536,on,connected,True,synthetic_device_spec_v11
synthetic_customer_000,cabinet_000,2026-08-31 01:10:00+00:00,0,0,0,0,True,True,False,23.916435984783465,-46.32514438597871,3.085444362875998,3.952734806533793,0.2544439239280892,0.03578312186434647,0.005514909789661395,on,connected,True,synthetic_device_spec_v11
synthetic_customer_000,cabinet_000,2026-08-31 01:20:00+00:00,0,0,0,0,True,True,False,24.059535467558455,-47.67832109783606,2.958090612054819,3.9741889029874837,0.1554619366018174,0.0,0.006086872274131288,on,connected,True,synthetic_device_spec_v11
synthetic_customer_000,cabinet_000,2026-08-31 01:30:00+00:00,0,0,0,0,True,True,False,23.88886401417496,-47.85103281730912,3.026169628434373,3.9842398255747424,0.0,0.007821858593186973,0.028974512233732874,on,connected,True,synthetic_device_spec_v11
synthetic_customer_000,cabinet_000,2026-08-31 01:40:00+00:00,0,0,0,0,True,True,False,23.876491928924178,-48.66908027775579,2.9996057041864628,3.9478583130368237,0.6579733535135858,0.03031813861629755,0.0,on,connected,True,synthetic_device_spec_v11
synthetic_customer_000,cabinet_000,2026-08-31 01:50:00+00:00,0,0,0,0,True,True,False,23.99399563234885,-48.25939593848964,3.016549312839267,4.0109764695592265,0.0,0.0,0.0,on,connected,True,synthetic_device_spec_v11
synthetic_customer_000,cabinet_000,2026-08-31 02:00:00+00:00,0,0,0,0,True,True,False,24.150458074784627,-45.564423559075706,3.0018070492538524,3.981345796453504,0.4561327329320286,0.021053286175313206,0.0,on,connected,True,synthetic_device_spec_v11
synthetic_customer_000,cabinet_000,2026-08-31 02:10:00+00:00,0,0,0,0,True,True,False,24.049019505596295,-46.76264122393307,3.030538068043604,4.033095787084981,0.0,0.0,0.0052658295717570155,on,connected,True,synthetic_device_spec_v11
synthetic_customer_000,cabinet_000,2026-08-31 02:20:00+00:00,0,0,0,0,True,True,False,23.83962887472043,-49.042414262950835,3.0319615973338716,4.045250672027002,0.19452394844968743,0.03762015288120933,0.0,on,connected,True,synthetic_device_spec_v11
synthetic_customer_000,cabinet_000,2026-08-31 02:30:00+00:00,0,0,0,0,True,True,False,24.036163877863626,-46.916649464078475,2.967646100711669,4.226940516355408,0.0,0.0,0.0,on,connected,True,synthetic_device_spec_v11
synthetic_customer_000,cabinet_000,2026-08-31 02:40:00+00:00,0,0,0,0,True,True,False,23.86858293033554,-48.853934314083965,2.943879933815716,4.483940126270808,0.3859682308709171,0.03707939578304419,0.06949785259330747,on,connected,True,synthetic_device_spec_v11
synthetic_customer_000,cabinet_000,2026-08-31 02:50:00+00:00,0,0,0,0,True,True,False,24.028782030441025,-47.633797270921434,3.0061243151415638,4.718996966928859,0.7756216845849567,0.0,0.13703464664288753,on,connected,True,synthetic_device_spec_v11
synthetic_customer_000,cabinet_000,2026-08-31 03:00:00+00:00,0,0,0,0,True,True,False,24.16958535313746,-47.720359985953465,2.982678689842091,5.157700048726112,0.4992589063974648,0.0,0.17939582277773197,on,connected,True,synthetic_device_spec_v11
synthetic_customer_000,cabinet_000,2026-08-31 03:10:00+00:00,0,0,0,0,True,True,False,24.181769973662576,-47.18835397831952,3.0504391327892098,5.295693995365695,0.48590379146722146,0.0,0.19551930934204498,on,connected,True,synthetic_device_spec_v11
synthetic_customer_000,cabinet_000,2026-08-31 03:20:00+00:00,0,0,0,0,True,True,False,23.805468141003356,-48.82116121465834,3.0005986900643675,5.746570562322439,0.0,0.0005861640874528875,0.2742174508474985,on,connected,True,synthetic_device_spec_v11
synthetic_customer_000,cabinet_000,2026-08-31 03:30:00+00:00,0,0,0,0,True,True,False,24.16205738573904,-48.509055647360846,2.9288631352064094,5.919586346300164,0.474835132902434,0.0017103646768195176,0.27156256241025206,on,connected,True,synthetic_device_spec_v11
synthetic_customer_000,cabinet_000,2026-08-31 03:40:00+00:00,0,0,0,0,True,True,False,24.04204315921055,-47.55404102726165,2.999413082321514,6.374299430239463,0.0,0.007056382194722194,0.3049608810788798,on,connected,True,synthetic_device_spec_v11
synthetic_customer_000,cabinet_000,2026-08-31 03:50:00+00:00,0,0,0,0,True,True,False,24.078957099408623,-48.419901072298316,2.983163703279359,6.734943326379643,1.1545142696420632,0.012311753704107697,0.35465543591427845,on,connected,True,synthetic_device_spec_v11
synthetic_customer_000,cabinet_000,2026-08-31 04:00:00+00:00,0,0,0,0,True,True,False,23.984037823227894,-50.77802928412656,2.991872177603475,7.04518055294464,0.06841021270844141,0.0,0.40805392159325454,on,connected,True,synthetic_device_spec_v11
synthetic_customer_000,cabinet_000,2026-08-31 04:10:00+00:00,0,0,0,0,True,True,False,23.86971115834982,-48.444921637074124,3.0398391984026767,7.056646570005986,0.46255828608779237,0.0,0.39615791277958745,on,connected,True,synthetic_device_spec_v11
synthetic_customer_000,cabinet_000,2026-08-31 04:20:00+00:00,0,0,0,0,True,True,False,23.80146933085567,-47.905590973635,2.996179151695095,7.006935844586303,0.0,0.01290457834839933,0.39586174735216695,on,connected,True,synthetic_device_spec_v11
synthetic_customer_000,cabinet_000,2026-08-31 04:30:00+00:00,0,0,0,0,True,True,False,23.97392556554191,-48.51730468953217,2.9650092945169964,7.019726189008413,0.005512056829610163,0.010927150856122817,0.3942916000675246,on,connected,True,synthetic_device_spec_v11
synthetic_customer_000,cabinet_000,2026-08-31 04:40:00+00:00,0,0,0,0,True,True,False,23.960136037819318,-46.24455542058237,2.9542741476844925,6.978506802916598,1.1035174603641502,0.003770895478430489,0.37982113918605087,on,connected,True,synthetic_device_spec_v11
synthetic_customer_000,cabinet_000,2026-08-31 04:50:00+00:00,0,0,0,0,True,True,False,23.94569346736524,-46.734435912967896,2.9568770786192453,7.041556487384765,0.0,0.0,0.4043571369977726,on,connected,True,synthetic_device_spec_v11
synthetic_customer_000,cabinet_000,2026-08-31 05:00:00+00:00,0,0,0,0,True,True,False,23.95678898181827,-47.643673886980245,2.996415033925913,7.138434168625287,0.18072816273360845,0.0,0.42930884986888296,on,connected,True,synthetic_device_spec_v11
synthetic_customer_000,cabinet_000,2026-08-31 05:10:00+00:00,0,0,0,0,True,True,False,24.037570401124555,-46.091419938567974,2.988517821938429,7.02237102070919,0.0,0.0,0.392474292136099,on,connected,True,synthetic_device_spec_v11
synthetic_customer_000,cabinet_000,2026-08-31 05:20:00+00:00,0,0,0,0,True,True,False,24.080400859107353,-47.52855611262541,3.0286823422719045,6.927601001615748,0.0,0.0,0.40896013171855683,on,connected,True,synthetic_device_spec_v11
synthetic_customer_000,cabinet_000,2026-08-31 05:30:00+00:00,0,0,0,0,True,True,False,24.22088380115849,-47.50038320298601,3.0185348593602392,3.933374688840404,0.0,0.0033142054745727146,0.0,on,connected,True,synthetic_device_spec_v11
synthetic_customer_000,cabinet_000,2026-08-31 05:40:00+00:00,0,0,0,0,True,True,False,23.63950153671827,-46.90585586919765,3.0189864098927863,3.9663051943674943,0.17773030753923355,0.01695555260781049,0.0,on,connected,True,synthetic_device_spec_v11
synthetic_customer_000,cabinet_000,2026-08-31 05:50:00+00:00,0,0,0,0,True,True,False,23.805974883984362,-48.84343345863236,3.019990974016346,3.9259679497931823,0.0,0.0,0.0,on,connected,True,synthetic_device_spec_v11
synthetic_customer_000,cabinet_000,2026-08-31 06:00:00+00:00,0,0,0,0,True,True,False,24.11568216570321,-48.67949437083458,2.9933033260287307,4.047779137521295,0.0,0.0035840333328683916,0.01681081944774647,on,connected,True,synthetic_device_spec_v11
synthetic_customer_000,cabinet_000,2026-08-31 06:10:00+00:00,1,1,1,1,True,True,False,23.978249805173327,-48.810121725574845,3.0733656513095693,4.058247772341122,0.03957449268827467,0.03815640713869503,0.0,on,connected,True,synthetic_device_spec_v11
synthetic_customer_000,cabinet_000,2026-08-31 06:20:00+00:00,1,1,1,1,True,True,False,24.035897988272257,-46.26586318798416,2.988370301904069,3.971409060167616,0.0,0.0,0.008086468686332055,on,connected,True,synthetic_device_spec_v11
synthetic_customer_000,cabinet_000,2026-08-31 06:30:00+00:00,1,1,1,1,True,True,False,23.91214119107412,-47.536757901868015,3.039295204646281,4.055251502854272,0.6464632556237961,0.018434459042752805,0.0,on,connected,True,synthetic_device_spec_v11
synthetic_customer_000,cabinet_000,2026-08-31 06:40:00+00:00,0,0,0,0,True,True,False,24.08112069353666,-49.14053788404144,3.011818240453502,4.056093196369415,0.2170200569373615,0.0,0.000410143228619783,on,connected,True,synthetic_device_spec_v11
synthetic_customer_000,cabinet_000,2026-08-31 06:50:00+00:00,0,0,0,0,True,True,False,24.055644482630335,-47.73493200072861,3.0446162086715782,3.9769629236972994,0.39770519122549824,0.0,0.033642204967677086,on,connected,True,synthetic_device_spec_v11
synthetic_customer_000,cabinet_000,2026-08-31 07:00:00+00:00,0,0,0,0,True,True,False,23.966258870625264,-47.78102216266916,2.9687160107875994,3.98012978765981,0.2820698852885522,0.0029032142271581116,0.010636269146409492,on,connected,True,synthetic_device_spec_v11
synthetic_customer_000,cabinet_000,2026-08-31 07:10:00+00:00,0,0,0,0,True,True,False,23.856476745949887,-50.298397100640514,2.996631164117549,4.007709182893269,0.0,0.02622322004990585,0.026875892751123346,on,connected,True,synthetic_device_spec_v11
synthetic_customer_000,cabinet_000,2026-08-31 07:20:00+00:00,0,0,0,0,True,True,False,24.119067017846337,-48.39610864508437,2.967119021123423,4.134497426013703,0.0,0.0,0.033457752313859196,on,connected,True,synthetic_device_spec_v11
synthetic_customer_000,cabinet_000,2026-08-31 07:30:00+00:00,0,0,0,0,True,True,False,24.00732600079424,-48.66309413503002,2.971104681288949,3.922737617931858,0.0,0.0,0.0,on,connected,True,synthetic_device_spec_v11
synthetic_customer_000,cabinet_000,2026-08-31 07:40:00+00:00,0,0,0,0,True,True,False,23.923258015177918,-47.06972978096454,2.873203921279136,3.95359434350409,0.0,0.0007987602988840914,0.004840921897554409,on,connected,True,synthetic_device_spec_v11
synthetic_customer_000,cabinet_000,2026-08-31 07:50:00+00:00,0,0,0,0,True,True,False,23.895291335439584,-47.442334743779,2.8088506261326383,3.9921602721305813,0.0,0.0,0.0,on,connected,True,synthetic_device_spec_v11
synthetic_customer_000,cabinet_000,2026-08-31 08:00:00+00:00,0,0,0,0,True,True,False,23.8978171671697,-46.81684659538481,2.736632652859223,4.059269911235033,0.0,0.0,0.0,on,connected,True,synthetic_device_spec_v11
synthetic_customer_000,cabinet_000,2026-08-31 08:10:00+00:00,0,0,0,0,True,True,False,24.06606952250205,-50.10986270113405,2.7192897739177604,4.039417616940075,0.0,0.0,0.0026998431063343,on,connected,True,synthetic_device_spec_v11
synthetic_customer_000,cabinet_000,2026-08-31 08:20:00+00:00,0,0,0,0,True,True,False,23.749338913634837,-48.66082283134717,2.657625242920504,3.99609476491831,0.7345309864286379,0.0,0.0,on,connected,True,synthetic_device_spec_v11
synthetic_customer_000,cabinet_000,2026-08-31 08:30:00+00:00,0,0,0,0,True,True,False,23.36000542983469,-47.98241727839324,2.6794705439151105,4.031043234684412,1.4436224609133772,0.05392914221155415,0.0,on,connected,True,synthetic_device_spec_v11
synthetic_customer_000,cabinet_000,2026-08-31 08:40:00+00:00,0,0,0,0,True,True,False,23.032501496577247,-47.97622269529677,2.6220356301728778,3.943613536671851,0.5660609149525754,0.0,0.017411758305151844,on,connected,True,synthetic_device_spec_v11
synthetic_customer_000,cabinet_000,2026-08-31 08:50:00+00:00,0,0,0,0,True,True,False,22.9203005204781,-49.47007952521956,2.6242013422868973,4.040855831759429,0.0,0.014704593727003097,0.0,on,connected,True,synthetic_device_spec_v11
synthetic_customer_000,cabinet_000,2026-08-31 09:00:00+00:00,0,0,0,0,True,True,False,22.577013565058643,-49.87941714820535,2.5354782963827374,3.9294153022063227,0.39884947876027493,0.0,0.0032626738524165247,on,connected,True,synthetic_device_spec_v11
synthetic_customer_000,cabinet_000,2026-08-31 09:10:00+00:00,0,0,0,0,True,True,False,22.393890547481316,-47.622564897842715,2.496303950958628,4.052278708575183,0.130672430777182,0.01258018160550093,0.0031787708307830934,on,connected,True,synthetic_device_spec_v11
synthetic_customer_000,cabinet_000,2026-08-31 09:20:00+00:00,0,0,0,0,True,True,False,22.211028448679723,-49.15859374116731,2.4555580876544356,3.983588666345936,0.38732965824729093,0.024429586818503345,0.0,on,connected,True,synthetic_device_spec_v11
synthetic_customer_000,cabinet_000,2026-08-31 09:30:00+00:00,0,0,0,0,True,True,False,22.021586334875007,-47.16431630802118,2.4547797589555445,4.1452102655287995,0.24150314404043424,0.0,0.0,on,connected,True,synthetic_device_spec_v11
synthetic_customer_000,cabinet_000,2026-08-31 09:40:00+00:00,0,0,0,0,True,True,False,21.76392314228681,-49.232766909563395,2.4149357642809464,4.081813585817051,0.3979187839020872,0.006226748353056209,0.0,on,connected,True,synthetic_device_spec_v11
synthetic_customer_000,cabinet_000,2026-08-31 09:50:00+00:00,0,0,0,0,True,True,False,21.174551620863785,-46.728033471741696,2.3362411861463053,4.0352829135357835,0.0,0.0,0.0,on,connected,True,synthetic_device_spec_v11
synthetic_customer_000,cabinet_000,2026-08-31 10:00:00+00:00,0,0,0,0,True,True,False,21.369497573642313,-46.351725205062316,2.3107473525728923,3.921821848951584,0.0,0.0011208780641430844,0.0,on,connected,True,synthetic_device_spec_v11
synthetic_customer_000,cabinet_000,2026-08-31 10:10:00+00:00,0,0,0,0,True,True,False,20.76838991374537,-48.145228955780034,2.1975426009682084,4.0132867671551,0.37195486955033397,0.0,0.018918538427456257,on,connected,True,synthetic_device_spec_v11
synthetic_customer_000,cabinet_000,2026-08-31 10:20:00+00:00,0,0,0,0,True,True,False,20.580864527568064,-48.45500101360067,2.214664420802193,4.048836252086502,0.023058494131431916,0.025224898896740563,0.0,on,connected,True,synthetic_device_spec_v11
synthetic_customer_000,cabinet_000,2026-08-31 10:30:00+00:00,0,0,0,0,True,True,False,20.28273542606016,-47.76289218845551,2.17624090721992,3.960640176652553,0.0,0.0,0.0,on,connected,True,synthetic_device_spec_v11
synthetic_customer_000,cabinet_000,2026-08-31 10:40:00+00:00,0,0,0,0,True,True,False,19.95418094071819,-47.76013984618401,2.1810974651483277,3.882801012502278,1.2346384789311862,0.024249697163973804,0.016141262578126963,on,connected,True,synthetic_device_spec_v11
synthetic_customer_000,cabinet_000,2026-08-31 10:50:00+00:00,0,0,0,0,True,True,False,19.634231956832664,-48.82665365652995,2.2792084952781786,4.000843553095411,0.178155755472169,0.0,0.0,on,connected,True,synthetic_device_spec_v11
synthetic_customer_000,cabinet_000,2026-08-31 11:00:00+00:00,0,0,0,0,True,True,False,19.519721786445693,-46.73092917450274,2.174131809816768,3.967636454030781,0.0,0.04568811224852772,0.019333147542442707,on,connected,True,synthetic_device_spec_v11
synthetic_customer_000,cabinet_000,2026-08-31 11:10:00+00:00,0,0,0,0,True,True,False,19.279653468156493,-48.028221378254386,2.301762627588968,4.025304335444216,0.22740994226461564,0.0007152294119069807,0.0,on,connected,True,synthetic_device_spec_v11
synthetic_customer_000,cabinet_000,2026-08-31 11:20:00+00:00,0,0,0,0,True,True,False,18.810987085967948,-48.16695890233817,2.1376162069023805,3.8963380332033006,0.0,0.0,0.0,on,connected,True,synthetic_device_spec_v11
synthetic_customer_000,cabinet_000,2026-08-31 11:30:00+00:00,0,0,0,0,True,True,False,18.625821645133154,-47.892914600075926,2.2218290626717097,3.9802348630213484,0.0,0.0,0.0,on,connected,True,synthetic_device_spec_v11
synthetic_customer_000,cabinet_000,2026-08-31 12:10:00+00:00,1,1,1,1,True,True,False,24.01844791815224,-47.973979713688486,2.999602110409666,3.990261763330703,0.21928256306653393,0.019546979756797613,0.0,on,connected,True,synthetic_device_spec_v11
synthetic_customer_000,cabinet_000,2026-08-31 12:20:00+00:00,1,1,1,1,True,True,False,23.855918955085805,-49.259370726233726,2.9598746157301674,3.9594160712755735,0.0,0.050165550132784356,0.011064621270057444,on,connected,True,synthetic_device_spec_v11
synthetic_customer_000,cabinet_000,2026-08-31 12:30:00+00:00,1,1,1,1,True,True,False,24.01086438380476,-47.83481823557734,2.995593881367946,4.020534359595345,0.015664032398903644,0.0,0.009478562109603699,on,connected,True,synthetic_device_spec_v11
synthetic_customer_000,cabinet_000,2026-08-31 12:40:00+00:00,0,0,0,0,True,True,False,23.86536574522843,-47.98279191197888,3.0063044404411987,3.990636568723651,0.0,0.0,0.0,on,connected,True,synthetic_device_spec_v11
synthetic_customer_000,cabinet_000,2026-08-31 12:50:00+00:00,0,0,0,0,True,True,False,24.008263242900295,-47.92075198849719,2.9514086727339803,3.9650620637758096,0.0,0.0,0.0,on,connected,True,synthetic_device_spec_v11
synthetic_customer_000,cabinet_000,2026-08-31 13:00:00+00:00,0,0,0,0,True,True,False,24.123220077768885,-47.10620547813433,3.0151906848557193,4.105052508893606,0.17349497626112984,0.0,0.0,on,connected,True,synthetic_device_spec_v11
synthetic_customer_000,cabinet_000,2026-08-31 13:10:00+00:00,0,0,0,0,True,True,False,23.998792356510076,-49.061352181238924,2.9778630843200387,3.920781586182141,0.0,0.05496470454056055,0.0010932098705329339,on,connected,True,synthetic_device_spec_v11
synthetic_customer_000,cabinet_000,2026-08-31 13:20:00+00:00,0,0,0,0,True,True,False,24.3377919072396,-46.9431634177164,3.02231359575353,4.028593861429603,0.9347432742571498,0.0441728187955744,0.02244896522691435,on,connected,True,synthetic_device_spec_v11
synthetic_customer_000,cabinet_000,2026-08-31 13:30:00+00:00,0,0,0,0,True,True,False,24.008741417761325,-47.590311974288625,3.024576602633211,3.997564692767483,0.0,0.011912980287311086,0.0,on,connected,True,synthetic_device_spec_v11
synthetic_customer_000,cabinet_000,2026-08-31 13:40:00+00:00,0,0,0,0,True,True,False,23.987249980407267,-46.19276356428912,3.0053944395020844,4.0338991592116145,0.3203990615502576,0.0,0.0,on,connected,True,synthetic_device_spec_v11
synthetic_customer_000,cabinet_000,2026-08-31 13:50:00+00:00,0,0,0,0,True,True,False,24.043955688423924,-48.45706044668971,3.1054588192391694,4.099728431345596,0.0,0.0,0.0,on,connected,True,synthetic_device_spec_v11
synthetic_customer_000,cabinet_000,2026-08-31 14:00:00+00:00,0,0,0,0,True,True,False,24.302770153111084,-48.65955190378365,3.0318526602386897,4.051163924559278,0.7841474562678398,0.02437174651723998,0.0,on,connected,True,synthetic_device_spec_v11
synthetic_customer_000,cabinet_000,2026-08-31 14:10:00+00:00,0,0,0,0,True,True,False,23.902717230947427,-47.6898138830989,2.973954832903041,4.0560792500063485,0.7958664276685878,0.0,0.006637902681135798,on,connected,True,synthetic_device_spec_v11
synthetic_customer_000,cabinet_000,2026-08-31 14:20:00+00:00,0,0,0,0,True,True,False,24.155480515912952,-48.372178245970815,2.897583383158327,3.9439124899432447,0.10012973815969337,0.0012988619489655972,0.0,on,connected,True,synthetic_device_spec_v11
synthetic_customer_000,cabinet_000,2026-08-31 14:30:00+00:00,0,0,0,0,True,True,False,23.919326732531825,-46.30373057439775,2.987154380824279,4.066821852243094,0.0,0.01164163351521062,0.005949843193568645,on,connected,True,synthetic_device_spec_v11
synthetic_customer_000,cabinet_000,2026-08-31 14:40:00+00:00,0,0,0,0,True,True,False,24.315529614474116,-48.484396991270465,2.9601942065801916,3.9716667189577137,0.09327646551607949,0.0,0.0013002531038737023,on,connected,True,synthetic_device_spec_v11
synthetic_customer_000,cabinet_000,2026-08-31 14:50:00+00:00,0,0,0,0,True,True,False,23.934162011774983,-49.445740079137806,3.0059712803959773,4.051173275303285,0.02410747989641677,0.018272896550560063,0.00203968484292434,on,connected,True,synthetic_device_spec_v11
synthetic_customer_000,cabinet_000,2026-08-31 15:00:00+00:00,0,0,0,0,True,True,False,23.743689674573602,-49.29379119982869,3.0281172577537987,3.911753990534719,0.12828542833165657,0.015482751626126084,0.003258225732203351,on,connected,True,synthetic_device_spec_v11
synthetic_customer_000,cabinet_000,2026-08-31 15:10:00+00:00,0,0,0,0,True,True,False,23.928584342735224,-46.91863858595289,3.0003344885797105,3.953861152601623,0.0,0.0,0.0,on,connected,True,synthetic_device_spec_v11
synthetic_customer_000,cabinet_000,2026-08-31 15:20:00+00:00,0,0,0,0,True,True,False,23.973575921553536,-49.325351704570224,2.9993495155827405,3.914283889200661,0.33264726059766825,0.0,0.023425665382200693,on,connected,True,synthetic_device_spec_v11
synthetic_customer_000,cabinet_000,2026-08-31 15:30:00+00:00,0,0,0,0,True,True,False,24.04633085384928,-48.947126532292145,3.0220049329486165,3.967119207842123,0.20430400665005857,0.0,0.0,on,connected,True,synthetic_device_spec_v11
synthetic_customer_000,cabinet_000,2026-08-31 15:40:00+00:00,0,0,0,0,True,True,False,24.18109387822306,-49.396036425546335,2.927649665315558,3.9472795451938496,0.5441728825515111,0.0,0.0,on,connected,True,synthetic_device_spec_v11
synthetic_customer_000,cabinet_000,2026-08-31 15:50:00+00:00,0,0,0,0,True,True,False,23.958446535184432,-48.65491958429735,3.016585418502482,4.0665416401981735,0.749762331679669,0.0,0.0,on,connected,True,synthetic_device_spec_v11
synthetic_customer_000,cabinet_000,2026-08-31 16:00:00+00:00,0,0,0,0,True,True,False,24.072121643211716,-47.09522557606776,2.9634442683102438,3.9548546016725274,0.10890172909827162,0.0,0.0101916669199667,on,connected,True,synthetic_device_spec_v11
synthetic_customer_000,cabinet_000,2026-08-31 16:10:00+00:00,0,0,0,0,True,True,False,23.680033148577714,-49.009992915881966,2.9594923634629873,3.9646666976154252,0.0,0.030775601000063813,0.01952728751229724,on,connected,True,synthetic_device_spec_v11
synthetic_customer_000,cabinet_000,2026-08-31 16:20:00+00:00,0,0,0,0,True,True,False,24.08673671131202,-47.55067247180932,2.9880681856157496,3.9848122969580366,0.0,0.0005143496211734159,0.003934150264256814,on,connected,True,synthetic_device_spec_v11
synthetic_customer_000,cabinet_000,2026-08-31 16:30:00+00:00,0,0,0,0,True,True,False,24.023400070643056,-46.35779684109824,3.009973900084814,3.9856554597655536,0.0,0.0,0.0,on,connected,True,synthetic_device_spec_v11
synthetic_customer_000,cabinet_000,2026-08-31 16:40:00+00:00,0,0,0,0,True,True,False,24.00450288203601,-48.89865137912649,2.987583310490047,4.059618287044963,0.6242293364948912,0.014930791023564947,0.0009547189620347686,on,connected,True,synthetic_device_spec_v11
synthetic_customer_000,cabinet_000,2026-08-31 16:50:00+00:00,0,0,0,0,True,True,False,24.1364334184745,-47.91401034833447,2.9547846409646454,4.008641771481491,0.0,0.006667769715267512,0.018406949276538347,on,connected,True,synthetic_device_spec_v11
synthetic_customer_000,cabinet_000,2026-08-31 17:00:00+00:00,0,0,0,0,True,True,False,23.86796507434023,-47.71481273600244,2.978671907952128,4.0002921241225335,0.8560606391071308,0.0,0.0,on,connected,True,synthetic_device_spec_v11
synthetic_customer_000,cabinet_000,2026-08-31 17:10:00+00:00,0,0,0,0,True,True,False,23.96628042543103,-48.702205720856355,3.0955499318695026,3.9803526700665937,0.4169170494164763,0.0,0.0,on,connected,True,synthetic_device_spec_v11
synthetic_customer_000,cabinet_000,2026-08-31 17:20:00+00:00,0,0,0,0,True,True,False,24.061177480727526,-48.229301989722465,2.9735073233373743,4.051210151894225,0.29716767419231377,0.0,0.0,on,connected,True,synthetic_device_spec_v11
synthetic_customer_000,cabinet_000,2026-08-31 17:30:00+00:00,0,0,0,0,True,True,False,23.886423378300247,-48.45790047939632,2.9300958807436635,4.026804311892729,0.0,0.0,0.019283313747002876,on,connected,True,synthetic_device_spec_v11
synthetic_customer_000,cabinet_000,2026-08-31 17:40:00+00:00,0,0,0,0,True,True,False,23.892555836159623,-47.89639367905386,2.9895809853541166,3.950925507977265,0.0,0.0,0.02577566402092436,on,connected,True,synthetic_device_spec_v11
synthetic_customer_000,cabinet_000,2026-08-31 17:50:00+00:00,0,0,0,0,True,True,False,23.713544719677838,-49.010619151743164,2.9812447165527325,3.952203348841562,0.0,0.0,0.0,on,connected,True,synthetic_device_spec_v11
synthetic_customer_000,cabinet_000,2026-08-31 18:00:00+00:00,0,0,0,0,True,True,False,24.113007220737956,-47.900173019220695,3.051735415592884,4.037149466107745,0.32796452455908937,0.0,0.0,on,connected,True,synthetic_device_spec_v11
synthetic_customer_000,cabinet_000,2026-08-31 18:10:00+00:00,1,1,1,1,True,True,False,24.1253538004807,-47.04701269059573,3.0466785834504257,3.95257812996457,0.0,0.0032509448526029227,0.014071469420999183,on,connected,True,synthetic_device_spec_v11
synthetic_customer_000,cabinet_000,2026-08-31 18:20:00+00:00,1,1,1,1,True,True,False,23.773518637391415,-47.02073015924046,2.9211753399179257,4.030328053506374,0.2319611982586971,0.0,0.0,on,connected,True,synthetic_device_spec_v11
synthetic_customer_000,cabinet_000,2026-08-31 18:30:00+00:00,1,1,1,1,True,True,False,24.320723925124618,-47.37361430375543,2.985037564557426,4.006506777579693,0.0,0.0,0.0,on,connected,True,synthetic_device_spec_v11
synthetic_customer_000,cabinet_000,2026-08-31 18:40:00+00:00,0,0,0,0,True,True,False,24.216001135892967,-50.16437403673726,2.931333044772194,4.052487929380035,0.6812544106818097,0.0,0.018938826645485272,on,connected,True,synthetic_device_spec_v11
synthetic_customer_000,cabinet_000,2026-08-31 18:50:00+00:00,0,0,0,0,True,True,False,24.3037729366326,-48.09824429827605,3.0607269107604282,4.007110920248437,0.0,0.0,7.412995179935252e-05,on,connected,True,synthetic_device_spec_v11
synthetic_customer_000,cabinet_000,2026-08-31 19:00:00+00:00,0,0,0,0,True,True,False,24.091620462533115,-49.12022466691154,3.0226185676768633,3.9708277478869443,0.0,0.01951890791239598,0.013375486533849444,on,connected,True,synthetic_device_spec_v11
synthetic_customer_000,cabinet_000,2026-08-31 19:10:00+00:00,0,0,0,0,True,True,False,23.985930222172914,-48.030661765520236,3.044587524442371,3.979108329211088,0.6200750919489176,0.018435321265441496,0.0,on,connected,True,synthetic_device_spec_v11
synthetic_customer_000,cabinet_000,2026-08-31 19:20:00+00:00,0,0,0,0,True,True,False,24.280090924497756,-49.13003543374192,3.0276313275803672,4.049553458355825,0.17802119555068038,0.002851095732228767,0.014623553062101632,on,connected,True,synthetic_device_spec_v11
synthetic_customer_000,cabinet_000,2026-08-31 19:30:00+00:00,0,0,0,0,True,True,False,24.148078953151614,-49.402195088712546,3.0478854646488034,3.9604460354321147,0.0,0.025994398783103063,0.001085261878886066,on,connected,True,synthetic_device_spec_v11
synthetic_customer_000,cabinet_000,2026-08-31 19:40:00+00:00,0,0,0,0,True,True,False,23.856463429409075,-47.888305494528,2.951688910274271,4.023193476419125,0.5221244246568113,0.0071206783677634266,0.0,on,connected,True,synthetic_device_spec_v11
synthetic_customer_000,cabinet_000,2026-08-31 19:50:00+00:00,0,0,0,0,True,True,False,23.864936869366513,-49.144420071947216,2.9989891050811575,3.93628114332564,0.0,0.02930407804802956,0.0,on,connected,True,synthetic_device_spec_v11
synthetic_customer_000,cabinet_000,2026-08-31 20:00:00+00:00,0,0,0,0,True,True,False,24.03903265167973,-48.528866074389356,2.9858788265331846,4.059789813924946,0.0,0.02730559080921296,0.03285535250307615,on,connected,True,synthetic_device_spec_v11
synthetic_customer_000,cabinet_000,2026-08-31 20:10:00+00:00,0,0,0,0,True,True,False,23.96762740167145,-48.72288119957509,2.9969214110886058,4.007963723140967,0.17224938774134374,0.0,0.0,on,connected,True,synthetic_device_spec_v11
synthetic_customer_000,cabinet_000,2026-08-31 20:20:00+00:00,0,0,0,0,True,True,False,24.030028256484243,-48.66925997113273,3.0408085294591873,3.9938351374166414,0.6021083062140336,0.014303926387907617,0.0,on,connected,True,synthetic_device_spec_v11
synthetic_customer_000,cabinet_000,2026-08-31 20:30:00+00:00,0,0,0,0,True,True,False,23.945327219518077,-49.59474042359363,2.9528189835363086,4.028656483865299,0.0,0.05192878160288772,0.0,on,connected,True,synthetic_device_spec_v11
synthetic_customer_000,cabinet_000,2026-08-31 20:40:00+00:00,0,0,0,0,True,True,False,24.00631036792923,-49.055887422858596,3.088483779311472,3.9053233746576597,0.0,0.00302664204238931,0.00351959931347089,on,connected,True,synthetic_device_spec_v11
synthetic_customer_000,cabinet_000,2026-08-31 20:50:00+00:00,0,0,0,0,True,True,False,23.938235008517438,-50.80909930114921,3.0143584803568055,3.9997597533748617,0.0,0.0,0.0,on,connected,True,synthetic_device_spec_v11
synthetic_customer_000,cabinet_000,2026-08-31 21:00:00+00:00,0,0,0,0,True,True,False,23.990045088094487,-47.360116593064554,2.8822555129305725,4.02749046877153,0.0,0.0,0.0,on,connected,True,synthetic_device_spec_v11
synthetic_customer_000,cabinet_000,2026-08-31 21:10:00+00:00,0,0,0,0,True,True,False,24.003437908025717,-48.15872753491394,2.9930988482722154,3.9354968454935264,0.0,0.0,0.0,on,connected,True,synthetic_device_spec_v11
synthetic_customer_000,cabinet_000,2026-08-31 21:20:00+00:00,0,0,0,0,True,True,False,24.003923813966498,-48.346677745896926,2.980669982666677,3.9280693051933038,0.13611147800390921,0.0,0.0,on,connected,True,synthetic_device_spec_v11
synthetic_customer_000,cabinet_000,2026-08-31 21:30:00+00:00,0,0,0,0,True,True,False,24.015607825884143,-47.974530435526596,3.007966848794045,4.011005546707353,0.10252214487517121,0.03791241238883344,0.019274608586794403,on,connected,True,synthetic_device_spec_v11
synthetic_customer_000,cabinet_000,2026-08-31 21:40:00+00:00,0,0,0,0,True,True,False,23.882744122506878,-47.88008968473624,2.938572099060776,4.0357901619882774,0.4092127685689726,0.0019500105544023056,0.0,on,connected,True,synthetic_device_spec_v11
synthetic_customer_000,cabinet_000,2026-08-31 21:50:00+00:00,0,0,0,0,True,True,False,24.055163796816938,-46.1337182922543,2.9429345155091635,3.9401994937161122,0.40807442799913457,0.0,0.0,on,connected,True,synthetic_device_spec_v11
synthetic_customer_000,cabinet_000,2026-08-31 22:00:00+00:00,0,0,0,0,True,True,False,24.300156001206414,-46.76693666906602,3.0197900336354793,3.931111134580075,0.0,0.0163863145587703,0.006817953600052302,on,connected,True,synthetic_device_spec_v11
synthetic_customer_000,cabinet_000,2026-08-31 22:10:00+00:00,0,0,0,0,True,True,False,24.07042401872109,-48.38772899062014,3.0811928484046827,4.013947049163399,0.0,0.0,0.02233125840438137,on,connected,True,synthetic_device_spec_v11
synthetic_customer_000,cabinet_000,2026-08-31 22:20:00+00:00,0,0,0,0,True,True,False,23.894181523021302,-46.88939556373028,3.043375267097131,4.004834786555739,0.0,0.0,0.009379644449850337,on,connected,True,synthetic_device_spec_v11
synthetic_customer_000,cabinet_000,2026-08-31 22:30:00+00:00,0,0,0,0,True,True,False,23.893834345550264,-47.30318244499547,3.07204677170556,3.98635926440821,0.09793621552173472,0.022621799210248615,0.0,on,connected,True,synthetic_device_spec_v11
synthetic_customer_000,cabinet_000,2026-08-31 22:40:00+00:00,0,0,0,0,True,True,False,24.158968440095222,-47.058597983780736,2.9744296858501333,3.959226564274883,0.0,0.0355109266428073,0.0,on,connected,True,synthetic_device_spec_v11
synthetic_customer_000,cabinet_000,2026-08-31 22:50:00+00:00,0,0,0,0,True,True,False,24.239417763320724,-48.55188831620258,3.050198011511776,4.032138334830899,1.0371418809763344,0.0,0.0026743113174819283,on,connected,True,synthetic_device_spec_v11
synthetic_customer_000,cabinet_000,2026-08-31 23:00:00+00:00,0,0,0,0,True,True,False,24.131751842476532,-48.596158259443584,2.953572197948414,3.9478553636859854,0.3844151115785726,0.0,0.005480507199433214,on,connected,True,synthetic_device_spec_v11
synthetic_customer_000,cabinet_000,2026-08-31 23:10:00+00:00,0,0,0,0,True,True,False,24.169400348297707,-48.3052400235422,3.004911979464735,3.9745494200523592,0.0,0.04008028585163553,0.0,on,connected,True,synthetic_device_spec_v11
synthetic_customer_000,cabinet_000,2026-08-31 23:20:00+00:00,0,0,0,0,True,True,False,23.925113250184182,-48.324226003218605,3.040335085104626,4.036383986307866,0.0,0.0145952554770387,0.0,on,connected,True,synthetic_device_spec_v11
synthetic_customer_000,cabinet_000,2026-08-31 23:30:00+00:00,0,0,0,0,True,True,False,24.05818748177389,-49.59154907256071,2.9581497376811825,3.937672140720637,0.0,0.0,0.0,on,connected,True,synthetic_device_spec_v11
synthetic_customer_000,cabinet_000,2026-08-31 23:40:00+00:00,0,0,0,0,True,True,False,24.1941070282335,-46.70975030250789,2.914894739622454,4.014674120604554,0.0,0.0,0.01254704485234999,on,connected,True,synthetic_device_spec_v11
synthetic_customer_000,cabinet_000,2026-08-31 23:50:00+00:00,0,0,0,0,True,True,False,23.884580107997547,-48.048690982778645,2.8169109961822576,3.96351394832561,0.0,0.0,0.006663824187389551,on,connected,True,synthetic_device_spec_v11
synthetic_customer_000,cabinet_000,2026-09-01 00:00:00+00:00,0,0,0,0,True,True,False,24.08369579878552,-48.69218864748092,2.63069349474588,4.076225890741176,0.0,0.02722354328930713,0.0,on,connected,True,synthetic_device_spec_v11
synthetic_customer_000,cabinet_000,2026-09-01 00:10:00+00:00,1,1,1,1,True,True,False,24.305218070382356,-49.077523899887915,2.4542609382112657,4.099577231882937,0.0,0.02431172563077392,0.019944343972484777,on,connected,True,synthetic_device_spec_v11
synthetic_customer_000,cabinet_000,2026-09-01 00:20:00+00:00,1,1,1,1,True,True,False,23.904253324586783,-46.454159612252404,2.392783765506467,4.026740651122073,0.0,0.012531664342523098,0.020475535661692912,on,connected,True,synthetic_device_spec_v11
synthetic_customer_000,cabinet_000,2026-09-01 00:30:00+00:00,1,1,1,1,True,True,False,23.964114731072186,-48.74184964451252,2.2227297094232332,4.034457723803689,0.0,0.0,0.0,on,connected,True,synthetic_device_spec_v11
synthetic_customer_000,cabinet_000,2026-09-01 00:40:00+00:00,0,0,0,0,True,True,False,23.9212422826575,-47.45680642493342,2.078725042450108,4.01668217905536,0.0,0.01004479925878841,0.010006317453081358,on,connected,True,synthetic_device_spec_v11
synthetic_customer_000,cabinet_000,2026-09-01 00:50:00+00:00,0,0,0,0,True,True,False,23.854719228257967,-48.551461232626664,1.943500947580814,4.007852957226258,0.0,0.0,0.013337325365227628,on,connected,True,synthetic_device_spec_v11
synthetic_customer_000,cabinet_000,2026-09-01 01:00:00+00:00,0,0,0,0,True,True,False,23.926490323076305,-45.05141456896629,1.8184341451116024,3.9287783801584024,0.0,0.0,0.029494694544662314,on,connected,True,synthetic_device_spec_v11
synthetic_customer_000,cabinet_000,2026-09-01 01:10:00+00:00,0,0,0,0,True,True,False,24.15182384526747,-46.757106231549685,1.7026316287378065,3.982531300836928,0.0,0.013164996293487417,0.003264651722208108,on,connected,True,synthetic_device_spec_v11
synthetic_customer_000,cabinet_000,2026-09-01 01:20:00+00:00,0,0,0,0,True,True,False,23.863288164878455,-49.08619017012631,1.5354042884454178,4.109131497433498,0.0,0.0013761392922256163,0.0,on,connected,True,synthetic_device_spec_v11
synthetic_customer_000,cabinet_000,2026-09-01 01:30:00+00:00,0,0,0,0,True,True,False,23.818129417353454,-47.593039188596606,1.4601765708796468,4.001876873831409,0.0,0.0,0.01457861090692489,on,connected,True,synthetic_device_spec_v11
synthetic_customer_000,cabinet_000,2026-09-01 01:40:00+00:00,0,0,0,0,True,True,False,24.164637269488416,-48.566882056727074,1.2217739168985178,3.975544800123361,0.18307817188649048,0.0028400586387433654,0.018665500416084266,on,connected,True,synthetic_device_spec_v11
synthetic_customer_000,cabinet_000,2026-09-01 01:50:00+00:00,0,0,0,0,True,True,False,24.083119762367076,-47.43771211235991,1.107356214893325,4.09000238896495,0.05265463496554856,0.009998363045267149,0.0,on,connected,True,synthetic_device_spec_v11
synthetic_customer_000,cabinet_000,2026-09-01 02:00:00+00:00,0,0,0,0,True,True,False,23.982106777937123,-49.36086285541173,1.0102118908258468,4.057455104623296,0.6077574838379671,0.03732039243308776,0.01737755811719302,on,connected,True,synthetic_device_spec_v11
synthetic_customer_000,cabinet_000,2026-09-01 02:10:00+00:00,0,0,0,0,True,True,False,24.162249210204912,-49.83980718282747,0.9950368584899538,3.99954770686902,0.0,0.0,0.0288650630856628,on,connected,True,synthetic_device_spec_v11
synthetic_customer_000,cabinet_000,2026-09-01 02:20:00+00:00,0,0,0,0,True,True,False,24.089560360022265,-49.171791670976056,1.0751713160337604,4.10758933216752,0.7643529184563681,0.0,0.0,on,connected,True,synthetic_device_spec_v11
synthetic_customer_000,cabinet_000,2026-09-01 02:30:00+00:00,0,0,0,0,True,True,False,23.847918191178874,-48.609918028374985,0.969341982090389,4.044365222988243,0.0,0.025651927589924246,0.0,on,connected,True,synthetic_device_spec_v11
synthetic_customer_000,cabinet_000,2026-09-01 02:40:00+00:00,0,0,0,0,True,True,False,23.789460768303698,-48.58763376303652,1.007981713483831,4.114251681379381,0.08192988755825467,0.0,0.011310001038801091,on,connected,True,synthetic_device_spec_v11
synthetic_customer_000,cabinet_000,2026-09-01 02:50:00+00:00,0,0,0,0,True,True,False,23.942362430950656,-49.06043515626457,0.9768339075076065,4.079189561734766,0.6841605289069713,0.01493056710938266,0.0,on,connected,True,synthetic_device_spec_v11
synthetic_customer_000,cabinet_000,2026-09-01 03:00:00+00:00,0,0,0,0,True,True,False,23.847328004625655,-47.930738020774676,1.0484574991428341,4.018067612974313,0.0,0.001559237554452113,0.0,on,connected,True,synthetic_device_spec_v11
synthetic_customer_000,cabinet_000,2026-09-01 03:10:00+00:00,0,0,0,0,True,True,False,23.977137589796822,-47.516338900386764,1.0904345041568073,4.002842001318785,0.24959112195590394,0.0,0.0,on,connected,True,synthetic_device_spec_v11
synthetic_customer_000,cabinet_000,2026-09-01 03:20:00+00:00,0,0,0,0,True,True,False,23.91375356592205,-49.1968398025984,3.014527029256328,3.926220633590947,0.6151001269091262,0.00818957659183025,0.007479657842620419,on,connected,True,synthetic_device_spec_v11
synthetic_customer_000,cabinet_000,2026-09-01 03:30:00+00:00,0,0,0,0,True,True,False,23.917068597212545,-47.63043217318776,2.95902452107892,3.9699426500824075,0.0,0.0,0.0,on,connected,True,synthetic_device_spec_v11
synthetic_customer_000,cabinet_000,2026-09-01 03:40:00+00:00,0,0,0,0,True,True,False,23.935983554283492,-46.84734149440568,3.0625826661757465,3.9556805870411127,0.0,0.0,0.024227032250434277,on,connected,True,synthetic_device_spec_v11
synthetic_customer_000,cabinet_000,2026-09-01 03:50:00+00:00,0,0,0,0,True,True,False,23.950445438617507,-49.330629224166366,3.0156820741697774,4.018440640544079,0.31371243111625585,0.006969615952991147,0.0,on,connected,True,synthetic_device_spec_v11
synthetic_customer_000,cabinet_000,2026-09-01 04:00:00+00:00,0,0,0,0,True,True,False,23.888554459297985,-48.776872828227106,2.942542333526137,4.110514585362894,0.946188627393953,0.0,0.0,on,connected,True,synthetic_device_spec_v11
synthetic_customer_000,cabinet_000,2026-09-01 04:10:00+00:00,0,0,0,0,True,True,False,24.058949356470297,-46.49518562475359,2.943363622743114,4.056429217468214,0.9067050297923426,0.017429775572556747,0.0,on,connected,True,synthetic_device_spec_v11
synthetic_customer_000,cabinet_000,2026-09-01 04:20:00+00:00,0,0,0,0,True,True,False,23.87989861422845,-48.00536921136411,2.992990103166624,3.937506060882308,0.6221760128168284,0.0,0.020514505462039253,on,connected,True,synthetic_device_spec_v11
synthetic_customer_000,cabinet_000,2026-09-01 04:30:00+00:00,0,0,0,0,True,True,False,23.99860016879862,-47.79469023604214,2.9958542850514425,3.9873282156961554,0.0,0.016095932663728905,0.0031022382100770567,on,connected,True,synthetic_device_spec_v11
synthetic_customer_000,cabinet_000,2026-09-01 04:40:00+00:00,0,0,0,0,True,True,False,23.96400839285667,-47.44512960138785,3.041971856345015,4.1221369018218486,0.0,0.0,0.0,on,connected,True,synthetic_device_spec_v11
synthetic_customer_000,cabinet_000,2026-09-01 04:50:00+00:00,0,0,0,0,True,True,False,23.89081322632386,-48.38158076370713,2.9417672371863754,4.131805711972989,0.0,0.03907116138249131,0.02630555719564307,on,connected,True,synthetic_device_spec_v11
synthetic_customer_000,cabinet_000,2026-09-01 05:00:00+00:00,0,0,0,0,True,True,False,24.072489821929437,-48.24654501810706,3.0272450890622085,4.00171243725052,0.0,0.00015402162602969717,0.0,on,connected,True,synthetic_device_spec_v11
synthetic_customer_000,cabinet_000,2026-09-01 05:10:00+00:00,0,0,0,0,True,True,False,23.993302591198272,-48.05014037729302,3.0851998916788297,3.948757759517137,0.28676441385915946,0.015738894799823922,0.0043460267080123295,on,connected,True,synthetic_device_spec_v11
synthetic_customer_000,cabinet_000,2026-09-01 05:20:00+00:00,0,0,0,0,True,True,False,24.07636757613482,-50.49443357356695,2.9579444500383754,4.003374809969287,0.10995777097965671,0.0,0.016154602355426533,on,connected,True,synthetic_device_spec_v11
synthetic_customer_000,cabinet_000,2026-09-01 05:30:00+00:00,0,0,0,0,True,True,False,24.172268464460156,-48.07960257897653,3.0503113031106177,4.008139470928966,0.8379965052392071,0.029578114903557096,0.003769647440185486,on,connected,True,synthetic_device_spec_v11
synthetic_customer_000,cabinet_000,2026-09-01 05:40:00+00:00,0,0,0,0,True,True,False,23.992540276187082,-46.65568492423315,2.906916094596624,4.027586049117097,0.0,0.0,0.0,on,connected,True,synthetic_device_spec_v11
synthetic_customer_000,cabinet_000,2026-09-01 05:50:00+00:00,0,0,0,0,True,True,False,24.136893446621887,-47.08913990477237,3.045957056097764,3.976008142724882,0.657769237030107,0.0,0.0,on,connected,True,synthetic_device_spec_v11
synthetic_customer_000,cabinet_000,2026-09-01 06:00:00+00:00,0,0,0,0,True,True,False,24.083721678936033,-48.56076579798213,2.9223908024852903,4.003952770739904,0.07475571523333562,0.0,0.0,on,connected,True,synthetic_device_spec_v11
synthetic_customer_000,cabinet_000,2026-09-01 06:10:00+00:00,1,1,1,1,True,True,False,23.942006438931916,-48.77330871279041,3.01146991631722,3.948913764681065,0.2595859395448584,0.0,0.015793551456459644,on,connected,True,synthetic_device_spec_v11
synthetic_customer_000,cabinet_000,2026-09-01 06:20:00+00:00,1,1,1,1,True,True,False,23.921517705144847,-48.89115806630557,2.973592726202564,4.0910032318726355,2.455667615569946,0.0,0.0,on,connected,True,synthetic_device_spec_v11
synthetic_customer_000,cabinet_000,2026-09-01 06:30:00+00:00,1,1,1,1,True,True,False,23.923934864999175,-51.20625455546527,2.9881258071368366,3.9913119366371674,2.7932575655702205,0.05891883071972705,0.00860041548403187,on,connected,True,synthetic_device_spec_v11
synthetic_customer_000,cabinet_000,2026-09-01 06:40:00+00:00,0,0,0,0,True,True,False,24.005918212014176,-54.25980968029916,3.0400013768873424,3.9410627331287924,5.800421457637368,0.14850238464983412,0.00811630863795466,on,connected,True,synthetic_device_spec_v11
synthetic_customer_000,cabinet_000,2026-09-01 06:50:00+00:00,0,0,0,0,True,True,False,23.893806751134232,-56.958308773942875,2.9906399740308105,3.8840987638079323,7.09530948701417,0.19950728839459322,0.0231110176339622,on,connected,True,synthetic_device_spec_v11
synthetic_customer_000,cabinet_000,2026-09-01 07:00:00+00:00,0,0,0,0,True,True,False,24.123693012916128,-56.7905361565565,2.9343001644036635,4.010314428994156,9.37570443686497,0.16339025204459354,0.012424460378300799,on,connected,True,synthetic_device_spec_v11
synthetic_customer_000,cabinet_000,2026-09-01 07:10:00+00:00,0,0,0,0,True,True,False,23.8074918000566,-60.333214357941465,3.0212712563000537,4.102067700086972,9.600475833242626,0.2556952861288915,0.00890726647807376,on,connected,True,synthetic_device_spec_v11
synthetic_customer_000,cabinet_000,2026-09-01 07:20:00+00:00,0,0,0,0,True,True,False,23.378205194910024,-61.458220918294714,3.0115841946229103,3.9046101427360496,11.43853781757059,0.20859162674402093,0.0037500745091421745,on,connected,True,synthetic_device_spec_v11
synthetic_customer_000,cabinet_000,2026-09-01 07:30:00+00:00,0,0,0,0,True,True,False,23.422300348541704,-64.54203746710427,3.008829187362377,4.020650331982389,13.851306832053538,0.30917550606078437,0.0,on,connected,True,synthetic_device_spec_v11
synthetic_customer_000,cabinet_000,2026-09-01 07:40:00+00:00,0,0,0,0,True,True,False,22.77183329989889,-67.85301715063072,3.0200961040161425,3.967348076905854,14.619587164374408,0.31857005015749185,0.0,on,connected,True,synthetic_device_spec_v11
synthetic_customer_000,cabinet_000,2026-09-01 07:50:00+00:00,0,0,0,0,True,True,False,22.778289333847663,-68.21335833458946,2.9541815332270365,4.0408802178055465,17.07063602920851,0.3622240570817076,0.0,on,connected,True,synthetic_device_spec_v11
synthetic_customer_000,cabinet_000,2026-09-01 08:00:00+00:00,0,0,0,0,True,True,False,22.529291906948075,-70.5093469581214,3.0174342826888334,4.01831176098128,17.009900438354787,0.402036828204271,0.005464471726692839,on,connected,True,synthetic_device_spec_v11
synthetic_customer_000,cabinet_000,2026-09-01 08:10:00+00:00,0,0,0,0,True,True,False,22.111032386242687,-73.12420103440449,3.0449748155840815,3.974339571951044,20.28470650781378,0.48300228575195037,0.0,on,connected,True,synthetic_device_spec_v11
synthetic_customer_000,cabinet_000,2026-09-01 08:20:00+00:00,0,0,0,0,True,True,False,21.677430008601704,-74.9261489523266,3.0234082149591597,3.8875899968554344,19.787354320265393,0.5288581385458855,0.02343768968261347,on,connected,True,synthetic_device_spec_v11
synthetic_customer_000,cabinet_000,2026-09-01 08:30:00+00:00,0,0,0,0,True,True,False,21.637938905737897,-77.13310884847355,2.978911037795385,4.032959746724849,22.13989106019722,0.5391262991263007,0.018342438944681055,on,connected,True,synthetic_device_spec_v11
synthetic_customer_000,cabinet_000,2026-09-01 08:40:00+00:00,0,0,0,0,True,True,False,21.1900440343695,-78.95447972972941,3.020837678146253,3.9551923512881513,23.97023931222665,0.5809280271932309,0.01617103143732423,on,connected,True,synthetic_device_spec_v11
synthetic_customer_000,cabinet_000,2026-09-01 08:50:00+00:00,0,0,0,0,True,True,False,20.89593480639604,-82.36481392143796,3.0462360672055624,3.933759789501981,25.325100996700268,0.5931329333354302,0.0,on,connected,True,synthetic_device_spec_v11
synthetic_customer_000,cabinet_000,2026-09-01 09:00:00+00:00,0,0,0,0,True,True,False,20.434592633516857,-81.74278128669131,2.9341985017598406,3.952251794552684,24.69744418007526,0.6409170105936973,0.00369875424109315,on,connected,True,synthetic_device_spec_v11
synthetic_customer_000,cabinet_000,2026-09-01 11:00:00+00:00,0,0,0,0,True,True,False,23.894985309182843,-48.71135685155167,3.0539025216614384,4.078450168402951,0.17125524065166933,0.009529216742753683,0.03689128407611144,on,connected,True,synthetic_device_spec_v11
synthetic_customer_000,cabinet_000,2026-09-01 11:10:00+00:00,0,0,0,0,True,True,False,24.07824319998797,-48.25261770651521,3.002519961470571,4.038708186548451,0.34577297998275675,0.004108207097715309,0.0174776217566299,on,connected,True,synthetic_device_spec_v11
synthetic_customer_000,cabinet_000,2026-09-01 11:20:00+00:00,0,0,0,0,True,True,False,23.81405903152098,-47.91401444476961,2.9785486161065204,4.0591568813289465,0.3957642563684463,0.008451044336073498,0.00821738808020527,on,connected,True,synthetic_device_spec_v11
synthetic_customer_000,cabinet_000,2026-09-01 11:30:00+00:00,0,0,0,0,True,True,False,23.92259754045794,-47.14200418125596,2.9235885359044937,3.9906476958798205,0.38903097773742057,0.0,0.0009120984462876807,on,connected,True,synthetic_device_spec_v11
synthetic_customer_000,cabinet_000,2026-09-01 11:40:00+00:00,0,0,0,0,True,True,False,23.978980386564828,-48.45608822350037,2.9458564743128823,3.927888903460056,0.0,0.0006444944615311407,0.01268870870787015,on,connected,True,synthetic_device_spec_v11
synthetic_customer_000,cabinet_000,2026-09-01 11:50:00+00:00,0,0,0,0,True,True,False,23.881988052861995,-48.03012834140177,3.0310017196774925,4.0259785501173795,0.5563364182008194,0.0,0.0,on,connected,True,synthetic_device_spec_v11
synthetic_customer_000,cabinet_000,2026-09-01 12:00:00+00:00,0,0,0,0,True,True,False,23.86469911429596,-48.25109965795341,2.994064418130371,3.9424624639448282,0.009242134608292128,0.021225545226514753,0.0,on,connected,True,synthetic_device_spec_v11
synthetic_customer_000,cabinet_000,2026-09-01 12:10:00+00:00,1,1,1,1,True,True,False,23.92694200043046,-49.27791461214681,2.973741667051221,4.016774571474434,0.07136376428028753,0.0,0.0,on,connected,True,synthetic_device_spec_v11
synthetic_customer_000,cabinet_000,2026-09-01 12:20:00+00:00,1,1,1,1,True,True,False,23.854020222529545,-46.37629670162456,2.9831159147933946,4.0019674304169435,0.0,0.00893005431344991,0.01242184271589594,on,connected,True,synthetic_device_spec_v11
synthetic_customer_000,cabinet_000,2026-09-01 12:30:00+00:00,1,1,1,1,True,True,False,24.040296322487887,-48.76693610348072,3.03412507827356,4.020216125784659,1.301580178021731,0.0,0.0,on,connected,True,synthetic_device_spec_v11
synthetic_customer_000,cabinet_000,2026-09-01 12:40:00+00:00,0,0,0,0,True,True,False,23.96877664514604,-47.649711052492584,2.9922485644115375,4.11984966803052,0.0,0.018487260878398297,0.029152709525924296,on,connected,True,synthetic_device_spec_v11
synthetic_customer_000,cabinet_000,2026-09-01 12:50:00+00:00,0,0,0,0,True,True,False,24.20973115308847,-47.45672541900166,2.998153130091626,4.43287536451402,0.7359144413051247,0.0,0.04216326898980194,on,connected,True,synthetic_device_spec_v11
synthetic_customer_000,cabinet_000,2026-09-01 13:00:00+00:00,0,0,0,0,True,True,False,24.072115354888385,-48.09457190680158,3.0308892946537243,4.502087815938403,0.0,0.0,0.05275994263637955,on,connected,True,synthetic_device_spec_v11
synthetic_customer_000,cabinet_000,2026-09-01 13:10:00+00:00,0,0,0,0,True,True,False,24.098318180454587,-47.72042781718389,3.0154176772939336,4.725006585176399,0.6451446852598137,0.0,0.08997395642772396,on,connected,True,synthetic_device_spec_v11
synthetic_customer_000,cabinet_000,2026-09-01 13:20:00+00:00,0,0,0,0,True,True,False,23.825157470059693,-48.365770638192934,2.967925859564358,4.819399984383376,0.0,0.014564456066945827,0.12312326656231871,on,connected,True,synthetic_device_spec_v11
synthetic_customer_000,cabinet_000,2026-09-01 13:30:00+00:00,0,0,0,0,True,True,False,23.900918301364182,-49.7306162925618,3.034646397480266,4.982186449100565,0.4874705233348091,0.0,0.11762822219897606,on,connected,True,synthetic_device_spec_v11
synthetic_customer_000,cabinet_000,2026-09-01 13:40:00+00:00,0,0,0,0,True,True,False,23.94211901414927,-48.443558128205375,3.006610265410442,5.168208867140601,0.0,0.011737135008865664,0.15880872681734656,on,connected,True,synthetic_device_spec_v11
synthetic_customer_000,cabinet_000,2026-09-01 13:50:00+00:00,0,0,0,0,True,True,False,23.94355507060319,-47.21724421008209,3.0314235577198843,5.212195599074458,0.0,0.011203646970134123,0.14808650999270212,on,connected,True,synthetic_device_spec_v11
synthetic_customer_000,cabinet_000,2026-09-01 14:00:00+00:00,0,0,0,0,True,True,False,24.10049726157931,-48.22026797850776,3.017451119733576,5.446103565929824,0.007300063485791497,0.0,0.15895530282757006,on,connected,True,synthetic_device_spec_v11
synthetic_customer_000,cabinet_000,2026-09-01 14:10:00+00:00,0,0,0,0,True,True,False,24.01816861386938,-47.81231236572463,2.951638528041626,5.524004744378875,0.4665134741543013,0.01996285645828015,0.20143910588662117,on,connected,True,synthetic_device_spec_v11
synthetic_customer_000,cabinet_000,2026-09-01 14:20:00+00:00,0,0,0,0,True,True,False,23.8769554579381,-47.85701329128379,2.9523529619152113,5.778659381722394,0.08840292909069797,0.0,0.2173014982057854,on,connected,True,synthetic_device_spec_v11
synthetic_customer_000,cabinet_000,2026-09-01 14:30:00+00:00,0,0,0,0,True,True,False,23.783412615949576,-47.7100320295758,3.023561271640531,5.752540780073268,0.8095211690465483,0.0,0.2463633661233737,on,connected,True,synthetic_device_spec_v11
synthetic_customer_000,cabinet_000,2026-09-01 14:40:00+00:00,0,0,0,0,True,True,False,24.26361184305812,-47.44556789683545,3.0383347008749615,6.098086437266935,0.3223895491204515,0.05489913080122684,0.2841942325947796,on,connected,True,synthetic_device_spec_v11
synthetic_customer_000,cabinet_000,2026-09-01 14:50:00+00:00,0,0,0,0,True,True,False,23.952393852699593,-45.89239575574789,3.02879530746137,6.131929738650576,0.1290911575022107,0.0,0.29842971634616666,on,connected,True,synthetic_device_spec_v11
synthetic_customer_000,cabinet_000,2026-09-01 15:00:00+00:00,0,0,0,0,True,True,False,24.035570002228027,-47.648701804581776,2.957785883783883,6.399591026998585,0.11073834368067757,0.0,0.29876792757490506,on,connected,True,synthetic_device_spec_v11
synthetic_customer_000,cabinet_000,2026-09-01 15:10:00+00:00,0,0,0,0,True,True,False,24.144007289965188,-48.47326071114282,2.934076159046342,6.456123852304809,1.0398223172522785,0.04752734066482864,0.3095823479843002,on,connected,True,synthetic_device_spec_v11
synthetic_customer_000,cabinet_000,2026-09-01 15:20:00+00:00,0,0,0,0,True,True,False,23.80769525522026,-47.560546512735954,3.0359495083036663,6.698891511873081,0.0,0.0,0.35269597268919745,on,connected,True,synthetic_device_spec_v11
synthetic_customer_000,cabinet_000,2026-09-01 15:30:00+00:00,0,0,0,0,True,True,False,23.908082801067657,-47.60867099669749,3.013966981393926,6.7904661954088485,0.0,0.0,0.37250890146852816,on,connected,True,synthetic_device_spec_v11
synthetic_customer_000,cabinet_000,2026-09-01 15:40:00+00:00,0,0,0,0,True,True,False,24.0061640572156,-47.65617133282894,2.9723823839437653,6.956870840095126,0.48009913884127703,0.0,0.36802870616857386,on,connected,True,synthetic_device_spec_v11
synthetic_customer_000,cabinet_000,2026-09-01 15:50:00+00:00,0,0,0,0,True,True,False,23.836003061975344,-49.425893395675295,2.969032773120343,6.96550490442308,0.0,0.0,0.3750602407388721,on,connected,True,synthetic_device_spec_v11
synthetic_customer_000,cabinet_000,2026-09-01 16:00:00+00:00,0,0,0,0,True,True,False,23.927150675879652,-49.069655032191754,3.0372748749595475,7.087606956199605,0.045304974831807274,0.0,0.3526738731146543,on,connected,True,synthetic_device_spec_v11
synthetic_customer_000,cabinet_000,2026-09-01 16:10:00+00:00,0,0,0,0,True,True,False,23.96779823020649,-48.930507824567634,3.0182762194116575,6.998633701633548,0.0,0.0007832662375991388,0.39753142590415125,on,connected,True,synthetic_device_spec_v11
synthetic_customer_000,cabinet_000,2026-09-01 16:20:00+00:00,0,0,0,0,True,True,False,23.83485148348713,-49.606838117369506,3.05648592934554,3.9908912629119606,0.0,0.017852594391431827,0.011428764186539448,on,connected,True,synthetic_device_spec_v11
synthetic_customer_000,cabinet_000,2026-09-01 16:30:00+00:00,0,0,0,0,True,True,False,23.797106840504526,-47.050773984690586,2.9926837249959557,3.974041429565089,0.0,0.0,0.0,on,connected,True,synthetic_device_spec_v11
synthetic_customer_000,cabinet_000,2026-09-01 16:40:00+00:00,0,0,0,0,True,True,False,23.86966023680646,-46.94403633233758,2.9585653432920576,4.063311178651641,0.4996441085165146,0.03410214680287408,0.004389797406463441,on,connected,True,synthetic_device_spec_v11
synthetic_customer_000,cabinet_000,2026-09-01 16:50:00+00:00,0,0,0,0,True,True,False,23.905044558192916,-45.23933687366484,3.027948162582603,3.8935712697832785,0.10712090315743032,0.0,0.0,on,connected,True,synthetic_device_spec_v11
synthetic_customer_000,cabinet_000,2026-09-01 17:00:00+00:00,0,0,0,0,True,True,False,23.885422706286935,-48.84244396276872,2.9869932272916953,4.000521943068153,0.33284696533483793,0.004721665076361813,0.0,on,connected,True,synthetic_device_spec_v11
synthetic_customer_000,cabinet_000,2026-09-01 17:10:00+00:00,0,0,0,0,True,True,False,23.993302844566937,-47.54887553738669,3.0771929393301836,4.0366425524646,0.0,0.0,0.005100692856289644,on,connected,True,synthetic_device_spec_v11
synthetic_customer_000,cabinet_000,2026-09-01 17:20:00+00:00,0,0,0,0,True,True,False,23.798486353299527,-46.34732170082926,2.998318724688862,4.023844497277961,0.6252003623717126,0.04342612836712225,0.0,on,connected,True,synthetic_device_spec_v11
synthetic_customer_000,cabinet_000,2026-09-01 17:30:00+00:00,0,0,0,0,True,True,False,24.102608601678494,-47.27946047779417,3.0145569467110964,4.058842600998289,0.3375975571669262,0.024585905435321787,0.0,on,connected,True,synthetic_device_spec_v11
synthetic_customer_000,cabinet_000,2026-09-01 17:40:00+00:00,0,0,0,0,True,True,False,23.960342930409247,-47.79926987430334,2.94558312806379,3.9717666674351597,0.12348547307111818,0.03812518414398003,0.007820060855117918,on,connected,True,synthetic_device_spec_v11
synthetic_customer_000,cabinet_000,2026-09-01 17:50:00+00:00,0,0,0,0,True,True,False,23.94075246237171,-48.46748487316436,3.05258797868746,3.965395155788738,0.0,0.0,0.0,on,connected,True,synthetic_device_spec_v11
synthetic_customer_000,cabinet_000,2026-09-01 18:00:00+00:00,0,0,0,0,True,True,False,24.00448585854653,-47.937846809877854,2.95815585953483,3.9273060627768683,0.0,0.0,0.0,on,connected,True,synthetic_device_spec_v11
synthetic_customer_000,cabinet_000,2026-09-01 18:10:00+00:00,1,1,1,1,True,True,False,24.066370545989322,-47.61225774644337,3.0409711930208543,3.992760780149054,0.09804928989425532,0.0,0.03343560145503405,on,connected,True,synthetic_device_spec_v11
synthetic_customer_000,cabinet_000,2026-09-01 18:20:00+00:00,1,1,1,1,True,True,False,23.925597064945638,-46.946584136677615,3.053896041145099,4.0326007674224424,0.6970627587984436,0.005582986665573214,0.0016387361073587163,on,connected,True,synthetic_device_spec_v11
synthetic_customer_000,cabinet_000,2026-09-01 18:30:00+00:00,1,1,1,1,True,True,False,23.722217250819938,-46.38631710610535,3.017909844600095,4.035673815365553,0.0,0.0209286628314398,0.020043194244106725,on,connected,True,synthetic_device_spec_v11
synthetic_customer_000,cabinet_000,2026-09-01 18:40:00+00:00,0,0,0,0,True,True,False,23.794677168392642,-46.783685646851765,3.083297766465104,4.101911917895089,0.0,0.023754151890498607,0.0031536012611804234,on,connected,True,synthetic_device_spec_v11
synthetic_customer_000,cabinet_000,2026-09-01 18:50:00+00:00,0,0,0,0,True,True,False,24.06822673443591,-48.939055799174604,3.007654369267609,4.019404002866618,0.0,0.00619022175790206,0.0,on,connected,True,synthetic_device_spec_v11
synthetic_customer_000,cabinet_000,2026-09-01 19:00:00+00:00,0,0,0,0,True,True,False,23.996631126353478,-47.28561211701579,2.9897333045877175,3.9526427586331976,0.9900879803445943,0.0,0.012987466816492734,on,connected,True,synthetic_device_spec_v11
synthetic_customer_000,cabinet_000,2026-09-01 19:10:00+00:00,0,0,0,0,True,True,False,24.019558792628413,-48.823146197688914,3.0512515863809195,4.005942600931367,0.0,0.005904827452692393,0.0,on,connected,True,synthetic_device_spec_v11
synthetic_customer_000,cabinet_000,2026-09-01 19:20:00+00:00,0,0,0,0,True,True,False,23.93982698220277,-48.270844412575336,3.022515319852834,4.123766960612828,0.9293852681734722,0.012032161509290009,0.0,on,connected,True,synthetic_device_spec_v11
synthetic_customer_000,cabinet_000,2026-09-01 19:30:00+00:00,0,0,0,0,True,True,False,24.099924382976884,-48.52684832121554,2.966528325622873,3.8915772776512947,1.0373178737933497,0.0,0.033166720838590576,on,connected,True,synthetic_device_spec_v11
synthetic_customer_000,cabinet_000,2026-09-01 19:40:00+00:00,0,0,0,0,True,True,False,24.159398908780584,-48.37348721991874,2.980902474532523,4.043249321437646,0.0,0.022821697283946986,0.0,on,connected,True,synthetic_device_spec_v11
synthetic_customer_000,cabinet_000,2026-09-01 19:50:00+00:00,0,0,0,0,True,True,False,24.00035252178379,-48.45588177968674,3.015666610780506,4.036754236430821,0.3841985678747798,0.0,0.0,on,connected,True,synthetic_device_spec_v11
synthetic_customer_000,cabinet_000,2026-09-01 20:00:00+00:00,0,0,0,0,True,True,False,24.148889783878136,-47.870413438473484,3.0069616061264486,4.00651622576124,0.3184659009523745,0.0023497755485677244,0.013160495111518617,on,connected,True,synthetic_device_spec_v11
synthetic_customer_000,cabinet_000,2026-09-01 20:10:00+00:00,0,0,0,0,True,True,False,24.148878242206372,-47.536934821968345,2.9707795780633686,3.9568248009460967,0.0,0.018163760130404643,0.014028230925278275,on,connected,True,synthetic_device_spec_v11
synthetic_customer_000,cabinet_000,2026-09-01 20:20:00+00:00,0,0,0,0,True,True,False,23.950130095164308,-47.98983592884958,2.9918801353707525,4.041088839051473,0.0,0.002343199261593058,0.0013212140931359439,on,connected,True,synthetic_device_spec_v11
synthetic_customer_000,cabinet_000,2026-09-01 20:30:00+00:00,0,0,0,0,True,True,False,24.014240387258177,-47.331594190429925,3.0163953876839877,4.08130858093443,0.12222434486548153,0.012508925061459591,0.0,on,connected,True,synthetic_device_spec_v11
synthetic_customer_000,cabinet_000,2026-09-01 20:40:00+00:00,0,0,0,0,True,True,False,23.931874154985742,-49.022022868756665,3.0011668279085106,4.0642189902018275,0.0,0.0,0.0,on,connected,True,synthetic_device_spec_v11
synthetic_customer_000,cabinet_000,2026-09-01 20:50:00+00:00,0,0,0,0,True,True,False,24.008708820418267,-49.03232990391405,2.955041693276652,4.084889807297912,0.03200896302475029,0.031276849898549695,0.010020491974590961,on,connected,True,synthetic_device_spec_v11
synthetic_customer_000,cabinet_000,2026-09-01 21:00:00+00:00,0,0,0,0,True,True,False,24.048324303469432,-48.29490555495606,3.006343205595312,4.1495113758795465,0.19934115811360503,0.03012297695997723,0.0249040891255676,on,connected,True,synthetic_device_spec_v11
synthetic_customer_000,cabinet_000,2026-09-01 21:10:00+00:00,0,0,0,0,True,True,False,24.110662790612675,-48.20675456091394,3.0053511871776877,3.946755023207483,0.0,0.0298727548928261,0.0,on,connected,True,synthetic_device_spec_v11
synthetic_customer_000,cabinet_000,2026-09-01 21:20:00+00:00,0,0,0,0,True,True,False,23.96747698101749,-49.29232593272371,3.019841464398721,3.96117934912375,0.0,0.0,0.0,on,connected,True,synthetic_device_spec_v11
synthetic_customer_000,cabinet_000,2026-09-01 21:30:00+00:00,0,0,0,0,True,True,False,23.953747786957592,-48.5935607433187,3.024801569520207,3.9332279604359544,0.7562502321951785,0.024746793496678625,0.0,on,connected,True,synthetic_device_spec_v11
synthetic_customer_000,cabinet_000,2026-09-01 21:40:00+00:00,0,0,0,0,True,True,False,23.993272539832315,-48.281435487031914,2.9978059780432833,4.121982010636044,0.4178531551062111,0.0,0.016118207606075182,on,connected,True,synthetic_device_spec_v11
synthetic_customer_000,cabinet_000,2026-09-01 21:50:00+00:00,0,0,0,0,True,True,False,23.857952839381912,-49.2343156808873,2.94936429893849,3.9603171392305545,0.0,0.0,0.016827355674039403,on,connected,True,synthetic_device_spec_v11
synthetic_customer_000,cabinet_000,2026-09-01 22:00:00+00:00,0,0,0,0,True,True,False,24.16099188587392,-46.585273904368506,2.853315907852172,4.020599270461017,0.0,0.022057116339975702,0.0,on,connected,True,synthetic_device_spec_v11
synthetic_customer_000,cabinet_000,2026-09-01 22:10:00+00:00,0,0,0,0,True,True,False,24.11290775835707,-49.14521738305102,2.799823830334189,3.995555426681739,0.34088727794455115,0.004048979142873997,0.006848175165068093,on,connected,True,synthetic_device_spec_v11
synthetic_customer_000,cabinet_000,2026-09-01 22:20:00+00:00,0,0,0,0,True,True,False,23.978856791513472,-48.31846585694377,2.76380320227219,3.9616879971070706,0.0,0.028060598561978286,0.03517447963888533,on,connected,True,synthetic_device_spec_v11
synthetic_customer_000,cabinet_000,2026-09-01 22:30:00+00:00,0,0,0,0,True,True,False,24.099914996821497,-49.051746910747234,2.65867112559373,3.9853634108203857,0.5294731106476495,0.02386326666587008,0.0,on,connected,True,synthetic_device_spec_v11
synthetic_customer_000,cabinet_000,2026-09-01 22:40:00+00:00,0,0,0,0,True,True,False,24.056231134977782,-49.24342356852067,2.6577332468243826,3.9384630114591763,0.47828153713740984,0.0017065921885867426,0.0,on,connected,True,synthetic_device_spec_v11
synthetic_customer_000,cabinet_000,2026-09-01 22:50:00+00:00,0,0,0,0,True,True,False,23.95485703082068,-48.09000878291318,2.5261606342181038,4.033880727466889,0.15577567973243756,0.019614161635219802,0.0070897279110958365,on,connected,True,synthetic_device_spec_v11
synthetic_customer_000,cabinet_000,2026-09-01 23:00:00+00:00,0,0,0,0,True,True,False,24.240381165905475,-49.31000853573813,2.428789790239815,4.0288091192456115,0.29704701856629695,0.0,0.0,on,connected,True,synthetic_device_spec_v11
synthetic_customer_000,cabinet_000,2026-09-01 23:10:00+00:00,0,0,0,0,True,True,False,24.047045211426322,-45.94428562909626,2.4196156020567097,3.9691171160491923,0.3332790284041392,0.0,0.0,on,connected,True,synthetic_device_spec_v11
synthetic_customer_000,cabinet_000,2026-09-01 23:20:00+00:00,0,0,0,0,True,True,False,23.81437264629605,-48.572102938603706,2.3678158343217643,4.071387337949141,0.4545871895258023,0.0160498454258475,0.0,on,connected,True,synthetic_device_spec_v11
synthetic_customer_000,cabinet_000,2026-09-01 23:30:00+00:00,0,0,0,0,True,True,False,24.18227074340474,-48.55331307251772,2.2421545596953076,4.062363453116995,0.0,0.0,0.015548186268968886,on,connected,True,synthetic_device_spec_v11
synthetic_customer_000,cabinet_000,2026-09-01 23:40:00+00:00,0,0,0,0,True,True,False,23.885232242157635,-47.98272032794905,2.282402513358715,3.9795794779276057,0.6302991991532484,0.0,0.0,on,connected,True,synthetic_device_spec_v11
synthetic_customer_000,cabinet_000,2026-09-01 23:50:00+00:00,0,0,0,0,True,True,False,23.948193989976822,-48.43156721933794,2.1282395930529887,3.9467113819446347,0.23881039479830152,0.0,0.0,on,connected,True,synthetic_device_spec_v11
synthetic_customer_000,cabinet_000,2026-09-02 00:00:00+00:00,0,0,0,0,True,True,False,24.07339550246533,-47.31072728677523,2.218159040391349,4.078000603583692,0.26121865523148086,0.0,0.0,on,connected,True,synthetic_device_spec_v11
synthetic_customer_000,cabinet_000,2026-09-02 00:10:00+00:00,1,1,1,1,True,True,False,23.991192781664054,-48.153419223122015,2.1965418105763916,4.024881041650629,0.8723233341718973,0.002747217537343644,0.010657511384807796,on,connected,True,synthetic_device_spec_v11
synthetic_customer_000,cabinet_000,2026-09-02 00:20:00+00:00,1,1,1,1,True,True,False,24.086886305782155,-48.1463651113012,2.209261634636975,3.9769266284109213,1.1357728929413233,0.0,0.0,on,connected,True,synthetic_device_spec_v11
synthetic_customer_000,cabinet_000,2026-09-02 00:30:00+00:00,1,1,1,1,True,True,False,24.16936153827599,-46.94248309328558,3.003136705239584,3.9510137473242146,0.22776859680429162,0.007505004807129876,0.0027247209215644553,on,connected,True,synthetic_device_spec_v11
synthetic_customer_000,cabinet_000,2026-09-02 00:40:00+00:00,0,0,0,0,True,True,False,24.056996371648076,-46.48618201537634,3.003253236785794,3.991605658964652,0.7240057101316907,0.0,0.015701898619105356,on,connected,True,synthetic_device_spec_v11
synthetic_customer_000,cabinet_000,2026-09-02 00:50:00+00:00,0,0,0,0,True,True,False,23.965871933000404,-48.30254719771283,2.99475946790722,3.991492982490412,0.1612977226911117,0.00013359386063870797,0.007395364315894658,on,connected,True,synthetic_device_spec_v11
synthetic_customer_000,cabinet_000,2026-09-02 01:00:00+00:00,0,0,0,0,True,True,False,23.969851513649164,-45.74306368123809,2.940033086812084,3.9262854209034126,0.2902288657266186,0.01366542238653078,0.0,on,connected,True,synthetic_device_spec_v11
synthetic_customer_000,cabinet_000,2026-09-02 01:10:00+00:00,0,0,0,0,True,True,False,24.07520566060976,-47.651130413016524,3.049734971733932,4.1027459647794355,0.0,0.0011724961071421765,0.0033115414026865476,on,connected,True,synthetic_device_spec_v11
synthetic_customer_000,cabinet_000,2026-09-02 01:20:00+00:00,0,0,0,0,True,True,False,23.966954452460183,-48.12564833917972,3.0036720234681717,3.995259380928287,0.6259496682099759,0.016873406168668312,0.0,on,connected,True,synthetic_device_spec_v11
synthetic_customer_000,cabinet_000,2026-09-02 01:30:00+00:00,0,0,0,0,True,True,False,24.000245480225555,-46.82046602700129,2.981564315046771,4.021531803857946,0.1903275570726687,0.0,0.0,on,connected,True,synthetic_device_spec_v11
synthetic_customer_000,cabinet_000,2026-09-02 01:40:00+00:00,0,0,0,0,True,True,False,23.980678384569188,-48.14963398161954,2.9099042518034848,3.972053987144352,0.6748641015979632,0.0,0.0,on,connected,True,synthetic_device_spec_v11
synthetic_customer_000,cabinet_000,2026-09-02 01:50:00+00:00,0,0,0,0,True,True,False,24.056396253289616,-47.39861480315726,3.00060750577598,3.975700952804686,0.0,0.032591010877210266,0.0,on,connected,True,synthetic_device_spec_v11
synthetic_customer_000,cabinet_000,2026-09-02 02:00:00+00:00,0,0,0,0,True,True,False,23.91827796069328,-48.71890757593269,2.998986875645,4.111886350816973,0.8015286066210227,0.0,0.0,on,connected,True,synthetic_device_spec_v11
synthetic_customer_000,cabinet_000,2026-09-02 02:10:00+00:00,0,0,0,0,True,True,False,23.911409580281592,-48.67308179309555,3.039061977858169,3.9710522588610235,0.0,0.0011886851179604364,0.0,on,connected,True,synthetic_device_spec_v11
synthetic_customer_000,cabinet_000,2026-09-02 02:20:00+00:00,0,0,0,0,True,True,False,23.970455205761873,-48.800817176365896,3.0287835447113745,4.111326459952884,0.7071560273743228,0.027588591502700474,0.007884194758072735,on,connected,True,synthetic_device_spec_v11
synthetic_customer_000,cabinet_000,2026-09-02 02:30:00+00:00,0,0,0,0,True,True,False,24.00806475056581,-46.51629381980253,3.0038963078851633,4.000583274518627,0.0,0.03793873588805857,0.0,on,connected,True,synthetic_device_spec_v11
synthetic_customer_000,cabinet_000,2026-09-02 02:40:00+00:00,0,0,0,0,True,True,False,23.86325536220374,-46.73138212143499,2.995215170003272,4.004548772812544,0.3435626325026956,0.011832667587945347,0.011842464370132564,on,connected,True,synthetic_device_spec_v11
synthetic_customer_000,cabinet_000,2026-09-02 02:50:00+00:00,0,0,0,0,True,True,False,24.09802113685534,-48.179862773775646,3.014631269445057,4.076900060233804,0.16709866461489425,0.04442921695698181,0.007447158404019977,on,connected,True,synthetic_device_spec_v11
synthetic_customer_000,cabinet_000,2026-09-02 03:00:00+00:00,0,0,0,0,True,True,False,23.943065669428112,-47.3761042513718,2.9859660314165377,4.05628291821113,0.0,0.013093055152478461,0.006640612772509839,on,connected,True,synthetic_device_spec_v11
synthetic_customer_000,cabinet_000,2026-09-02 03:10:00+00:00,0,0,0,0,True,True,False,24.045054250975248,-48.65600297433527,2.9659622066350217,3.927943123984955,0.2885238805721183,0.0,0.002217583853499026,on,connected,True,synthetic_device_spec_v11
synthetic_customer_000,cabinet_000,2026-09-02 03:20:00+00:00,0,0,0,0,True,True,False,23.820435394989296,-47.20132133912926,3.0478893088973167,3.9463532070165606,0.43225364117706694,0.0,0.0,on,connected,True,synthetic_device_spec_v11
synthetic_customer_000,cabinet_000,2026-09-02 03:30:00+00:00,0,0,0,0,True,True,False,23.94940362677181,-47.656360003516376,3.0023392042565544,4.011015251766445,0.0,0.0,0.008404106238299822,on,connected,True,synthetic_device_spec_v11
synthetic_customer_000,cabinet_000,2026-09-02 03:40:00+00:00,0,0,0,0,True,True,False,23.907790142074944,-50.00723954141921,2.8955120157793686,3.9012182165557996,0.0,0.0,0.0,on,connected,True,synthetic_device_spec_v11
synthetic_customer_000,cabinet_000,2026-09-02 03:50:00+00:00,0,0,0,0,True,True,False,23.94101873973081,-47.578439831236174,2.9843224416287835,3.990805542898701,0.32978362594702976,0.0,0.014880336654675239,on,connected,True,synthetic_device_spec_v11
synthetic_customer_000,cabinet_000,2026-09-02 04:00:00+00:00,0,0,0,0,True,True,False,24.079930103473462,-47.33913980885512,2.957200177985568,3.983240690409519,1.20257753480064,0.0,0.0,on,connected,True,synthetic_device_spec_v11
synthetic_customer_000,cabinet_000,2026-09-02 04:10:00+00:00,0,0,0,0,True,True,False,23.915280525779426,-46.74587752715996,2.9630512265113733,3.9650386808072415,0.0,0.0,0.00566184639554878,on,connected,True,synthetic_device_spec_v11
synthetic_customer_000,cabinet_000,2026-09-02 04:20:00+00:00,0,0,0,0,True,True,False,23.913886252116093,-48.92907492395458,3.04346919165848,3.8904335188628694,0.0,0.033671859343628895,0.0,on,connected,True,synthetic_device_spec_v11
synthetic_customer_000,cabinet_000,2026-09-02 04:30:00+00:00,0,0,0,0,True,True,False,23.779211041416637,-47.37938545112253,3.0370601908150068,3.9172875981779227,0.0346242604031336,0.0017476586359449027,0.0,on,connected,True,synthetic_device_spec_v11
synthetic_customer_000,cabinet_000,2026-09-02 04:40:00+00:00,0,0,0,0,True,True,False,24.02013651836572,-49.00863157852885,3.0128952759758625,3.912451328291023,0.0,0.0015189687488645258,0.0,on,connected,True,synthetic_device_spec_v11
synthetic_customer_000,cabinet_000,2026-09-02 04:50:00+00:00,0,0,0,0,True,True,False,24.151574341820826,-47.757141010815964,3.045950793187959,3.9385728899637824,0.8598172004489611,0.0,0.0,on,connected,True,synthetic_device_spec_v11
synthetic_customer_000,cabinet_000,2026-09-02 05:00:00+00:00,0,0,0,0,True,True,False,24.180203386113295,-48.82809700638767,2.9767273230424967,3.9932657049784606,0.5793578136537948,0.01895071860668796,0.013102692034316982,on,connected,True,synthetic_device_spec_v11
synthetic_customer_000,cabinet_000,2026-09-02 05:10:00+00:00,0,0,0,0,True,True,False,24.21353363526936,-47.99017024011155,2.9748097166921554,4.0399311126514466,0.18894145831229275,0.0012510874630058478,0.0,on,connected,True,synthetic_device_spec_v11
synthetic_customer_000,cabinet_000,2026-09-02 05:20:00+00:00,0,0,0,0,True,True,False,24.11261620118819,-48.627679118085986,2.955008344612082,4.013943983895194,0.0,0.0,0.006020465243650179,on,connected,True,synthetic_device_spec_v11
synthetic_customer_000,cabinet_000,2026-09-02 05:30:00+00:00,0,0,0,0,True,True,False,24.147484469149916,-49.10001459924445,3.0370417254957416,3.9928346547015945,0.0,0.0,0.004210956133484725,on,connected,True,synthetic_device_spec_v11
synthetic_customer_000,cabinet_000,2026-09-02 05:40:00+00:00,0,0,0,0,True,True,False,23.79924497655693,-47.80610407331196,2.98155090272704,4.083189934089066,0.7213618336248663,0.004421341674815761,0.0,on,connected,True,synthetic_device_spec_v11
synthetic_customer_000,cabinet_000,2026-09-02 05:50:00+00:00,0,0,0,0,True,True,False,23.987205486867342,-49.04076484366794,3.0487243949374867,3.905521000600475,0.8106770329758369,0.0,0.0,on,connected,True,synthetic_device_spec_v11
synthetic_customer_000,cabinet_000,2026-09-02 06:00:00+00:00,0,0,0,0,True,True,False,23.923182163530864,-48.70743828336401,3.0420269500842188,3.9626692077235997,0.1484317316217578,0.011667832190801287,0.004253519914392106,on,connected,True,synthetic_device_spec_v11
synthetic_customer_000,cabinet_000,2026-09-02 06:10:00+00:00,1,1,1,1,True,True,False,24.026680498013402,-46.841443583551616,3.0636984018092375,4.051640630673199,0.29594859972662546,0.00476926607539688,0.0,on,connected,True,synthetic_device_spec_v11
synthetic_customer_000,cabinet_000,2026-09-02 06:20:00+00:00,1,1,1,1,True,True,False,24.203916656864426,-48.87867235290903,2.99367539944067,4.014055502394362,0.5526067271850782,0.0,0.0,on,connected,True,synthetic_device_spec_v11
synthetic_customer_000,cabinet_000,2026-09-02 06:30:00+00:00,1,1,1,1,True,True,False,23.704943955748185,-46.09300414635103,3.0170907305548114,3.9748653149381714,0.6554720918641912,0.08408323417766599,0.0,on,connected,True,synthetic_device_spec_v11
synthetic_customer_000,cabinet_000,2026-09-02 06:40:00+00:00,0,0,0,0,True,True,False,23.78965661132911,-48.67788410880513,2.9910547918469508,3.8783873723139584,0.0,0.04676792686412862,0.02281236853103059,on,connected,True,synthetic_device_spec_v11
synthetic_customer_000,cabinet_000,2026-09-02 06:50:00+00:00,0,0,0,0,True,True,False,23.901741838122046,-48.64734383724306,3.007559179955765,4.040801829019087,0.0,0.01782166391095442,0.0,on,connected,True,synthetic_device_spec_v11
synthetic_customer_000,cabinet_000,2026-09-02 07:00:00+00:00,0,0,0,0,True,True,False,24.078193920839542,-44.85798117650274,3.0316471390980917,3.929543209180087,0.09616026190237233,0.04294824415085874,0.0022995033088975257,on,connected,True,synthetic_device_spec_v11
synthetic_customer_000,cabinet_000,2026-09-02 07:10:00+00:00,0,0,0,0,True,True,False,24.130101886472172,-48.118208455637706,2.992940850795201,4.003467163299094,0.0,0.0,0.019158776394233853,on,connected,True,synthetic_device_spec_v11
synthetic_customer_000,cabinet_000,2026-09-02 07:20:00+00:00,0,0,0,0,True,True,False,23.923390811477482,-48.63910501429437,3.0007880441316965,4.009762721527631,0.887614504667728,0.0,0.01316091082944208,on,connected,True,synthetic_device_spec_v11
synthetic_customer_000,cabinet_000,2026-09-02 07:30:00+00:00,0,0,0,0,True,True,False,24.127710691935597,-47.91332467147199,3.0245560818359785,4.019566511359941,0.11859760921851667,0.022267579865320433,0.0,on,connected,True,synthetic_device_spec_v11
synthetic_customer_000,cabinet_000,2026-09-02 07:40:00+00:00,0,0,0,0,True,True,False,24.006080825870313,-47.746031283907946,2.986858275655714,3.9797443663948564,0.1933827758953849,0.024108939053130263,0.005600035694061492,on,connected,True,synthetic_device_spec_v11
synthetic_customer_000,cabinet_000,2026-09-02 07:50:00+00:00,0,0,0,0,True,True,False,23.736675114047355,-49.584392356120205,2.9866278267146593,4.01238644143527,0.0,0.0,0.0,on,connected,True,synthetic_device_spec_v11
synthetic_customer_000,cabinet_000,2026-09-02 08:00:00+00:00,0,0,0,0,True,True,False,23.749731805425505,-49.36283633592197,3.029196075398554,3.992219040973826,0.3849934816960716,0.0,0.0,on,connected,True,synthetic_device_spec_v11
synthetic_customer_000,cabinet_000,2026-09-02 08:10:00+00:00,0,0,0,0,True,True,False,23.8005193171165,-50.12760866736786,2.961718989986632,3.962797604641613,0.0,0.0,0.0,on,connected,True,synthetic_device_spec_v11
synthetic_customer_000,cabinet_000,2026-09-02 08:20:00+00:00,0,0,0,0,True,True,False,24.119582354475842,-48.760755214221085,3.037048946228926,4.017171196930585,0.2018971617242238,0.0,0.0016189312444526982,on,connected,True,synthetic_device_spec_v11
synthetic_customer_000,cabinet_000,2026-09-02 08:30:00+00:00,0,0,0,0,True,True,False,23.95244804645662,-47.93052891319092,3.0775467195179007,4.002224206759507,0.3959278567045509,0.0,0.0017056267398189917,on,connected,True,synthetic_device_spec_v11
synthetic_customer_000,cabinet_000,2026-09-02 08:40:00+00:00,0,0,0,0,True,True,False,23.82575678363047,-47.61921943075016,3.026269355023686,4.025499511946412,1.1892148647495093,0.0,0.019773160565245775,on,connected,True,synthetic_device_spec_v11
synthetic_customer_000,cabinet_000,2026-09-02 08:50:00+00:00,0,0,0,0,True,True,False,23.807519087237157,-48.15126431520985,3.0013580848796906,3.9210242547240686,2.306237695585693,0.0,0.0,on,connected,True,synthetic_device_spec_v11
synthetic_customer_000,cabinet_000,2026-09-02 09:00:00+00:00,0,0,0,0,True,True,False,24.143354023135103,-47.037682118123776,2.993375741128532,4.0301246504086246,3.8201245696399235,0.028764327459319484,0.0,on,connected,True,synthetic_device_spec_v11
synthetic_customer_000,cabinet_000,2026-09-02 09:10:00+00:00,0,0,0,0,True,True,False,23.822110425437792,-47.74225577534047,2.9975212128078432,3.9620777036670334,5.965553443360202,0.07419617833224867,0.0,on,connected,True,synthetic_device_spec_v11
synthetic_customer_000,cabinet_000,2026-09-02 09:20:00+00:00,0,0,0,0,True,True,False,24.037286183498583,-51.218146697489956,3.022910367396543,3.9573659019219325,7.612080057918125,0.0767007590459751,0.0,on,connected,True,synthetic_device_spec_v11
synthetic_customer_000,cabinet_000,2026-09-02 09:30:00+00:00,0,0,0,0,True,True,False,24.182426889533396,-52.39339505320643,3.047929175575535,3.9629538783699356,8.967253093246274,0.0736445209984193,0.018172446152128697,on,connected,True,synthetic_device_spec_v11
synthetic_customer_000,cabinet_000,2026-09-02 09:40:00+00:00,0,0,0,0,True,True,False,24.063959561668934,-55.958604398699485,3.0301204948378317,3.95162584254752,10.125670786956809,0.11159254299842501,0.0,on,connected,True,synthetic_device_spec_v11
synthetic_customer_000,cabinet_000,2026-09-02 09:50:00+00:00,0,0,0,0,True,True,False,23.83159363152119,-55.543251076801496,3.0083364766990384,3.8935664406833563,11.278246898383841,0.1595587927788701,0.0,on,connected,True,synthetic_device_spec_v11
synthetic_customer_000,cabinet_000,2026-09-02 10:00:00+00:00,0,0,0,0,True,True,False,23.938911072692342,-59.80993169372573,2.9986474912105643,4.019439935538023,13.51445309475445,0.22955171035043767,0.0,on,connected,True,synthetic_device_spec_v11
synthetic_customer_000,cabinet_000,2026-09-02 10:10:00+00:00,0,0,0,0,True,True,False,23.855027055244953,-60.3512897359021,3.009378137945366,4.01023710884229,14.60734595615515,0.24360306469872187,0.011385811849224953,on,connected,True,synthetic_device_spec_v11
synthetic_customer_000,cabinet_000,2026-09-02 10:20:00+00:00,0,0,0,0,True,True,False,24.038748967982603,-63.53639091382532,2.949701121007205,3.903920732920974,15.517242346957348,0.22353580096499787,0.006444544283461899,on,connected,True,synthetic_device_spec_v11
synthetic_customer_000,cabinet_000,2026-09-02 10:30:00+00:00,0,0,0,0,True,True,False,23.744366204933684,-64.10683306451085,3.020627992921564,4.06291859081375,17.220751347788998,0.2869540225707128,0.003614806403712975,on,connected,True,synthetic_device_spec_v11
synthetic_customer_000,cabinet_000,2026-09-02 10:40:00+00:00,0,0,0,0,True,True,False,23.874580980749577,-68.07340314587353,3.062298488165345,4.018139320379956,18.87084648730601,0.3538266768925088,0.0,on,connected,True,synthetic_device_spec_v11
synthetic_customer_000,cabinet_000,2026-09-02 10:50:00+00:00,0,0,0,0,True,True,False,23.85310696604556,-67.41409515764876,2.9626522160986046,3.9097082813350053,19.852605980250935,0.3109878028678677,0.0,on,connected,True,synthetic_device_spec_v11
synthetic_customer_000,cabinet_000,2026-09-02 11:00:00+00:00,0,0,0,0,True,True,False,24.23490820596604,-67.92126284415698,3.040080863086088,4.018306753733233,22.269977715602955,0.37602447146171425,0.016111424837122534,on,connected,True,synthetic_device_spec_v11
synthetic_customer_000,cabinet_000,2026-09-02 11:10:00+00:00,0,0,0,0,True,True,False,24.19990243534456,-70.09413649186173,2.9959759072929795,3.9114743747777743,23.45508655185658,0.4154819616369235,0.009198555835536271,on,connected,True,synthetic_device_spec_v11
synthetic_customer_000,cabinet_000,2026-09-02 11:20:00+00:00,0,0,0,0,True,True,False,24.033618851045834,-72.65642568897769,2.991230117701002,4.214438571820756,25.096309162111748,0.4321883818457808,0.0,on,connected,True,synthetic_device_spec_v11
synthetic_customer_000,cabinet_000,2026-09-02 11:30:00+00:00,0,0,0,0,True,True,False,23.97391205591343,-75.10451524815252,3.038185172693973,4.026061088872644,25.000692802020946,0.518750295740579,0.0,on,connected,True,synthetic_device_spec_v11
synthetic_customer_000,cabinet_000,2026-09-02 11:40:00+00:00,0,0,0,0,True,True,False,24.150638590211802,-75.02465940275506,2.981432078161487,4.004299120618141,25.616679449787195,0.4979274881010906,0.04720027730683825,on,connected,True,synthetic_device_spec_v11
synthetic_customer_000,cabinet_000,2026-09-02 11:50:00+00:00,0,0,0,0,True,True,False,23.912052828143295,-79.02521209936978,3.0484399908098387,3.9641219491402935,25.73152747429276,0.565037256833764,0.015189896426648017,on,connected,True,synthetic_device_spec_v11
synthetic_customer_000,cabinet_000,2026-09-02 12:00:00+00:00,0,0,0,0,True,True,False,24.020807866844038,-80.29432940433153,2.9964285252383167,3.972273748517002,24.966691883504957,0.5490234033585903,0.0,on,connected,True,synthetic_device_spec_v11
synthetic_customer_000,cabinet_000,2026-09-02 12:10:00+00:00,1,1,1,1,True,True,False,24.15602394637088,-81.76338411892631,2.9802701205554745,4.008247757648397,24.949980653825158,0.6126277691184634,0.0,on,connected,True,synthetic_device_spec_v11
synthetic_customer_000,cabinet_000,2026-09-02 12:20:00+00:00,1,1,1,1,True,True,False,24.124288546284696,-83.25353790902521,2.9602466321425,3.9964682126493214,25.104205605836267,0.6408912074677617,0.018393268800654682,on,connected,True,synthetic_device_spec_v11
synthetic_customer_000,cabinet_000,2026-09-02 13:40:00+00:00,0,0,0,0,True,True,False,23.934407559093998,-49.26131294760747,2.979914036587939,4.091001569875376,0.0,0.0,0.0,on,connected,True,synthetic_device_spec_v11
synthetic_customer_000,cabinet_000,2026-09-02 13:50:00+00:00,0,0,0,0,True,True,False,24.191139026548786,-47.21185578516618,2.97894338822384,3.9236064083224296,0.0,0.0,0.016105248168038183,on,connected,True,synthetic_device_spec_v11
synthetic_customer_000,cabinet_000,2026-09-02 14:00:00+00:00,0,0,0,0,True,True,False,24.368325609968362,-47.994708522343885,2.9924760206791685,4.026407109032954,0.9006652744978932,0.0,0.016926715284367174,on,connected,True,synthetic_device_spec_v11
synthetic_customer_000,cabinet_000,2026-09-02 14:10:00+00:00,0,0,0,0,True,True,False,23.766633286886847,-45.66312134863413,2.9707942986412865,3.9672386677653027,0.39148547127366373,0.0,0.02075241208557005,on,connected,True,synthetic_device_spec_v11
synthetic_customer_000,cabinet_000,2026-09-02 14:20:00+00:00,0,0,0,0,True,True,False,24.060422943909938,-48.90701152307467,3.014303758439299,3.9784756927004574,0.0,0.0,0.0,on,connected,True,synthetic_device_spec_v11
synthetic_customer_000,cabinet_000,2026-09-02 14:30:00+00:00,0,0,0,0,True,True,False,24.080975557905866,-48.56567722063939,2.965402940925497,3.9914787035539803,0.09639911533963164,0.0020467796439328227,0.012668612312485167,on,connected,True,synthetic_device_spec_v11
synthetic_customer_000,cabinet_000,2026-09-02 14:40:00+00:00,0,0,0,0,True,True,False,23.71901701128079,-46.75001312627719,2.9711884117057146,4.013696478409979,0.0,0.006093158583014541,0.01002345729511707,on,connected,True,synthetic_device_spec_v11
synthetic_customer_000,cabinet_000,2026-09-02 14:50:00+00:00,0,0,0,0,True,True,False,24.03236726560785,-47.34848449849967,3.0147103710318364,3.9904529128286246,0.027598443060428926,0.0,0.033911746142530313,on,connected,True,synthetic_device_spec_v11
synthetic_customer_000,cabinet_000,2026-09-02 15:00:00+00:00,0,0,0,0,True,True,False,24.010469056391294,-49.23317244517121,2.9889778934417848,4.143514757571868,0.28870076991204713,0.0,0.003577680063889752,on,connected,True,synthetic_device_spec_v11
synthetic_customer_000,cabinet_000,2026-09-02 15:10:00+00:00,0,0,0,0,True,True,False,24.220852741928418,-49.85075303504709,3.0063607350305173,4.01276713660769,0.09628603791550445,0.0,0.002689874784528537,on,connected,True,synthetic_device_spec_v11
synthetic_customer_000,cabinet_000,2026-09-02 15:20:00+00:00,0,0,0,0,True,True,False,23.775822732720368,-48.644338083530606,3.060635377308755,4.040892440710672,0.0,0.005230389856400042,0.025237514549336013,on,connected,True,synthetic_device_spec_v11
synthetic_customer_000,cabinet_000,2026-09-02 15:30:00+00:00,0,0,0,0,True,True,False,23.926447152878556,-48.27730694996108,2.917848592511882,3.919627770400144,0.0,0.007710268267785403,0.0,on,connected,True,synthetic_device_spec_v11
synthetic_customer_000,cabinet_000,2026-09-02 15:40:00+00:00,0,0,0,0,True,True,False,23.89270214818323,-47.77915517797927,2.773550564711249,4.056953564648661,0.0,0.0,0.005287323355492746,on,connected,True,synthetic_device_spec_v11
synthetic_customer_000,cabinet_000,2026-09-02 15:50:00+00:00,0,0,0,0,True,True,False,23.850563850892943,-48.51246276988697,2.738070943182247,4.036193845643613,0.26556256189210337,0.023361595219628443,0.0,on,connected,True,synthetic_device_spec_v11
synthetic_customer_000,cabinet_000,2026-09-02 16:00:00+00:00,0,0,0,0,True,True,False,24.022676924833142,-50.04763321884436,2.537973300440709,3.967515201485216,0.3210486281905975,0.0276678722100995,0.007631268046306152,on,connected,True,synthetic_device_spec_v11
synthetic_customer_000,cabinet_000,2026-09-02 16:10:00+00:00,0,0,0,0,True,True,False,24.05038527434388,-47.28889794876603,2.517267298661976,3.972079709343599,0.0,0.011872420173355623,0.0,on,connected,True,synthetic_device_spec_v11
synthetic_customer_000,cabinet_000,2026-09-02 16:20:00+00:00,0,0,0,0,True,True,False,24.07335158115503,-46.30988677909457,2.2603753752235245,4.028539269157229,0.2712478897358048,0.0,0.004693760364956871,on,connected,True,synthetic_device_spec_v11
synthetic_customer_000,cabinet_000,2026-09-02 16:30:00+00:00,0,0,0,0,True,True,False,23.92373183004846,-50.264245873780865,2.2987340359678483,3.9740889808687836,0.0,0.0,0.0,on,connected,True,synthetic_device_spec_v11
synthetic_customer_000,cabinet_000,2026-09-02 16:40:00+00:00,0,0,0,0,True,True,False,23.905052952098206,-48.117080666126185,2.165601272385947,3.9604368125350318,0.0,0.022768738452155084,0.0,on,connected,True,synthetic_device_spec_v11
synthetic_customer_000,cabinet_000,2026-09-02 16:50:00+00:00,0,0,0,0,True,True,False,23.91863200060972,-48.88190627547259,2.1042065285855927,3.920983796621003,0.0,0.006377267122186521,0.012002414997809581,on,connected,True,synthetic_device_spec_v11
synthetic_customer_000,cabinet_000,2026-09-02 17:00:00+00:00,0,0,0,0,True,True,False,23.889814891150955,-47.30833124521646,1.9309112605893937,4.009948914401083,0.43484252337163376,0.012077807047979141,0.0,on,connected,True,synthetic_device_spec_v11
synthetic_customer_000,cabinet_000,2026-09-02 17:10:00+00:00,0,0,0,0,True,True,False,23.972381019837133,-47.14262308444855,1.8498778279400154,3.983605680645205,1.2099016589337919,0.0,0.0,on,connected,True,synthetic_device_spec_v11
synthetic_customer_000,cabinet_000,2026-09-02 17:20:00+00:00,0,0,0,0,True,True,False,23.98225156363512,-45.35683552931586,1.8162488794543048,3.9893432393715047,0.0,0.00014615994922774085,0.0,on,connected,True,synthetic_device_spec_v11
synthetic_customer_000,cabinet_000,2026-09-02 17:30:00+00:00,0,0,0,0,True,True,False,23.953388785329707,-47.19274498132148,1.5993174864431847,3.9819459770405015,0.0,0.0,0.0,on,connected,True,synthetic_device_spec_v11
synthetic_customer_000,cabinet_000,2026-09-02 17:40:00+00:00,0,0,0,0,True,True,False,23.98092068110333,-47.67831067268402,1.5478044846493415,4.006225097049351,0.22346298746166102,0.02406480673904697,0.0,on,connected,True,synthetic_device_spec_v11
synthetic_customer_000,cabinet_000,2026-09-02 17:50:00+00:00,0,0,0,0,True,True,False,23.931784937872262,-48.24238262964228,1.42365476688853,4.103189663913729,0.3936021480097239,0.012764943532875434,0.0062398235267212,on,connected,True,synthetic_device_spec_v11
synthetic_customer_000,cabinet_000,2026-09-02 18:00:00+00:00,0,0,0,0,True,True,False,24.030007402649165,-47.74493515004926,1.3079503622857716,4.010776746493983,0.0,0.0,0.0,on,connected,True,synthetic_device_spec_v11
synthetic_customer_000,cabinet_000,2026-09-02 18:10:00+00:00,1,1,1,1,True,True,False,24.073164031085653,-46.75068604531376,1.2339198031435124,3.942262689979159,0.0,0.0,0.02072558899584208,on,connected,True,synthetic_device_spec_v11
synthetic_customer_000,cabinet_000,2026-09-02 18:20:00+00:00,1,1,1,1,True,True,False,23.915220521785777,-47.00691355458566,1.077802811151414,3.9242394403385212,0.2519349346216193,0.007760193615733051,0.0063908409491923515,on,connected,True,synthetic_device_spec_v11
synthetic_customer_000,cabinet_000,2026-09-02 18:30:00+00:00,1,1,1,1,True,True,False,24.17739907288321,-48.64514002315618,0.9757361676910896,3.9336645706524886,0.4346300177144548,0.012697170023541801,0.0,on,connected,True,synthetic_device_spec_v11
synthetic_customer_000,cabinet_000,2026-09-02 18:40:00+00:00,0,0,0,0,True,True,False,23.915552204301918,-48.44364276747427,1.0314962978049191,4.078472575393049,0.0,0.014525246280405708,0.010009278668345846,on,connected,True,synthetic_device_spec_v11
synthetic_customer_000,cabinet_000,2026-09-02 18:50:00+00:00,0,0,0,0,True,True,False,23.896698090063445,-47.23718550693574,1.0591719816191851,4.067614400654651,0.7729138764425472,0.007105906450895701,0.0,on,connected,True,synthetic_device_spec_v11
synthetic_customer_000,cabinet_000,2026-09-02 19:00:00+00:00,0,0,0,0,True,True,False,23.88257852028158,-48.71684248584577,1.0770046210253599,3.924120539049073,0.9848652241404088,0.0,0.0,on,connected,True,synthetic_device_spec_v11
synthetic_customer_000,cabinet_000,2026-09-02 19:10:00+00:00,0,0,0,0,True,True,False,24.054109363540345,-47.594243650015805,1.1005753965054073,3.9441189660668634,0.4157326783655644,0.0,0.01815883369834887,on,connected,True,synthetic_device_spec_v11
synthetic_customer_000,cabinet_000,2026-09-02 19:20:00+00:00,0,0,0,0,True,True,False,23.90877996179253,-50.070706340582966,1.0096149069144698,4.0757631306998245,0.0,0.005266277633159497,0.0,on,connected,True,synthetic_device_spec_v11
synthetic_customer_000,cabinet_000,2026-09-02 19:30:00+00:00,0,0,0,0,True,True,False,23.837083131655668,-46.68347065724208,3.077991802424619,3.9550437595674737,0.0,0.0,0.0,on,connected,True,synthetic_device_spec_v11
synthetic_customer_000,cabinet_000,2026-09-02 19:40:00+00:00,0,0,0,0,True,True,False,23.86269950445623,-48.019691656493784,3.0735208364145916,4.084434436699226,0.0,0.0029711330927155175,0.0,on,connected,True,synthetic_device_spec_v11
synthetic_customer_000,cabinet_000,2026-09-02 19:50:00+00:00,0,0,0,0,True,True,False,23.934249239957953,-47.559244897477335,3.0212777973435085,4.005062638427614,0.0,0.028919709261242918,0.0,on,connected,True,synthetic_device_spec_v11
synthetic_customer_000,cabinet_000,2026-09-02 20:00:00+00:00,0,0,0,0,True,True,False,24.049063006251945,-47.619475988317234,3.0170668599513513,3.97042051021674,0.0,0.02128847532552777,0.0,on,connected,True,synthetic_device_spec_v11
synthetic_customer_000,cabinet_000,2026-09-02 20:10:00+00:00,0,0,0,0,True,True,False,24.11855159176938,-47.440373595041244,2.9676902281782693,4.050915683560117,0.0,0.0,0.0,on,connected,True,synthetic_device_spec_v11
synthetic_customer_000,cabinet_000,2026-09-02 20:20:00+00:00,0,0,0,0,True,True,False,24.04939609769775,-46.39028409980227,2.9476641595998863,3.923236525780011,0.0,0.0,0.00017579879985477097,on,connected,True,synthetic_device_spec_v11
synthetic_customer_000,cabinet_000,2026-09-02 20:30:00+00:00,0,0,0,0,True,True,False,24.13444603606611,-47.77268194633619,2.9458492324445182,4.007663893331939,0.0,0.0,0.009162839553200923,on,connected,True,synthetic_device_spec_v11
synthetic_customer_000,cabinet_000,2026-09-02 20:40:00+00:00,0,0,0,0,True,True,False,23.954707762733516,-49.34147809422843,2.999254806490896,3.9857074400087025,0.0747904676959983,0.0,0.012810637377371831,on,connected,True,synthetic_device_spec_v11
synthetic_customer_000,cabinet_000,2026-09-02 20:50:00+00:00,0,0,0,0,True,True,False,23.956350093432658,-47.52465736138782,3.045045097335805,4.01999451191059,0.0,0.058117081289652234,0.0,on,connected,True,synthetic_device_spec_v11
synthetic_customer_000,cabinet_000,2026-09-02 21:00:00+00:00,0,0,0,0,True,True,False,23.878458776831373,-48.991888859404,3.0094856559877647,4.079874634730737,0.0,0.0,0.0,on,connected,True,synthetic_device_spec_v11
synthetic_customer_000,cabinet_000,2026-09-02 21:10:00+00:00,0,0,0,0,True,True,False,23.73877161238791,-48.00795496433686,3.0213941821245673,4.072480720914999,0.0,0.013275245758225505,0.011729699449951265,on,connected,True,synthetic_device_spec_v11
synthetic_customer_000,cabinet_000,2026-09-02 21:20:00+00:00,0,0,0,0,True,True,False,23.863949552038566,-48.051681880570506,3.009312484110206,4.0072388768361975,0.6163512406976478,0.0,0.04336430491930706,on,connected,True,synthetic_device_spec_v11
synthetic_customer_000,cabinet_000,2026-09-02 21:30:00+00:00,0,0,0,0,True,True,False,23.97870204179809,-49.08632507899454,2.9895680367250237,4.011369765831919,0.4162200591009626,0.0,0.0,on,connected,True,synthetic_device_spec_v11
synthetic_customer_000,cabinet_000,2026-09-02 21:40:00+00:00,0,0,0,0,True,True,False,24.278085598401706,-48.585751858005096,2.983327199137213,4.082517796479094,0.43579284044783834,0.0013916642375717359,0.010342015911491894,on,connected,True,synthetic_device_spec_v11
synthetic_customer_000,cabinet_000,2026-09-02 21:50:00+00:00,0,0,0,0,True,True,False,23.942648269296374,-47.28639713629153,2.9787310177666275,4.019571192979915,0.0,0.0,0.012322857482104673,on,connected,True,synthetic_device_spec_v11
synthetic_customer_000,cabinet_000,2026-09-02 22:00:00+00:00,0,0,0,0,True,True,False,24.00710687040888,-47.00979082461945,3.0198229447213523,4.115372442517851,0.0,0.0,0.0,on,connected,True,synthetic_device_spec_v11
synthetic_customer_000,cabinet_000,2026-09-02 22:10:00+00:00,0,0,0,0,True,True,False,23.8629257676928,-48.64893680371996,3.01066034919899,3.950225718075098,0.0,0.0,0.023685222645948984,on,connected,True,synthetic_device_spec_v11
synthetic_customer_000,cabinet_000,2026-09-02 22:20:00+00:00,0,0,0,0,True,True,False,24.10094899929352,-48.6837191316369,2.9823860174615615,4.073249024568313,0.0,0.0,0.011042476772035289,on,connected,True,synthetic_device_spec_v11
synthetic_customer_000,cabinet_000,2026-09-02 22:30:00+00:00,0,0,0,0,True,True,False,23.76020929814491,-49.31241234035148,2.9484583871413865,3.9620119691187283,0.0,0.0,0.02550300420196904,on,connected,True,synthetic_device_spec_v11
synthetic_customer_000,cabinet_000,2026-09-02 22:40:00+00:00,0,0,0,0,True,True,False,23.22776110477057,-47.24625723576844,3.0633676021188267,3.9621096902825674,0.0,0.0,0.0,on,connected,True,synthetic_device_spec_v11
synthetic_customer_000,cabinet_000,2026-09-02 22:50:00+00:00,0,0,0,0,True,True,False,22.809200314282947,-47.295723585698056,2.955212117203092,3.962421783314176,0.0,0.0,0.013250378981316785,on,connected,True,synthetic_device_spec_v11
synthetic_customer_000,cabinet_000,2026-09-02 23:00:00+00:00,0,0,0,0,True,True,False,21.787238412510103,-47.98530027476685,2.9727447727528125,4.028043549938712,0.0,0.0,0.014852464519731068,on,connected,True,synthetic_device_spec_v11
synthetic_customer_000,cabinet_000,2026-09-02 23:10:00+00:00,0,0,0,0,True,True,False,21.646758846063154,-48.97158645492777,3.007331962993389,3.995616728625024,0.02393962097055055,0.0,0.0,on,connected,True,synthetic_device_spec_v11
synthetic_customer_000,cabinet_000,2026-09-02 23:20:00+00:00,0,0,0,0,True,True,False,20.781216775935118,-48.52129345509523,2.9799827911329992,3.999999889585083,0.47759917658000456,0.04153110248740878,0.0,on,connected,True,synthetic_device_spec_v11
synthetic_customer_000,cabinet_000,2026-09-02 23:30:00+00:00,0,0,0,0,True,True,False,20.401414048209688,-47.98033722242496,2.9594946633315464,4.111588493894437,0.7947958291494749,0.005475781819511506,0.0044237137289483185,on,connected,True,synthetic_device_spec_v11
synthetic_customer_000,cabinet_000,2026-09-02 23:40:00+00:00,0,0,0,0,True,True,False,19.823488594441294,-48.873636286853,2.9801117815853244,3.981095839075462,0.6520128028676,0.0,0.0,on,connected,True,synthetic_device_spec_v11
synthetic_customer_000,cabinet_000,2026-09-02 23:50:00+00:00,0,0,0,0,True,True,False,19.42701951845911,-46.64813077338959,2.9545239111344386,3.999424120737927,0.13099933390018378,0.0,0.004863815801524299,on,connected,True,synthetic_device_spec_v11
synthetic_customer_000,cabinet_000,2026-09-03 00:00:00+00:00,0,0,0,0,True,True,False,18.859899129713014,-47.90787981996426,3.0549199830927556,3.9308562742778026,0.0,0.025556697769750777,0.0,on,connected,True,synthetic_device_spec_v11
synthetic_customer_000,cabinet_000,2026-09-03 01:10:00+00:00,0,0,0,0,True,True,False,23.811804637055587,-50.247930589821905,3.06383177041685,4.065145068239652,0.0,0.009882507447122305,0.0,on,connected,True,synthetic_device_spec_v11
synthetic_customer_000,cabinet_000,2026-09-03 01:20:00+00:00,0,0,0,0,True,True,False,24.018058831909546,-49.01065351636006,2.963010582771248,3.961381313818424,0.0,0.03822123385776933,0.0,on,connected,True,synthetic_device_spec_v11
synthetic_customer_000,cabinet_000,2026-09-03 01:30:00+00:00,0,0,0,0,True,True,False,23.891002782879557,-48.336612535079915,3.007575967003182,3.9821520513168207,0.0,0.002325677300346778,0.004548453617417571,on,connected,True,synthetic_device_spec_v11
synthetic_customer_000,cabinet_000,2026-09-03 01:40:00+00:00,0,0,0,0,True,True,False,24.07565614495391,-48.397532857482545,3.0017131280892486,4.085437602589884,0.20839832332686728,6.496305150872104e-05,0.02487118615680619,on,connected,True,synthetic_device_spec_v11
synthetic_customer_000,cabinet_000,2026-09-03 01:50:00+00:00,0,0,0,0,True,True,False,24.06761594628403,-48.39833760695933,3.038296495212381,4.0801109924282,0.0,0.024355496155397074,0.0,on,connected,True,synthetic_device_spec_v11
synthetic_customer_000,cabinet_000,2026-09-03 02:00:00+00:00,0,0,0,0,True,True,False,24.0765562942867,-48.446609775307856,2.993329857538992,4.057760508953455,0.778595450282743,0.010109283987599119,0.0,on,connected,True,synthetic_device_spec_v11
synthetic_customer_000,cabinet_000,2026-09-03 02:10:00+00:00,0,0,0,0,True,True,False,24.35208961274369,-47.30677772957239,2.9822598331079404,4.089805233424902,0.0,0.0,0.0,on,connected,True,synthetic_device_spec_v11
synthetic_customer_000,cabinet_000,2026-09-03 02:20:00+00:00,0,0,0,0,True,True,False,23.87978314808221,-47.8986662203394,3.0726016509340583,4.126543375123308,0.0,0.0,0.022291260935111884,on,connected,True,synthetic_device_spec_v11
synthetic_customer_000,cabinet_000,2026-09-03 02:30:00+00:00,0,0,0,0,True,True,False,24.207009476587114,-47.16950902199609,2.9537150134222463,4.300925318725385,0.0,0.014387665216903997,0.043755693297714456,on,connected,True,synthetic_device_spec_v11
synthetic_customer_000,cabinet_000,2026-09-03 02:40:00+00:00,0,0,0,0,True,True,False,24.058187787226586,-46.532677583671806,2.974554964565734,4.5582969080323235,0.5291220911244707,0.012999574916483564,0.09227180439172326,on,connected,True,synthetic_device_spec_v11
synthetic_customer_000,cabinet_000,2026-09-03 02:50:00+00:00,0,0,0,0,True,True,False,23.916116726125882,-48.75583348101471,3.0453965871248134,4.799980365703767,0.0,0.027771523825436226,0.07974348234299815,on,connected,True,synthetic_device_spec_v11
synthetic_customer_000,cabinet_000,2026-09-03 03:00:00+00:00,0,0,0,0,True,True,False,23.986446136508818,-48.2343926987392,3.001332776969376,4.90788488069479,0.0,0.0,0.1011683748241922,on,connected,True,synthetic_device_spec_v11
synthetic_customer_000,cabinet_000,2026-09-03 03:10:00+00:00,0,0,0,0,True,True,False,23.948920776365426,-46.63911396565901,2.969185408451844,5.345349426346271,0.0,0.010196054322508454,0.18351144182149418,on,connected,True,synthetic_device_spec_v11
synthetic_customer_000,cabinet_000,2026-09-03 03:20:00+00:00,0,0,0,0,True,True,False,23.87372846175547,-48.34216058496,3.0084023703926897,5.48110292140233,0.025012956268647867,0.0,0.18287107578625703,on,connected,True,synthetic_device_spec_v11
synthetic_customer_000,cabinet_000,2026-09-03 03:30:00+00:00,0,0,0,0,True,True,False,23.77570780002246,-47.02805116823221,3.022803799246508,5.563520860653953,0.7130018720021284,0.021471953539012094,0.19640373187414256,on,connected,True,synthetic_device_spec_v11
synthetic_customer_000,cabinet_000,2026-09-03 03:40:00+00:00,0,0,0,0,True,True,False,23.993148293184767,-47.92756592072275,3.019484577711899,5.921744205081489,0.0,0.04486377898085451,0.2697472467438719,on,connected,True,synthetic_device_spec_v11
synthetic_customer_000,cabinet_000,2026-09-03 03:50:00+00:00,0,0,0,0,True,True,False,23.952745592783163,-47.6657905335693,2.995817808660691,6.205618333674516,0.7708272513099632,0.0,0.2447445644106047,on,connected,True,synthetic_device_spec_v11
synthetic_customer_000,cabinet_000,2026-09-03 04:00:00+00:00,0,0,0,0,True,True,False,24.03087324402277,-48.97682196066703,2.9585908071789175,6.392016124264002,0.0,0.009379335858138188,0.323411071342853,on,connected,True,synthetic_device_spec_v11
synthetic_customer_000,cabinet_000,2026-09-03 04:10:00+00:00,0,0,0,0,True,True,False,23.93485144480657,-47.17769041273537,2.9923448587655805,6.577762186672165,0.0,0.013393476920263,0.38382893971756543,on,connected,True,synthetic_device_spec_v11
synthetic_customer_000,cabinet_000,2026-09-03 04:20:00+00:00,0,0,0,0,True,True,False,23.90810862609481,-46.15238694894657,3.043188549159049,6.774347310079862,0.24323390570889974,0.0,0.36750884294693564,on,connected,True,synthetic_device_spec_v11
synthetic_customer_000,cabinet_000,2026-09-03 04:30:00+00:00,0,0,0,0,True,True,False,23.802222252331404,-46.92422069033255,3.003504720160923,7.03423853262802,0.1545442417322034,0.01107898881199152,0.39587777776548844,on,connected,True,synthetic_device_spec_v11
synthetic_customer_000,cabinet_000,2026-09-03 04:40:00+00:00,0,0,0,0,True,True,False,23.95340633539168,-47.893936513142485,3.0841333036658845,6.990842807893214,0.4954591970554076,0.007483412863919264,0.3897829125831937,on,connected,True,synthetic_device_spec_v11
synthetic_customer_000,cabinet_000,2026-09-03 04:50:00+00:00,0,0,0,0,True,True,False,23.908776619060433,-48.134317784814726,3.025077784845608,6.960093195934564,0.0,0.0,0.42053936683505944,on,connected,True,synthetic_device_spec_v11
synthetic_customer_000,cabinet_000,2026-09-03 05:00:00+00:00,0,0,0,0,True,True,False,24.29695088599089,-48.347317009300845,2.9134685733242356,7.002741368167518,0.0,0.04594999542844527,0.4194358942532924,on,connected,True,synthetic_device_spec_v11
synthetic_customer_000,cabinet_000,2026-09-03 05:10:00+00:00,0,0,0,0,True,True,False,24.20619129616053,-47.33633248003278,2.9783153798242035,7.053892175929831,0.5813983354335666,0.0050568341094828955,0.38412153907850805,on,connected,True,synthetic_device_spec_v11
synthetic_customer_000,cabinet_000,2026-09-03 05:20:00+00:00,0,0,0,0,True,True,False,24.05036418164197,-48.020618227925446,3.0564416845065225,7.065347929806865,0.6315219135914965,0.03161907525953941,0.3885878517787197,on,connected,True,synthetic_device_spec_v11
synthetic_customer_000,cabinet_000,2026-09-03 05:30:00+00:00,0,0,0,0,True,True,False,24.08308992600775,-48.97988060817963,3.016472730286247,6.928745686501427,0.8156364545059771,0.0,0.3927544635478334,on,connected,True,synthetic_device_spec_v11
synthetic_customer_000,cabinet_000,2026-09-03 05:40:00+00:00,0,0,0,0,True,True,False,23.94083350475136,-48.12027578684293,2.9546724037432366,3.962639011256064,0.0,0.017591554180271286,0.0,on,connected,True,synthetic_device_spec_v11
synthetic_customer_000,cabinet_000,2026-09-03 05:50:00+00:00,0,0,0,0,True,True,False,23.79295704595667,-48.21290765788844,2.99231035505747,3.948190109810493,0.0,0.0,0.0,on,connected,True,synthetic_device_spec_v11
synthetic_customer_000,cabinet_000,2026-09-03 06:00:00+00:00,0,0,0,0,True,True,False,23.92187020742638,-48.346768306098916,3.0009867717356644,3.9775669589828135,0.2747915144844574,0.0,0.02091664557323598,on,connected,True,synthetic_device_spec_v11
synthetic_customer_000,cabinet_000,2026-09-03 06:10:00+00:00,1,1,1,1,True,True,False,24.140874042860343,-48.16870258690185,2.9514944690518288,4.036160318382148,0.01882603391926416,0.0,0.0,on,connected,True,synthetic_device_spec_v11
synthetic_customer_000,cabinet_000,2026-09-03 06:20:00+00:00,1,1,1,1,True,True,False,24.213659494335303,-47.85260409705367,2.9431332064582207,3.972464554696901,0.0,0.058006639833742484,0.0,on,connected,True,synthetic_device_spec_v11
synthetic_customer_000,cabinet_000,2026-09-03 06:30:00+00:00,1,1,1,1,True,True,False,24.0207884940439,-48.0641435419859,3.063120144468137,4.12624115440091,0.0,0.0,0.0035715193352405922,on,connected,True,synthetic_device_spec_v11
synthetic_customer_000,cabinet_000,2026-09-03 06:40:00+00:00,0,0,0,0,True,True,False,24.051360233798313,-49.40869509657052,2.9815475918939955,4.072216934338632,0.0,0.017816944855243332,0.0008012867106980867,on,connected,True,synthetic_device_spec_v11
synthetic_customer_000,cabinet_000,2026-09-03 06:50:00+00:00,0,0,0,0,True,True,False,24.051127498842465,-48.12226107685582,3.0015798243613667,3.930158450425296,0.28216943984329446,0.022279414298481542,0.00044922802353070123,on,connected,True,synthetic_device_spec_v11
synthetic_customer_000,cabinet_000,2026-09-03 07:00:00+00:00,0,0,0,0,True,True,False,24.140835573173383,-47.14440891360843,3.003944836489972,3.96562354752186,0.0,0.0,0.0031161815258477243,on,connected,True,synthetic_device_spec_v11
synthetic_customer_000,cabinet_000,2026-09-03 07:10:00+00:00,0,0,0,0,True,True,False,24.048714667734117,-48.228791059015236,3.032211849908835,4.045947616158642,0.2549259629466298,0.0,0.0,on,connected,True,synthetic_device_spec_v11
synthetic_customer_000,cabinet_000,2026-09-03 07:20:00+00:00,0,0,0,0,True,True,False,24.19723816592752,-49.041832619704245,2.9515913580311683,3.977318858985203,0.0,0.0,0.007793253815908754,on,connected,True,synthetic_device_spec_v11
synthetic_customer_000,cabinet_000,2026-09-03 07:30:00+00:00,0,0,0,0,True,True,False,24.284111725989003,-49.05893379133659,3.087347134760082,3.864621310301019,0.0,0.0,0.0,on,connected,True,synthetic_device_spec_v11
synthetic_customer_000,cabinet_000,2026-09-03 07:40:00+00:00,0,0,0,0,True,True,False,23.9131015185355,-49.72523732125921,2.9902397236314466,3.9038411573408127,0.7122286141833146,0.016123836825540857,0.0,on,connected,True,synthetic_device_spec_v11
synthetic_customer_000,cabinet_000,2026-09-03 07:50:00+00:00,0,0,0,0,True,True,False,24.111926662713103,-47.71725763442086,2.999956838006949,4.044208182669151,0.0,0.04648199068070871,0.0046130623556521096,on,connected,True,synthetic_device_spec_v11
synthetic_customer_000,cabinet_000,2026-09-03 08:00:00+00:00,0,0,0,0,True,True,False,23.87262529329846,-47.42659049078382,2.9568820460262923,3.9662678466364514,0.22327171784522146,0.0,0.0016708593609195072,on,connected,True,synthetic_device_spec_v11
synthetic_customer_000,cabinet_000,2026-09-03 08:10:00+00:00,0,0,0,0,True,True,False,23.877341943284566,-47.210100848708024,2.9839961695320762,4.1270124787676385,0.7360166351802631,0.024445432167678544,0.03331494585879258,on,connected,True,synthetic_device_spec_v11
synthetic_customer_000,cabinet_000,2026-09-03 08:20:00+00:00,0,0,0,0,True,True,False,24.03390129506618,-47.317188186031935,2.9802736953336177,3.9973481446039147,0.0,0.002744100959220271,0.0,on,connected,True,synthetic_device_spec_v11
synthetic_customer_000,cabinet_000,2026-09-03 08:30:00+00:00,0,0,0,0,True,True,False,24.008615385475338,-49.09745933811656,2.955262468764684,4.026742050608994,0.3363799848798019,0.047362242276258563,0.0024208861826101043,on,connected,True,synthetic_device_spec_v11
synthetic_customer_000,cabinet_000,2026-09-03 08:40:00+00:00,0,0,0,0,True,True,False,24.21057409935718,-47.749549719987996,2.9285150141355545,4.058519596848029,0.26874988984748893,0.0,0.0,on,connected,True,synthetic_device_spec_v11
synthetic_customer_000,cabinet_000,2026-09-03 08:50:00+00:00,0,0,0,0,True,True,False,24.01103528075404,-49.56568424437092,2.9413770486196706,4.196310185695495,0.654092036592464,0.017586162141356904,0.02318153822082488,on,connected,True,synthetic_device_spec_v11
synthetic_customer_000,cabinet_000,2026-09-03 09:00:00+00:00,0,0,0,0,True,True,False,24.11019306803153,-45.8474586398792,2.801465155792934,4.0230796415186125,0.05657287142435146,0.0,0.0,on,connected,True,synthetic_device_spec_v11
synthetic_customer_000,cabinet_000,2026-09-03 09:10:00+00:00,0,0,0,0,True,True,False,23.86059177928115,-47.2386649585759,2.8012600756843242,4.077454406646572,0.6488265447864142,0.0023523199317214694,0.0,on,connected,True,synthetic_device_spec_v11
synthetic_customer_000,cabinet_000,2026-09-03 09:20:00+00:00,0,0,0,0,True,True,False,24.112827351633666,-48.82549534588136,2.7951407265401773,4.0334899464873235,0.01868442449629055,0.008984903787995085,0.04200598297743607,on,connected,True,synthetic_device_spec_v11
synthetic_customer_000,cabinet_000,2026-09-03 09:30:00+00:00,0,0,0,0,True,True,False,24.01666106767346,-48.75354653854669,2.716869770803635,4.080781430256271,0.04889946896661322,0.04235397155170769,0.021619471872393298,on,connected,True,synthetic_device_spec_v11
synthetic_customer_000,cabinet_000,2026-09-03 09:40:00+00:00,0,0,0,0,True,True,False,23.902833319545586,-47.608944648652816,2.7122288175251503,3.9206274985931007,0.560291865593651,0.012612373318716752,0.003733662984532875,on,connected,True,synthetic_device_spec_v11
synthetic_customer_000,cabinet_000,2026-09-03 09:50:00+00:00,0,0,0,0,True,True,False,24.008941483632757,-46.86242234070367,2.6850915455750965,4.005683580288309,0.7635059644877327,0.03978888250277569,0.007204781825780637,on,connected,True,synthetic_device_spec_v11
synthetic_customer_000,cabinet_000,2026-09-03 10:00:00+00:00,0,0,0,0,True,True,False,24.036251208170125,-48.61735630923856,2.545436310937565,4.04122631608325,0.0,0.014073471982307155,0.0,on,connected,True,synthetic_device_spec_v11
synthetic_customer_000,cabinet_000,2026-09-03 10:10:00+00:00,0,0,0,0,True,True,False,24.098282738554328,-49.31392330037557,2.407923673162521,4.076500044094694,0.0,0.0,0.010831272707316923,on,connected,True,synthetic_device_spec_v11
synthetic_customer_000,cabinet_000,2026-09-03 10:20:00+00:00,0,0,0,0,True,True,False,23.978806171396293,-48.74360051545008,2.427059174027618,3.9016573083133137,0.0,0.0,0.0,on,connected,True,synthetic_device_spec_v11
synthetic_customer_000,cabinet_000,2026-09-03 10:30:00+00:00,0,0,0,0,True,True,False,23.756862999161363,-50.63781993547669,2.4343095673956863,4.018602149381953,0.0,0.0012244817548139999,0.0,on,connected,True,synthetic_device_spec_v11
synthetic_customer_000,cabinet_000,2026-09-03 10:40:00+00:00,0,0,0,0,True,True,False,23.99520170314297,-48.83858342189457,2.416275977605279,4.033912480335861,1.2102594767588348,0.0,0.02496346231777115,on,connected,True,synthetic_device_spec_v11
synthetic_customer_000,cabinet_000,2026-09-03 10:50:00+00:00,0,0,0,0,True,True,False,24.015711230111936,-45.706376624282896,2.280220972681737,4.025780403131297,2.8078198408546142,0.015365035841367752,0.00357742785693103,on,connected,True,synthetic_device_spec_v11
synthetic_customer_000,cabinet_000,2026-09-03 11:00:00+00:00,0,0,0,0,True,True,False,24.217277450005355,-47.908148762442515,2.276670760986772,3.990965414698781,3.663634301611132,0.011127233544239792,0.0,on,connected,True,synthetic_device_spec_v11
synthetic_customer_000,cabinet_000,2026-09-03 11:10:00+00:00,0,0,0,0,True,True,False,23.966051873017754,-48.71519384097368,2.3137067341147506,3.8995354441611334,4.713947226703794,0.0050581827357575465,0.011459206854514738,on,connected,True,synthetic_device_spec_v11
synthetic_customer_000,cabinet_000,2026-09-03 11:20:00+00:00,0,0,0,0,True,True,False,23.828436836133314,-46.8510561003963,2.235852600773467,4.009633094635365,5.734937878589467,0.015170825541670081,0.006882928624116339,on,connected,True,synthetic_device_spec_v11
synthetic_customer_000,cabinet_000,2026-09-03 11:30:00+00:00,0,0,0,0,True,True,False,23.96768562734886,-47.02308461848859,2.155701348846576,4.062478538519351,8.524110029779555,0.01916142172074187,0.02251129762882983,on,connected,True,synthetic_device_spec_v11
synthetic_customer_000,cabinet_000,2026-09-03 11:40:00+00:00,0,0,0,0,True,True,False,24.04584414514673,-47.705703862499384,2.211797452274603,4.011505990507836,8.435825016634395,0.0,0.0,on,connected,True,synthetic_device_spec_v11
synthetic_customer_000,cabinet_000,2026-09-03 11:50:00+00:00,0,0,0,0,True,True,False,24.091676930288287,-49.92164641828824,2.2472616594855417,3.9118091285459466,10.907456145822778,0.0,0.0,on,connected,True,synthetic_device_spec_v11
synthetic_customer_000,cabinet_000,2026-09-03 12:00:00+00:00,0,0,0,0,True,True,False,24.100155530764074,-50.93261261047358,2.217000069129026,4.0284176537627445,12.252146908941837,0.021783479606887767,0.0,on,connected,True,synthetic_device_spec_v11
synthetic_customer_000,cabinet_000,2026-09-03 12:10:00+00:00,1,1,1,1,True,True,False,24.04555213655986,-45.019895029294425,2.1843294088056626,3.9722528614995203,13.764501564340605,0.039817296696658074,0.0,on,connected,True,synthetic_device_spec_v11
synthetic_customer_000,cabinet_000,2026-09-03 12:20:00+00:00,1,1,1,1,True,True,False,23.956928457865352,-49.71712537918148,2.124964514093613,4.003884991701955,14.26624944958434,0.024915616231674268,0.0013722708217028404,on,connected,True,synthetic_device_spec_v11
synthetic_customer_000,cabinet_000,2026-09-03 12:30:00+00:00,1,1,1,1,True,True,False,24.115807579017517,-46.65108090209713,2.1334980299976825,4.023897548724387,14.889288064396817,0.0,0.011659764036747724,on,connected,True,synthetic_device_spec_v11
synthetic_customer_000,cabinet_000,2026-09-03 12:40:00+00:00,0,0,0,0,True,True,False,23.914450900586726,-46.36045267672059,3.0067758328729988,3.9556324318419325,16.38711079544832,0.006163665060062965,0.020427889224094276,on,connected,True,synthetic_device_spec_v11
synthetic_customer_000,cabinet_000,2026-09-03 12:50:00+00:00,0,0,0,0,True,True,False,23.979341753185764,-48.379211606622725,2.9666423994170867,4.052799047149096,19.344597114828463,0.013755147784526132,0.0,on,connected,True,synthetic_device_spec_v11
synthetic_customer_000,cabinet_000,2026-09-03 13:00:00+00:00,0,0,0,0,True,True,False,23.857786479988526,-47.495461500243714,2.985301478953529,4.044590282986955,19.32924859610098,0.041579181016164965,0.0,on,connected,True,synthetic_device_spec_v11
synthetic_customer_000,cabinet_000,2026-09-03 13:10:00+00:00,0,0,0,0,True,True,False,23.901175839824667,-47.5937225612452,2.9977157484866686,4.021312955477687,20.843941909041945,0.0,0.0,on,connected,True,synthetic_device_spec_v11
synthetic_customer_000,cabinet_000,2026-09-03 13:20:00+00:00,0,0,0,0,True,True,False,23.92819402249196,-48.216984043652744,2.9602960410019494,4.0082258019872645,22.44007386733159,0.0030409571145015414,0.0,on,connected,True,synthetic_device_spec_v11
synthetic_customer_000,cabinet_000,2026-09-03 13:30:00+00:00,0,0,0,0,True,True,False,23.946761248514832,-46.65846031831635,2.9796153578099585,3.930638807912136,22.886247401036865,0.019216970397921057,0.0291056573352292,on,connected,True,synthetic_device_spec_v11
synthetic_customer_000,cabinet_000,2026-09-03 13:40:00+00:00,0,0,0,0,True,True,False,24.12702553463694,-48.83935328218246,2.983682803464096,4.091367679782086,24.58388025879737,0.0,0.0010947941162241027,on,connected,True,synthetic_device_spec_v11
synthetic_customer_000,cabinet_000,2026-09-03 13:50:00+00:00,0,0,0,0,True,True,False,23.851603164051312,-47.99311067157499,2.986370232605009,3.9826109097179057,25.489679809916804,0.010165556408214428,0.028805169168469483,on,connected,True,synthetic_device_spec_v11
synthetic_customer_000,cabinet_000,2026-09-03 14:00:00+00:00,0,0,0,0,True,True,False,23.820675307833177,-48.21797547045105,2.996506745267184,3.9941095833828433,25.476924885327403,0.0311474999112827,0.0,on,connected,True,synthetic_device_spec_v11
synthetic_customer_000,cabinet_000,2026-09-03 14:10:00+00:00,0,0,0,0,True,True,False,23.979995516031575,-47.26617133971516,2.990110122000623,3.995687327883276,25.10710701941965,0.0,0.0,on,connected,True,synthetic_device_spec_v11
synthetic_customer_000,cabinet_000,2026-09-03 14:20:00+00:00,0,0,0,0,True,True,False,23.997281355189457,-49.2561824219571,2.9269365144621657,3.902176940368449,25.495275894487182,0.0,0.0,on,connected,True,synthetic_device_spec_v11
synthetic_customer_000,cabinet_000,2026-09-03 14:30:00+00:00,0,0,0,0,True,True,False,23.986074351017898,-47.378390226268074,3.0134030506268066,3.8890261981232093,23.90513285189829,0.014362998463731826,0.0004347164839282907,on,connected,True,synthetic_device_spec_v11
synthetic_customer_000,cabinet_000,2026-09-03 14:40:00+00:00,0,0,0,0,True,True,False,24.1606946719196,-47.8349157230995,3.0211503057818843,4.02846807866618,25.471352274938255,0.011648298305570834,0.009813369227413235,on,connected,True,synthetic_device_spec_v11
synthetic_customer_000,cabinet_000,2026-09-03 14:50:00+00:00,0,0,0,0,True,True,False,24.150040585011617,-47.331994492303664,3.040914801993714,4.057263580285623,24.482540092627875,0.0,0.0,on,connected,True,synthetic_device_spec_v11
synthetic_customer_000,cabinet_000,2026-09-03 15:00:00+00:00,0,0,0,0,True,True,False,24.000383096131372,-48.15550460223999,2.988628218705509,4.089804255055887,0.06092583416904799,0.0,0.01844429608292886,on,connected,True,synthetic_device_spec_v11
synthetic_customer_000,cabinet_000,2026-09-03 15:10:00+00:00,0,0,0,0,True,True,False,23.711918992406073,-48.64660905576685,2.8749425178307093,4.001393974639335,0.0,0.058455517626574985,0.01176296258668326,on,connected,True,synthetic_device_spec_v11
synthetic_customer_000,cabinet_000,2026-09-03 15:20:00+00:00,0,0,0,0,True,True,False,24.018864908051643,-49.48683666284031,2.7694335574256708,4.060655991640907,0.0,0.0,0.0035373758472667877,on,connected,True,synthetic_device_spec_v11
synthetic_customer_000,cabinet_000,2026-09-03 15:30:00+00:00,0,0,0,0,True,True,False,24.10946532875032,-48.119392608238066,2.530531556823411,4.052957609595025,0.807368523394822,0.019376803683070504,0.0,on,connected,True,synthetic_device_spec_v11
synthetic_customer_000,cabinet_000,2026-09-03 15:40:00+00:00,0,0,0,0,True,True,False,24.006108563495605,-49.09647221927071,2.40981282723205,3.9979691001540063,0.0,0.0,0.022754808252914187,on,connected,True,synthetic_device_spec_v11
synthetic_customer_000,cabinet_000,2026-09-03 15:50:00+00:00,0,0,0,0,True,True,False,23.976949262631457,-48.223560058395414,2.259325731657202,3.897882114001811,0.691222212499127,0.0,0.013399227747814017,on,connected,True,synthetic_device_spec_v11
synthetic_customer_000,cabinet_000,2026-09-03 16:00:00+00:00,0,0,0,0,True,True,False,24.0418599866427,-48.69331317839369,2.0650053548494505,3.9689016616525814,0.756611248872099,0.003274256619433193,0.013724274442268562,on,connected,True,synthetic_device_spec_v11
synthetic_customer_000,cabinet_000,2026-09-03 16:10:00+00:00,0,0,0,0,True,True,False,23.861791338893916,-47.458159226195015,1.892854099397879,4.075416559352778,0.26067328841255616,0.029445281632211846,0.0,on,connected,True,synthetic_device_spec_v11
synthetic_customer_000,cabinet_000,2026-09-03 16:20:00+00:00,0,0,0,0,True,True,False,24.02774666567787,-48.749961230482704,1.842806461113224,3.9232992257366606,0.990798549791835,0.0,0.0,on,connected,True,synthetic_device_spec_v11
synthetic_customer_000,cabinet_000,2026-09-03 16:30:00+00:00,0,0,0,0,True,True,False,24.08286538251388,-49.1356984507666,1.6061592530510749,4.00461857982182,0.0,0.0,0.0309000647480508,on,connected,True,synthetic_device_spec_v11
synthetic_customer_000,cabinet_000,2026-09-03 16:40:00+00:00,0,0,0,0,True,True,False,23.957851635943552,-48.13718422618185,1.4695207347852763,4.014196168763208,0.5505498407682012,0.02636144129656591,0.0,on,connected,True,synthetic_device_spec_v11
synthetic_customer_000,cabinet_000,2026-09-03 16:50:00+00:00,0,0,0,0,True,True,False,23.936425929528763,-45.878264784102065,1.3111700045309493,4.0829567574931875,0.13667046723794188,0.0005427828353211443,0.0,on,connected,True,synthetic_device_spec_v11
synthetic_customer_000,cabinet_000,2026-09-03 17:00:00+00:00,0,0,0,0,True,True,False,23.957245862107413,-47.98466577850451,1.174085114580115,4.087855700340153,0.21576492890270096,0.0,0.0,on,connected,True,synthetic_device_spec_v11
synthetic_customer_000,cabinet_000,2026-09-03 17:10:00+00:00,0,0,0,0,True,True,False,23.967717865863797,-47.69826420923754,0.9909349344194402,4.084998931261018,0.6056351218110465,0.01453121504320752,0.01735127023343333,on,connected,True,synthetic_device_spec_v11
synthetic_customer_000,cabinet_000,2026-09-03 17:20:00+00:00,0,0,0,0,True,True,False,24.071531249634514,-46.93846637768258,0.9966811530691353,3.8959708652398253,0.1547694985535993,0.007271010670543698,0.015470653630067168,on,connected,True,synthetic_device_spec_v11
synthetic_customer_000,cabinet_000,2026-09-03 17:30:00+00:00,0,0,0,0,True,True,False,24.089219594096527,-48.288080047324,1.0269109156662313,4.020303610986103,0.0,0.0,0.0,on,connected,True,synthetic_device_spec_v11
synthetic_customer_000,cabinet_000,2026-09-03 17:40:00+00:00,0,0,0,0,True,True,False,23.97495289892932,-46.874716571534805,0.9796761802570167,3.9867449675629407,0.10233898027413975,0.013865928645925922,0.016193073379583436,on,connected,True,synthetic_device_spec_v11
synthetic_customer_000,cabinet_000,2026-09-03 17:50:00+00:00,0,0,0,0,True,True,False,23.93912714602111,-48.97458200917453,0.9503166303025948,3.9616617343750127,0.0,0.02851039344947733,0.0,on,connected,True,synthetic_device_spec_v11
synthetic_customer_000,cabinet_000,2026-09-03 18:00:00+00:00,0,0,0,0,True,True,False,23.95171958469204,-49.76194121366011,1.0267227830833003,4.011692462020442,0.09584108225074424,0.0,0.0,on,connected,True,synthetic_device_spec_v11
synthetic_customer_000,cabinet_000,2026-09-03 18:10:00+00:00,1,1,1,0,True,True,False,23.91013438982609,-47.59812303366462,1.0265307546347393,4.055588154033025,0.4105008255669362,0.04993131107855775,0.0,on,connected,True,synthetic_device_spec_v11
synthetic_customer_000,cabinet_000,2026-09-03 18:20:00+00:00,1,1,1,0,True,True,False,23.94443111919441,-46.467273389474,1.0098513616900395,4.087729417063691,0.0,0.020579651953757477,0.0,on,connected,True,synthetic_device_spec_v11
synthetic_customer_000,cabinet_000,2026-09-03 18:30:00+00:00,1,1,1,1,True,True,False,23.946665583780938,-48.300820254524844,3.000316556241039,4.055670964864894,0.7205751731548906,0.0,0.0,on,connected,True,synthetic_device_spec_v11
synthetic_customer_000,cabinet_000,2026-09-03 18:40:00+00:00,0,0,0,0,True,True,False,23.901863215959896,-48.52926842177152,2.9336753668907027,4.008980412352908,0.6985154847197467,0.01292050504652368,0.04918707102727823,on,connected,True,synthetic_device_spec_v11
synthetic_customer_000,cabinet_000,2026-09-03 18:50:00+00:00,0,0,0,0,True,True,False,23.790291459129623,-48.8036791062851,2.9683549504822486,4.024512236563459,0.0,0.0,0.0,on,connected,True,synthetic_device_spec_v11
synthetic_customer_000,cabinet_000,2026-09-03 19:00:00+00:00,0,0,0,0,True,True,False,24.109234014379922,-46.35710091177468,2.9930149446091967,3.990679789959611,0.0,0.0,0.01910055505679914,on,connected,True,synthetic_device_spec_v11
synthetic_customer_000,cabinet_000,2026-09-03 19:10:00+00:00,0,0,0,0,True,True,False,23.95855193806912,-47.675912200301376,3.0275594127860876,4.1813586075463585,0.0683107413175452,0.0,0.0,on,connected,True,synthetic_device_spec_v11
synthetic_customer_000,cabinet_000,2026-09-03 19:20:00+00:00,0,0,0,0,True,True,False,24.040359544702483,-48.15212718798147,2.989524420842628,3.977840068811714,0.0,0.0,0.0,on,connected,True,synthetic_device_spec_v11
synthetic_customer_000,cabinet_000,2026-09-03 19:30:00+00:00,0,0,0,0,True,True,False,23.82745908627289,-47.27924106506379,3.1042410766896933,3.9843315861632056,0.3961439273386844,0.0,0.0,on,connected,True,synthetic_device_spec_v11
synthetic_customer_000,cabinet_000,2026-09-03 19:40:00+00:00,0,0,0,0,True,True,False,24.06783690641276,-47.633174919580355,2.99783895037295,3.9117086497266693,0.012289039782168318,0.0015496706730177999,0.0,on,connected,True,synthetic_device_spec_v11
synthetic_customer_000,cabinet_000,2026-09-03 19:50:00+00:00,0,0,0,0,True,True,False,24.07259580868145,-48.99447096107185,2.996619699571199,4.099392321517011,0.0,0.0,0.0,on,connected,True,synthetic_device_spec_v11
synthetic_customer_000,cabinet_000,2026-09-03 20:00:00+00:00,0,0,0,0,True,True,False,24.004630379517106,-48.009109927853416,2.9599153444728095,4.023155443132347,0.1990306206587275,0.01999327742293748,0.007627738073675851,on,connected,True,synthetic_device_spec_v11
synthetic_customer_000,cabinet_000,2026-09-03 20:10:00+00:00,0,0,0,0,True,True,False,23.87703199079124,-48.87926189795085,2.9784209619358966,4.010390340946307,0.05664180917252865,0.0115620969428859,0.02851228739442752,on,connected,True,synthetic_device_spec_v11
synthetic_customer_000,cabinet_000,2026-09-03 20:20:00+00:00,0,0,0,0,True,True,False,23.931921968631855,-50.043537710597114,3.0124429114627547,3.910331397812666,0.0,0.04039893071309175,0.02733498280137533,on,connected,True,synthetic_device_spec_v11
synthetic_customer_000,cabinet_000,2026-09-03 20:30:00+00:00,0,0,0,0,True,True,False,24.104304024531828,-47.39423757381162,2.9935180014483853,3.9908909461727347,0.07680505094176666,0.0,0.0,on,connected,True,synthetic_device_spec_v11
synthetic_customer_000,cabinet_000,2026-09-03 20:40:00+00:00,0,0,0,0,True,True,False,24.128069158057365,-48.060950127919924,3.022344097880788,3.930237518736433,0.025986176308001825,0.0,0.0,on,connected,True,synthetic_device_spec_v11
synthetic_customer_000,cabinet_000,2026-09-03 20:50:00+00:00,0,0,0,0,True,True,False,23.94974674935133,-47.52391674574325,3.0442053456631037,4.018422008690113,0.0,0.02270530075617478,0.03738810355212613,on,connected,True,synthetic_device_spec_v11
synthetic_customer_000,cabinet_000,2026-09-03 21:00:00+00:00,0,0,0,0,True,True,False,24.067385859532987,-47.617699951775926,2.965934221425928,3.9472854870792236,0.2072599808572895,0.05031883357958217,0.0,on,connected,True,synthetic_device_spec_v11
synthetic_customer_000,cabinet_000,2026-09-03 21:10:00+00:00,0,0,0,0,True,True,False,23.754333503459268,-46.5693661928724,3.024579899796249,4.0826605822021955,0.0,0.027251953598494395,0.0,on,connected,True,synthetic_device_spec_v11
synthetic_customer_000,cabinet_000,2026-09-03 21:20:00+00:00,0,0,0,0,True,True,False,23.94982812723709,-50.436022181519995,3.0164778357703765,3.884570496490801,0.0,0.005581686239383785,0.018522746779330836,on,connected,True,synthetic_device_spec_v11
synthetic_customer_000,cabinet_000,2026-09-03 21:30:00+00:00,0,0,0,0,True,True,False,23.940535952881397,-50.698111975921385,2.9990295394369215,4.051775402681629,0.47071493398232156,0.0,0.0,on,connected,True,synthetic_device_spec_v11
synthetic_customer_000,cabinet_000,2026-09-03 21:40:00+00:00,0,0,0,0,True,True,False,24.003246187085065,-51.83608406271904,3.0150078365017996,4.017578192065656,0.0,0.04910817674351381,0.031488080439046266,on,connected,True,synthetic_device_spec_v11
synthetic_customer_000,cabinet_000,2026-09-03 21:50:00+00:00,0,0,0,0,True,True,False,24.066406602663466,-55.114949961056766,2.9199457312703543,3.9589500648669933,0.0,0.12486172402935047,0.00020015616585082336,on,connected,True,synthetic_device_spec_v11
synthetic_customer_000,cabinet_000,2026-09-03 22:00:00+00:00,0,0,0,0,True,True,False,23.652326344599874,-57.41483937543621,3.028166776757886,4.076019822311965,0.5232610563002884,0.1542532877046369,0.0,on,connected,True,synthetic_device_spec_v11
synthetic_customer_000,cabinet_000,2026-09-03 22:10:00+00:00,0,0,0,0,True,True,False,23.87798216362085,-59.812795172909134,2.9557691061633813,4.05297108493414,0.0,0.2168452582808281,0.012062735184829771,on,connected,True,synthetic_device_spec_v11
synthetic_customer_000,cabinet_000,2026-09-03 22:20:00+00:00,0,0,0,0,True,True,False,24.134814055860485,-60.24093108133122,2.9698494329124268,4.04868308773218,0.26471219348618974,0.2147308026374513,0.010593544444808676,on,connected,True,synthetic_device_spec_v11
synthetic_customer_000,cabinet_000,2026-09-03 22:30:00+00:00,0,0,0,0,True,True,False,23.889657516375145,-61.926227629196546,2.993908568457007,3.8393322677040684,0.259473925488859,0.23361599732535343,0.03200632826347157,on,connected,True,synthetic_device_spec_v11
synthetic_customer_000,cabinet_000,2026-09-03 22:40:00+00:00,0,0,0,0,True,True,False,23.89837137801725,-67.4314890410522,2.9455917870358443,4.027928009397326,0.03087191597554178,0.3445687896001437,0.0,on,connected,True,synthetic_device_spec_v11
synthetic_customer_000,cabinet_000,2026-09-03 22:50:00+00:00,0,0,0,0,True,True,False,23.897113001182817,-67.86575255063406,2.9427492366515193,4.023516245281672,0.12360211995365716,0.35452822306766235,0.03070279747918081,on,connected,True,synthetic_device_spec_v11
synthetic_customer_000,cabinet_000,2026-09-03 23:00:00+00:00,0,0,0,0,True,True,False,23.607150313398108,-71.1313957017342,2.981757273183551,3.998392579056445,0.04542020788502116,0.42624879770646557,0.0,on,connected,True,synthetic_device_spec_v11
synthetic_customer_000,cabinet_000,2026-09-03 23:10:00+00:00,0,0,0,0,True,True,False,24.221402570635846,-73.52609656452191,2.978787883467076,3.9487841710161034,0.0,0.4616147956707823,0.0023325507923852165,on,connected,True,synthetic_device_spec_v11
synthetic_customer_000,cabinet_000,2026-09-03 23:20:00+00:00,0,0,0,0,True,True,False,24.03074973574446,-74.56142099125182,2.9736473550588602,3.9557745354662583,0.04906747710425613,0.4751380061019897,0.021131750075295747,on,connected,True,synthetic_device_spec_v11
synthetic_customer_000,cabinet_000,2026-09-03 23:30:00+00:00,0,0,0,0,True,True,False,24.16223374174202,-79.2089285103547,2.9672434784412878,4.04638060204815,0.13705395881541435,0.5484513585920822,0.0,on,connected,True,synthetic_device_spec_v11
synthetic_customer_000,cabinet_000,2026-09-03 23:40:00+00:00,0,0,0,0,True,True,False,24.110453750006485,-78.37333621956515,3.0159646809257996,3.9945151796927827,0.0,0.5831721593131648,0.0,on,connected,True,synthetic_device_spec_v11
synthetic_customer_000,cabinet_000,2026-09-03 23:50:00+00:00,0,0,0,0,True,True,False,23.997950013173213,-81.03342471689454,3.004246877971934,3.943390222235941,0.0,0.6418279050006376,0.0,on,connected,True,synthetic_device_spec_v11
synthetic_customer_000,cabinet_000,2026-09-04 00:00:00+00:00,0,0,0,0,True,True,False,23.889083629850028,-84.1299049325873,2.950965794875318,4.06747341414501,0.0,0.6421726131970493,0.0034335748615005606,on,connected,True,synthetic_device_spec_v11
synthetic_customer_000,cabinet_000,2026-09-04 01:20:00+00:00,0,0,0,0,True,True,False,23.931102306847357,-47.36795478451789,3.021605291854098,4.052875075840529,0.2586808241870122,0.026187350504833784,0.016581168676492408,on,connected,True,synthetic_device_spec_v11
synthetic_customer_000,cabinet_000,2026-09-04 01:30:00+00:00,0,0,0,0,True,True,False,23.969367157008747,-48.80543754422881,2.970251660861363,4.002380778017528,0.34200561384539296,0.0,0.0,on,connected,True,synthetic_device_spec_v11
synthetic_customer_000,cabinet_000,2026-09-04 01:40:00+00:00,0,0,0,0,True,True,False,23.871872946383945,-46.186569230736986,3.0361504735351343,4.039069719971129,0.04637372963637775,0.01231861532609245,0.016273963533310284,on,connected,True,synthetic_device_spec_v11
synthetic_customer_000,cabinet_000,2026-09-04 01:50:00+00:00,0,0,0,0,True,True,False,24.42587665006695,-48.48997704053012,3.004758097801083,3.9715337577624203,0.17722449134952267,0.01597280757714544,0.0,on,connected,True,synthetic_device_spec_v11
synthetic_customer_000,cabinet_000,2026-09-04 02:00:00+00:00,0,0,0,0,True,True,False,23.76858896240344,-48.180402021907724,3.0724153785874915,4.036116679752509,0.0,0.05562077121078336,0.0,on,connected,True,synthetic_device_spec_v11
synthetic_customer_000,cabinet_000,2026-09-04 02:10:00+00:00,0,0,0,0,True,True,False,23.810267507115896,-49.65194364183109,2.956473598499303,4.004134965620412,0.0,0.004300703194945735,0.020027137901960604,on,connected,True,synthetic_device_spec_v11
synthetic_customer_000,cabinet_000,2026-09-04 02:20:00+00:00,0,0,0,0,True,True,False,24.075602461424047,-49.17640409016298,2.9963250532272627,3.908563957444985,0.5558581330013028,0.0,0.0,on,connected,True,synthetic_device_spec_v11
synthetic_customer_000,cabinet_000,2026-09-04 02:30:00+00:00,0,0,0,0,True,True,False,23.735114145180567,-47.38213121990367,3.0134874788503105,4.031286529604475,0.0,0.008076306643918682,0.0006163353525190442,on,connected,True,synthetic_device_spec_v11
synthetic_customer_000,cabinet_000,2026-09-04 02:40:00+00:00,0,0,0,0,True,True,False,23.271668005984047,-47.06360748913951,2.9613003772781727,4.113780368192012,0.0,0.0,0.013066591719435678,on,connected,True,synthetic_device_spec_v11
synthetic_customer_000,cabinet_000,2026-09-04 02:50:00+00:00,0,0,0,0,True,True,False,23.046326409766756,-49.611243678631915,2.9076707654666984,4.057008511243304,0.0,0.02863263516964938,0.004458022276688103,on,connected,True,synthetic_device_spec_v11
synthetic_customer_000,cabinet_000,2026-09-04 03:00:00+00:00,0,0,0,0,True,True,False,22.591775163998296,-48.74566490036084,3.012208342947051,3.9611136806034435,0.0,0.03907389875903463,0.017131154728914525,on,connected,True,synthetic_device_spec_v11
synthetic_customer_000,cabinet_000,2026-09-04 03:10:00+00:00,0,0,0,0,True,True,False,22.429451243050305,-47.99191078766404,3.0126837102109065,4.007650769106906,0.15654306417260555,0.002165487025638309,0.0,on,connected,True,synthetic_device_spec_v11
synthetic_customer_000,cabinet_000,2026-09-04 03:20:00+00:00,0,0,0,0,True,True,False,22.34335726545923,-46.15965173143147,2.9885097242841914,4.028840341122074,0.0,0.0,0.0,on,connected,True,synthetic_device_spec_v11
synthetic_customer_000,cabinet_000,2026-09-04 03:30:00+00:00,0,0,0,0,True,True,False,21.951684332977553,-45.95503090331363,3.022206136462104,3.8673405532814034,0.5340180534532323,0.0,0.006211167977664508,on,connected,True,synthetic_device_spec_v11
synthetic_customer_000,cabinet_000,2026-09-04 03:40:00+00:00,0,0,0,0,True,True,False,21.61272319880251,-47.53356560197427,3.021337580983509,3.918858746468517,0.0,0.012947353017071332,0.020466788748795695,on,connected,True,synthetic_device_spec_v11
synthetic_customer_000,cabinet_000,2026-09-04 03:50:00+00:00,0,0,0,0,True,True,False,21.159697859261602,-47.29799474923239,2.9746988012989912,4.024656783205343,0.7400570871855621,0.03198821844810844,0.002539284492560473,on,connected,True,synthetic_device_spec_v11
synthetic_customer_000,cabinet_000,2026-09-04 04:00:00+00:00,0,0,0,0,True,True,False,20.90759726586229,-49.596580830908245,3.0003699440367444,4.007759864479647,0.3650764859975218,0.024143358557696223,0.0,on,connected,True,synthetic_device_spec_v11
synthetic_customer_000,cabinet_000,2026-09-04 04:10:00+00:00,0,0,0,0,True,True,False,20.39930192019232,-48.356290162339725,3.0080890418968846,4.026550521210788,0.0,1.9945498450446296e-05,0.0,on,connected,True,synthetic_device_spec_v11
synthetic_customer_000,cabinet_000,2026-09-04 04:20:00+00:00,0,0,0,0,True,True,False,20.204956093167162,-45.70061362856051,3.0414846913772955,4.076235531559363,0.4580684796679794,0.009416503268897258,0.0,on,connected,True,synthetic_device_spec_v11
synthetic_customer_000,cabinet_000,2026-09-04 04:30:00+00:00,0,0,0,0,True,True,False,19.94070094423429,-48.68141432446495,2.9343141849658063,4.007926614075254,0.4892647018141621,0.0,0.0,on,connected,True,synthetic_device_spec_v11
synthetic_customer_000,cabinet_000,2026-09-04 04:40:00+00:00,0,0,0,0,True,True,False,19.70664366678047,-47.79064709244298,2.9594908738775474,4.011089947033286,0.0,0.014790452005271749,0.002758792860326457,on,connected,True,synthetic_device_spec_v11
synthetic_customer_000,cabinet_000,2026-09-04 04:50:00+00:00,0,0,0,0,True,True,False,19.468082502089114,-48.90085809340276,2.903519311607271,3.9118680024904493,0.19709583506433748,0.03313382932896522,0.0,on,connected,True,synthetic_device_spec_v11
synthetic_customer_000,cabinet_000,2026-09-04 05:00:00+00:00,0,0,0,0,True,True,False,19.240114062073893,-49.11186909476332,2.948868890474153,3.936648868086161,0.15332001385183128,0.016076887259056143,0.0,on,connected,True,synthetic_device_spec_v11
synthetic_customer_000,cabinet_000,2026-09-04 05:10:00+00:00,0,0,0,0,True,True,False,18.666751420847365,-48.031128015867736,3.001715630803305,4.115530395950124,0.0,0.048843699717470684,0.014476152613231465,on,connected,True,synthetic_device_spec_v11
synthetic_customer_000,cabinet_000,2026-09-04 05:50:00+00:00,0,0,0,0,True,True,False,24.033162344201973,-47.21316622903303,2.96888574668666,4.024730753593764,0.0,0.0,0.0,on,connected,True,synthetic_device_spec_v11
synthetic_customer_000,cabinet_000,2026-09-04 06:00:00+00:00,0,0,0,0,True,True,False,24.07501708710037,-48.2117446297231,2.963642382270927,4.135860019555322,0.0,0.028626365380031493,0.009609090527636265,on,connected,True,synthetic_device_spec_v11
synthetic_customer_000,cabinet_000,2026-09-04 06:10:00+00:00,1,1,1,1,True,True,False,24.01509497045254,-46.98060836375842,2.9350124063207867,4.051419601870378,0.0,0.015772442576221176,0.0,on,connected,True,synthetic_device_spec_v11
synthetic_customer_000,cabinet_000,2026-09-04 06:20:00+00:00,1,1,1,1,True,True,False,23.918484198862807,-46.99495951849855,2.9877877344217363,4.053383509810431,0.0,0.011150860749213275,0.0,on,connected,True,synthetic_device_spec_v11
synthetic_customer_000,cabinet_000,2026-09-04 06:30:00+00:00,1,1,1,1,True,True,False,23.96269858368392,-48.486755617448516,3.0576352741397703,3.995289275236705,0.30957101778404983,0.008727246922748172,0.0,on,connected,True,synthetic_device_spec_v11
synthetic_customer_000,cabinet_000,2026-09-04 06:40:00+00:00,0,0,0,0,True,True,False,23.910331115631745,-47.63819019449482,3.0840384314880533,3.9386902672212996,0.0,0.02719368297991009,0.016181420799279433,on,connected,True,synthetic_device_spec_v11
synthetic_customer_000,cabinet_000,2026-09-04 06:50:00+00:00,0,0,0,0,True,True,False,24.129895765813462,-47.217384539833596,3.000329260120292,3.983789574942909,0.5511944575504636,0.017746412323365497,0.0,on,connected,True,synthetic_device_spec_v11
synthetic_customer_000,cabinet_000,2026-09-04 07:00:00+00:00,0,0,0,0,True,True,False,24.151908884791197,-48.08788274634675,3.003879885664605,4.012273352503437,0.2948369453494746,0.0,0.009600973066447617,on,connected,True,synthetic_device_spec_v11
synthetic_customer_000,cabinet_000,2026-09-04 07:10:00+00:00,0,0,0,0,True,True,False,24.04832872547888,-47.0013878420533,3.0214005674455073,3.976568198786481,1.3483612304340344,0.0,0.006581855276105926,on,connected,True,synthetic_device_spec_v11
synthetic_customer_000,cabinet_000,2026-09-04 07:20:00+00:00,0,0,0,0,True,True,False,23.902469485061033,-48.13474500756333,3.0494940279157356,4.020498932726355,0.3864363790501068,0.022265099452584956,0.013479770378530142,on,connected,True,synthetic_device_spec_v11
synthetic_customer_000,cabinet_000,2026-09-04 07:30:00+00:00,0,0,0,0,True,True,False,23.908698046321835,-47.64122286573136,3.0281225650909964,3.8938569317554808,0.10044191675112617,0.023523635820437518,0.017913920373014057,on,connected,True,synthetic_device_spec_v11
synthetic_customer_000,cabinet_000,2026-09-04 07:40:00+00:00,0,0,0,0,True,True,False,23.97606554324853,-47.267972229398765,3.000720275450551,3.989947554430832,0.807411604742556,0.007898472867705751,0.0005141021675433532,on,connected,True,synthetic_device_spec_v11
synthetic_customer_000,cabinet_000,2026-09-04 07:50:00+00:00,0,0,0,0,True,True,False,23.98085360307342,-47.9541233375319,3.063304428672206,4.095894245128409,0.49928449350821774,0.0040122969642252685,0.0,on,connected,True,synthetic_device_spec_v11
synthetic_customer_000,cabinet_000,2026-09-04 08:00:00+00:00,0,0,0,0,True,True,False,23.98064048752999,-49.39341009114642,3.015899200614537,4.028521210920473,0.2775359916437897,0.0,0.002067900432637797,on,connected,True,synthetic_device_spec_v11
synthetic_customer_000,cabinet_000,2026-09-04 08:10:00+00:00,0,0,0,0,True,True,False,23.98160873523725,-48.82990302936338,2.9913380149784436,3.998666440037027,0.0,7.140998504636682e-05,0.010069516664513507,on,connected,True,synthetic_device_spec_v11
synthetic_customer_000,cabinet_000,2026-09-04 08:20:00+00:00,0,0,0,0,True,True,False,23.91386923703795,-46.61686824939866,3.0389237181283537,3.9866434873012238,0.5535143380811436,0.04843351477633559,0.0,on,connected,True,synthetic_device_spec_v11
synthetic_customer_000,cabinet_000,2026-09-04 08:30:00+00:00,0,0,0,0,True,True,False,23.800224699439998,-47.920138186149025,3.020227823999491,3.984057472160453,0.0,0.0,0.0,on,connected,True,synthetic_device_spec_v11
synthetic_customer_000,cabinet_000,2026-09-04 08:40:00+00:00,0,0,0,0,True,True,False,23.713563156828766,-47.95656814587825,2.9853137828482237,3.9821881631569886,0.0,0.018813034693874867,0.022141973766685235,on,connected,True,synthetic_device_spec_v11
synthetic_customer_000,cabinet_000,2026-09-04 08:50:00+00:00,0,0,0,0,True,True,False,23.781191678334466,-47.6844110244992,2.9615218400037597,3.927580559499122,0.0,0.04532016993926072,0.0,on,connected,True,synthetic_device_spec_v11
synthetic_customer_000,cabinet_000,2026-09-04 09:00:00+00:00,0,0,0,0,True,True,False,24.003472093784215,-48.252130479938074,2.9632067169296588,4.198761117495788,0.206735244061291,0.0,0.03354777606507754,on,connected,True,synthetic_device_spec_v11
synthetic_customer_000,cabinet_000,2026-09-04 09:10:00+00:00,0,0,0,0,True,True,False,23.995953955833542,-47.05498641337446,2.947720391702088,4.054051870069448,0.43809736199108856,0.0,0.0031770146105523306,on,connected,True,synthetic_device_spec_v11
synthetic_customer_000,cabinet_000,2026-09-04 09:20:00+00:00,0,0,0,0,True,True,False,24.07474338073142,-48.20334005368565,3.0890086837629083,3.900208893610716,0.0,0.0,0.0,on,connected,True,synthetic_device_spec_v11
synthetic_customer_000,cabinet_000,2026-09-04 09:30:00+00:00,0,0,0,0,True,True,False,23.921888602194617,-50.34588004181004,2.9320554739476985,4.026208488128673,0.5504234717124756,0.015878929112583873,0.010844911064599663,on,connected,True,synthetic_device_spec_v11
synthetic_customer_000,cabinet_000,2026-09-04 09:40:00+00:00,0,0,0,0,True,True,False,24.0978707955176,-46.86889453805456,3.068019437751323,4.027564875927015,0.03770741621239517,0.0,0.003170099941323797,on,connected,True,synthetic_device_spec_v11
synthetic_customer_000,cabinet_000,2026-09-04 09:50:00+00:00,0,0,0,0,True,True,False,24.122360240578903,-48.590572836388944,3.0172443726768106,3.9711149288787393,0.0,0.0,0.0,on,connected,True,synthetic_device_spec_v11
synthetic_customer_000,cabinet_000,2026-09-04 10:00:00+00:00,0,0,0,0,True,True,False,23.944631259275003,-47.666810749547,3.01736443111049,4.069571176987147,0.6559462519140655,0.0,0.03381413800637663,on,connected,True,synthetic_device_spec_v11
synthetic_customer_000,cabinet_000,2026-09-04 10:10:00+00:00,0,0,0,0,True,True,False,24.04664889460454,-47.16848216225555,3.0539765142057673,4.059954552873694,0.0,0.0,0.0,on,connected,True,synthetic_device_spec_v11
synthetic_customer_000,cabinet_000,2026-09-04 10:20:00+00:00,0,0,0,0,True,True,False,24.092333516005564,-46.635413100688396,2.9701694385598945,3.920384391978246,0.0,0.0,0.0,on,connected,True,synthetic_device_spec_v11
synthetic_customer_000,cabinet_000,2026-09-04 10:30:00+00:00,0,0,0,0,True,True,False,23.878040541322164,-47.04186592373783,2.9856208666541337,4.123794767081865,0.1027583803442211,0.029845245514652757,0.008807408435099001,on,connected,True,synthetic_device_spec_v11
synthetic_customer_000,cabinet_000,2026-09-04 10:40:00+00:00,0,0,0,0,True,True,False,24.09554067292835,-47.995643929302766,3.000353516746608,4.019764618148803,0.0,0.0010632355393997476,0.0,on,connected,True,synthetic_device_spec_v11
synthetic_customer_000,cabinet_000,2026-09-04 10:50:00+00:00,0,0,0,0,True,True,False,23.87768961920582,-47.3119216369297,2.9994177437661396,3.963711942931846,0.0,0.01561467978487431,0.011323513720850841,on,connected,True,synthetic_device_spec_v11
synthetic_customer_000,cabinet_000,2026-09-04 11:00:00+00:00,0,0,0,0,True,True,False,24.053366917074786,-48.881769115540166,3.034953727870707,4.060362008793233,0.4231917848657619,0.03828073787877723,0.0033439450821315777,on,connected,True,synthetic_device_spec_v11
synthetic_customer_000,cabinet_000,2026-09-04 11:10:00+00:00,0,0,0,0,True,True,False,23.924222612772905,-45.92562199710226,3.0377234086031235,3.981739513607812,0.0,0.041817918807044406,0.0,on,connected,True,synthetic_device_spec_v11
synthetic_customer_000,cabinet_000,2026-09-04 11:20:00+00:00,0,0,0,0,True,True,False,24.088958956665717,-48.9161759869622,3.061494943640909,3.974788352237597,0.2567723014229815,0.0034182413970964293,0.0,on,connected,True,synthetic_device_spec_v11
synthetic_customer_000,cabinet_000,2026-09-04 11:30:00+00:00,0,0,0,0,True,True,False,24.007338827673284,-48.33680136287021,3.046751490100444,4.013678594965193,0.0,0.0496001240299653,0.0,on,connected,True,synthetic_device_spec_v11
synthetic_customer_000,cabinet_000,2026-09-04 11:40:00+00:00,0,0,0,0,True,True,False,24.218698863026304,-48.418057277354194,2.9740721253874405,3.9456135712125584,0.0,0.006622477804080005,0.0,on,connected,True,synthetic_device_spec_v11
synthetic_customer_000,cabinet_000,2026-09-04 11:50:00+00:00,0,0,0,0,True,True,False,23.96737039569479,-47.727140296175286,3.0318516953470716,4.0195172770335645,0.05313975538458706,0.013763857424783596,0.0,on,connected,True,synthetic_device_spec_v11
synthetic_customer_000,cabinet_000,2026-09-04 12:00:00+00:00,0,0,0,0,True,True,False,23.831610312389973,-48.03850437885589,2.927495472104636,4.039549466440585,0.29267855600580167,0.030137617357818666,0.0,on,connected,True,synthetic_device_spec_v11
synthetic_customer_000,cabinet_000,2026-09-04 12:10:00+00:00,1,1,1,1,True,True,False,23.84103256036005,-47.706682786514065,2.971772913907087,3.945672677365473,0.715950338370941,0.0,0.028450545129375743,on,connected,True,synthetic_device_spec_v11
synthetic_customer_000,cabinet_000,2026-09-04 12:20:00+00:00,1,1,1,1,True,True,False,24.09459971240198,-47.000488090030466,3.0188691593398542,3.991589699143655,0.0,0.03526782326445132,0.0,on,connected,True,synthetic_device_spec_v11
synthetic_customer_000,cabinet_000,2026-09-04 12:30:00+00:00,1,1,1,1,True,True,False,24.009938762746753,-48.02398166241512,3.0195140099910898,3.9504634628072424,0.004823554051213079,0.028013838992995133,0.0013680777521111677,on,connected,True,synthetic_device_spec_v11
synthetic_customer_000,cabinet_000,2026-09-04 12:40:00+00:00,0,0,0,0,True,True,False,24.241878928756698,-48.44840467277241,3.015048632035788,3.9720131181594027,0.056822925623252515,0.012210568055261176,0.0,on,connected,True,synthetic_device_spec_v11
synthetic_customer_000,cabinet_000,2026-09-04 12:50:00+00:00,0,0,0,0,True,True,False,23.752003629393453,-46.866102998746754,2.9899487773148703,3.9833392469706856,0.0,0.0013202362633700252,0.0,on,connected,True,synthetic_device_spec_v11
synthetic_customer_000,cabinet_000,2026-09-04 13:00:00+00:00,0,0,0,0,True,True,False,23.901870983391067,-49.53197013204241,3.0164947253542813,3.936686669592239,0.38593132926419277,0.029885987101453782,0.02637334703956793,on,connected,True,synthetic_device_spec_v11
synthetic_customer_000,cabinet_000,2026-09-04 13:10:00+00:00,0,0,0,0,True,True,False,23.967635094459272,-44.625710393488305,3.018146642174879,4.014400750590873,0.014057449138223467,0.0,0.0,on,connected,True,synthetic_device_spec_v11
synthetic_customer_000,cabinet_000,2026-09-04 13:20:00+00:00,0,0,0,0,True,True,False,24.07428759484385,-46.973141879200995,2.934513042202661,4.021294989178391,0.0,0.03361617268196282,0.0,on,connected,True,synthetic_device_spec_v11
synthetic_customer_000,cabinet_000,2026-09-04 13:30:00+00:00,0,0,0,0,True,True,False,23.793521812295094,-47.68531887277712,2.929607260977113,3.9732920531650087,0.0,0.0,0.0,on,connected,True,synthetic_device_spec_v11
synthetic_customer_000,cabinet_000,2026-09-04 13:40:00+00:00,0,0,0,0,True,True,False,23.98246079026413,-46.41462339068723,3.0730050135189484,4.050567801517142,0.9280894550094723,0.0,0.0,on,connected,True,synthetic_device_spec_v11
synthetic_customer_000,cabinet_000,2026-09-04 13:50:00+00:00,0,0,0,0,True,True,False,23.92819870610957,-50.33079634984374,2.9731937042140775,4.072246650188582,0.0,0.02486664916789672,0.00040566561293288596,on,connected,True,synthetic_device_spec_v11
synthetic_customer_000,cabinet_000,2026-09-04 14:00:00+00:00,0,0,0,0,True,True,False,24.00713651907143,-47.62026375406892,2.99422410546047,4.052402180908094,0.4668196003933368,0.0,0.00983812415043435,on,connected,True,synthetic_device_spec_v11
synthetic_customer_000,cabinet_000,2026-09-04 14:10:00+00:00,0,0,0,0,True,True,False,23.973863356412153,-46.79643162850636,3.0047468247972624,3.998823248375489,0.0,0.003822289014393622,0.0018632389025038784,on,connected,True,synthetic_device_spec_v11
synthetic_customer_000,cabinet_000,2026-09-04 14:20:00+00:00,0,0,0,0,True,True,False,23.744742935145954,-47.48979578973523,2.907272252557183,3.943102913745796,0.17093758883920446,0.0,0.0,on,connected,True,synthetic_device_spec_v11
synthetic_customer_000,cabinet_000,2026-09-04 14:30:00+00:00,0,0,0,0,True,True,False,23.972207080503182,-47.851292612910186,2.995947488109586,4.015325550324071,0.0,0.021826862596367295,0.0,on,connected,True,synthetic_device_spec_v11
synthetic_customer_000,cabinet_000,2026-09-04 14:40:00+00:00,0,0,0,0,True,True,False,23.96583322910324,-46.53598931309212,3.0644425688459687,4.028309659049426,0.0,0.044238698294369314,0.006455843787323207,on,connected,True,synthetic_device_spec_v11
synthetic_customer_000,cabinet_000,2026-09-04 14:50:00+00:00,0,0,0,0,True,True,False,23.867956774875964,-49.40722170471413,2.921224444516532,4.050291685553964,0.006616708887556122,0.0,0.0221582498003519,on,connected,True,synthetic_device_spec_v11
synthetic_customer_000,cabinet_000,2026-09-04 15:00:00+00:00,0,0,0,0,True,True,False,23.83637720524484,-49.44210716539521,2.9783295461704173,4.0715459636459,0.0,0.0,0.0,on,connected,True,synthetic_device_spec_v11
synthetic_customer_000,cabinet_000,2026-09-04 15:10:00+00:00,0,0,0,0,True,True,False,23.916992470235513,-48.67236311152296,3.017109246370982,4.068790303590775,0.6045758616853917,0.0,0.02005513670948865,on,connected,True,synthetic_device_spec_v11
synthetic_customer_000,cabinet_000,2026-09-04 15:20:00+00:00,0,0,0,0,True,True,False,24.14129986059445,-47.782290045900396,2.969257598595745,4.013429848467173,0.0,0.0,0.0,on,connected,True,synthetic_device_spec_v11
synthetic_customer_000,cabinet_000,2026-09-04 15:30:00+00:00,0,0,0,0,True,True,False,24.13715107245702,-47.828427268467586,3.035112979226044,4.000194994101937,0.0,0.018188542358675782,0.0,on,connected,True,synthetic_device_spec_v11
synthetic_customer_000,cabinet_000,2026-09-04 15:40:00+00:00,0,0,0,0,True,True,False,23.86119422629566,-48.16671155304776,3.015699477836249,3.9229977944942767,0.0,0.0,0.018606654736693387,on,connected,True,synthetic_device_spec_v11
synthetic_customer_000,cabinet_000,2026-09-04 15:50:00+00:00,0,0,0,0,True,True,False,23.993538563122907,-47.03234844214115,3.0066341061614255,3.946854689162058,0.0,0.0008193510084767417,0.0,on,connected,True,synthetic_device_spec_v11
synthetic_customer_000,cabinet_000,2026-09-04 16:00:00+00:00,0,0,0,0,True,True,False,23.964750613412075,-48.5462854224982,2.9760429496180043,4.054846736838936,0.0,0.0,0.0,on,connected,True,synthetic_device_spec_v11
synthetic_customer_000,cabinet_000,2026-09-04 16:10:00+00:00,0,0,0,0,True,True,False,24.066214419226544,-49.100496898368945,3.0445596907131915,4.034782243353037,0.0,0.0,0.009829444826506106,on,connected,True,synthetic_device_spec_v11
synthetic_customer_000,cabinet_000,2026-09-04 16:20:00+00:00,0,0,0,0,True,True,False,24.090366274561163,-47.27849705993339,3.0444223673581607,3.9299453173200836,1.133242504917748,0.0,0.02710060889872915,on,connected,True,synthetic_device_spec_v11
synthetic_customer_000,cabinet_000,2026-09-04 16:30:00+00:00,0,0,0,0,True,True,False,24.14982949791031,-47.55141625938639,2.9400034210252297,3.915805357275301,0.0,0.0,0.028524573227455108,on,connected,True,synthetic_device_spec_v11
synthetic_customer_000,cabinet_000,2026-09-04 16:40:00+00:00,0,0,0,0,True,True,False,24.144746661056054,-48.20326012806254,3.0384133002242377,4.006488674306737,0.0,0.0,0.0,on,connected,True,synthetic_device_spec_v11
synthetic_customer_000,cabinet_000,2026-09-04 16:50:00+00:00,0,0,0,0,True,True,False,24.148185662500286,-48.64490563554934,2.9349694410721168,4.010036159563862,0.4359780660343369,0.004181083080034609,0.0,on,connected,True,synthetic_device_spec_v11
synthetic_customer_000,cabinet_000,2026-09-04 17:00:00+00:00,0,0,0,0,True,True,False,24.112952520799595,-47.78308485739329,2.8072454985475805,4.05448228272393,0.09601009866997015,0.0,0.0,on,connected,True,synthetic_device_spec_v11
synthetic_customer_000,cabinet_000,2026-09-04 17:10:00+00:00,0,0,0,0,True,True,False,24.1022613889457,-47.035576691892246,2.619194699371003,4.06630655950044,0.0,0.0,0.0,on,connected,True,synthetic_device_spec_v11
synthetic_customer_000,cabinet_000,2026-09-04 17:20:00+00:00,0,0,0,0,True,True,False,23.93889184173959,-47.446328136914005,2.6496730778739073,4.035163320100665,0.14475340027789824,0.0,0.03774221252666193,on,connected,True,synthetic_device_spec_v11
synthetic_customer_000,cabinet_000,2026-09-04 17:30:00+00:00,0,0,0,0,True,True,False,23.955506217261867,-46.50954319177321,2.519697013763932,3.909762073320529,0.3027533572076465,0.0,0.012856635374864483,on,connected,True,synthetic_device_spec_v11
synthetic_customer_000,cabinet_000,2026-09-04 17:40:00+00:00,0,0,0,0,True,True,False,23.933704169159768,-47.10982776510067,2.481077568852869,3.8583422586143623,0.3668079999537155,0.0,0.014616619913087672,on,connected,True,synthetic_device_spec_v11
synthetic_customer_000,cabinet_000,2026-09-04 17:50:00+00:00,0,0,0,0,True,True,False,23.90255573930905,-48.14503864800857,2.3741439687351376,3.947702200358038,1.1982905181572714,0.0,0.029415176895426557,on,connected,True,synthetic_device_spec_v11
synthetic_customer_000,cabinet_000,2026-09-04 18:00:00+00:00,0,0,0,0,True,True,False,23.981195545434698,-48.81784495168727,2.2014829525013164,4.017657615165025,0.20298694020575495,0.0,0.0037121114807287174,on,connected,True,synthetic_device_spec_v11
synthetic_customer_000,cabinet_000,2026-09-04 18:10:00+00:00,1,1,1,1,True,True,False,24.03520676479816,-47.846137287071784,2.157472507389061,4.022338811833011,0.0,0.0,0.0,on,connected,True,synthetic_device_spec_v11
synthetic_customer_000,cabinet_000,2026-09-04 18:20:00+00:00,1,1,1,1,True,True,False,23.973304752648946,-50.210060614304,2.055123273448753,3.9403624442531675,0.0,0.002703043973349983,0.0,on,connected,True,synthetic_device_spec_v11
synthetic_customer_000,cabinet_000,2026-09-04 18:30:00+00:00,1,1,1,1,True,True,False,24.105474662730426,-46.5423522027868,1.958904156794714,4.068225465250594,0.4133027038509087,0.0,0.023610127764164122,on,connected,True,synthetic_device_spec_v11
synthetic_customer_000,cabinet_000,2026-09-04 18:40:00+00:00,0,0,0,0,True,True,False,23.879852770549178,-50.314516166041585,1.83499721394628,4.219492395166981,0.0,0.04706552444666338,0.038615180868509846,on,connected,True,synthetic_device_spec_v11
synthetic_customer_000,cabinet_000,2026-09-04 18:50:00+00:00,0,0,0,0,True,True,False,23.90563006871201,-46.61713144701413,1.767951686963457,4.433413816556345,0.26026426662729885,0.0,0.03284177775410428,on,connected,True,synthetic_device_spec_v11
synthetic_customer_000,cabinet_000,2026-09-04 19:00:00+00:00,0,0,0,0,True,True,False,23.868785539171782,-48.03919262640634,1.6676026165653255,4.517124116120966,0.055801053595302,0.027226391073429286,0.06076126159807867,on,connected,True,synthetic_device_spec_v11
synthetic_customer_000,cabinet_000,2026-09-04 19:10:00+00:00,0,0,0,0,True,True,False,23.920653475044666,-49.18049171984117,1.6316118713787355,4.682882134996613,0.0,0.03857894330455457,0.10913174566136558,on,connected,True,synthetic_device_spec_v11
synthetic_customer_000,cabinet_000,2026-09-04 19:20:00+00:00,0,0,0,0,True,True,False,24.171658378807585,-48.189254521812884,1.433470580973139,4.8795525542682885,0.0,0.0,0.10441283189348204,on,connected,True,synthetic_device_spec_v11
synthetic_customer_000,cabinet_000,2026-09-04 19:30:00+00:00,0,0,0,0,True,True,False,24.104724333832575,-49.282023474078166,1.371234401090507,5.1043345154730275,1.386607380013853,0.02699626565047383,0.1397084214043212,on,connected,True,synthetic_device_spec_v11
synthetic_customer_000,cabinet_000,2026-09-04 19:40:00+00:00,0,0,0,0,True,True,False,24.04585464130539,-48.05620557704157,1.3065899055237113,5.401092574095858,0.0,0.01082410644367869,0.17514958806948938,on,connected,True,synthetic_device_spec_v11
synthetic_customer_000,cabinet_000,2026-09-04 19:50:00+00:00,0,0,0,0,True,True,False,24.01189181252834,-47.81421743654561,1.208658793774084,5.403090852737329,0.0,0.0,0.18750549938973998,on,connected,True,synthetic_device_spec_v11
synthetic_customer_000,cabinet_000,2026-09-04 20:00:00+00:00,0,0,0,0,True,True,False,24.098170770320078,-46.76834260599628,1.158506262432912,5.545153469305668,0.0,0.0,0.24167239634187815,on,connected,True,synthetic_device_spec_v11
synthetic_customer_000,cabinet_000,2026-09-04 20:10:00+00:00,0,0,0,0,True,True,False,24.080126944943956,-47.18728907829687,1.0436141170720874,5.717938822685181,0.0,0.0,0.24392552600256623,on,connected,True,synthetic_device_spec_v11
synthetic_customer_000,cabinet_000,2026-09-04 20:20:00+00:00,0,0,0,0,True,True,False,23.862433857304527,-47.13707464677341,0.9841557010726516,5.8165916980326,0.11052437409599761,0.023928683495134318,0.2303900570141787,on,connected,True,synthetic_device_spec_v11
synthetic_customer_000,cabinet_000,2026-09-04 20:30:00+00:00,0,0,0,0,True,True,False,24.09729221191675,-46.245746144849576,0.9906054892099975,6.011087513106424,0.7366484017916269,0.0,0.27143337316111266,on,connected,True,synthetic_device_spec_v11
synthetic_customer_000,cabinet_000,2026-09-04 20:40:00+00:00,0,0,0,0,True,True,False,24.003725990045442,-49.50703633613288,0.9964124496873472,6.101565101193568,0.0,0.016892853436059407,0.30148020676050774,on,connected,True,synthetic_device_spec_v11
synthetic_customer_000,cabinet_000,2026-09-04 20:50:00+00:00,0,0,0,0,True,True,False,23.933565519255833,-48.11621369539185,1.0103317880566864,6.370077341048125,0.0,0.0,0.2917867833594654,on,connected,True,synthetic_device_spec_v11
synthetic_customer_000,cabinet_000,2026-09-04 21:00:00+00:00,0,0,0,0,True,True,False,23.938291216183107,-46.67988863164343,0.9428963873446025,6.427795365405476,0.3476037912959998,0.0,0.3708029369877738,on,connected,True,synthetic_device_spec_v11
synthetic_customer_000,cabinet_000,2026-09-04 21:10:00+00:00,0,0,0,0,True,True,False,24.0661684190686,-47.65528859053532,3.0161277879436863,6.761593948401478,0.1828989083166928,0.0,0.3515056716029832,on,connected,True,synthetic_device_spec_v11
synthetic_customer_000,cabinet_000,2026-09-04 21:20:00+00:00,0,0,0,0,True,True,False,23.862041407214313,-48.2324916546227,2.991007707333653,6.8060681440164394,0.04699387993911749,0.02751467959940651,0.3901070250972318,on,connected,True,synthetic_device_spec_v11
synthetic_customer_000,cabinet_000,2026-09-04 21:30:00+00:00,0,0,0,0,True,True,False,23.94274320892745,-46.132727009534364,2.999050417569886,7.014657974703582,0.0,0.00932530107425719,0.4048700591600368,on,connected,True,synthetic_device_spec_v11
synthetic_customer_000,cabinet_000,2026-09-04 21:40:00+00:00,0,0,0,0,True,True,False,24.002931850942595,-49.12108424045605,3.000720083687889,7.006437343028959,0.0,0.011858143810979781,0.3977503509625532,on,connected,True,synthetic_device_spec_v11
synthetic_customer_000,cabinet_000,2026-09-04 21:50:00+00:00,0,0,0,0,True,True,False,24.038454265316236,-47.738442932619435,2.993980387814678,7.028849729309671,0.0,0.0,0.39495683533378667,on,connected,True,synthetic_device_spec_v11
synthetic_customer_000,cabinet_000,2026-09-04 22:00:00+00:00,0,0,0,0,True,True,False,24.24764172319421,-48.351612863304986,2.9804148564332467,7.113661702997168,0.0,0.01628950814171219,0.40382982156786695,on,connected,True,synthetic_device_spec_v11
synthetic_customer_000,cabinet_000,2026-09-04 22:10:00+00:00,0,0,0,0,True,True,False,23.966744587786316,-46.796139234905056,2.9670892059523544,6.912572840366523,0.0,0.0,0.4139470235007382,on,connected,True,synthetic_device_spec_v11
synthetic_customer_000,cabinet_000,2026-09-04 22:20:00+00:00,0,0,0,0,True,True,False,23.963049597884662,-49.35050634472245,2.963773893402381,7.122380819168537,0.5751396463954774,0.0,0.3784262719104515,on,connected,True,synthetic_device_spec_v11
synthetic_customer_000,cabinet_000,2026-09-04 22:30:00+00:00,0,0,0,0,True,True,False,24.002839300437415,-47.62297897930843,3.027112356761647,7.008666516484281,0.0,0.0,0.41506432353028133,on,connected,True,synthetic_device_spec_v11
synthetic_customer_000,cabinet_000,2026-09-04 22:40:00+00:00,0,0,0,0,True,True,False,23.982895787474483,-47.420792319494794,2.996383528922304,3.88879885782286,0.24890261228507823,0.0,0.007870335436763506,on,connected,True,synthetic_device_spec_v11
synthetic_customer_000,cabinet_000,2026-09-04 22:50:00+00:00,0,0,0,0,True,True,False,23.95858333379907,-48.98048800489367,3.0110409219760297,3.946632921262514,0.0,0.0,0.0,on,connected,True,synthetic_device_spec_v11
synthetic_customer_000,cabinet_000,2026-09-04 23:00:00+00:00,0,0,0,0,True,True,False,24.041807231580243,-46.368888145558735,3.087805572646296,4.016172864679155,0.0,0.0,0.01586482359411857,on,connected,True,synthetic_device_spec_v11
synthetic_customer_000,cabinet_000,2026-09-04 23:10:00+00:00,0,0,0,0,True,True,False,24.1294346969495,-47.25316931703678,2.9818064536563202,4.091232953139212,0.0,0.004336503784416031,0.018364116175186233,on,connected,True,synthetic_device_spec_v11
synthetic_customer_000,cabinet_000,2026-09-04 23:20:00+00:00,0,0,0,0,True,True,False,23.93383732309412,-47.60802127792145,2.9718057595416987,4.060228229591451,0.0,0.0,0.003920685130195313,on,connected,True,synthetic_device_spec_v11
synthetic_customer_000,cabinet_000,2026-09-04 23:30:00+00:00,0,0,0,0,True,True,False,24.18792242024799,-48.500240292202825,2.89288921563478,3.8515470100552496,0.24818558342152586,0.02647978268634922,0.004127437053329117,on,connected,True,synthetic_device_spec_v11
synthetic_customer_000,cabinet_000,2026-09-04 23:40:00+00:00,0,0,0,0,True,True,False,24.03373112928824,-47.308180575424174,2.792795306920374,4.0008978909067885,0.0,0.016310611996487416,0.020003465248227475,on,connected,True,synthetic_device_spec_v11
synthetic_customer_000,cabinet_000,2026-09-04 23:50:00+00:00,0,0,0,0,True,True,False,23.89091042094465,-48.99190633369859,2.8086234146446385,3.972673429671883,0.6739748795753845,0.0,0.0,on,connected,True,synthetic_device_spec_v11
synthetic_customer_000,cabinet_000,2026-09-05 00:00:00+00:00,0,0,0,0,True,True,False,23.949982009752866,-46.42647812316156,2.638698372053802,4.014838935011374,0.0,0.023922574766726365,0.006079132191413412,on,connected,True,synthetic_device_spec_v11
synthetic_customer_000,cabinet_000,2026-09-05 00:10:00+00:00,1,1,1,1,True,True,False,24.003442116962447,-48.24537841770517,2.6841241874172725,3.937562337719542,0.004508577727663201,0.0,0.0,on,connected,True,synthetic_device_spec_v11
synthetic_customer_000,cabinet_000,2026-09-05 00:20:00+00:00,1,1,1,1,True,True,False,24.17146544221027,-47.385115627033606,2.579586591429125,3.9603398304036768,0.0,0.013712215917244728,0.0,on,connected,True,synthetic_device_spec_v11
synthetic_customer_000,cabinet_000,2026-09-05 00:30:00+00:00,1,1,1,1,True,True,False,24.00879781617816,-48.22157643223495,2.4776848073516935,4.083451811423556,0.6960509862426649,0.0,0.008362159096443519,on,connected,True,synthetic_device_spec_v11
synthetic_customer_000,cabinet_000,2026-09-05 00:40:00+00:00,0,0,0,0,True,True,False,23.96013065615921,-48.19529832925656,2.398284405218981,3.9134616373592896,0.00810292686243619,0.027381718103070513,0.01977089270560835,on,connected,True,synthetic_device_spec_v11
synthetic_customer_000,cabinet_000,2026-09-05 00:50:00+00:00,0,0,0,0,True,True,False,23.98719304537722,-46.752962071497876,2.4240739233248467,4.009849789810392,0.0,0.006333146646132635,0.0,on,connected,True,synthetic_device_spec_v11
synthetic_customer_000,cabinet_000,2026-09-05 01:00:00+00:00,0,0,0,0,True,True,False,23.925988231552815,-47.87153477651107,2.3332325120908455,4.014272083057807,0.0,0.02771140480985191,0.0023228140760998294,on,connected,True,synthetic_device_spec_v11
synthetic_customer_000,cabinet_000,2026-09-05 01:10:00+00:00,0,0,0,0,True,True,False,23.884815895372647,-48.114241285596506,2.292548018579231,3.9733528637501223,0.03261375043530509,0.0041737756675845365,0.02961351446853355,on,connected,True,synthetic_device_spec_v11
synthetic_customer_000,cabinet_000,2026-09-05 01:20:00+00:00,0,0,0,0,True,True,False,23.872152686419398,-46.946253367576254,2.2620874653120535,3.9504907450939353,0.0,0.0,0.0,on,connected,True,synthetic_device_spec_v11
synthetic_customer_000,cabinet_000,2026-09-05 01:30:00+00:00,0,0,0,0,True,True,False,24.030107163836334,-46.94665900558806,2.1283336717945556,3.9738994956971485,0.0,0.00634084013131336,0.006293352080922126,on,connected,True,synthetic_device_spec_v11
synthetic_customer_000,cabinet_000,2026-09-05 01:40:00+00:00,0,0,0,0,True,True,False,23.982445405434284,-47.97995972576653,2.170664366078632,3.9362486222563398,0.0,0.0,0.0,on,connected,True,synthetic_device_spec_v11
synthetic_customer_000,cabinet_000,2026-09-05 01:50:00+00:00,0,0,0,0,True,True,False,24.27009280089811,-47.30722202552205,2.221034282303996,3.9114397048890455,0.0,0.0,0.005248526907271775,on,connected,True,synthetic_device_spec_v11
synthetic_customer_000,cabinet_000,2026-09-05 02:00:00+00:00,0,0,0,0,True,True,False,24.01153588830995,-47.533217818474874,2.23589293931644,3.977831223142957,0.07790133841296182,0.0,0.0,on,connected,True,synthetic_device_spec_v11
synthetic_customer_000,cabinet_000,2026-09-05 02:10:00+00:00,0,0,0,0,True,True,False,23.926710920333317,-48.48066891180669,2.2288204782461927,4.031783685230937,0.0,0.0,0.0,on,connected,True,synthetic_device_spec_v11
synthetic_customer_000,cabinet_000,2026-09-05 02:20:00+00:00,0,0,0,0,True,True,False,23.87721838794847,-49.35230151774668,2.2349831426451288,3.9271887678286177,0.6076763114500193,0.021933119091005794,0.0,on,connected,True,synthetic_device_spec_v11
synthetic_customer_000,cabinet_000,2026-09-05 02:30:00+00:00,0,0,0,0,True,True,False,24.129412932023225,-46.459512207893916,3.0172358185959505,4.084045319641302,0.8000233368825951,0.030668728749151816,0.007288127703625264,on,connected,True,synthetic_device_spec_v11
synthetic_customer_000,cabinet_000,2026-09-05 02:40:00+00:00,0,0,0,0,True,True,False,23.76348288363237,-49.387900142361765,3.002499419598665,3.9893963323591914,1.1779670929560486,0.0,0.0,on,connected,True,synthetic_device_spec_v11
synthetic_customer_000,cabinet_000,2026-09-05 02:50:00+00:00,0,0,0,0,True,True,False,23.959524906344196,-45.979354148489364,2.9547004298890833,4.026359471306696,0.41021216937303506,0.0019302137124489098,0.02555882819323981,on,connected,True,synthetic_device_spec_v11
synthetic_customer_000,cabinet_000,2026-09-05 03:00:00+00:00,0,0,0,0,True,True,False,23.95054390093494,-47.819879056688855,3.0142335069679036,4.041449010513689,0.0,0.0,0.015789978840874234,on,connected,True,synthetic_device_spec_v11
synthetic_customer_000,cabinet_000,2026-09-05 03:10:00+00:00,0,0,0,0,True,True,False,24.23030550896409,-48.62174219626181,2.970589639893385,3.958332141715761,0.0,0.0,0.01929693440111815,on,connected,True,synthetic_device_spec_v11
synthetic_customer_000,cabinet_000,2026-09-05 03:20:00+00:00,0,0,0,0,True,True,False,24.152574299301275,-47.75938707692462,2.9274814457370795,4.024223047105311,0.14755699336464395,0.016591175463571278,0.022959646137463582,on,connected,True,synthetic_device_spec_v11
synthetic_customer_000,cabinet_000,2026-09-05 03:30:00+00:00,0,0,0,0,True,True,False,24.103325071201844,-47.583020943909375,3.0287100776600995,3.929954472244101,0.0,0.01219195633797682,0.0,on,connected,True,synthetic_device_spec_v11
synthetic_customer_000,cabinet_000,2026-09-05 03:40:00+00:00,0,0,0,0,True,True,False,23.85975391864969,-48.540460872766495,2.9902826364325867,3.9327500892360665,0.27269350777382806,0.0,0.010074281349571642,on,connected,True,synthetic_device_spec_v11
synthetic_customer_000,cabinet_000,2026-09-05 03:50:00+00:00,0,0,0,0,True,True,False,23.936095594566506,-46.513340234408396,2.955983370180343,4.024330581150116,0.0,0.0,0.0,on,connected,True,synthetic_device_spec_v11
synthetic_customer_000,cabinet_000,2026-09-05 04:00:00+00:00,0,0,0,0,True,True,False,24.091054378119615,-49.343158510529854,3.0639416824008547,4.033847764541852,0.0,0.010370007424843225,0.0,on,connected,True,synthetic_device_spec_v11
synthetic_customer_000,cabinet_000,2026-09-05 04:10:00+00:00,0,0,0,0,True,True,False,24.193154718742207,-49.964948403514796,3.05565176854235,3.9512523127225228,0.0,0.0,0.0,on,connected,True,synthetic_device_spec_v11
synthetic_customer_000,cabinet_000,2026-09-05 04:20:00+00:00,0,0,0,0,True,True,False,23.98002142918667,-49.020003457038456,2.973508665684612,3.990421396843221,0.0,0.0,0.0,on,connected,True,synthetic_device_spec_v11
synthetic_customer_000,cabinet_000,2026-09-05 04:30:00+00:00,0,0,0,0,True,True,False,24.034616095587552,-46.579614236374404,2.9875827918771996,4.06659949241052,1.176420947472881,0.0,0.0,on,connected,True,synthetic_device_spec_v11
synthetic_customer_000,cabinet_000,2026-09-05 04:40:00+00:00,0,0,0,0,True,True,False,24.105461487046025,-49.34318878323211,3.012558346899898,3.9488068196485036,2.5634309326705336,0.020355083423088477,0.0,on,connected,True,synthetic_device_spec_v11
synthetic_customer_000,cabinet_000,2026-09-05 04:50:00+00:00,0,0,0,0,True,True,False,23.98986230112764,-48.7867566835117,3.007492231282085,4.099930676473058,4.326737219151825,0.027067503241706016,0.0,on,connected,True,synthetic_device_spec_v11
synthetic_customer_000,cabinet_000,2026-09-05 05:00:00+00:00,0,0,0,0,True,True,False,24.067255769502328,-47.93454047051949,3.0234747234816735,3.9759664562542962,6.294125457897188,0.02307817572393765,0.0,on,connected,True,synthetic_device_spec_v11
synthetic_customer_000,cabinet_000,2026-09-05 05:10:00+00:00,0,0,0,0,True,True,False,23.982881636672055,-47.509652660454414,2.9644870679924145,4.014206796069592,6.125185634607908,0.037636598462000015,0.0,on,connected,True,synthetic_device_spec_v11
synthetic_customer_000,cabinet_000,2026-09-05 05:20:00+00:00,0,0,0,0,True,True,False,23.966643162811753,-47.301783835939155,2.9295949167063107,4.0391173088581995,8.406793796645642,0.01608792919284867,0.0,on,connected,True,synthetic_device_spec_v11
synthetic_customer_000,cabinet_000,2026-09-05 05:30:00+00:00,0,0,0,0,True,True,False,23.835727094894857,-47.919030618487106,2.980905491282606,3.935713638375144,9.834958550418719,0.01293283726117551,0.035118282946258815,on,connected,True,synthetic_device_spec_v11
synthetic_customer_000,cabinet_000,2026-09-05 05:40:00+00:00,0,0,0,0,True,True,False,24.098350434961084,-47.67327285393274,2.9803340936659435,4.0539853379652975,11.542852871853839,0.015277487441594215,0.0022316641061196456,on,connected,True,synthetic_device_spec_v11
synthetic_customer_000,cabinet_000,2026-09-05 05:50:00+00:00,0,0,0,0,True,True,False,23.718902755315277,-47.81442551335867,2.9432830716277714,4.086428410937811,12.47869592177225,0.0,0.0,on,connected,True,synthetic_device_spec_v11
synthetic_customer_000,cabinet_000,2026-09-05 06:00:00+00:00,0,0,0,0,True,True,False,24.027878889603205,-47.03031594914689,2.9738075838516984,3.9593136602765258,14.68494146474552,0.034138918890061265,0.01546869761743788,on,connected,True,synthetic_device_spec_v11
synthetic_customer_000,cabinet_000,2026-09-05 06:10:00+00:00,1,1,1,1,True,True,False,24.159791140784115,-47.43442239876544,3.032634565217507,4.066272750018262,16.50496291182716,0.0,0.03859817200145304,on,connected,True,synthetic_device_spec_v11
synthetic_customer_000,cabinet_000,2026-09-05 06:20:00+00:00,1,1,1,1,True,True,False,24.034695613229953,-49.28661267841251,2.9292327147522736,3.948453575351076,18.18126528084082,0.03680627409259015,0.005181256053875479,on,connected,True,synthetic_device_spec_v11
synthetic_customer_000,cabinet_000,2026-09-05 06:30:00+00:00,1,1,1,1,True,True,False,23.824885555254024,-48.01675868251932,2.9969056365651596,3.973361368745148,19.662426560726377,0.0,0.0,on,connected,True,synthetic_device_spec_v11
synthetic_customer_000,cabinet_000,2026-09-05 06:40:00+00:00,0,0,0,0,True,True,False,24.119095335558047,-47.97802625363895,3.0015710041582437,3.9264785464914094,20.117324357732727,0.03472805182441172,0.0,on,connected,True,synthetic_device_spec_v11
synthetic_customer_000,cabinet_000,2026-09-05 06:50:00+00:00,0,0,0,0,True,True,False,23.705959588757754,-49.65813528239295,2.942424603206393,4.013590464117358,21.93500271319193,0.02053145200407485,0.0,on,connected,True,synthetic_device_spec_v11
synthetic_customer_000,cabinet_000,2026-09-05 07:00:00+00:00,0,0,0,0,True,True,False,23.947935363789174,-47.104443175539046,3.020838135197967,4.031317583546084,23.87360553251375,0.0,0.0,on,connected,True,synthetic_device_spec_v11
synthetic_customer_000,cabinet_000,2026-09-05 07:10:00+00:00,0,0,0,0,True,True,False,23.86706475635849,-45.49749515450112,2.9866052080723606,4.032608788386367,25.018837042149475,0.0,0.0,on,connected,True,synthetic_device_spec_v11
synthetic_customer_000,cabinet_000,2026-09-05 07:20:00+00:00,0,0,0,0,True,True,False,24.138309463663887,-47.04593694062671,2.996052415538562,3.979315747833642,24.541762777509,0.0,0.0,on,connected,True,synthetic_device_spec_v11
synthetic_customer_000,cabinet_000,2026-09-05 07:30:00+00:00,0,0,0,0,True,True,False,24.117706379016138,-45.98457438673784,2.997200077246828,4.097278792508801,25.63333818032441,0.0,0.0,on,connected,True,synthetic_device_spec_v11
synthetic_customer_000,cabinet_000,2026-09-05 07:40:00+00:00,0,0,0,0,True,True,False,23.9866910791403,-48.666236995285544,3.0148693634481716,4.026248695131121,25.175975182067443,0.00895424261418267,0.00526987213570729,on,connected,True,synthetic_device_spec_v11
synthetic_customer_000,cabinet_000,2026-09-05 07:50:00+00:00,0,0,0,0,True,True,False,23.77552844715743,-47.122220202020394,3.0020987571884117,3.916286574227087,24.404127424347934,0.008671305636209726,0.0,on,connected,True,synthetic_device_spec_v11
synthetic_customer_000,cabinet_000,2026-09-05 08:00:00+00:00,0,0,0,0,True,True,False,24.11089794786791,-49.669893438906186,3.040854365227739,4.06348448871508,25.0209440782322,0.002579751029895784,0.0,on,connected,True,synthetic_device_spec_v11
synthetic_customer_000,cabinet_000,2026-09-05 08:10:00+00:00,0,0,0,0,True,True,False,23.8753055154401,-48.86666494833159,2.961508559985021,4.063598365317365,24.764617389257296,0.0,0.0,on,connected,True,synthetic_device_spec_v11
synthetic_customer_000,cabinet_000,2026-09-05 08:20:00+00:00,0,0,0,0,True,True,False,23.996757338337652,-49.60412897479106,3.0232038031719504,4.09570510035717,24.558539699060386,0.02520594714278937,0.0,on,connected,True,synthetic_device_spec_v11
synthetic_customer_000,cabinet_000,2026-09-05 08:30:00+00:00,0,0,0,0,True,True,False,23.919200602905004,-47.46823908264625,2.9872740875678625,4.047892874333607,24.57451227396922,0.0,0.0,on,connected,True,synthetic_device_spec_v11
synthetic_customer_000,cabinet_000,2026-09-05 08:40:00+00:00,0,0,0,0,True,True,False,23.90020328023444,-49.68138487976414,2.9994358220997257,3.9057673317338435,0.6467675475054615,0.012539890295428202,0.0,on,connected,True,synthetic_device_spec_v11
synthetic_customer_000,cabinet_000,2026-09-05 08:50:00+00:00,0,0,0,0,True,True,False,24.180825872705455,-49.116071762601486,3.015259436200996,4.037648267817351,0.0,0.0,0.0,on,connected,True,synthetic_device_spec_v11
synthetic_customer_000,cabinet_000,2026-09-05 09:00:00+00:00,0,0,0,0,True,True,False,24.032471827016405,-46.49022930102447,2.9704734895702325,4.0151123871798955,0.4972082210684939,0.0,0.015781412827321314,on,connected,True,synthetic_device_spec_v11
synthetic_customer_000,cabinet_000,2026-09-05 09:10:00+00:00,0,0,0,0,True,True,False,23.9334974180169,-48.46226126209559,3.0085016786111507,4.062701510288147,0.0,0.0,0.0,on,connected,True,synthetic_device_spec_v11
synthetic_customer_000,cabinet_000,2026-09-05 09:20:00+00:00,0,0,0,0,True,True,False,23.92101718122834,-47.56715443644286,3.0704825199537247,3.9456169353577497,0.277780750953863,0.026169140568488125,0.0,on,connected,True,synthetic_device_spec_v11
synthetic_customer_000,cabinet_000,2026-09-05 09:30:00+00:00,0,0,0,0,True,True,False,23.884952229509874,-47.76068402137277,2.9956578772764035,4.005128868909387,0.08913169633342458,0.0,0.0,on,connected,True,synthetic_device_spec_v11
synthetic_customer_000,cabinet_000,2026-09-05 09:40:00+00:00,0,0,0,0,True,True,False,24.074120026199992,-48.94534504290749,3.0621234007048037,3.932020390231255,0.2211245349833676,0.009827135534407068,0.0,on,connected,True,synthetic_device_spec_v11
synthetic_customer_000,cabinet_000,2026-09-05 09:50:00+00:00,0,0,0,0,True,True,False,23.983217306776876,-47.56523080287255,3.0290639933473122,3.8935704143175585,0.0,0.0,0.005791771433008816,on,connected,True,synthetic_device_spec_v11
synthetic_customer_000,cabinet_000,2026-09-05 10:00:00+00:00,0,0,0,0,True,True,False,23.979672493172004,-49.78418460783119,2.9846156997665316,3.9909764597709794,0.0,0.02220998519036658,0.042684237954191497,on,connected,True,synthetic_device_spec_v11
synthetic_customer_000,cabinet_000,2026-09-05 10:10:00+00:00,0,0,0,0,True,True,False,23.838780794420025,-52.68494975652012,3.0090588386386696,4.085778440069036,0.23526500609631487,0.12778049972402716,0.0011306787995542565,on,connected,True,synthetic_device_spec_v11
synthetic_customer_000,cabinet_000,2026-09-05 10:20:00+00:00,0,0,0,0,True,True,False,23.729660147001326,-56.07104025041363,3.0461422489322456,3.8632358770708124,0.3690474759016558,0.1609938410508084,0.0,on,connected,True,synthetic_device_spec_v11
synthetic_customer_000,cabinet_000,2026-09-05 10:30:00+00:00,0,0,0,0,True,True,False,24.165593490217454,-59.91477892829223,2.9786588157650575,3.9674691221009195,0.0,0.170133625584217,0.018252393525932154,on,connected,True,synthetic_device_spec_v11
synthetic_customer_000,cabinet_000,2026-09-05 10:40:00+00:00,0,0,0,0,True,True,False,23.956868254574754,-65.06671438677726,2.986692657008195,4.045825546427091,0.0,0.24685142752236877,0.0,on,connected,True,synthetic_device_spec_v11
synthetic_customer_000,cabinet_000,2026-09-05 10:50:00+00:00,0,0,0,0,True,True,False,24.225256883473413,-68.33394986630009,3.0108554321675216,3.9778647191614938,0.0,0.3408526438959596,0.009845445285387985,on,connected,True,synthetic_device_spec_v11
synthetic_customer_000,cabinet_000,2026-09-05 11:00:00+00:00,0,0,0,0,True,True,False,24.055410467936724,-72.19239990316727,3.074123112086384,4.11369221805679,0.0,0.39628860380682845,0.03751163529724702,on,connected,True,synthetic_device_spec_v11
synthetic_customer_000,cabinet_000,2026-09-05 11:10:00+00:00,0,0,0,0,True,True,False,24.141121755071424,-71.79439030247492,2.9495366158872094,3.8850386323907715,0.11503879432232048,0.42995685061611766,0.0,on,connected,True,synthetic_device_spec_v11
synthetic_customer_000,cabinet_000,2026-09-05 11:20:00+00:00,0,0,0,0,True,True,False,23.980492604152246,-77.1568239105543,3.0337782200911385,3.9711777541511872,0.0,0.5467465518352891,0.008474145155735578,on,connected,True,synthetic_device_spec_v11
synthetic_customer_000,cabinet_000,2026-09-05 11:30:00+00:00,0,0,0,0,True,True,False,24.149571138842397,-78.7185114485406,2.971754633599953,4.033385123715373,0.0,0.6016911643897227,0.0,on,connected,True,synthetic_device_spec_v11
synthetic_customer_000,cabinet_000,2026-09-05 11:40:00+00:00,0,0,0,0,True,True,False,23.981517125389857,-83.08782557339687,3.0003934192565964,3.991313944338984,0.0,0.6265014871501292,0.0009267618982561116,on,connected,True,synthetic_device_spec_v11
synthetic_customer_000,cabinet_000,2026-09-05 13:00:00+00:00,0,0,0,0,True,True,False,23.721652217485182,-47.93476823744159,3.0404976674650497,4.012130700253173,0.0,0.018055274002910092,0.031531524518186874,on,connected,True,synthetic_device_spec_v11
synthetic_customer_000,cabinet_000,2026-09-05 13:10:00+00:00,0,0,0,0,True,True,False,23.249273700142286,-47.31824577493937,3.0357613206130463,4.057398369155937,0.17059475054419118,0.0,0.0,on,connected,True,synthetic_device_spec_v11
synthetic_customer_000,cabinet_000,2026-09-05 13:20:00+00:00,0,0,0,0,True,True,False,22.725421366050032,-47.64053156056163,3.0627920062874967,4.085783634347302,0.41485881904740496,0.0,0.0074379545326168075,on,connected,True,synthetic_device_spec_v11
synthetic_customer_000,cabinet_000,2026-09-05 13:30:00+00:00,0,0,0,0,True,True,False,22.57154721920524,-48.86622974849525,3.007170837322155,3.956947521578953,0.22967281988417257,0.0,0.010216899910065606,on,connected,True,synthetic_device_spec_v11
synthetic_customer_000,cabinet_000,2026-09-05 13:40:00+00:00,0,0,0,0,True,True,False,22.338191884164473,-46.27110438685583,2.9967807577750354,3.974843384416215,0.0,0.0,0.005326847990445809,on,connected,True,synthetic_device_spec_v11
synthetic_customer_000,cabinet_000,2026-09-05 13:50:00+00:00,0,0,0,0,True,True,False,21.527922672441345,-48.365850994065084,3.054303634007091,3.981712302773741,0.41425180924837035,0.0,0.0,on,connected,True,synthetic_device_spec_v11
synthetic_customer_000,cabinet_000,2026-09-05 14:00:00+00:00,0,0,0,0,True,True,False,21.25171935051231,-47.68727222568011,2.9713420972366,3.900350982801259,0.0,0.0,0.024569336189037217,on,connected,True,synthetic_device_spec_v11
synthetic_customer_000,cabinet_000,2026-09-05 14:10:00+00:00,0,0,0,0,True,True,False,20.819744962731175,-47.82986222457018,3.0221730354467815,4.014668149621493,0.017694524508031117,0.020086929472641516,0.016855538037344613,on,connected,True,synthetic_device_spec_v11
synthetic_customer_000,cabinet_000,2026-09-05 14:20:00+00:00,0,0,0,0,True,True,False,20.441280118230193,-47.96746748143861,3.0553819080907547,4.0798124672417115,0.0,0.0,0.007444239229432088,on,connected,True,synthetic_device_spec_v11
synthetic_customer_000,cabinet_000,2026-09-05 14:30:00+00:00,0,0,0,0,True,True,False,20.02519500563223,-47.56656473174826,3.024145262514114,3.9104058489169238,0.1649970520677332,0.0,0.008549842491225593,on,connected,True,synthetic_device_spec_v11
synthetic_customer_000,cabinet_000,2026-09-05 14:40:00+00:00,0,0,0,0,True,True,False,19.54056821943589,-46.99320968472051,2.935671131008933,4.059263016059665,0.0,0.0,0.012626872861819806,on,connected,True,synthetic_device_spec_v11
synthetic_customer_000,cabinet_000,2026-09-05 14:50:00+00:00,0,0,0,0,True,True,False,19.10898629242756,-47.6774927376094,3.0663585471940356,4.033147593241883,0.0,0.016125944417729497,0.0,on,connected,True,synthetic_device_spec_v11
synthetic_customer_000,cabinet_000,2026-09-05 15:00:00+00:00,0,0,0,0,True,True,False,18.642585231166784,-48.08276608079042,2.9881537559780007,3.9695958770299287,0.06795430229371484,0.0,0.0,on,connected,True,synthetic_device_spec_v11
synthetic_customer_000,cabinet_000,2026-09-05 16:20:00+00:00,0,0,0,0,True,True,False,24.192458307160233,-46.94762451527691,2.9567813994237984,4.1115198518214,0.15299678379141599,0.0,0.0,on,connected,True,synthetic_device_spec_v11
synthetic_customer_000,cabinet_000,2026-09-05 16:30:00+00:00,0,0,0,0,True,True,False,23.796435664937377,-46.74652478283766,3.056745072014258,3.9662557698808745,0.0,0.0,0.053780432992088796,on,connected,True,synthetic_device_spec_v11
synthetic_customer_000,cabinet_000,2026-09-05 16:40:00+00:00,0,0,0,0,True,True,False,23.998408764518743,-48.34559250227772,3.016455040324589,3.8247680276325102,0.4576881278484305,0.005073034862920723,0.008325231212137948,on,connected,True,synthetic_device_spec_v11
synthetic_customer_000,cabinet_000,2026-09-05 16:50:00+00:00,0,0,0,0,True,True,False,23.924340866131494,-48.358231500086646,3.0161029744072385,3.9056539946351916,0.0,0.009591126676857166,0.0023580480439450726,on,connected,True,synthetic_device_spec_v11
synthetic_customer_000,cabinet_000,2026-09-05 17:00:00+00:00,0,0,0,0,True,True,False,24.081352476361435,-47.437762383077455,2.993371775846607,4.030344625763236,0.0,0.053203090499131855,0.013127826851400938,on,connected,True,synthetic_device_spec_v11
synthetic_customer_000,cabinet_000,2026-09-05 17:10:00+00:00,0,0,0,0,True,True,False,24.152496755865474,-46.70722806576774,3.0227416365885618,3.888448776193024,0.4666042129391723,0.0,0.0,on,connected,True,synthetic_device_spec_v11
synthetic_customer_000,cabinet_000,2026-09-05 17:20:00+00:00,0,0,0,0,True,True,False,23.99352221141616,-49.1601798597198,2.96031656246439,4.002839977719751,0.0,0.030731004676618726,0.0,on,connected,True,synthetic_device_spec_v11
synthetic_customer_000,cabinet_000,2026-09-05 17:30:00+00:00,0,0,0,0,True,True,False,23.92999500292521,-49.52751265045604,2.9890421109109693,3.9708845973640283,0.8112383733748642,0.0,0.0,on,connected,True,synthetic_device_spec_v11
synthetic_customer_000,cabinet_000,2026-09-05 17:40:00+00:00,0,0,0,0,True,True,False,23.975003455384098,-47.53774883057958,3.000364916020273,4.041136350466531,0.0,0.0035723797465029407,0.004164472741963747,on,connected,True,synthetic_device_spec_v11
synthetic_customer_000,cabinet_000,2026-09-05 17:50:00+00:00,0,0,0,0,True,True,False,24.102987359943967,-47.90599295262468,2.987781068248242,3.9716305095210656,0.4908825088409986,0.0,0.0,on,connected,True,synthetic_device_spec_v11
synthetic_customer_000,cabinet_000,2026-09-05 18:00:00+00:00,0,0,0,0,True,True,False,23.915657963061282,-49.682630699351456,3.022613373391674,3.9587756367522706,1.3971251293620468,0.0,0.024687386539245015,on,connected,True,synthetic_device_spec_v11
synthetic_customer_000,cabinet_000,2026-09-05 18:10:00+00:00,1,1,1,1,True,True,False,24.05982469082715,-49.52929015419195,2.9812183195339763,4.045031891358397,0.0,0.0,0.0,on,connected,True,synthetic_device_spec_v11
synthetic_customer_000,cabinet_000,2026-09-05 18:20:00+00:00,1,1,1,1,True,True,False,23.801213152318613,-46.987794191046326,2.9398367903862717,4.0370935061436475,0.3405452241451665,0.0,0.0,on,connected,True,synthetic_device_spec_v11
synthetic_customer_000,cabinet_000,2026-09-05 18:30:00+00:00,1,1,1,1,True,True,False,23.890371664087827,-48.76432113795917,3.0372103387167173,3.99006305260181,0.0,0.028938257303965605,0.0016490116055842127,on,connected,True,synthetic_device_spec_v11
synthetic_customer_000,cabinet_000,2026-09-05 18:40:00+00:00,0,0,0,0,True,True,False,23.762979455966022,-49.497928232315985,3.0395858430072153,4.022930645218165,0.0,0.005637303650643705,0.0,on,connected,True,synthetic_device_spec_v11
synthetic_customer_000,cabinet_000,2026-09-05 18:50:00+00:00,0,0,0,0,True,True,False,23.793941204182147,-48.180679806676125,3.0208449380077416,3.900889612360832,0.0,0.007835854821242251,0.0,on,connected,True,synthetic_device_spec_v11
synthetic_customer_000,cabinet_000,2026-09-05 19:00:00+00:00,0,0,0,0,True,True,False,24.177751364088635,-48.84903247706602,2.9756084734045043,3.8893050117782426,0.05745109186721772,0.0,0.0,on,connected,True,synthetic_device_spec_v11
synthetic_customer_000,cabinet_000,2026-09-05 19:10:00+00:00,0,0,0,0,True,True,False,24.092252449019146,-48.78897602581094,3.002048883517361,3.9963955118512158,0.0,0.0,0.0,on,connected,True,synthetic_device_spec_v11
synthetic_customer_000,cabinet_000,2026-09-05 19:20:00+00:00,0,0,0,0,True,True,False,24.10701717270917,-47.802292870467205,2.9407145853886107,3.974789530905714,0.03900240827116508,0.013520691438579197,0.0,on,connected,True,synthetic_device_spec_v11
synthetic_customer_000,cabinet_000,2026-09-05 19:30:00+00:00,0,0,0,0,True,True,False,23.99620931699406,-47.39598851349321,3.0323623273059694,4.018233225408603,0.0,0.0,0.0,on,connected,True,synthetic_device_spec_v11
synthetic_customer_000,cabinet_000,2026-09-05 19:40:00+00:00,0,0,0,0,True,True,False,24.06030980104216,-48.41239354506444,3.0132836745519587,3.87787369398258,0.0,0.0,0.0,on,connected,True,synthetic_device_spec_v11
synthetic_customer_000,cabinet_000,2026-09-05 19:50:00+00:00,0,0,0,0,True,True,False,24.067600772940544,-48.158823141665536,3.0054392497362734,4.040137845743503,0.0,0.0,0.0,on,connected,True,synthetic_device_spec_v11
synthetic_customer_000,cabinet_000,2026-09-05 20:00:00+00:00,0,0,0,0,True,True,False,23.92083261489464,-47.349733915150665,3.0335999312077195,3.956189229155827,1.0380073813683712,0.0028806669564789174,0.0,on,connected,True,synthetic_device_spec_v11
synthetic_customer_000,cabinet_000,2026-09-05 20:10:00+00:00,0,0,0,0,True,True,False,23.882600237856316,-48.30472837634975,3.0470769915457865,3.9196136469071425,1.4145553469275998,0.019642523167689288,0.035715270975249666,on,connected,True,synthetic_device_spec_v11
synthetic_customer_000,cabinet_000,2026-09-05 20:20:00+00:00,0,0,0,0,True,True,False,23.792954175915526,-48.64025607673666,2.9533017765918173,3.9298327483842437,0.0,0.0,0.0,on,connected,True,synthetic_device_spec_v11
synthetic_customer_000,cabinet_000,2026-09-05 20:30:00+00:00,0,0,0,0,True,True,False,23.889428094279424,-47.254703321314906,2.991655840142002,4.0983712692047645,0.0,0.02293308158170608,0.0,on,connected,True,synthetic_device_spec_v11
synthetic_customer_000,cabinet_000,2026-09-05 20:40:00+00:00,0,0,0,0,True,True,False,24.022597622612366,-48.00326470637676,2.969591509279805,4.029910118031469,0.0,0.015081579943014574,0.0,on,connected,True,synthetic_device_spec_v11
synthetic_customer_000,cabinet_000,2026-09-05 20:50:00+00:00,0,0,0,0,True,True,False,24.028190088282063,-47.581464021118904,2.973455644548467,3.9563089721075775,0.0,0.037060086317801944,0.023622284654315474,on,connected,True,synthetic_device_spec_v11
synthetic_customer_000,cabinet_000,2026-09-05 21:00:00+00:00,0,0,0,0,True,True,False,23.827323745158473,-48.60138247052994,2.9522138707881656,4.018617414208092,0.0,0.04698371872719229,0.0,on,connected,True,synthetic_device_spec_v11
synthetic_customer_000,cabinet_000,2026-09-05 21:10:00+00:00,0,0,0,0,True,True,False,23.953741983225175,-47.0439126799468,2.991255665455148,4.116632552874589,0.14470672448434427,0.0,0.016420178162931683,on,connected,True,synthetic_device_spec_v11
synthetic_customer_000,cabinet_000,2026-09-05 21:20:00+00:00,0,0,0,0,True,True,False,24.108059324433043,-47.34820079784036,3.0063966759797394,3.9863444327833957,0.0,0.0,0.0,on,connected,True,synthetic_device_spec_v11
synthetic_customer_000,cabinet_000,2026-09-05 21:30:00+00:00,0,0,0,0,True,True,False,24.085698210916018,-48.451579884170826,3.024341281572427,4.0961737834076155,0.02920350601690258,0.028075873701437645,0.015285463201702128,on,connected,True,synthetic_device_spec_v11
synthetic_customer_000,cabinet_000,2026-09-05 21:40:00+00:00,0,0,0,0,True,True,False,23.889023447268276,-44.356595989022814,3.0708330244995183,4.0126069363585,0.6007217729389883,0.0,8.04211690192951e-05,on,connected,True,synthetic_device_spec_v11
synthetic_customer_000,cabinet_000,2026-09-05 21:50:00+00:00,0,0,0,0,True,True,False,23.83833752316586,-48.27523219077342,2.999469262181933,4.031685859404496,0.0,0.0,0.03177176318674731,on,connected,True,synthetic_device_spec_v11
synthetic_customer_000,cabinet_000,2026-09-05 22:00:00+00:00,0,0,0,0,True,True,False,24.081157429773757,-48.39210908560949,2.9856364704544553,4.021868864600891,0.07880197520446443,0.027425533709413964,0.0,on,connected,True,synthetic_device_spec_v11
synthetic_customer_000,cabinet_000,2026-09-05 22:10:00+00:00,0,0,0,0,True,True,False,24.12757621647227,-49.03199274757565,2.933532795384076,4.059922972332183,0.0,0.0,0.0,on,connected,True,synthetic_device_spec_v11
synthetic_customer_000,cabinet_000,2026-09-05 22:20:00+00:00,0,0,0,0,True,True,False,24.111636228618192,-49.20732601069124,3.0827743130750456,3.974345067467908,0.0,0.0,0.0,on,connected,True,synthetic_device_spec_v11
synthetic_customer_000,cabinet_000,2026-09-05 22:30:00+00:00,0,0,0,0,True,True,False,24.19297597558748,-49.004234425339135,2.910230261335934,3.9265768596248685,0.39823710028279413,0.0,0.0,on,connected,True,synthetic_device_spec_v11
synthetic_customer_000,cabinet_000,2026-09-05 22:40:00+00:00,0,0,0,0,True,True,False,23.926504394010667,-49.00099555427276,3.028292715311206,4.036068824703647,0.016525905476497908,0.0,0.0,on,connected,True,synthetic_device_spec_v11
synthetic_customer_000,cabinet_000,2026-09-05 22:50:00+00:00,0,0,0,0,True,True,False,24.048276137424402,-46.92282418472054,3.025484638899285,3.998958137810979,0.0,0.007936855861023471,0.0,on,connected,True,synthetic_device_spec_v11
synthetic_customer_000,cabinet_000,2026-09-05 23:00:00+00:00,0,0,0,0,True,True,False,23.959512673473355,-47.03624145721229,3.0204879751415037,4.0234766890677625,0.0,0.015616965314969495,0.0,on,connected,True,synthetic_device_spec_v11
synthetic_customer_000,cabinet_000,2026-09-05 23:10:00+00:00,0,0,0,0,True,True,False,24.117118920701845,-47.3685854464729,2.994688039301504,3.951412298024801,1.3646239863815113,0.005299360909829686,0.0,on,connected,True,synthetic_device_spec_v11
synthetic_customer_000,cabinet_000,2026-09-05 23:20:00+00:00,0,0,0,0,True,True,False,24.09100982583146,-49.55726099868866,3.037189116515846,3.9468690960870627,0.4485230206233156,0.0,0.02113123568911462,on,connected,True,synthetic_device_spec_v11
synthetic_customer_000,cabinet_000,2026-09-05 23:30:00+00:00,0,0,0,0,True,True,False,23.892227566660527,-48.08241214832503,2.9973764159606686,3.9991029475856514,0.0,0.0,0.00442777006577164,on,connected,True,synthetic_device_spec_v11
synthetic_customer_000,cabinet_000,2026-09-05 23:40:00+00:00,0,0,0,0,True,True,False,24.279271195047453,-48.092922255166016,3.026524770248315,3.9249624549526985,0.2536554532503773,0.00307787365323842,0.0,on,connected,True,synthetic_device_spec_v11
synthetic_customer_000,cabinet_000,2026-09-05 23:50:00+00:00,0,0,0,0,True,True,False,23.86809290583497,-48.71380790259277,3.001817116102365,3.9862634638037817,0.0,0.0,0.022116104332574823,on,connected,True,synthetic_device_spec_v11
synthetic_customer_000,cabinet_000,2026-09-06 00:00:00+00:00,0,0,0,0,True,True,False,24.261583611905767,-48.99347634866969,2.971039547135216,3.9859980583930588,0.0,0.007481413928046249,0.0,on,connected,True,synthetic_device_spec_v11
synthetic_customer_000,cabinet_000,2026-09-06 00:10:00+00:00,1,1,1,1,True,True,False,24.202145721215757,-46.43538436590585,2.98865213818896,3.9298641213634893,0.38169409513686403,0.0059717088868417555,0.0,on,connected,True,synthetic_device_spec_v11
synthetic_customer_000,cabinet_000,2026-09-06 00:20:00+00:00,1,1,1,1,True,True,False,24.028816547541062,-48.69979745667085,3.014967782921019,3.97911518198294,0.23479626081388166,0.0,0.0,on,connected,True,synthetic_device_spec_v11
synthetic_customer_000,cabinet_000,2026-09-06 00:30:00+00:00,1,1,1,1,True,True,False,24.070420535906106,-45.20771365066894,2.8853160057717724,4.087982206599901,0.0,0.0010514270180524933,0.012281601141147031,on,connected,True,synthetic_device_spec_v11
synthetic_customer_000,cabinet_000,2026-09-06 00:40:00+00:00,0,0,0,0,True,True,False,24.09592419391007,-48.892625866020424,2.717167095419736,4.007122510547321,0.0,0.0,0.0,on,connected,True,synthetic_device_spec_v11
synthetic_customer_000,cabinet_000,2026-09-06 00:50:00+00:00,0,0,0,0,True,True,False,24.00236972708611,-48.233217197258355,2.6540312834429653,3.9506516532217737,0.0,0.0023376084405570467,0.0033768152213759783,on,connected,True,synthetic_device_spec_v11
synthetic_customer_000,cabinet_000,2026-09-06 01:00:00+00:00,0,0,0,0,True,True,False,23.923671741962057,-48.71733174336754,2.537650600794703,4.005204005617432,0.24566700589098167,0.05920122409309241,0.0,on,connected,True,synthetic_device_spec_v11
synthetic_customer_000,cabinet_000,2026-09-06 01:10:00+00:00,0,0,0,0,True,True,False,23.817306587324147,-45.56007199660716,2.3378757281714138,3.957637908746787,0.8557760260032049,0.0214256698469802,0.006616355831714642,on,connected,True,synthetic_device_spec_v11
synthetic_customer_000,cabinet_000,2026-09-06 01:20:00+00:00,0,0,0,0,True,True,False,23.753870197057946,-46.90411185059472,2.2561882472222092,3.9946194370768593,0.6573685424395839,0.02210583984484086,0.0,on,connected,True,synthetic_device_spec_v11
synthetic_customer_000,cabinet_000,2026-09-06 01:30:00+00:00,0,0,0,0,True,True,False,23.965988985773166,-48.30438738647459,2.068449843827608,3.9342355064780867,0.0,0.0,0.014146434236146397,on,connected,True,synthetic_device_spec_v11
synthetic_customer_000,cabinet_000,2026-09-06 01:40:00+00:00,0,0,0,0,True,True,False,24.141249316030905,-47.35989736274593,2.0163740722581767,3.901728166995813,0.2538844594859919,0.04927616603027847,0.0,on,connected,True,synthetic_device_spec_v11
synthetic_customer_000,cabinet_000,2026-09-06 01:50:00+00:00,0,0,0,0,True,True,False,23.999339331753635,-47.094196321979396,1.795019044700979,4.014934683256487,0.0,0.003573505102085732,0.028474822972963023,on,connected,True,synthetic_device_spec_v11
synthetic_customer_000,cabinet_000,2026-09-06 02:00:00+00:00,0,0,0,0,True,True,False,24.250906604746525,-45.63647588558448,1.641942448307528,3.9270461253392117,1.2610462889037932,0.01917004043018833,0.0,on,connected,True,synthetic_device_spec_v11
synthetic_customer_000,cabinet_000,2026-09-06 02:10:00+00:00,0,0,0,0,True,True,False,24.011367802509344,-47.653503181124336,1.414232139973358,3.8977479371650157,0.0,0.0006715544314255935,0.018180963562463837,on,connected,True,synthetic_device_spec_v11
synthetic_customer_000,cabinet_000,2026-09-06 02:20:00+00:00,0,0,0,0,True,True,False,24.170355464439666,-47.974038186660316,1.4298126706885255,3.936287888094952,0.15027306992832212,0.005115885369421079,0.0,on,connected,True,synthetic_device_spec_v11
synthetic_customer_000,cabinet_000,2026-09-06 02:30:00+00:00,0,0,0,0,True,True,False,23.939010068385702,-48.52103531279211,1.3319914240962654,3.9984836903776384,0.6123853978177172,0.018236364515721186,0.017146504592150294,on,connected,True,synthetic_device_spec_v11
synthetic_customer_000,cabinet_000,2026-09-06 02:40:00+00:00,0,0,0,0,True,True,False,24.02068583791904,-48.24701815720315,1.157896839190296,4.007894002058787,0.0,0.0,0.020193756457413888,on,connected,True,synthetic_device_spec_v11
synthetic_customer_000,cabinet_000,2026-09-06 02:50:00+00:00,0,0,0,0,True,True,False,23.847673653518164,-46.73770011813967,0.967940964263515,4.039384768171863,0.27006686858359535,0.0,0.00256499478756221,on,connected,True,synthetic_device_spec_v11
synthetic_customer_000,cabinet_000,2026-09-06 03:00:00+00:00,0,0,0,0,True,True,False,24.14670371613446,-49.47165916817007,1.0687108048145888,4.041238502167203,1.2896430042394431,0.06669549739850972,0.02032430161086499,on,connected,True,synthetic_device_spec_v11
synthetic_customer_000,cabinet_000,2026-09-06 03:10:00+00:00,0,0,0,0,True,True,False,24.020103593875323,-49.39174118221646,1.015626758644835,3.9672589899907065,0.0,0.0,0.014891826704152553,on,connected,True,synthetic_device_spec_v11
synthetic_customer_000,cabinet_000,2026-09-06 03:20:00+00:00,0,0,0,0,True,True,False,23.897591524955054,-48.913702870043785,0.9711117039947781,3.973584345913044,0.4076047936189764,0.004961280342595812,0.0,on,connected,True,synthetic_device_spec_v11
synthetic_customer_000,cabinet_000,2026-09-06 03:30:00+00:00,0,0,0,0,True,True,False,23.912055664672973,-48.54463945672594,1.0686729782429283,3.95188975242427,0.0,0.0,0.012444943613798951,on,connected,True,synthetic_device_spec_v11
synthetic_customer_000,cabinet_000,2026-09-06 03:40:00+00:00,0,0,0,0,True,True,False,24.010277070038146,-47.470042852166564,0.9651169393971757,4.11917328437905,0.0,0.01838685350061273,0.0,on,connected,True,synthetic_device_spec_v11
synthetic_customer_000,cabinet_000,2026-09-06 03:50:00+00:00,0,0,0,0,True,True,False,24.135856381196945,-48.32260901425844,0.9678561265935943,3.9084439330000467,0.0,0.0,0.020739575231156784,on,connected,True,synthetic_device_spec_v11
synthetic_customer_000,cabinet_000,2026-09-06 04:00:00+00:00,0,0,0,0,True,True,False,24.08666436886675,-46.500630429815615,3.023993786859147,3.922133892246209,0.16218556829120023,0.0,0.0,on,connected,True,synthetic_device_spec_v11
synthetic_customer_000,cabinet_000,2026-09-06 04:10:00+00:00,0,0,0,0,True,True,False,24.070801366957884,-47.33776280216175,2.954909122887625,3.998810119116411,0.0,0.0,0.0,on,connected,True,synthetic_device_spec_v11
synthetic_customer_000,cabinet_000,2026-09-06 04:20:00+00:00,0,0,0,0,True,True,False,23.80351041192716,-49.17126905906179,3.0204425082948543,3.999868960486375,0.0,0.0,0.023976554952936685,on,connected,True,synthetic_device_spec_v11
synthetic_customer_000,cabinet_000,2026-09-06 04:30:00+00:00,0,0,0,0,True,True,False,23.932240630685648,-48.92911897032248,3.004664705541272,3.9653252758257445,0.0,0.018669103146617957,0.0,on,connected,True,synthetic_device_spec_v11
synthetic_customer_000,cabinet_000,2026-09-06 04:40:00+00:00,0,0,0,0,True,True,False,24.075320289208182,-49.21411341902869,3.0077712688409317,3.969901703100258,0.42514569991529055,1.25950846739228e-05,0.006641334800161338,on,connected,True,synthetic_device_spec_v11
synthetic_customer_000,cabinet_000,2026-09-06 04:50:00+00:00,0,0,0,0,True,True,False,23.904506443491467,-46.3751417535054,2.984028868442078,3.9778040399625993,0.0,0.009286730840958745,0.0,on,connected,True,synthetic_device_spec_v11
synthetic_customer_000,cabinet_000,2026-09-06 05:00:00+00:00,0,0,0,0,True,True,False,23.829048069487346,-47.996153180759535,3.003653562583096,4.018542774295798,0.6876382928393456,0.028511309106358424,0.022351742228240015,on,connected,True,synthetic_device_spec_v11
synthetic_customer_000,cabinet_000,2026-09-06 05:10:00+00:00,0,0,0,0,True,True,False,24.207566010119372,-48.62727408627748,2.996668680456239,3.868263671276557,0.0,0.0,0.0,on,connected,True,synthetic_device_spec_v11
synthetic_customer_000,cabinet_000,2026-09-06 05:20:00+00:00,0,0,0,0,True,True,False,24.07269383452135,-47.69862661035595,3.0189933582412634,3.974566241373421,0.0,0.005486463292419953,0.03273258282761677,on,connected,True,synthetic_device_spec_v11
synthetic_customer_000,cabinet_000,2026-09-06 05:30:00+00:00,0,0,0,0,True,True,False,24.036469423459156,-48.30830105885665,2.932627833040421,3.9467509830735894,0.0,0.0,0.0075338947265195955,on,connected,True,synthetic_device_spec_v11
synthetic_customer_000,cabinet_000,2026-09-06 05:40:00+00:00,0,0,0,0,True,True,False,24.139646470111146,-49.02981898156616,2.9992527752335745,3.910773853399871,0.0,0.019475538971272834,0.0,on,connected,True,synthetic_device_spec_v11
synthetic_customer_000,cabinet_000,2026-09-06 05:50:00+00:00,0,0,0,0,True,True,False,23.87902834868125,-46.93038695527515,2.9591537425766785,4.071840017722667,0.4024631878104549,0.014531049955886638,0.0215752379694117,on,connected,True,synthetic_device_spec_v11
synthetic_customer_000,cabinet_000,2026-09-06 06:00:00+00:00,0,0,0,0,True,True,False,23.710743152497887,-48.44595898855249,2.8504395249972423,4.021189075658925,0.0,0.0,0.03308173258653883,on,connected,True,synthetic_device_spec_v11
synthetic_customer_000,cabinet_000,2026-09-06 06:10:00+00:00,1,1,1,1,True,True,False,23.838929661577815,-48.771896333384554,2.8735653946571436,3.944567406037673,0.0,0.005275723584127985,0.006633569728364724,on,connected,True,synthetic_device_spec_v11
synthetic_customer_000,cabinet_000,2026-09-06 06:20:00+00:00,1,1,1,1,True,True,False,24.074767465150224,-47.79037917314064,2.8791046448622115,3.9512308352036447,0.0,0.01921319679851026,0.0,on,connected,True,synthetic_device_spec_v11
synthetic_customer_000,cabinet_000,2026-09-06 06:30:00+00:00,1,1,1,1,True,True,False,24.129247006064347,-48.279581052013874,2.8039193671937457,4.0122563337142205,0.1653176030616955,0.0010052275210310532,0.0,on,connected,True,synthetic_device_spec_v11
synthetic_customer_000,cabinet_000,2026-09-06 06:40:00+00:00,0,0,0,0,True,True,False,23.98736436216641,-48.264086026608396,2.7776404086558526,3.9461518411916914,0.9655419119123161,0.0,0.0,on,connected,True,synthetic_device_spec_v11
synthetic_customer_000,cabinet_000,2026-09-06 06:50:00+00:00,0,0,0,0,True,True,False,24.187165836175428,-47.639736974628434,2.681696633813024,4.049145856717929,0.0,0.018439815706932896,0.0,on,connected,True,synthetic_device_spec_v11
synthetic_customer_000,cabinet_000,2026-09-06 07:00:00+00:00,0,0,0,0,True,True,False,23.924239093762996,-50.01218616723121,2.6980667063357373,4.1051678650352645,1.266729785264789,0.0,0.0,on,connected,True,synthetic_device_spec_v11
synthetic_customer_000,cabinet_000,2026-09-06 07:10:00+00:00,0,0,0,0,True,True,False,23.831337380122022,-49.1323450991899,2.6648905411144463,3.9305707546881337,0.0,0.009557768458365142,0.0,on,connected,True,synthetic_device_spec_v11
synthetic_customer_000,cabinet_000,2026-09-06 07:20:00+00:00,0,0,0,0,True,True,False,23.929927547352857,-50.272178100554,2.5968707697200664,3.9374524793866312,0.15807560648602928,0.02189767048567562,0.003984848853893453,on,connected,True,synthetic_device_spec_v11
synthetic_customer_000,cabinet_000,2026-09-06 07:30:00+00:00,0,0,0,0,True,True,False,23.849631318826024,-52.99257886547965,2.5449783029014803,3.991188905924928,0.25582573620062815,0.0694949089383821,0.012869106598971086,on,connected,True,synthetic_device_spec_v11
synthetic_customer_000,cabinet_000,2026-09-06 07:40:00+00:00,0,0,0,0,True,True,False,24.017806194967477,-56.04922408106324,2.506166355645271,4.018138246198154,0.0,0.15498222233838982,0.017461844053125345,on,connected,True,synthetic_device_spec_v11
synthetic_customer_000,cabinet_000,2026-09-06 07:50:00+00:00,0,0,0,0,True,True,False,23.967932167783232,-59.07512793890701,2.474778362267722,4.018599474651773,0.7736187132983426,0.17718146717013555,0.013985442951828181,on,connected,True,synthetic_device_spec_v11
synthetic_customer_000,cabinet_000,2026-09-06 08:00:00+00:00,0,0,0,0,True,True,False,24.118555428629424,-64.68382869874816,2.507846716303243,4.093773690978684,0.0,0.27498661217161,0.0447189560402571,on,connected,True,synthetic_device_spec_v11
synthetic_customer_000,cabinet_000,2026-09-06 08:10:00+00:00,0,0,0,0,True,True,False,23.868739273276464,-67.28896047829332,2.4433434789065336,4.021941656706301,0.0,0.38471989241791904,0.0,on,connected,True,synthetic_device_spec_v11
synthetic_customer_000,cabinet_000,2026-09-06 08:20:00+00:00,0,0,0,0,True,True,False,24.090401590845257,-73.27639473032832,2.452602286392318,4.0538370927355,0.1336311862584965,0.46017176460575515,0.02680915355145475,on,connected,True,synthetic_device_spec_v11
synthetic_customer_000,cabinet_000,2026-09-06 08:30:00+00:00,0,0,0,0,True,True,False,24.027486623047025,-76.73338306159907,2.3178800560515254,3.963371549366587,0.0,0.5525206865911895,0.0,on,connected,True,synthetic_device_spec_v11
synthetic_customer_000,cabinet_000,2026-09-06 08:40:00+00:00,0,0,0,0,True,True,False,23.891225797343672,-80.6984178029595,2.2760712517571906,4.09663374384638,0.0,0.5456693727002004,0.0,on,connected,True,synthetic_device_spec_v11
synthetic_customer_000,cabinet_000,2026-09-06 08:50:00+00:00,0,0,0,0,True,True,False,24.168274254232063,-83.34086190102553,2.2987099983766335,3.920375493894985,0.0,0.6717728832861465,0.016684514418514006,on,connected,True,synthetic_device_spec_v11
synthetic_customer_000,cabinet_000,2026-09-06 09:40:00+00:00,0,0,0,0,True,True,False,23.996689755185127,-47.82483702829908,2.2028028875912935,3.9351445810843724,0.6404156971663162,0.03610888796557016,0.017423790132218824,on,connected,True,synthetic_device_spec_v11
synthetic_customer_000,cabinet_000,2026-09-06 09:50:00+00:00,0,0,0,0,True,True,False,23.730723528468033,-48.68089285328056,2.281328282481128,4.067293581626809,0.0,0.0,0.0021177925586508876,on,connected,True,synthetic_device_spec_v11
synthetic_customer_000,cabinet_000,2026-09-06 10:00:00+00:00,0,0,0,0,True,True,False,24.142079389591686,-48.24035994301521,2.1544208440845747,4.02010144310935,0.0,0.0,0.010450863815533139,on,connected,True,synthetic_device_spec_v11
synthetic_customer_000,cabinet_000,2026-09-06 10:10:00+00:00,0,0,0,0,True,True,False,23.948943950538542,-47.15440662639936,2.1658852673755855,3.9562636038723564,0.15048426712525972,0.0,0.0,on,connected,True,synthetic_device_spec_v11
synthetic_customer_000,cabinet_000,2026-09-06 10:20:00+00:00,0,0,0,0,True,True,False,24.249931077343437,-48.2624134860805,2.969507570030006,3.931344574536553,0.0,0.0,0.007078249470361293,on,connected,True,synthetic_device_spec_v11
synthetic_customer_000,cabinet_000,2026-09-06 10:30:00+00:00,0,0,0,0,True,True,False,23.818058595080554,-47.39408215617808,3.0382271620144725,4.025893514297401,0.6524555935488633,0.0,0.0,on,connected,True,synthetic_device_spec_v11
synthetic_customer_000,cabinet_000,2026-09-06 10:40:00+00:00,0,0,0,0,True,True,False,23.74620773005776,-48.965623173564715,2.9595437408982117,3.9361838238699547,0.5372729876142647,0.0,0.00067505384246025,on,connected,True,synthetic_device_spec_v11
synthetic_customer_000,cabinet_000,2026-09-06 10:50:00+00:00,0,0,0,0,True,True,False,24.106144029007538,-47.22598820080812,3.01356841235643,3.9024564326209505,0.18301877259086805,0.0008256780765500967,0.0,on,connected,True,synthetic_device_spec_v11
synthetic_customer_000,cabinet_000,2026-09-06 11:00:00+00:00,0,0,0,0,True,True,False,23.996244541053702,-47.97595004558499,3.034467357965749,3.9754754840000506,0.6971952974003154,0.0,0.0,on,connected,True,synthetic_device_spec_v11
synthetic_customer_000,cabinet_000,2026-09-06 11:10:00+00:00,0,0,0,0,True,True,False,23.965416055629888,-48.007455980631825,3.0529173413294264,4.2023145696548125,0.2528684249749301,0.0,0.03701118065918109,on,connected,True,synthetic_device_spec_v11
synthetic_customer_000,cabinet_000,2026-09-06 11:20:00+00:00,0,0,0,0,True,True,False,23.873684700528898,-47.71095084814335,3.000524019386112,4.242452279660991,0.0,0.0,0.07312385986492057,on,connected,True,synthetic_device_spec_v11
synthetic_customer_000,cabinet_000,2026-09-06 11:30:00+00:00,0,0,0,0,True,True,False,23.860551969194354,-46.82690280538862,3.039104788640343,4.54125239418089,0.0,0.0,0.07725736933286327,on,connected,True,synthetic_device_spec_v11
synthetic_customer_000,cabinet_000,2026-09-06 11:40:00+00:00,0,0,0,0,True,True,False,24.06612138623109,-45.5169833691593,3.034811144429518,4.810612910679479,0.0,0.0,0.12832419686601632,on,connected,True,synthetic_device_spec_v11
synthetic_customer_000,cabinet_000,2026-09-06 11:50:00+00:00,0,0,0,0,True,True,False,24.219883910445446,-49.71525445474886,2.9910784594007005,4.9886700016559775,0.0,0.016540184330959593,0.12216162059164747,on,connected,True,synthetic_device_spec_v11
synthetic_customer_000,cabinet_000,2026-09-06 12:00:00+00:00,0,0,0,0,True,True,False,24.003575643398282,-49.02470698382459,3.0144229949687644,5.23683904383912,0.0,0.0,0.1483754717138725,on,connected,True,synthetic_device_spec_v11
synthetic_customer_000,cabinet_000,2026-09-06 12:10:00+00:00,1,1,1,1,True,True,False,24.18032309066492,-48.44409601872174,3.017381728756768,5.355639751521266,0.3274105232163248,0.006419244932484871,0.170447054422316,on,connected,True,synthetic_device_spec_v11
synthetic_customer_000,cabinet_000,2026-09-06 12:20:00+00:00,1,1,1,1,True,True,False,24.010453248912004,-46.92202995630312,2.8959995849972175,5.569026425125121,0.0,0.0,0.20878595810679162,on,connected,True,synthetic_device_spec_v11
synthetic_customer_000,cabinet_000,2026-09-06 12:30:00+00:00,1,1,1,1,True,True,False,24.014598680437754,-45.88754590321841,3.0016413059011744,5.723619854506562,0.0,0.0,0.2390629477894177,on,connected,True,synthetic_device_spec_v11
synthetic_customer_000,cabinet_000,2026-09-06 12:40:00+00:00,0,0,0,0,True,True,False,24.10247454623714,-48.57851607801869,3.0195089762749645,5.967995999889601,0.22251275012154353,0.022288471317490142,0.24409779549957838,on,connected,True,synthetic_device_spec_v11
synthetic_customer_000,cabinet_000,2026-09-06 12:50:00+00:00,0,0,0,0,True,True,False,23.968721338855385,-48.95027062845713,3.046387120058061,6.23475807439624,0.23422577928403981,0.0,0.3161051768923327,on,connected,True,synthetic_device_spec_v11
synthetic_customer_000,cabinet_000,2026-09-06 13:00:00+00:00,0,0,0,0,True,True,False,24.104092960574377,-47.73879845550884,3.004351638844885,6.393795167834194,0.3015603852613721,0.040271407637402584,0.3263981612561154,on,connected,True,synthetic_device_spec_v11
synthetic_customer_000,cabinet_000,2026-09-06 13:10:00+00:00,0,0,0,0,True,True,False,23.953187430593882,-49.02656693232054,3.016625688898756,6.636225098883051,0.0,0.02067237681299201,0.34736597837081695,on,connected,True,synthetic_device_spec_v11
synthetic_customer_000,cabinet_000,2026-09-06 13:20:00+00:00,0,0,0,0,True,True,False,23.865730890008226,-46.81809990755582,2.9632064916904315,6.741793881829676,0.0,0.0,0.3633730415523141,on,connected,True,synthetic_device_spec_v11
synthetic_customer_000,cabinet_000,2026-09-06 13:30:00+00:00,0,0,0,0,True,True,False,24.081404221279957,-49.389177312177786,2.9375778774569095,6.991433056639519,0.0,0.010434016834439135,0.3926884928128617,on,connected,True,synthetic_device_spec_v11
synthetic_customer_000,cabinet_000,2026-09-06 13:40:00+00:00,0,0,0,0,True,True,False,23.905409426462544,-49.52373546828918,3.006332300698216,6.927144151634003,0.0,0.0,0.4056809935032564,on,connected,True,synthetic_device_spec_v11
synthetic_customer_000,cabinet_000,2026-09-06 13:50:00+00:00,0,0,0,0,True,True,False,23.92246759739524,-47.68299977113542,2.980196843818328,6.936685943168826,0.3777566429121662,0.0,0.42848621016408905,on,connected,True,synthetic_device_spec_v11
synthetic_customer_000,cabinet_000,2026-09-06 14:00:00+00:00,0,0,0,0,True,True,False,23.774342860252727,-47.66272604194357,3.036336258378384,6.955948811710416,0.9924982748897211,0.0,0.4033390538779445,on,connected,True,synthetic_device_spec_v11
synthetic_customer_000,cabinet_000,2026-09-06 14:10:00+00:00,0,0,0,0,True,True,False,24.04376166440605,-47.21298916273312,2.982113070082326,6.924491975469568,0.0,0.0,0.4545468896378937,on,connected,True,synthetic_device_spec_v11
synthetic_customer_000,cabinet_000,2026-09-06 14:20:00+00:00,0,0,0,0,True,True,False,23.91364673034145,-47.235463091178424,3.006277569847543,7.102752654102094,0.2146906655606114,0.0,0.3757556226280956,on,connected,True,synthetic_device_spec_v11
synthetic_customer_000,cabinet_000,2026-09-06 14:30:00+00:00,0,0,0,0,True,True,False,23.964095877955714,-46.99017908708261,3.011011746930999,7.026754363478298,0.0,0.004531831829130301,0.42797444075033214,on,connected,True,synthetic_device_spec_v11
synthetic_customer_000,cabinet_000,2026-09-06 14:40:00+00:00,0,0,0,0,True,True,False,23.996552336023942,-49.092452716691376,2.964185412128353,7.048573902814103,0.0,0.0017024259821650592,0.399279461461363,on,connected,True,synthetic_device_spec_v11
synthetic_customer_000,cabinet_000,2026-09-06 14:50:00+00:00,0,0,0,0,True,True,False,23.98154360470138,-48.12637216908385,2.9930795897010625,3.9674020270444426,0.3375936580177397,0.027779584635993185,0.0,on,connected,True,synthetic_device_spec_v11
synthetic_customer_000,cabinet_000,2026-09-06 15:00:00+00:00,0,0,0,0,True,True,False,24.048476321532245,-48.269095663032026,3.083053560089958,3.9946226040299635,0.0,0.02460409122457239,0.014313261466855664,on,connected,True,synthetic_device_spec_v11
synthetic_customer_000,cabinet_000,2026-09-06 15:10:00+00:00,0,0,0,0,True,True,False,24.05169508540609,-46.58327864568277,2.9909095925166227,4.055497555700967,0.0,0.0057161787562329605,0.009863442856142513,on,connected,True,synthetic_device_spec_v11
synthetic_customer_000,cabinet_000,2026-09-06 15:20:00+00:00,0,0,0,0,True,True,False,23.775870573048124,-48.274633010658945,2.993948613347899,4.01482992276936,0.1632950883783552,0.013959611577619,0.008721400558586726,on,connected,True,synthetic_device_spec_v11
synthetic_customer_000,cabinet_000,2026-09-06 15:30:00+00:00,0,0,0,0,True,True,False,24.14324780553206,-48.36581897478794,2.9835018146531755,3.8577739151596813,0.0,0.025448051249304188,0.0,on,connected,True,synthetic_device_spec_v11
synthetic_customer_000,cabinet_000,2026-09-06 15:40:00+00:00,0,0,0,0,True,True,False,24.119699659218437,-48.364459124066386,3.0479056717255264,3.9896847206542763,0.7922835309404532,0.02733620833011621,0.03641560580910359,on,connected,True,synthetic_device_spec_v11
synthetic_customer_000,cabinet_000,2026-09-06 15:50:00+00:00,0,0,0,0,True,True,False,23.887573657580685,-48.1122906789198,3.032266515133176,3.954471021902355,0.40825442627966696,0.0,0.0,on,connected,True,synthetic_device_spec_v11
synthetic_customer_000,cabinet_000,2026-09-06 16:00:00+00:00,0,0,0,0,True,True,False,23.977573670120186,-48.01267485194295,3.0325200754603894,3.991852820427887,1.1939087424559474,0.06860290637566717,0.00020326648376648376,on,connected,True,synthetic_device_spec_v11
synthetic_customer_000,cabinet_000,2026-09-06 16:10:00+00:00,0,0,0,0,True,True,False,24.176053738388692,-48.074904470956,3.023799923271734,3.9725516785935087,2.8453525129594213,0.017082463130840712,0.0,on,connected,True,synthetic_device_spec_v11
synthetic_customer_000,cabinet_000,2026-09-06 16:20:00+00:00,0,0,0,0,True,True,False,23.909238741193455,-49.06209177485692,3.080067652442868,4.052080360724503,4.560601629603016,0.0,0.024284589566300786,on,connected,True,synthetic_device_spec_v11
synthetic_customer_000,cabinet_000,2026-09-06 16:30:00+00:00,0,0,0,0,True,True,False,23.932477770891985,-47.74281928130999,2.9588048544111696,4.034737266591998,6.3827026951530765,0.016136026673673427,0.015561634801767145,on,connected,True,synthetic_device_spec_v11
synthetic_customer_000,cabinet_000,2026-09-06 16:40:00+00:00,0,0,0,0,True,True,False,23.971217602446213,-47.272314346891996,2.9295111479029474,4.123087228091528,7.4059207041346,0.0,0.0,on,connected,True,synthetic_device_spec_v11
synthetic_customer_000,cabinet_000,2026-09-06 16:50:00+00:00,0,0,0,0,True,True,False,24.176903949601463,-48.02969518444329,2.9673440745771296,3.98842440509899,9.238810654164874,0.0,0.0,on,connected,True,synthetic_device_spec_v11
synthetic_customer_000,cabinet_000,2026-09-06 17:00:00+00:00,0,0,0,0,True,True,False,23.910967487685408,-48.661982467916054,3.0331625904088266,4.009989011870238,11.071420101565701,0.0,0.0,on,connected,True,synthetic_device_spec_v11
synthetic_customer_000,cabinet_000,2026-09-06 17:10:00+00:00,0,0,0,0,True,True,False,24.033671756282505,-48.58689416056644,3.0863439562839967,3.943117366403956,13.437561384808696,0.019652772505861487,0.01005341624680802,on,connected,True,synthetic_device_spec_v11
synthetic_customer_000,cabinet_000,2026-09-06 17:20:00+00:00,0,0,0,0,True,True,False,24.10714792616081,-49.152388856916154,2.9426682155339026,4.074076556926107,15.622536125133193,0.0,0.02470330988748465,on,connected,True,synthetic_device_spec_v11
synthetic_customer_000,cabinet_000,2026-09-06 17:30:00+00:00,0,0,0,0,True,True,False,24.046978964219154,-48.11179609895713,2.931878809546033,4.0862471908078515,16.954583473250818,0.0,0.0,on,connected,True,synthetic_device_spec_v11
synthetic_customer_000,cabinet_000,2026-09-06 17:40:00+00:00,0,0,0,0,True,True,False,24.036393241301532,-48.60009199361376,3.0058116857543626,3.915539081977844,18.35619638021687,0.0,0.026745666257227997,on,connected,True,synthetic_device_spec_v11
synthetic_customer_000,cabinet_000,2026-09-06 17:50:00+00:00,0,0,0,0,True,True,False,24.114999563905375,-47.34182416139871,3.0129454666412707,4.039515573606235,20.225671373579353,0.037456927877621685,0.0,on,connected,True,synthetic_device_spec_v11
synthetic_customer_000,cabinet_000,2026-09-06 18:00:00+00:00,0,0,0,0,True,True,False,23.90224813741691,-46.690207034198,2.9952741188784904,3.966339591853119,22.227860229320633,0.008129464824652292,0.0,on,connected,True,synthetic_device_spec_v11
synthetic_customer_000,cabinet_000,2026-09-06 18:10:00+00:00,1,1,1,1,True,True,False,24.047780132163563,-48.08643867156052,2.9432630687167665,4.014949902112802,23.91273546059832,0.02094011213810869,0.012422116291338126,on,connected,True,synthetic_device_spec_v11
synthetic_customer_000,cabinet_000,2026-09-06 18:20:00+00:00,1,1,1,1,True,True,False,23.90385765865619,-48.780575275932385,3.0658223209574014,4.0199764704264025,25.172368107360892,0.03442677529925702,0.0,on,connected,True,synthetic_device_spec_v11
synthetic_customer_000,cabinet_000,2026-09-06 18:30:00+00:00,1,1,1,1,True,True,False,24.093852984499513,-48.27701685209256,3.003640800245234,3.9673396070165006,24.999358687881426,0.0,0.0,on,connected,True,synthetic_device_spec_v11
synthetic_customer_000,cabinet_000,2026-09-06 18:40:00+00:00,0,0,0,0,True,True,False,24.18468191631726,-48.14025070082223,2.982719415990928,4.042847842825926,25.007403698127792,0.0,0.0,on,connected,True,synthetic_device_spec_v11
synthetic_customer_000,cabinet_000,2026-09-06 18:50:00+00:00,0,0,0,0,True,True,False,23.93695693962831,-49.79133117871116,2.9542197497881806,3.9484237177679264,24.672856217834052,0.029401717038754112,0.0,on,connected,True,synthetic_device_spec_v11
synthetic_customer_000,cabinet_000,2026-09-06 19:00:00+00:00,0,0,0,0,True,True,False,24.026697186487496,-50.35870917159304,3.0443047553274982,4.014509286146004,25.220880615326244,0.0,0.010475038867253721,on,connected,True,synthetic_device_spec_v11
synthetic_customer_000,cabinet_000,2026-09-06 19:10:00+00:00,0,0,0,0,True,True,False,24.069853562564525,-47.26674376371539,3.0093853739821275,4.077609480053696,24.417898814851792,0.0,0.0,on,connected,True,synthetic_device_spec_v11
synthetic_customer_000,cabinet_000,2026-09-06 19:20:00+00:00,0,0,0,0,True,True,False,24.047724434806476,-47.208235332329615,3.014361508997332,3.9330780117931927,25.739866257231764,0.0,0.027286245572873097,on,connected,True,synthetic_device_spec_v11
synthetic_customer_000,cabinet_000,2026-09-06 19:30:00+00:00,0,0,0,0,True,True,False,23.935886215223494,-48.16602603422124,3.000028120703148,3.956164658157792,24.315088834011082,0.002122240441749462,0.0002562701265808748,on,connected,True,synthetic_device_spec_v11
synthetic_customer_000,cabinet_000,2026-09-06 19:40:00+00:00,0,0,0,0,True,True,False,23.912001934498644,-48.20282638255356,2.968558503309283,4.086640116790217,0.0,0.0,0.0,on,connected,True,synthetic_device_spec_v11
synthetic_customer_000,cabinet_000,2026-09-06 19:50:00+00:00,0,0,0,0,True,True,False,23.82206873999069,-47.22550623225067,2.950515423787639,3.9805589498293035,0.0,0.005540727854446461,0.008241330517046192,on,connected,True,synthetic_device_spec_v11
synthetic_customer_000,cabinet_000,2026-09-06 20:00:00+00:00,0,0,0,0,True,True,False,23.97715540807022,-47.372386518719864,2.9697320521974193,3.992346013948779,0.0,0.0,0.0,on,connected,True,synthetic_device_spec_v11
synthetic_customer_000,cabinet_000,2026-09-06 20:10:00+00:00,0,0,0,0,True,True,False,24.0502191709247,-48.221658513055374,3.043184461452915,3.937254057839284,0.0,0.0,0.012359088050381275,on,connected,True,synthetic_device_spec_v11
synthetic_customer_000,cabinet_000,2026-09-06 20:20:00+00:00,0,0,0,0,True,True,False,23.98303540950606,-48.451829472801876,3.0104089248311086,3.974391729265378,0.0,0.0,0.0,on,connected,True,synthetic_device_spec_v11
synthetic_customer_000,cabinet_000,2026-09-06 20:30:00+00:00,0,0,0,0,True,True,False,24.072260043867335,-47.71952081199123,3.0436279247488383,4.047362872979154,0.0,0.0,0.027479769700266454,on,connected,True,synthetic_device_spec_v11
synthetic_customer_000,cabinet_000,2026-09-06 20:40:00+00:00,0,0,0,0,True,True,False,23.959080920369004,-47.01632866381527,2.988466320734115,3.8616156749188573,0.11082998764745867,0.0,0.016537908072084075,on,connected,True,synthetic_device_spec_v11
synthetic_customer_000,cabinet_000,2026-09-06 20:50:00+00:00,0,0,0,0,True,True,False,24.084737917701727,-48.26975577454172,3.00183810518158,3.9643881685225546,0.0,0.0,0.024469192866996985,on,connected,True,synthetic_device_spec_v11
synthetic_customer_000,cabinet_000,2026-09-06 21:00:00+00:00,0,0,0,0,True,True,False,24.23280901152258,-49.60267884921278,3.045413151498284,3.9630573413506562,0.12227607521070075,0.0,0.0,on,connected,True,synthetic_device_spec_v11
synthetic_customer_000,cabinet_000,2026-09-06 21:10:00+00:00,0,0,0,0,True,True,False,24.194974260542505,-47.2918400275104,2.979441023312604,4.099096409037494,0.08827134212157367,0.0,0.0,on,connected,True,synthetic_device_spec_v11
synthetic_customer_000,cabinet_000,2026-09-06 21:20:00+00:00,0,0,0,0,True,True,False,23.855907850566062,-49.0591976318054,3.0063204135215646,3.9864734407862716,0.0,0.0,0.0,on,connected,True,synthetic_device_spec_v11
synthetic_customer_000,cabinet_000,2026-09-06 21:30:00+00:00,0,0,0,0,True,True,False,24.013169961839793,-48.72322491335855,3.015335088140205,3.9821461541304823,0.0,0.0,0.0,on,connected,True,synthetic_device_spec_v11
synthetic_customer_000,cabinet_000,2026-09-06 21:40:00+00:00,0,0,0,0,True,True,False,23.97177838371216,-48.50166880368817,3.016667296630123,4.070522579738652,0.7602327810646183,0.03507951724219376,0.0,on,connected,True,synthetic_device_spec_v11
synthetic_customer_000,cabinet_000,2026-09-06 21:50:00+00:00,0,0,0,0,True,True,False,23.862415524678106,-48.28619041375416,2.9466807335119496,3.9744889421529868,0.04606229111805878,0.02007638476624564,0.0,on,connected,True,synthetic_device_spec_v11
synthetic_customer_000,cabinet_000,2026-09-06 22:00:00+00:00,0,0,0,0,True,True,False,24.371534987286257,-47.417298978742295,3.00894289384208,4.015069252064909,0.2205715410551012,0.004092727369557293,0.015379124352106343,on,connected,True,synthetic_device_spec_v11
synthetic_customer_000,cabinet_000,2026-09-06 22:10:00+00:00,0,0,0,0,True,True,False,24.15352570864503,-47.67605665859783,2.9685505796932516,3.890741678520894,0.5396175355950169,0.03304951935985684,0.009259463848650824,on,connected,True,synthetic_device_spec_v11
synthetic_customer_000,cabinet_000,2026-09-06 22:20:00+00:00,0,0,0,0,True,True,False,23.824451388514813,-49.43522598026428,3.0225707522233867,4.011193581966591,0.7908352713601873,0.0,0.0,on,connected,True,synthetic_device_spec_v11
synthetic_customer_000,cabinet_000,2026-09-06 22:30:00+00:00,0,0,0,0,True,True,False,23.950688383876567,-46.8748168769598,3.0032061702473865,3.911706758095468,0.0,0.001341617320822299,0.0,on,connected,True,synthetic_device_spec_v11
synthetic_customer_000,cabinet_000,2026-09-06 22:40:00+00:00,0,0,0,0,True,True,False,24.219327867666298,-48.38318312609653,2.956930469727542,3.9700991591970642,0.7035233292743056,0.01837030509659042,0.0,on,connected,True,synthetic_device_spec_v11
synthetic_customer_000,cabinet_000,2026-09-06 22:50:00+00:00,0,0,0,0,True,True,False,24.003552264406892,-46.61708616797729,3.02038749513944,4.081967061214964,0.0,0.03555301301559146,0.0,on,connected,True,synthetic_device_spec_v11
synthetic_customer_000,cabinet_000,2026-09-06 23:00:00+00:00,0,0,0,0,True,True,False,24.207747683278185,-45.99191758381331,2.981242605093817,3.981207212955047,0.0,0.023996535531900367,0.0,on,connected,True,synthetic_device_spec_v11
synthetic_customer_000,cabinet_000,2026-09-06 23:10:00+00:00,0,0,0,0,True,True,False,23.888244528741755,-48.42154555920331,2.9885223825244767,4.017729417207269,0.0,0.0,0.020615958799912244,on,connected,True,synthetic_device_spec_v11
synthetic_customer_000,cabinet_000,2026-09-06 23:20:00+00:00,0,0,0,0,True,True,False,24.079485439986318,-46.914033470551786,2.992497984892506,4.080565034514963,0.06694372200267068,0.0,0.02171923685271117,on,connected,True,synthetic_device_spec_v11
synthetic_customer_000,cabinet_000,2026-09-06 23:30:00+00:00,0,0,0,0,True,True,False,24.0438892578861,-48.74782280484956,2.959655746022456,3.968180286130935,0.23365584879113918,0.0006672648689184221,0.0,on,connected,True,synthetic_device_spec_v11
synthetic_customer_000,cabinet_000,2026-09-06 23:40:00+00:00,0,0,0,0,True,True,False,24.262919815340116,-47.543637110732035,2.995529779744709,3.9043137770538237,0.0,0.0,0.0,on,connected,True,synthetic_device_spec_v11
synthetic_customer_000,cabinet_000,2026-09-06 23:50:00+00:00,0,0,0,0,True,True,False,23.864486668495665,-47.55580301865911,3.0058204560952566,4.104143496782397,0.7242913478576489,0.0,0.0,on,connected,True,synthetic_device_spec_v11
synthetic_customer_000,cabinet_000,2026-09-07 00:00:00+00:00,0,0,0,0,True,True,False,23.972056342749845,-49.23594298917092,2.9256659476989113,4.057908511491114,0.0,0.044037205088637586,0.0,on,connected,True,synthetic_device_spec_v11
synthetic_customer_000,cabinet_000,2026-09-07 00:10:00+00:00,1,1,1,1,True,True,False,23.835416466449125,-48.17741051086168,2.957516630040243,3.976020080406385,0.003637339412283228,0.0,0.0,on,connected,True,synthetic_device_spec_v11
synthetic_customer_000,cabinet_000,2026-09-07 00:20:00+00:00,1,1,1,1,True,True,False,24.08550681806843,-48.13365271925161,2.998245669843436,3.98523291624417,0.0,0.0,0.0,on,connected,True,synthetic_device_spec_v11
synthetic_customer_000,cabinet_000,2026-09-07 00:30:00+00:00,1,1,1,1,True,True,False,24.066243740099946,-47.99517357278427,2.9898831274026305,3.966429393192769,0.6987483948042538,0.0,0.0,on,connected,True,synthetic_device_spec_v11
synthetic_customer_000,cabinet_000,2026-09-07 00:40:00+00:00,0,0,0,0,True,True,False,23.890088810012337,-49.25790831630203,3.0365647293101707,4.010198351378629,0.0,0.0,0.0,on,connected,True,synthetic_device_spec_v11
synthetic_customer_000,cabinet_000,2026-09-07 00:50:00+00:00,0,0,0,0,True,True,False,23.910423102033448,-47.3321827785125,3.013092278666911,3.910615961340452,0.02156649898199933,0.0,0.0,on,connected,True,synthetic_device_spec_v11
synthetic_customer_000,cabinet_000,2026-09-07 01:00:00+00:00,0,0,0,0,True,True,False,24.01851571515854,-48.7526306982762,3.0499594870459332,3.9606836981125157,0.5839817037343757,0.0,0.005985937538113347,on,connected,True,synthetic_device_spec_v11
synthetic_customer_000,cabinet_000,2026-09-07 01:10:00+00:00,0,0,0,0,True,True,False,23.812786530634423,-47.77572993461589,3.029491891351917,4.073297274975366,0.0,0.0,0.0,on,connected,True,synthetic_device_spec_v11
synthetic_customer_000,cabinet_000,2026-09-07 01:20:00+00:00,0,0,0,0,True,True,False,24.204088635382615,-48.87193847979114,3.017372197818491,3.9692821801711733,0.11131706114622902,0.0,0.0,on,connected,True,synthetic_device_spec_v11
synthetic_customer_000,cabinet_000,2026-09-07 01:30:00+00:00,0,0,0,0,True,True,False,23.957114155021088,-47.551751570336435,2.991737313283524,4.011217748199683,0.241956460437312,0.024218846446384612,0.0,on,connected,True,synthetic_device_spec_v11
synthetic_customer_000,cabinet_000,2026-09-07 01:40:00+00:00,0,0,0,0,True,True,False,24.115626170168444,-49.212208853338,2.955452530025089,4.028270365293045,0.0,0.03192900179813184,0.0,on,connected,True,synthetic_device_spec_v11
synthetic_customer_000,cabinet_000,2026-09-07 01:50:00+00:00,0,0,0,0,True,True,False,23.730159284272155,-47.883722097588006,2.98848378591334,4.022720262090718,0.0,0.01832397991888558,0.0,on,connected,True,synthetic_device_spec_v11
synthetic_customer_000,cabinet_000,2026-09-07 02:00:00+00:00,0,0,0,0,True,True,False,23.744927659773293,-46.26037740267252,2.9662460858835504,3.98432679238228,0.5656134594541128,0.014809923093001396,0.0,on,connected,True,synthetic_device_spec_v11
synthetic_customer_000,cabinet_000,2026-09-07 02:10:00+00:00,0,0,0,0,True,True,False,23.92064557490909,-47.9773571612409,2.9719388424157627,4.004264852830842,0.033564209109726253,0.0,0.014238540947788147,on,connected,True,synthetic_device_spec_v11
synthetic_customer_000,cabinet_000,2026-09-07 02:20:00+00:00,0,0,0,0,True,True,False,24.107872135658457,-46.18816055655699,2.951786543765439,3.9797991283022895,0.5566169969493746,0.0,0.02173859728888984,on,connected,True,synthetic_device_spec_v11
synthetic_customer_000,cabinet_000,2026-09-07 02:30:00+00:00,0,0,0,0,True,True,False,23.8513937062242,-47.90645384114775,2.943158530469457,4.046141720328247,0.0,0.025616908966240432,0.0,on,connected,True,synthetic_device_spec_v11
synthetic_customer_000,cabinet_000,2026-09-07 02:40:00+00:00,0,0,0,0,True,True,False,24.078218617688368,-47.96762263297073,2.98558032155976,4.079701546867551,0.33644737538576625,0.0,0.0,on,connected,True,synthetic_device_spec_v11
synthetic_customer_000,cabinet_000,2026-09-07 02:50:00+00:00,0,0,0,0,True,True,False,23.889023903018376,-48.47206251069126,2.9840954424977646,4.005873754950946,0.0,0.007889645098433524,0.0,on,connected,True,synthetic_device_spec_v11
synthetic_customer_000,cabinet_000,2026-09-07 03:00:00+00:00,0,0,0,0,True,True,False,24.114712256585996,-48.112285131753964,3.093417088588403,3.9592510988755887,0.7321291451122504,0.017240137924093412,0.007120535584636022,on,connected,True,synthetic_device_spec_v11
synthetic_customer_000,cabinet_000,2026-09-07 03:10:00+00:00,0,0,0,0,True,True,False,23.987532557318197,-47.15554583378321,2.9276920804561675,4.067644811533469,0.7297548529099296,0.0,0.0,on,connected,True,synthetic_device_spec_v11
synthetic_customer_000,cabinet_000,2026-09-07 03:20:00+00:00,0,0,0,0,True,True,False,23.853587288666162,-47.433129045867176,3.0074589050064144,3.967143851290065,0.10435654664679156,0.021361984006496314,0.0,on,connected,True,synthetic_device_spec_v11
synthetic_customer_000,cabinet_000,2026-09-07 03:30:00+00:00,0,0,0,0,True,True,False,23.82144208887271,-48.374407664915076,2.9814568176628513,4.016071606165651,0.022734102226487408,0.0,0.0,on,connected,True,synthetic_device_spec_v11
synthetic_customer_000,cabinet_000,2026-09-07 03:40:00+00:00,0,0,0,0,True,True,False,23.404944803248878,-48.08413217842651,2.990188016438195,4.1748253135759255,0.16551218351660987,0.0,0.0,on,connected,True,synthetic_device_spec_v11
synthetic_customer_000,cabinet_000,2026-09-07 03:50:00+00:00,0,0,0,0,True,True,False,22.805438759967647,-47.63891155588144,3.0243346899907495,4.024959804615005,0.0,0.04225707502067976,0.02436369671663581,on,connected,True,synthetic_device_spec_v11
synthetic_customer_000,cabinet_000,2026-09-07 04:00:00+00:00,0,0,0,0,True,True,False,22.11552691937872,-50.09913098319123,2.994740127071344,4.0338456690944255,0.0,0.0,0.0,on,connected,True,synthetic_device_spec_v11
synthetic_customer_000,cabinet_000,2026-09-07 04:10:00+00:00,0,0,0,0,True,True,False,21.884513369133646,-47.11786527338509,2.9994559864095947,3.9852153706573814,0.0,0.04044364431582027,0.0,on,connected,True,synthetic_device_spec_v11
synthetic_customer_000,cabinet_000,2026-09-07 04:20:00+00:00,0,0,0,0,True,True,False,20.956165183815692,-46.56848295188672,2.999908071732326,4.071664638574414,0.0,0.033802753529266406,0.01553813883071686,on,connected,True,synthetic_device_spec_v11
synthetic_customer_000,cabinet_000,2026-09-07 04:30:00+00:00,0,0,0,0,True,True,False,21.065241352346803,-47.475951802054716,3.003087179769401,4.007119771874692,0.0,0.0,0.0,on,connected,True,synthetic_device_spec_v11
synthetic_customer_000,cabinet_000,2026-09-07 04:40:00+00:00,0,0,0,0,True,True,False,19.963262870401884,-49.69850922193469,2.9920362219494328,4.0676078923330445,0.0,0.0,0.0034372652782140114,on,connected,True,synthetic_device_spec_v11
synthetic_customer_000,cabinet_000,2026-09-07 04:50:00+00:00,0,0,0,0,True,True,False,19.711184431371326,-48.788962630761354,3.0135191633558627,3.9713843193176106,0.08710386795276276,0.0,0.015431500203756564,on,connected,True,synthetic_device_spec_v11
synthetic_customer_000,cabinet_000,2026-09-07 05:00:00+00:00,0,0,0,0,True,True,False,18.95834980729861,-47.368472278389554,3.0152207423724997,3.882685633709933,0.0,0.0,0.0036036401358312325,on,connected,True,synthetic_device_spec_v11
synthetic_customer_000,cabinet_000,2026-09-07 05:10:00+00:00,0,0,0,0,True,True,False,18.696309529876928,-46.802224751569256,3.0122765560927798,3.9759294058098327,0.3012134741881437,0.003333888191282862,0.0,on,connected,True,synthetic_device_spec_v11
synthetic_customer_000,cabinet_000,2026-09-07 06:20:00+00:00,1,1,1,1,True,True,False,23.835210825775217,-47.68251029634105,2.6348181917859375,4.02313810403427,0.19044605010399823,0.04516607212058571,0.010089304164043912,on,connected,True,synthetic_device_spec_v11
synthetic_customer_000,cabinet_000,2026-09-07 06:30:00+00:00,1,1,1,1,True,True,False,24.169965565800585,-47.88892935009518,2.3810102442421197,3.9102197830545906,0.0,0.009994312510112142,0.0,on,connected,True,synthetic_device_spec_v11
synthetic_customer_000,cabinet_000,2026-09-07 06:40:00+00:00,0,0,0,0,True,True,False,24.204314063400926,-49.609327425171124,2.204346884460011,3.930862528039422,0.07388140995924054,0.016222895890681956,0.008202819801754095,on,connected,True,synthetic_device_spec_v11
synthetic_customer_000,cabinet_000,2026-09-07 06:50:00+00:00,0,0,0,0,True,True,False,24.07808407822882,-48.716132812569285,1.971451342590885,3.9751386893002625,0.0,0.0,0.01133143058925732,on,connected,True,synthetic_device_spec_v11
synthetic_customer_000,cabinet_000,2026-09-07 07:00:00+00:00,0,0,0,0,True,True,False,24.092457330394634,-47.87116940080456,1.8930394769940178,3.9777752075938446,0.6651790091973759,0.01397915328537902,0.0,on,connected,True,synthetic_device_spec_v11
synthetic_customer_000,cabinet_000,2026-09-07 07:10:00+00:00,0,0,0,0,True,True,False,24.07140732635775,-49.36107759396272,1.6967052030024394,4.165515138611346,0.0,0.0,0.0,on,connected,True,synthetic_device_spec_v11
synthetic_customer_000,cabinet_000,2026-09-07 07:20:00+00:00,0,0,0,0,True,True,False,24.14874692895503,-48.53919317971085,1.5051471798029417,4.148160377991008,0.9515469901519286,0.014604597691665314,0.0,on,connected,True,synthetic_device_spec_v11
synthetic_customer_000,cabinet_000,2026-09-07 07:30:00+00:00,0,0,0,0,True,True,False,23.962211078048302,-49.39753824032081,1.3390690982593643,3.9634883782763257,0.17730288882690778,0.0,0.021487213363851516,on,connected,True,synthetic_device_spec_v11
synthetic_customer_000,cabinet_000,2026-09-07 07:40:00+00:00,0,0,0,0,True,True,False,24.100955561729297,-47.995367594383104,1.1930744352245892,4.086021701182997,0.0,0.0015348037997368429,0.0,on,connected,True,synthetic_device_spec_v11
synthetic_customer_000,cabinet_000,2026-09-07 07:50:00+00:00,0,0,0,0,True,True,False,24.280775525970768,-47.1240691160564,0.977727064764347,4.00679740007172,0.0,0.008759874058825412,0.024110948994299115,on,connected,True,synthetic_device_spec_v11
synthetic_customer_000,cabinet_000,2026-09-07 08:00:00+00:00,0,0,0,0,True,True,False,23.91986138765975,-47.479097742049866,1.0099692320222688,4.019614934852177,0.5077286216089573,0.0,0.01738201589740024,on,connected,True,synthetic_device_spec_v11
synthetic_customer_000,cabinet_000,2026-09-07 08:10:00+00:00,0,0,0,0,True,True,False,24.128025576998375,-48.76423017412851,1.0065284008928095,4.039925841972032,0.8787231947899589,0.0,0.0,on,connected,True,synthetic_device_spec_v11
synthetic_customer_000,cabinet_000,2026-09-07 08:20:00+00:00,0,0,0,0,True,True,False,23.864177132696604,-48.53815048344607,1.0036364383994616,4.01582601085093,0.0,0.0,0.0,on,connected,True,synthetic_device_spec_v11
synthetic_customer_000,cabinet_000,2026-09-07 08:30:00+00:00,0,0,0,0,True,True,False,24.137990288189467,-46.912004498777634,0.9517436196325051,4.074527528530956,0.8313439095260241,0.030787490870513513,0.0,on,connected,True,synthetic_device_spec_v11
synthetic_customer_000,cabinet_000,2026-09-07 08:40:00+00:00,0,0,0,0,True,True,False,23.96698457720535,-48.69454332369703,1.027834717626997,4.035960842123524,0.16142078509204588,0.007080889506289824,0.028694952564617477,on,connected,True,synthetic_device_spec_v11
synthetic_customer_000,cabinet_000,2026-09-07 08:50:00+00:00,0,0,0,0,True,True,False,23.943961867851264,-47.86846391927538,0.953701652232116,4.047926644650953,0.0,0.06201675306758682,0.016027213824862916,on,connected,True,synthetic_device_spec_v11
synthetic_customer_000,cabinet_000,2026-09-07 09:00:00+00:00,0,0,0,0,True,True,False,24.157914590937413,-47.87252441867551,1.0029915896977417,3.8309923500322767,0.0,0.0,0.0,on,connected,True,synthetic_device_spec_v11
synthetic_customer_000,cabinet_000,2026-09-07 09:10:00+00:00,0,0,0,0,True,True,False,23.925997124003416,-47.722069384153635,0.9806153633690734,4.0325702515322694,0.8264904949613544,0.01227755154103325,0.004715674699485933,on,connected,True,synthetic_device_spec_v11
synthetic_customer_000,cabinet_000,2026-09-07 09:20:00+00:00,0,0,0,0,True,True,False,23.925299990784424,-49.318123719120464,3.001887204336851,4.045971988235006,0.27285096780383494,0.0,0.0,on,connected,True,synthetic_device_spec_v11
synthetic_customer_000,cabinet_000,2026-09-07 09:30:00+00:00,0,0,0,0,True,True,False,23.924790481228126,-48.25575274292532,3.0551128476355225,3.981964087865493,0.2506000723242158,0.02574366048449967,0.016349527445307203,on,connected,True,synthetic_device_spec_v11
synthetic_customer_000,cabinet_000,2026-09-07 09:40:00+00:00,0,0,0,0,True,True,False,24.02456612279468,-48.33796940460002,2.9587402733213137,4.034008280061075,0.17781007185837802,0.004181811294769666,0.0,on,connected,True,synthetic_device_spec_v11
synthetic_customer_000,cabinet_000,2026-09-07 09:50:00+00:00,0,0,0,0,True,True,False,24.013307363881133,-49.173663291548124,2.982516058009222,3.9349890502110125,0.0,0.0,0.020512295025306895,on,connected,True,synthetic_device_spec_v11
synthetic_customer_000,cabinet_000,2026-09-07 10:00:00+00:00,0,0,0,0,True,True,False,24.037157214624234,-48.894454582488855,3.0690555102860713,4.050862899008063,0.0,0.013952969353837545,0.013675777000985122,on,connected,True,synthetic_device_spec_v11
synthetic_customer_000,cabinet_000,2026-09-07 10:10:00+00:00,0,0,0,0,True,True,False,24.13119143615245,-47.050698833344065,2.9443652467159604,4.020345991548479,0.0,0.014220737561705147,0.0,on,connected,True,synthetic_device_spec_v11
synthetic_customer_000,cabinet_000,2026-09-07 10:20:00+00:00,0,0,0,0,True,True,False,24.08229461856465,-48.059261425478404,2.9710958484977965,4.034935055280148,0.0,0.0,0.01794881851765545,on,connected,True,synthetic_device_spec_v11
synthetic_customer_000,cabinet_000,2026-09-07 10:30:00+00:00,0,0,0,0,True,True,False,24.16887228346669,-46.75672413354463,2.9266758759855236,3.93699536454112,0.0,0.03894805294428975,0.0,on,connected,True,synthetic_device_spec_v11
synthetic_customer_000,cabinet_000,2026-09-07 10:40:00+00:00,0,0,0,0,True,True,False,23.91492937931149,-48.992099853128934,2.9949515986640893,3.9218323714585335,0.0,0.011140682721363145,0.0321841194600533,on,connected,True,synthetic_device_spec_v11
synthetic_customer_000,cabinet_000,2026-09-07 10:50:00+00:00,0,0,0,0,True,True,False,24.05198554882601,-47.81418555196604,3.0027292160319035,3.925502512619726,0.24929020835755195,0.04256208571342082,0.008382552392703638,on,connected,True,synthetic_device_spec_v11
synthetic_customer_000,cabinet_000,2026-09-07 11:00:00+00:00,0,0,0,0,True,True,False,24.010770871875337,-47.74072751667059,3.0012155152503834,3.980345782149703,0.24933323136022095,0.027431887844472327,0.0,on,connected,True,synthetic_device_spec_v11
synthetic_customer_000,cabinet_000,2026-09-07 11:10:00+00:00,0,0,0,0,True,True,False,23.9764801799825,-47.257223371207814,3.0968466015940868,4.042248612151577,0.0,0.0,0.0,on,connected,True,synthetic_device_spec_v11
synthetic_customer_000,cabinet_000,2026-09-07 11:20:00+00:00,0,0,0,0,True,True,False,23.87760546933042,-48.932388777152994,3.0425373768350705,3.849046060229696,0.08398554222020316,0.020858940653823505,0.0029269822925743947,on,connected,True,synthetic_device_spec_v11
synthetic_customer_000,cabinet_000,2026-09-07 11:30:00+00:00,0,0,0,0,True,True,False,24.137428938653972,-49.48838179944481,3.0464334186702287,4.135283059121308,0.0,0.0,0.0,on,connected,True,synthetic_device_spec_v11
synthetic_customer_000,cabinet_000,2026-09-07 11:40:00+00:00,0,0,0,0,True,True,False,23.888406853074564,-47.292869291760354,2.980906415085348,3.9991613035850646,0.0,0.0,0.0,on,connected,True,synthetic_device_spec_v11
synthetic_customer_000,cabinet_000,2026-09-07 11:50:00+00:00,0,0,0,0,True,True,False,24.174293269726025,-48.34220336561656,3.027086374602204,4.106142426112013,0.0,0.028918138295987873,0.0,on,connected,True,synthetic_device_spec_v11
synthetic_customer_000,cabinet_000,2026-09-07 12:00:00+00:00,0,0,0,0,True,True,False,23.989020643406455,-48.52469219721003,2.9887100111764298,3.934508134166736,0.603397857037268,0.01693210554176165,0.011046201340173699,on,connected,True,synthetic_device_spec_v11
synthetic_customer_000,cabinet_000,2026-09-07 12:10:00+00:00,1,1,1,1,True,True,False,23.959229920549767,-49.094222353824705,3.0141695240996556,4.0127315561462185,0.8895565210787822,0.0,0.00033034396273105165,on,connected,True,synthetic_device_spec_v11
synthetic_customer_000,cabinet_000,2026-09-07 12:20:00+00:00,1,1,1,1,True,True,False,24.12528956909057,-47.68025978873212,2.983865294132854,4.05994325417191,0.051353287843537286,0.024295911221200048,0.0,on,connected,True,synthetic_device_spec_v11
synthetic_customer_000,cabinet_000,2026-09-07 12:30:00+00:00,1,1,1,1,True,True,False,24.011050587905576,-47.09502903175286,2.9007980242102147,4.0968564529773674,0.6401480531097289,0.0,0.0,on,connected,True,synthetic_device_spec_v11
synthetic_customer_000,cabinet_000,2026-09-07 12:40:00+00:00,0,0,0,0,True,True,False,24.0945125967347,-48.90762162369161,2.986940831752494,4.080114644756749,1.0636531943827197,0.004306107060941852,0.01686099394674824,on,connected,True,synthetic_device_spec_v11
synthetic_customer_000,cabinet_000,2026-09-07 12:50:00+00:00,0,0,0,0,True,True,False,23.93905771390711,-48.576944982775856,2.9585851321722307,4.012738932872655,1.0201131123823104,0.0,0.0,on,connected,True,synthetic_device_spec_v11
synthetic_customer_000,cabinet_000,2026-09-07 13:00:00+00:00,0,0,0,0,True,True,False,24.016598632409192,-48.86849222403696,3.00253318209533,3.9924087633438132,0.0,0.027947938321400093,0.0,on,connected,True,synthetic_device_spec_v11
synthetic_customer_000,cabinet_000,2026-09-07 13:10:00+00:00,0,0,0,0,True,True,False,23.98758353839361,-48.4474191582837,2.974791352428305,4.122093325628201,0.0,0.0,0.015338458832685531,on,connected,True,synthetic_device_spec_v11
synthetic_customer_000,cabinet_000,2026-09-07 13:20:00+00:00,0,0,0,0,True,True,False,24.13772801948158,-47.98310331852752,3.028451256335324,3.9731933751554607,0.6751754311564824,0.0,0.0,on,connected,True,synthetic_device_spec_v11
synthetic_customer_000,cabinet_000,2026-09-07 13:30:00+00:00,0,0,0,0,True,True,False,24.032995868394288,-48.60894348211173,3.077589773347873,4.036498916565471,0.09811470400397636,0.011818576795231961,0.022949108194885735,on,connected,True,synthetic_device_spec_v11
synthetic_customer_000,cabinet_000,2026-09-07 13:40:00+00:00,0,0,0,0,True,True,False,23.811126943059083,-46.862127732741605,2.9586944712312486,4.024437404877585,1.293445170250757,0.0,0.0,on,connected,True,synthetic_device_spec_v11
synthetic_customer_000,cabinet_000,2026-09-07 13:50:00+00:00,0,0,0,0,True,True,False,23.98550736541902,-48.91845042879698,2.9533960502022905,3.9772464676477868,3.0131248531787196,0.023096458226699215,0.005871513947606152,on,connected,True,synthetic_device_spec_v11
synthetic_customer_000,cabinet_000,2026-09-07 14:00:00+00:00,0,0,0,0,True,True,False,23.91592847075388,-53.92709754702433,3.0568422213653967,4.097427095929733,4.166504896433783,0.016534284508155965,0.0,on,connected,True,synthetic_device_spec_v11
synthetic_customer_000,cabinet_000,2026-09-07 14:10:00+00:00,0,0,0,0,True,True,False,23.923322004756216,-54.86334223922814,3.0223693638247573,4.018686836455157,5.854116944075041,0.09969167186581321,0.004293329262469327,on,connected,True,synthetic_device_spec_v11
synthetic_customer_000,cabinet_000,2026-09-07 14:20:00+00:00,0,0,0,0,True,True,False,23.677223599495083,-55.04676183117599,3.019468959803036,3.985149548613887,6.503300607976583,0.1180283744687445,0.0,on,connected,True,synthetic_device_spec_v11
synthetic_customer_000,cabinet_000,2026-09-07 14:30:00+00:00,0,0,0,0,True,True,False,23.86224800543017,-57.940290039679795,2.9597726406836036,4.098549072162663,8.887899138823713,0.20939821687094612,0.0,on,connected,True,synthetic_device_spec_v11
synthetic_customer_000,cabinet_000,2026-09-07 14:40:00+00:00,0,0,0,0,True,True,False,24.335103732392863,-60.85861283618135,2.984838171180633,4.158940702778751,8.84066203602828,0.2397913894135097,0.0,on,connected,True,synthetic_device_spec_v11
synthetic_customer_000,cabinet_000,2026-09-07 14:50:00+00:00,0,0,0,0,True,True,False,24.053275498248816,-61.68980978394695,3.036772639744116,3.9820097611841736,10.421572855628419,0.2626115126044996,0.005699996141819738,on,connected,True,synthetic_device_spec_v11
synthetic_customer_000,cabinet_000,2026-09-07 15:00:00+00:00,0,0,0,0,True,True,False,23.988018632620932,-65.31348786530033,3.017938044669265,4.107275690170064,12.712770097857753,0.32682260830650095,0.0,on,connected,True,synthetic_device_spec_v11
synthetic_customer_000,cabinet_000,2026-09-07 15:10:00+00:00,0,0,0,0,True,True,False,23.953031378862104,-68.3472975872659,2.9502448879878447,3.9572378035009717,14.108625119950679,0.33676990328452044,0.0041044468495545616,on,connected,True,synthetic_device_spec_v11
synthetic_customer_000,cabinet_000,2026-09-07 15:20:00+00:00,0,0,0,0,True,True,False,24.132036244081977,-67.24524421282102,2.988567692129612,4.030748502386032,14.32281249072527,0.3715763728316303,0.0,on,connected,True,synthetic_device_spec_v11
synthetic_customer_000,cabinet_000,2026-09-07 15:30:00+00:00,0,0,0,0,True,True,False,24.00708895459632,-71.60015032722441,2.9769830314351595,4.267447503601362,15.644644550699498,0.40326164118567875,0.02519922844263643,on,connected,True,synthetic_device_spec_v11
synthetic_customer_000,cabinet_000,2026-09-07 15:40:00+00:00,0,0,0,0,True,True,False,24.069331741195942,-73.6223928157945,2.9564458285816544,4.323102514113678,17.61750971097162,0.5027548511712749,0.06177325755762413,on,connected,True,synthetic_device_spec_v11
synthetic_customer_000,cabinet_000,2026-09-07 15:50:00+00:00,0,0,0,0,True,True,False,23.7772303017027,-76.01212438847645,3.0207616713861047,4.900440974906384,20.053953133061114,0.46460018569068573,0.08026688540956484,on,connected,True,synthetic_device_spec_v11
synthetic_customer_000,cabinet_000,2026-09-07 16:00:00+00:00,0,0,0,0,True,True,False,23.88397421852866,-75.86478644381786,3.0408630807714645,5.091356271046624,20.166223668342884,0.5391598270925245,0.14313369222106517,on,connected,True,synthetic_device_spec_v11
synthetic_customer_000,cabinet_000,2026-09-07 16:10:00+00:00,0,0,0,0,True,True,False,24.049047736059496,-80.5419650915559,2.96856423238933,5.331163644443583,22.378738193649482,0.557228710964533,0.17899875929249728,on,connected,True,synthetic_device_spec_v11
synthetic_customer_000,cabinet_000,2026-09-07 16:20:00+00:00,0,0,0,0,True,True,False,24.036584912344324,-82.79229568683567,3.0126092990725946,5.72948125411633,23.202190340101698,0.630928310521266,0.26003040587847537,on,connected,True,synthetic_device_spec_v11
synthetic_customer_000,cabinet_000,2026-09-07 16:30:00+00:00,0,0,0,0,True,True,False,23.709360306134148,-83.21803852238989,3.052141113956388,6.1408436558977675,25.108347578082736,0.6373496595018748,0.2669542980091728,on,connected,True,synthetic_device_spec_v11
synthetic_customer_000,cabinet_000,2026-09-07 18:00:00+00:00,0,0,0,0,True,True,False,23.693282982980016,-47.45179924396083,2.98569691362275,6.996942155286218,0.02191357205737716,0.0,0.38140648043761327,on,connected,True,synthetic_device_spec_v11
synthetic_customer_000,cabinet_000,2026-09-07 18:10:00+00:00,0,1,1,0,True,True,False,24.031489909584746,-47.160301556371934,2.990474362587668,7.165156890981327,0.48373505108519144,0.0,0.39308924529876504,on,connected,True,synthetic_device_spec_v11
synthetic_customer_000,cabinet_000,2026-09-07 18:20:00+00:00,0,1,1,0,True,True,False,23.97715047458248,-48.69215444323871,3.0486901974325193,6.994075387721098,0.0,0.0,0.41041054913354325,on,connected,True,synthetic_device_spec_v11
synthetic_customer_000,cabinet_000,2026-09-07 18:30:00+00:00,1,1,1,1,True,True,False,23.943217846965087,-46.35126041190644,2.9856951153656226,4.096987198316105,0.24725789702242154,0.014397961224036446,0.003104085004728129,on,connected,True,synthetic_device_spec_v11
synthetic_customer_000,cabinet_000,2026-09-07 18:40:00+00:00,0,0,0,0,True,True,False,24.027780295516713,-47.64148265855356,3.0114208999122267,4.002044805269227,0.0,0.023977266294951803,0.008935752056788187,on,connected,True,synthetic_device_spec_v11
synthetic_customer_000,cabinet_000,2026-09-07 18:50:00+00:00,0,0,0,0,True,True,False,23.886460399869122,-48.12764127298968,3.0023728899956903,4.0128858944356045,0.004689744904445225,0.02290409864931235,0.01300831193570626,on,connected,True,synthetic_device_spec_v11
synthetic_customer_000,cabinet_000,2026-09-07 19:00:00+00:00,0,0,0,0,True,True,False,24.01245005041903,-47.990871386959505,3.0023777455766827,3.99850653110952,0.3300439497191735,0.0,0.0,on,connected,True,synthetic_device_spec_v11
synthetic_customer_000,cabinet_000,2026-09-07 19:10:00+00:00,0,0,0,0,True,True,False,23.92609293821823,-46.50274669951023,2.991086708223535,4.037313112467851,0.03306859494112753,0.03220036901519112,0.0179555661842011,on,connected,True,synthetic_device_spec_v11
synthetic_customer_000,cabinet_000,2026-09-07 19:20:00+00:00,0,0,0,0,True,True,False,23.951817781617134,-48.84453748782613,2.977839405053648,3.9050256403187893,0.0,0.0,0.0,on,connected,True,synthetic_device_spec_v11
synthetic_customer_000,cabinet_000,2026-09-07 19:30:00+00:00,0,0,0,0,True,True,False,23.903091571098685,-47.39586465210179,3.0098301694294594,4.027471663216973,0.4837393285184176,0.0,0.0,on,connected,True,synthetic_device_spec_v11
synthetic_customer_000,cabinet_000,2026-09-07 19:40:00+00:00,0,0,0,0,True,True,False,23.968768359336586,-46.17789297811283,3.0221622138985116,4.028868140436223,0.0,0.010807770920682282,0.0,on,connected,True,synthetic_device_spec_v11
synthetic_customer_000,cabinet_000,2026-09-07 19:50:00+00:00,0,0,0,0,True,True,False,23.863578052995177,-48.375288588882114,2.953676714431424,4.046499765226256,0.10218103407606835,0.021670027210531947,0.0,on,connected,True,synthetic_device_spec_v11
synthetic_customer_000,cabinet_000,2026-09-07 20:00:00+00:00,0,0,0,0,True,True,False,24.032115367898527,-48.815581161286175,2.998729487520961,3.9928656665362268,0.040169216564439655,0.0,0.004325344331729833,on,connected,True,synthetic_device_spec_v11
synthetic_customer_000,cabinet_000,2026-09-07 20:10:00+00:00,0,0,0,0,True,True,False,23.817022262958904,-48.835056627679045,3.0548428365400353,4.033051489272481,0.0,0.009493711068317486,0.00011758927518089459,on,connected,True,synthetic_device_spec_v11
synthetic_customer_000,cabinet_000,2026-09-07 20:20:00+00:00,0,0,0,0,True,True,False,24.00436358979379,-48.85037492772968,3.00534195124183,4.006607127553054,0.0240217316912162,0.0,0.0,on,connected,True,synthetic_device_spec_v11
synthetic_customer_000,cabinet_000,2026-09-07 20:30:00+00:00,0,0,0,0,True,True,False,24.002183454308575,-45.80117877721911,3.00644100173002,3.9664574888822584,1.3078923229230903,0.0,0.0,on,connected,True,synthetic_device_spec_v11
synthetic_customer_000,cabinet_000,2026-09-07 20:40:00+00:00,0,0,0,0,True,True,False,24.110863797065633,-48.22761133004575,2.9790850715804633,4.100080873298486,1.3932680422022292,0.0,0.0,on,connected,True,synthetic_device_spec_v11
synthetic_customer_000,cabinet_000,2026-09-07 20:50:00+00:00,0,0,0,0,True,True,False,23.86590462692808,-47.89805142305311,2.9727797313415856,4.078035587117711,0.6066613838421195,0.03411084535187866,0.0,on,connected,True,synthetic_device_spec_v11
synthetic_customer_000,cabinet_000,2026-09-07 21:00:00+00:00,0,0,0,0,True,True,False,23.879084246986334,-48.49672334284316,3.008494023982572,3.932914638626019,0.0,0.024811157629937946,0.0,on,connected,True,synthetic_device_spec_v11
synthetic_customer_000,cabinet_000,2026-09-07 21:10:00+00:00,0,0,0,0,True,True,False,23.966864963312776,-47.89008621661884,2.9970360899928226,3.915281384561703,0.0,0.0,0.0,on,connected,True,synthetic_device_spec_v11
synthetic_customer_000,cabinet_000,2026-09-07 21:20:00+00:00,0,0,0,0,True,True,False,23.891470655773535,-47.932718581763126,3.0217866760698855,4.007658205389122,0.0,0.007679182561212557,0.00044510479199093343,on,connected,True,synthetic_device_spec_v11
synthetic_customer_000,cabinet_000,2026-09-07 21:30:00+00:00,0,0,0,0,True,True,False,23.848660296037586,-46.149315515141645,3.024332831663041,4.105435279085464,0.0,0.0,0.02094102578644438,on,connected,True,synthetic_device_spec_v11
synthetic_customer_000,cabinet_000,2026-09-07 21:40:00+00:00,0,0,0,0,True,True,False,23.745302071180667,-47.84752435037645,2.984951575850502,3.9925550366891334,0.27889042398771985,0.0,0.003054942665500598,on,connected,True,synthetic_device_spec_v11
synthetic_customer_000,cabinet_000,2026-09-07 21:50:00+00:00,0,0,0,0,True,True,False,23.986989801936303,-45.91896013370195,3.028808804835705,3.9849038938477443,0.3348288721574013,0.0,0.0,on,connected,True,synthetic_device_spec_v11
synthetic_customer_000,cabinet_000,2026-09-07 22:00:00+00:00,0,0,0,0,True,True,False,24.100552646831662,-47.74247070799227,2.9636133677406873,3.9833659448280367,0.0,0.022216841042534352,0.02572683370467797,on,connected,True,synthetic_device_spec_v11
synthetic_customer_000,cabinet_000,2026-09-07 22:10:00+00:00,0,0,0,0,True,True,False,23.95909482426449,-48.06939517666091,2.9385297267029955,3.968247380845411,0.0,0.007110814612759937,0.0,on,connected,True,synthetic_device_spec_v11
synthetic_customer_000,cabinet_000,2026-09-07 22:20:00+00:00,0,0,0,0,True,True,False,23.812421850656325,-47.86033970412471,3.0573582113394546,4.066327838076695,0.0,0.0,0.01886577253011362,on,connected,True,synthetic_device_spec_v11
synthetic_customer_000,cabinet_000,2026-09-07 22:30:00+00:00,0,0,0,0,True,True,False,23.987411708276777,-46.61657937835571,2.9680275237327516,3.961169367823545,0.23710738057529188,0.0017960538551071198,0.0,on,connected,True,synthetic_device_spec_v11
synthetic_customer_000,cabinet_000,2026-09-07 22:40:00+00:00,0,0,0,0,True,True,False,24.249479137926244,-48.38714589453532,3.015463325372777,4.0923899650507405,0.07704693731612508,0.0,0.011307493898183063,on,connected,True,synthetic_device_spec_v11
synthetic_customer_000,cabinet_000,2026-09-07 22:50:00+00:00,0,0,0,0,True,True,False,24.06845981499926,-48.314938180277544,3.040416495706348,3.940952235097918,0.27565700689945905,0.0,0.0,on,connected,True,synthetic_device_spec_v11
synthetic_customer_000,cabinet_000,2026-09-07 23:00:00+00:00,0,0,0,0,True,True,False,23.854319597086796,-48.80217760770444,3.05138395760644,3.9141790375665164,0.0,0.0,0.0,on,connected,True,synthetic_device_spec_v11
synthetic_customer_000,cabinet_000,2026-09-07 23:10:00+00:00,0,0,0,0,True,True,False,23.960021719456726,-45.64949050867049,3.0116156138759314,4.042430793819558,0.0,0.008142494759454541,0.005247043344984685,on,connected,True,synthetic_device_spec_v11
synthetic_customer_000,cabinet_000,2026-09-07 23:20:00+00:00,0,0,0,0,True,True,False,24.177639433803538,-48.20871207537813,2.942131112326983,4.01339030541519,0.1716722361197902,0.0,0.006686655965208309,on,connected,True,synthetic_device_spec_v11
synthetic_customer_000,cabinet_000,2026-09-07 23:30:00+00:00,0,0,0,0,True,True,False,23.955151774494883,-46.67594906186042,2.970011752321966,4.059867797491527,0.0,0.020103187802397088,0.0,on,connected,True,synthetic_device_spec_v11
synthetic_customer_000,cabinet_000,2026-09-07 23:40:00+00:00,0,0,0,0,True,True,False,23.95946993464738,-48.26104405629263,3.0322104349040133,4.034595633975353,0.03998722491387848,0.03766266192921662,0.020351964376526182,on,connected,True,synthetic_device_spec_v11
synthetic_customer_000,cabinet_000,2026-09-07 23:50:00+00:00,0,0,0,0,True,True,False,23.910289707475055,-50.03174817495421,3.0002074534321865,4.035164111615531,0.0,0.024523830690067864,0.05622417271962234,on,connected,True,synthetic_device_spec_v11
synthetic_customer_000,cabinet_000,2026-09-08 00:00:00+00:00,0,0,0,0,True,True,False,23.946272663866672,-48.42573864331922,2.933731362249296,4.072921854505644,0.12241375386249735,0.01905928265153477,0.003148645214795728,on,connected,True,synthetic_device_spec_v11
synthetic_customer_000,cabinet_000,2026-09-08 00:10:00+00:00,1,1,1,1,True,True,False,23.940406139710056,-47.39096150533299,2.9623941375523137,3.95291030131122,0.27836181927952636,0.009729088074496258,0.010879699449218792,on,connected,True,synthetic_device_spec_v11
synthetic_customer_000,cabinet_000,2026-09-08 00:20:00+00:00,1,1,1,1,True,True,False,24.02195949919925,-49.389580681635536,2.938212847020446,3.9756633850525587,0.0,0.0,0.012665878367042483,on,connected,True,synthetic_device_spec_v11
synthetic_customer_000,cabinet_000,2026-09-08 00:30:00+00:00,1,1,1,1,True,True,False,23.926639659393352,-47.867416298352644,2.946971668701854,3.9674571417214928,0.0,0.0048786609641164784,0.0,on,connected,True,synthetic_device_spec_v11
synthetic_customer_000,cabinet_000,2026-09-08 00:40:00+00:00,0,0,0,0,True,True,False,24.350620860913047,-48.35877899875852,2.9944893510243324,3.9098570513842907,0.0,0.005751091232584986,0.0,on,connected,True,synthetic_device_spec_v11
synthetic_customer_000,cabinet_000,2026-09-08 00:50:00+00:00,0,0,0,0,True,True,False,23.77494113900734,-48.79906598531091,2.942008247891646,4.030293397396174,0.24492394252032268,0.0,0.025872246093259804,on,connected,True,synthetic_device_spec_v11
synthetic_customer_000,cabinet_000,2026-09-08 01:00:00+00:00,0,0,0,0,True,True,False,23.79435020724404,-48.45158407673258,2.8942213289715886,4.03025217580515,0.31079214199076494,0.007642996816487032,0.0,on,connected,True,synthetic_device_spec_v11
synthetic_customer_000,cabinet_000,2026-09-08 01:10:00+00:00,0,0,0,0,True,True,False,23.836559444316496,-48.30628184763397,2.9360485391313715,3.977083121653687,0.0,0.0,0.0,on,connected,True,synthetic_device_spec_v11
synthetic_customer_000,cabinet_000,2026-09-08 01:20:00+00:00,0,0,0,0,True,True,False,24.086220740510317,-46.73831397765763,2.8503816441244254,3.9841110302688403,0.0,0.02777812963625946,0.0,on,connected,True,synthetic_device_spec_v11
synthetic_customer_000,cabinet_000,2026-09-08 01:30:00+00:00,0,0,0,0,True,True,False,24.163333214694287,-48.541131102313834,2.699604282739874,4.026715412892349,0.06030376350070763,0.022464924560225644,0.012409241216255192,on,connected,True,synthetic_device_spec_v11
synthetic_customer_000,cabinet_000,2026-09-08 01:40:00+00:00,0,0,0,0,True,True,False,24.008717567378586,-46.566108724538374,2.774297706413246,3.9412427697476637,0.11059218371066486,0.022632174523012253,0.0,on,connected,True,synthetic_device_spec_v11
synthetic_customer_000,cabinet_000,2026-09-08 01:50:00+00:00,0,0,0,0,True,True,False,24.159752364060555,-48.43279888923381,2.6024099325690115,3.893391509435311,0.0,0.026713976962655317,0.0,on,connected,True,synthetic_device_spec_v11
synthetic_customer_000,cabinet_000,2026-09-08 02:00:00+00:00,0,0,0,0,True,True,False,24.08637697258106,-47.3980904694255,2.7293892807786553,3.9243445775548707,0.5217496955051109,0.0,0.0,on,connected,True,synthetic_device_spec_v11
synthetic_customer_000,cabinet_000,2026-09-08 02:10:00+00:00,0,0,0,0,True,True,False,24.19131704070536,-48.01145097617874,2.5786497036703335,3.9150161748899737,0.0,0.004688204223285485,0.0,on,connected,True,synthetic_device_spec_v11
synthetic_customer_000,cabinet_000,2026-09-08 02:20:00+00:00,0,0,0,0,True,True,False,24.08641241951317,-46.5449601676414,2.533624504921209,3.9928947050980024,0.34428089479977586,0.0,0.0,on,connected,True,synthetic_device_spec_v11
synthetic_customer_000,cabinet_000,2026-09-08 02:30:00+00:00,0,0,0,0,True,True,False,24.030951251084197,-49.68708087342487,2.498123985984352,3.8247565379576076,0.0,0.0,0.008186588048557472,on,connected,True,synthetic_device_spec_v11
synthetic_customer_000,cabinet_000,2026-09-08 02:40:00+00:00,0,0,0,0,True,True,False,24.135735936795967,-48.03328604108009,2.4091954464110596,3.8603925322581243,0.0,0.011243519114449395,0.0006205925828291162,on,connected,True,synthetic_device_spec_v11
synthetic_customer_000,cabinet_000,2026-09-08 02:50:00+00:00,0,0,0,0,True,True,False,24.03494223716606,-49.62479206401628,2.3882663513210303,4.005908051033343,0.0,0.0,0.006916932565432639,on,connected,True,synthetic_device_spec_v11
synthetic_customer_000,cabinet_000,2026-09-08 03:00:00+00:00,0,0,0,0,True,True,False,23.908070034268018,-47.243202464046256,2.3963618585592066,3.96660020599332,0.0,0.01856155818196822,0.0,on,connected,True,synthetic_device_spec_v11
synthetic_customer_000,cabinet_000,2026-09-08 03:10:00+00:00,0,0,0,0,True,True,False,24.006773922674217,-48.876912229078265,2.2431297283885896,4.011704832716885,0.5751694272917499,0.0,0.017447222920334373,on,connected,True,synthetic_device_spec_v11
synthetic_customer_000,cabinet_000,2026-09-08 03:20:00+00:00,0,0,0,0,True,True,False,24.026501335940733,-47.43810539555292,2.1848608358121004,3.935284401719083,0.0,0.02248590326183277,0.006332200910083575,on,connected,True,synthetic_device_spec_v11
synthetic_customer_000,cabinet_000,2026-09-08 03:30:00+00:00,0,0,0,0,True,True,False,24.1487850073732,-48.19839985814223,2.221522225002579,3.9792270886557057,0.0,0.0,0.014697658323678857,on,connected,True,synthetic_device_spec_v11
synthetic_customer_000,cabinet_000,2026-09-08 03:40:00+00:00,0,0,0,0,True,True,False,23.916637085351883,-49.46871848178582,2.2475066098122958,3.981886261796694,0.051214739052144714,0.0,0.01837449084808761,on,connected,True,synthetic_device_spec_v11
synthetic_customer_000,cabinet_000,2026-09-08 03:50:00+00:00,0,0,0,0,True,True,False,24.08246928023181,-45.64040106761311,2.1679018737176823,4.014891003662149,0.0,0.0,0.0,on,connected,True,synthetic_device_spec_v11
synthetic_customer_000,cabinet_000,2026-09-08 04:00:00+00:00,0,0,0,0,True,True,False,24.146304029587018,-48.29706501299826,2.1749484942342474,4.036231928828338,0.0,0.0172696724398205,0.0,on,connected,True,synthetic_device_spec_v11
synthetic_customer_000,cabinet_000,2026-09-08 04:10:00+00:00,0,0,0,0,True,True,False,23.992155137344785,-48.526275294617385,2.219800452470348,3.964796680998206,0.0,0.004061858039618894,0.01097283059778435,on,connected,True,synthetic_device_spec_v11
synthetic_customer_000,cabinet_000,2026-09-08 04:20:00+00:00,0,0,0,0,True,True,False,24.00693537335183,-47.43663588809679,2.148161828006639,4.090494366469071,0.9504556228009805,0.0,0.0,on,connected,True,synthetic_device_spec_v11
synthetic_customer_000,cabinet_000,2026-09-08 04:30:00+00:00,0,0,0,0,True,True,False,24.048498133662594,-48.69831277628018,2.990577379900786,4.024240798410309,0.0,0.0012660965975246844,0.0,on,connected,True,synthetic_device_spec_v11
synthetic_customer_000,cabinet_000,2026-09-08 04:40:00+00:00,0,0,0,0,True,True,False,23.984072326445208,-47.198309557017794,2.974681887428527,4.033009888878014,0.0,0.0,0.005022523623258872,on,connected,True,synthetic_device_spec_v11
synthetic_customer_000,cabinet_000,2026-09-08 04:50:00+00:00,0,0,0,0,True,True,False,24.282725818994532,-47.36098702280969,2.9917225273050305,3.9633533556471243,0.23671608753689627,0.010332471796237565,0.0,on,connected,True,synthetic_device_spec_v11
synthetic_customer_000,cabinet_000,2026-09-08 05:00:00+00:00,0,0,0,0,True,True,False,23.924314850273667,-47.57157580737916,2.9731716196616484,4.0078512738345955,0.0,0.0,0.0002973551999171271,on,connected,True,synthetic_device_spec_v11
synthetic_customer_000,cabinet_000,2026-09-08 05:10:00+00:00,0,0,0,0,True,True,False,24.146246857795717,-46.333441886052334,3.020919026204463,4.0751271756218435,0.0,0.0,0.0,on,connected,True,synthetic_device_spec_v11
synthetic_customer_000,cabinet_000,2026-09-08 05:20:00+00:00,0,0,0,0,True,True,False,24.127594062552543,-48.22404680472721,3.055033376024936,3.9670105227383905,0.0,0.01690961546163345,0.0,on,connected,True,synthetic_device_spec_v11
synthetic_customer_000,cabinet_000,2026-09-08 05:30:00+00:00,0,0,0,0,True,True,False,23.908411935732868,-47.86978576311037,2.9409083549903965,3.99155696567121,0.9175870842983254,0.0,0.0,on,connected,True,synthetic_device_spec_v11
synthetic_customer_000,cabinet_000,2026-09-08 05:40:00+00:00,0,0,0,0,True,True,False,24.168507063124537,-48.80506854189627,3.0160111618408876,4.0294648860736135,0.4988507249259462,0.0,0.010119176820098105,on,connected,True,synthetic_device_spec_v11
synthetic_customer_000,cabinet_000,2026-09-08 05:50:00+00:00,0,0,0,0,True,True,False,24.13328531951506,-46.47626632696119,2.9897932014252846,3.9901678495468116,0.0,0.0,0.0,on,connected,True,synthetic_device_spec_v11
synthetic_customer_000,cabinet_000,2026-09-08 06:00:00+00:00,0,0,0,0,True,True,False,23.956088821543315,-48.65621018514695,3.006188791168401,4.128421117687539,0.0,0.0006622393072024757,0.0,on,connected,True,synthetic_device_spec_v11
synthetic_customer_000,cabinet_000,2026-09-08 06:10:00+00:00,1,1,1,1,True,True,False,24.275427427191598,-47.591192222633524,3.0658186966558727,4.053515800103373,0.0,0.0,0.010672832356189347,on,connected,True,synthetic_device_spec_v11
synthetic_customer_000,cabinet_000,2026-09-08 06:20:00+00:00,1,1,1,1,True,True,False,24.1733007623327,-49.622589660179116,3.0055528254687762,3.9111688743360933,0.0,0.06125429573304606,0.007822199185740324,on,connected,True,synthetic_device_spec_v11
synthetic_customer_000,cabinet_000,2026-09-08 06:30:00+00:00,1,1,1,1,True,True,False,24.15277323825333,-47.90306980885298,3.0587996048869073,3.965280171769304,0.2917508083393323,0.03671209740883699,0.0,on,connected,True,synthetic_device_spec_v11
synthetic_customer_000,cabinet_000,2026-09-08 06:40:00+00:00,0,0,0,0,True,True,False,24.18339483010351,-49.07160970688239,2.949115203595629,4.0507640284635045,0.0,0.0,0.0,on,connected,True,synthetic_device_spec_v11
synthetic_customer_000,cabinet_000,2026-09-08 06:50:00+00:00,0,0,0,0,True,True,False,23.77939565022061,-48.60871038349379,2.969445695607288,3.989553859449455,0.14452421644608462,0.0,0.03677191832653322,on,connected,True,synthetic_device_spec_v11
synthetic_customer_000,cabinet_000,2026-09-08 07:00:00+00:00,0,0,0,0,True,True,False,24.1276043414024,-46.87295358029805,3.012196239890779,4.011452996996632,0.0,0.0,0.0,on,connected,True,synthetic_device_spec_v11
synthetic_customer_000,cabinet_000,2026-09-08 07:10:00+00:00,0,0,0,0,True,True,False,24.042709467027723,-47.97604718793098,2.9795914820189933,3.9995883623660347,0.13397746054999551,0.0006796457538355187,0.010249747302297758,on,connected,True,synthetic_device_spec_v11
synthetic_customer_000,cabinet_000,2026-09-08 07:20:00+00:00,0,0,0,0,True,True,False,23.976212835112026,-48.45371072152561,3.00241416557641,4.056595740954255,0.0,0.0,0.0,on,connected,True,synthetic_device_spec_v11
synthetic_customer_000,cabinet_000,2026-09-08 07:30:00+00:00,0,0,0,0,True,True,False,24.12852161538044,-48.54351796677226,2.975799495158396,4.031068796743081,0.1940540242168299,0.021857541409742304,0.0,on,connected,True,synthetic_device_spec_v11
synthetic_customer_000,cabinet_000,2026-09-08 07:40:00+00:00,0,0,0,0,True,True,False,23.99312331052979,-47.23778425348431,2.9647780015496954,3.956384674359195,0.5678309573599278,0.0,0.0,on,connected,True,synthetic_device_spec_v11
synthetic_customer_000,cabinet_000,2026-09-08 07:50:00+00:00,0,0,0,0,True,True,False,23.869593536683457,-47.59463412121782,3.0088917189645374,3.9693167412078103,0.14275728267694832,0.020504889100017507,0.0,on,connected,True,synthetic_device_spec_v11
synthetic_customer_000,cabinet_000,2026-09-08 08:00:00+00:00,0,0,0,0,True,True,False,24.082709577713977,-48.05677235759542,2.99207578832131,4.0380237675481,0.0,0.019245237919971524,0.010375321967075187,on,connected,True,synthetic_device_spec_v11
synthetic_customer_000,cabinet_000,2026-09-08 08:10:00+00:00,0,0,0,0,True,True,False,24.09844666448254,-47.404057317462694,2.930068911158258,3.9968498727602895,0.0,0.0,0.004450568624854914,on,connected,True,synthetic_device_spec_v11
synthetic_customer_000,cabinet_000,2026-09-08 08:20:00+00:00,0,0,0,0,True,True,False,24.039207541196838,-47.932747176853084,3.0654413218830383,4.023306185307707,0.0,0.0,0.02370375855850774,on,connected,True,synthetic_device_spec_v11
synthetic_customer_000,cabinet_000,2026-09-08 08:30:00+00:00,0,0,0,0,True,True,False,23.883800262858113,-50.2316751133397,3.0057478300870475,3.9905592549659974,0.16740415911694675,0.0,0.0,on,connected,True,synthetic_device_spec_v11
synthetic_customer_000,cabinet_000,2026-09-08 08:40:00+00:00,0,0,0,0,True,True,False,24.057578617014684,-47.82121806956555,3.0080891276019996,3.9938955423491773,0.2990697114312949,0.02928380800215551,0.013166673694810527,on,connected,True,synthetic_device_spec_v11
synthetic_customer_000,cabinet_000,2026-09-08 08:50:00+00:00,0,0,0,0,True,True,False,24.077120633348926,-46.169195257842695,2.994683073302309,4.035523766102197,0.0,0.0,0.011397017551906438,on,connected,True,synthetic_device_spec_v11
synthetic_customer_000,cabinet_000,2026-09-08 09:00:00+00:00,0,0,0,0,True,True,False,23.963411204075665,-48.500114118330835,3.07465257070001,3.9647333336621604,0.0,0.0,0.0,on,connected,True,synthetic_device_spec_v11
synthetic_customer_000,cabinet_000,2026-09-08 09:10:00+00:00,0,0,0,0,True,True,False,23.75391420851591,-46.51035531841924,3.0126863241217827,3.973645851593705,0.0,0.0,0.0,on,connected,True,synthetic_device_spec_v11
synthetic_customer_000,cabinet_000,2026-09-08 09:20:00+00:00,0,0,0,0,True,True,False,24.169201881354283,-47.961503505030926,3.1163475846327016,4.023407365487654,0.0,0.003948533566475207,0.010009993233161162,on,connected,True,synthetic_device_spec_v11
synthetic_customer_000,cabinet_000,2026-09-08 09:30:00+00:00,0,0,0,0,True,True,False,23.886183134719747,-48.10792700027584,3.0155178374239395,3.973142209368083,0.0,0.013469896547972083,0.0,on,connected,True,synthetic_device_spec_v11
synthetic_customer_000,cabinet_000,2026-09-08 09:40:00+00:00,0,0,0,0,True,True,False,24.08521152767958,-49.03579662325092,2.990670706224963,3.966995645031786,0.7541486567358775,0.03548203970999001,0.0011070503270804131,on,connected,True,synthetic_device_spec_v11
synthetic_customer_000,cabinet_000,2026-09-08 09:50:00+00:00,0,0,0,0,True,True,False,23.884323622280306,-48.12164128402392,2.9395505551175836,3.9318666792674977,0.0,0.0,0.0,on,connected,True,synthetic_device_spec_v11
synthetic_customer_000,cabinet_000,2026-09-08 10:00:00+00:00,0,0,0,0,True,True,False,23.900848897987213,-48.12250066054506,3.0467436700115544,3.950885066457313,0.03726586886032325,0.0,0.012792911275006407,on,connected,True,synthetic_device_spec_v11
synthetic_customer_000,cabinet_000,2026-09-08 10:10:00+00:00,0,0,0,0,True,True,False,23.93047428382906,-49.162594110356785,2.9506811059205478,4.026921948747734,1.2529284515569858,0.0,0.0057563347754894115,on,connected,True,synthetic_device_spec_v11
synthetic_customer_000,cabinet_000,2026-09-08 10:20:00+00:00,0,0,0,0,True,True,False,24.099271525779116,-45.62523372480088,3.0698725480843976,4.073086227328132,0.0,0.0,0.030832840259827562,on,connected,True,synthetic_device_spec_v11
synthetic_customer_000,cabinet_000,2026-09-08 10:30:00+00:00,0,0,0,0,True,True,False,24.107925189059486,-48.63355845821553,3.051427516449558,3.9440032647755454,0.0,0.0005345001560578559,0.03165144987374177,on,connected,True,synthetic_device_spec_v11
synthetic_customer_000,cabinet_000,2026-09-08 10:40:00+00:00,0,0,0,0,True,True,False,23.93425429522131,-48.21916029429487,2.999395180127158,4.034942519245652,0.38724680769450265,0.010366390034044982,0.03707492300074364,on,connected,True,synthetic_device_spec_v11
synthetic_customer_000,cabinet_000,2026-09-08 10:50:00+00:00,0,0,0,0,True,True,False,23.995229024254275,-47.833087113205366,3.0529029280525917,4.06910970752869,0.0,0.04473224645736698,0.011541953342655648,on,connected,True,synthetic_device_spec_v11
synthetic_customer_000,cabinet_000,2026-09-08 11:00:00+00:00,0,0,0,0,True,True,False,24.004517396262017,-48.83571657575821,2.996352279826465,4.026014440344144,0.18827995155877406,0.0,0.0,on,connected,True,synthetic_device_spec_v11
synthetic_customer_000,cabinet_000,2026-09-08 11:10:00+00:00,0,0,0,0,True,True,False,23.733110232094898,-47.534816144543,3.0194703376456418,3.9961667254543833,0.17184511280430892,0.016061957178021828,0.0,on,connected,True,synthetic_device_spec_v11
synthetic_customer_000,cabinet_000,2026-09-08 11:20:00+00:00,0,0,0,0,True,True,False,24.12189815666707,-46.86742566982056,2.997679316459755,4.16852705559095,0.0,0.0,0.0005155142870935465,on,connected,True,synthetic_device_spec_v11
synthetic_customer_000,cabinet_000,2026-09-08 11:30:00+00:00,0,0,0,0,True,True,False,23.885588615699504,-47.448078660116906,2.949673783973673,4.035495985791996,0.1353349815220403,0.009814998727711785,0.0,on,connected,True,synthetic_device_spec_v11
synthetic_customer_000,cabinet_000,2026-09-08 11:40:00+00:00,0,0,0,0,True,True,False,24.156886374767147,-47.86320353681864,3.0953465036714407,3.958301069006303,0.0,0.016882550423242295,0.0,on,connected,True,synthetic_device_spec_v11
synthetic_customer_000,cabinet_000,2026-09-08 11:50:00+00:00,0,0,0,0,True,True,False,24.101518728590424,-47.97077794178134,2.9746014081017798,4.0777515797895125,0.1487396734006863,0.0,0.006661409479556437,on,connected,True,synthetic_device_spec_v11
synthetic_customer_000,cabinet_000,2026-09-08 12:00:00+00:00,0,0,0,0,True,True,False,23.975457705441944,-47.271738243251676,2.949191800535569,4.0231151197687245,0.24867025555453828,0.0,0.019188657308632343,on,connected,True,synthetic_device_spec_v11
synthetic_customer_000,cabinet_000,2026-09-08 12:10:00+00:00,1,1,1,1,True,True,False,23.910169210609556,-47.99220682655605,3.083658386040236,3.936426151846361,0.0,0.0,0.0,on,connected,True,synthetic_device_spec_v11
synthetic_customer_000,cabinet_000,2026-09-08 12:20:00+00:00,1,1,1,1,True,True,False,24.14548630609454,-47.57707528900025,2.9560069561003863,4.000544071435564,0.0,0.0,0.0,on,connected,True,synthetic_device_spec_v11
synthetic_customer_000,cabinet_000,2026-09-08 12:30:00+00:00,1,1,1,1,True,True,False,24.16395787079793,-48.224014866352995,3.0275508501964095,4.088955547152232,0.0,0.0022738319432409303,0.0,on,connected,True,synthetic_device_spec_v11
synthetic_customer_000,cabinet_000,2026-09-08 12:40:00+00:00,0,0,0,0,True,True,False,24.203783495783867,-47.816463501307105,3.0092906994993576,4.071190565312262,0.6311589074987382,0.0,0.0,on,connected,True,synthetic_device_spec_v11
synthetic_customer_000,cabinet_000,2026-09-08 12:50:00+00:00,0,0,0,0,True,True,False,24.05364008640787,-49.311852161554214,3.059639775322647,3.931475215663457,0.14807959016626698,0.0,0.003964239922271822,on,connected,True,synthetic_device_spec_v11
synthetic_customer_000,cabinet_000,2026-09-08 13:00:00+00:00,0,0,0,0,True,True,False,24.022737387675562,-47.511974157174905,2.959829022307062,4.057899444264211,0.028949877852153565,0.005989874467149391,0.0,on,connected,True,synthetic_device_spec_v11
synthetic_customer_000,cabinet_000,2026-09-08 13:10:00+00:00,0,0,0,0,True,True,False,24.0117153999538,-47.91935027590338,3.0663051984185614,3.9395142951240896,0.0,0.0,0.0,on,connected,True,synthetic_device_spec_v11
synthetic_customer_000,cabinet_000,2026-09-08 13:20:00+00:00,0,0,0,0,True,True,False,23.809839074101546,-48.067992053636914,3.0051294884242554,4.020504198479271,0.0,0.004660738248603312,0.018572407745389062,on,connected,True,synthetic_device_spec_v11
synthetic_customer_000,cabinet_000,2026-09-08 13:30:00+00:00,0,0,0,0,True,True,False,24.09834313863348,-48.024256792127616,3.0286278916859564,3.958863430923338,0.0,0.022649138284396596,0.0,on,connected,True,synthetic_device_spec_v11
synthetic_customer_000,cabinet_000,2026-09-08 13:40:00+00:00,0,0,0,0,True,True,False,23.999984734194392,-47.5802899759476,2.9676043085829833,4.05941574750546,0.0,0.0,0.0,on,connected,True,synthetic_device_spec_v11
synthetic_customer_000,cabinet_000,2026-09-08 13:50:00+00:00,0,0,0,0,True,True,False,24.09698694766782,-49.474532894302996,2.992151769603229,4.086476848546847,0.0,0.0,0.004512759536388083,on,connected,True,synthetic_device_spec_v11
synthetic_customer_000,cabinet_000,2026-09-08 14:00:00+00:00,0,0,0,0,True,True,False,23.971285338487252,-47.99858767136709,2.974027263077211,4.031602789788069,0.0,0.0,0.0,on,connected,True,synthetic_device_spec_v11
synthetic_customer_000,cabinet_000,2026-09-08 14:10:00+00:00,0,0,0,0,True,True,False,24.170809254569726,-47.97207154444093,2.9924826747478006,4.045725292824083,0.0,0.0,0.0028672997101614204,on,connected,True,synthetic_device_spec_v11
synthetic_customer_000,cabinet_000,2026-09-08 14:20:00+00:00,0,0,0,0,True,True,False,23.99128558627244,-47.50672496983683,3.0049034190992945,3.8636447032135024,0.0,0.03171374129309351,0.0,on,connected,True,synthetic_device_spec_v11
synthetic_customer_000,cabinet_000,2026-09-08 14:30:00+00:00,0,0,0,0,True,True,False,23.95018961550797,-48.68250899970377,3.0342739564072545,3.989334073806186,0.07773801402283204,0.0028591395468901153,0.024496729441900764,on,connected,True,synthetic_device_spec_v11
synthetic_customer_000,cabinet_000,2026-09-08 14:40:00+00:00,0,0,0,0,True,True,False,24.124184713899545,-49.544396554469486,2.976603575021141,3.9792305177948877,0.0,0.0,0.0002741021209028905,on,connected,True,synthetic_device_spec_v11
synthetic_customer_000,cabinet_000,2026-09-08 14:50:00+00:00,0,0,0,0,True,True,False,23.992769669725746,-47.80756520262993,2.9937217575362314,4.0624401018964535,0.21362957375759165,0.0021833669401508517,0.0,on,connected,True,synthetic_device_spec_v11
synthetic_customer_000,cabinet_000,2026-09-08 15:00:00+00:00,0,0,0,0,True,True,False,24.014894717415206,-49.15723386081345,3.0351238980873867,3.9279503091266834,1.095353472443719,0.0,0.0,on,connected,True,synthetic_device_spec_v11
synthetic_customer_000,cabinet_000,2026-09-08 15:10:00+00:00,0,0,0,0,True,True,False,24.1034376357781,-48.62889298661712,3.054670805238178,3.9474911050039005,0.23241877074483255,0.02564905532774758,0.00804813658228973,on,connected,True,synthetic_device_spec_v11
synthetic_customer_000,cabinet_000,2026-09-08 15:20:00+00:00,0,0,0,0,True,True,False,23.979409602443752,-45.85470674347986,3.006715606572854,3.9263281667964813,0.0,0.0,0.0008473934983383247,on,connected,True,synthetic_device_spec_v11
synthetic_customer_000,cabinet_000,2026-09-08 15:30:00+00:00,0,0,0,0,True,True,False,24.09668344926461,-46.832876016335085,3.0173857929953667,3.994624036030286,0.4114073957320471,0.0,0.0,on,connected,True,synthetic_device_spec_v11
synthetic_customer_000,cabinet_000,2026-09-08 15:40:00+00:00,0,0,0,0,True,True,False,23.76915880766899,-48.70633843594823,2.951080784026458,4.074996004647052,0.34493638426599743,0.004986523654137014,0.0,on,connected,True,synthetic_device_spec_v11
synthetic_customer_000,cabinet_000,2026-09-08 15:50:00+00:00,0,0,0,0,True,True,False,23.825821389584902,-48.85169141869543,2.9848291933195936,4.068432480563447,0.36617528307164326,0.0,0.0,on,connected,True,synthetic_device_spec_v11
synthetic_customer_000,cabinet_000,2026-09-08 16:00:00+00:00,0,0,0,0,True,True,False,23.874878717499573,-47.84025869454095,3.0277439506445782,3.9350628497107194,0.0,0.015632668773068712,0.0,on,connected,True,synthetic_device_spec_v11
synthetic_customer_000,cabinet_000,2026-09-08 16:10:00+00:00,0,0,0,0,True,True,False,24.03071463101627,-48.14813391300849,2.942173464639306,4.07929224472111,0.0893861771678628,0.0012768852444320676,0.0,on,connected,True,synthetic_device_spec_v11
synthetic_customer_000,cabinet_000,2026-09-08 16:20:00+00:00,0,0,0,0,True,True,False,24.03932388726765,-46.38218523955616,3.028516322623506,4.103436990146393,0.0,0.02733014337954545,0.0,on,connected,True,synthetic_device_spec_v11
synthetic_customer_000,cabinet_000,2026-09-08 16:30:00+00:00,0,0,0,0,True,True,False,23.854454018350403,-48.59657505026074,2.952492495564794,3.9428276859610767,0.0749612446578676,0.034774310428476916,0.0,on,connected,True,synthetic_device_spec_v11
synthetic_customer_000,cabinet_000,2026-09-08 16:40:00+00:00,0,0,0,0,True,True,False,23.870645023268906,-49.48984345159769,2.9415329511702395,4.008055949568288,0.3442148239231931,0.0,0.0,on,connected,True,synthetic_device_spec_v11
synthetic_customer_000,cabinet_000,2026-09-08 16:50:00+00:00,0,0,0,0,True,True,False,23.440708324513917,-48.63230074390232,2.944262909179914,3.9883898927231263,0.05189713130187773,0.0,0.009676203296830202,on,connected,True,synthetic_device_spec_v11
synthetic_customer_000,cabinet_000,2026-09-08 17:00:00+00:00,0,0,0,0,True,True,False,22.938681665207707,-49.17454854783669,2.76412850017461,3.9639957157233616,0.0,0.02980418253051379,0.0,on,connected,True,synthetic_device_spec_v11
synthetic_customer_000,cabinet_000,2026-09-08 17:10:00+00:00,0,0,0,0,True,True,False,22.737713020501015,-48.691965531252904,2.6235725058496495,3.9592964364475187,0.21147553141066158,0.0,0.0,on,connected,True,synthetic_device_spec_v11
synthetic_customer_000,cabinet_000,2026-09-08 17:20:00+00:00,0,0,0,0,True,True,False,22.2647585307125,-46.574758601694015,2.504647458112103,3.8769235665075286,0.0,0.07527317736805918,0.0,on,connected,True,synthetic_device_spec_v11
synthetic_customer_000,cabinet_000,2026-09-08 17:30:00+00:00,0,0,0,0,True,True,False,21.907383266032017,-47.71922380665055,2.3247502092076626,3.9431050553955043,0.0,0.01138813525413095,0.005175725971015349,on,connected,True,synthetic_device_spec_v11
synthetic_customer_000,cabinet_000,2026-09-08 17:40:00+00:00,0,0,0,0,True,True,False,21.88384552085395,-48.26344060458189,2.220973035930309,4.0022395878680195,0.15281855428470367,0.0,0.017890008257553755,on,connected,True,synthetic_device_spec_v11
synthetic_customer_000,cabinet_000,2026-09-08 17:50:00+00:00,0,0,0,0,True,True,False,21.33733042430638,-47.67226056744804,2.0640501524499157,3.9385818034387556,0.22670384719351952,0.05007621249415981,0.0024510362848985056,on,connected,True,synthetic_device_spec_v11
synthetic_customer_000,cabinet_000,2026-09-08 18:00:00+00:00,0,0,0,0,True,True,False,20.866416825147493,-47.18296072688088,1.9231562013198138,4.014593859244101,0.24683379317949608,0.03541364693429865,0.0,on,connected,True,synthetic_device_spec_v11
synthetic_customer_000,cabinet_000,2026-09-08 18:10:00+00:00,1,1,1,1,True,True,False,20.561188513915322,-47.50366915976622,1.8746982385808664,4.032990599422134,0.0,0.0,0.026242215791476977,on,connected,True,synthetic_device_spec_v11
synthetic_customer_000,cabinet_000,2026-09-08 18:20:00+00:00,1,1,1,1,True,True,False,20.23921361398006,-48.1060262721145,1.5996298331085217,4.147476205050574,0.0,0.0,0.012382746919614485,on,connected,True,synthetic_device_spec_v11
synthetic_customer_000,cabinet_000,2026-09-08 18:30:00+00:00,1,1,1,1,True,True,False,19.89618917763477,-48.54793061266268,1.5461758965746815,4.098388449529301,0.17004755415968012,0.0,0.006446802690569675,on,connected,True,synthetic_device_spec_v11
synthetic_customer_000,cabinet_000,2026-09-08 18:40:00+00:00,0,0,0,0,True,True,False,19.37296532614101,-46.51617932550755,1.3927944272350945,3.926369856197546,0.32878059858805453,0.0,0.0,on,connected,True,synthetic_device_spec_v11
synthetic_customer_000,cabinet_000,2026-09-08 18:50:00+00:00,0,0,0,0,True,True,False,18.932040997771608,-47.25365206525423,1.3210986570275967,4.013289067959741,0.0,0.031671258884749975,0.0,on,connected,True,synthetic_device_spec_v11
synthetic_customer_000,cabinet_000,2026-09-08 19:00:00+00:00,0,0,0,0,True,True,False,18.61136472695948,-48.35461255645164,1.1203831908984436,4.058278100617313,0.2526965388951612,0.02094855664810935,0.0,on,connected,True,synthetic_device_spec_v11
synthetic_customer_000,cabinet_000,2026-09-08 20:10:00+00:00,0,0,0,0,True,True,False,24.082359312265805,-47.8204380987584,0.993602558137863,3.9876765508350847,0.4173737431332322,0.0,0.002500743362859825,on,connected,True,synthetic_device_spec_v11
synthetic_customer_000,cabinet_000,2026-09-08 20:20:00+00:00,0,0,0,0,True,True,False,24.204775733821293,-47.49013888385917,0.9889865824435773,3.9294637110948987,0.2559262082026687,0.029026768497720068,0.0,on,connected,True,synthetic_device_spec_v11
synthetic_customer_000,cabinet_000,2026-09-08 20:30:00+00:00,0,0,0,0,True,True,False,24.063400446838198,-47.90871059505272,3.0136405027161595,4.013299693924049,0.0,0.0,0.0,on,connected,True,synthetic_device_spec_v11
synthetic_customer_000,cabinet_000,2026-09-08 20:40:00+00:00,0,0,0,0,True,True,False,23.938499225916757,-47.79843259800844,3.0178491720586553,3.9279711849053314,0.5784923006526428,0.04532427634301181,0.0,on,connected,True,synthetic_device_spec_v11
synthetic_customer_000,cabinet_000,2026-09-08 20:50:00+00:00,0,0,0,0,True,True,False,24.23212210363004,-50.40719881807467,2.967429947262826,4.045602903731538,0.5449796938912598,0.027975330572618914,0.0,on,connected,True,synthetic_device_spec_v11
synthetic_customer_000,cabinet_000,2026-09-08 21:00:00+00:00,0,0,0,0,True,True,False,24.026855335497633,-49.04216846207708,2.9975522930592278,4.003870513599944,0.0,0.005850086308974368,0.0,on,connected,True,synthetic_device_spec_v11
synthetic_customer_000,cabinet_000,2026-09-08 21:10:00+00:00,0,0,0,0,True,True,False,23.998048326707156,-46.04771822297434,2.922878214937323,3.9695515656043447,0.0,0.0,0.0,on,connected,True,synthetic_device_spec_v11
synthetic_customer_000,cabinet_000,2026-09-08 21:20:00+00:00,0,0,0,0,True,True,False,24.018658583301104,-48.277667667546126,2.9967534383836947,3.976354894545273,0.0,0.009673595784679226,0.0,on,connected,True,synthetic_device_spec_v11
synthetic_customer_000,cabinet_000,2026-09-08 21:30:00+00:00,0,0,0,0,True,True,False,24.112970684577842,-47.90782196785291,3.02086043194715,4.02759609016524,0.12504479037533267,0.0197792396334695,0.0,on,connected,True,synthetic_device_spec_v11
synthetic_customer_000,cabinet_000,2026-09-08 21:40:00+00:00,0,0,0,0,True,True,False,23.895081177081696,-46.20365085469301,2.9731026627824884,3.9421720377902503,1.1740943344148727,0.009644643462525741,0.009948492501307036,on,connected,True,synthetic_device_spec_v11
synthetic_customer_000,cabinet_000,2026-09-08 21:50:00+00:00,0,0,0,0,True,True,False,24.234414821947453,-50.30233418321415,3.0477095084445565,4.006835655271623,0.7721624024769275,0.015554904753770206,0.0,on,connected,True,synthetic_device_spec_v11
synthetic_customer_000,cabinet_000,2026-09-08 22:00:00+00:00,0,0,0,0,True,True,False,24.014797391030243,-47.30301563753936,2.9969485232127893,3.957305571342244,0.15436619061080223,0.022117849313737004,0.0,on,connected,True,synthetic_device_spec_v11
synthetic_customer_000,cabinet_000,2026-09-08 22:10:00+00:00,0,0,0,0,True,True,False,24.223211971531935,-46.642296971859665,3.0315279283705805,4.093977975684034,0.14975719670576815,0.0,0.014342537922824323,on,connected,True,synthetic_device_spec_v11
synthetic_customer_000,cabinet_000,2026-09-08 22:20:00+00:00,0,0,0,0,True,True,False,23.82622549919835,-47.558313342200655,3.0266099378400217,3.987365665063099,0.0,0.007020453331604038,0.0,on,connected,True,synthetic_device_spec_v11
synthetic_customer_000,cabinet_000,2026-09-08 22:30:00+00:00,0,0,0,0,True,True,False,24.176082960447978,-48.14062475719833,2.9671592046691235,4.020587969296129,0.17676680296670266,0.0,0.0,on,connected,True,synthetic_device_spec_v11
synthetic_customer_000,cabinet_000,2026-09-08 22:40:00+00:00,0,0,0,0,True,True,False,23.800255198479167,-47.161434565097274,3.0508023786817016,3.898202111159126,0.0,0.01349344038852162,0.0,on,connected,True,synthetic_device_spec_v11
synthetic_customer_000,cabinet_000,2026-09-08 22:50:00+00:00,0,0,0,0,True,True,False,24.012964077799946,-49.63837317061488,3.0137701814807163,3.993267910486371,0.0,0.0,0.03949505235537482,on,connected,True,synthetic_device_spec_v11
synthetic_customer_000,cabinet_000,2026-09-08 23:00:00+00:00,0,0,0,0,True,True,False,24.036111026022287,-48.85728308859153,3.018803032957046,4.077903774131578,0.2970525426234971,0.0,0.00940502073123394,on,connected,True,synthetic_device_spec_v11
synthetic_customer_000,cabinet_000,2026-09-08 23:10:00+00:00,0,0,0,0,True,True,False,23.98469139998351,-48.50418216590769,2.945563207715805,4.0729189204431195,0.0,0.0,0.009276262923225151,on,connected,True,synthetic_device_spec_v11
synthetic_customer_000,cabinet_000,2026-09-08 23:20:00+00:00,0,0,0,0,True,True,False,24.13592090728664,-47.43380777235229,3.006299483157275,4.0038055676835,0.12397137793814593,0.0,0.0,on,connected,True,synthetic_device_spec_v11
synthetic_customer_000,cabinet_000,2026-09-08 23:30:00+00:00,0,0,0,0,True,True,False,23.916599662711054,-47.62611919497805,2.911795631143046,4.0522973830566205,0.22930707349683782,0.03233851046841661,0.0,on,connected,True,synthetic_device_spec_v11
synthetic_customer_000,cabinet_000,2026-09-08 23:40:00+00:00,0,0,0,0,True,True,False,23.94867092882486,-46.38043296990083,2.908720586448677,4.004548573436545,0.4479811891006807,0.0,0.0,on,connected,True,synthetic_device_spec_v11
synthetic_customer_000,cabinet_000,2026-09-08 23:50:00+00:00,0,0,0,0,True,True,False,23.7428254341354,-48.42396836181245,3.0292278398847934,4.00406408169805,0.28447491798634505,0.009820017657893138,0.0006344012288892819,on,connected,True,synthetic_device_spec_v11
synthetic_customer_000,cabinet_000,2026-09-09 00:00:00+00:00,0,0,0,0,True,True,False,23.885866893372974,-48.781968158418636,3.0100612141551046,3.965022130864821,0.0,0.06863185483943333,0.01141671617199957,on,connected,True,synthetic_device_spec_v11
