customer_id,device_id,observed_at,pump_running,valve_running,fertilizer_requested,fertilizer_running,dosage_configured,meter_configured,emergency_stop,supply_voltage,rssi,pressure,pump_current,sensor_bus_errors,packet_loss_rate,command_failure_rate,power_state,mqtt_state,online,source
synthetic_customer_006,cabinet_006,2026-09-02 00:10:00+00:00,1,1,1,1,True,True,False,24.139933863268993,-48.30324450116886,3.0965722504143973,3.9098872156101496,0.5174637953132304,0.03740056888155615,0.003689531090229603,on,connected,True,synthetic_device_spec_v11
synthetic_customer_006,cabinet_006,2026-09-02 00:20:00+00:00,1,1,1,1,True,True,False,24.252379490335418,-46.32570216935285,2.9972869635888415,3.9392425653249457,0.0,0.03401800311420103,0.0,on,connected,True,synthetic_device_spec_v11
synthetic_customer_006,cabinet_006,2026-09-02 00:30:00+00:00,1,1,1,1,True,True,False,24.011281245621117,-50.50002386108551,3.0938314148095243,3.966362221600657,0.13396977582893524,0.0,0.0,on,connected,True,synthetic_device_spec_v11
synthetic_customer_006,cabinet_006,2026-09-02 00:40:00+00:00,0,0,0,0,True,True,False,24.02811331262554,-45.28726641483757,3.029606521555729,4.025575952664905,0.7167492055629019,0.013667554072979902,0.0,on,connected,True,synthetic_device_spec_v11
synthetic_customer_006,cabinet_006,2026-09-02 00:50:00+00:00,0,0,0,0,True,True,False,23.929564172535127,-47.96102115184421,2.9756394039523775,3.9800977821589267,0.9089042982932395,0.005096838990094431,0.021863836481792524,on,connected,True,synthetic_device_spec_v11
synthetic_customer_006,cabinet_006,2026-09-02 01:00:00+00:00,0,0,0,0,True,True,False,23.960325460226766,-47.792433125038734,3.041898439261035,4.043031038997127,0.0,0.0,0.0,on,connected,True,synthetic_device_spec_v11
synthetic_customer_006,cabinet_006,2026-09-02 01:10:00+00:00,0,0,0,0,True,True,False,24.103906013380325,-48.50773025783366,2.9498584476737055,4.031924854313754,0.0,0.0,0.0,on,connected,True,synthetic_device_spec_v11
synthetic_customer_006,cabinet_006,2026-09-02 01:20:00+00:00,0,0,0,0,True,True,False,24.016420851492942,-48.475834080126944,3.0699584090953365,3.955713192965266,0.1895278088513546,0.0,0.0,on,connected,True,synthetic_device_spec_v11
synthetic_customer_006,cabinet_006,2026-09-02 01:30:00+00:00,0,0,0,0,True,True,False,23.793066188605422,-47.99076523779556,2.9056037312133403,4.083346784972071,0.175994896214937,0.03443216652867283,0.004884561332962444,on,connected,True,synthetic_device_spec_v11
synthetic_customer_006,cabinet_006,2026-09-02 01:40:00+00:00,0,0,0,0,True,True,False,23.903689894881683,-48.64189386396997,3.0564893125577313,4.037825334934023,0.0,0.007238736300940337,0.0,on,connected,True,synthetic_device_spec_v11
synthetic_customer_006,cabinet_006,2026-09-02 01:50:00+00:00,0,0,0,0,True,True,False,24.153035244372884,-50.07335854945325,3.0109525955196186,4.060736799783044,0.0,0.006821170852098058,0.0,on,connected,True,synthetic_device_spec_v11
synthetic_customer_006,cabinet_006,2026-09-02 02:00:00+00:00,0,0,0,0,True,True,False,23.742469584745013,-47.38559369700833,3.014085329139164,4.057657054911838,0.9404349124597874,0.030595271098223294,0.0,on,connected,True,synthetic_device_spec_v11
synthetic_customer_006,cabinet_006,2026-09-02 02:10:00+00:00,0,0,0,0,True,True,False,24.1882333767135,-47.17359290157236,3.0310046135106425,3.995788215757504,1.3942068577405209,0.006352723404118086,0.0,on,connected,True,synthetic_device_spec_v11
synthetic_customer_006,cabinet_006,2026-09-02 02:20:00+00:00,0,0,0,0,True,True,False,23.878981570749716,-49.083965822051454,2.937134247033946,3.9751185303637206,0.0,0.025511039673595096,0.0038388720196264456,on,connected,True,synthetic_device_spec_v11
synthetic_customer_006,cabinet_006,2026-09-02 02:30:00+00:00,0,0,0,0,True,True,False,23.874392823754597,-47.94253691632121,2.9830935681332256,4.084526704311094,0.0,0.0,0.0009927040154675058,on,connected,True,synthetic_device_spec_v11
synthetic_customer_006,cabinet_006,2026-09-02 02:40:00+00:00,0,0,0,0,True,True,False,24.124761747552697,-48.926381105026564,3.0385452053350153,4.006484508030051,0.2948536340346148,0.022090890353637344,0.006607435121792326,on,connected,True,synthetic_device_spec_v11
synthetic_customer_006,cabinet_006,2026-09-02 02:50:00+00:00,0,0,0,0,True,True,False,23.889754281267173,-48.710646978266546,3.002394056801801,3.943371300283287,0.0,0.0,0.027412837712241327,on,connected,True,synthetic_device_spec_v11
synthetic_customer_006,cabinet_006,2026-09-02 03:00:00+00:00,0,0,0,0,True,True,False,24.01039938151129,-48.19320489990202,3.0908335657971815,4.025487542658249,0.0,0.0031525813799061263,0.02372366871721794,on,connected,True,synthetic_device_spec_v11
synthetic_customer_006,cabinet_006,2026-09-02 03:10:00+00:00,0,0,0,0,True,True,False,24.129363946947112,-49.5651072402854,3.032219546413769,4.007479241461814,0.03039461077700877,0.023775721496469185,0.005887243357455743,on,connected,True,synthetic_device_spec_v11
synthetic_customer_006,cabinet_006,2026-09-02 03:20:00+00:00,0,0,0,0,True,True,False,23.845920598622474,-49.51475124431249,2.9882685469505783,4.059751068008413,0.8372459259862371,0.0030873691707429284,0.0,on,connected,True,synthetic_device_spec_v11
synthetic_customer_006,cabinet_006,2026-09-02 03:30:00+00:00,0,0,0,0,True,True,False,23.82290362875615,-46.44208817749971,2.882248479407745,4.079820195191183,0.2993062272828282,0.005228090319946194,0.0,on,connected,True,synthetic_device_spec_v11
synthetic_customer_006,cabinet_006,2026-09-02 03:40:00+00:00,0,0,0,0,True,True,False,24.00117175155632,-48.144597233497336,2.973087301118601,4.043994892839725,0.28196877071328763,0.0,0.015227879258252775,on,connected,True,synthetic_device_spec_v11
synthetic_customer_006,cabinet_006,2026-09-02 03:50:00+00:00,0,0,0,0,True,True,False,24.09267354810045,-47.41598226593065,2.8810087200199193,4.008130669842524,0.0,0.011447729953124016,0.0,on,connected,True,synthetic_device_spec_v11
synthetic_customer_006,cabinet_006,2026-09-02 04:00:00+00:00,0,0,0,0,True,True,False,23.77023863686148,-46.64786082647964,2.861071337824864,3.9079925884796247,0.4021759165115706,0.0,0.009783477053639312,on,connected,True,synthetic_device_spec_v11
synthetic_customer_006,cabinet_006,2026-09-02 04:10:00+00:00,0,0,0,0,True,True,False,24.0034963474689,-47.34014843978376,2.7144507236274684,3.9941015810905487,0.0,0.0,0.0,on,connected,True,synthetic_device_spec_v11
synthetic_customer_006,cabinet_006,2026-09-02 04:20:00+00:00,0,0,0,0,True,True,False,24.016968992568007,-47.344109436066695,2.8148349422050902,4.0253066053764845,0.28527399488564076,0.013980863335675348,0.0,on,connected,True,synthetic_device_spec_v11
synthetic_customer_006,cabinet_006,2026-09-02 04:30:00+00:00,0,0,0,0,True,True,False,24.027940355226193,-50.11067860484068,2.6731489780118873,4.066321878004564,0.3572432336657865,0.0,0.004864079166136594,on,connected,True,synthetic_device_spec_v11
synthetic_customer_006,cabinet_006,2026-09-02 04:40:00+00:00,0,0,0,0,True,True,False,24.047302959180104,-46.070382801960626,2.6508706127816564,4.052810095799119,0.3518718081129842,0.0,0.0,on,connected,True,synthetic_device_spec_v11
synthetic_customer_006,cabinet_006,2026-09-02 04:50:00+00:00,0,0,0,0,True,True,False,24.09733127006126,-49.23367197479015,2.691971433681348,3.9699097402319006,0.4013722909030213,0.0,0.013643020939457844,on,connected,True,synthetic_device_spec_v11
synthetic_customer_006,cabinet_006,2026-09-02 05:00:00+00:00,0,0,0,0,True,True,False,23.86259576590779,-48.16121349527426,2.520762175797041,4.018350108526522,0.282477002964947,0.0,0.00523748815132176,on,connected,True,synthetic_device_spec_v11
synthetic_customer_006,cabinet_006,2026-09-02 05:10:00+00:00,0,0,0,0,True,True,False,24.152019031797302,-47.63111352386273,2.529644796516273,3.9713262088771932,0.2343373151061719,0.0,0.0,on,connected,True,synthetic_device_spec_v11
synthetic_customer_006,cabinet_006,2026-09-02 05:20:00+00:00,0,0,0,0,True,True,False,24.162078612751483,-47.39772885213418,2.5485350373014395,4.01497820890962,0.3271174426443591,0.025356839573581966,0.010045409748825493,on,connected,True,synthetic_device_spec_v11
synthetic_customer_006,cabinet_006,2026-09-02 05:30:00+00:00,0,0,0,0,True,True,False,23.958750613234454,-46.483283540450586,2.493257487811274,4.027987340260301,0.1484714066182314,0.0,0.0,on,connected,True,synthetic_device_spec_v11
synthetic_customer_006,cabinet_006,2026-09-02 05:40:00+00:00,0,0,0,0,True,True,False,24.053371911911423,-48.108266841404145,2.4299937426084925,3.8622457034068285,0.0,0.06267920329047501,0.0,on,connected,True,synthetic_device_spec_v11
synthetic_customer_006,cabinet_006,2026-09-02 05:50:00+00:00,0,0,0,0,True,True,False,23.913343823047267,-49.42196697661609,2.3936386123885853,3.9698204022072825,0.0,0.04993053830307222,0.0,on,connected,True,synthetic_device_spec_v11
synthetic_customer_006,cabinet_006,2026-09-02 06:00:00+00:00,0,0,0,0,True,True,False,24.018744499558668,-47.93130290527388,2.3652287858732985,4.15685069787502,0.3749562265912384,0.0,0.014652629269075783,on,connected,True,synthetic_device_spec_v11
synthetic_customer_006,cabinet_006,2026-09-02 06:10:00+00:00,1,1,1,1,True,True,False,23.90096631645437,-47.260041565534756,2.3299273747449143,4.358142221557575,0.0,0.018464772727628826,0.06537759121729816,on,connected,True,synthetic_device_spec_v11
synthetic_customer_006,cabinet_006,2026-09-02 06:20:00+00:00,1,1,1,1,True,True,False,24.099918298715455,-48.66084697958791,2.301209731666156,4.374238143591644,0.0,0.026791722025903537,0.021004974009033874,on,connected,True,synthetic_device_spec_v11
synthetic_customer_006,cabinet_006,2026-09-02 06:30:00+00:00,1,1,1,1,True,True,False,23.869653087322188,-47.262915635486166,2.2466890971275952,4.749017294302132,0.0,0.04223211348877456,0.03052382333346418,on,connected,True,synthetic_device_spec_v11
synthetic_customer_006,cabinet_006,2026-09-02 06:40:00+00:00,0,0,0,0,True,True,False,24.01897533355515,-48.162792943875225,2.183602419233679,4.7525939384015565,0.6947506767030963,0.007914919373233647,0.14652576988396313,on,connected,True,synthetic_device_spec_v11
synthetic_customer_006,cabinet_006,2026-09-02 06:50:00+00:00,0,0,0,0,True,True,False,24.02382806091839,-45.7846791604785,2.2098498462530314,4.820192264681269,0.08985986080918547,0.04629455724174992,0.09280550269159984,on,connected,True,synthetic_device_spec_v11
synthetic_customer_006,cabinet_006,2026-09-02 07:00:00+00:00,0,0,0,0,True,True,False,23.86700990491442,-46.194771303851745,2.2170339870786133,5.108558970657058,0.0,0.0009433776998584271,0.13781241547486225,on,connected,True,synthetic_device_spec_v11
synthetic_customer_006,cabinet_006,2026-09-02 07:10:00+00:00,0,0,0,0,True,True,False,23.974564191667685,-47.19947387936519,2.123169889843593,5.182522315245385,0.0,0.03590670974746856,0.16032612797698467,on,connected,True,synthetic_device_spec_v11
synthetic_customer_006,cabinet_006,2026-09-02 07:20:00+00:00,0,0,0,0,True,True,False,24.392957803168684,-49.8489723562058,2.1878035535309897,5.375304854779549,0.0,0.0,0.19217903110396456,on,connected,True,synthetic_device_spec_v11
synthetic_customer_006,cabinet_006,2026-09-02 07:30:00+00:00,0,0,0,0,True,True,False,23.828109638169554,-47.15516617820384,2.3001975547336295,5.5101105337536405,0.0,0.0,0.2048989924079638,on,connected,True,synthetic_device_spec_v11
synthetic_customer_006,cabinet_006,2026-09-02 07:40:00+00:00,0,0,0,0,True,True,False,24.011404956768406,-49.10811743719318,2.196301994786496,5.614171561328453,0.0,0.021079553879226255,0.2223563998151374,on,connected,True,synthetic_device_spec_v11
synthetic_customer_006,cabinet_006,2026-09-02 07:50:00+00:00,0,0,0,0,True,True,False,23.979054088103368,-47.35823279552129,2.1762796752945026,5.776870086005639,0.0,0.0,0.2329984453793906,on,connected,True,synthetic_device_spec_v11
synthetic_customer_006,cabinet_006,2026-09-02 08:00:00+00:00,0,0,0,0,True,True,False,24.025530718894544,-48.954372819427974,2.142379310535805,6.014411377199717,0.1417136477251771,0.0,0.26856151032047665,on,connected,True,synthetic_device_spec_v11
synthetic_customer_006,cabinet_006,2026-09-02 08:10:00+00:00,0,0,0,0,True,True,False,23.98776812077105,-46.776994197667285,2.973578372470716,6.143617267224987,0.0,0.03907129690158886,0.2868376642334414,on,connected,True,synthetic_device_spec_v11
synthetic_customer_006,cabinet_006,2026-09-02 08:20:00+00:00,0,0,0,0,True,True,False,23.698701457365676,-45.99345481531997,3.0394202223385975,6.197765125790016,0.005780454348704201,0.0014850725059079681,0.2881375604030201,on,connected,True,synthetic_device_spec_v11
synthetic_customer_006,cabinet_006,2026-09-02 08:30:00+00:00,0,0,0,0,True,True,False,24.06979986276661,-50.830237950132286,3.033612630136605,6.4273419044386175,0.0,0.019267967207909423,0.33767009447116725,on,connected,True,synthetic_device_spec_v11
synthetic_customer_006,cabinet_006,2026-09-02 08:40:00+00:00,0,0,0,0,True,True,False,24.02045345073742,-47.28435326237254,3.004313142267307,6.534355462246376,0.26079768658938474,0.0,0.3436895273938143,on,connected,True,synthetic_device_spec_v11
synthetic_customer_006,cabinet_006,2026-09-02 08:50:00+00:00,0,0,0,0,True,True,False,23.796456341459816,-48.086674350265476,2.9847386407920933,6.7554920178371844,0.0,0.010592112147617757,0.36754756063141686,on,connected,True,synthetic_device_spec_v11
synthetic_customer_006,cabinet_006,2026-09-02 09:00:00+00:00,0,0,0,0,True,True,False,24.113751328316283,-47.40326263502718,2.9861697784731858,6.901229860071655,0.22946638805079175,0.06193992041504457,0.37723133785033247,on,connected,True,synthetic_device_spec_v11
synthetic_customer_006,cabinet_006,2026-09-02 09:10:00+00:00,0,0,0,0,True,True,False,24.21103191210876,-48.48152182975891,2.948601353331407,6.946996382467563,0.7741359714198153,0.009829868091946518,0.4303287047508406,on,connected,True,synthetic_device_spec_v11
synthetic_customer_006,cabinet_006,2026-09-02 09:20:00+00:00,0,0,0,0,True,True,False,24.051972930375452,-48.02821461613029,2.985775854900498,7.022980085358439,0.0,0.0,0.40446792407772303,on,connected,True,synthetic_device_spec_v11
synthetic_customer_006,cabinet_006,2026-09-02 09:30:00+00:00,0,0,0,0,True,True,False,23.874671660825534,-49.439244055303064,2.950820604716426,6.949510991407672,0.0,0.0,0.36919879214384377,on,connected,True,synthetic_device_spec_v11
synthetic_customer_006,cabinet_006,2026-09-02 09:40:00+00:00,0,0,0,0,True,True,False,24.021512909494586,-48.20875640724928,2.970607550922722,6.998668046633809,0.061827198692956345,0.04143239496735542,0.3822438983893832,on,connected,True,synthetic_device_spec_v11
synthetic_customer_006,cabinet_006,2026-09-02 09:50:00+00:00,0,0,0,0,True,True,False,23.921219229095534,-47.24479571712687,3.0190865799938136,7.118197632974187,0.0,0.0,0.38324423399466045,on,connected,True,synthetic_device_spec_v11
synthetic_customer_006,cabinet_006,2026-09-02 10:00:00+00:00,0,0,0,0,True,True,False,23.859216180882186,-47.26859919599292,3.0129772221493414,6.976072556251647,0.8797765536374342,0.0,0.39579715669670296,on,connected,True,synthetic_device_spec_v11
synthetic_customer_006,cabinet_006,2026-09-02 10:10:00+00:00,0,0,0,0,True,True,False,23.916553168936396,-49.170039635417965,2.986198714536804,6.917647934525126,0.04948120285381152,0.007867831140431955,0.40558585061408536,on,connected,True,synthetic_device_spec_v11
synthetic_customer_006,cabinet_006,2026-09-02 10:20:00+00:00,0,0,0,0,True,True,False,24.250594896877367,-49.02158967132189,2.973615964646216,4.030721343095281,0.0,0.029463587938596738,0.0,on,connected,True,synthetic_device_spec_v11
synthetic_customer_006,cabinet_006,2026-09-02 10:30:00+00:00,0,0,0,0,True,True,False,23.930472039832985,-48.485066041157005,2.897428036515006,4.065784939342363,0.045815963584290166,0.016229588952522068,0.030427900156546703,on,connected,True,synthetic_device_spec_v11
synthetic_customer_006,cabinet_006,2026-09-02 10:40:00+00:00,0,0,0,0,True,True,False,24.156945976917346,-47.316938390800075,2.7576009251949563,4.05620679838428,0.0,0.010061170462033347,0.0,on,connected,True,synthetic_device_spec_v11
synthetic_customer_006,cabinet_006,2026-09-02 10:50:00+00:00,0,0,0,0,True,True,False,23.938189514962037,-48.03024337165979,2.6195259217283655,4.081135311116575,0.1764387028183028,0.01225400677036496,0.0,on,connected,True,synthetic_device_spec_v11
synthetic_customer_006,cabinet_006,2026-09-02 11:00:00+00:00,0,0,0,0,True,True,False,24.09376550808908,-46.367171560185376,2.5508167302696387,3.9739741777440387,0.0,0.0,0.01782105585554628,on,connected,True,synthetic_device_spec_v11
synthetic_customer_006,cabinet_006,2026-09-02 11:10:00+00:00,0,0,0,0,True,True,False,23.769403391050112,-48.101271758652764,2.3798746590209157,3.992847669014452,0.0,0.0,0.0,on,connected,True,synthetic_device_spec_v11
synthetic_customer_006,cabinet_006,2026-09-02 11:20:00+00:00,0,0,0,0,True,True,False,23.80932628743072,-48.359722838681165,2.3213732133097746,3.9613633692669126,0.0,0.0,0.020499917758992722,on,connected,True,synthetic_device_spec_v11
synthetic_customer_006,cabinet_006,2026-09-02 11:30:00+00:00,0,0,0,0,True,True,False,23.314710924460204,-47.65075553122746,2.1473945854010656,4.021624377664183,0.0,0.03522330445588547,0.021503923874903574,on,connected,True,synthetic_device_spec_v11
synthetic_customer_006,cabinet_006,2026-09-02 11:40:00+00:00,0,0,0,0,True,True,False,22.959640942858787,-47.9024456079461,1.8969565746952497,3.9703089099677458,0.047889837867724806,0.06066905157932099,0.0008567633554532952,on,connected,True,synthetic_device_spec_v11
synthetic_customer_006,cabinet_006,2026-09-02 11:50:00+00:00,0,0,0,0,True,True,False,22.517465078150096,-46.290843037659236,1.9522825366598704,4.083898264783165,0.0,0.0,0.0,on,connected,True,synthetic_device_spec_v11
synthetic_customer_006,cabinet_006,2026-09-02 12:00:00+00:00,0,0,0,0,True,True,False,22.244368417791332,-47.794103301792546,1.7418619269941928,4.003509407060253,0.14706915741615018,0.005461372606791977,0.0,on,connected,True,synthetic_device_spec_v11
synthetic_customer_006,cabinet_006,2026-09-02 12:10:00+00:00,1,1,1,1,True,True,False,21.962543383173127,-48.45891372432751,1.6185358539704837,3.9135511009957646,0.46308869496544686,0.047993500309272595,0.0,on,connected,True,synthetic_device_spec_v11
synthetic_customer_006,cabinet_006,2026-09-02 12:20:00+00:00,1,1,1,1,True,True,False,21.472432495972164,-47.84907313204015,1.4447791766296716,3.9380105986675216,0.0,0.0,0.027756139460575657,on,connected,True,synthetic_device_spec_v11
synthetic_customer_006,cabinet_006,2026-09-02 12:30:00+00:00,1,1,1,1,True,True,False,20.848997047426632,-48.76688170394687,1.4347137536979246,4.0145351546476045,0.4192043003811074,0.0048948360889350786,0.0,on,connected,True,synthetic_device_spec_v11
synthetic_customer_006,cabinet_006,2026-09-02 12:40:00+00:00,0,0,0,0,True,True,False,20.716137175841876,-46.8827790853942,1.2388001723671898,3.962061786120143,0.0,0.005582855976074854,0.003537977757562774,on,connected,True,synthetic_device_spec_v11
synthetic_customer_006,cabinet_006,2026-09-02 12:50:00+00:00,0,0,0,0,True,True,False,20.05042418755313,-49.27497433204725,1.0723297729405752,4.035681260413693,0.0,0.030702437965280313,0.009538561120058364,on,connected,True,synthetic_device_spec_v11
synthetic_customer_006,cabinet_006,2026-09-02 13:00:00+00:00,0,0,0,0,True,True,False,19.886479651616824,-49.118357848238965,1.0266484960597526,3.9194842805290193,0.5935388979124736,0.00022214158627508482,0.0,on,connected,True,synthetic_device_spec_v11
synthetic_customer_006,cabinet_006,2026-09-02 13:10:00+00:00,0,0,0,0,True,True,False,19.485826718514403,-48.045710709530795,0.9676700192761979,4.07115272856481,0.08424713525465087,0.0,0.014597258369756705,on,connected,True,synthetic_device_spec_v11
synthetic_customer_006,cabinet_006,2026-09-02 13:20:00+00:00,0,0,0,0,True,True,False,19.04396233761991,-46.62309007299451,0.9875688391805449,4.099183767310103,0.0,0.0,0.0,on,connected,True,synthetic_device_spec_v11
synthetic_customer_006,cabinet_006,2026-09-02 13:30:00+00:00,0,0,0,0,True,True,False,18.565268277699758,-48.70025252777588,1.011400966791193,3.9042083602693975,0.0,0.030544702807823638,0.0,on,connected,True,synthetic_device_spec_v11
synthetic_customer_006,cabinet_006,2026-09-02 14:50:00+00:00,0,0,0,0,True,True,False,23.93917705383771,-63.67695751009151,3.0045302606343474,3.934605738316883,0.045933682522722785,0.24298068865137282,0.0,on,connected,True,synthetic_device_spec_v11
synthetic_customer_006,cabinet_006,2026-09-02 15:00:00+00:00,0,0,0,0,True,True,False,24.289356463755038,-65.84205337015574,3.0503685638675986,4.026415544658123,1.7790222335819141,0.3350951882422978,0.011272599773024214,on,connected,True,synthetic_device_spec_v11
synthetic_customer_006,cabinet_006,2026-09-02 15:10:00+00:00,0,0,0,0,True,True,False,23.95087917565121,-66.91118945208073,3.033668103025927,3.9897493781353583,3.004123174959025,0.3306208244479557,0.0,on,connected,True,synthetic_device_spec_v11
synthetic_customer_006,cabinet_006,2026-09-02 15:20:00+00:00,0,0,0,0,True,True,False,24.188733110821,-73.30731016935071,2.983178325185564,4.018242007424286,4.5505017610797385,0.43358049029262913,0.019189818034288923,on,connected,True,synthetic_device_spec_v11
synthetic_customer_006,cabinet_006,2026-09-02 15:30:00+00:00,0,0,0,0,True,True,False,23.840399217574358,-72.87936886424565,3.0221402334711307,4.0466656753170165,5.548089987788456,0.5214584910389817,0.001325634810955489,on,connected,True,synthetic_device_spec_v11
synthetic_customer_006,cabinet_006,2026-09-02 15:40:00+00:00,0,0,0,0,True,True,False,23.970418027845923,-77.88000928038953,2.962025557919173,4.1131004253727905,7.299517563177444,0.5655856644129282,0.0,on,connected,True,synthetic_device_spec_v11
synthetic_customer_006,cabinet_006,2026-09-02 15:50:00+00:00,0,0,0,0,True,True,False,23.77334623770469,-80.5271199207722,2.9877587273059523,3.9951768873968128,9.352238773837993,0.6037965052664256,0.010976031580394953,on,connected,True,synthetic_device_spec_v11
synthetic_customer_006,cabinet_006,2026-09-02 16:00:00+00:00,0,0,0,0,True,True,False,23.950244072779252,-83.1986585278856,3.0259988871718693,3.9376602539446948,10.671988957598572,0.6890357302804636,0.00473995762336003,on,connected,True,synthetic_device_spec_v11
synthetic_customer_006,cabinet_006,2026-09-02 16:40:00+00:00,0,0,0,0,True,True,False,24.21323665972421,-49.57861037798451,2.9407858538594605,4.110174352316875,15.723562466441326,0.02628527177251413,0.006088444482807879,on,connected,True,synthetic_device_spec_v11
synthetic_customer_006,cabinet_006,2026-09-02 16:50:00+00:00,0,0,0,0,True,True,False,23.989899700515803,-47.097218342600016,3.037796398384409,4.019364813444969,17.051188914107733,0.0,0.01544852053818621,on,connected,True,synthetic_device_spec_v11
synthetic_customer_006,cabinet_006,2026-09-02 17:00:00+00:00,0,0,0,0,True,True,False,24.109749360394733,-48.16317262579157,3.0566724108864034,4.043221070702794,18.68015943804046,0.0,0.0,on,connected,True,synthetic_device_spec_v11
synthetic_customer_006,cabinet_006,2026-09-02 17:10:00+00:00,0,0,0,0,True,True,False,24.077153523038355,-47.198574341697835,2.9504842205641078,3.9427637017196826,19.393079480384056,0.010102498921935753,0.007262800599449848,on,connected,True,synthetic_device_spec_v11
synthetic_customer_006,cabinet_006,2026-09-02 17:20:00+00:00,0,0,0,0,True,True,False,24.0679208979551,-48.944917613105474,3.0490543782254638,4.013247290243814,20.61376684492914,0.02146684989197298,0.0007189328920522814,on,connected,True,synthetic_device_spec_v11
synthetic_customer_006,cabinet_006,2026-09-02 17:30:00+00:00,0,0,0,0,True,True,False,24.176333933157608,-49.64809540483943,3.0746742670346925,3.9809236311326957,22.85675869349995,0.033953438118384055,0.019214148458112944,on,connected,True,synthetic_device_spec_v11
synthetic_customer_006,cabinet_006,2026-09-02 17:40:00+00:00,0,0,0,0,True,True,False,23.748878956766205,-48.08128389066949,3.0127793286642737,4.125366765399833,22.77648823167048,0.028572279146549324,0.003066509876013103,on,connected,True,synthetic_device_spec_v11
synthetic_customer_006,cabinet_006,2026-09-02 17:50:00+00:00,0,0,0,0,True,True,False,24.01922775585401,-49.74557323256292,3.020175649673178,3.920018792617382,23.83310817628316,0.0,0.0,on,connected,True,synthetic_device_spec_v11
synthetic_customer_006,cabinet_006,2026-09-02 18:00:00+00:00,0,0,0,0,True,True,False,24.115100404820808,-47.53507109552175,2.9789568497561705,4.000106083990977,24.871131782345543,0.0,0.009323314436741717,on,connected,True,synthetic_device_spec_v11
synthetic_customer_006,cabinet_006,2026-09-02 18:10:00+00:00,1,1,1,1,True,True,False,24.151352640802973,-49.558393890332916,2.976984385503682,4.009999940819718,24.47182000973296,0.0,0.021920687745465385,on,connected,True,synthetic_device_spec_v11
synthetic_customer_006,cabinet_006,2026-09-02 18:20:00+00:00,1,1,1,1,True,True,False,23.90564727420543,-47.98100940232107,2.977716050769766,4.020855780680189,23.819789280195895,0.0057352631227266205,0.0,on,connected,True,synthetic_device_spec_v11
synthetic_customer_006,cabinet_006,2026-09-02 18:30:00+00:00,1,1,1,1,True,True,False,24.15745559195442,-47.997919162261255,3.0545505953498737,4.009450037759958,25.147802761641408,0.0,0.0,on,connected,True,synthetic_device_spec_v11
synthetic_customer_006,cabinet_006,2026-09-02 18:40:00+00:00,0,0,0,0,True,True,False,24.046784127776075,-48.761943084772255,3.035276602289255,4.030805710191146,0.026925784345390905,0.0,0.0,on,connected,True,synthetic_device_spec_v11
synthetic_customer_006,cabinet_006,2026-09-02 18:50:00+00:00,0,0,0,0,True,True,False,24.091882828552485,-47.70239846776568,3.0334041437052646,3.960951925940876,0.23165600156000865,0.032380611998844615,0.0,on,connected,True,synthetic_device_spec_v11
synthetic_customer_006,cabinet_006,2026-09-02 19:00:00+00:00,0,0,0,0,True,True,False,23.815229714956892,-47.377527206777714,2.9902813873434293,4.122983656353606,0.16781866122920264,0.0,0.011345876159935977,on,connected,True,synthetic_device_spec_v11
synthetic_customer_006,cabinet_006,2026-09-02 19:10:00+00:00,0,0,0,0,True,True,False,24.108996216398324,-47.748107763230756,3.058137869178639,3.944810926525121,0.6214649320440807,0.0,0.0,on,connected,True,synthetic_device_spec_v11
synthetic_customer_006,cabinet_006,2026-09-02 19:20:00+00:00,0,0,0,0,True,True,False,23.86206160038525,-49.14180843857553,3.0304775379485576,4.011050759143961,0.5083537877858745,0.0,0.0,on,connected,True,synthetic_device_spec_v11
synthetic_customer_006,cabinet_006,2026-09-02 19:30:00+00:00,0,0,0,0,True,True,False,24.039726929761024,-47.73880614376508,3.031340949898989,3.98275224053155,0.11866246097289106,0.0034274083402179283,0.0,on,connected,True,synthetic_device_spec_v11
synthetic_customer_006,cabinet_006,2026-09-02 19:40:00+00:00,0,0,0,0,True,True,False,23.99708398995508,-47.54361171977183,3.04355132105361,4.003978411720467,0.5087226412024445,0.0,0.0,on,connected,True,synthetic_device_spec_v11
synthetic_customer_006,cabinet_006,2026-09-02 19:50:00+00:00,0,0,0,0,True,True,False,23.87570974375145,-46.51081021871235,3.0210808296000784,3.966224234549353,0.1763733109329603,0.0,0.0,on,connected,True,synthetic_device_spec_v11
synthetic_customer_006,cabinet_006,2026-09-02 20:00:00+00:00,0,0,0,0,True,True,False,23.988282736357043,-48.73128949766893,3.0156797659884504,4.004027732464355,0.07250774634155638,0.03450282069011753,0.006986411575097482,on,connected,True,synthetic_device_spec_v11
synthetic_customer_006,cabinet_006,2026-09-02 20:10:00+00:00,0,0,0,0,True,True,False,23.90931181546903,-48.1658965901017,2.974022232757074,3.9823221374968836,0.0,0.0,0.0,on,connected,True,synthetic_device_spec_v11
synthetic_customer_006,cabinet_006,2026-09-02 20:20:00+00:00,0,0,0,0,True,True,False,23.940797096152753,-47.27152991595661,2.9594141413971444,3.9670990109149993,0.0,0.0034072304298863165,0.0,on,connected,True,synthetic_device_spec_v11
synthetic_customer_006,cabinet_006,2026-09-02 20:30:00+00:00,0,0,0,0,True,True,False,24.17078653405683,-47.36795462537993,3.040251715780002,3.924753511823052,0.0073024398822271385,0.027464816253796244,0.033488712032690916,on,connected,True,synthetic_device_spec_v11
synthetic_customer_006,cabinet_006,2026-09-02 20:40:00+00:00,0,0,0,0,True,True,False,24.024274063577035,-48.27929243756175,2.9378171404598215,4.095109572132117,0.0,0.032007666432234086,0.0,on,connected,True,synthetic_device_spec_v11
synthetic_customer_006,cabinet_006,2026-09-02 20:50:00+00:00,0,0,0,0,True,True,False,23.927193630545762,-46.68039486351614,3.0199494286685598,4.002415077752046,0.36311948649807274,0.0,0.0,on,connected,True,synthetic_device_spec_v11
synthetic_customer_006,cabinet_006,2026-09-02 21:00:00+00:00,0,0,0,0,True,True,False,24.307695585085284,-48.21250725814758,3.004200088232628,3.9900888689168448,0.05353199738295132,0.015872947081706775,0.0027101567398927114,on,connected,True,synthetic_device_spec_v11
synthetic_customer_006,cabinet_006,2026-09-02 21:10:00+00:00,0,0,0,0,True,True,False,24.040896808551587,-47.405215527717104,3.054608333691437,4.050670131197555,0.0,0.01589479686481175,0.014509794097291973,on,connected,True,synthetic_device_spec_v11
synthetic_customer_006,cabinet_006,2026-09-02 21:20:00+00:00,0,0,0,0,True,True,False,23.792390177383936,-47.50125850047531,3.0135803117568947,3.9437333979739035,0.21741992133234725,0.021974886287622782,0.0,on,connected,True,synthetic_device_spec_v11
synthetic_customer_006,cabinet_006,2026-09-02 21:30:00+00:00,0,0,0,0,True,True,False,24.00142920036085,-50.79361986280719,3.088618842002318,3.9824068156928374,0.0,0.0,0.023768748784305575,on,connected,True,synthetic_device_spec_v11
synthetic_customer_006,cabinet_006,2026-09-02 21:40:00+00:00,0,0,0,0,True,True,False,24.06435726240496,-48.332527686929765,3.0173758191004634,3.998175739143913,0.48512918461234283,0.030183189751937414,0.01615171442485802,on,connected,True,synthetic_device_spec_v11
synthetic_customer_006,cabinet_006,2026-09-02 21:50:00+00:00,0,0,0,0,True,True,False,23.831853382003896,-47.75154467840073,2.978511527946817,3.9040853125933532,0.0,0.0,0.02354950727418965,on,connected,True,synthetic_device_spec_v11
synthetic_customer_006,cabinet_006,2026-09-02 22:00:00+00:00,0,0,0,0,True,True,False,24.03285836896657,-48.208236493584636,2.975419648880603,3.9502080292841515,0.0,0.0050615525262172195,0.01286784067257442,on,connected,True,synthetic_device_spec_v11
synthetic_customer_006,cabinet_006,2026-09-02 22:10:00+00:00,0,0,0,0,True,True,False,24.09527351617466,-47.41462346442626,3.000994704135817,3.939693646772376,0.6294753316371932,0.0,0.02865813497828257,on,connected,True,synthetic_device_spec_v11
synthetic_customer_006,cabinet_006,2026-09-02 22:20:00+00:00,0,0,0,0,True,True,False,23.96674540687444,-49.094019594682685,2.9300340692943454,3.9734212407128826,0.0,0.032202894582738915,0.02673323279729834,on,connected,True,synthetic_device_spec_v11
synthetic_customer_006,cabinet_006,2026-09-02 22:30:00+00:00,0,0,0,0,True,True,False,24.176208236069144,-47.63631629513107,3.0159940048608394,3.9807054457425943,0.3874833931467144,0.022428441450770057,0.013393933070209604,on,connected,True,synthetic_device_spec_v11
synthetic_customer_006,cabinet_006,2026-09-02 22:40:00+00:00,0,0,0,0,True,True,False,24.046179131049406,-47.852192891146764,2.9314976841716494,3.9665370523470935,0.0,0.00931743551901016,0.00657717603086576,on,connected,True,synthetic_device_spec_v11
synthetic_customer_006,cabinet_006,2026-09-02 22:50:00+00:00,0,0,0,0,True,True,False,24.175085295275036,-47.79610437029403,3.057800569273522,4.050541437272233,0.0,0.022902230326327377,0.0,on,connected,True,synthetic_device_spec_v11
synthetic_customer_006,cabinet_006,2026-09-02 23:00:00+00:00,0,0,0,0,True,True,False,23.955836481598944,-48.78019692163683,2.9972399054814254,3.957391820937051,0.0,0.0,0.0,on,connected,True,synthetic_device_spec_v11
synthetic_customer_006,cabinet_006,2026-09-02 23:10:00+00:00,0,0,0,0,True,True,False,23.87109283775614,-47.13680091043097,2.967846629125538,4.052120809457956,0.0,0.017205088200063445,0.0,on,connected,True,synthetic_device_spec_v11
synthetic_customer_006,cabinet_006,2026-09-02 23:20:00+00:00,0,0,0,0,True,True,False,24.178907773398723,-46.93752509094436,3.060063767600804,3.96763558733639,0.0,0.004318911395805862,0.0,on,connected,True,synthetic_device_spec_v11
synthetic_customer_006,cabinet_006,2026-09-02 23:30:00+00:00,0,0,0,0,True,True,False,24.1103395775848,-48.27875293361827,2.9390189088379004,4.10451083288268,0.0,0.0025275020369118373,0.0123704104409022,on,connected,True,synthetic_device_spec_v11
synthetic_customer_006,cabinet_006,2026-09-02 23:40:00+00:00,0,0,0,0,True,True,False,23.72709897682245,-46.53761706301144,2.9841400987237807,3.94857039073477,0.0,0.025709112439377305,0.0,on,connected,True,synthetic_device_spec_v11
synthetic_customer_006,cabinet_006,2026-09-02 23:50:00+00:00,0,0,0,0,True,True,False,24.102739238645295,-46.85183640171023,3.007530791287677,3.9450865534595856,0.0,0.003995144831708023,0.0,on,connected,True,synthetic_device_spec_v11
synthetic_customer_006,cabinet_006,2026-09-03 00:00:00+00:00,0,0,0,0,True,True,False,24.033042104305128,-49.11571719207631,3.0009056805911283,3.9938700631782633,0.22696765671690053,0.035133379084404726,0.0,on,connected,True,synthetic_device_spec_v11
synthetic_customer_006,cabinet_006,2026-09-03 00:10:00+00:00,1,1,1,1,True,True,False,23.84915533447526,-47.276913788302735,2.936047384142364,4.02701491838757,0.6016717922903542,0.003393365243493548,0.0,on,connected,True,synthetic_device_spec_v11
synthetic_customer_006,cabinet_006,2026-09-03 00:20:00+00:00,1,1,1,1,True,True,False,24.061829043448903,-47.77735042552336,3.010713066736114,4.043444562044272,0.0,0.029947120121838217,0.025099330363122754,on,connected,True,synthetic_device_spec_v11
synthetic_customer_006,cabinet_006,2026-09-03 00:30:00+00:00,1,1,1,1,True,True,False,23.870589756817,-48.34820364271219,2.995817411487116,4.098195798555364,0.13001696637194995,0.03007555444806695,0.0,on,connected,True,synthetic_device_spec_v11
synthetic_customer_006,cabinet_006,2026-09-03 00:40:00+00:00,0,0,0,0,True,True,False,24.015288650492323,-49.19985593499535,2.9694263788585196,4.100833144504039,1.154241787506654,0.06957267751684253,0.0,on,connected,True,synthetic_device_spec_v11
synthetic_customer_006,cabinet_006,2026-09-03 00:50:00+00:00,0,0,0,0,True,True,False,23.756792143221627,-45.994830856067395,3.047915585017056,4.024716274865912,0.04000139356397895,0.005614018702956283,0.0,on,connected,True,synthetic_device_spec_v11
synthetic_customer_006,cabinet_006,2026-09-03 01:00:00+00:00,0,0,0,0,True,True,False,23.745457284712597,-49.07153837854008,3.0167213573940965,4.065049070564156,0.0,0.030919941964770284,0.0,on,connected,True,synthetic_device_spec_v11
synthetic_customer_006,cabinet_006,2026-09-03 01:10:00+00:00,0,0,0,0,True,True,False,23.981264218807087,-48.444289692313845,2.9767681900861613,4.0124324441323305,0.767150466208099,0.011761269405755427,0.021487143257256043,on,connected,True,synthetic_device_spec_v11
synthetic_customer_006,cabinet_006,2026-09-03 01:20:00+00:00,0,0,0,0,True,True,False,23.960436848778137,-47.611042857108025,3.0132761897357145,3.9361421076548377,0.32567731960924445,0.0,0.0,on,connected,True,synthetic_device_spec_v11
synthetic_customer_006,cabinet_006,2026-09-03 01:30:00+00:00,0,0,0,0,True,True,False,23.82627966533553,-48.20101508084286,2.9846945562184284,4.019844020300218,0.4695472498957618,0.024022130906716732,0.0,on,connected,True,synthetic_device_spec_v11
synthetic_customer_006,cabinet_006,2026-09-03 01:40:00+00:00,0,0,0,0,True,True,False,23.994641556074708,-47.59451623456434,3.0726688652835112,4.001881421587913,0.4885232920251816,0.0,0.0,on,connected,True,synthetic_device_spec_v11
synthetic_customer_006,cabinet_006,2026-09-03 01:50:00+00:00,0,0,0,0,True,True,False,24.071813819770213,-48.74088039966553,3.0177217728233763,3.936946263214102,0.0,0.011410355930776557,0.0003213384700006542,on,connected,True,synthetic_device_spec_v11
synthetic_customer_006,cabinet_006,2026-09-03 02:00:00+00:00,0,0,0,0,True,True,False,23.86858416142215,-47.52655631843004,2.9695122028914764,3.997749375872164,0.0,0.0,0.0,on,connected,True,synthetic_device_spec_v11
synthetic_customer_006,cabinet_006,2026-09-03 02:10:00+00:00,0,0,0,0,True,True,False,24.06135861793971,-48.2096275368889,2.970927052431391,3.9389474169304877,0.43381305937427656,0.01990910386577776,0.0,on,connected,True,synthetic_device_spec_v11
synthetic_customer_006,cabinet_006,2026-09-03 02:20:00+00:00,0,0,0,0,True,True,False,23.98705638660206,-47.8755505947913,2.97289877111229,3.9071291853385905,0.03027157580077746,0.0,0.0,on,connected,True,synthetic_device_spec_v11
synthetic_customer_006,cabinet_006,2026-09-03 02:30:00+00:00,0,0,0,0,True,True,False,24.033586969364283,-49.01673504996195,3.0259339094647713,3.977227368794329,0.0,0.0,0.020445772979750334,on,connected,True,synthetic_device_spec_v11
synthetic_customer_006,cabinet_006,2026-09-03 02:40:00+00:00,0,0,0,0,True,True,False,23.92031342411864,-49.6761244361518,2.9758526212090315,3.9860352907220817,0.0,0.0030290831793846375,0.01552259673954251,on,connected,True,synthetic_device_spec_v11
synthetic_customer_006,cabinet_006,2026-09-03 02:50:00+00:00,0,0,0,0,True,True,False,24.20588522430054,-48.49323248476103,3.0805779034375655,3.973307228779023,0.2874626866838668,0.017693360087170856,0.0019164854038284031,on,connected,True,synthetic_device_spec_v11
synthetic_customer_006,cabinet_006,2026-09-03 03:00:00+00:00,0,0,0,0,True,True,False,24.01337382250668,-47.702157412263475,3.0595225991737722,4.054619104177477,0.19592784605472668,0.007289853603343413,0.009779161480648226,on,connected,True,synthetic_device_spec_v11
synthetic_customer_006,cabinet_006,2026-09-03 03:10:00+00:00,0,0,0,0,True,True,False,24.058997441923996,-47.8449612768926,3.0077062623162902,3.96980805576514,0.0,0.0,0.0,on,connected,True,synthetic_device_spec_v11
synthetic_customer_006,cabinet_006,2026-09-03 03:20:00+00:00,0,0,0,0,True,True,False,24.070575982807217,-49.15480844877562,2.9652485039219494,4.056725078548475,0.8468445094071334,0.0,0.0,on,connected,True,synthetic_device_spec_v11
synthetic_customer_006,cabinet_006,2026-09-03 03:30:00+00:00,0,0,0,0,True,True,False,24.077097785219614,-47.03225503203763,3.109097207958043,3.954531369625748,0.0,0.04209479392653175,0.0,on,connected,True,synthetic_device_spec_v11
synthetic_customer_006,cabinet_006,2026-09-03 03:40:00+00:00,0,0,0,0,True,True,False,24.07093049277043,-49.054083778727396,3.068263716192476,4.04660374349164,0.0,0.0,0.0,on,connected,True,synthetic_device_spec_v11
synthetic_customer_006,cabinet_006,2026-09-03 03:50:00+00:00,0,0,0,0,True,True,False,24.00102404873169,-47.03602676213334,2.9905486101769756,3.95362226961669,0.0,0.00359409434196791,0.0014264471125335339,on,connected,True,synthetic_device_spec_v11
synthetic_customer_006,cabinet_006,2026-09-03 04:00:00+00:00,0,0,0,0,True,True,False,23.962664028247303,-48.71373078776878,2.9794396056717365,4.053601756977914,0.27793763304663754,0.0,0.01383067437324654,on,connected,True,synthetic_device_spec_v11
synthetic_customer_006,cabinet_006,2026-09-03 04:10:00+00:00,0,0,0,0,True,True,False,23.79438013542184,-48.00822463355131,2.9889458316740107,4.052667024673584,0.0,0.02120156283709795,0.025532825266288674,on,connected,True,synthetic_device_spec_v11
synthetic_customer_006,cabinet_006,2026-09-03 04:20:00+00:00,0,0,0,0,True,True,False,23.846838859338007,-48.87372582620548,3.0164181898489058,4.400835272064229,0.20620067069981984,0.0,0.07042257036429143,on,connected,True,synthetic_device_spec_v11
synthetic_customer_006,cabinet_006,2026-09-03 04:30:00+00:00,0,0,0,0,True,True,False,23.91218167609239,-47.58893819854471,2.9893831514950144,4.649238503762882,0.2256180583065288,0.02195274031723985,0.09961418442865175,on,connected,True,synthetic_device_spec_v11
synthetic_customer_006,cabinet_006,2026-09-03 04:40:00+00:00,0,0,0,0,True,True,False,23.98346722790395,-47.413133110429214,2.974909180766937,5.034439212345126,0.0,0.0,0.12216760262729845,on,connected,True,synthetic_device_spec_v11
synthetic_customer_006,cabinet_006,2026-09-03 04:50:00+00:00,0,0,0,0,True,True,False,23.915054683383516,-45.88334498849055,3.019624992631024,5.390129956525794,0.45672730272401646,0.0,0.15031757290516876,on,connected,True,synthetic_device_spec_v11
synthetic_customer_006,cabinet_006,2026-09-03 05:00:00+00:00,0,0,0,0,True,True,False,24.031948598766082,-47.691441136379,3.026342446088688,5.610577137640481,0.0,0.0,0.23233055518334061,on,connected,True,synthetic_device_spec_v11
synthetic_customer_006,cabinet_006,2026-09-03 05:10:00+00:00,0,0,0,0,True,True,False,24.24478536119232,-46.617991466322046,3.0314191263550967,5.819158023918339,0.5729696224182742,0.0,0.27732426564778506,on,connected,True,synthetic_device_spec_v11
synthetic_customer_006,cabinet_006,2026-09-03 05:20:00+00:00,0,0,0,0,True,True,False,23.8456059135994,-46.511894695266726,3.0189942149259714,6.1362556052100725,0.4091461616244401,0.0008865131010861592,0.29304496069138075,on,connected,True,synthetic_device_spec_v11
synthetic_customer_006,cabinet_006,2026-09-03 05:30:00+00:00,0,0,0,0,True,True,False,23.845095729969138,-48.10393102300095,2.9424936044312666,6.495381271538052,0.0,0.0,0.319767916825864,on,connected,True,synthetic_device_spec_v11
synthetic_customer_006,cabinet_006,2026-09-03 05:40:00+00:00,0,0,0,0,True,True,False,23.939115060891346,-48.39570157375632,2.982183623428432,6.7205319704320985,0.0,0.02896812168114308,0.34712167938326555,on,connected,True,synthetic_device_spec_v11
synthetic_customer_006,cabinet_006,2026-09-03 05:50:00+00:00,0,0,0,0,True,True,False,23.821233953606423,-47.95952970880357,2.9499808279976505,7.005862179992241,0.0,0.007646941184594787,0.4047052736724991,on,connected,True,synthetic_device_spec_v11
synthetic_customer_006,cabinet_006,2026-09-03 06:00:00+00:00,0,0,0,0,True,True,False,23.99361188464854,-49.74850473689729,3.084671747441089,6.944431544178027,0.0,0.03924150072535154,0.37497953063823,on,connected,True,synthetic_device_spec_v11
synthetic_customer_006,cabinet_006,2026-09-03 06:10:00+00:00,0,1,1,0,True,True,False,23.83898294747373,-48.64701006088364,3.000251305867075,7.175349845095328,0.0,0.0,0.4013829703383531,on,connected,True,synthetic_device_spec_v11
synthetic_customer_006,cabinet_006,2026-09-03 06:20:00+00:00,0,1,1,0,True,True,False,24.12388541012584,-46.71589806561888,2.998336289735163,6.999104240115621,0.0,0.0,0.4331551579333454,on,connected,True,synthetic_device_spec_v11
synthetic_customer_006,cabinet_006,2026-09-03 06:30:00+00:00,0,1,1,0,True,True,False,23.93092472835255,-47.378090619522645,2.9795273379883476,6.9358826053889215,0.0,0.006094326887519772,0.40344864757001553,on,connected,True,synthetic_device_spec_v11
synthetic_customer_006,cabinet_006,2026-09-03 06:40:00+00:00,0,0,0,0,True,True,False,23.884086152581304,-48.695313462484194,3.030628855058364,3.9775745818888195,0.13218749194757362,0.0,0.024839768517623397,on,connected,True,synthetic_device_spec_v11
synthetic_customer_006,cabinet_006,2026-09-03 06:50:00+00:00,0,0,0,0,True,True,False,24.006854932952212,-47.561582891709044,2.991775618061132,4.0095063399557045,0.0,0.0232072054920448,0.024093310259787497,on,connected,True,synthetic_device_spec_v11
synthetic_customer_006,cabinet_006,2026-09-03 07:00:00+00:00,0,0,0,0,True,True,False,24.08108411919851,-48.04595550598219,2.996032677567705,4.037190323341485,0.6274144766058181,0.0,0.0,on,connected,True,synthetic_device_spec_v11
synthetic_customer_006,cabinet_006,2026-09-03 07:10:00+00:00,0,0,0,0,True,True,False,23.96558852532141,-46.64672678598843,3.0870185573876645,4.027407327276578,0.3084246943733836,0.013369627197663131,0.0,on,connected,True,synthetic_device_spec_v11
synthetic_customer_006,cabinet_006,2026-09-03 07:20:00+00:00,0,0,0,0,True,True,False,23.83839501188829,-49.52669083528991,2.996721351041266,3.972833089710066,0.31435732982320397,0.005210092173746581,0.031190690622914657,on,connected,True,synthetic_device_spec_v11
synthetic_customer_006,cabinet_006,2026-09-03 07:30:00+00:00,0,0,0,0,True,True,False,23.90273085770319,-47.34150811047866,2.9541563328123948,3.8972673126738555,0.0,0.009197174116784826,0.0,on,connected,True,synthetic_device_spec_v11
synthetic_customer_006,cabinet_006,2026-09-03 07:40:00+00:00,0,0,0,0,True,True,False,23.976886312371214,-48.68005372576473,3.003196802965885,3.960180170007739,0.3306844749310247,0.000820005153964877,0.0,on,connected,True,synthetic_device_spec_v11
synthetic_customer_006,cabinet_006,2026-09-03 07:50:00+00:00,0,0,0,0,True,True,False,24.16747833246691,-45.71696803514997,3.050369130833784,4.087726175960829,0.0,0.0,0.0285676022338674,on,connected,True,synthetic_device_spec_v11
synthetic_customer_006,cabinet_006,2026-09-03 08:00:00+00:00,0,0,0,0,True,True,False,23.892939483233828,-45.85677604977622,3.0525797590694865,4.0114503344688375,0.0,0.0045173890629877,0.0,on,connected,True,synthetic_device_spec_v11
synthetic_customer_006,cabinet_006,2026-09-03 08:10:00+00:00,0,0,0,0,True,True,False,24.006849827209514,-49.520344552256695,2.913912545105455,3.9537094543619578,0.4581178442853323,0.019548308750310175,0.0,on,connected,True,synthetic_device_spec_v11
synthetic_customer_006,cabinet_006,2026-09-03 08:20:00+00:00,0,0,0,0,True,True,False,24.117644908497958,-46.912603762419955,3.0154716028883324,3.9181184980261206,0.2962761690313405,0.05595757559812038,0.0,on,connected,True,synthetic_device_spec_v11
synthetic_customer_006,cabinet_006,2026-09-03 08:30:00+00:00,0,0,0,0,True,True,False,24.103517752964873,-48.09946015393493,3.034344179258897,3.943490704297951,0.0,0.0,0.0,on,connected,True,synthetic_device_spec_v11
synthetic_customer_006,cabinet_006,2026-09-03 08:40:00+00:00,0,0,0,0,True,True,False,23.95065121867135,-46.94614914066615,2.9597545864309525,3.9779413228357345,0.055906955301151674,0.0,0.010396694764612741,on,connected,True,synthetic_device_spec_v11
synthetic_customer_006,cabinet_006,2026-09-03 08:50:00+00:00,0,0,0,0,True,True,False,24.300165118595448,-49.16146904022251,3.0719433329107018,3.9683761401841524,0.7773406017725273,0.0,0.012270405601110451,on,connected,True,synthetic_device_spec_v11
synthetic_customer_006,cabinet_006,2026-09-03 09:00:00+00:00,0,0,0,0,True,True,False,23.89417764485418,-47.06986654572669,2.915807422618459,3.99779186779805,0.0,0.0,0.010806008230819708,on,connected,True,synthetic_device_spec_v11
synthetic_customer_006,cabinet_006,2026-09-03 09:10:00+00:00,0,0,0,0,True,True,False,23.438121303677367,-46.947549337241675,3.0367479068287606,4.0407070907910505,0.905733606657341,0.0,0.0,on,connected,True,synthetic_device_spec_v11
synthetic_customer_006,cabinet_006,2026-09-03 09:20:00+00:00,0,0,0,0,True,True,False,23.305600441419436,-46.53296612111433,2.957738209885341,4.0249460380655275,0.5056212108835678,0.0020255364824796483,0.0,on,connected,True,synthetic_device_spec_v11
synthetic_customer_006,cabinet_006,2026-09-03 09:30:00+00:00,0,0,0,0,True,True,False,22.885676050122413,-47.83926161218511,2.9660069975638375,3.9707233684634873,0.0,0.02426384608804512,0.0,on,connected,True,synthetic_device_spec_v11
synthetic_customer_006,cabinet_006,2026-09-03 09:40:00+00:00,0,0,0,0,True,True,False,22.577079552941857,-47.083548834176796,2.9909902376938935,3.9740420515524577,0.0,0.0006165373447993418,0.009734211196910222,on,connected,True,synthetic_device_spec_v11
synthetic_customer_006,cabinet_006,2026-09-03 09:50:00+00:00,0,0,0,0,True,True,False,22.384132173366933,-49.06480399411531,3.018859759684077,4.07531646769564,1.8759314066116701,0.0,0.02138563508431727,on,connected,True,synthetic_device_spec_v11
synthetic_customer_006,cabinet_006,2026-09-03 10:00:00+00:00,0,0,0,0,True,True,False,22.150042381393057,-48.017906359431144,2.9724360639388903,3.98456973594789,0.0,0.004322209089304522,0.0,on,connected,True,synthetic_device_spec_v11
synthetic_customer_006,cabinet_006,2026-09-03 10:10:00+00:00,0,0,0,0,True,True,False,21.665164919842006,-48.754864240520895,2.8895937816406483,4.075472219490577,0.21327367945304923,0.0,0.0,on,connected,True,synthetic_device_spec_v11
synthetic_customer_006,cabinet_006,2026-09-03 10:20:00+00:00,0,0,0,0,True,True,False,21.867996154063825,-48.53844542806887,2.8369476578515602,3.965936118971573,0.0,0.008523145744503226,0.0,on,connected,True,synthetic_device_spec_v11
synthetic_customer_006,cabinet_006,2026-09-03 10:30:00+00:00,0,0,0,0,True,True,False,21.238161824828136,-49.91423727718138,2.7293704684683946,4.0397595266489805,0.6707459575433303,0.012775259171650217,0.0064060644628086486,on,connected,True,synthetic_device_spec_v11
synthetic_customer_006,cabinet_006,2026-09-03 10:40:00+00:00,0,0,0,0,True,True,False,20.912324327188202,-46.99301403715413,2.623585664104998,4.035986113144003,0.0,0.013107984618264302,0.0,on,connected,True,synthetic_device_spec_v11
synthetic_customer_006,cabinet_006,2026-09-03 10:50:00+00:00,0,0,0,0,True,True,False,20.534282793123428,-48.7070656162755,2.502046727645081,3.9076563713860244,0.6015484811316198,0.04144720622625955,0.01229692655770186,on,connected,True,synthetic_device_spec_v11
synthetic_customer_006,cabinet_006,2026-09-03 11:00:00+00:00,0,0,0,0,True,True,False,20.53102011641291,-47.64180936439514,2.4951516591299607,3.9386916029334667,0.0,0.0663541791387488,0.02993961254526341,on,connected,True,synthetic_device_spec_v11
synthetic_customer_006,cabinet_006,2026-09-03 11:10:00+00:00,0,0,0,0,True,True,False,20.441246246561004,-47.19614590583243,2.3902175811272546,4.064347373560575,0.13874706050275185,0.0,0.0,on,connected,True,synthetic_device_spec_v11
synthetic_customer_006,cabinet_006,2026-09-03 11:20:00+00:00,0,0,0,0,True,True,False,19.89207391703959,-47.560283903185116,2.2324022445871554,3.9233015660846764,0.0,0.0,0.0,on,connected,True,synthetic_device_spec_v11
synthetic_customer_006,cabinet_006,2026-09-03 11:30:00+00:00,0,0,0,0,True,True,False,19.847626817056195,-48.0146825677928,2.179471131575682,3.9991898968561523,0.4099601870549298,0.0,0.0,on,connected,True,synthetic_device_spec_v11
synthetic_customer_006,cabinet_006,2026-09-03 11:40:00+00:00,0,0,0,0,True,True,False,19.27884215163322,-47.36703660378913,2.208387712573154,3.9195736494736644,0.28097117376655945,0.02088159664669685,0.0,on,connected,True,synthetic_device_spec_v11
synthetic_customer_006,cabinet_006,2026-09-03 11:50:00+00:00,0,0,0,0,True,True,False,19.263959024568496,-48.8353503780966,2.198292091908326,3.9084657159462735,0.7590748708233984,0.0,0.0006144936295353718,on,connected,True,synthetic_device_spec_v11
synthetic_customer_006,cabinet_006,2026-09-03 12:00:00+00:00,0,0,0,0,True,True,False,18.994414630902693,-48.179819544854105,2.2187874213488037,3.9711230159385518,0.4237432272734939,0.03332945194028491,0.0,on,connected,True,synthetic_device_spec_v11
synthetic_customer_006,cabinet_006,2026-09-03 12:10:00+00:00,1,1,1,1,True,True,False,18.608590132682533,-46.28911054159541,2.2216842585092027,3.9780353764114467,0.36777535481350065,0.0,0.0,on,connected,True,synthetic_device_spec_v11
synthetic_customer_006,cabinet_006,2026-09-03 13:40:00+00:00,0,0,0,0,True,True,False,24.11953736631215,-49.01458404067277,3.0398759886845004,3.9737613616539287,0.3331643321230153,0.0032245058180511675,0.0,on,connected,True,synthetic_device_spec_v11
synthetic_customer_006,cabinet_006,2026-09-03 13:50:00+00:00,0,0,0,0,True,True,False,23.955708160590163,-47.8317363767334,2.9715763106009687,3.8918093292462785,0.0,0.01137257027222495,0.0,on,connected,True,synthetic_device_spec_v11
synthetic_customer_006,cabinet_006,2026-09-03 14:00:00+00:00,0,0,0,0,True,True,False,23.8990570252882,-49.10570299823968,2.9498824459250836,4.20079438988016,0.0,0.0,0.0,on,connected,True,synthetic_device_spec_v11
synthetic_customer_006,cabinet_006,2026-09-03 14:10:00+00:00,0,0,0,0,True,True,False,23.935245511334422,-47.13845817361486,2.9680006993753207,3.961800488253648,0.22388774225236524,0.0015225768478561556,0.0,on,connected,True,synthetic_device_spec_v11
synthetic_customer_006,cabinet_006,2026-09-03 14:20:00+00:00,0,0,0,0,True,True,False,24.114262124598195,-47.41322404022917,2.9455514562922644,4.042015672409336,0.0,0.0,0.0,on,connected,True,synthetic_device_spec_v11
synthetic_customer_006,cabinet_006,2026-09-03 14:30:00+00:00,0,0,0,0,True,True,False,23.933793029607145,-49.65570408991816,3.053497040833162,3.990420973171437,0.11143151610651339,0.0,0.009665467227276374,on,connected,True,synthetic_device_spec_v11
synthetic_customer_006,cabinet_006,2026-09-03 14:40:00+00:00,0,0,0,0,True,True,False,24.03358688758781,-48.6265581759262,2.9444404419035854,3.997915887603894,0.0,0.02690496617038778,0.0,on,connected,True,synthetic_device_spec_v11
synthetic_customer_006,cabinet_006,2026-09-03 14:50:00+00:00,0,0,0,0,True,True,False,24.042687661591753,-48.999156616649664,2.960447566632591,4.0048634353628385,0.08437710593856713,0.05567733908524924,0.005121724721496438,on,connected,True,synthetic_device_spec_v11
synthetic_customer_006,cabinet_006,2026-09-03 15:00:00+00:00,0,0,0,0,True,True,False,24.011043886553868,-47.723085757758234,3.068909636681592,4.001086406303591,0.2607511294738404,0.0,0.0,on,connected,True,synthetic_device_spec_v11
synthetic_customer_006,cabinet_006,2026-09-03 15:10:00+00:00,0,0,0,0,True,True,False,23.97349854843258,-48.60344686343926,3.015111132340317,4.001576449293965,0.0,0.02388096067806015,0.003941750829304878,on,connected,True,synthetic_device_spec_v11
synthetic_customer_006,cabinet_006,2026-09-03 15:20:00+00:00,0,0,0,0,True,True,False,24.181045187258203,-48.07629060234493,3.010126715548142,4.065221375393064,0.0,0.029114438481126284,0.012888211650780693,on,connected,True,synthetic_device_spec_v11
synthetic_customer_006,cabinet_006,2026-09-03 15:30:00+00:00,0,0,0,0,True,True,False,23.967942819613892,-47.00354759788591,3.0062629429235797,4.013574518961092,0.0,0.004629773122355004,0.00341496994974981,on,connected,True,synthetic_device_spec_v11
synthetic_customer_006,cabinet_006,2026-09-03 15:40:00+00:00,0,0,0,0,True,True,False,23.848342232813195,-48.18468716659202,3.0296254879364506,4.134877601675205,0.0,0.0,0.0,on,connected,True,synthetic_device_spec_v11
synthetic_customer_006,cabinet_006,2026-09-03 15:50:00+00:00,0,0,0,0,True,True,False,23.902638916866056,-47.73235322229538,3.010425378446494,4.020884077468036,0.0,0.0,0.0,on,connected,True,synthetic_device_spec_v11
synthetic_customer_006,cabinet_006,2026-09-03 16:00:00+00:00,0,0,0,0,True,True,False,24.081350556479435,-46.388436358351676,2.9809420500701074,3.949396634521032,0.0,0.030576911973427375,0.004748078454524707,on,connected,True,synthetic_device_spec_v11
synthetic_customer_006,cabinet_006,2026-09-03 16:10:00+00:00,0,0,0,0,True,True,False,23.86407389598624,-48.86253316092164,2.9597130414815562,4.012057837609105,0.0,0.03098400569933146,0.00873181850622884,on,connected,True,synthetic_device_spec_v11
synthetic_customer_006,cabinet_006,2026-09-03 16:20:00+00:00,0,0,0,0,True,True,False,23.984494844310706,-47.46035293514853,3.0324533671802767,4.130655285115074,0.02206090719542513,0.0,0.0058887266976276244,on,connected,True,synthetic_device_spec_v11
synthetic_customer_006,cabinet_006,2026-09-03 16:30:00+00:00,0,0,0,0,True,True,False,24.13152771794438,-46.799878061763195,3.030774524469205,4.01688930250762,0.059981692934328285,0.0,0.0,on,connected,True,synthetic_device_spec_v11
synthetic_customer_006,cabinet_006,2026-09-03 16:40:00+00:00,0,0,0,0,True,True,False,23.841395598704352,-49.322098377046025,2.925546967650446,3.97987859967869,0.0,0.017047898054601586,0.027594075189549636,on,connected,True,synthetic_device_spec_v11
synthetic_customer_006,cabinet_006,2026-09-03 16:50:00+00:00,0,0,0,0,True,True,False,23.896448373253886,-47.924922840482594,3.0236598960219276,4.097731696036022,0.0,0.009843090645281397,0.0,on,connected,True,synthetic_device_spec_v11
synthetic_customer_006,cabinet_006,2026-09-03 17:00:00+00:00,0,0,0,0,True,True,False,23.937380846924388,-47.515013555458246,3.0253882359185873,4.024788476935075,0.40069236249802603,0.0,0.021921541828453198,on,connected,True,synthetic_device_spec_v11
synthetic_customer_006,cabinet_006,2026-09-03 17:10:00+00:00,0,0,0,0,True,True,False,23.80588459517374,-48.022330129831815,3.030002597762238,4.1086395127933715,0.0,0.011604000339207391,0.0007507213856681225,on,connected,True,synthetic_device_spec_v11
synthetic_customer_006,cabinet_006,2026-09-03 17:20:00+00:00,0,0,0,0,True,True,False,23.63187718248643,-48.305442782298385,2.9412654286367292,3.854942966861664,0.040690306175833614,0.0,0.0,on,connected,True,synthetic_device_spec_v11
synthetic_customer_006,cabinet_006,2026-09-03 17:30:00+00:00,0,0,0,0,True,True,False,23.918262948222843,-48.18183569695171,2.997610267389492,3.991503484284796,0.27615329701201,0.0,0.0,on,connected,True,synthetic_device_spec_v11
synthetic_customer_006,cabinet_006,2026-09-03 17:40:00+00:00,0,0,0,0,True,True,False,23.997107145322488,-48.63893156053066,3.0509000590106465,4.0621977503700775,0.0,0.025073832003929465,0.017576185686646494,on,connected,True,synthetic_device_spec_v11
synthetic_customer_006,cabinet_006,2026-09-03 17:50:00+00:00,0,0,0,0,True,True,False,23.905130213810605,-46.84735933345331,2.9150801343014,4.008389942707653,0.0,0.007027609119480288,0.014945168476300195,on,connected,True,synthetic_device_spec_v11
synthetic_customer_006,cabinet_006,2026-09-03 18:00:00+00:00,0,0,0,0,True,True,False,23.990054370732008,-47.59921925690546,3.0121818096468655,4.008375077959881,0.0,0.0,0.0032126875626980055,on,connected,True,synthetic_device_spec_v11
synthetic_customer_006,cabinet_006,2026-09-03 18:10:00+00:00,1,1,1,1,True,True,False,23.85905572728711,-48.27006534956715,2.987329846866273,4.001138584667108,0.9224967663712342,0.03134740842783008,0.004355132931399056,on,connected,True,synthetic_device_spec_v11
synthetic_customer_006,cabinet_006,2026-09-03 18:20:00+00:00,1,1,1,1,True,True,False,23.94520504684452,-50.27493017116754,2.962082660125459,4.149469571498274,0.23913559036305757,0.0,0.0074044450421213714,on,connected,True,synthetic_device_spec_v11
synthetic_customer_006,cabinet_006,2026-09-03 18:30:00+00:00,1,1,1,1,True,True,False,23.95143331114958,-48.14947688193817,3.041236298755607,3.9604988205111566,0.0,0.0034851476962260777,0.017068268275917366,on,connected,True,synthetic_device_spec_v11
synthetic_customer_006,cabinet_006,2026-09-03 18:40:00+00:00,0,0,0,0,True,True,False,24.29413097404902,-47.119884247335456,3.0388868456948743,3.9596426342271904,0.526746235865801,0.0025115892571090895,0.0,on,connected,True,synthetic_device_spec_v11
synthetic_customer_006,cabinet_006,2026-09-03 18:50:00+00:00,0,0,0,0,True,True,False,24.10341579106333,-47.9940113066647,3.0272996256805214,3.9355076362751213,0.0,0.0,0.0,on,connected,True,synthetic_device_spec_v11
synthetic_customer_006,cabinet_006,2026-09-03 19:00:00+00:00,0,0,0,0,True,True,False,24.163604084023742,-49.033689010942624,2.991694110501474,4.022293522771886,0.0,0.019172107817907666,0.0038095999692270713,on,connected,True,synthetic_device_spec_v11
synthetic_customer_006,cabinet_006,2026-09-03 19:10:00+00:00,0,0,0,0,True,True,False,24.03471044711616,-48.81802398246606,3.0858461744598977,3.9293871550980732,0.0,0.004597906023775061,0.0,on,connected,True,synthetic_device_spec_v11
synthetic_customer_006,cabinet_006,2026-09-03 19:20:00+00:00,0,0,0,0,True,True,False,23.91609481414757,-48.10881177085447,2.9620473136737666,3.918977439468402,0.3371753714595338,0.0,0.0,on,connected,True,synthetic_device_spec_v11
synthetic_customer_006,cabinet_006,2026-09-03 19:30:00+00:00,0,0,0,0,True,True,False,23.94209558708236,-47.14584680502531,2.970371220130011,3.989181693633709,0.0,0.0026917844741492355,0.0,on,connected,True,synthetic_device_spec_v11
synthetic_customer_006,cabinet_006,2026-09-03 19:40:00+00:00,0,0,0,0,True,True,False,23.92426858102151,-48.87231349586705,3.069469467303829,4.048342125469269,0.0,0.01248328827727539,0.0,on,connected,True,synthetic_device_spec_v11
synthetic_customer_006,cabinet_006,2026-09-03 19:50:00+00:00,0,0,0,0,True,True,False,24.09131266822517,-47.3760642650619,2.9447928725879975,3.957478713312801,0.20277221069235388,0.039498180165639524,0.0,on,connected,True,synthetic_device_spec_v11
synthetic_customer_006,cabinet_006,2026-09-03 20:00:00+00:00,0,0,0,0,True,True,False,23.966204031828376,-47.61134429061699,3.0336415590658588,3.948727831003308,0.0,0.012970266976167467,0.0,on,connected,True,synthetic_device_spec_v11
synthetic_customer_006,cabinet_006,2026-09-03 20:10:00+00:00,0,0,0,0,True,True,False,24.010846897119063,-47.938833877086466,2.993472840843158,3.9949864188559703,0.0,0.014134131805358531,0.0,on,connected,True,synthetic_device_spec_v11
synthetic_customer_006,cabinet_006,2026-09-03 20:20:00+00:00,0,0,0,0,True,True,False,23.941232819596635,-46.10796049641341,2.9595789781910278,3.9987827309968247,0.0,0.0,0.0,on,connected,True,synthetic_device_spec_v11
synthetic_customer_006,cabinet_006,2026-09-03 20:30:00+00:00,0,0,0,0,True,True,False,24.248172786884844,-49.04382310764457,3.042684012245009,3.9830657276014434,0.0,0.008596341948683013,0.014984648006560273,on,connected,True,synthetic_device_spec_v11
synthetic_customer_006,cabinet_006,2026-09-03 20:40:00+00:00,0,0,0,0,True,True,False,24.33803152571694,-47.39421505625479,3.042528982958545,3.93419114252472,0.0,0.0185546114651989,0.0,on,connected,True,synthetic_device_spec_v11
synthetic_customer_006,cabinet_006,2026-09-03 20:50:00+00:00,0,0,0,0,True,True,False,23.920043981140825,-48.84131467793472,2.9606844547078732,3.996361329548492,0.0,0.0,0.0,on,connected,True,synthetic_device_spec_v11
synthetic_customer_006,cabinet_006,2026-09-03 21:00:00+00:00,0,0,0,0,True,True,False,24.11452753183146,-48.66262526237076,3.0121993362490924,3.9498129558984236,0.8857623097602194,0.03004375790454153,0.0,on,connected,True,synthetic_device_spec_v11
synthetic_customer_006,cabinet_006,2026-09-03 21:10:00+00:00,0,0,0,0,True,True,False,24.109052416473162,-47.40249757058355,2.962568385383566,4.0201320611604,0.3463152776883387,0.0,0.0,on,connected,True,synthetic_device_spec_v11
synthetic_customer_006,cabinet_006,2026-09-03 21:20:00+00:00,0,0,0,0,True,True,False,24.28109944697729,-48.22664448675072,2.9911055949153504,3.9543171904251646,0.0,0.006818647239543009,0.011052425098989783,on,connected,True,synthetic_device_spec_v11
synthetic_customer_006,cabinet_006,2026-09-03 21:30:00+00:00,0,0,0,0,True,True,False,24.03113990904722,-49.14404061458474,2.9603645087216774,3.895600035931895,0.5393423577474232,0.0,0.021525637317117832,on,connected,True,synthetic_device_spec_v11
synthetic_customer_006,cabinet_006,2026-09-03 21:40:00+00:00,0,0,0,0,True,True,False,23.958523575817768,-49.01214148434312,3.0116537855986083,3.9491853411550775,0.0,7.895785870219537e-05,0.0,on,connected,True,synthetic_device_spec_v11
synthetic_customer_006,cabinet_006,2026-09-03 21:50:00+00:00,0,0,0,0,True,True,False,24.076457294914885,-48.36961088488735,3.0303354566672143,4.013108290051233,0.0,0.00901763565180515,0.016413448972222217,on,connected,True,synthetic_device_spec_v11
synthetic_customer_006,cabinet_006,2026-09-03 22:00:00+00:00,0,0,0,0,True,True,False,23.75618186374468,-48.40840541730515,3.000762039991202,4.012857336775693,0.0,0.0,0.0,on,connected,True,synthetic_device_spec_v11
synthetic_customer_006,cabinet_006,2026-09-03 22:10:00+00:00,0,0,0,0,True,True,False,24.002507934127213,-48.21918742415169,3.0260405565752255,3.9780302411692205,0.4068631159610219,0.0035425472564917636,0.007860600914073203,on,connected,True,synthetic_device_spec_v11
synthetic_customer_006,cabinet_006,2026-09-03 22:20:00+00:00,0,0,0,0,True,True,False,23.945355403436093,-45.097368077111256,3.0150229384486784,4.103921534615003,0.40469466517847225,0.002795150690120288,0.0,on,connected,True,synthetic_device_spec_v11
synthetic_customer_006,cabinet_006,2026-09-03 22:30:00+00:00,0,0,0,0,True,True,False,23.993106012697805,-47.23542963778322,2.9799498281641355,4.026832229430077,0.0,0.011892571092866212,0.027495764784991734,on,connected,True,synthetic_device_spec_v11
synthetic_customer_006,cabinet_006,2026-09-03 22:40:00+00:00,0,0,0,0,True,True,False,23.812639234756812,-46.92872126096125,2.9862742428605547,3.8737392895515996,0.0,0.0,0.0,on,connected,True,synthetic_device_spec_v11
synthetic_customer_006,cabinet_006,2026-09-03 22:50:00+00:00,0,0,0,0,True,True,False,24.112621152322287,-49.16823804748925,3.0602301277879147,3.975015290334703,0.559929579196665,0.010124332052485021,0.0,on,connected,True,synthetic_device_spec_v11
synthetic_customer_006,cabinet_006,2026-09-03 23:00:00+00:00,0,0,0,0,True,True,False,24.248483775540176,-48.88635098922808,2.9978877662874193,4.014685552196476,1.6061361677852142,0.0,0.0008300778705151294,on,connected,True,synthetic_device_spec_v11
synthetic_customer_006,cabinet_006,2026-09-03 23:10:00+00:00,0,0,0,0,True,True,False,23.916343105797388,-47.281671206405264,2.9901902918991294,3.943137967042145,3.4648035936071815,0.029406042579369174,0.0,on,connected,True,synthetic_device_spec_v11
synthetic_customer_006,cabinet_006,2026-09-03 23:20:00+00:00,0,0,0,0,True,True,False,23.968047332304,-47.70728256282392,3.072091601221407,4.078631241977059,4.025286967180149,0.010633686989539556,0.0,on,connected,True,synthetic_device_spec_v11
synthetic_customer_006,cabinet_006,2026-09-03 23:30:00+00:00,0,0,0,0,True,True,False,23.986829226648762,-46.13751376251667,2.9564218694789144,3.9778080875650894,5.503424054495044,0.0062824863285040194,0.0,on,connected,True,synthetic_device_spec_v11
synthetic_customer_006,cabinet_006,2026-09-03 23:40:00+00:00,0,0,0,0,True,True,False,23.91322607684315,-47.82725457536778,3.0096276131419275,3.9912196444795107,6.7817105138360825,0.01715654334437976,0.014106077807370417,on,connected,True,synthetic_device_spec_v11
synthetic_customer_006,cabinet_006,2026-09-03 23:50:00+00:00,0,0,0,0,True,True,False,24.106579995040637,-47.756428831551744,3.004546073238587,4.03485692343145,9.402839336563662,0.031765565573818134,0.0,on,connected,True,synthetic_device_spec_v11
synthetic_customer_006,cabinet_006,2026-09-04 00:00:00+00:00,0,0,0,0,True,True,False,23.99049358672525,-48.51964307307166,2.9994585976562465,4.024222896027238,10.269403378245935,0.0123865826446911,0.0,on,connected,True,synthetic_device_spec_v11
synthetic_customer_006,cabinet_006,2026-09-04 00:10:00+00:00,1,1,1,1,True,True,False,24.071193106479793,-46.77171088012387,2.976481984642608,3.9220495781569094,11.408942559684094,0.0,0.004833626379507357,on,connected,True,synthetic_device_spec_v11
synthetic_customer_006,cabinet_006,2026-09-04 00:20:00+00:00,1,1,1,1,True,True,False,23.97112756056032,-49.59282993954331,2.9874108769291934,4.022817105618125,13.296293819382793,0.0,0.00954851915541469,on,connected,True,synthetic_device_spec_v11
synthetic_customer_006,cabinet_006,2026-09-04 00:30:00+00:00,1,1,1,1,True,True,False,24.005663455568705,-47.09653694451402,2.9583231093269022,3.943478032663935,13.678147568791438,0.02116558261796321,0.004222652529881597,on,connected,True,synthetic_device_spec_v11
synthetic_customer_006,cabinet_006,2026-09-04 00:40:00+00:00,0,0,0,0,True,True,False,24.150571973429603,-47.469839406124855,2.984305300251898,3.9258538643623444,16.286413492119074,0.0,0.0,on,connected,True,synthetic_device_spec_v11
synthetic_customer_006,cabinet_006,2026-09-04 00:50:00+00:00,0,0,0,0,True,True,False,24.032631563270037,-48.253536073175944,2.992019370394238,3.9154509563875806,16.67140085605138,0.04792929625115447,0.0,on,connected,True,synthetic_device_spec_v11
synthetic_customer_006,cabinet_006,2026-09-04 01:00:00+00:00,0,0,0,0,True,True,False,24.153276173713536,-48.6915727825783,3.0844555640154008,3.92142927939715,18.005344119266102,0.0,0.0,on,connected,True,synthetic_device_spec_v11
synthetic_customer_006,cabinet_006,2026-09-04 01:10:00+00:00,0,0,0,0,True,True,False,24.018528730205936,-47.79721717430183,2.966343927546456,3.9459857430300165,20.468922590853946,0.0,0.0062513334126258705,on,connected,True,synthetic_device_spec_v11
synthetic_customer_006,cabinet_006,2026-09-04 01:20:00+00:00,0,0,0,0,True,True,False,23.911692877494012,-47.03966125416264,2.9153318000589707,4.0583177460909665,21.957630236157954,0.01583018811469211,0.004239847036381078,on,connected,True,synthetic_device_spec_v11
synthetic_customer_006,cabinet_006,2026-09-04 01:30:00+00:00,0,0,0,0,True,True,False,23.866975620006333,-49.667386905859125,2.999454060297541,3.9206733625348447,23.466871897383633,0.0,0.0,on,connected,True,synthetic_device_spec_v11
synthetic_customer_006,cabinet_006,2026-09-04 01:40:00+00:00,0,0,0,0,True,True,False,24.242333665129042,-47.96989052457011,2.9757143803419286,3.956418047568419,24.453178246453025,0.0015169904354081767,0.0,on,connected,True,synthetic_device_spec_v11
synthetic_customer_006,cabinet_006,2026-09-04 01:50:00+00:00,0,0,0,0,True,True,False,24.160376917658656,-48.999848932467636,3.0386124155915892,4.024069079117022,25.17299333818417,0.0,0.003955551461299972,on,connected,True,synthetic_device_spec_v11
synthetic_customer_006,cabinet_006,2026-09-04 02:00:00+00:00,0,0,0,0,True,True,False,23.881729418396233,-48.77923894367193,2.9784585013819416,4.078518879659332,23.910728407806154,0.0,0.0,on,connected,True,synthetic_device_spec_v11
synthetic_customer_006,cabinet_006,2026-09-04 02:10:00+00:00,0,0,0,0,True,True,False,24.03485573321685,-48.17763836592326,3.013986274598077,3.9548449193870865,24.966543148988695,0.011053283773052706,0.009703597129177571,on,connected,True,synthetic_device_spec_v11
synthetic_customer_006,cabinet_006,2026-09-04 02:20:00+00:00,0,0,0,0,True,True,False,24.00508443862681,-48.945874340637516,3.0125820579252642,3.9689596312549336,0.0,0.02389622444561761,0.0,on,connected,True,synthetic_device_spec_v11
synthetic_customer_006,cabinet_006,2026-09-04 02:30:00+00:00,0,0,0,0,True,True,False,24.030906168747403,-46.38535453468431,2.9632997990696963,4.009556381968086,0.2595706738010854,0.0,0.013911566804957183,on,connected,True,synthetic_device_spec_v11
synthetic_customer_006,cabinet_006,2026-09-04 02:40:00+00:00,0,0,0,0,True,True,False,23.83346854461162,-47.80199635377557,2.9799304532658577,4.09930836763157,0.12898882621793015,0.0,0.012509096263378549,on,connected,True,synthetic_device_spec_v11
synthetic_customer_006,cabinet_006,2026-09-04 02:50:00+00:00,0,0,0,0,True,True,False,23.853348927401072,-47.329801980673146,2.944040804348832,4.360604548690601,0.0,0.011200063833547727,0.04035787631295848,on,connected,True,synthetic_device_spec_v11
synthetic_customer_006,cabinet_006,2026-09-04 03:00:00+00:00,0,0,0,0,True,True,False,23.954802341568673,-47.07067763064051,3.0496049029619345,4.627680863813993,0.6577605121184739,0.0,0.04845299479556575,on,connected,True,synthetic_device_spec_v11
synthetic_customer_006,cabinet_006,2026-09-04 03:10:00+00:00,0,0,0,0,True,True,False,24.035612191115423,-48.71698463008206,3.0341538896811326,4.675775774548205,0.6154636286966076,0.05009908122283622,0.09957628364513858,on,connected,True,synthetic_device_spec_v11
synthetic_customer_006,cabinet_006,2026-09-04 03:20:00+00:00,0,0,0,0,True,True,False,24.11120079441693,-47.700264746453854,3.018407253194139,4.989620111220283,0.2711119428742677,0.0038102882791970095,0.09653254774006179,on,connected,True,synthetic_device_spec_v11
synthetic_customer_006,cabinet_006,2026-09-04 03:30:00+00:00,0,0,0,0,True,True,False,24.035196433179948,-48.63578891695321,3.0383567388080124,5.258853886225183,1.3207955130788425,0.04147563433108438,0.1658292221062311,on,connected,True,synthetic_device_spec_v11
synthetic_customer_006,cabinet_006,2026-09-04 03:40:00+00:00,0,0,0,0,True,True,False,24.10560740143203,-48.425959031241206,2.949564052660294,5.401891844070747,0.0,0.0,0.1872841573873741,on,connected,True,synthetic_device_spec_v11
synthetic_customer_006,cabinet_006,2026-09-04 03:50:00+00:00,0,0,0,0,True,True,False,24.11581215461455,-49.44842091880398,3.0340359697853643,5.493470159362612,0.0,0.030157041429450984,0.1851565504724197,on,connected,True,synthetic_device_spec_v11
synthetic_customer_006,cabinet_006,2026-09-04 04:00:00+00:00,0,0,0,0,True,True,False,24.154109882146688,-48.327003695043075,2.9541407100166683,5.836420498366278,0.1808517330488339,0.0038102869594557444,0.24019169732842138,on,connected,True,synthetic_device_spec_v11
synthetic_customer_006,cabinet_006,2026-09-04 04:10:00+00:00,0,0,0,0,True,True,False,24.070867570526794,-49.288547270180565,2.9731680007211594,5.891100475022664,0.0,0.027826211406002062,0.26406006452235536,on,connected,True,synthetic_device_spec_v11
synthetic_customer_006,cabinet_006,2026-09-04 04:20:00+00:00,0,0,0,0,True,True,False,24.150105236386736,-53.519089348879035,2.950738208531849,6.187213399149926,0.1283372008335925,0.05399120052399533,0.3074984506627769,on,connected,True,synthetic_device_spec_v11
synthetic_customer_006,cabinet_006,2026-09-04 04:30:00+00:00,0,0,0,0,True,True,False,23.815171314274437,-52.66355679629502,2.9748097348476854,6.439629497511985,0.2958546851039133,0.08794743927468174,0.29788000900765893,on,connected,True,synthetic_device_spec_v11
synthetic_customer_006,cabinet_006,2026-09-04 04:40:00+00:00,0,0,0,0,True,True,False,23.9378947919224,-54.16222334955648,2.9906763033745656,6.65175214583845,0.27255392389060523,0.1147783168126699,0.3433289355922231,on,connected,True,synthetic_device_spec_v11
synthetic_customer_006,cabinet_006,2026-09-04 04:50:00+00:00,0,0,0,0,True,True,False,24.09283171797322,-55.6824464738831,3.0272861336810366,6.835243853246097,0.43317735228586757,0.175765385990327,0.365928781179012,on,connected,True,synthetic_device_spec_v11
synthetic_customer_006,cabinet_006,2026-09-04 05:00:00+00:00,0,0,0,0,True,True,False,24.11243248935266,-58.27984609370118,3.0407920332230534,6.995538964906878,0.0,0.1437218718771403,0.4079654945553486,on,connected,True,synthetic_device_spec_v11
synthetic_customer_006,cabinet_006,2026-09-04 05:10:00+00:00,0,0,0,0,True,True,False,23.948049145660196,-59.75296518178649,2.971610830311928,6.99114047467143,0.0,0.19455230152282138,0.402074254470258,on,connected,True,synthetic_device_spec_v11
synthetic_customer_006,cabinet_006,2026-09-04 05:20:00+00:00,0,0,0,0,True,True,False,24.150822021130647,-60.132648478066045,2.9950086747126052,6.912831282059803,0.40586375256746876,0.24672033919515668,0.3911553329789287,on,connected,True,synthetic_device_spec_v11
synthetic_customer_006,cabinet_006,2026-09-04 05:30:00+00:00,0,0,0,0,True,True,False,24.06288829490241,-63.28816837310467,2.95640205971872,7.030693092520287,0.0,0.3246519873547905,0.42092985774817104,on,connected,True,synthetic_device_spec_v11
synthetic_customer_006,cabinet_006,2026-09-04 05:40:00+00:00,0,0,0,0,True,True,False,24.002232420419652,-65.50315212994359,3.0498664672897924,6.9770780167150175,0.0,0.3685666317397135,0.395597048594016,on,connected,True,synthetic_device_spec_v11
synthetic_customer_006,cabinet_006,2026-09-04 05:50:00+00:00,0,0,0,0,True,True,False,23.6364007532497,-66.11780185893502,2.863105147757068,6.991171308489655,0.29899374856943994,0.3457358514847328,0.40073175065556493,on,connected,True,synthetic_device_spec_v11
synthetic_customer_006,cabinet_006,2026-09-04 06:00:00+00:00,0,0,0,0,True,True,False,24.06472396358333,-70.5062620991016,2.727304036367608,6.935142676489505,0.7924832172153289,0.38183943777309437,0.40413032298368656,on,connected,True,synthetic_device_spec_v11
synthetic_customer_006,cabinet_006,2026-09-04 06:10:00+00:00,1,1,1,1,True,True,False,23.938394790505686,-71.30788078216773,2.631637738208712,4.0130743875775945,0.49677222354117695,0.4042453210775364,0.015042140385245182,on,connected,True,synthetic_device_spec_v11
synthetic_customer_006,cabinet_006,2026-09-04 06:20:00+00:00,1,1,1,1,True,True,False,24.094143707267776,-73.61289337256333,2.4376972418894236,3.9951485846750283,0.0,0.4000771543425884,0.0,on,connected,True,synthetic_device_spec_v11
synthetic_customer_006,cabinet_006,2026-09-04 06:30:00+00:00,1,1,1,1,True,True,False,24.17737480537132,-73.12720039989993,2.2904566865130587,4.025764663179955,0.0,0.45988730102643566,0.03155316530207883,on,connected,True,synthetic_device_spec_v11
synthetic_customer_006,cabinet_006,2026-09-04 06:40:00+00:00,0,0,0,0,True,True,False,24.016302197475554,-75.35434809439465,2.1138185750754404,4.028036976731194,0.0,0.4840363826760052,0.005659052269657401,on,connected,True,synthetic_device_spec_v11
synthetic_customer_006,cabinet_006,2026-09-04 06:50:00+00:00,0,0,0,0,True,True,False,23.830464825093536,-77.25988533315859,1.9126899101352575,3.994249728838505,0.1328289879022444,0.5077975932122681,0.019068361950332006,on,connected,True,synthetic_device_spec_v11
synthetic_customer_006,cabinet_006,2026-09-04 07:00:00+00:00,0,0,0,0,True,True,False,23.86512652660787,-78.23245286216446,1.7654452317566984,3.9294674915845484,0.0,0.5727313246123892,0.0,on,connected,True,synthetic_device_spec_v11
synthetic_customer_006,cabinet_006,2026-09-04 07:10:00+00:00,0,0,0,0,True,True,False,23.95886746083156,-79.21965756686946,1.6392805421028593,3.9957894262756195,0.0,0.553553158017994,0.006441713565162787,on,connected,True,synthetic_device_spec_v11
synthetic_customer_006,cabinet_006,2026-09-04 07:20:00+00:00,0,0,0,0,True,True,False,24.05693129978724,-82.8125468441418,1.449965264844815,4.008185680339935,0.527999051111301,0.6598764868644026,0.0036376466162936576,on,connected,True,synthetic_device_spec_v11
synthetic_customer_006,cabinet_006,2026-09-04 07:30:00+00:00,0,0,0,0,True,True,False,23.87746015241479,-83.27285056228479,1.276266858591812,4.031224443810496,0.39230522946475527,0.6432945443586054,0.0,on,connected,True,synthetic_device_spec_v11
synthetic_customer_006,cabinet_006,2026-09-04 08:30:00+00:00,0,0,0,0,True,True,False,23.77063907443869,-47.15140369051234,1.0036984589160192,4.04654282669515,0.3986308103629872,0.0,0.0,on,connected,True,synthetic_device_spec_v11
synthetic_customer_006,cabinet_006,2026-09-04 08:40:00+00:00,0,0,0,0,True,True,False,24.294861162641052,-47.45697942649025,1.0250322003178483,4.070466002346084,0.0,0.0,0.0002386561469113067,on,connected,True,synthetic_device_spec_v11
synthetic_customer_006,cabinet_006,2026-09-04 08:50:00+00:00,0,0,0,0,True,True,False,24.15856963424251,-48.10331941729501,1.0593487609429677,3.935369583513031,0.0,0.0042515853638559,0.0,on,connected,True,synthetic_device_spec_v11
synthetic_customer_006,cabinet_006,2026-09-04 09:00:00+00:00,0,0,0,0,True,True,False,24.045294288559596,-49.1727131202555,2.9676304975794556,3.9835769164527197,0.09824407769699717,0.023406037268593027,0.0,on,connected,True,synthetic_device_spec_v11
synthetic_customer_006,cabinet_006,2026-09-04 09:10:00+00:00,0,0,0,0,True,True,False,23.800648829380943,-47.79701574957983,2.9714844682115213,3.9092790092825807,0.0,0.0,0.0,on,connected,True,synthetic_device_spec_v11
synthetic_customer_006,cabinet_006,2026-09-04 09:20:00+00:00,0,0,0,0,True,True,False,24.105412912911852,-48.16344056491188,3.011359527833914,4.025024249171602,0.0,0.012286039665279011,0.02769747398137929,on,connected,True,synthetic_device_spec_v11
synthetic_customer_006,cabinet_006,2026-09-04 09:30:00+00:00,0,0,0,0,True,True,False,24.316696223142856,-46.53767405477536,2.9328670582095864,3.9800340967664805,0.0,0.006646538275134505,0.0,on,connected,True,synthetic_device_spec_v11
synthetic_customer_006,cabinet_006,2026-09-04 09:40:00+00:00,0,0,0,0,True,True,False,23.991281164073147,-49.02777773030014,2.9491240755328216,3.933731005142138,0.23802318119894383,0.0,0.0,on,connected,True,synthetic_device_spec_v11
synthetic_customer_006,cabinet_006,2026-09-04 09:50:00+00:00,0,0,0,0,True,True,False,24.155043239686684,-48.749053750264764,2.777858322867647,3.9825762213054254,0.6024388178868152,0.0,0.014641517223159324,on,connected,True,synthetic_device_spec_v11
synthetic_customer_006,cabinet_006,2026-09-04 10:00:00+00:00,0,0,0,0,True,True,False,23.824278245380757,-47.84681946207477,2.793086416432484,4.115148913263811,0.0,0.021502167939243175,0.0,on,connected,True,synthetic_device_spec_v11
synthetic_customer_006,cabinet_006,2026-09-04 10:10:00+00:00,0,0,0,0,True,True,False,24.039884558060514,-47.09974093383676,2.8029397821865176,3.9602404085968836,0.0,0.008598197411563131,0.0,on,connected,True,synthetic_device_spec_v11
synthetic_customer_006,cabinet_006,2026-09-04 10:20:00+00:00,0,0,0,0,True,True,False,24.065391814011164,-48.025376186988005,2.7081548718467263,3.990237164520332,0.5881595370923842,0.014757730230221628,0.0,on,connected,True,synthetic_device_spec_v11
synthetic_customer_006,cabinet_006,2026-09-04 10:30:00+00:00,0,0,0,0,True,True,False,23.98887950005693,-48.63256426788604,2.625458631445226,4.041600426640525,0.16697070039189096,0.0,0.02145019178037263,on,connected,True,synthetic_device_spec_v11
synthetic_customer_006,cabinet_006,2026-09-04 10:40:00+00:00,0,0,0,0,True,True,False,24.114685717729863,-48.51077614774351,2.537844518867419,4.066519484201229,0.13447336073864877,0.018511864275282144,0.0021707247420437214,on,connected,True,synthetic_device_spec_v11
synthetic_customer_006,cabinet_006,2026-09-04 10:50:00+00:00,0,0,0,0,True,True,False,24.006724053459155,-49.266671192836284,2.515184118665023,3.912489725452822,0.0,0.00905612522999726,0.0012371406119117824,on,connected,True,synthetic_device_spec_v11
synthetic_customer_006,cabinet_006,2026-09-04 11:00:00+00:00,0,0,0,0,True,True,False,24.01996407092817,-47.63728476908707,2.4883525542049205,3.9720494429021413,0.0,0.039455054014281954,0.0,on,connected,True,synthetic_device_spec_v11
synthetic_customer_006,cabinet_006,2026-09-04 11:10:00+00:00,0,0,0,0,True,True,False,23.75702506916562,-47.983224023596755,2.3589205822823662,4.104058264897569,0.14111759491718143,0.046125984809003456,0.00043416425647649733,on,connected,True,synthetic_device_spec_v11
synthetic_customer_006,cabinet_006,2026-09-04 11:20:00+00:00,0,0,0,0,True,True,False,23.712719325139407,-47.51654767058662,2.353094241903876,4.045091431265228,0.2963733936699631,0.0,0.00652319936680312,on,connected,True,synthetic_device_spec_v11
synthetic_customer_006,cabinet_006,2026-09-04 11:30:00+00:00,0,0,0,0,True,True,False,23.89136930525454,-48.09712028605419,2.33246690469026,4.004574719222591,1.009870835591581,0.0,0.0,on,connected,True,synthetic_device_spec_v11
synthetic_customer_006,cabinet_006,2026-09-04 11:40:00+00:00,0,0,0,0,True,True,False,23.853247362093782,-48.33594715540181,2.253923733119531,3.9964567727218725,0.16429804764078543,0.058958969413857656,0.0,on,connected,True,synthetic_device_spec_v11
synthetic_customer_006,cabinet_006,2026-09-04 11:50:00+00:00,0,0,0,0,True,True,False,24.161221591793254,-47.20427370931078,2.1792970938353053,3.9551980002632643,0.6029518881339749,0.0,0.04088683468070158,on,connected,True,synthetic_device_spec_v11
synthetic_customer_006,cabinet_006,2026-09-04 12:00:00+00:00,0,0,0,0,True,True,False,23.798460068789993,-47.3867554357793,2.183319977152874,4.065957329355031,1.191674944712576,0.0,0.03141499556053641,on,connected,True,synthetic_device_spec_v11
synthetic_customer_006,cabinet_006,2026-09-04 12:10:00+00:00,1,1,1,1,True,True,False,24.111004814641735,-48.090950274775054,2.219800972340217,3.885050222235624,0.0,0.0,0.0,on,connected,True,synthetic_device_spec_v11
synthetic_customer_006,cabinet_006,2026-09-04 12:20:00+00:00,1,1,1,1,True,True,False,24.08845792236411,-48.714747507328475,2.178154429476077,3.9599185700124124,0.10696529842732229,0.003702938567242154,0.0,on,connected,True,synthetic_device_spec_v11
synthetic_customer_006,cabinet_006,2026-09-04 12:30:00+00:00,1,1,1,1,True,True,False,23.824044397401693,-50.185711487127826,2.1762600562272167,4.038701201186033,0.7530287558135335,0.014100812943579222,0.029147051336002632,on,connected,True,synthetic_device_spec_v11
synthetic_customer_006,cabinet_006,2026-09-04 12:40:00+00:00,0,0,0,0,True,True,False,24.117601354860085,-45.64236238725232,2.134901622600058,3.947168010099817,0.0,0.007721491851376945,0.0,on,connected,True,synthetic_device_spec_v11
synthetic_customer_006,cabinet_006,2026-09-04 12:50:00+00:00,0,0,0,0,True,True,False,23.956173144435578,-47.071851736823916,2.191178472473393,4.0271739301437455,0.9942698781141898,0.0,0.012804000401951328,on,connected,True,synthetic_device_spec_v11
synthetic_customer_006,cabinet_006,2026-09-04 13:00:00+00:00,0,0,0,0,True,True,False,23.915802352539558,-47.72345915024528,2.271979088236698,3.982208198749977,0.0,0.0,0.01387570269439489,on,connected,True,synthetic_device_spec_v11
synthetic_customer_006,cabinet_006,2026-09-04 13:10:00+00:00,0,0,0,0,True,True,False,23.977514650782776,-46.99015825344779,3.0456620825313916,3.961656572994596,0.0,0.028872821618741298,0.0,on,connected,True,synthetic_device_spec_v11
synthetic_customer_006,cabinet_006,2026-09-04 13:20:00+00:00,0,0,0,0,True,True,False,23.987235326524374,-48.25488830871811,3.011332085646233,3.917663215369648,0.6545544465729485,0.0,0.0,on,connected,True,synthetic_device_spec_v11
synthetic_customer_006,cabinet_006,2026-09-04 13:30:00+00:00,0,0,0,0,True,True,False,23.97680249934559,-47.25091511686584,2.9477597543229863,4.101376728448198,0.0,0.011232477100747295,0.0,on,connected,True,synthetic_device_spec_v11
synthetic_customer_006,cabinet_006,2026-09-04 13:40:00+00:00,0,0,0,0,True,True,False,24.103537000816377,-47.6810665194855,2.9297476377373632,4.00810084178152,0.0,0.07130133215511436,0.006641260736442446,on,connected,True,synthetic_device_spec_v11
synthetic_customer_006,cabinet_006,2026-09-04 13:50:00+00:00,0,0,0,0,True,True,False,23.97022506626394,-47.225226402699626,3.029884755532707,3.9962631426581763,0.0,0.0,0.0,on,connected,True,synthetic_device_spec_v11
synthetic_customer_006,cabinet_006,2026-09-04 14:00:00+00:00,0,0,0,0,True,True,False,24.130521093339954,-47.41554721071866,2.971919027785386,4.0808683202374745,0.1822727727540182,0.02655020132762212,0.0,on,connected,True,synthetic_device_spec_v11
synthetic_customer_006,cabinet_006,2026-09-04 14:10:00+00:00,0,0,0,0,True,True,False,23.84216519690852,-48.139879053921845,2.9525799674687243,4.013200438020956,0.0,0.0,0.0,on,connected,True,synthetic_device_spec_v11
synthetic_customer_006,cabinet_006,2026-09-04 14:20:00+00:00,0,0,0,0,True,True,False,24.092733141108578,-47.35329573611355,3.0240221034137007,4.091145240387162,0.0,0.05584584725882245,0.0,on,connected,True,synthetic_device_spec_v11
synthetic_customer_006,cabinet_006,2026-09-04 14:30:00+00:00,0,0,0,0,True,True,False,24.011203328493817,-47.87005331849741,2.935372505978112,4.047884571156658,1.0267361985067494,0.0006904146725497159,0.010000826035203213,on,connected,True,synthetic_device_spec_v11
synthetic_customer_006,cabinet_006,2026-09-04 14:40:00+00:00,0,0,0,0,True,True,False,23.866643372743496,-48.924590819340516,3.0408928068041834,3.886792389034813,0.0,0.0,0.0,on,connected,True,synthetic_device_spec_v11
synthetic_customer_006,cabinet_006,2026-09-04 14:50:00+00:00,0,0,0,0,True,True,False,23.99075551246844,-47.13706125393865,3.0551129156853856,3.973925450162907,0.5659111064578428,0.03460049763728785,0.027275003508560814,on,connected,True,synthetic_device_spec_v11
synthetic_customer_006,cabinet_006,2026-09-04 15:00:00+00:00,0,0,0,0,True,True,False,24.000516513356413,-47.11312765557943,2.965449749262416,3.988765445210131,0.0,0.04377493209672195,0.01562461338203072,on,connected,True,synthetic_device_spec_v11
synthetic_customer_006,cabinet_006,2026-09-04 15:10:00+00:00,0,0,0,0,True,True,False,24.033156374559148,-49.813973053335836,3.0254439416272376,3.880842589373066,0.20072274795051098,0.0,0.01666317223630853,on,connected,True,synthetic_device_spec_v11
synthetic_customer_006,cabinet_006,2026-09-04 15:20:00+00:00,0,0,0,0,True,True,False,23.952569021948236,-44.91929270096261,2.986230804719146,4.080646693736184,0.0,0.0,0.0078088241236230135,on,connected,True,synthetic_device_spec_v11
synthetic_customer_006,cabinet_006,2026-09-04 15:30:00+00:00,0,0,0,0,True,True,False,24.29075637256997,-48.52272337663967,3.0415158094584696,3.965274693474103,0.0,0.024184146316054436,0.0,on,connected,True,synthetic_device_spec_v11
synthetic_customer_006,cabinet_006,2026-09-04 15:40:00+00:00,0,0,0,0,True,True,False,24.039230805927193,-50.257932974223664,2.9852266218429704,4.07045133744567,0.0,0.0011175609427664587,0.0446189760726044,on,connected,True,synthetic_device_spec_v11
synthetic_customer_006,cabinet_006,2026-09-04 15:50:00+00:00,0,0,0,0,True,True,False,23.843904881689184,-48.368814658020206,3.018765117446232,3.9882418125199135,0.0012409557320035047,0.0,0.0,on,connected,True,synthetic_device_spec_v11
synthetic_customer_006,cabinet_006,2026-09-04 16:00:00+00:00,0,0,0,0,True,True,False,23.961029960578035,-47.949195041214516,2.9661786748570353,4.086463314001706,0.09917558822761799,0.018558405470096514,0.00830327051059497,on,connected,True,synthetic_device_spec_v11
synthetic_customer_006,cabinet_006,2026-09-04 16:10:00+00:00,0,0,0,0,True,True,False,24.302804636736685,-47.64605235746179,2.968506592479612,4.03445281368369,0.8829560295616989,0.0025475982154603612,0.0,on,connected,True,synthetic_device_spec_v11
synthetic_customer_006,cabinet_006,2026-09-04 16:20:00+00:00,0,0,0,0,True,True,False,24.058809761638543,-49.93055444304738,3.00385716822459,3.9751510238908025,0.09795743259888492,0.009806186276707688,0.031057757327908924,on,connected,True,synthetic_device_spec_v11
synthetic_customer_006,cabinet_006,2026-09-04 16:30:00+00:00,0,0,0,0,True,True,False,23.735516410483527,-48.4575766235022,3.000830092895847,4.095022253225208,0.0,0.0030429489846777766,0.0,on,connected,True,synthetic_device_spec_v11
synthetic_customer_006,cabinet_006,2026-09-04 16:40:00+00:00,0,0,0,0,True,True,False,23.90336428080215,-48.21759355176823,3.0002698147352334,3.9931839378798037,0.0,0.03401922395499934,0.02723850086955838,on,connected,True,synthetic_device_spec_v11
synthetic_customer_006,cabinet_006,2026-09-04 16:50:00+00:00,0,0,0,0,True,True,False,24.00392376875968,-47.79984049385545,3.020563910868056,3.9004281931106446,0.0,0.04424089772006112,0.0,on,connected,True,synthetic_device_spec_v11
synthetic_customer_006,cabinet_006,2026-09-04 17:00:00+00:00,0,0,0,0,True,True,False,23.925647472209118,-47.52245384345498,3.030183338036298,3.9186329193119827,0.8148187425786134,0.0,0.007866296323313397,on,connected,True,synthetic_device_spec_v11
synthetic_customer_006,cabinet_006,2026-09-04 17:10:00+00:00,0,0,0,0,True,True,False,23.862187034808834,-48.18406039369805,3.046368891311234,3.989696525069022,0.0,0.007855251803878789,0.0036577027002699827,on,connected,True,synthetic_device_spec_v11
synthetic_customer_006,cabinet_006,2026-09-04 17:20:00+00:00,0,0,0,0,True,True,False,24.04368421133553,-47.45208938832727,2.9722951413218124,3.911942370055306,0.0,0.0,0.0,on,connected,True,synthetic_device_spec_v11
synthetic_customer_006,cabinet_006,2026-09-04 17:30:00+00:00,0,0,0,0,True,True,False,23.94897610189242,-47.839443858855546,3.0113519531328805,4.002277256084565,0.0,0.0,0.0,on,connected,True,synthetic_device_spec_v11
synthetic_customer_006,cabinet_006,2026-09-04 17:40:00+00:00,0,0,0,0,True,True,False,24.17720356150914,-46.484728659973534,3.050115753420405,3.9761090946592876,0.5248673109548634,0.011462993800656553,0.0025876938498439156,on,connected,True,synthetic_device_spec_v11
synthetic_customer_006,cabinet_006,2026-09-04 17:50:00+00:00,0,0,0,0,True,True,False,24.258081588468947,-46.57499145732076,3.0721663394024077,3.9371242720778876,0.4783576755775058,0.03844843249244387,0.02426072343250633,on,connected,True,synthetic_device_spec_v11
synthetic_customer_006,cabinet_006,2026-09-04 18:00:00+00:00,0,0,0,0,True,True,False,23.88321309374539,-48.1599207835856,2.9953199641071966,3.977164241848271,0.0,0.0,0.01780213082201809,on,connected,True,synthetic_device_spec_v11
synthetic_customer_006,cabinet_006,2026-09-04 18:10:00+00:00,1,1,1,1,True,True,False,24.17315685955749,-47.27151338565024,3.0071371090265258,4.0145510933682145,0.0,0.027910947960719704,0.0,on,connected,True,synthetic_device_spec_v11
synthetic_customer_006,cabinet_006,2026-09-04 18:20:00+00:00,1,1,1,1,True,True,False,23.94890013631155,-48.26340445780176,3.0114888090335374,3.9928653470589617,0.3034544173294715,0.0,0.028054220698993552,on,connected,True,synthetic_device_spec_v11
synthetic_customer_006,cabinet_006,2026-09-04 18:30:00+00:00,1,1,1,1,True,True,False,23.79012539374334,-49.04890172552085,3.003194151267845,4.036121612275915,0.0,0.015503685996722395,0.007298421601698799,on,connected,True,synthetic_device_spec_v11
synthetic_customer_006,cabinet_006,2026-09-04 18:40:00+00:00,0,0,0,0,True,True,False,24.01614913427545,-47.62782819658036,3.003794599749817,3.920937652045663,0.5743334137535961,0.0,0.0,on,connected,True,synthetic_device_spec_v11
synthetic_customer_006,cabinet_006,2026-09-04 18:50:00+00:00,0,0,0,0,True,True,False,23.91930948876078,-48.09257341470717,3.0008001541166247,3.9909029243726635,0.0,0.0,0.0,on,connected,True,synthetic_device_spec_v11
synthetic_customer_006,cabinet_006,2026-09-04 19:00:00+00:00,0,0,0,0,True,True,False,23.557651312084033,-47.083378532155805,2.9638551503508634,4.100725294593031,0.3309759364013534,0.012522763968930931,0.0,on,connected,True,synthetic_device_spec_v11
synthetic_customer_006,cabinet_006,2026-09-04 19:10:00+00:00,0,0,0,0,True,True,False,23.014812287317696,-48.23891926600058,2.9807539244219496,3.9662345308261897,0.14975076188875827,0.0,0.009585821903360551,on,connected,True,synthetic_device_spec_v11
synthetic_customer_006,cabinet_006,2026-09-04 19:20:00+00:00,0,0,0,0,True,True,False,22.76928350556856,-48.076780777873466,2.967562617951474,4.001590492628558,0.36435681685786303,0.024864181032629825,0.002251361499031082,on,connected,True,synthetic_device_spec_v11
synthetic_customer_006,cabinet_006,2026-09-04 19:30:00+00:00,0,0,0,0,True,True,False,22.458168505039175,-48.75660447130345,2.9395395622838207,3.9546996515551784,0.29749319922993367,0.0,0.0007378975437253062,on,connected,True,synthetic_device_spec_v11
synthetic_customer_006,cabinet_006,2026-09-04 19:40:00+00:00,0,0,0,0,True,True,False,22.28935866664439,-47.532784080999214,3.036058570495243,4.020858224581298,1.4608790678413035,0.0,0.0013084795263710383,on,connected,True,synthetic_device_spec_v11
synthetic_customer_006,cabinet_006,2026-09-04 19:50:00+00:00,0,0,0,0,True,True,False,21.99156519540552,-48.55877605824768,3.0473782500950675,3.9673305455675947,0.0,0.022665153053792804,0.0,on,connected,True,synthetic_device_spec_v11
synthetic_customer_006,cabinet_006,2026-09-04 20:00:00+00:00,0,0,0,0,True,True,False,21.82624836676002,-49.303326314718234,3.0245418696707804,4.004050238038092,0.0,0.004664775535102636,0.0,on,connected,True,synthetic_device_spec_v11
synthetic_customer_006,cabinet_006,2026-09-04 20:10:00+00:00,0,0,0,0,True,True,False,21.719676487797773,-47.702024333860635,2.9751537797525107,3.9319157879735673,0.0,0.0,0.0,on,connected,True,synthetic_device_spec_v11
synthetic_customer_006,cabinet_006,2026-09-04 20:20:00+00:00,0,0,0,0,True,True,False,21.42870026388347,-49.458320135078566,3.003720104467818,3.9677647959852784,0.0,0.025612669552861813,0.010705952322188902,on,connected,True,synthetic_device_spec_v11
synthetic_customer_006,cabinet_006,2026-09-04 20:30:00+00:00,0,0,0,0,True,True,False,20.816876742576127,-47.4891868950716,3.019860285332386,4.000823110660027,0.19839094666088414,0.0022734997011298235,0.008007107863128894,on,connected,True,synthetic_device_spec_v11
synthetic_customer_006,cabinet_006,2026-09-04 20:40:00+00:00,0,0,0,0,True,True,False,20.69659268933346,-48.73644151376218,2.984139562535587,3.954794803416621,0.0,0.023282732863967943,0.011269667060039873,on,connected,True,synthetic_device_spec_v11
synthetic_customer_006,cabinet_006,2026-09-04 20:50:00+00:00,0,0,0,0,True,True,False,20.499477484533486,-47.43491003843935,3.034197489163268,3.970757048966293,0.06240925629812054,0.0,0.0,on,connected,True,synthetic_device_spec_v11
synthetic_customer_006,cabinet_006,2026-09-04 21:00:00+00:00,0,0,0,0,True,True,False,20.307534881898942,-48.113436776289454,2.9915033674093454,4.107870249021499,0.3235491550485177,0.0,0.017624588305991055,on,connected,True,synthetic_device_spec_v11
synthetic_customer_006,cabinet_006,2026-09-04 21:10:00+00:00,0,0,0,0,True,True,False,19.876783127643193,-47.560337579012064,2.9766144167990287,3.9405623231572844,0.0,0.0028045019910086445,0.0013021625920395248,on,connected,True,synthetic_device_spec_v11
synthetic_customer_006,cabinet_006,2026-09-04 21:20:00+00:00,0,0,0,0,True,True,False,19.298585710707343,-46.63788001004047,2.9897723497705058,3.9457187918096643,0.0,0.07232581020257052,0.024778429759308093,on,connected,True,synthetic_device_spec_v11
synthetic_customer_006,cabinet_006,2026-09-04 21:30:00+00:00,0,0,0,0,True,True,False,19.15371369383274,-48.20713962325537,2.9630000212757044,4.082083639630021,0.0073808856587087406,0.0,0.002657944314197477,on,connected,True,synthetic_device_spec_v11
synthetic_customer_006,cabinet_006,2026-09-04 21:40:00+00:00,0,0,0,0,True,True,False,18.97690105145068,-47.35884833099337,2.9970898132014567,4.084729887324104,0.26502296806414516,0.003942674718395353,0.0,on,connected,True,synthetic_device_spec_v11
synthetic_customer_006,cabinet_006,2026-09-04 21:50:00+00:00,0,0,0,0,True,True,False,18.844330665766268,-45.25824636984411,3.0165099794252095,3.976462959121319,0.0,0.04558525726424567,0.011752746740495087,on,connected,True,synthetic_device_spec_v11
synthetic_customer_006,cabinet_006,2026-09-04 22:50:00+00:00,0,0,0,0,True,True,False,23.953941908502287,-49.14902694087496,2.991638330895859,3.876016437785795,0.0,0.0,0.006217888402375488,on,connected,True,synthetic_device_spec_v11
synthetic_customer_006,cabinet_006,2026-09-04 23:00:00+00:00,0,0,0,0,True,True,False,23.885247553032237,-47.820765490519385,3.004472162020837,3.9932877333614316,0.20223142757260545,0.0,0.020124437996015238,on,connected,True,synthetic_device_spec_v11
synthetic_customer_006,cabinet_006,2026-09-04 23:10:00+00:00,0,0,0,0,True,True,False,23.74420770593884,-48.287769023776555,3.0415020106651993,3.920865509222846,0.7600653791206402,0.05273327096928714,0.0,on,connected,True,synthetic_device_spec_v11
synthetic_customer_006,cabinet_006,2026-09-04 23:20:00+00:00,0,0,0,0,True,True,False,23.96299452121913,-48.18398413193143,3.094859017964685,4.00501012418271,0.33662600890267375,0.0,0.005067627573135677,on,connected,True,synthetic_device_spec_v11
synthetic_customer_006,cabinet_006,2026-09-04 23:30:00+00:00,0,0,0,0,True,True,False,24.014360219903015,-49.017810844195644,3.0552442229687102,3.926511050974837,0.0,0.0,0.0,on,connected,True,synthetic_device_spec_v11
synthetic_customer_006,cabinet_006,2026-09-04 23:40:00+00:00,0,0,0,0,True,True,False,24.243556599147862,-47.817200493783346,3.0033980666249986,4.040653631516035,0.0,0.025827152065804174,0.0,on,connected,True,synthetic_device_spec_v11
synthetic_customer_006,cabinet_006,2026-09-04 23:50:00+00:00,0,0,0,0,True,True,False,24.03701067782626,-46.266128897140135,2.999067546258468,3.9962920565834725,0.8704187586880322,0.022524984322440322,0.015071672370828959,on,connected,True,synthetic_device_spec_v11
synthetic_customer_006,cabinet_006,2026-09-05 00:00:00+00:00,0,0,0,0,True,True,False,23.90618719319916,-48.412662796243715,3.012633556307494,3.8887000585149347,0.11188104834438922,0.008272796943092874,0.0,on,connected,True,synthetic_device_spec_v11
synthetic_customer_006,cabinet_006,2026-09-05 00:10:00+00:00,1,1,1,1,True,True,False,23.806933480681522,-48.67681169205601,2.975663274495079,3.9861172879403064,1.5035053234687799,0.0295508518347245,0.0,on,connected,True,synthetic_device_spec_v11
synthetic_customer_006,cabinet_006,2026-09-05 00:20:00+00:00,1,1,1,1,True,True,False,23.888957507664195,-48.3381311537368,2.9305852640623162,3.968022163381448,2.63580000772533,0.00496272827789329,0.0,on,connected,True,synthetic_device_spec_v11
synthetic_customer_006,cabinet_006,2026-09-05 00:30:00+00:00,1,1,1,1,True,True,False,23.948980417526442,-49.486222015432,2.930141184644438,4.017157066937883,4.102814925502536,0.0,0.0,on,connected,True,synthetic_device_spec_v11
synthetic_customer_006,cabinet_006,2026-09-05 00:40:00+00:00,0,0,0,0,True,True,False,24.269647965459104,-49.28462886074538,3.033038246774552,4.03208979140561,5.362960752833438,0.008526692924651937,0.0,on,connected,True,synthetic_device_spec_v11
synthetic_customer_006,cabinet_006,2026-09-05 00:50:00+00:00,0,0,0,0,True,True,False,23.984570691714204,-49.307126536320034,3.0120651435356525,3.999306884491125,6.137784938054026,0.03866364573950934,0.0,on,connected,True,synthetic_device_spec_v11
synthetic_customer_006,cabinet_006,2026-09-05 01:00:00+00:00,0,0,0,0,True,True,False,23.86504481389261,-47.9681768607274,2.946642265101894,3.999238156643853,7.874293802565789,0.009470720955867666,0.022664618596125053,on,connected,True,synthetic_device_spec_v11
synthetic_customer_006,cabinet_006,2026-09-05 01:10:00+00:00,0,0,0,0,True,True,False,24.03983444768234,-48.42029929296777,3.0010790396963722,3.958688784627138,9.280081715874529,0.0,0.0,on,connected,True,synthetic_device_spec_v11
synthetic_customer_006,cabinet_006,2026-09-05 01:20:00+00:00,0,0,0,0,True,True,False,24.032234222900797,-48.02690452124962,2.972000751905959,4.016129406505115,10.296173798127924,0.0,0.007961847247802373,on,connected,True,synthetic_device_spec_v11
synthetic_customer_006,cabinet_006,2026-09-05 01:30:00+00:00,0,0,0,0,True,True,False,24.126389127537117,-46.74810845652689,2.9991800227098357,4.038649832596099,11.900067557830317,0.0,0.0,on,connected,True,synthetic_device_spec_v11
synthetic_customer_006,cabinet_006,2026-09-05 01:40:00+00:00,0,0,0,0,True,True,False,24.059192842541247,-46.17858860354001,3.0540193097733432,3.9985020529734365,13.011907714237454,0.011745993526305665,0.0,on,connected,True,synthetic_device_spec_v11
synthetic_customer_006,cabinet_006,2026-09-05 01:50:00+00:00,0,0,0,0,True,True,False,24.08693100778701,-48.57217111497171,2.986620051632095,3.959010584790976,15.648815117807866,0.0,0.0,on,connected,True,synthetic_device_spec_v11
synthetic_customer_006,cabinet_006,2026-09-05 02:00:00+00:00,0,0,0,0,True,True,False,24.016744510751572,-48.18983709939852,3.0580991664815333,3.962846049383074,15.492981613025659,0.05749943465075563,0.02779256235456508,on,connected,True,synthetic_device_spec_v11
synthetic_customer_006,cabinet_006,2026-09-05 02:10:00+00:00,0,0,0,0,True,True,False,23.791968000588653,-47.18152283930788,2.90378343890526,3.9878290468829185,17.00611129800508,0.0,0.0,on,connected,True,synthetic_device_spec_v11
synthetic_customer_006,cabinet_006,2026-09-05 02:20:00+00:00,0,0,0,0,True,True,False,23.905332149417685,-46.640140952445456,3.0175228174365585,4.053589853407967,19.508145470834876,0.0,0.025900146441882335,on,connected,True,synthetic_device_spec_v11
synthetic_customer_006,cabinet_006,2026-09-05 02:30:00+00:00,0,0,0,0,True,True,False,24.122623874720155,-49.132683558544585,3.0578957615244695,4.061285917257023,21.318894038113726,0.003035815639673217,0.0,on,connected,True,synthetic_device_spec_v11
synthetic_customer_006,cabinet_006,2026-09-05 02:40:00+00:00,0,0,0,0,True,True,False,23.931774941322068,-48.32887720132394,2.952740684306013,3.95135683494845,22.03849505316706,0.0,0.0031381950216614455,on,connected,True,synthetic_device_spec_v11
synthetic_customer_006,cabinet_006,2026-09-05 02:50:00+00:00,0,0,0,0,True,True,False,23.875541368384933,-47.466904290592105,3.0036002524532095,4.015788654611316,23.4149532555538,0.0,0.0,on,connected,True,synthetic_device_spec_v11
synthetic_customer_006,cabinet_006,2026-09-05 03:00:00+00:00,0,0,0,0,True,True,False,24.179814030846742,-49.17480341758813,2.9718014828303585,3.9363547893578046,25.052902745346586,0.05570488633297893,0.0,on,connected,True,synthetic_device_spec_v11
synthetic_customer_006,cabinet_006,2026-09-05 03:10:00+00:00,0,0,0,0,True,True,False,23.86379817206916,-48.52699812897355,2.9795815551243376,4.018679609050259,25.03644885776507,0.015050983774497415,0.009112762830137186,on,connected,True,synthetic_device_spec_v11
synthetic_customer_006,cabinet_006,2026-09-05 03:20:00+00:00,0,0,0,0,True,True,False,24.175397633524774,-48.942401720652285,3.0159726499115562,4.01167221983766,24.980334689882138,0.01128651524858345,0.0,on,connected,True,synthetic_device_spec_v11
synthetic_customer_006,cabinet_006,2026-09-05 03:30:00+00:00,0,0,0,0,True,True,False,24.030563608679312,-49.02737607750825,2.9936701687776077,3.916623996347278,25.364494293241137,0.01784212723938399,0.0,on,connected,True,synthetic_device_spec_v11
synthetic_customer_006,cabinet_006,2026-09-05 03:40:00+00:00,0,0,0,0,True,True,False,24.183728315985388,-47.62738160731411,2.9072701084592736,3.9397507365127717,24.69026714838647,0.01405486882230592,0.0,on,connected,True,synthetic_device_spec_v11
synthetic_customer_006,cabinet_006,2026-09-05 03:50:00+00:00,0,0,0,0,True,True,False,24.16777142497924,-47.509236356299624,2.9931684089177866,3.9746324529864343,25.117397784251295,0.0,0.009904934832439573,on,connected,True,synthetic_device_spec_v11
synthetic_customer_006,cabinet_006,2026-09-05 04:00:00+00:00,0,0,0,0,True,True,False,23.909536141071374,-48.13660891503737,2.962768829191869,3.891979548907657,24.13380564241892,0.0,0.0,on,connected,True,synthetic_device_spec_v11
synthetic_customer_006,cabinet_006,2026-09-05 04:10:00+00:00,0,0,0,0,True,True,False,24.049712861183064,-47.84304293583936,2.9345447013861565,4.0154699749015395,24.694335832070646,0.024115547122279184,0.0,on,connected,True,synthetic_device_spec_v11
synthetic_customer_006,cabinet_006,2026-09-05 04:20:00+00:00,0,0,0,0,True,True,False,24.031058241183523,-46.284405428179205,2.972426499071327,3.9841809579962857,25.55818181059828,0.0,0.014971522839307676,on,connected,True,synthetic_device_spec_v11
synthetic_customer_006,cabinet_006,2026-09-05 04:30:00+00:00,0,0,0,0,True,True,False,23.87580501075981,-47.31786178485871,2.98831757471052,4.067186683251448,0.5474774811813982,0.010252916020608818,0.01994563363261546,on,connected,True,synthetic_device_spec_v11
synthetic_customer_006,cabinet_006,2026-09-05 04:40:00+00:00,0,0,0,0,True,True,False,23.975379619081654,-45.513488578794046,2.9984601009576597,4.062425475276822,0.0,0.0,0.005306508851213237,on,connected,True,synthetic_device_spec_v11
synthetic_customer_006,cabinet_006,2026-09-05 04:50:00+00:00,0,0,0,0,True,True,False,24.016839273481782,-48.774508754195864,2.9644490939594093,3.980910867360221,0.14915177967203133,0.0,0.024821458057824843,on,connected,True,synthetic_device_spec_v11
synthetic_customer_006,cabinet_006,2026-09-05 05:00:00+00:00,0,0,0,0,True,True,False,23.941700687928776,-48.47875747640237,3.0137593999674883,3.944948701210164,0.0,0.04858737934195995,0.0,on,connected,True,synthetic_device_spec_v11
synthetic_customer_006,cabinet_006,2026-09-05 05:10:00+00:00,0,0,0,0,True,True,False,23.584477650784983,-47.52903226507014,2.987552016954597,4.040356073661863,0.07539097980368437,0.0,0.004352793573735943,on,connected,True,synthetic_device_spec_v11
synthetic_customer_006,cabinet_006,2026-09-05 05:20:00+00:00,0,0,0,0,True,True,False,23.920560720656283,-45.864896576236625,2.995093679061886,4.089415578311916,0.0,0.0,0.008628745056199956,on,connected,True,synthetic_device_spec_v11
synthetic_customer_006,cabinet_006,2026-09-05 05:30:00+00:00,0,0,0,0,True,True,False,24.007708793093474,-46.81886552515323,3.007724312948664,3.90184968111782,0.46500504914792395,0.00454694536756529,0.0021773320079804524,on,connected,True,synthetic_device_spec_v11
synthetic_customer_006,cabinet_006,2026-09-05 05:40:00+00:00,0,0,0,0,True,True,False,23.740989540156757,-46.2302558564226,2.9304030081646237,3.935940316503172,0.15097042391527604,0.0,0.0,on,connected,True,synthetic_device_spec_v11
synthetic_customer_006,cabinet_006,2026-09-05 05:50:00+00:00,0,0,0,0,True,True,False,24.005065988968845,-47.83968213939137,3.033051235048266,4.040720388078599,0.0,0.0,0.0,on,connected,True,synthetic_device_spec_v11
synthetic_customer_006,cabinet_006,2026-09-05 06:00:00+00:00,0,0,0,0,True,True,False,24.133678753785052,-45.455506967082535,2.976779877435926,4.002260796087047,0.3553983348616266,0.0038370190416443864,0.0,on,connected,True,synthetic_device_spec_v11
synthetic_customer_006,cabinet_006,2026-09-05 06:10:00+00:00,1,1,1,1,True,True,False,23.91762189506206,-47.4264887234561,2.980011923052677,3.9820556231698947,0.7943472453120768,0.03762414360332848,0.0,on,connected,True,synthetic_device_spec_v11
synthetic_customer_006,cabinet_006,2026-09-05 06:20:00+00:00,1,1,1,1,True,True,False,23.819776638882583,-48.13010080820699,3.071294737534511,3.931543071080551,0.0,0.0,0.0,on,connected,True,synthetic_device_spec_v11
synthetic_customer_006,cabinet_006,2026-09-05 06:30:00+00:00,1,1,1,1,True,True,False,23.718714029927916,-47.38236381854881,2.9757431978137463,4.053627434388072,0.48628676374563745,0.0,0.0,on,connected,True,synthetic_device_spec_v11
synthetic_customer_006,cabinet_006,2026-09-05 06:40:00+00:00,0,0,0,0,True,True,False,24.031963877489957,-46.83518254726233,2.9462663141920076,4.0564741311619095,0.7532404531298699,0.008450267142460893,0.0,on,connected,True,synthetic_device_spec_v11
synthetic_customer_006,cabinet_006,2026-09-05 06:50:00+00:00,0,0,0,0,True,True,False,24.04405826120958,-47.97590294055381,2.973454923617786,4.08701907577118,0.3589907847453046,0.0,0.016720313488302326,on,connected,True,synthetic_device_spec_v11
synthetic_customer_006,cabinet_006,2026-09-05 07:00:00+00:00,0,0,0,0,True,True,False,23.912694485386044,-47.885558017715006,2.9501968648984933,3.917145453242275,0.7089098296456952,0.020181638098278894,0.0009759420631845204,on,connected,True,synthetic_device_spec_v11
synthetic_customer_006,cabinet_006,2026-09-05 07:10:00+00:00,0,0,0,0,True,True,False,24.046561690519567,-47.704719774949695,3.0159468296331022,4.021961045268386,1.424185454766019,0.0,0.020266918616617554,on,connected,True,synthetic_device_spec_v11
synthetic_customer_006,cabinet_006,2026-09-05 07:20:00+00:00,0,0,0,0,True,True,False,23.94699164177629,-47.618540653552984,2.9729121730750303,4.017518822009514,0.951421909159811,0.0,0.0,on,connected,True,synthetic_device_spec_v11
synthetic_customer_006,cabinet_006,2026-09-05 07:30:00+00:00,0,0,0,0,True,True,False,24.205950398138302,-48.830306673623014,2.9916686233544603,3.901992594307065,0.21571347153293086,0.005006227677090272,0.0,on,connected,True,synthetic_device_spec_v11
synthetic_customer_006,cabinet_006,2026-09-05 07:40:00+00:00,0,0,0,0,True,True,False,23.99058113405312,-47.74245409044585,3.028526180048498,3.9814827850189207,0.017381255231275653,0.033160061250065404,0.0,on,connected,True,synthetic_device_spec_v11
synthetic_customer_006,cabinet_006,2026-09-05 07:50:00+00:00,0,0,0,0,True,True,False,24.25429215541959,-47.718769650768,3.0602595875077414,4.114757141085009,0.39425637269471475,0.02256191242827976,0.016492471711400367,on,connected,True,synthetic_device_spec_v11
synthetic_customer_006,cabinet_006,2026-09-05 08:00:00+00:00,0,0,0,0,True,True,False,23.883865853908702,-48.298664679185016,2.9835531573282252,3.9363248001336046,0.4494411372792994,0.0,0.0,on,connected,True,synthetic_device_spec_v11
synthetic_customer_006,cabinet_006,2026-09-05 08:10:00+00:00,0,0,0,0,True,True,False,24.020002405628627,-46.92738407669901,2.9706614956760617,4.0619201861920695,0.0,0.02940145956226329,0.0,on,connected,True,synthetic_device_spec_v11
synthetic_customer_006,cabinet_006,2026-09-05 08:20:00+00:00,0,0,0,0,True,True,False,23.898314333429333,-47.48192730946749,2.968180191052358,3.9545488167981455,0.0,0.007059021316310392,0.00659976996402347,on,connected,True,synthetic_device_spec_v11
synthetic_customer_006,cabinet_006,2026-09-05 08:30:00+00:00,0,0,0,0,True,True,False,24.175753168239183,-48.09506834085417,3.007449843705112,3.921430065441296,0.0,0.014685570005727927,0.015204932995384574,on,connected,True,synthetic_device_spec_v11
synthetic_customer_006,cabinet_006,2026-09-05 08:40:00+00:00,0,0,0,0,True,True,False,23.750977755754604,-48.707237517330576,3.0678595542042824,3.9655093238615415,0.0,0.008907329240500654,0.0,on,connected,True,synthetic_device_spec_v11
synthetic_customer_006,cabinet_006,2026-09-05 08:50:00+00:00,0,0,0,0,True,True,False,23.960066301474683,-47.61754884630104,3.023369713013864,4.006198958478779,0.23135014484271543,0.0,0.020498803301477648,on,connected,True,synthetic_device_spec_v11
synthetic_customer_006,cabinet_006,2026-09-05 09:00:00+00:00,0,0,0,0,True,True,False,24.349777689130864,-50.7584795639099,2.969290677651,3.985935124373589,0.0,0.0,0.0,on,connected,True,synthetic_device_spec_v11
synthetic_customer_006,cabinet_006,2026-09-05 09:10:00+00:00,0,0,0,0,True,True,False,24.335158856854193,-45.61104754879525,3.0466850339594727,3.868172196261439,0.056945002582159766,0.014661409069063207,0.03970911354860163,on,connected,True,synthetic_device_spec_v11
synthetic_customer_006,cabinet_006,2026-09-05 09:20:00+00:00,0,0,0,0,True,True,False,23.989414426592965,-47.59199766046678,3.0584831264162693,4.02954688210094,0.4968791220811871,0.0,0.0,on,connected,True,synthetic_device_spec_v11
synthetic_customer_006,cabinet_006,2026-09-05 09:30:00+00:00,0,0,0,0,True,True,False,23.782139450018068,-48.272188014480484,3.051381607440284,3.9493383903883017,0.024800722360195357,0.0,0.016377601778502268,on,connected,True,synthetic_device_spec_v11
synthetic_customer_006,cabinet_006,2026-09-05 09:40:00+00:00,0,0,0,0,True,True,False,23.9656246987123,-48.77511024588874,2.981412944864333,4.023865202306425,0.0,0.0,0.0,on,connected,True,synthetic_device_spec_v11
synthetic_customer_006,cabinet_006,2026-09-05 09:50:00+00:00,0,0,0,0,True,True,False,23.86755259091574,-46.852647246494705,3.0143219978360554,4.004940698153146,1.1949952847294678,0.0,0.0,on,connected,True,synthetic_device_spec_v11
synthetic_customer_006,cabinet_006,2026-09-05 10:00:00+00:00,0,0,0,0,True,True,False,23.849868284522543,-48.518817561234194,3.004073320223864,3.984283730376202,0.10275578362678793,0.004984051575311283,0.025076868488292048,on,connected,True,synthetic_device_spec_v11
synthetic_customer_006,cabinet_006,2026-09-05 10:10:00+00:00,0,0,0,0,True,True,False,24.06768789717722,-46.75756571182357,3.035295401365341,3.986218051872846,0.07277085237326777,0.032293058921083015,0.012242696064096005,on,connected,True,synthetic_device_spec_v11
synthetic_customer_006,cabinet_006,2026-09-05 10:20:00+00:00,0,0,0,0,True,True,False,24.023536773047404,-48.375981856933514,3.028770275038664,4.043930618117934,0.0,0.0,0.0,on,connected,True,synthetic_device_spec_v11
synthetic_customer_006,cabinet_006,2026-09-05 10:30:00+00:00,0,0,0,0,True,True,False,24.0574323992497,-49.3970977064137,2.9921263628165997,4.075148426288384,0.13648847350961668,0.0,0.0,on,connected,True,synthetic_device_spec_v11
synthetic_customer_006,cabinet_006,2026-09-05 10:40:00+00:00,0,0,0,0,True,True,False,24.00337615496056,-47.22432033631925,3.0002132395277816,3.982015870171847,0.5277623772317569,0.0,0.010134508970858906,on,connected,True,synthetic_device_spec_v11
synthetic_customer_006,cabinet_006,2026-09-05 10:50:00+00:00,0,0,0,0,True,True,False,23.96355202044002,-46.55032592691017,3.020047170430141,3.9318945137637047,0.0,0.0,0.0,on,connected,True,synthetic_device_spec_v11
synthetic_customer_006,cabinet_006,2026-09-05 11:00:00+00:00,0,0,0,0,True,True,False,23.944705728941305,-48.76898828598356,2.936297913710378,3.962502876766392,0.6691651265581657,0.036843534727593476,0.0,on,connected,True,synthetic_device_spec_v11
synthetic_customer_006,cabinet_006,2026-09-05 11:10:00+00:00,0,0,0,0,True,True,False,23.591745436858332,-48.975375741989254,2.935690977637797,4.006514641435357,0.0,0.009430628105368535,0.03452770764897296,on,connected,True,synthetic_device_spec_v11
synthetic_customer_006,cabinet_006,2026-09-05 11:20:00+00:00,0,0,0,0,True,True,False,24.122827826700433,-47.861221160324334,3.0312138630600614,3.9723793546174684,0.5805500818037849,0.0,0.0,on,connected,True,synthetic_device_spec_v11
synthetic_customer_006,cabinet_006,2026-09-05 11:30:00+00:00,0,0,0,0,True,True,False,23.767704283804175,-47.32146384854488,2.9998168849359996,3.9730359427669244,0.21638368535286853,0.031430445302230346,0.009691375967258975,on,connected,True,synthetic_device_spec_v11
synthetic_customer_006,cabinet_006,2026-09-05 11:40:00+00:00,0,0,0,0,True,True,False,23.9753974779991,-47.50365945997042,3.049899993125032,3.984442169526884,0.0,0.0,0.0,on,connected,True,synthetic_device_spec_v11
synthetic_customer_006,cabinet_006,2026-09-05 11:50:00+00:00,0,0,0,0,True,True,False,24.1276052493527,-47.98102933885043,3.015775966539913,3.973836400589125,0.06950753127175399,0.0,0.0,on,connected,True,synthetic_device_spec_v11
synthetic_customer_006,cabinet_006,2026-09-05 12:00:00+00:00,0,0,0,0,True,True,False,23.820879254303982,-47.11032911629435,2.976224847316055,4.047427786582615,0.0,0.0,0.0,on,connected,True,synthetic_device_spec_v11
synthetic_customer_006,cabinet_006,2026-09-05 12:10:00+00:00,1,1,1,1,True,True,False,23.86147715557233,-47.032646832817825,2.9863570398909207,4.049738620758314,0.0,0.0,0.01970335791415737,on,connected,True,synthetic_device_spec_v11
synthetic_customer_006,cabinet_006,2026-09-05 12:20:00+00:00,1,1,1,1,True,True,False,24.0210688774761,-46.79343011930349,2.939882910583611,4.11677369367934,0.0,0.0,0.020751735387696445,on,connected,True,synthetic_device_spec_v11
synthetic_customer_006,cabinet_006,2026-09-05 12:30:00+00:00,1,1,1,1,True,True,False,24.096450578153533,-49.336995264028666,2.929542806759837,4.144176363571964,0.41586120847873315,0.0,0.0,on,connected,True,synthetic_device_spec_v11
synthetic_customer_006,cabinet_006,2026-09-05 12:40:00+00:00,0,0,0,0,True,True,False,24.257087554138653,-47.135280261195305,2.9594128374421573,4.010242471251039,0.0,0.0,0.04073056241009351,on,connected,True,synthetic_device_spec_v11
synthetic_customer_006,cabinet_006,2026-09-05 12:50:00+00:00,0,0,0,0,True,True,False,24.023456876395493,-47.88003589735519,2.9777332116745443,3.9600750648667176,0.0,0.007378796468428915,0.0,on,connected,True,synthetic_device_spec_v11
synthetic_customer_006,cabinet_006,2026-09-05 13:00:00+00:00,0,0,0,0,True,True,False,23.896079262403703,-47.84025124228825,2.995167862684407,4.0931000525083805,0.6224059904362521,0.0,0.01592525417517697,on,connected,True,synthetic_device_spec_v11
synthetic_customer_006,cabinet_006,2026-09-05 13:10:00+00:00,0,0,0,0,True,True,False,24.14529459000106,-48.58475507941682,3.0388855346217998,3.955632979523054,0.0,0.0,0.0,on,connected,True,synthetic_device_spec_v11
synthetic_customer_006,cabinet_006,2026-09-05 13:20:00+00:00,0,0,0,0,True,True,False,24.183053166546536,-49.596623676552106,2.995593830957517,3.994556105803026,1.2239438063339363,0.0,0.0,on,connected,True,synthetic_device_spec_v11
synthetic_customer_006,cabinet_006,2026-09-05 13:30:00+00:00,0,0,0,0,True,True,False,23.91059912891767,-47.41767065471335,2.989318482288638,3.9263956059606397,0.06428291499374544,0.0,0.0,on,connected,True,synthetic_device_spec_v11
synthetic_customer_006,cabinet_006,2026-09-05 13:40:00+00:00,0,0,0,0,True,True,False,24.141089352663894,-50.356403114969986,2.9851961774477367,3.9897982587914975,0.21832587609966883,0.0,0.005669293714915062,on,connected,True,synthetic_device_spec_v11
synthetic_customer_006,cabinet_006,2026-09-05 13:50:00+00:00,0,0,0,0,True,True,False,23.97213736491055,-49.679130533860814,3.0268190097957683,4.04284195386618,0.11208947340847296,0.02899255569555901,0.0,on,connected,True,synthetic_device_spec_v11
synthetic_customer_006,cabinet_006,2026-09-05 14:00:00+00:00,0,0,0,0,True,True,False,24.068154091371262,-49.381513220598606,2.955014482084057,4.0673630023670935,0.0,0.03442191057719156,0.022445007486286243,on,connected,True,synthetic_device_spec_v11
synthetic_customer_006,cabinet_006,2026-09-05 14:10:00+00:00,0,0,0,0,True,True,False,23.814072779786482,-49.9319733872685,2.992727208239211,3.944436977033662,0.20203003076568787,0.01884948953807583,0.0,on,connected,True,synthetic_device_spec_v11
synthetic_customer_006,cabinet_006,2026-09-05 14:20:00+00:00,0,0,0,0,True,True,False,23.95476375605073,-48.48710709732352,2.9562335042529773,4.0459265535475675,0.0,0.0,0.02425938662925395,on,connected,True,synthetic_device_spec_v11
synthetic_customer_006,cabinet_006,2026-09-05 14:30:00+00:00,0,0,0,0,True,True,False,24.090498083457586,-47.594111511231276,2.996952767622764,4.023142171834874,0.3489136792045759,0.0,0.0,on,connected,True,synthetic_device_spec_v11
synthetic_customer_006,cabinet_006,2026-09-05 14:40:00+00:00,0,0,0,0,True,True,False,23.636580581986898,-46.2497904506799,3.040006634260254,3.9997261637468013,0.22817021545282237,0.002190351910141516,0.0,on,connected,True,synthetic_device_spec_v11
synthetic_customer_006,cabinet_006,2026-09-05 14:50:00+00:00,0,0,0,0,True,True,False,23.83688457491325,-48.13316549508795,2.9567407345858077,3.9413790845214978,0.4772932930696916,0.0,0.0,on,connected,True,synthetic_device_spec_v11
synthetic_customer_006,cabinet_006,2026-09-05 15:00:00+00:00,0,0,0,0,True,True,False,24.24173944521133,-47.10728054246339,2.8607815487158743,3.9675468496611757,0.0,0.0,0.02269056256404541,on,connected,True,synthetic_device_spec_v11
synthetic_customer_006,cabinet_006,2026-09-05 15:10:00+00:00,0,0,0,0,True,True,False,23.976749177311955,-48.7961129574488,2.774010267791075,4.0002260804684004,0.0,0.0,0.0,on,connected,True,synthetic_device_spec_v11
synthetic_customer_006,cabinet_006,2026-09-05 15:20:00+00:00,0,0,0,0,True,True,False,24.01790754349996,-48.374898086087704,2.702092882551294,3.981121892086058,0.6172151220423578,0.0,0.013860675920876727,on,connected,True,synthetic_device_spec_v11
synthetic_customer_006,cabinet_006,2026-09-05 15:30:00+00:00,0,0,0,0,True,True,False,23.72051872137801,-48.06133898213175,2.5904686136132917,4.111525077051874,0.0,0.00966981324722762,0.012450050520387779,on,connected,True,synthetic_device_spec_v11
synthetic_customer_006,cabinet_006,2026-09-05 15:40:00+00:00,0,0,0,0,True,True,False,24.01053894051729,-48.377659107291926,2.4110801775435515,4.054630206311377,0.0,0.03192239861359602,0.04510872698916671,on,connected,True,synthetic_device_spec_v11
synthetic_customer_006,cabinet_006,2026-09-05 15:50:00+00:00,0,0,0,0,True,True,False,24.229192071484956,-49.094442805279776,2.270722545474717,4.01430940672361,0.0,0.0,0.0,on,connected,True,synthetic_device_spec_v11
synthetic_customer_006,cabinet_006,2026-09-05 16:00:00+00:00,0,0,0,0,True,True,False,23.831880527101113,-48.94973862806827,2.247685909121057,3.855870682514394,0.2904070982522421,0.0,0.0027928173489631383,on,connected,True,synthetic_device_spec_v11
synthetic_customer_006,cabinet_006,2026-09-05 16:10:00+00:00,0,0,0,0,True,True,False,24.13389885754932,-47.3577319168952,2.1326585252893793,3.9150861343204504,0.09115012143846235,0.0,0.0,on,connected,True,synthetic_device_spec_v11
synthetic_customer_006,cabinet_006,2026-09-05 16:20:00+00:00,0,0,0,0,True,True,False,24.011550930740032,-48.94441045801867,2.041099864404793,3.9485557955763144,0.0,0.0,0.0,on,connected,True,synthetic_device_spec_v11
synthetic_customer_006,cabinet_006,2026-09-05 16:30:00+00:00,0,0,0,0,True,True,False,24.077293896043834,-47.55127578343142,1.8688789423670924,4.070255300021787,0.5950994025247779,0.010227556180266356,0.0,on,connected,True,synthetic_device_spec_v11
synthetic_customer_006,cabinet_006,2026-09-05 16:40:00+00:00,0,0,0,0,True,True,False,23.837395466767685,-46.520331497841084,1.7067825248322046,4.009513711521316,0.6829535513528264,0.01995738241853113,0.0,on,connected,True,synthetic_device_spec_v11
synthetic_customer_006,cabinet_006,2026-09-05 16:50:00+00:00,0,0,0,0,True,True,False,23.854655688612628,-47.53872854601603,1.5128239791765072,4.010717741788629,0.49163761057774835,0.005854498572267494,0.001984132171879492,on,connected,True,synthetic_device_spec_v11
synthetic_customer_006,cabinet_006,2026-09-05 17:00:00+00:00,0,0,0,0,True,True,False,24.01316280062801,-49.8358589664658,1.296450592035358,4.0133136920516455,0.0,0.025187944451975433,0.0,on,connected,True,synthetic_device_spec_v11
synthetic_customer_006,cabinet_006,2026-09-05 17:10:00+00:00,0,0,0,0,True,True,False,24.23337985654407,-47.747574244035434,1.1025543909196571,3.974336948704254,0.17562108714397862,0.0,0.0,on,connected,True,synthetic_device_spec_v11
synthetic_customer_006,cabinet_006,2026-09-05 17:20:00+00:00,0,0,0,0,True,True,False,23.989442144312054,-47.82327686567964,0.89272893957781,3.9600347078231803,0.0,0.007945792414345853,0.0,on,connected,True,synthetic_device_spec_v11
synthetic_customer_006,cabinet_006,2026-09-05 17:30:00+00:00,0,0,0,0,True,True,False,24.01868728891007,-48.85222829605768,0.7207644746569711,4.014661244785206,0.10074356163331723,0.02436474917508924,0.0,on,connected,True,synthetic_device_spec_v11
synthetic_customer_006,cabinet_006,2026-09-05 17:40:00+00:00,0,0,0,0,True,True,False,24.071585865837093,-48.45350420869649,0.5124710983608474,4.075655070237317,0.4546995791688927,0.0,0.0,on,connected,True,synthetic_device_spec_v11
synthetic_customer_006,cabinet_006,2026-09-05 17:50:00+00:00,0,0,0,0,True,True,False,23.89158891098667,-48.55472342805107,0.3606514291557021,4.009986296708617,0.0,0.0,0.0,on,connected,True,synthetic_device_spec_v11
synthetic_customer_006,cabinet_006,2026-09-05 18:00:00+00:00,0,0,0,0,True,True,False,24.107827831912303,-46.9420157690708,0.2889906407616958,4.065055666020784,0.0,0.004094502609907149,0.004265665790824814,on,connected,True,synthetic_device_spec_v11
synthetic_customer_006,cabinet_006,2026-09-05 18:10:00+00:00,1,1,1,0,True,True,False,24.200584329221346,-48.170574295949834,0.26869574408955066,3.9890284182793425,0.966805006400089,0.0,0.029863148086263308,on,connected,True,synthetic_device_spec_v11
synthetic_customer_006,cabinet_006,2026-09-05 18:20:00+00:00,1,1,1,0,True,True,False,24.10866012863766,-47.318635028064534,0.24979206713807992,4.06731076014843,0.0,0.005623085412204638,0.0,on,connected,True,synthetic_device_spec_v11
synthetic_customer_006,cabinet_006,2026-09-05 18:30:00+00:00,1,1,1,0,True,True,False,23.93791237520452,-47.493242047469295,0.13437315953006093,3.99673358217583,0.33923536589703807,0.007060465589737119,0.0063290938128056215,on,connected,True,synthetic_device_spec_v11
synthetic_customer_006,cabinet_006,2026-09-05 18:40:00+00:00,0,0,0,0,True,True,False,24.177936112093285,-46.847569131154536,0.22660385353278947,4.07471992536863,0.0,0.0,0.02739871214756727,on,connected,True,synthetic_device_spec_v11
synthetic_customer_006,cabinet_006,2026-09-05 18:50:00+00:00,0,0,0,0,True,True,False,23.958025912328644,-49.13505051139515,0.222155040164079,4.014854918001811,0.0,0.0,0.0,on,connected,True,synthetic_device_spec_v11
synthetic_customer_006,cabinet_006,2026-09-05 19:00:00+00:00,0,0,0,0,True,True,False,23.963510201812934,-46.311380716354535,0.22445493474335143,3.945052862902411,0.0,0.007700511627213223,0.0,on,connected,True,synthetic_device_spec_v11
synthetic_customer_006,cabinet_006,2026-09-05 19:10:00+00:00,0,0,0,0,True,True,False,23.955901957328916,-48.24365955638294,0.9113888018232658,3.920033791198777,0.0,0.010813840416343076,0.012202252951214963,on,connected,True,synthetic_device_spec_v11
synthetic_customer_006,cabinet_006,2026-09-05 19:20:00+00:00,0,0,0,0,True,True,False,24.16177315429283,-48.27323683159331,2.9622850897566755,4.018234996197143,1.3542954041586266,0.0,0.008523075040751789,on,connected,True,synthetic_device_spec_v11
synthetic_customer_006,cabinet_006,2026-09-05 19:30:00+00:00,0,0,0,0,True,True,False,23.91657446835742,-46.27018978840614,2.9693597134497898,4.056932420511412,0.12043683409652205,0.0006988835562771458,0.0006570255165473252,on,connected,True,synthetic_device_spec_v11
synthetic_customer_006,cabinet_006,2026-09-05 19:40:00+00:00,0,0,0,0,True,True,False,24.025270943415812,-47.54042318934393,3.0359307668815227,3.9130681588043705,0.0,0.0,0.0,on,connected,True,synthetic_device_spec_v11
synthetic_customer_006,cabinet_006,2026-09-05 19:50:00+00:00,0,0,0,0,True,True,False,23.889395088396938,-48.51413030956288,3.001771591689553,3.9639447977545927,0.0,0.024122072186741922,0.012162509722882117,on,connected,True,synthetic_device_spec_v11
synthetic_customer_006,cabinet_006,2026-09-05 20:00:00+00:00,0,0,0,0,True,True,False,23.765644574640724,-48.058175699372725,2.983807635497628,4.062507637630016,0.45669922046263106,0.026424674566431175,0.024278662472291487,on,connected,True,synthetic_device_spec_v11
synthetic_customer_006,cabinet_006,2026-09-05 20:10:00+00:00,0,0,0,0,True,True,False,23.93817711469259,-47.97782111914015,3.0298176296324315,3.986617406159106,0.0,0.047276292185790866,0.011112435563154473,on,connected,True,synthetic_device_spec_v11
synthetic_customer_006,cabinet_006,2026-09-05 20:20:00+00:00,0,0,0,0,True,True,False,24.094659270433752,-51.93857369254323,2.9521327644657087,4.0165203477196085,0.0,0.04463372495896589,0.010518660027386759,on,connected,True,synthetic_device_spec_v11
synthetic_customer_006,cabinet_006,2026-09-05 20:30:00+00:00,0,0,0,0,True,True,False,23.9131669602013,-52.34736468483732,3.0249693931201134,4.101770100424653,0.0,0.07645027688390554,0.005100629254963631,on,connected,True,synthetic_device_spec_v11
synthetic_customer_006,cabinet_006,2026-09-05 20:40:00+00:00,0,0,0,0,True,True,False,24.000170845796564,-55.23798014984793,3.048646159932491,4.032367771758461,0.0,0.20385952193277268,0.0,on,connected,True,synthetic_device_spec_v11
synthetic_customer_006,cabinet_006,2026-09-05 20:50:00+00:00,0,0,0,0,True,True,False,23.94371122231703,-60.629811417142406,3.022224135682953,3.9792585757694288,0.0,0.1815937141381944,0.0,on,connected,True,synthetic_device_spec_v11
synthetic_customer_006,cabinet_006,2026-09-05 21:00:00+00:00,0,0,0,0,True,True,False,23.881474444309795,-61.92947907647164,3.001705025896023,4.213609623402844,0.0,0.24085488457183205,0.047834866448931285,on,connected,True,synthetic_device_spec_v11
synthetic_customer_006,cabinet_006,2026-09-05 21:10:00+00:00,0,0,0,0,True,True,False,24.119895996800857,-63.27623476903657,2.9600617980214468,4.310206139532826,0.0,0.26720150024870143,0.05670492697181457,on,connected,True,synthetic_device_spec_v11
synthetic_customer_006,cabinet_006,2026-09-05 21:20:00+00:00,0,0,0,0,True,True,False,23.601501721655797,-65.26148531460342,2.9976296695996627,4.45720542736208,0.24779609508471626,0.2933801918949121,0.06842695259905174,on,connected,True,synthetic_device_spec_v11
synthetic_customer_006,cabinet_006,2026-09-05 21:30:00+00:00,0,0,0,0,True,True,False,23.826880087197168,-67.66539284863195,2.9818722348544857,4.696795704764693,0.8723779925166646,0.3346303874650388,0.09707467904073654,on,connected,True,synthetic_device_spec_v11
synthetic_customer_006,cabinet_006,2026-09-05 21:40:00+00:00,0,0,0,0,True,True,False,23.994207673210212,-71.82998569355823,3.032240848145889,4.859007000268252,0.0,0.4257969382291758,0.12379306936081906,on,connected,True,synthetic_device_spec_v11
synthetic_customer_006,cabinet_006,2026-09-05 21:50:00+00:00,0,0,0,0,True,True,False,23.937969371769977,-71.81478945047078,2.9963461111011367,5.107006932988901,0.0,0.459007046577525,0.17094341356093512,on,connected,True,synthetic_device_spec_v11
synthetic_customer_006,cabinet_006,2026-09-05 22:00:00+00:00,0,0,0,0,True,True,False,24.00931310274604,-75.26523908433684,2.9495333041845373,5.317507582538728,0.0,0.5034155276685961,0.14744853384586964,on,connected,True,synthetic_device_spec_v11
synthetic_customer_006,cabinet_006,2026-09-05 22:10:00+00:00,0,0,0,0,True,True,False,23.89902709285432,-75.92145924705513,2.9213488372499095,5.549760314120293,0.0,0.5153081117126999,0.21852294642977885,on,connected,True,synthetic_device_spec_v11
synthetic_customer_006,cabinet_006,2026-09-05 22:20:00+00:00,0,0,0,0,True,True,False,23.96278749031591,-78.97832224224597,3.0113760618232783,5.557560588886863,0.0,0.5532093124894796,0.2123776618155144,on,connected,True,synthetic_device_spec_v11
synthetic_customer_006,cabinet_006,2026-09-05 22:30:00+00:00,0,0,0,0,True,True,False,24.122908725251346,-82.13949970749962,2.9870798591140097,5.913544988292533,0.0,0.6114975417746796,0.25577218839327165,on,connected,True,synthetic_device_spec_v11
synthetic_customer_006,cabinet_006,2026-09-05 22:40:00+00:00,0,0,0,0,True,True,False,23.899970849692586,-85.63203928418976,3.058521635498126,6.1194945748907585,0.4336273100396539,0.6405302661739756,0.27333721222722857,on,connected,True,synthetic_device_spec_v11
synthetic_customer_006,cabinet_006,2026-09-05 23:50:00+00:00,0,0,0,0,True,True,False,23.820144904300733,-46.121768507700544,3.007105336392216,7.072165849277163,0.0,0.018123909624525477,0.4385109427004083,on,connected,True,synthetic_device_spec_v11
synthetic_customer_006,cabinet_006,2026-09-06 00:00:00+00:00,0,0,0,0,True,True,False,24.074712037120488,-48.46451108075908,2.9406178704969395,7.01967446679133,0.0,0.022208255932183143,0.40690249437847975,on,connected,True,synthetic_device_spec_v11
synthetic_customer_006,cabinet_006,2026-09-06 00:10:00+00:00,0,1,1,0,True,True,False,24.0768039490638,-47.096099274629665,3.003067299896586,7.032915971106167,0.5007662979658881,0.0,0.4070998108915904,on,connected,True,synthetic_device_spec_v11
synthetic_customer_006,cabinet_006,2026-09-06 00:20:00+00:00,0,1,1,0,True,True,False,24.052959398750282,-47.937643552740816,3.015102984708913,7.026767343942937,0.0,0.0,0.39030702467462935,on,connected,True,synthetic_device_spec_v11
synthetic_customer_006,cabinet_006,2026-09-06 00:30:00+00:00,0,1,1,0,True,True,False,24.18290803427468,-48.02395167647383,2.995866090852902,7.054637757628135,0.7687286104259766,0.010634615720689695,0.3909448109665351,on,connected,True,synthetic_device_spec_v11
synthetic_customer_006,cabinet_006,2026-09-06 00:40:00+00:00,0,0,0,0,True,True,False,23.874425145152426,-48.72258316021524,3.012900854654649,7.122323359558553,0.3047971524401822,0.0,0.42800492420762054,on,connected,True,synthetic_device_spec_v11
synthetic_customer_006,cabinet_006,2026-09-06 00:50:00+00:00,0,0,0,0,True,True,False,24.002794523042787,-48.22115861302,2.9925163258593668,4.014444195573778,0.0,0.002229969690877938,0.0,on,connected,True,synthetic_device_spec_v11
synthetic_customer_006,cabinet_006,2026-09-06 01:00:00+00:00,0,0,0,0,True,True,False,24.057216465823412,-48.28381288374971,3.0226925979977177,4.024335911033115,0.8408763847435267,0.0,0.0,on,connected,True,synthetic_device_spec_v11
synthetic_customer_006,cabinet_006,2026-09-06 01:10:00+00:00,0,0,0,0,True,True,False,24.07123523875338,-47.46059633913567,3.128027231751534,4.123640609626725,0.0,0.0,0.010627178216610937,on,connected,True,synthetic_device_spec_v11
synthetic_customer_006,cabinet_006,2026-09-06 01:20:00+00:00,0,0,0,0,True,True,False,24.118281110648137,-47.34137670674504,3.0459580164665394,3.8791132912874056,0.0,0.006859494060425965,0.0,on,connected,True,synthetic_device_spec_v11
synthetic_customer_006,cabinet_006,2026-09-06 01:30:00+00:00,0,0,0,0,True,True,False,24.048236656192305,-47.70649278950361,3.024981824468312,4.094707277242943,0.0,0.0,0.0,on,connected,True,synthetic_device_spec_v11
synthetic_customer_006,cabinet_006,2026-09-06 01:40:00+00:00,0,0,0,0,True,True,False,24.14447296669984,-47.32313810747869,2.966732211219985,4.0347161732557675,0.05908944441218987,0.00719607819369892,0.0,on,connected,True,synthetic_device_spec_v11
synthetic_customer_006,cabinet_006,2026-09-06 01:50:00+00:00,0,0,0,0,True,True,False,24.097518583489062,-46.50545319843399,2.9693810158053524,4.047410827062394,0.0,0.010701111988847798,0.0,on,connected,True,synthetic_device_spec_v11
synthetic_customer_006,cabinet_006,2026-09-06 02:00:00+00:00,0,0,0,0,True,True,False,23.922757377585746,-49.51728969516966,2.951486575786661,4.02262354338526,0.0,0.0,0.0,on,connected,True,synthetic_device_spec_v11
synthetic_customer_006,cabinet_006,2026-09-06 02:10:00+00:00,0,0,0,0,True,True,False,24.132349132783276,-48.00415247418791,3.0183831556507212,4.035331860015694,0.0,0.011779301037438997,0.0,on,connected,True,synthetic_device_spec_v11
synthetic_customer_006,cabinet_006,2026-09-06 02:20:00+00:00,0,0,0,0,True,True,False,23.9324237663842,-46.01822605352771,3.011601354388421,4.009209461600199,0.0,0.0,0.0016587848462952031,on,connected,True,synthetic_device_spec_v11
synthetic_customer_006,cabinet_006,2026-09-06 02:30:00+00:00,0,0,0,0,True,True,False,23.98399998947426,-47.40842182652516,2.9723120544767268,4.038942102154459,0.0,0.00014164530656454437,0.01563332324635767,on,connected,True,synthetic_device_spec_v11
synthetic_customer_006,cabinet_006,2026-09-06 02:40:00+00:00,0,0,0,0,True,True,False,23.967436713753244,-48.085342802901216,2.9476448631237204,3.9555371182636447,0.0,0.018673264513342565,0.024809987272982267,on,connected,True,synthetic_device_spec_v11
synthetic_customer_006,cabinet_006,2026-09-06 02:50:00+00:00,0,0,0,0,True,True,False,24.0826224774906,-47.56874197851949,2.993176563846402,4.035383735677419,0.0,0.003950010341072106,0.0,on,connected,True,synthetic_device_spec_v11
synthetic_customer_006,cabinet_006,2026-09-06 03:00:00+00:00,0,0,0,0,True,True,False,24.17870037823535,-48.35868873638323,3.008517601327926,3.9925129113997464,0.0,0.0,0.006844585271741738,on,connected,True,synthetic_device_spec_v11
synthetic_customer_006,cabinet_006,2026-09-06 03:10:00+00:00,0,0,0,0,True,True,False,23.931855171285203,-48.23729007314033,2.9991308761282873,4.03211018784979,0.6594952993194962,0.0,0.0013795819447401444,on,connected,True,synthetic_device_spec_v11
synthetic_customer_006,cabinet_006,2026-09-06 03:20:00+00:00,0,0,0,0,True,True,False,24.08203736638963,-46.574549872120755,2.969337304432558,4.165596242550174,0.0,0.055762003325553734,0.01216243901606051,on,connected,True,synthetic_device_spec_v11
synthetic_customer_006,cabinet_006,2026-09-06 03:30:00+00:00,0,0,0,0,True,True,False,24.17142541113053,-48.53037150862183,2.9876831594954587,4.054221729582333,0.0,0.0,0.0026832288321130097,on,connected,True,synthetic_device_spec_v11
synthetic_customer_006,cabinet_006,2026-09-06 03:40:00+00:00,0,0,0,0,True,True,False,23.956510113944788,-47.40820968241072,2.8942026032676247,4.005542377709428,0.0,0.034891086639654866,0.011667941019344194,on,connected,True,synthetic_device_spec_v11
synthetic_customer_006,cabinet_006,2026-09-06 03:50:00+00:00,0,0,0,0,True,True,False,23.99300292293014,-49.539449902378536,3.016394102717741,3.9705236949252587,0.4415929060912856,0.0,0.0,on,connected,True,synthetic_device_spec_v11
synthetic_customer_006,cabinet_006,2026-09-06 04:00:00+00:00,0,0,0,0,True,True,False,24.004164258403176,-46.30215930891397,3.037248008540645,4.0677846157577076,0.28373437038457067,0.0,0.0,on,connected,True,synthetic_device_spec_v11
synthetic_customer_006,cabinet_006,2026-09-06 04:10:00+00:00,0,0,0,0,True,True,False,23.770276897346648,-46.62690710970878,2.9456063802868155,4.101466398097245,0.0,0.0,0.0,on,connected,True,synthetic_device_spec_v11
synthetic_customer_006,cabinet_006,2026-09-06 04:20:00+00:00,0,0,0,0,True,True,False,23.881498884934004,-46.89241036445815,2.969637513783867,4.002644503830854,0.37783485532812755,0.0036814468432717923,0.0025710626360430614,on,connected,True,synthetic_device_spec_v11
synthetic_customer_006,cabinet_006,2026-09-06 04:30:00+00:00,0,0,0,0,True,True,False,23.805412576717107,-46.981021153099405,3.055844067485538,4.032395563139543,0.0,0.0,0.005674214787204333,on,connected,True,synthetic_device_spec_v11
synthetic_customer_006,cabinet_006,2026-09-06 04:40:00+00:00,0,0,0,0,True,True,False,23.852758953594286,-48.5998635444841,2.935042893768678,3.9672374834956137,0.1629789429049786,0.0,0.0,on,connected,True,synthetic_device_spec_v11
synthetic_customer_006,cabinet_006,2026-09-06 04:50:00+00:00,0,0,0,0,True,True,False,23.98466654978925,-49.183967940588865,3.0395081149491654,4.024623231542439,0.2352940299613244,0.0,0.0,on,connected,True,synthetic_device_spec_v11
synthetic_customer_006,cabinet_006,2026-09-06 05:00:00+00:00,0,0,0,0,True,True,False,23.776281616482365,-46.99052733814473,2.9189072299134766,3.9612068071450746,0.0,0.0,0.0012504908419253991,on,connected,True,synthetic_device_spec_v11
synthetic_customer_006,cabinet_006,2026-09-06 05:10:00+00:00,0,0,0,0,True,True,False,24.04099284744062,-48.14609801867959,3.018158636009061,3.9431801036525114,0.058454861470220075,0.021166697367060845,0.0,on,connected,True,synthetic_device_spec_v11
synthetic_customer_006,cabinet_006,2026-09-06 05:20:00+00:00,0,0,0,0,True,True,False,24.07849030235327,-47.087077564203454,2.966959386235361,4.018364854846809,0.0,0.04956009628551129,0.0,on,connected,True,synthetic_device_spec_v11
synthetic_customer_006,cabinet_006,2026-09-06 05:30:00+00:00,0,0,0,0,True,True,False,23.979316990874796,-47.05973826999571,3.007526621296804,4.030348313425746,0.0,0.0,0.014407337294442539,on,connected,True,synthetic_device_spec_v11
synthetic_customer_006,cabinet_006,2026-09-06 05:40:00+00:00,0,0,0,0,True,True,False,23.837864966856888,-46.93398856046172,3.024381862997537,3.9364565739464563,0.40984610418285683,0.0,0.019334168902378556,on,connected,True,synthetic_device_spec_v11
synthetic_customer_006,cabinet_006,2026-09-06 05:50:00+00:00,0,0,0,0,True,True,False,23.98155255379255,-47.79897310929251,3.015889355081119,3.9113362737373687,0.2932256653756979,0.0,0.00585612843658456,on,connected,True,synthetic_device_spec_v11
synthetic_customer_006,cabinet_006,2026-09-06 06:00:00+00:00,0,0,0,0,True,True,False,24.008609183434274,-47.23669372854264,2.9930126052258186,4.069786522943571,0.185429114739183,0.0,0.02032195259356902,on,connected,True,synthetic_device_spec_v11
synthetic_customer_006,cabinet_006,2026-09-06 06:10:00+00:00,1,1,1,1,True,True,False,24.109183321288945,-47.144947221628115,3.005872792453442,3.9384233886615774,0.0,0.0,0.001421952883242392,on,connected,True,synthetic_device_spec_v11
synthetic_customer_006,cabinet_006,2026-09-06 06:20:00+00:00,1,1,1,1,True,True,False,23.937099097933594,-50.4544600584978,3.001875058586889,3.956822100839805,0.0,0.0,0.0,on,connected,True,synthetic_device_spec_v11
synthetic_customer_006,cabinet_006,2026-09-06 06:30:00+00:00,1,1,1,1,True,True,False,24.07626977234216,-46.959723857912124,2.9728791318293473,4.042960911779273,0.0,0.0,0.0,on,connected,True,synthetic_device_spec_v11
synthetic_customer_006,cabinet_006,2026-09-06 06:40:00+00:00,0,0,0,0,True,True,False,23.850945691445403,-49.9764371930906,3.0114916915050283,3.920496247355981,0.1944069677414596,0.0,0.0,on,connected,True,synthetic_device_spec_v11
synthetic_customer_006,cabinet_006,2026-09-06 06:50:00+00:00,0,0,0,0,True,True,False,24.265237287071905,-48.08861177461205,2.9143277515549486,3.972511519990171,0.3048852568819382,0.02904772971799824,0.0,on,connected,True,synthetic_device_spec_v11
synthetic_customer_006,cabinet_006,2026-09-06 07:00:00+00:00,0,0,0,0,True,True,False,23.923989266266656,-48.17943302784544,2.984407551555706,4.078170583163676,0.0,0.0,0.0,on,connected,True,synthetic_device_spec_v11
synthetic_customer_006,cabinet_006,2026-09-06 07:10:00+00:00,0,0,0,0,True,True,False,23.964225470335144,-48.68964392988446,3.037118162922966,4.029149453326117,0.0,0.03725951869485114,0.0048669793987155836,on,connected,True,synthetic_device_spec_v11
synthetic_customer_006,cabinet_006,2026-09-06 07:20:00+00:00,0,0,0,0,True,True,False,23.858009396534317,-51.06216658031188,2.9852158166494718,4.044376585622363,0.16063921377043353,0.0,0.0005871031045387872,on,connected,True,synthetic_device_spec_v11
synthetic_customer_006,cabinet_006,2026-09-06 07:30:00+00:00,0,0,0,0,True,True,False,23.985737867667183,-48.33346100405569,3.001057134495923,3.965436154021886,1.3137661012703594,0.013745417567291772,0.01521551903335318,on,connected,True,synthetic_device_spec_v11
synthetic_customer_006,cabinet_006,2026-09-06 07:40:00+00:00,0,0,0,0,True,True,False,23.90954135233762,-47.70421396169684,2.984601449606997,3.9441668265544276,3.7487055768210262,0.0,0.00972188478699619,on,connected,True,synthetic_device_spec_v11
synthetic_customer_006,cabinet_006,2026-09-06 07:50:00+00:00,0,0,0,0,True,True,False,24.03814974220999,-47.53554262478522,2.9716358226641475,3.954775950819853,6.548347917780584,0.0,0.0,on,connected,True,synthetic_device_spec_v11
synthetic_customer_006,cabinet_006,2026-09-06 08:00:00+00:00,0,0,0,0,True,True,False,23.976648785293282,-48.12956403192366,2.950048136542481,3.9956814014888073,9.478283249068426,0.0,0.040155517243148746,on,connected,True,synthetic_device_spec_v11
synthetic_customer_006,cabinet_006,2026-09-06 08:10:00+00:00,0,0,0,0,True,True,False,24.192526534886944,-47.428174202447906,3.033203262309178,4.084479596095114,10.903430221061742,0.0,0.0,on,connected,True,synthetic_device_spec_v11
synthetic_customer_006,cabinet_006,2026-09-06 08:20:00+00:00,0,0,0,0,True,True,False,23.863037910798983,-45.551001522433744,2.996011352287883,3.9392154947296083,13.687944375025467,0.037853986895567605,0.0,on,connected,True,synthetic_device_spec_v11
synthetic_customer_006,cabinet_006,2026-09-06 08:30:00+00:00,0,0,0,0,True,True,False,23.87557033134986,-47.862834081588986,2.9642219507914724,4.111592682603132,15.696766429614785,0.0011567328619878302,0.0,on,connected,True,synthetic_device_spec_v11
synthetic_customer_006,cabinet_006,2026-09-06 08:40:00+00:00,0,0,0,0,True,True,False,23.976025642133557,-46.577308000478695,3.005722556333971,4.011613186104431,17.942577975786985,0.011856285645498501,0.022630599486833065,on,connected,True,synthetic_device_spec_v11
synthetic_customer_006,cabinet_006,2026-09-06 08:50:00+00:00,0,0,0,0,True,True,False,24.049110037877853,-49.10407906969941,3.0371802204934055,4.024721704546896,21.292414030739632,0.0014605052194838527,0.0,on,connected,True,synthetic_device_spec_v11
synthetic_customer_006,cabinet_006,2026-09-06 09:00:00+00:00,0,0,0,0,True,True,False,24.029548088989,-48.442982306488055,3.053401826956355,3.945702902934693,22.6919208700175,0.0017300827062957935,0.0,on,connected,True,synthetic_device_spec_v11
synthetic_customer_006,cabinet_006,2026-09-06 09:10:00+00:00,0,0,0,0,True,True,False,24.080080062191445,-47.67988957347777,3.0417661434215297,4.036595808068134,24.594681417615185,0.0,0.0,on,connected,True,synthetic_device_spec_v11
synthetic_customer_006,cabinet_006,2026-09-06 09:20:00+00:00,0,0,0,0,True,True,False,23.844627374045356,-47.74711687785168,3.0367332295695104,3.974840484007216,25.927322624338725,0.035474484027859424,0.0,on,connected,True,synthetic_device_spec_v11
synthetic_customer_006,cabinet_006,2026-09-06 09:30:00+00:00,0,0,0,0,True,True,False,23.973906311557723,-45.940268510077985,3.0716502960079404,4.106493346799978,25.76660787804189,0.006843412173881413,0.0,on,connected,True,synthetic_device_spec_v11
synthetic_customer_006,cabinet_006,2026-09-06 09:40:00+00:00,0,0,0,0,True,True,False,24.08792286720712,-48.401001469382486,3.0494947130142487,3.946323732408469,25.722676893312915,0.0,0.0,on,connected,True,synthetic_device_spec_v11
synthetic_customer_006,cabinet_006,2026-09-06 09:50:00+00:00,0,0,0,0,True,True,False,24.082633735489093,-47.94534949287527,3.021335565025482,4.046911167266956,0.0,0.0,0.0023092373087464173,on,connected,True,synthetic_device_spec_v11
synthetic_customer_006,cabinet_006,2026-09-06 10:00:00+00:00,0,0,0,0,True,True,False,23.97762998255841,-47.91122902612712,3.0002513998191924,3.9522936839809373,0.007650425758102039,0.012789276944979583,0.009550377720024875,on,connected,True,synthetic_device_spec_v11
synthetic_customer_006,cabinet_006,2026-09-06 10:10:00+00:00,0,0,0,0,True,True,False,23.528172744889947,-47.980785692733875,3.0620994171674902,3.9686723969153572,0.2863462935161525,0.0,0.036893846389203386,on,connected,True,synthetic_device_spec_v11
synthetic_customer_006,cabinet_006,2026-09-06 10:20:00+00:00,0,0,0,0,True,True,False,24.118043806548524,-49.16673109711468,3.071224272745677,3.966806401785443,0.0,0.0,0.0,on,connected,True,synthetic_device_spec_v11
synthetic_customer_006,cabinet_006,2026-09-06 10:30:00+00:00,0,0,0,0,True,True,False,23.709424462318673,-47.43607408454422,3.018305708044594,4.019845326677435,0.935548832050054,0.0,0.019494080671375164,on,connected,True,synthetic_device_spec_v11
synthetic_customer_006,cabinet_006,2026-09-06 10:40:00+00:00,0,0,0,0,True,True,False,23.914965899758165,-47.871108663828956,2.9945668213655807,3.9107032919021654,0.7191678629360079,0.0,0.0,on,connected,True,synthetic_device_spec_v11
synthetic_customer_006,cabinet_006,2026-09-06 10:50:00+00:00,0,0,0,0,True,True,False,23.884225493488003,-48.362387143662,2.9747211262271986,4.005685995967348,0.5773122732566958,0.01139372954758426,0.013962593923249363,on,connected,True,synthetic_device_spec_v11
synthetic_customer_006,cabinet_006,2026-09-06 11:00:00+00:00,0,0,0,0,True,True,False,24.13721729274731,-48.653849483908886,3.0414520071926465,3.9677052954460303,0.0,0.0,0.011080479430201158,on,connected,True,synthetic_device_spec_v11
synthetic_customer_006,cabinet_006,2026-09-06 11:10:00+00:00,0,0,0,0,True,True,False,23.83547814276029,-47.709835894934,3.042197446950219,4.021208553985238,0.0,0.002046029465565209,0.005542965262659125,on,connected,True,synthetic_device_spec_v11
synthetic_customer_006,cabinet_006,2026-09-06 11:20:00+00:00,0,0,0,0,True,True,False,23.881117464335247,-47.777271189934574,3.0025696471232717,3.9905903749995213,0.009819060362135337,0.0,0.006071903933440168,on,connected,True,synthetic_device_spec_v11
synthetic_customer_006,cabinet_006,2026-09-06 11:30:00+00:00,0,0,0,0,True,True,False,24.129871745275434,-48.192623800979305,3.0610865430533756,4.043127379875326,0.5634122381646226,0.0,0.014362080341556664,on,connected,True,synthetic_device_spec_v11
synthetic_customer_006,cabinet_006,2026-09-06 11:40:00+00:00,0,0,0,0,True,True,False,23.95756765054671,-47.49559228909275,3.002371949212202,4.102032663767061,0.0,0.0,0.0,on,connected,True,synthetic_device_spec_v11
synthetic_customer_006,cabinet_006,2026-09-06 11:50:00+00:00,0,0,0,0,True,True,False,23.833332494159258,-47.016922452791164,2.9769365895215505,3.9604536742144743,0.17312601270694916,0.0,0.009536031261762926,on,connected,True,synthetic_device_spec_v11
synthetic_customer_006,cabinet_006,2026-09-06 12:00:00+00:00,0,0,0,0,True,True,False,24.13184041704496,-47.07458551434904,3.005086898904371,4.155838328795668,0.0,0.0,0.015876872506804172,on,connected,True,synthetic_device_spec_v11
synthetic_customer_006,cabinet_006,2026-09-06 12:10:00+00:00,1,1,1,1,True,True,False,24.063246050664443,-47.700786590476355,2.980687108669903,3.9297474529835044,0.0,0.0,0.0,on,connected,True,synthetic_device_spec_v11
synthetic_customer_006,cabinet_006,2026-09-06 12:20:00+00:00,1,1,1,1,True,True,False,23.967164751376178,-46.35231094742024,3.0698326007040846,3.9867531567096006,0.0,0.0,0.0,on,connected,True,synthetic_device_spec_v11
synthetic_customer_006,cabinet_006,2026-09-06 12:30:00+00:00,1,1,1,1,True,True,False,24.002865267913286,-46.0944957689921,3.0924482662789976,3.993543059424304,0.0,0.0,0.007925399567723734,on,connected,True,synthetic_device_spec_v11
synthetic_customer_006,cabinet_006,2026-09-06 12:40:00+00:00,0,0,0,0,True,True,False,23.918967636621826,-47.188690794249624,2.976397979270568,4.004505483314751,0.0,0.03374420033803576,0.02211442441676409,on,connected,True,synthetic_device_spec_v11
synthetic_customer_006,cabinet_006,2026-09-06 12:50:00+00:00,0,0,0,0,True,True,False,24.1325572148216,-47.489537480038095,2.9857631540763574,4.022980269705121,0.09016184157174834,0.03745025190563098,0.0,on,connected,True,synthetic_device_spec_v11
synthetic_customer_006,cabinet_006,2026-09-06 13:00:00+00:00,0,0,0,0,True,True,False,23.834004988421388,-47.880196670385544,2.935034612065856,4.102220172382536,0.04668601924305151,0.05922146014196054,0.0,on,connected,True,synthetic_device_spec_v11
synthetic_customer_006,cabinet_006,2026-09-06 13:10:00+00:00,0,0,0,0,True,True,False,24.07954119965912,-46.27525486267696,3.0147258574954665,4.008191034961294,0.18379679294001933,0.04392556444132666,0.0,on,connected,True,synthetic_device_spec_v11
synthetic_customer_006,cabinet_006,2026-09-06 13:20:00+00:00,0,0,0,0,True,True,False,23.92354810499086,-48.39851548317059,3.0255984616564375,3.980436342916284,0.0784795449131139,0.00015287993427880162,0.029945304001401316,on,connected,True,synthetic_device_spec_v11
synthetic_customer_006,cabinet_006,2026-09-06 13:30:00+00:00,0,0,0,0,True,True,False,23.893548846512605,-48.6018156704343,3.0344176255163,3.9497325145358335,0.0,0.0,0.01813498035021308,on,connected,True,synthetic_device_spec_v11
synthetic_customer_006,cabinet_006,2026-09-06 13:40:00+00:00,0,0,0,0,True,True,False,23.914532731203906,-48.63257540083916,2.9514098365923283,3.9912461325742083,0.223117285160713,0.04616041805591258,0.0,on,connected,True,synthetic_device_spec_v11
synthetic_customer_006,cabinet_006,2026-09-06 13:50:00+00:00,0,0,0,0,True,True,False,23.989542852361993,-47.85195715667529,2.956316914569421,4.039539126897961,0.4252628642520744,0.0,0.0,on,connected,True,synthetic_device_spec_v11
synthetic_customer_006,cabinet_006,2026-09-06 14:00:00+00:00,0,0,0,0,True,True,False,23.799988537068824,-47.24328739482735,2.9864503867482104,4.05694900307907,0.0,0.03126918534552075,0.0,on,connected,True,synthetic_device_spec_v11
synthetic_customer_006,cabinet_006,2026-09-06 14:10:00+00:00,0,0,0,0,True,True,False,23.37791629545737,-48.74823106609764,3.0038604044440023,4.13117837879877,0.0,0.0376664753005542,0.0,on,connected,True,synthetic_device_spec_v11
synthetic_customer_006,cabinet_006,2026-09-06 14:20:00+00:00,0,0,0,0,True,True,False,23.19828815200865,-48.42054395119945,2.9545990376567053,4.018045795959664,0.0,0.0,0.0,on,connected,True,synthetic_device_spec_v11
synthetic_customer_006,cabinet_006,2026-09-06 14:30:00+00:00,0,0,0,0,True,True,False,22.74302552361932,-50.594249476894205,2.9861977739099927,4.081247215391075,0.0,0.0,0.0024543513035277225,on,connected,True,synthetic_device_spec_v11
synthetic_customer_006,cabinet_006,2026-09-06 14:40:00+00:00,0,0,0,0,True,True,False,22.47280327793194,-47.138749362076425,3.0291078723832974,3.9973242166050964,0.0,0.0,0.0,on,connected,True,synthetic_device_spec_v11
synthetic_customer_006,cabinet_006,2026-09-06 14:50:00+00:00,0,0,0,0,True,True,False,22.037114123082826,-47.263435426621605,3.0516780155281498,4.016377177456509,0.0,0.049516588757924716,0.024927600791177867,on,connected,True,synthetic_device_spec_v11
synthetic_customer_006,cabinet_006,2026-09-06 15:00:00+00:00,0,0,0,0,True,True,False,21.824022600429316,-47.62043313706518,3.0767314517724516,3.985794509716886,0.03703888619355156,0.0,0.0006758721839396976,on,connected,True,synthetic_device_spec_v11
synthetic_customer_006,cabinet_006,2026-09-06 15:10:00+00:00,0,0,0,0,True,True,False,21.429063737936314,-47.91874250815654,3.0769465038029717,4.12682167138935,0.0,0.0,0.0,on,connected,True,synthetic_device_spec_v11
synthetic_customer_006,cabinet_006,2026-09-06 15:20:00+00:00,0,0,0,0,True,True,False,21.139723722697063,-49.03403711881638,2.959565942552538,3.984638020411939,0.8312863706986734,0.0,0.002133723786471802,on,connected,True,synthetic_device_spec_v11
synthetic_customer_006,cabinet_006,2026-09-06 15:30:00+00:00,0,0,0,0,True,True,False,20.681863667733538,-47.00178049429011,2.964051003695263,3.998238897275485,0.0,0.0,0.012696608830406615,on,connected,True,synthetic_device_spec_v11
synthetic_customer_006,cabinet_006,2026-09-06 15:40:00+00:00,0,0,0,0,True,True,False,20.334814902996506,-47.22856720177604,3.002943014955138,4.0252692570249335,0.08905611408657646,0.004971854925949929,0.011721148915013264,on,connected,True,synthetic_device_spec_v11
synthetic_customer_006,cabinet_006,2026-09-06 15:50:00+00:00,0,0,0,0,True,True,False,20.213391374890772,-49.26778316082676,3.030241604812459,4.053507893883341,0.0,0.004949801419218393,0.0,on,connected,True,synthetic_device_spec_v11
synthetic_customer_006,cabinet_006,2026-09-06 16:00:00+00:00,0,0,0,0,True,True,False,19.85043736376837,-49.276101981386326,3.0306298284858624,4.055641217134226,0.0,0.0,0.0,on,connected,True,synthetic_device_spec_v11
synthetic_customer_006,cabinet_006,2026-09-06 16:10:00+00:00,0,0,0,0,True,True,False,19.32325296127611,-47.09901435780439,2.9995192801022346,3.991735427300385,0.6112811370765737,0.019707236058205756,0.016107348066059072,on,connected,True,synthetic_device_spec_v11
synthetic_customer_006,cabinet_006,2026-09-06 16:20:00+00:00,0,0,0,0,True,True,False,19.150673840870493,-46.210445466229935,2.9273437084632956,4.019778003713795,0.7597155189836674,0.0,0.03832549146656301,on,connected,True,synthetic_device_spec_v11
synthetic_customer_006,cabinet_006,2026-09-06 16:30:00+00:00,0,0,0,0,True,True,False,18.707331511981916,-47.55579962643369,3.0352960106772766,3.9097272988089555,0.4123668670291976,0.00406791147763963,0.021232178938955158,on,connected,True,synthetic_device_spec_v11
synthetic_customer_006,cabinet_006,2026-09-06 17:40:00+00:00,0,0,0,0,True,True,False,23.88478327053911,-46.88119115481957,3.0438077269393045,4.00213580534624,0.5772985394272497,0.0,0.018619507963671355,on,connected,True,synthetic_device_spec_v11
synthetic_customer_006,cabinet_006,2026-09-06 17:50:00+00:00,0,0,0,0,True,True,False,23.819642132999824,-48.231195193041394,2.964735895122483,3.938683031158261,0.0,0.01057888558076051,0.0,on,connected,True,synthetic_device_spec_v11
synthetic_customer_006,cabinet_006,2026-09-06 18:00:00+00:00,0,0,0,0,True,True,False,23.899624707384703,-49.4955448351008,2.926607341316166,4.002222341905156,0.22363072168714143,0.0,0.004114366077995264,on,connected,True,synthetic_device_spec_v11
synthetic_customer_006,cabinet_006,2026-09-06 18:10:00+00:00,1,1,1,1,True,True,False,24.066747942473775,-46.10709613870722,3.000390657964152,3.972850285718451,0.0,0.006149020670174074,0.0,on,connected,True,synthetic_device_spec_v11
synthetic_customer_006,cabinet_006,2026-09-06 18:20:00+00:00,1,1,1,1,True,True,False,24.056558352690537,-48.677193842802104,2.983210749247463,4.032507315836129,0.0,0.0,0.0034842873832609737,on,connected,True,synthetic_device_spec_v11
synthetic_customer_006,cabinet_006,2026-09-06 18:30:00+00:00,1,1,1,1,True,True,False,24.17197895949195,-47.75147125585362,2.999517156555936,3.973120703024031,0.0,0.04140797733228021,0.0,on,connected,True,synthetic_device_spec_v11
synthetic_customer_006,cabinet_006,2026-09-06 18:40:00+00:00,0,0,0,0,True,True,False,24.015858302656497,-48.248955579518594,3.02987363256876,4.014378870073334,0.24533643589120388,0.022121320598903472,0.0,on,connected,True,synthetic_device_spec_v11
synthetic_customer_006,cabinet_006,2026-09-06 18:50:00+00:00,0,0,0,0,True,True,False,23.991297989315157,-47.208579463393285,2.9706517518750006,3.988790314715453,0.10495572093940439,0.0,0.0,on,connected,True,synthetic_device_spec_v11
synthetic_customer_006,cabinet_006,2026-09-06 19:00:00+00:00,0,0,0,0,True,True,False,23.944501734289318,-48.88274551932864,3.0712785082309817,4.015773805393828,0.046714298308959804,0.0,0.0,on,connected,True,synthetic_device_spec_v11
synthetic_customer_006,cabinet_006,2026-09-06 19:10:00+00:00,0,0,0,0,True,True,False,23.853066802382706,-48.286906538431204,3.0011172846374854,3.99769805859021,0.0,0.004119466485889952,0.0,on,connected,True,synthetic_device_spec_v11
synthetic_customer_006,cabinet_006,2026-09-06 19:20:00+00:00,0,0,0,0,True,True,False,24.01526495127298,-47.756701741055736,3.0169529394078127,3.970622741276188,1.1313842527478195,0.0,0.024455300941465252,on,connected,True,synthetic_device_spec_v11
synthetic_customer_006,cabinet_006,2026-09-06 19:30:00+00:00,0,0,0,0,True,True,False,23.844450158339665,-46.9521714802597,2.926684206952817,3.922982683744983,0.0,0.0,0.0,on,connected,True,synthetic_device_spec_v11
synthetic_customer_006,cabinet_006,2026-09-06 19:40:00+00:00,0,0,0,0,True,True,False,23.826220883310963,-46.90782857896322,2.983854044719174,4.071142684344679,0.0,0.015399865056488696,0.0,on,connected,True,synthetic_device_spec_v11
synthetic_customer_006,cabinet_006,2026-09-06 19:50:00+00:00,0,0,0,0,True,True,False,24.06178127041754,-48.620434234601994,3.008272058006216,3.9520888544505106,0.025010836564669927,0.0,0.027395480655596643,on,connected,True,synthetic_device_spec_v11
synthetic_customer_006,cabinet_006,2026-09-06 20:00:00+00:00,0,0,0,0,True,True,False,23.84358865377342,-46.3727764536931,2.933600376574468,4.004232631616567,0.40923236948186287,0.02808323845582348,0.0,on,connected,True,synthetic_device_spec_v11
synthetic_customer_006,cabinet_006,2026-09-06 20:10:00+00:00,0,0,0,0,True,True,False,23.83586540826,-48.96301406815917,2.9621627350836097,3.930318014456975,0.0,0.0038865743961399644,0.00881806849697657,on,connected,True,synthetic_device_spec_v11
synthetic_customer_006,cabinet_006,2026-09-06 20:20:00+00:00,0,0,0,0,True,True,False,24.00656954667354,-48.12697021845742,3.0370502708155884,4.0155504133298825,0.0,0.0,0.017496206350939836,on,connected,True,synthetic_device_spec_v11
synthetic_customer_006,cabinet_006,2026-09-06 20:30:00+00:00,0,0,0,0,True,True,False,24.40108633898048,-48.83369875132689,3.06727136347711,3.916550706493931,0.0,0.0,0.0,on,connected,True,synthetic_device_spec_v11
synthetic_customer_006,cabinet_006,2026-09-06 20:40:00+00:00,0,0,0,0,True,True,False,23.644729092955497,-48.69680687600353,3.0643293100029143,3.996086775122243,0.0,0.007220516863701187,0.0,on,connected,True,synthetic_device_spec_v11
synthetic_customer_006,cabinet_006,2026-09-06 20:50:00+00:00,0,0,0,0,True,True,False,24.2209802907516,-48.5736318332129,2.9302207819060695,3.8757836605950415,0.0,0.0,0.024689210174249385,on,connected,True,synthetic_device_spec_v11
synthetic_customer_006,cabinet_006,2026-09-06 21:00:00+00:00,0,0,0,0,True,True,False,24.065450803688638,-47.55458130596468,2.9448219791547885,4.003412628882471,0.09726904346935514,0.0,0.011487405948297138,on,connected,True,synthetic_device_spec_v11
synthetic_customer_006,cabinet_006,2026-09-06 21:10:00+00:00,0,0,0,0,True,True,False,24.14061628501547,-48.55979619374146,3.1077119929953985,4.012950947019376,0.0,0.0,0.04251470163705166,on,connected,True,synthetic_device_spec_v11
synthetic_customer_006,cabinet_006,2026-09-06 21:20:00+00:00,0,0,0,0,True,True,False,23.96749276767227,-48.05815591114299,2.9360002079396312,4.006695773901172,0.257895319740621,0.0,0.023398425444973944,on,connected,True,synthetic_device_spec_v11
synthetic_customer_006,cabinet_006,2026-09-06 21:30:00+00:00,0,0,0,0,True,True,False,23.85616473913034,-47.43390005370823,3.025246530095497,4.075097326715941,0.0,0.033962279445057836,0.0,on,connected,True,synthetic_device_spec_v11
synthetic_customer_006,cabinet_006,2026-09-06 21:40:00+00:00,0,0,0,0,True,True,False,23.947725648181667,-46.325523757588336,2.923702913539091,4.005423057873629,0.0,0.031542125864766304,0.03572899794915735,on,connected,True,synthetic_device_spec_v11
synthetic_customer_006,cabinet_006,2026-09-06 21:50:00+00:00,0,0,0,0,True,True,False,23.9921416032776,-47.19366771598212,3.013569079367515,3.9615927236143684,0.0,0.0,0.019470917966740553,on,connected,True,synthetic_device_spec_v11
synthetic_customer_006,cabinet_006,2026-09-06 22:00:00+00:00,0,0,0,0,True,True,False,24.04679315732804,-46.87829179238826,2.9529400879768084,3.999823832084619,0.35102963740145915,0.009882696797390714,0.0,on,connected,True,synthetic_device_spec_v11
synthetic_customer_006,cabinet_006,2026-09-06 22:10:00+00:00,0,0,0,0,True,True,False,23.902939889226868,-47.645606861025584,2.965775959184808,3.9533546163045146,0.2810242958960437,0.0,0.006218536729647025,on,connected,True,synthetic_device_spec_v11
synthetic_customer_006,cabinet_006,2026-09-06 22:20:00+00:00,0,0,0,0,True,True,False,23.93446043363659,-46.278630769146,3.0090430721456345,3.941497423920661,0.0,0.0021640341901066553,0.002204379514722652,on,connected,True,synthetic_device_spec_v11
synthetic_customer_006,cabinet_006,2026-09-06 22:30:00+00:00,0,0,0,0,True,True,False,24.110799515589065,-48.42190522688409,3.0668098564565547,4.080477285670803,0.0,0.0,0.0,on,connected,True,synthetic_device_spec_v11
synthetic_customer_006,cabinet_006,2026-09-06 22:40:00+00:00,0,0,0,0,True,True,False,23.846968867789812,-47.085753325471025,3.0072467854531095,4.052249598221762,0.0,0.0,0.004777963503758863,on,connected,True,synthetic_device_spec_v11
synthetic_customer_006,cabinet_006,2026-09-06 22:50:00+00:00,0,0,0,0,True,True,False,24.035225361730404,-47.74711149701958,2.997154991524677,3.9942130787537704,0.20997950702415916,0.0,0.009601598742555947,on,connected,True,synthetic_device_spec_v11
synthetic_customer_006,cabinet_006,2026-09-06 23:00:00+00:00,0,0,0,0,True,True,False,24.253150105087965,-48.20968409746661,2.9906520393284133,3.9487672380603267,0.0,0.024449535809883276,0.0040954128252858844,on,connected,True,synthetic_device_spec_v11
synthetic_customer_006,cabinet_006,2026-09-06 23:10:00+00:00,0,0,0,0,True,True,False,23.94036793501271,-48.5962698182727,3.029818549905976,3.9722063039078956,0.5375401602318863,0.01912687523906116,0.006830386910406925,on,connected,True,synthetic_device_spec_v11
synthetic_customer_006,cabinet_006,2026-09-06 23:20:00+00:00,0,0,0,0,True,True,False,23.923913478741365,-48.00422786856326,2.9841978038746753,3.924046526780876,0.0,0.0,0.00136346995147712,on,connected,True,synthetic_device_spec_v11
synthetic_customer_006,cabinet_006,2026-09-06 23:30:00+00:00,0,0,0,0,True,True,False,23.92337327004441,-48.31480155581742,2.987952784197709,4.064820478481787,0.30855309875158526,0.005670714581371358,0.021146153458896,on,connected,True,synthetic_device_spec_v11
synthetic_customer_006,cabinet_006,2026-09-06 23:40:00+00:00,0,0,0,0,True,True,False,24.147001515223153,-46.85196913445528,3.0119900858395114,4.030661256216219,0.5243549639935879,0.008007874042875512,0.03892223907667874,on,connected,True,synthetic_device_spec_v11
synthetic_customer_006,cabinet_006,2026-09-06 23:50:00+00:00,0,0,0,0,True,True,False,24.153731952807707,-48.534951952246985,2.970624835689981,4.0680860795416445,0.4369895586910924,0.012101020314030774,0.0,on,connected,True,synthetic_device_spec_v11
synthetic_customer_006,cabinet_006,2026-09-07 00:00:00+00:00,0,0,0,0,True,True,False,23.94294152119367,-47.11481698039646,3.0206095744831325,4.010839429970748,0.0,0.0,0.0,on,connected,True,synthetic_device_spec_v11
synthetic_customer_006,cabinet_006,2026-09-07 00:10:00+00:00,1,1,1,1,True,True,False,24.09784679710168,-48.87372364514507,3.0095922976661145,3.987709693669508,0.10187557093089375,0.015313850662417878,0.043557660028529704,on,connected,True,synthetic_device_spec_v11
synthetic_customer_006,cabinet_006,2026-09-07 00:20:00+00:00,1,1,1,1,True,True,False,24.02853203231118,-48.937556747564,3.041178427128086,3.9711383022545226,0.27092384213307513,0.014511377948463619,0.0,on,connected,True,synthetic_device_spec_v11
synthetic_customer_006,cabinet_006,2026-09-07 00:30:00+00:00,1,1,1,1,True,True,False,24.078411423008777,-49.85201558296934,2.996275337954596,3.945308619492776,0.19811504776392164,0.004991404655956425,0.012820107722953389,on,connected,True,synthetic_device_spec_v11
synthetic_customer_006,cabinet_006,2026-09-07 00:40:00+00:00,0,0,0,0,True,True,False,24.033562447382092,-47.70209821223605,3.004805779146391,4.023468787055171,0.0,0.0,0.011858260301106214,on,connected,True,synthetic_device_spec_v11
synthetic_customer_006,cabinet_006,2026-09-07 00:50:00+00:00,0,0,0,0,True,True,False,24.01373877140297,-49.306029901477054,2.9991312950904945,3.9719312593112726,0.4667483878490769,0.01498650122416042,0.004310180615930026,on,connected,True,synthetic_device_spec_v11
synthetic_customer_006,cabinet_006,2026-09-07 01:00:00+00:00,0,0,0,0,True,True,False,24.05643735943345,-47.464295738318754,2.970430403617569,4.05610399962189,0.0,0.0011387703179933462,0.006398049450834349,on,connected,True,synthetic_device_spec_v11
synthetic_customer_006,cabinet_006,2026-09-07 01:10:00+00:00,0,0,0,0,True,True,False,23.891157067892067,-46.71406877459921,2.9948489066957498,3.9731256576715754,0.5497192174063424,0.0,0.0047271790368071595,on,connected,True,synthetic_device_spec_v11
synthetic_customer_006,cabinet_006,2026-09-07 01:20:00+00:00,0,0,0,0,True,True,False,24.2556523484254,-46.287328655856484,2.9127758060036735,4.020366653089649,0.0,0.0,0.007768782046599315,on,connected,True,synthetic_device_spec_v11
synthetic_customer_006,cabinet_006,2026-09-07 01:30:00+00:00,0,0,0,0,True,True,False,24.134623215050375,-46.42999906419331,3.147930957715423,4.08768528626243,0.0,0.010793327476800499,0.0,on,connected,True,synthetic_device_spec_v11
synthetic_customer_006,cabinet_006,2026-09-07 01:40:00+00:00,0,0,0,0,True,True,False,23.935124235258485,-46.81217423398367,2.9561469288634648,3.9406379500963586,0.0,0.0,0.0,on,connected,True,synthetic_device_spec_v11
synthetic_customer_006,cabinet_006,2026-09-07 01:50:00+00:00,0,0,0,0,True,True,False,24.04248660833699,-46.88996819388769,2.9714990336816074,3.9590522027269106,0.0,0.0,0.0,on,connected,True,synthetic_device_spec_v11
synthetic_customer_006,cabinet_006,2026-09-07 02:00:00+00:00,0,0,0,0,True,True,False,24.195688826121046,-46.82811332007544,3.0298269699674965,4.106248454205233,0.0,0.0,0.022527812947325938,on,connected,True,synthetic_device_spec_v11
synthetic_customer_006,cabinet_006,2026-09-07 02:10:00+00:00,0,0,0,0,True,True,False,24.23964346546064,-49.021824441837836,2.9822308421412966,4.006786242795584,0.24654033605674558,0.0,0.0031076016649757635,on,connected,True,synthetic_device_spec_v11
synthetic_customer_006,cabinet_006,2026-09-07 02:20:00+00:00,0,0,0,0,True,True,False,24.25604191183134,-47.613801634687704,2.9840901465949092,4.04558655601625,0.06980988555833954,0.0,0.0,on,connected,True,synthetic_device_spec_v11
synthetic_customer_006,cabinet_006,2026-09-07 02:30:00+00:00,0,0,0,0,True,True,False,24.077463564675146,-47.024629701003605,2.967121888711224,3.945234828876688,0.0,0.0,0.016182323595663593,on,connected,True,synthetic_device_spec_v11
synthetic_customer_006,cabinet_006,2026-09-07 02:40:00+00:00,0,0,0,0,True,True,False,24.158989122756324,-49.96352871969587,3.055173212179946,4.0619998340551815,0.0,0.005182278357371479,0.0,on,connected,True,synthetic_device_spec_v11
synthetic_customer_006,cabinet_006,2026-09-07 02:50:00+00:00,0,0,0,0,True,True,False,24.182396365399548,-50.196496153413065,2.9771292506735954,4.067624664851345,0.0,0.0026814078879089922,0.017148398463437083,on,connected,True,synthetic_device_spec_v11
synthetic_customer_006,cabinet_006,2026-09-07 03:00:00+00:00,0,0,0,0,True,True,False,24.306446181860334,-46.52062144287026,2.9968191802705686,4.012520799944734,0.0,0.0,0.011343821752491054,on,connected,True,synthetic_device_spec_v11
synthetic_customer_006,cabinet_006,2026-09-07 03:10:00+00:00,0,0,0,0,True,True,False,23.914116885334842,-47.72549277930178,3.000947357147861,3.999743841771592,0.0,0.011999727060208965,0.0,on,connected,True,synthetic_device_spec_v11
synthetic_customer_006,cabinet_006,2026-09-07 03:20:00+00:00,0,0,0,0,True,True,False,24.029608794297257,-49.52186044391739,3.044749007671386,3.9760118056929734,0.0,0.0,0.0064012853932822,on,connected,True,synthetic_device_spec_v11
synthetic_customer_006,cabinet_006,2026-09-07 03:30:00+00:00,0,0,0,0,True,True,False,23.9418347101842,-48.45541293081693,3.0220003416603296,4.018811888484867,0.248781566374215,0.0,0.0,on,connected,True,synthetic_device_spec_v11
synthetic_customer_006,cabinet_006,2026-09-07 03:40:00+00:00,0,0,0,0,True,True,False,24.107659351097485,-51.46919013350404,3.0227088105438416,4.120087846481193,0.0,0.02462375746661416,0.0,on,connected,True,synthetic_device_spec_v11
synthetic_customer_006,cabinet_006,2026-09-07 03:50:00+00:00,0,0,0,0,True,True,False,23.925633114485525,-53.62133228247727,2.9652303242269236,3.928323328564679,0.0,0.10715354058886939,0.0075085761777560645,on,connected,True,synthetic_device_spec_v11
synthetic_customer_006,cabinet_006,2026-09-07 04:00:00+00:00,0,0,0,0,True,True,False,24.21780914312387,-56.18203762340473,2.973088716653436,3.8591553071545506,0.0,0.15647669370384723,0.01056757664258031,on,connected,True,synthetic_device_spec_v11
synthetic_customer_006,cabinet_006,2026-09-07 04:10:00+00:00,0,0,0,0,True,True,False,24.164980940088792,-59.74417724419381,3.03865852626743,4.000591375016565,0.0,0.24127068036941518,0.012144430030453719,on,connected,True,synthetic_device_spec_v11
synthetic_customer_006,cabinet_006,2026-09-07 04:20:00+00:00,0,0,0,0,True,True,False,24.11447865482109,-63.49530538017676,2.9336501935370074,3.9873333379679616,0.0,0.3286391505720228,0.008451688022520101,on,connected,True,synthetic_device_spec_v11
synthetic_customer_006,cabinet_006,2026-09-07 04:30:00+00:00,0,0,0,0,True,True,False,24.079438062252095,-68.29650117998878,2.836224587380675,4.091804811075184,0.7128401135168001,0.39228284994805684,0.05225537616049513,on,connected,True,synthetic_device_spec_v11
synthetic_customer_006,cabinet_006,2026-09-07 04:40:00+00:00,0,0,0,0,True,True,False,23.88583034223555,-69.43519329683845,2.8247129343943382,3.9987989553968704,0.0036868508867791807,0.37535895476625686,0.0005604266597575926,on,connected,True,synthetic_device_spec_v11
synthetic_customer_006,cabinet_006,2026-09-07 04:50:00+00:00,0,0,0,0,True,True,False,24.101556707937238,-74.94507492053756,2.7752184441167254,3.9271250776483937,0.0,0.4637904326257647,0.0,on,connected,True,synthetic_device_spec_v11
synthetic_customer_006,cabinet_006,2026-09-07 05:00:00+00:00,0,0,0,0,True,True,False,23.896975335895664,-77.57586518043854,2.653798574864961,3.983796784468806,0.07938311652272141,0.5360057757486179,0.014558035825224679,on,connected,True,synthetic_device_spec_v11
synthetic_customer_006,cabinet_006,2026-09-07 05:10:00+00:00,0,0,0,0,True,True,False,24.12609759806933,-79.66938029459735,2.6427520116793333,4.000874360205012,0.0,0.5999019104553628,0.0,on,connected,True,synthetic_device_spec_v11
synthetic_customer_006,cabinet_006,2026-09-07 05:20:00+00:00,0,0,0,0,True,True,False,23.86250044034345,-83.6716311958951,2.555112502554636,3.9786798049817556,0.793002126189874,0.6753272025725015,0.0,on,connected,True,synthetic_device_spec_v11
synthetic_customer_006,cabinet_006,2026-09-07 06:50:00+00:00,0,0,0,0,True,True,False,24.05578326849434,-47.11132216755044,2.2072784952085995,4.98280815921387,0.1195075886812378,0.0,0.10867316434955956,on,connected,True,synthetic_device_spec_v11
synthetic_customer_006,cabinet_006,2026-09-07 07:00:00+00:00,0,0,0,0,True,True,False,24.05638338833493,-46.87125052221761,2.1592354305454062,5.155117081416235,0.19018440584585636,0.0,0.13189706868558937,on,connected,True,synthetic_device_spec_v11
synthetic_customer_006,cabinet_006,2026-09-07 07:10:00+00:00,0,0,0,0,True,True,False,24.109296030149597,-48.75838491444127,2.9799300466299106,5.246350600414149,0.0,0.0007817544188800812,0.17154289327068503,on,connected,True,synthetic_device_spec_v11
synthetic_customer_006,cabinet_006,2026-09-07 07:20:00+00:00,0,0,0,0,True,True,False,23.880858162050757,-49.56768076894035,2.9700817804249313,5.424338484295518,0.0994006345152823,0.020131164606843426,0.22069482950845973,on,connected,True,synthetic_device_spec_v11
synthetic_customer_006,cabinet_006,2026-09-07 07:30:00+00:00,0,0,0,0,True,True,False,24.010140833602883,-46.0992057683878,3.068249108854518,5.501212553304509,0.0,0.0,0.20376793523834322,on,connected,True,synthetic_device_spec_v11
synthetic_customer_006,cabinet_006,2026-09-07 07:40:00+00:00,0,0,0,0,True,True,False,24.003782978898844,-47.654363345390664,2.9773135271825475,5.731158069247816,0.09945259001832932,0.0,0.2315300631868938,on,connected,True,synthetic_device_spec_v11
synthetic_customer_006,cabinet_006,2026-09-07 07:50:00+00:00,0,0,0,0,True,True,False,24.062597646788802,-47.59612300847097,2.981641895490965,5.861217832894516,0.0,0.056384463884503515,0.26975444711424323,on,connected,True,synthetic_device_spec_v11
synthetic_customer_006,cabinet_006,2026-09-07 08:00:00+00:00,0,0,0,0,True,True,False,24.080217831235796,-47.29360318367437,3.0905451762258185,6.066113907782844,0.0,0.0,0.2726585587105886,on,connected,True,synthetic_device_spec_v11
synthetic_customer_006,cabinet_006,2026-09-07 08:10:00+00:00,0,0,0,0,True,True,False,24.179058769470725,-48.40633992967913,2.9332086430157163,6.278865083271237,0.2919154912954364,0.019013716967956694,0.2897299270302088,on,connected,True,synthetic_device_spec_v11
synthetic_customer_006,cabinet_006,2026-09-07 08:20:00+00:00,0,0,0,0,True,True,False,24.2307402404579,-48.43209961619129,3.0041996800183535,6.424937486900365,0.0,0.0,0.32466558584010025,on,connected,True,synthetic_device_spec_v11
synthetic_customer_006,cabinet_006,2026-09-07 08:30:00+00:00,0,0,0,0,True,True,False,24.046963664151914,-46.525055177933446,3.017725703428247,6.445858996312043,0.0,0.0,0.3370410068207122,on,connected,True,synthetic_device_spec_v11
synthetic_customer_006,cabinet_006,2026-09-07 08:40:00+00:00,0,0,0,0,True,True,False,24.009592445754475,-47.93408930740898,2.9922074540228265,6.794640214292203,0.3694417719079884,0.00410314824884474,0.34556372677765607,on,connected,True,synthetic_device_spec_v11
synthetic_customer_006,cabinet_006,2026-09-07 08:50:00+00:00,0,0,0,0,True,True,False,24.07774570942124,-48.46328421090658,3.0481828391389882,6.830246613506082,0.0,0.04423915398167211,0.37708170881208275,on,connected,True,synthetic_device_spec_v11
synthetic_customer_006,cabinet_006,2026-09-07 09:00:00+00:00,0,0,0,0,True,True,False,23.92486730526949,-47.26873382834266,2.9870432001409224,6.936794625537751,0.0,0.0,0.39002998031824937,on,connected,True,synthetic_device_spec_v11
synthetic_customer_006,cabinet_006,2026-09-07 09:10:00+00:00,0,0,0,0,True,True,False,24.018122718280733,-46.83512258214877,3.0699982026415804,7.035892357521029,0.5401496441983579,0.025497174363159826,0.39116607787773333,on,connected,True,synthetic_device_spec_v11
synthetic_customer_006,cabinet_006,2026-09-07 09:20:00+00:00,0,0,0,0,True,True,False,23.98553748990094,-46.041390733695295,2.9554523171220284,7.015017683188706,0.3866023784390143,0.005682360018463986,0.40651110417385394,on,connected,True,synthetic_device_spec_v11
synthetic_customer_006,cabinet_006,2026-09-07 09:30:00+00:00,0,0,0,0,True,True,False,24.06442948737906,-48.827324978453504,3.0298743250815834,7.027245631206815,0.0,0.0,0.41018170042632107,on,connected,True,synthetic_device_spec_v11
synthetic_customer_006,cabinet_006,2026-09-07 09:40:00+00:00,0,0,0,0,True,True,False,23.891895154662773,-47.95374878696371,2.9871773003793094,4.14470324826675,0.0,0.0,0.0019310850580381686,on,connected,True,synthetic_device_spec_v11
synthetic_customer_006,cabinet_006,2026-09-07 09:50:00+00:00,0,0,0,0,True,True,False,23.962677783239933,-46.98973680488264,2.9770771102529645,3.949275929784903,0.014060842862203918,0.0,0.0,on,connected,True,synthetic_device_spec_v11
synthetic_customer_006,cabinet_006,2026-09-07 10:00:00+00:00,0,0,0,0,True,True,False,24.13483985880824,-47.833786379286785,2.988246831515562,4.025180970123581,0.587204601890263,0.0,0.0076774277123843075,on,connected,True,synthetic_device_spec_v11
synthetic_customer_006,cabinet_006,2026-09-07 10:10:00+00:00,0,0,0,0,True,True,False,24.029811368595073,-50.45407734224104,3.0400964980040266,4.092232372796631,0.161912981478231,0.009781950759907157,0.0,on,connected,True,synthetic_device_spec_v11
synthetic_customer_006,cabinet_006,2026-09-07 10:20:00+00:00,0,0,0,0,True,True,False,24.028839968299327,-48.09420357265132,3.052738755190669,4.045051733851118,0.6157745997188692,0.02167985034321869,0.00826587033813307,on,connected,True,synthetic_device_spec_v11
synthetic_customer_006,cabinet_006,2026-09-07 10:30:00+00:00,0,0,0,0,True,True,False,23.982225713974543,-49.59153790750841,3.0043197096007623,4.003008106620502,0.0,0.0,0.0,on,connected,True,synthetic_device_spec_v11
synthetic_customer_006,cabinet_006,2026-09-07 10:40:00+00:00,0,0,0,0,True,True,False,24.019849504054726,-47.52530620811563,3.0215478988918987,4.091232336206493,0.0,0.03112216862473371,0.0,on,connected,True,synthetic_device_spec_v11
synthetic_customer_006,cabinet_006,2026-09-07 10:50:00+00:00,0,0,0,0,True,True,False,23.982071337265282,-48.04924670010232,2.941208912703956,3.9914709157538524,0.2246011532409845,0.0,0.0,on,connected,True,synthetic_device_spec_v11
synthetic_customer_006,cabinet_006,2026-09-07 11:00:00+00:00,0,0,0,0,True,True,False,23.90118163877695,-48.0154634184485,2.7591282088332707,4.0494862972580865,0.1731167538970136,0.0,0.0,on,connected,True,synthetic_device_spec_v11
synthetic_customer_006,cabinet_006,2026-09-07 11:10:00+00:00,0,0,0,0,True,True,False,23.93584175779785,-48.265391209036466,2.664190212984412,4.03301050893817,0.647727511314216,0.0,0.009453709813243746,on,connected,True,synthetic_device_spec_v11
synthetic_customer_006,cabinet_006,2026-09-07 11:20:00+00:00,0,0,0,0,True,True,False,24.16684237309817,-48.99373948888544,2.571837966769257,3.880844165118778,0.0,0.0,0.016442867517083036,on,connected,True,synthetic_device_spec_v11
synthetic_customer_006,cabinet_006,2026-09-07 11:30:00+00:00,0,0,0,0,True,True,False,23.95519441880278,-48.51257962880143,2.3800313373887385,3.9289705824156993,0.0,0.0,0.0,on,connected,True,synthetic_device_spec_v11
synthetic_customer_006,cabinet_006,2026-09-07 11:40:00+00:00,0,0,0,0,True,True,False,23.967698281968136,-45.96971148847626,2.2923614715818164,4.058633284124392,0.07226516966840017,0.017654292184552396,0.0,on,connected,True,synthetic_device_spec_v11
synthetic_customer_006,cabinet_006,2026-09-07 11:50:00+00:00,0,0,0,0,True,True,False,23.90161552766602,-48.46243797527578,2.076949981519972,3.971435895367471,0.0,0.0,0.00903446283448493,on,connected,True,synthetic_device_spec_v11
synthetic_customer_006,cabinet_006,2026-09-07 12:00:00+00:00,0,0,0,0,True,True,False,23.858225350415797,-48.25409717871082,1.9643227622043442,3.96772688758739,0.0,0.017333145552106695,0.0044901709533772755,on,connected,True,synthetic_device_spec_v11
synthetic_customer_006,cabinet_006,2026-09-07 12:10:00+00:00,1,1,1,1,True,True,False,23.956773777414654,-48.68816612434659,1.8037181623954552,3.9714465500992846,0.0,0.0,0.0,on,connected,True,synthetic_device_spec_v11
synthetic_customer_006,cabinet_006,2026-09-07 12:20:00+00:00,1,1,1,1,True,True,False,23.818701761636294,-48.49885736511136,1.7952068419734384,4.042368123396032,0.12732450129929188,0.0,0.0,on,connected,True,synthetic_device_spec_v11
synthetic_customer_006,cabinet_006,2026-09-07 12:30:00+00:00,1,1,1,1,True,True,False,23.82846816289599,-48.661667414361744,1.6136801882014162,3.9230063144809133,0.5101735279058484,0.0,0.0,on,connected,True,synthetic_device_spec_v11
synthetic_customer_006,cabinet_006,2026-09-07 12:40:00+00:00,0,0,0,0,True,True,False,24.050255670362294,-48.945361198810104,1.5352268992158955,3.9442506280549563,0.0,0.0,0.0,on,connected,True,synthetic_device_spec_v11
synthetic_customer_006,cabinet_006,2026-09-07 12:50:00+00:00,0,0,0,0,True,True,False,24.158209836971615,-47.429268750187425,1.4389057885091978,3.9939652479602006,0.12315252669799634,0.004627187906873813,5.945525218095028e-06,on,connected,True,synthetic_device_spec_v11
synthetic_customer_006,cabinet_006,2026-09-07 13:00:00+00:00,0,0,0,0,True,True,False,23.892002898569487,-45.494405336297845,1.2735784610803378,3.9721838540399137,0.5911876120617089,0.0,0.00011248107486771103,on,connected,True,synthetic_device_spec_v11
synthetic_customer_006,cabinet_006,2026-09-07 13:10:00+00:00,0,0,0,0,True,True,False,24.007069717380123,-48.37845627486575,1.1477618358851265,3.9448176464894376,0.5314138339987493,0.0,0.001658031042730804,on,connected,True,synthetic_device_spec_v11
synthetic_customer_006,cabinet_006,2026-09-07 13:20:00+00:00,0,0,0,0,True,True,False,24.215345921195855,-46.894488247677636,0.9750712387698813,4.0676539797566935,0.2675794691655135,0.0,0.052519860189516494,on,connected,True,synthetic_device_spec_v11
synthetic_customer_006,cabinet_006,2026-09-07 13:30:00+00:00,0,0,0,0,True,True,False,23.984223008027584,-47.424571997975264,0.980768544084488,3.8957724484763574,0.0,0.015422684964580333,0.0,on,connected,True,synthetic_device_spec_v11
synthetic_customer_006,cabinet_006,2026-09-07 13:40:00+00:00,0,0,0,0,True,True,False,23.943971107496886,-46.843188891505264,1.0594792569244995,4.097413255331432,0.3060399221953984,0.05426958561009635,0.007131780605255836,on,connected,True,synthetic_device_spec_v11
synthetic_customer_006,cabinet_006,2026-09-07 13:50:00+00:00,0,0,0,0,True,True,False,23.912464629078862,-48.43718810149245,1.095215473814071,4.020567645138255,0.0,0.020754268924853658,0.0,on,connected,True,synthetic_device_spec_v11
synthetic_customer_006,cabinet_006,2026-09-07 14:00:00+00:00,0,0,0,0,True,True,False,24.08182868936588,-47.09771639803368,1.0179509930800419,4.03295266500997,0.0,0.01974058334704029,0.0,on,connected,True,synthetic_device_spec_v11
synthetic_customer_006,cabinet_006,2026-09-07 14:10:00+00:00,0,0,0,0,True,True,False,24.206330854774357,-46.986515537413844,1.0163726204471937,4.018776899422016,0.7339105469713864,0.0,0.026322182087664733,on,connected,True,synthetic_device_spec_v11
synthetic_customer_006,cabinet_006,2026-09-07 14:20:00+00:00,0,0,0,0,True,True,False,23.864067287232313,-47.02885787000252,1.0148090690586642,3.9125041670319756,0.09665557674680196,0.0,0.0,on,connected,True,synthetic_device_spec_v11
synthetic_customer_006,cabinet_006,2026-09-07 14:30:00+00:00,0,0,0,0,True,True,False,23.960374494695643,-47.35215184390605,1.0630198801870325,4.099445532828529,0.37033881023059356,0.021869102423460515,0.008877332614108769,on,connected,True,synthetic_device_spec_v11
synthetic_customer_006,cabinet_006,2026-09-07 14:40:00+00:00,0,0,0,0,True,True,False,24.158013148634847,-47.04249387942821,1.0448754594054772,3.919199630911862,0.09196360398122465,0.0,0.0,on,connected,True,synthetic_device_spec_v11
synthetic_customer_006,cabinet_006,2026-09-07 14:50:00+00:00,0,0,0,0,True,True,False,23.90571542438416,-45.92679028103276,3.0081994966572583,4.076313352916362,0.0,0.0,0.006102849713088234,on,connected,True,synthetic_device_spec_v11
synthetic_customer_006,cabinet_006,2026-09-07 15:00:00+00:00,0,0,0,0,True,True,False,23.9353402395485,-48.34971805793631,3.039176462377701,4.008824865630259,0.0,0.0,0.0,on,connected,True,synthetic_device_spec_v11
synthetic_customer_006,cabinet_006,2026-09-07 15:10:00+00:00,0,0,0,0,True,True,False,23.81862944450365,-48.89550341699501,2.9693829762796153,3.940491626812915,0.0,0.0,0.01936478209910854,on,connected,True,synthetic_device_spec_v11
synthetic_customer_006,cabinet_006,2026-09-07 15:20:00+00:00,0,0,0,0,True,True,False,23.677266072138714,-48.16393742720357,2.9860934807203794,3.9732746475931093,0.29155988809584704,0.0,0.007669931245762476,on,connected,True,synthetic_device_spec_v11
synthetic_customer_006,cabinet_006,2026-09-07 15:30:00+00:00,0,0,0,0,True,True,False,23.923779136508713,-48.09186387739952,3.0391558951768083,4.047697856504801,0.0,0.0,0.004635292529815001,on,connected,True,synthetic_device_spec_v11
synthetic_customer_006,cabinet_006,2026-09-07 15:40:00+00:00,0,0,0,0,True,True,False,24.06854083545533,-47.906466320158266,2.9720389691000353,3.8761597016459484,0.0,0.0,0.0,on,connected,True,synthetic_device_spec_v11
synthetic_customer_006,cabinet_006,2026-09-07 15:50:00+00:00,0,0,0,0,True,True,False,24.138034173773445,-48.36762685735757,2.9629490260212585,4.036954882654451,0.5184850173658477,0.0,0.0,on,connected,True,synthetic_device_spec_v11
synthetic_customer_006,cabinet_006,2026-09-07 16:00:00+00:00,0,0,0,0,True,True,False,24.047184225538704,-48.30622678345705,3.060062326340463,3.977450942764855,0.15540406700584172,0.0,0.006714305959016308,on,connected,True,synthetic_device_spec_v11
synthetic_customer_006,cabinet_006,2026-09-07 16:10:00+00:00,0,0,0,0,True,True,False,23.401488589671082,-48.544775787902736,3.0116634054679245,3.963775098762237,0.9597943112633546,0.004350118978689868,0.0,on,connected,True,synthetic_device_spec_v11
synthetic_customer_006,cabinet_006,2026-09-07 16:20:00+00:00,0,0,0,0,True,True,False,23.15485013046386,-46.30036311176828,3.072244210680558,3.9633827424316252,0.2320214968892917,0.0,0.0,on,connected,True,synthetic_device_spec_v11
synthetic_customer_006,cabinet_006,2026-09-07 16:30:00+00:00,0,0,0,0,True,True,False,22.652257662967344,-47.63696892072833,3.0537690865894995,4.096062213140193,0.0,0.013727806858000081,0.0,on,connected,True,synthetic_device_spec_v11
synthetic_customer_006,cabinet_006,2026-09-07 16:40:00+00:00,0,0,0,0,True,True,False,22.14300388852758,-48.4576997033809,3.0424214635844056,3.9937836503315536,0.0,0.0,0.00723755339629482,on,connected,True,synthetic_device_spec_v11
synthetic_customer_006,cabinet_006,2026-09-07 16:50:00+00:00,0,0,0,0,True,True,False,21.83860462829417,-50.37193359134668,3.0378133080205196,3.93851218945644,0.25833297586457615,0.0053155429946453005,0.0,on,connected,True,synthetic_device_spec_v11
synthetic_customer_006,cabinet_006,2026-09-07 17:00:00+00:00,0,0,0,0,True,True,False,21.286119960010232,-48.41362788501224,2.9744913342072423,3.980835743594713,0.3129610951808843,0.026327938239137722,0.02506715707345318,on,connected,True,synthetic_device_spec_v11
synthetic_customer_006,cabinet_006,2026-09-07 17:10:00+00:00,0,0,0,0,True,True,False,20.549822571311893,-46.47527808636383,2.9532966005354315,4.053945437026064,0.0,0.019116774070695536,0.011171429992672031,on,connected,True,synthetic_device_spec_v11
synthetic_customer_006,cabinet_006,2026-09-07 17:20:00+00:00,0,0,0,0,True,True,False,20.293234580376037,-48.1713262598828,3.052878310227595,3.9709383104422367,1.1080568354296259,0.0,0.0,on,connected,True,synthetic_device_spec_v11
synthetic_customer_006,cabinet_006,2026-09-07 17:30:00+00:00,0,0,0,0,True,True,False,19.88365808126931,-48.66209834449898,2.95217645126831,4.043286446645421,0.674525132227502,0.003428650165650967,0.0,on,connected,True,synthetic_device_spec_v11
synthetic_customer_006,cabinet_006,2026-09-07 17:40:00+00:00,0,0,0,0,True,True,False,19.11142662689078,-46.58837794584935,3.0422024215756447,3.955206093617381,0.0,0.02794052678168607,0.021072357003453907,on,connected,True,synthetic_device_spec_v11
synthetic_customer_006,cabinet_006,2026-09-07 17:50:00+00:00,0,0,0,0,True,True,False,18.683063495875608,-47.03810137154989,3.0431525460125686,4.1061711758496475,0.0,0.0,0.0,on,connected,True,synthetic_device_spec_v11
synthetic_customer_006,cabinet_006,2026-09-07 19:20:00+00:00,0,0,0,0,True,True,False,24.080402276665613,-47.30611925969098,2.980531463767122,4.027223196311226,0.21198816181731128,0.0,0.0,on,connected,True,synthetic_device_spec_v11
synthetic_customer_006,cabinet_006,2026-09-07 19:30:00+00:00,0,0,0,0,True,True,False,23.98625285465913,-49.86301482692122,2.989803060011197,4.07844135211423,0.0,0.0,0.009872791786841556,on,connected,True,synthetic_device_spec_v11
synthetic_customer_006,cabinet_006,2026-09-07 19:40:00+00:00,0,0,0,0,True,True,False,24.063476045709663,-47.253156868025656,3.0465413176131406,3.8826431464568905,0.32016210686104846,0.017835496018258384,0.0,on,connected,True,synthetic_device_spec_v11
synthetic_customer_006,cabinet_006,2026-09-07 19:50:00+00:00,0,0,0,0,True,True,False,23.978380862083462,-46.93816852686776,3.006729153245123,4.042802004126813,0.03881644720462223,0.0,0.0,on,connected,True,synthetic_device_spec_v11
synthetic_customer_006,cabinet_006,2026-09-07 20:00:00+00:00,0,0,0,0,True,True,False,24.120205023584838,-47.36954561710553,2.9800645925979135,3.94506404039524,0.655141215633982,0.02886790305970584,0.03141167533985843,on,connected,True,synthetic_device_spec_v11
synthetic_customer_006,cabinet_006,2026-09-07 20:10:00+00:00,0,0,0,0,True,True,False,23.88698381366706,-48.181732923640894,3.040812557310243,3.876502147179088,0.23146953977748333,0.012355578933984774,0.0,on,connected,True,synthetic_device_spec_v11
synthetic_customer_006,cabinet_006,2026-09-07 20:20:00+00:00,0,0,0,0,True,True,False,24.042754793856385,-47.223756379173636,2.9694277636380373,4.00422446058724,0.0,0.0,0.0,on,connected,True,synthetic_device_spec_v11
synthetic_customer_006,cabinet_006,2026-09-07 20:30:00+00:00,0,0,0,0,True,True,False,24.083760888753506,-49.910297752982,3.0311410507496763,3.972159225150466,0.0,0.0,0.0,on,connected,True,synthetic_device_spec_v11
synthetic_customer_006,cabinet_006,2026-09-07 20:40:00+00:00,0,0,0,0,True,True,False,24.082679836145992,-47.84757573393509,2.9879994270130283,3.958623320023562,0.19564976962418698,0.0,0.0,on,connected,True,synthetic_device_spec_v11
synthetic_customer_006,cabinet_006,2026-09-07 20:50:00+00:00,0,0,0,0,True,True,False,23.978842214243823,-49.86287150107296,2.978071245316482,3.882910494110413,0.0,0.002692227436576572,0.011837725896560104,on,connected,True,synthetic_device_spec_v11
synthetic_customer_006,cabinet_006,2026-09-07 21:00:00+00:00,0,0,0,0,True,True,False,23.802114390156078,-47.09224616300101,3.0502523920968234,3.9256368636734345,0.0,0.030658946379328113,0.0,on,connected,True,synthetic_device_spec_v11
synthetic_customer_006,cabinet_006,2026-09-07 21:10:00+00:00,0,0,0,0,True,True,False,24.078344281062172,-48.35867144974792,2.998453974811375,4.046523977359114,0.0,0.028443973851597276,0.015243373922845797,on,connected,True,synthetic_device_spec_v11
synthetic_customer_006,cabinet_006,2026-09-07 21:20:00+00:00,0,0,0,0,True,True,False,23.90270950291736,-49.77217608475444,2.9271384280333215,4.039317418289705,0.6862397079612722,0.02412033882186633,0.0,on,connected,True,synthetic_device_spec_v11
synthetic_customer_006,cabinet_006,2026-09-07 21:30:00+00:00,0,0,0,0,True,True,False,23.838351222721208,-47.708097175784374,3.031879039821762,4.126889001778532,2.822836541023266,0.0,0.0,on,connected,True,synthetic_device_spec_v11
synthetic_customer_006,cabinet_006,2026-09-07 21:40:00+00:00,0,0,0,0,True,True,False,23.824389263475464,-47.02419920658028,3.009718969054866,3.87045108043058,4.075709978017918,0.0,0.015573450243737512,on,connected,True,synthetic_device_spec_v11
synthetic_customer_006,cabinet_006,2026-09-07 21:50:00+00:00,0,0,0,0,True,True,False,23.910149081032362,-47.483867944927255,3.0034084599525075,4.0684505939840845,5.4333265425288735,0.031466803041501894,0.002602361286367577,on,connected,True,synthetic_device_spec_v11
synthetic_customer_006,cabinet_006,2026-09-07 22:00:00+00:00,0,0,0,0,True,True,False,23.91071754812857,-48.72660361758408,3.004823997416894,3.9777728706414135,6.34875067817176,0.0,0.008707128927703858,on,connected,True,synthetic_device_spec_v11
synthetic_customer_006,cabinet_006,2026-09-07 22:10:00+00:00,0,0,0,0,True,True,False,23.972149142445488,-47.29027198506823,3.0271696977097817,3.97727672602484,8.621814350607861,0.003978621797166889,0.012787940358243504,on,connected,True,synthetic_device_spec_v11
synthetic_customer_006,cabinet_006,2026-09-07 22:20:00+00:00,0,0,0,0,True,True,False,24.16524186888638,-47.875427443140154,3.028670604940577,4.084415715402235,9.46047078813667,0.016244165330667925,0.004605152814526725,on,connected,True,synthetic_device_spec_v11
synthetic_customer_006,cabinet_006,2026-09-07 22:30:00+00:00,0,0,0,0,True,True,False,23.981588888636505,-48.23610302010736,2.9637565143567417,3.987313809987787,9.4219438890687,0.003530648360294441,0.011580454822416177,on,connected,True,synthetic_device_spec_v11
synthetic_customer_006,cabinet_006,2026-09-07 22:40:00+00:00,0,0,0,0,True,True,False,23.759355549204667,-48.20749121164965,2.9941450310077067,4.0361961090617084,12.09399431984557,0.0,0.014531210959427386,on,connected,True,synthetic_device_spec_v11
synthetic_customer_006,cabinet_006,2026-09-07 22:50:00+00:00,0,0,0,0,True,True,False,23.8962716038716,-49.391802030794594,3.0038027772957823,3.924720692182613,11.769071721944602,0.0015955535938146613,0.015089381271433005,on,connected,True,synthetic_device_spec_v11
synthetic_customer_006,cabinet_006,2026-09-07 23:00:00+00:00,0,0,0,0,True,True,False,23.83389456880356,-47.759605532633444,2.970044935220644,4.032798393951442,14.645160765496218,0.0,0.0,on,connected,True,synthetic_device_spec_v11
synthetic_customer_006,cabinet_006,2026-09-07 23:10:00+00:00,0,0,0,0,True,True,False,24.00526119928044,-48.248840024945345,2.995045270836027,4.0025948330518695,16.708737330206024,0.037864226349869745,0.0,on,connected,True,synthetic_device_spec_v11
synthetic_customer_006,cabinet_006,2026-09-07 23:20:00+00:00,0,0,0,0,True,True,False,23.904932102923492,-47.07542787308577,2.9132558606591465,3.958172330175346,17.208871972533345,0.0,0.0,on,connected,True,synthetic_device_spec_v11
synthetic_customer_006,cabinet_006,2026-09-07 23:30:00+00:00,0,0,0,0,True,True,False,23.996651269507716,-46.38088598409348,3.0591846931204345,3.997780778784207,18.24840941470388,0.0,0.004684344062651512,on,connected,True,synthetic_device_spec_v11
synthetic_customer_006,cabinet_006,2026-09-07 23:40:00+00:00,0,0,0,0,True,True,False,24.031946067455667,-47.59743988212296,3.0361618785704216,4.024436698477433,19.788223457761987,0.0,0.003611154376168901,on,connected,True,synthetic_device_spec_v11
synthetic_customer_006,cabinet_006,2026-09-07 23:50:00+00:00,0,0,0,0,True,True,False,24.199232152982006,-49.06344149284235,2.9966681579575956,3.942700122365083,21.344150228550834,0.0,0.0,on,connected,True,synthetic_device_spec_v11
synthetic_customer_006,cabinet_006,2026-09-08 00:00:00+00:00,0,0,0,0,True,True,False,24.163252635569442,-46.6047276156697,3.01677606789116,4.095542080356678,22.642759996371,0.016014078716424747,0.021213243191084023,on,connected,True,synthetic_device_spec_v11
synthetic_customer_006,cabinet_006,2026-09-08 00:10:00+00:00,1,1,1,1,True,True,False,23.96791257632515,-48.394209360346025,3.0456227369660605,4.035905010290162,23.48801386091505,0.0,0.014277195874398544,on,connected,True,synthetic_device_spec_v11
synthetic_customer_006,cabinet_006,2026-09-08 00:20:00+00:00,1,1,1,1,True,True,False,23.890949758996847,-47.609927813637874,2.949406614566728,4.030640715544035,24.28079566329448,0.0,0.0,on,connected,True,synthetic_device_spec_v11
synthetic_customer_006,cabinet_006,2026-09-08 00:30:00+00:00,1,1,1,1,True,True,False,24.09647420748991,-47.74203977306498,3.017903493072781,3.938624286572932,24.840959478838357,0.0034541326202981236,0.007609687682305309,on,connected,True,synthetic_device_spec_v11
synthetic_customer_006,cabinet_006,2026-09-08 00:40:00+00:00,0,0,0,0,True,True,False,23.97399822841594,-48.35344098122474,3.031296320517651,3.9829218020703805,24.450357890429313,0.013727955604339105,0.0,on,connected,True,synthetic_device_spec_v11
synthetic_customer_006,cabinet_006,2026-09-08 00:50:00+00:00,0,0,0,0,True,True,False,24.040964798229524,-47.11729056573682,3.010825888814509,3.854551407428377,25.270177049708103,0.007313527389390569,0.0,on,connected,True,synthetic_device_spec_v11
synthetic_customer_006,cabinet_006,2026-09-08 01:00:00+00:00,0,0,0,0,True,True,False,23.976665624274975,-48.51565884994072,2.9773371810380382,4.067203256435468,24.71395152923958,0.022131853885726582,0.0247971619968164,on,connected,True,synthetic_device_spec_v11
synthetic_customer_006,cabinet_006,2026-09-08 01:10:00+00:00,0,0,0,0,True,True,False,24.031322257371684,-48.30336418341684,2.992501286564772,3.960100142145715,25.14042712157339,0.05858332420647079,0.0,on,connected,True,synthetic_device_spec_v11
synthetic_customer_006,cabinet_006,2026-09-08 01:20:00+00:00,0,0,0,0,True,True,False,23.844805346678566,-48.65604472873522,3.0324965240679576,4.056714017615862,26.045105136383555,0.0,0.0,on,connected,True,synthetic_device_spec_v11
synthetic_customer_006,cabinet_006,2026-09-08 01:30:00+00:00,0,0,0,0,True,True,False,24.16531570002244,-48.72441847928374,2.9609972379045,4.008490449284674,0.0,0.0,0.009551835838862339,on,connected,True,synthetic_device_spec_v11
synthetic_customer_006,cabinet_006,2026-09-08 01:40:00+00:00,0,0,0,0,True,True,False,23.94752332773641,-47.210918254158685,3.063119674658502,4.051946702860124,0.0,0.030978896709395822,0.013440440773239333,on,connected,True,synthetic_device_spec_v11
synthetic_customer_006,cabinet_006,2026-09-08 01:50:00+00:00,0,0,0,0,True,True,False,24.005169411860052,-50.45205704320384,2.9782518761899315,4.040312991546425,0.36061288310583695,0.0,0.0,on,connected,True,synthetic_device_spec_v11
synthetic_customer_006,cabinet_006,2026-09-08 02:00:00+00:00,0,0,0,0,True,True,False,24.122224290536668,-48.02053806190797,2.9469092794142173,4.018852339260619,0.0,0.0,0.007567119196077536,on,connected,True,synthetic_device_spec_v11
synthetic_customer_006,cabinet_006,2026-09-08 02:10:00+00:00,0,0,0,0,True,True,False,23.82236186826709,-47.16992741388018,2.941719787291345,4.001395200289118,0.0,0.006492624285479413,0.0,on,connected,True,synthetic_device_spec_v11
synthetic_customer_006,cabinet_006,2026-09-08 02:20:00+00:00,0,0,0,0,True,True,False,23.975145683728627,-48.6421102980062,2.9791837387692355,3.990707892860084,0.7006124475106597,0.006839204836186441,0.015964958630268377,on,connected,True,synthetic_device_spec_v11
synthetic_customer_006,cabinet_006,2026-09-08 02:30:00+00:00,0,0,0,0,True,True,False,23.940687880602407,-50.13855970717847,3.0792261636258567,3.928876710609531,0.0,0.007989582184128128,0.0,on,connected,True,synthetic_device_spec_v11
synthetic_customer_006,cabinet_006,2026-09-08 02:40:00+00:00,0,0,0,0,True,True,False,24.15342600642438,-47.25090125164755,3.0336721758494294,4.072578815972756,0.023542585999467167,0.0,0.007907915720698183,on,connected,True,synthetic_device_spec_v11
synthetic_customer_006,cabinet_006,2026-09-08 02:50:00+00:00,0,0,0,0,True,True,False,23.985025793126958,-48.80497990190474,2.9672454172426463,4.061618802553752,0.0,0.0,0.0037692582304748217,on,connected,True,synthetic_device_spec_v11
synthetic_customer_006,cabinet_006,2026-09-08 03:00:00+00:00,0,0,0,0,True,True,False,24.122579575450057,-48.50785458437022,3.065575580263122,3.9996633564864963,0.0,0.0023864592568406413,0.0,on,connected,True,synthetic_device_spec_v11
synthetic_customer_006,cabinet_006,2026-09-08 03:10:00+00:00,0,0,0,0,True,True,False,24.01541297997635,-45.72566629304179,3.0474149341108823,3.961536691715368,0.0,0.04232961449637407,0.046258520311541984,on,connected,True,synthetic_device_spec_v11
synthetic_customer_006,cabinet_006,2026-09-08 03:20:00+00:00,0,0,0,0,True,True,False,23.903650305026424,-49.76094344990131,2.974206056554774,4.0148121770417795,0.8273075906780052,0.03869151762316564,0.0,on,connected,True,synthetic_device_spec_v11
synthetic_customer_006,cabinet_006,2026-09-08 03:30:00+00:00,0,0,0,0,True,True,False,23.92102624191943,-47.36084808871144,2.9858132323057256,3.924952454808041,0.5178286671040246,0.0,0.0,on,connected,True,synthetic_device_spec_v11
synthetic_customer_006,cabinet_006,2026-09-08 03:40:00+00:00,0,0,0,0,True,True,False,24.102959532486913,-48.74367049782549,3.0137580039511476,4.090802710491729,0.28106807670428924,0.0,0.03419903784485942,on,connected,True,synthetic_device_spec_v11
synthetic_customer_006,cabinet_006,2026-09-08 03:50:00+00:00,0,0,0,0,True,True,False,24.252442202973718,-49.88339522317281,3.0510113977150843,3.9702120225992967,0.0,0.0,0.0,on,connected,True,synthetic_device_spec_v11
synthetic_customer_006,cabinet_006,2026-09-08 04:00:00+00:00,0,0,0,0,True,True,False,24.174319696049594,-48.45471110501126,2.9676831421382754,4.006465329256917,0.3556210963874944,0.020060656839657912,0.001464546047085026,on,connected,True,synthetic_device_spec_v11
synthetic_customer_006,cabinet_006,2026-09-08 04:10:00+00:00,0,0,0,0,True,True,False,24.260797926056153,-49.314226279434,3.037881912177926,3.9729148043245814,0.28652960106430186,0.01016540358328848,0.0,on,connected,True,synthetic_device_spec_v11
synthetic_customer_006,cabinet_006,2026-09-08 04:20:00+00:00,0,0,0,0,True,True,False,23.93507960645751,-50.04210359030368,2.995214783843903,4.106472026756714,0.0,0.0,0.0,on,connected,True,synthetic_device_spec_v11
synthetic_customer_006,cabinet_006,2026-09-08 04:30:00+00:00,0,0,0,0,True,True,False,24.0804436362645,-46.89925798742579,3.0348194121082166,4.058773985954703,0.45923160900242066,0.030106158048130445,0.01060114399512692,on,connected,True,synthetic_device_spec_v11
synthetic_customer_006,cabinet_006,2026-09-08 04:40:00+00:00,0,0,0,0,True,True,False,23.921837271394427,-48.907377012951805,3.0137728765084595,3.9261483374435873,0.5182985584911374,0.01799214571958077,0.02579796480700696,on,connected,True,synthetic_device_spec_v11
synthetic_customer_006,cabinet_006,2026-09-08 04:50:00+00:00,0,0,0,0,True,True,False,24.095561991682462,-48.632387739292106,3.034615006532183,3.9858261923808964,0.0,0.0,0.0,on,connected,True,synthetic_device_spec_v11
synthetic_customer_006,cabinet_006,2026-09-08 05:00:00+00:00,0,0,0,0,True,True,False,24.03112872566022,-49.04621895020622,3.039472562956873,3.860759824164068,0.5284910210035504,0.0,0.0,on,connected,True,synthetic_device_spec_v11
synthetic_customer_006,cabinet_006,2026-09-08 05:10:00+00:00,0,0,0,0,True,True,False,24.060214773514748,-48.60683751488832,3.0028142468823065,3.991491303245443,0.0,0.0,0.0,on,connected,True,synthetic_device_spec_v11
synthetic_customer_006,cabinet_006,2026-09-08 05:20:00+00:00,0,0,0,0,True,True,False,23.95467303534675,-47.49572080389876,3.021270410928769,4.098325442445212,0.29518955597707336,0.0,0.0,on,connected,True,synthetic_device_spec_v11
synthetic_customer_006,cabinet_006,2026-09-08 05:30:00+00:00,0,0,0,0,True,True,False,24.081124407100898,-47.075665346711574,2.949289418701518,3.965693749649429,0.3686850311135389,0.015405867613791487,0.0,on,connected,True,synthetic_device_spec_v11
synthetic_customer_006,cabinet_006,2026-09-08 05:40:00+00:00,0,0,0,0,True,True,False,23.956856917845382,-49.52929237222781,2.933762179385477,3.914804842926002,0.0,0.016704841498636377,0.013733470720108838,on,connected,True,synthetic_device_spec_v11
synthetic_customer_006,cabinet_006,2026-09-08 05:50:00+00:00,0,0,0,0,True,True,False,23.94945009562405,-46.977222706893706,3.0420154827573045,3.9478000622551517,0.0,0.019134845159765407,0.0054950903961338855,on,connected,True,synthetic_device_spec_v11
synthetic_customer_006,cabinet_006,2026-09-08 06:00:00+00:00,0,0,0,0,True,True,False,24.148385000564737,-48.25093028651465,2.948221024965996,4.074030012626328,0.8515251445962132,0.0056576130914797115,0.0,on,connected,True,synthetic_device_spec_v11
synthetic_customer_006,cabinet_006,2026-09-08 06:10:00+00:00,1,1,1,1,True,True,False,24.008593520365565,-47.808504443168566,3.0064168130272253,3.9665616920297264,0.39183065469552464,0.024563398525837304,0.021862552315698187,on,connected,True,synthetic_device_spec_v11
synthetic_customer_006,cabinet_006,2026-09-08 06:20:00+00:00,1,1,1,1,True,True,False,23.881556449557156,-47.94059793855853,3.0148789583526456,3.97203497593663,0.07684250833330658,0.03375728440988898,0.0008330118264303493,on,connected,True,synthetic_device_spec_v11
synthetic_customer_006,cabinet_006,2026-09-08 06:30:00+00:00,1,1,1,1,True,True,False,23.949004942649818,-49.293226689683046,2.975794928953957,4.008697535165543,0.0,0.02267211121298505,0.04100891255114888,on,connected,True,synthetic_device_spec_v11
synthetic_customer_006,cabinet_006,2026-09-08 06:40:00+00:00,0,0,0,0,True,True,False,24.025058110663302,-48.05650783385068,3.0611619650298425,3.933101621138211,0.0,0.0,0.004139719847208262,on,connected,True,synthetic_device_spec_v11
synthetic_customer_006,cabinet_006,2026-09-08 06:50:00+00:00,0,0,0,0,True,True,False,24.03520730416748,-48.07475523674261,3.0292351768193346,4.003117226521118,0.046693826225404356,0.0,0.01679082143436356,on,connected,True,synthetic_device_spec_v11
synthetic_customer_006,cabinet_006,2026-09-08 07:00:00+00:00,0,0,0,0,True,True,False,23.90351869184903,-48.02052500119236,3.0311920112778568,3.9271798155663835,0.09405619060312088,0.032150891515867544,0.0,on,connected,True,synthetic_device_spec_v11
synthetic_customer_006,cabinet_006,2026-09-08 07:10:00+00:00,0,0,0,0,True,True,False,23.82087069951297,-46.82776318321595,2.9805299981974582,3.9550338788138535,0.0,0.012564097061201804,0.009796736286514144,on,connected,True,synthetic_device_spec_v11
synthetic_customer_006,cabinet_006,2026-09-08 07:20:00+00:00,0,0,0,0,True,True,False,23.689540904892077,-48.63091706239747,3.0441545630740876,4.051480952624043,0.0,0.012251752850940947,0.0,on,connected,True,synthetic_device_spec_v11
synthetic_customer_006,cabinet_006,2026-09-08 07:30:00+00:00,0,0,0,0,True,True,False,24.025623817449905,-47.598092343289316,3.0496066318003043,3.9688438236828234,0.013917605019122313,0.0,0.0,on,connected,True,synthetic_device_spec_v11
synthetic_customer_006,cabinet_006,2026-09-08 07:40:00+00:00,0,0,0,0,True,True,False,24.194954206462736,-49.54358708019007,2.998568300821499,4.071297658008935,0.0,0.021751542009356205,0.004599943828948292,on,connected,True,synthetic_device_spec_v11
synthetic_customer_006,cabinet_006,2026-09-08 07:50:00+00:00,0,0,0,0,True,True,False,24.389846589470203,-48.17017782021917,3.032161953909316,3.9803296634082455,0.02259475257401544,0.024011955956910344,0.0,on,connected,True,synthetic_device_spec_v11
synthetic_customer_006,cabinet_006,2026-09-08 08:00:00+00:00,0,0,0,0,True,True,False,23.926643502351215,-48.4284781791157,2.862114448299482,4.003111405906172,0.9590220793573396,0.0,0.006342737666962114,on,connected,True,synthetic_device_spec_v11
synthetic_customer_006,cabinet_006,2026-09-08 08:10:00+00:00,0,0,0,0,True,True,False,24.092666745343745,-48.18226447215341,2.9330721929443517,3.988504631352606,0.0,0.007152080490770371,0.0,on,connected,True,synthetic_device_spec_v11
synthetic_customer_006,cabinet_006,2026-09-08 08:20:00+00:00,0,0,0,0,True,True,False,23.858469545831696,-47.7696701893754,2.9459924784996327,3.9919629135200565,0.7969054391333205,0.0,0.0,on,connected,True,synthetic_device_spec_v11
synthetic_customer_006,cabinet_006,2026-09-08 08:30:00+00:00,0,0,0,0,True,True,False,24.096267416698694,-47.79502496117669,2.933262713897978,3.962216420561608,0.8314199499177779,0.009713775706757447,0.01495460322230583,on,connected,True,synthetic_device_spec_v11
synthetic_customer_006,cabinet_006,2026-09-08 08:40:00+00:00,0,0,0,0,True,True,False,24.14688477079431,-49.74676539931663,2.992414344043087,4.037586323603337,0.0,0.05497302971234417,0.0,on,connected,True,synthetic_device_spec_v11
synthetic_customer_006,cabinet_006,2026-09-08 08:50:00+00:00,0,0,0,0,True,True,False,24.181015683294866,-48.205472882878325,3.0841582454265413,3.909509293253457,0.0,0.0009411540159727771,0.009081734426821938,on,connected,True,synthetic_device_spec_v11
synthetic_customer_006,cabinet_006,2026-09-08 09:00:00+00:00,0,0,0,0,True,True,False,23.952797645758018,-49.34283353087825,3.0014069997339488,3.910330189323472,0.23890361314688044,0.0,0.014772194122464872,on,connected,True,synthetic_device_spec_v11
synthetic_customer_006,cabinet_006,2026-09-08 09:10:00+00:00,0,0,0,0,True,True,False,24.083042699393594,-48.63454932559505,2.9886197385807494,4.098873905656289,0.7124678523243081,0.0,0.0,on,connected,True,synthetic_device_spec_v11
synthetic_customer_006,cabinet_006,2026-09-08 09:20:00+00:00,0,0,0,0,True,True,False,24.022961831844516,-48.793383427412884,3.009927808394651,4.0286210970637635,0.0,0.0,0.009438151959446243,on,connected,True,synthetic_device_spec_v11
synthetic_customer_006,cabinet_006,2026-09-08 09:30:00+00:00,0,0,0,0,True,True,False,24.170432097773613,-47.66378705292535,2.9145809459843885,4.161398675090845,0.0,0.0,0.0,on,connected,True,synthetic_device_spec_v11
synthetic_customer_006,cabinet_006,2026-09-08 09:40:00+00:00,0,0,0,0,True,True,False,23.71858412711041,-47.678687920537286,2.9086323160666345,4.072566494796177,0.0,0.021481385839002307,0.0,on,connected,True,synthetic_device_spec_v11
synthetic_customer_006,cabinet_006,2026-09-08 09:50:00+00:00,0,0,0,0,True,True,False,23.77817624946413,-46.88267101819531,2.875777259491647,3.956565796134286,0.0,0.015278083821245503,0.0,on,connected,True,synthetic_device_spec_v11
synthetic_customer_006,cabinet_006,2026-09-08 10:00:00+00:00,0,0,0,0,True,True,False,24.132206893390087,-49.84124902740112,2.7913002339744155,4.016348692038267,0.010678107621738393,0.0048974933975435425,0.0,on,connected,True,synthetic_device_spec_v11
synthetic_customer_006,cabinet_006,2026-09-08 10:10:00+00:00,0,0,0,0,True,True,False,23.764317637945084,-46.83904335552382,2.774745021892558,3.9411546959963273,0.10949713607186902,0.0,0.0,on,connected,True,synthetic_device_spec_v11
synthetic_customer_006,cabinet_006,2026-09-08 10:20:00+00:00,0,0,0,0,True,True,False,23.846327628982856,-47.854689547638905,2.7753989982269425,4.001732372183356,0.11511059247007405,0.011713524090281369,0.0,on,connected,True,synthetic_device_spec_v11
synthetic_customer_006,cabinet_006,2026-09-08 10:30:00+00:00,0,0,0,0,True,True,False,24.0314781786599,-46.68510681413397,2.6738719243031914,4.073541436108304,0.4768028467227892,0.01325876937978552,0.0,on,connected,True,synthetic_device_spec_v11
synthetic_customer_006,cabinet_006,2026-09-08 10:40:00+00:00,0,0,0,0,True,True,False,23.895765927280106,-48.497380355425605,2.609230287460316,4.045231986695674,0.0,0.0,0.03576424274300641,on,connected,True,synthetic_device_spec_v11
synthetic_customer_006,cabinet_006,2026-09-08 10:50:00+00:00,0,0,0,0,True,True,False,23.728671744011784,-47.57238287174507,2.6812615529803043,4.068520549499909,0.0,0.0192010480503588,0.0,on,connected,True,synthetic_device_spec_v11
synthetic_customer_006,cabinet_006,2026-09-08 11:00:00+00:00,0,0,0,0,True,True,False,23.894665160678827,-50.72926479209532,2.5634936296399635,4.00478290794849,0.970760794816767,0.00832630174988938,0.0,on,connected,True,synthetic_device_spec_v11
synthetic_customer_006,cabinet_006,2026-09-08 11:10:00+00:00,0,0,0,0,True,True,False,23.988687195477162,-47.029548667308276,2.483097718836939,3.9497171250081102,0.0,0.0,0.0,on,connected,True,synthetic_device_spec_v11
synthetic_customer_006,cabinet_006,2026-09-08 11:20:00+00:00,0,0,0,0,True,True,False,24.01895124164794,-47.381881864024535,2.5090889920128694,4.047811822290396,0.28787849946596605,0.0,0.008520794224663394,on,connected,True,synthetic_device_spec_v11
synthetic_customer_006,cabinet_006,2026-09-08 11:30:00+00:00,0,0,0,0,True,True,False,24.124582995093277,-47.58796766953286,2.4747869513267857,4.0754370573594,0.564996841529461,0.0015672806075154512,0.0,on,connected,True,synthetic_device_spec_v11
synthetic_customer_006,cabinet_006,2026-09-08 11:40:00+00:00,0,0,0,0,True,True,False,23.807922181134494,-48.56032051733185,2.434313620894047,3.9802329194356196,0.0,0.0011640169677344578,0.0,on,connected,True,synthetic_device_spec_v11
synthetic_customer_006,cabinet_006,2026-09-08 11:50:00+00:00,0,0,0,0,True,True,False,24.01869834516076,-49.912018801134536,2.401332639493273,4.0929061746318585,0.0,0.0,0.0,on,connected,True,synthetic_device_spec_v11
synthetic_customer_006,cabinet_006,2026-09-08 12:00:00+00:00,0,0,0,0,True,True,False,24.175494700327775,-46.69214503514753,2.333803641128737,3.960391279015723,0.0,0.0,0.0,on,connected,True,synthetic_device_spec_v11
synthetic_customer_006,cabinet_006,2026-09-08 12:10:00+00:00,1,1,1,1,True,True,False,23.89414813536122,-46.54515696401341,2.3865146794783323,4.042123796899071,0.0,0.0,0.010866892222237414,on,connected,True,synthetic_device_spec_v11
synthetic_customer_006,cabinet_006,2026-09-08 12:20:00+00:00,1,1,1,1,True,True,False,24.063259341100615,-47.73356307776563,2.2663513040135497,4.095883923600156,0.0,0.014792607810522943,0.014017382829284077,on,connected,True,synthetic_device_spec_v11
synthetic_customer_006,cabinet_006,2026-09-08 12:30:00+00:00,1,1,1,1,True,True,False,24.137252291250427,-47.136931193177666,2.291624788797457,4.112481272993289,0.0,0.006190316880817409,0.0,on,connected,True,synthetic_device_spec_v11
synthetic_customer_006,cabinet_006,2026-09-08 12:40:00+00:00,0,0,0,0,True,True,False,23.99008854622053,-46.696509485828194,2.1481830392720287,3.9430321301062445,0.0,0.014738976790043122,0.022407248453563115,on,connected,True,synthetic_device_spec_v11
synthetic_customer_006,cabinet_006,2026-09-08 12:50:00+00:00,0,0,0,0,True,True,False,24.175162782170958,-48.02408066745795,2.2583812095110107,4.031669157377203,0.0,0.005563710559752969,0.0007569118960712523,on,connected,True,synthetic_device_spec_v11
synthetic_customer_006,cabinet_006,2026-09-08 13:00:00+00:00,0,0,0,0,True,True,False,23.925447173568546,-47.1388556311463,2.1906665250814146,3.900248051482686,0.0,0.05147204036644653,0.0,on,connected,True,synthetic_device_spec_v11
synthetic_customer_006,cabinet_006,2026-09-08 13:10:00+00:00,0,0,0,0,True,True,False,24.145012909319405,-48.44523548367255,2.1244546683160492,4.021588619944119,0.0,0.0,0.0,on,connected,True,synthetic_device_spec_v11
synthetic_customer_006,cabinet_006,2026-09-08 13:20:00+00:00,0,0,0,0,True,True,False,23.958471097429474,-49.30870826484592,3.0262979868323088,3.9984141048466437,0.0,0.0,0.0,on,connected,True,synthetic_device_spec_v11
synthetic_customer_006,cabinet_006,2026-09-08 13:30:00+00:00,0,0,0,0,True,True,False,23.835269806003343,-48.843086534126144,3.0303887770409967,4.021293540163022,0.0,0.0,0.0038625668876115645,on,connected,True,synthetic_device_spec_v11
synthetic_customer_006,cabinet_006,2026-09-08 13:40:00+00:00,0,0,0,0,True,True,False,24.09363811669695,-47.172869981642314,3.0611843935926517,4.067867694813324,0.0,0.008340694825815344,0.047854954307632175,on,connected,True,synthetic_device_spec_v11
synthetic_customer_006,cabinet_006,2026-09-08 13:50:00+00:00,0,0,0,0,True,True,False,24.12909126673833,-48.07293833893534,3.06432709908933,3.962487182660245,0.0,0.011303447903551029,0.0,on,connected,True,synthetic_device_spec_v11
synthetic_customer_006,cabinet_006,2026-09-08 14:00:00+00:00,0,0,0,0,True,True,False,24.23615295034661,-47.07288936618572,2.9366037951368935,3.995698366351888,0.04491804497679507,0.0,0.0,on,connected,True,synthetic_device_spec_v11
synthetic_customer_006,cabinet_006,2026-09-08 14:10:00+00:00,0,0,0,0,True,True,False,24.058019873165993,-47.72183377026832,2.9891910528480916,3.9829325886862654,0.047713051233020734,0.004791563780185858,0.02287810943474139,on,connected,True,synthetic_device_spec_v11
synthetic_customer_006,cabinet_006,2026-09-08 14:20:00+00:00,0,0,0,0,True,True,False,23.814052098376436,-47.44154718140613,3.0033059210388857,3.963530342576797,0.0,0.0,0.004932647407275652,on,connected,True,synthetic_device_spec_v11
synthetic_customer_006,cabinet_006,2026-09-08 14:30:00+00:00,0,0,0,0,True,True,False,24.04875025919167,-47.814664764692196,2.9471089225494893,4.027660568600013,0.7056584963289196,0.009003321982021579,0.010277123821908188,on,connected,True,synthetic_device_spec_v11
synthetic_customer_006,cabinet_006,2026-09-08 14:40:00+00:00,0,0,0,0,True,True,False,23.799351842148305,-48.73719174755789,2.9973065958025957,4.06625582133236,0.0,0.032783934559880955,0.0,on,connected,True,synthetic_device_spec_v11
synthetic_customer_006,cabinet_006,2026-09-08 14:50:00+00:00,0,0,0,0,True,True,False,23.91673999968561,-49.393518031378775,3.040435511484993,3.970631333895976,0.1185225381711677,0.02022767433432412,0.0,on,connected,True,synthetic_device_spec_v11
synthetic_customer_006,cabinet_006,2026-09-08 15:00:00+00:00,0,0,0,0,True,True,False,24.00995009162036,-51.077792925865815,3.0637958354134778,3.986731086505978,0.0,0.116366879325439,0.0,on,connected,True,synthetic_device_spec_v11
synthetic_customer_006,cabinet_006,2026-09-08 15:10:00+00:00,0,0,0,0,True,True,False,24.117818438155087,-54.26807250851448,3.0593677575590057,3.986813029397863,0.0,0.15467713558334725,0.0,on,connected,True,synthetic_device_spec_v11
synthetic_customer_006,cabinet_006,2026-09-08 15:20:00+00:00,0,0,0,0,True,True,False,24.064318438257725,-57.238131797037276,2.9676032498858333,3.9478316538519844,0.0,0.15275030883571264,0.005533921767017543,on,connected,True,synthetic_device_spec_v11
synthetic_customer_006,cabinet_006,2026-09-08 15:30:00+00:00,0,0,0,0,True,True,False,24.046230944018987,-61.68638342806354,3.034592508953187,4.0692398998021195,0.0,0.21328646807876642,0.02806973651880325,on,connected,True,synthetic_device_spec_v11
synthetic_customer_006,cabinet_006,2026-09-08 15:40:00+00:00,0,0,0,0,True,True,False,24.11760171897394,-64.52895474526358,3.0124966037818415,4.051872484615528,0.0,0.2719045590199196,0.0,on,connected,True,synthetic_device_spec_v11
synthetic_customer_006,cabinet_006,2026-09-08 15:50:00+00:00,0,0,0,0,True,True,False,23.930210933478122,-67.79592559290388,3.0151922307217736,3.8878057923844356,0.0,0.3246117252059415,0.0,on,connected,True,synthetic_device_spec_v11
synthetic_customer_006,cabinet_006,2026-09-08 16:00:00+00:00,0,0,0,0,True,True,False,23.866499978120967,-71.76873301384562,2.9936408653583175,4.009144137666016,0.2559977736085859,0.3641913696392675,0.0,on,connected,True,synthetic_device_spec_v11
synthetic_customer_006,cabinet_006,2026-09-08 16:10:00+00:00,0,0,0,0,True,True,False,23.981600419302445,-71.83420903526876,2.9752888909253437,4.01732704622484,0.0,0.4541917357778868,0.0,on,connected,True,synthetic_device_spec_v11
synthetic_customer_006,cabinet_006,2026-09-08 16:20:00+00:00,0,0,0,0,True,True,False,24.028328834501735,-75.39108343562563,2.9974009936300403,4.010286559179589,0.03343901845570039,0.4258354326731826,0.0,on,connected,True,synthetic_device_spec_v11
synthetic_customer_006,cabinet_006,2026-09-08 16:30:00+00:00,0,0,0,0,True,True,False,23.909487170088703,-79.42462777559082,3.0111190220063135,3.976466277559606,0.6129284462936504,0.5657547638113871,0.01106946751772717,on,connected,True,synthetic_device_spec_v11
synthetic_customer_006,cabinet_006,2026-09-08 16:40:00+00:00,0,0,0,0,True,True,False,24.19037297147312,-79.86745511173221,3.0178485159478448,3.982262225691888,0.5774214223578915,0.6153423133165723,0.0,on,connected,True,synthetic_device_spec_v11
synthetic_customer_006,cabinet_006,2026-09-08 16:50:00+00:00,0,0,0,0,True,True,False,23.818407074137347,-83.06975767825594,3.015773533448941,4.030203112134222,0.0,0.6735596971526918,0.008775587700487298,on,connected,True,synthetic_device_spec_v11
synthetic_customer_006,cabinet_006,2026-09-08 17:30:00+00:00,0,0,0,0,True,True,False,23.914895919010537,-47.767505714589056,2.990951503808486,3.993390436635385,0.0,0.0,0.024149129111245844,on,connected,True,synthetic_device_spec_v11
synthetic_customer_006,cabinet_006,2026-09-08 17:40:00+00:00,0,0,0,0,True,True,False,23.98599403047152,-48.00155530750445,3.0081001778038807,3.9215238769151335,0.13775708428835898,0.012076695293966263,0.0,on,connected,True,synthetic_device_spec_v11
synthetic_customer_006,cabinet_006,2026-09-08 17:50:00+00:00,0,0,0,0,True,True,False,23.994786485942228,-47.005346551930025,2.932871700938479,3.949893210255452,0.24773132995939434,0.0,0.0002461194872268838,on,connected,True,synthetic_device_spec_v11
synthetic_customer_006,cabinet_006,2026-09-08 18:00:00+00:00,0,0,0,0,True,True,False,23.963365330959554,-47.54702336260224,3.0447846825762857,4.070563894247226,0.25378345045026657,0.0,0.011305653490031303,on,connected,True,synthetic_device_spec_v11
synthetic_customer_006,cabinet_006,2026-09-08 18:10:00+00:00,1,1,1,1,True,True,False,23.937777929621348,-47.005473469592715,2.923518446517733,4.074630042740428,0.25446109501645076,0.0,0.0,on,connected,True,synthetic_device_spec_v11
synthetic_customer_006,cabinet_006,2026-09-08 18:20:00+00:00,1,1,1,1,True,True,False,24.179284381902672,-48.44729965718725,3.0021418003707403,3.929935428286899,0.0,0.00248180579749251,0.013777726633310039,on,connected,True,synthetic_device_spec_v11
synthetic_customer_006,cabinet_006,2026-09-08 18:30:00+00:00,1,1,1,1,True,True,False,23.728393390850012,-48.357305740000264,2.9647861457753786,3.989223916252928,0.349351399546007,0.015448744228345905,0.0005979327086404437,on,connected,True,synthetic_device_spec_v11
synthetic_customer_006,cabinet_006,2026-09-08 18:40:00+00:00,0,0,0,0,True,True,False,24.136324783925932,-47.05204520765246,2.9734360691833173,4.0406929667327125,0.0,0.010012088808343006,0.0,on,connected,True,synthetic_device_spec_v11
synthetic_customer_006,cabinet_006,2026-09-08 18:50:00+00:00,0,0,0,0,True,True,False,23.992502959574576,-47.07317013892865,2.990883294412635,3.971082063190724,0.0,0.0,0.0,on,connected,True,synthetic_device_spec_v11
synthetic_customer_006,cabinet_006,2026-09-08 19:00:00+00:00,0,0,0,0,True,True,False,23.914067487321407,-47.68035610322757,3.0528304120807985,4.070260884726865,0.3485860253416728,0.0,0.008473711653672644,on,connected,True,synthetic_device_spec_v11
synthetic_customer_006,cabinet_006,2026-09-08 19:10:00+00:00,0,0,0,0,True,True,False,24.033065362042244,-48.59587928019055,2.9787654976822973,3.959267644367281,0.0,0.021775260949610985,0.0,on,connected,True,synthetic_device_spec_v11
synthetic_customer_006,cabinet_006,2026-09-08 19:20:00+00:00,0,0,0,0,True,True,False,24.13432512670137,-48.363220941268786,3.004036766459238,3.9897874787571443,0.0,0.04625932448122813,0.0,on,connected,True,synthetic_device_spec_v11
synthetic_customer_006,cabinet_006,2026-09-08 19:30:00+00:00,0,0,0,0,True,True,False,24.18147454028498,-48.2854367566591,3.0233980283476267,4.036678946979947,1.0326822933866096,0.022413261934653976,0.03628787823540699,on,connected,True,synthetic_device_spec_v11
synthetic_customer_006,cabinet_006,2026-09-08 19:40:00+00:00,0,0,0,0,True,True,False,23.858982952555685,-47.27952611573097,2.978550710281266,3.960236447322863,0.5064435023828422,0.05076849804302265,0.0,on,connected,True,synthetic_device_spec_v11
synthetic_customer_006,cabinet_006,2026-09-08 19:50:00+00:00,0,0,0,0,True,True,False,23.848090512224463,-47.226217633240495,2.974223020562337,4.00400221284038,0.1777929101619161,0.0015671716833800598,0.0,on,connected,True,synthetic_device_spec_v11
synthetic_customer_006,cabinet_006,2026-09-08 20:00:00+00:00,0,0,0,0,True,True,False,24.057520518867715,-48.197418411310466,2.9196455079722914,4.054041089645222,0.8460608454873012,0.007540737380928961,0.0,on,connected,True,synthetic_device_spec_v11
synthetic_customer_006,cabinet_006,2026-09-08 20:10:00+00:00,0,0,0,0,True,True,False,24.293959127185115,-47.41667184184867,2.974076601371501,4.08902002741666,0.6698723228872636,0.0,0.0028470661239772452,on,connected,True,synthetic_device_spec_v11
synthetic_customer_006,cabinet_006,2026-09-08 20:20:00+00:00,0,0,0,0,True,True,False,24.007036189076373,-47.836981815201156,3.0230276961494145,4.064896092920157,0.3302809871693617,0.010895444012741428,0.0,on,connected,True,synthetic_device_spec_v11
synthetic_customer_006,cabinet_006,2026-09-08 20:30:00+00:00,0,0,0,0,True,True,False,24.226398415282695,-48.49970109044656,3.0635613064585554,4.032525822802699,0.619284261594411,0.0027609692237537654,0.0,on,connected,True,synthetic_device_spec_v11
synthetic_customer_006,cabinet_006,2026-09-08 20:40:00+00:00,0,0,0,0,True,True,False,24.110793441022558,-47.371643578779356,3.019199980026911,4.084237063525828,0.6321666013566974,0.010784621845031685,0.0,on,connected,True,synthetic_device_spec_v11
synthetic_customer_006,cabinet_006,2026-09-08 20:50:00+00:00,0,0,0,0,True,True,False,23.945382014930306,-48.55556431119426,3.011299011011667,4.0562403043967805,0.0,0.037605790862815285,0.0,on,connected,True,synthetic_device_spec_v11
synthetic_customer_006,cabinet_006,2026-09-08 21:00:00+00:00,0,0,0,0,True,True,False,23.89254933271786,-47.734165386850016,2.949356482563652,4.046978081721507,0.0,0.029278719593449534,0.008326376892432246,on,connected,True,synthetic_device_spec_v11
synthetic_customer_006,cabinet_006,2026-09-08 21:10:00+00:00,0,0,0,0,True,True,False,24.061257425940255,-46.933177861386234,2.9326398744577276,3.915197210181384,0.0,0.0,0.0,on,connected,True,synthetic_device_spec_v11
synthetic_customer_006,cabinet_006,2026-09-08 21:20:00+00:00,0,0,0,0,True,True,False,23.936812417240304,-47.72085234354151,3.057837133837938,4.031930793985027,0.0,0.018353506626161687,0.0,on,connected,True,synthetic_device_spec_v11
synthetic_customer_006,cabinet_006,2026-09-08 21:30:00+00:00,0,0,0,0,True,True,False,23.931346122389204,-47.31369017225232,2.973105828140151,4.056347838606285,0.4317696020458908,0.0,0.018874320008972472,on,connected,True,synthetic_device_spec_v11
synthetic_customer_006,cabinet_006,2026-09-08 21:40:00+00:00,0,0,0,0,True,True,False,23.94731830102804,-48.99640164731667,3.062246681552377,4.067827458455937,0.0,0.041767449570349675,0.0,on,connected,True,synthetic_device_spec_v11
synthetic_customer_006,cabinet_006,2026-09-08 21:50:00+00:00,0,0,0,0,True,True,False,24.29892735085953,-47.92990168140343,2.967567318667915,4.0279298848896925,0.4028464916243999,0.0025303581301115616,0.010555319861078206,on,connected,True,synthetic_device_spec_v11
synthetic_customer_006,cabinet_006,2026-09-08 22:00:00+00:00,0,0,0,0,True,True,False,24.18574353273024,-47.35858913416579,2.9848382917975935,4.027089365165637,0.511024710933194,0.0,0.039771312459727454,on,connected,True,synthetic_device_spec_v11
synthetic_customer_006,cabinet_006,2026-09-08 22:10:00+00:00,0,0,0,0,True,True,False,24.192604457291772,-48.65686656742092,3.0525055244748915,3.983828823556646,0.0,0.0,0.0,on,connected,True,synthetic_device_spec_v11
synthetic_customer_006,cabinet_006,2026-09-08 22:20:00+00:00,0,0,0,0,True,True,False,24.117057330966013,-50.48676426441963,3.004669367154701,4.0013477206382575,0.001418155750724172,0.0,0.019132732191690538,on,connected,True,synthetic_device_spec_v11
synthetic_customer_006,cabinet_006,2026-09-08 22:30:00+00:00,0,0,0,0,True,True,False,24.133889050368015,-47.85095656651737,3.029231687104636,3.9813495716120855,0.0,0.06301377885579389,0.0,on,connected,True,synthetic_device_spec_v11
synthetic_customer_006,cabinet_006,2026-09-08 22:40:00+00:00,0,0,0,0,True,True,False,24.030384669697057,-48.49305874332863,3.0524759993268713,4.009339996401308,0.03979437573653447,0.033130792284737164,0.0,on,connected,True,synthetic_device_spec_v11
synthetic_customer_006,cabinet_006,2026-09-08 22:50:00+00:00,0,0,0,0,True,True,False,23.879909720727408,-47.620624393841496,2.9973492718290804,3.9831068292330385,0.0,0.0,0.0027331218196208033,on,connected,True,synthetic_device_spec_v11
synthetic_customer_006,cabinet_006,2026-09-08 23:00:00+00:00,0,0,0,0,True,True,False,23.82112997124205,-48.14568020722336,2.978997497416434,3.968694904714459,0.0,0.013555626863073473,0.02444296412300461,on,connected,True,synthetic_device_spec_v11
synthetic_customer_006,cabinet_006,2026-09-08 23:10:00+00:00,0,0,0,0,True,True,False,23.93002038189382,-49.84420781453925,2.9883084236515494,3.950243016947488,0.328390045536885,0.026218615778706725,0.0,on,connected,True,synthetic_device_spec_v11
synthetic_customer_006,cabinet_006,2026-09-08 23:20:00+00:00,0,0,0,0,True,True,False,23.941536960039016,-45.97757879281862,2.9199543740934444,3.9854846436514886,1.1735628341087705,0.0,0.0,on,connected,True,synthetic_device_spec_v11
synthetic_customer_006,cabinet_006,2026-09-08 23:30:00+00:00,0,0,0,0,True,True,False,23.817764364172234,-48.273695603298535,2.9024914099244836,4.078969294330419,0.0,0.0,0.02050237615265046,on,connected,True,synthetic_device_spec_v11
synthetic_customer_006,cabinet_006,2026-09-08 23:40:00+00:00,0,0,0,0,True,True,False,24.220694347590282,-46.63596526378088,2.990124423751166,3.9776191656064928,0.9904608815494715,0.0,0.0,on,connected,True,synthetic_device_spec_v11
synthetic_customer_006,cabinet_006,2026-09-08 23:50:00+00:00,0,0,0,0,True,True,False,23.643395488264975,-47.0267607293805,3.06762413229108,4.105218744142723,0.044253765173166766,0.0,0.010122825618539983,on,connected,True,synthetic_device_spec_v11
synthetic_customer_006,cabinet_006,2026-09-09 00:00:00+00:00,0,0,0,0,True,True,False,23.964141031579032,-47.92710693949487,2.9890200702915752,4.062980292236837,0.12185003855076737,1.870155765936386e-05,0.0,on,connected,True,synthetic_device_spec_v11
