customer_id,device_id,observed_at,soil_moisture,temperature,ec,ph,air_humidity,flow_rate,quality,source
synthetic_customer_010,cabinet_010,2026-09-02 00:10:00+00:00,59.49560417295941,31.106447191477933,1.5600108637152335,6.194437251099138,73.006516549382,11.913899662933979,good,synthetic_device_spec_v11
synthetic_customer_010,cabinet_010,2026-09-02 00:20:00+00:00,59.14992488630079,30.935654910369657,1.5637629024244155,6.180481529692133,75.16848680944572,12.09810477106073,good,synthetic_device_spec_v11
synthetic_customer_010,cabinet_010,2026-09-02 00:30:00+00:00,58.80746506490305,30.71549834031817,1.5579258202887838,6.17554097974974,74.26984915422156,12.05270806036994,good,synthetic_device_spec_v11
synthetic_customer_010,cabinet_010,2026-09-02 00:40:00+00:00,58.782401206758934,30.91440639851361,1.5610107586414288,6.173034003026359,73.57268623982687,0.0,good,synthetic_device_spec_v11
synthetic_customer_010,cabinet_010,2026-09-02 00:50:00+00:00,58.45349445330687,30.607793638467694,1.5662631445512456,6.166882547472982,73.95833347581575,0.12412747562251093,good,synthetic_device_spec_v11
synthetic_customer_010,cabinet_010,2026-09-02 01:00:00+00:00,58.37169708129888,30.49213666662418,1.5632774123879107,6.168949483991161,73.3435828034635,0.0,good,synthetic_device_spec_v11
synthetic_customer_010,cabinet_010,2026-09-02 01:10:00+00:00,58.20983703935504,30.378338789520704,1.5673166982346964,6.16228630992719,74.14113229963519,0.01008900575776327,good,synthetic_device_spec_v11
synthetic_customer_010,cabinet_010,2026-09-02 01:20:00+00:00,57.78683203498346,30.113091781540042,1.569425858218663,6.1605426209301575,73.49286638776107,0.0,good,synthetic_device_spec_v11
synthetic_customer_010,cabinet_010,2026-09-02 01:30:00+00:00,57.651791045952805,29.885368901088405,,6.156869040978878,74.26320940789596,0.0,good,synthetic_device_spec_v11
synthetic_customer_010,cabinet_010,2026-09-02 01:40:00+00:00,57.69956196329793,29.856142654897813,1.572248011018966,6.156619063242584,73.65635764744415,0.03451697456192431,good,synthetic_device_spec_v11
synthetic_customer_010,cabinet_010,2026-09-02 01:50:00+00:00,57.215478473096965,29.588382776551455,1.5828122244424763,6.146429447074711,76.92405578982319,0.12823705234513263,good,synthetic_device_spec_v11
synthetic_customer_010,cabinet_010,2026-09-02 02:00:00+00:00,57.14027276143901,29.406872266521994,1.5823304617343585,6.14353781867615,75.03258146431118,0.020344706808879117,good,synthetic_device_spec_v11
synthetic_customer_010,cabinet_010,2026-09-02 02:10:00+00:00,57.25372076163863,29.083272695677653,1.572817492490673,6.140646711446133,75.27416030216207,0.0,good,synthetic_device_spec_v11
synthetic_customer_010,cabinet_010,2026-09-02 02:20:00+00:00,57.04809817563062,29.049649111511002,1.5855003063120265,6.1341228939664205,75.50373543899593,0.005783955867371016,good,synthetic_device_spec_v11
synthetic_customer_010,cabinet_010,2026-09-02 02:30:00+00:00,56.758862590719524,28.711357834339694,1.5816821901856286,6.124152225078969,76.5773560814405,0.05222241195327824,good,synthetic_device_spec_v11
synthetic_customer_010,cabinet_010,2026-09-02 02:40:00+00:00,56.64176200850133,28.70395076595076,1.5914111208131518,6.123759135949345,75.58713749350926,0.07664059633141222,good,synthetic_device_spec_v11
synthetic_customer_010,cabinet_010,2026-09-02 02:50:00+00:00,56.9613575041872,28.495417031273284,1.5896073109665079,6.121339917800257,76.38852927339609,0.04914506262320937,good,synthetic_device_spec_v11
synthetic_customer_010,cabinet_010,2026-09-02 03:00:00+00:00,56.66056958314267,28.037010943006077,1.5955433960635268,6.1223872422190695,77.78343910043462,0.03249516974515336,good,synthetic_device_spec_v11
synthetic_customer_010,cabinet_010,2026-09-02 03:10:00+00:00,56.80995634890561,28.093485793214874,1.6010201417445702,6.114819602543598,77.09768326354234,0.0,good,synthetic_device_spec_v11
synthetic_customer_010,cabinet_010,2026-09-02 03:20:00+00:00,56.64745869693747,27.8141059582556,1.6025331539519319,6.113186133818575,77.3904192955771,0.10650360068964297,good,synthetic_device_spec_v11
synthetic_customer_010,cabinet_010,2026-09-02 03:30:00+00:00,56.71087159653348,27.456263991182237,1.6135446963797488,6.112722531596905,76.12411403573115,0.0,good,synthetic_device_spec_v11
synthetic_customer_010,cabinet_010,2026-09-02 03:40:00+00:00,56.62989649101576,27.298060339964064,1.610848151887551,6.109579792783043,78.58779199873611,0.0,good,synthetic_device_spec_v11
synthetic_customer_010,cabinet_010,2026-09-02 03:50:00+00:00,56.98362109242143,27.136705075533985,1.616277283502901,6.1065113170852445,78.8984802771516,0.08778626801378574,good,synthetic_device_spec_v11
synthetic_customer_010,cabinet_010,2026-09-02 04:00:00+00:00,56.8495242434686,26.871300578147427,1.62027341657699,6.102232591235127,77.40682638772572,0.0,good,synthetic_device_spec_v11
synthetic_customer_010,cabinet_010,2026-09-02 04:10:00+00:00,57.01913129790401,26.541257831101582,1.6200449854619865,6.101465834754499,78.47551051168614,0.22065388371069247,good,synthetic_device_spec_v11
synthetic_customer_010,cabinet_010,2026-09-02 04:20:00+00:00,56.79599659070185,26.352358715241753,1.6319841465411087,6.094885664676722,78.13347964940809,0.0,good,synthetic_device_spec_v11
synthetic_customer_010,cabinet_010,2026-09-02 04:30:00+00:00,56.86986400843515,26.352168213348317,1.6397274821699186,6.0982806058922305,79.20604839998543,0.0,good,synthetic_device_spec_v11
synthetic_customer_010,cabinet_010,2026-09-02 04:40:00+00:00,57.091898712875036,26.11609849231328,1.6428962336182042,6.090802370109722,79.39660824551024,0.0,good,synthetic_device_spec_v11
synthetic_customer_010,cabinet_010,2026-09-02 04:50:00+00:00,57.286533271944855,25.732097918259687,1.6482667459657423,6.090513104128834,78.41009296107546,0.0,good,synthetic_device_spec_v11
synthetic_customer_010,cabinet_010,2026-09-02 05:00:00+00:00,57.72527129660538,25.58890884521291,1.6530509956078725,6.089252245013599,81.36541439889933,0.0,good,synthetic_device_spec_v11
synthetic_customer_010,cabinet_010,2026-09-02 05:10:00+00:00,57.637358837995656,25.36941480744418,1.6547924732154635,6.095010465904492,80.95749476606801,0.09215346177590851,good,synthetic_device_spec_v11
synthetic_customer_010,cabinet_010,2026-09-02 05:20:00+00:00,58.00952691810991,25.179019161240113,1.6552825134025635,6.089118085321635,80.90247358675009,0.0,good,synthetic_device_spec_v11
synthetic_customer_010,cabinet_010,2026-09-02 05:30:00+00:00,57.90353303235341,25.08621459361881,1.6691701770274878,6.088777043267203,81.07383963338765,0.07496382023157343,good,synthetic_device_spec_v11
synthetic_customer_010,cabinet_010,2026-09-02 05:40:00+00:00,58.347189611602076,24.76320311967378,1.6739077021264763,6.085426356347453,79.13612371508313,0.09677798141040572,good,synthetic_device_spec_v11
synthetic_customer_010,cabinet_010,2026-09-02 05:50:00+00:00,58.174816883535186,24.655568838547577,1.6793960877019798,6.085877481463894,81.32952993571513,0.0596245930082862,good,synthetic_device_spec_v11
synthetic_customer_010,cabinet_010,2026-09-02 06:00:00+00:00,58.532550273378526,24.369789923009122,1.6934492356876414,6.085456411406533,82.67833045169944,0.06261771313134246,good,synthetic_device_spec_v11
synthetic_customer_010,cabinet_010,2026-09-02 06:10:00+00:00,58.71065951330628,24.210070457631822,1.6925076360307283,6.087099779021427,81.94759129069958,12.10333316190248,good,synthetic_device_spec_v11
synthetic_customer_010,cabinet_010,2026-09-02 06:20:00+00:00,59.01079214270441,24.09540639118803,1.7034491674925079,6.084315325842964,82.28530214799694,12.148910928989654,good,synthetic_device_spec_v11
synthetic_customer_010,cabinet_010,2026-09-02 06:30:00+00:00,59.15746327435945,23.869272352481776,1.7087764315110598,6.081982128615996,83.06649397480481,11.982843200665638,good,synthetic_device_spec_v11
synthetic_customer_010,cabinet_010,2026-09-02 06:40:00+00:00,59.51579489921947,23.78450817280883,1.7101933146973038,6.0833696044722165,82.54639830371414,0.02233580513554979,good,synthetic_device_spec_v11
synthetic_customer_010,cabinet_010,2026-09-02 06:50:00+00:00,59.81179439504642,23.53887449168628,1.7229679667391113,6.086637872406735,82.91270441109334,0.029438341236746737,good,synthetic_device_spec_v11
synthetic_customer_010,cabinet_010,2026-09-02 07:00:00+00:00,60.18733794613435,23.19356681338322,1.7224430763021252,6.086564964655017,85.52485348984344,0.05502024695220799,good,synthetic_device_spec_v11
synthetic_customer_010,cabinet_010,2026-09-02 07:10:00+00:00,60.41596300031407,23.44359859052349,1.7392334135312872,6.0846967991117005,83.37732431240487,0.0,good,synthetic_device_spec_v11
synthetic_customer_010,cabinet_010,2026-09-02 07:20:00+00:00,60.77599093499268,23.037381400501793,1.7439577396557715,6.082541205420534,83.54252084935075,0.023810870473126286,good,synthetic_device_spec_v11
synthetic_customer_010,cabinet_010,2026-09-02 07:30:00+00:00,60.99424635538066,23.05450327416563,1.7451335172021243,6.0882156512613035,83.47892171767089,0.0,good,synthetic_device_spec_v11
synthetic_customer_010,cabinet_010,2026-09-02 07:40:00+00:00,61.24628185277486,22.85176018041786,1.7559670557943583,6.080782137105325,84.09057526572292,0.0,good,synthetic_device_spec_v11
synthetic_customer_010,cabinet_010,2026-09-02 07:50:00+00:00,61.600072698322066,22.694826250293534,1.7597543878503372,6.089001114489596,83.04566416081693,0.0,good,synthetic_device_spec_v11
synthetic_customer_010,cabinet_010,2026-09-02 08:00:00+00:00,62.02840271378499,22.662118497790942,1.7712896523979762,6.086800452866867,84.79194778818669,0.0,good,synthetic_device_spec_v11
synthetic_customer_010,cabinet_010,2026-09-02 08:10:00+00:00,61.95574219573595,22.52114691190393,1.7696218761607274,6.0930735505510265,85.37401333970439,0.026096234222982108,good,synthetic_device_spec_v11
synthetic_customer_010,cabinet_010,2026-09-02 08:20:00+00:00,62.5583754431254,22.345001869217494,1.781270116273261,6.088578508717531,84.32678451132976,0.016103556708901335,good,synthetic_device_spec_v11
synthetic_customer_010,cabinet_010,2026-09-02 08:30:00+00:00,62.99395701565147,22.514707218887978,1.787906986887342,6.092586916983224,83.08896906095127,0.0,good,synthetic_device_spec_v11
synthetic_customer_010,cabinet_010,2026-09-02 08:40:00+00:00,63.47163306194701,22.305765540193978,1.7973966045108958,6.082914378169202,85.00045532109509,0.0,good,synthetic_device_spec_v11
synthetic_customer_010,cabinet_010,2026-09-02 08:50:00+00:00,63.42378822132494,22.22713504445529,1.7989784325029428,6.097291467318748,84.83976226147179,2.4685165638958724,good,synthetic_device_spec_v11
synthetic_customer_010,cabinet_010,2026-09-02 09:00:00+00:00,63.98219188702511,22.162881827008665,1.8155563962616448,6.089252276497595,86.40254133931784,2.5521757569764807,good,synthetic_device_spec_v11
synthetic_customer_010,cabinet_010,2026-09-02 09:10:00+00:00,64.23628933609766,22.137477978209258,1.8216007523666546,6.092395720543167,86.30466525191079,2.3945057734323125,good,synthetic_device_spec_v11
synthetic_customer_010,cabinet_010,2026-09-02 09:20:00+00:00,64.45604964471629,22.17357459983317,1.8197023212175576,6.091201131000664,86.41062936994855,0.0,good,synthetic_device_spec_v11
synthetic_customer_010,cabinet_010,2026-09-02 09:30:00+00:00,65.00299838934434,22.15563067180037,1.8275291816534704,6.098151747735022,85.16637349116732,0.0,good,synthetic_device_spec_v11
synthetic_customer_010,cabinet_010,2026-09-02 09:40:00+00:00,65.38716941048767,21.95514526999578,1.84281706079386,6.101987413291397,83.5816791250222,0.0,good,synthetic_device_spec_v11
synthetic_customer_010,cabinet_010,2026-09-02 09:50:00+00:00,65.5142721999612,22.043824762445816,1.8425417015111822,6.101564755859936,84.1707922924222,0.009726050806767608,good,synthetic_device_spec_v11
synthetic_customer_010,cabinet_010,2026-09-02 10:00:00+00:00,66.1108062224315,22.204521374465656,1.8464972339716597,6.10213093539555,84.23150145105733,0.0458573161174613,good,synthetic_device_spec_v11
synthetic_customer_010,cabinet_010,2026-09-02 10:10:00+00:00,66.33785453960174,21.962360465931752,1.850939467686461,6.109553234164096,83.63494507300722,0.14181699023701638,good,synthetic_device_spec_v11
synthetic_customer_010,cabinet_010,2026-09-02 10:20:00+00:00,66.69167356134203,22.213380422829758,1.8650660691078365,6.110220509942246,85.2492228371439,0.0,good,synthetic_device_spec_v11
synthetic_customer_010,cabinet_010,2026-09-02 10:30:00+00:00,67.05057666102232,22.089012771556185,1.8695372505186707,6.101374812578326,84.42672182501234,0.0,good,synthetic_device_spec_v11
synthetic_customer_010,cabinet_010,2026-09-02 10:40:00+00:00,67.3191362245573,22.096244166989376,1.8737481181762814,6.1098248040876575,84.81484123714777,0.0,good,synthetic_device_spec_v11
synthetic_customer_010,cabinet_010,2026-09-02 10:50:00+00:00,67.49087054840952,22.189234951160277,1.8714565217389965,6.112686351343342,83.33353469589503,0.1918716123740109,good,synthetic_device_spec_v11
synthetic_customer_010,cabinet_010,2026-09-02 11:00:00+00:00,68.09213571832811,22.344695480042013,1.8826774559929356,6.109549304349018,88.35199434716775,0.0,good,synthetic_device_spec_v11
synthetic_customer_010,cabinet_010,2026-09-02 11:10:00+00:00,68.36784402452017,22.347241352347712,1.8918253744399494,6.115938310760958,85.02154522908855,0.023884476794373298,good,synthetic_device_spec_v11
synthetic_customer_010,cabinet_010,2026-09-02 11:20:00+00:00,68.5588259199168,22.454116832197744,1.8985367415231433,6.110675755482703,84.82889977435597,0.23079441035546874,good,synthetic_device_spec_v11
synthetic_customer_010,cabinet_010,2026-09-02 11:30:00+00:00,69.05902561805671,22.49911740770755,1.901479146043615,6.129265908498909,85.84014229084016,0.07446613292104431,good,synthetic_device_spec_v11
synthetic_customer_010,cabinet_010,2026-09-02 11:40:00+00:00,69.19685285121466,22.430283109168876,1.9163002459933924,6.13080677764628,87.07211848587826,0.013066188336347052,good,synthetic_device_spec_v11
synthetic_customer_010,cabinet_010,2026-09-02 11:50:00+00:00,69.36191002116401,22.6499208526158,1.917988553588022,6.126385528007804,83.71529765106919,0.13774322637116115,good,synthetic_device_spec_v11
synthetic_customer_010,cabinet_010,2026-09-02 12:00:00+00:00,69.7100652408301,22.69911889460625,1.9293358273051928,6.133595447271459,84.8201435212633,0.0,good,synthetic_device_spec_v11
synthetic_customer_010,cabinet_010,2026-09-02 12:10:00+00:00,69.97996519591432,22.958010961407503,1.9353667547840743,6.131954716708142,85.19211831549148,12.006034415614641,good,synthetic_device_spec_v11
synthetic_customer_010,cabinet_010,2026-09-02 12:20:00+00:00,70.31973366001249,22.979495212648317,1.943071097876041,6.139364762663541,83.67666863243201,11.964336230757745,good,synthetic_device_spec_v11
synthetic_customer_010,cabinet_010,2026-09-02 12:30:00+00:00,70.5009811996363,23.000445000673352,1.9465914173682912,6.151267274615198,83.72165387405563,12.062240183192404,good,synthetic_device_spec_v11
synthetic_customer_010,cabinet_010,2026-09-02 12:40:00+00:00,70.74558461769239,23.412274279732216,1.9500444958137717,6.14965440823459,83.45928036973703,0.0,good,synthetic_device_spec_v11
synthetic_customer_010,cabinet_010,2026-09-02 12:50:00+00:00,70.9287147684722,23.553661235182652,1.9506649469912225,6.1485455241216105,82.89116324062577,0.04780370190630022,good,synthetic_device_spec_v11
synthetic_customer_010,cabinet_010,2026-09-02 14:20:00+00:00,72.22858750341639,25.18979383368762,1.9912590062627002,6.19318059971372,80.01117213710494,0.0,good,synthetic_device_spec_v11
synthetic_customer_010,cabinet_010,2026-09-02 14:30:00+00:00,72.33785253629934,25.353515085107546,1.9961458400001744,6.19623397965105,81.12612769247916,0.0,good,synthetic_device_spec_v11
synthetic_customer_010,cabinet_010,2026-09-02 14:40:00+00:00,72.67372424380733,25.424751329619813,,6.2055629910836565,81.45605608201048,0.14390352135443535,good,synthetic_device_spec_v11
synthetic_customer_010,cabinet_010,2026-09-02 14:50:00+00:00,72.5623957359722,25.86898474152223,2.0124137326487683,6.20408604371251,79.4974187114769,0.0,good,synthetic_device_spec_v11
synthetic_customer_010,cabinet_010,2026-09-02 15:00:00+00:00,72.53889574266773,25.842783974764156,2.008918264032899,6.212646746767455,80.41601720066146,0.0,bad,synthetic_device_spec_v11
synthetic_customer_010,cabinet_010,2026-09-02 15:10:00+00:00,72.78622358417917,26.11308320002646,2.012120962396107,6.221495313642927,79.38709681229206,0.1242182118865888,bad,synthetic_device_spec_v11
synthetic_customer_010,cabinet_010,2026-09-02 15:20:00+00:00,72.64010718875662,26.331243323410593,2.0107059460029055,6.2231712344004,80.04365311286695,0.0,bad,synthetic_device_spec_v11
synthetic_customer_010,cabinet_010,2026-09-02 15:30:00+00:00,72.82941775067933,26.60785782396653,2.0250626066294815,6.226946914496069,78.52424305831498,0.06451978226663652,bad,synthetic_device_spec_v11
synthetic_customer_010,cabinet_010,2026-09-02 15:40:00+00:00,72.82184555693158,26.89290003125792,2.021096151681235,6.2241678589990235,80.42500745196182,0.0,bad,synthetic_device_spec_v11
synthetic_customer_010,cabinet_010,2026-09-02 15:50:00+00:00,72.56822034171415,26.83293703215552,2.02588320250341,6.230905873442087,77.7083530312086,0.0,bad,synthetic_device_spec_v11
synthetic_customer_010,cabinet_010,2026-09-02 16:00:00+00:00,72.29178317847489,27.390648465451623,2.025607061938861,6.242220526744306,76.94083473969486,0.07340910077014921,good,synthetic_device_spec_v11
synthetic_customer_010,cabinet_010,2026-09-02 16:10:00+00:00,72.62833391247221,27.420057774600966,2.0246096869626675,6.2555525741806495,78.93238182570174,0.006315088555915642,good,synthetic_device_spec_v11
synthetic_customer_010,cabinet_010,2026-09-02 16:20:00+00:00,72.49291982169166,27.698381630707637,2.02388331868761,6.25143315292779,79.1144537199952,0.0,good,synthetic_device_spec_v11
synthetic_customer_010,cabinet_010,2026-09-02 16:30:00+00:00,72.58393694989884,27.901798081961662,2.0317969053740805,6.261091925256917,79.15307527623972,0.0,good,synthetic_device_spec_v11
synthetic_customer_010,cabinet_010,2026-09-02 16:40:00+00:00,72.20093331465802,28.12262313558203,2.0333157379496285,6.263383328115142,77.33111580213381,0.0,good,synthetic_device_spec_v11
synthetic_customer_010,cabinet_010,2026-09-02 16:50:00+00:00,72.03446775058116,28.179686565000956,2.026974948726779,6.272615626095149,78.02479373205084,0.038629719937540864,good,synthetic_device_spec_v11
synthetic_customer_010,cabinet_010,2026-09-02 17:00:00+00:00,71.75414842600819,28.392310570766682,2.028560861529544,6.279254476431373,76.14264542895565,0.07101796807752446,good,synthetic_device_spec_v11
synthetic_customer_010,cabinet_010,2026-09-02 17:10:00+00:00,71.7724353275791,28.702253215272055,2.032256009771008,6.284946748048335,76.34045150240367,0.0,good,synthetic_device_spec_v11
synthetic_customer_010,cabinet_010,2026-09-02 17:20:00+00:00,71.75413672385103,28.897331063750013,2.037655436613011,6.289993986917584,77.03602953190457,0.0,good,synthetic_device_spec_v11
synthetic_customer_010,cabinet_010,2026-09-02 17:30:00+00:00,71.46131423115216,29.231675675118225,2.0396393309189227,6.2944787892370195,76.07050858011958,0.04763694351261769,good,synthetic_device_spec_v11
synthetic_customer_010,cabinet_010,2026-09-02 17:40:00+00:00,71.40696291096974,29.111690132588144,2.040775434460064,6.3019775164157394,75.88242507823267,0.0,good,synthetic_device_spec_v11
synthetic_customer_010,cabinet_010,2026-09-02 17:50:00+00:00,71.04966589093337,29.62920403047862,2.036649556336544,6.316533911951321,73.23926537941506,0.015399414712498892,good,synthetic_device_spec_v11
synthetic_customer_010,cabinet_010,2026-09-02 18:00:00+00:00,71.12725895989516,29.5892248573544,2.0455278021665073,6.3123537690027325,74.81145102273376,0.0,good,synthetic_device_spec_v11
synthetic_customer_010,cabinet_010,2026-09-02 18:10:00+00:00,70.76897299157629,29.948517826807436,2.0351826635887575,6.328776908841859,74.4692092990629,0.0,good,synthetic_device_spec_v11
synthetic_customer_010,cabinet_010,2026-09-02 18:50:00+00:00,69.54250996760493,30.546149572454393,2.0394784360248024,6.3464934537007975,74.11395466280834,0.13791356160678775,good,synthetic_device_spec_v11
synthetic_customer_010,cabinet_010,2026-09-02 19:00:00+00:00,69.35506533022955,30.538064374696646,2.028743348944009,6.348255092866823,74.74418401160993,0.016331988545886262,good,synthetic_device_spec_v11
synthetic_customer_010,cabinet_010,2026-09-02 19:10:00+00:00,69.26145916503881,30.638861943926205,2.0362847029931235,6.3543886875106415,74.16901027531557,0.0,good,synthetic_device_spec_v11
synthetic_customer_010,cabinet_010,2026-09-02 19:20:00+00:00,68.92408218719305,30.91014779174308,2.029470728392677,6.366840150930586,73.74515136439148,0.1194184616843285,good,synthetic_device_spec_v11
synthetic_customer_010,cabinet_010,2026-09-02 19:30:00+00:00,68.38038335079824,30.966769571375117,2.0287953650408723,6.3695836763024865,75.37359341850662,0.0,good,synthetic_device_spec_v11
synthetic_customer_010,cabinet_010,2026-09-02 19:40:00+00:00,68.13938235981603,31.135166492344336,2.0269785791172006,6.379012635296267,74.07229651588511,0.0,good,synthetic_device_spec_v11
synthetic_customer_010,cabinet_010,2026-09-02 19:50:00+00:00,67.83063238222817,31.219620618564207,2.0256775675549488,6.3743339772769785,71.76297823749886,0.0,good,synthetic_device_spec_v11
synthetic_customer_010,cabinet_010,2026-09-02 20:00:00+00:00,67.62339509509835,31.401199184827167,2.017994389470508,6.393992034892162,72.52095676796344,0.06079486331635998,good,synthetic_device_spec_v11
synthetic_customer_010,cabinet_010,2026-09-02 20:10:00+00:00,67.15671552073104,31.55091626874353,2.0146654192932902,6.397627309881297,74.36578950438393,0.0,good,synthetic_device_spec_v11
synthetic_customer_010,cabinet_010,2026-09-02 20:20:00+00:00,67.00053598405803,31.45789290788926,2.018908995487566,6.398345740129726,74.16137366517356,0.0,good,synthetic_device_spec_v11
synthetic_customer_010,cabinet_010,2026-09-02 20:30:00+00:00,66.57197835491237,31.722503886211477,2.0165550093048914,6.402713294346321,72.03683215888037,0.1076769651537314,good,synthetic_device_spec_v11
synthetic_customer_010,cabinet_010,2026-09-02 20:40:00+00:00,66.26448812159153,31.639712616157755,2.0019035483332077,6.410979194515293,71.88795956499905,0.06556886157694047,good,synthetic_device_spec_v11
synthetic_customer_010,cabinet_010,2026-09-02 20:50:00+00:00,66.01374830008851,31.774795874413794,2.0084143436371926,6.417519957047618,72.13866354192704,0.10188662097330534,good,synthetic_device_spec_v11
synthetic_customer_010,cabinet_010,2026-09-02 21:00:00+00:00,65.67395803630265,31.882809888190117,1.9991778781134366,6.424180702194027,72.74215809453995,0.0,good,synthetic_device_spec_v11
synthetic_customer_010,cabinet_010,2026-09-02 21:10:00+00:00,65.35597017028223,32.04866019922235,1.9994386369746717,6.430034472545677,74.06022375203109,0.16932236998780428,good,synthetic_device_spec_v11
synthetic_customer_010,cabinet_010,2026-09-02 21:20:00+00:00,65.01127549191108,32.002639244373604,,6.432610810606793,71.51812808277298,0.0,good,synthetic_device_spec_v11
synthetic_customer_010,cabinet_010,2026-09-02 21:30:00+00:00,64.53098861968004,31.94720114097882,1.9952699107787895,6.438915373992498,71.22111613313676,0.08170466343262993,good,synthetic_device_spec_v11
synthetic_customer_010,cabinet_010,2026-09-02 21:40:00+00:00,64.36744950773215,31.915565873648678,1.9869617531742882,6.450639035595868,71.97482966733972,0.0,good,synthetic_device_spec_v11
synthetic_customer_010,cabinet_010,2026-09-02 21:50:00+00:00,63.53521895999946,31.98634707659279,1.9856487359452568,6.45391467573423,72.8466175542253,0.04582646122312618,good,synthetic_device_spec_v11
synthetic_customer_010,cabinet_010,2026-09-02 22:00:00+00:00,63.41713439684031,31.87867014122017,1.9777086017650318,6.459607171031193,72.0841939197223,0.0,good,synthetic_device_spec_v11
synthetic_customer_010,cabinet_010,2026-09-02 22:10:00+00:00,63.25916249415588,31.96062908030772,1.971832229149328,6.46400499610327,70.23410126564434,0.023706922204509175,good,synthetic_device_spec_v11
synthetic_customer_010,cabinet_010,2026-09-02 22:20:00+00:00,63.04943390312562,31.96760334831976,1.9652329501851276,6.476504181947587,73.71935865415358,0.03025977239882485,good,synthetic_device_spec_v11
synthetic_customer_010,cabinet_010,2026-09-02 22:30:00+00:00,62.46435583261107,31.826682170922552,1.957800095593406,6.470671467031078,71.1700089443181,0.0,good,synthetic_device_spec_v11
synthetic_customer_010,cabinet_010,2026-09-02 22:40:00+00:00,62.061706237627526,32.06698652763554,1.9562767420719074,6.4677764025847715,72.01806783423037,0.08786647501099962,good,synthetic_device_spec_v11
synthetic_customer_010,cabinet_010,2026-09-02 22:50:00+00:00,61.70592075293793,31.772804878813595,1.9529521556541265,6.485820886114179,72.5925137514222,0.041725509492359425,good,synthetic_device_spec_v11
synthetic_customer_010,cabinet_010,2026-09-02 23:00:00+00:00,61.410051684602685,31.775253319273475,1.9548971511736306,6.486159717856983,72.00835304530767,0.08255694235118374,good,synthetic_device_spec_v11
synthetic_customer_010,cabinet_010,2026-09-02 23:10:00+00:00,61.18972801548802,31.67020113288616,1.9389106200154975,6.498541129182849,71.97693815072996,0.0,good,synthetic_device_spec_v11
synthetic_customer_010,cabinet_010,2026-09-02 23:20:00+00:00,60.743945446384146,31.567050025189314,1.9376891693344487,6.505743510004664,71.22226703849645,0.0,good,synthetic_device_spec_v11
synthetic_customer_010,cabinet_010,2026-09-02 23:30:00+00:00,60.509847611913045,31.72686417356131,1.9390272507690522,6.502153127354501,72.40838435109035,0.019290423649578965,good,synthetic_device_spec_v11
synthetic_customer_010,cabinet_010,2026-09-02 23:40:00+00:00,60.23333768728842,31.3336087415946,1.9223199551363537,6.504047161722272,73.1525494546296,0.12869013956658643,good,synthetic_device_spec_v11
synthetic_customer_010,cabinet_010,2026-09-02 23:50:00+00:00,59.93440338304906,31.29069899839123,1.910304589893393,6.510067438026328,75.36443959713861,0.12088747322395031,good,synthetic_device_spec_v11
synthetic_customer_010,cabinet_010,2026-09-03 00:00:00+00:00,59.65196133404336,31.13638017649663,1.9182111699119557,6.524060194436137,72.33060549312916,0.005220626900490704,good,synthetic_device_spec_v11
synthetic_customer_010,cabinet_010,2026-09-03 00:10:00+00:00,59.376396876639895,31.080915721092833,1.9082929013371321,6.521599444281439,73.36469552737421,12.094777927520369,good,synthetic_device_spec_v11
synthetic_customer_010,cabinet_010,2026-09-03 00:20:00+00:00,59.226511083995526,31.053332775349247,1.8974546103324332,6.5297478156160595,72.54174753338772,11.826926372159718,good,synthetic_device_spec_v11
synthetic_customer_010,cabinet_010,2026-09-03 00:30:00+00:00,58.85081328610873,30.75450711442423,1.8874768484437676,6.535587280984634,73.36864644292415,12.089104064392235,good,synthetic_device_spec_v11
synthetic_customer_010,cabinet_010,2026-09-03 00:40:00+00:00,58.57451468150824,30.470614731450134,1.8898700234448558,6.54449560354536,76.06330311577362,0.0,good,synthetic_device_spec_v11
synthetic_customer_010,cabinet_010,2026-09-03 00:50:00+00:00,58.279180771419135,30.62301538273768,1.8776087159977735,6.541779252123897,74.75256790978374,0.0,good,synthetic_device_spec_v11
synthetic_customer_010,cabinet_010,2026-09-03 01:00:00+00:00,58.00440484834936,30.420958393355033,1.8683463402699696,6.542672347749173,75.02764009400097,0.0,good,synthetic_device_spec_v11
synthetic_customer_010,cabinet_010,2026-09-03 01:10:00+00:00,57.829672119751805,30.339846812702678,1.8609978361312962,6.553201007371907,73.34967988310481,0.003947440358057623,good,synthetic_device_spec_v11
synthetic_customer_010,cabinet_010,2026-09-03 01:20:00+00:00,57.890319877642916,30.262566322186906,1.854520643529997,6.555263260407218,74.62968302068901,0.014567997413761594,good,synthetic_device_spec_v11
synthetic_customer_010,cabinet_010,2026-09-03 01:30:00+00:00,57.65914993166359,29.876127906879372,1.8456950982488618,6.5581051848789675,73.8679178700672,0.0,good,synthetic_device_spec_v11
synthetic_customer_010,cabinet_010,2026-09-03 01:40:00+00:00,57.35941373943624,29.62579815550031,1.8373561166702415,6.564891195050197,76.73499793584892,0.0,good,synthetic_device_spec_v11
synthetic_customer_010,cabinet_010,2026-09-03 01:50:00+00:00,57.17261711104491,29.578815526389267,1.8307846498224816,6.566923221829649,74.71914261196602,0.08063717037015325,good,synthetic_device_spec_v11
synthetic_customer_010,cabinet_010,2026-09-03 02:00:00+00:00,57.343297993290186,29.30022354670965,1.8243522754261838,6.5723299224441405,77.02337926171631,0.08746866831382048,good,synthetic_device_spec_v11
synthetic_customer_010,cabinet_010,2026-09-03 02:10:00+00:00,56.98886928057626,29.282305764865278,1.8148032464719912,6.578188199564555,78.27987601412367,0.04110196211210828,good,synthetic_device_spec_v11
synthetic_customer_010,cabinet_010,2026-09-03 02:20:00+00:00,56.9814283158506,29.142005368862527,1.8155454133392097,6.581358846461893,75.36796326319292,0.0,good,synthetic_device_spec_v11
synthetic_customer_010,cabinet_010,2026-09-03 02:30:00+00:00,56.657674395809885,28.725434643300243,1.8084642622486087,6.581809406431091,76.96005071693239,0.0,good,synthetic_device_spec_v11
synthetic_customer_010,cabinet_010,2026-09-03 02:40:00+00:00,56.60120841069509,28.68758941027491,1.7973545347256839,6.589893901632126,77.2437362153942,0.0029344607094213032,good,synthetic_device_spec_v11
synthetic_customer_010,cabinet_010,2026-09-03 02:50:00+00:00,56.7462420989726,28.45776974407722,1.788665713036489,6.592593043262645,76.37215946916085,0.0,good,synthetic_device_spec_v11
synthetic_customer_010,cabinet_010,2026-09-03 03:00:00+00:00,56.58533427059341,28.370201788714002,1.7846358966636453,6.600551564251377,78.70460766483998,0.0,good,synthetic_device_spec_v11
synthetic_customer_010,cabinet_010,2026-09-03 03:10:00+00:00,56.69113509978431,27.94901497518537,1.7820616616715284,6.598813136448053,77.67585447108395,0.0,good,synthetic_device_spec_v11
synthetic_customer_010,cabinet_010,2026-09-03 03:20:00+00:00,56.577302425611315,27.82461847038512,1.7725102953375085,6.600909069732549,75.97195647101258,0.0,good,synthetic_device_spec_v11
synthetic_customer_010,cabinet_010,2026-09-03 03:30:00+00:00,56.62510537188343,27.503599116950745,1.7536741684943473,6.608075582133872,77.92232053493831,0.06470842318470779,good,synthetic_device_spec_v11
synthetic_customer_010,cabinet_010,2026-09-03 03:40:00+00:00,56.72066323326142,27.2006116727365,1.7553870396882865,6.607010531130865,79.72777096052708,0.05468444606442935,good,synthetic_device_spec_v11
synthetic_customer_010,cabinet_010,2026-09-03 03:50:00+00:00,56.71056949263678,26.972607237963267,1.7589837203850665,6.610369730082149,78.50429348378364,0.0,good,synthetic_device_spec_v11
synthetic_customer_010,cabinet_010,2026-09-03 04:00:00+00:00,56.69544429065123,26.91888539836342,1.7429596826811926,6.616461751556884,80.56967260076988,0.0,good,synthetic_device_spec_v11
synthetic_customer_010,cabinet_010,2026-09-03 04:10:00+00:00,56.736206455021424,26.710693012669697,1.7309749505852994,6.619014107056856,80.05603217313059,0.08259395185466867,good,synthetic_device_spec_v11
synthetic_customer_010,cabinet_010,2026-09-03 04:20:00+00:00,56.98660087056761,26.415868284240727,1.735055062880566,6.618236875861501,79.40505447161134,0.0,good,synthetic_device_spec_v11
synthetic_customer_010,cabinet_010,2026-09-03 04:30:00+00:00,57.022374030212966,26.224721398474834,1.723477299833883,6.625129623244658,79.19849427674062,0.0,good,synthetic_device_spec_v11
synthetic_customer_010,cabinet_010,2026-09-03 04:40:00+00:00,57.230424957064876,26.07493001112965,1.7256255437000783,6.627040074788582,78.88193826900442,0.04765683714526657,good,synthetic_device_spec_v11
synthetic_customer_010,cabinet_010,2026-09-03 04:50:00+00:00,57.15751731232481,25.80650790193531,1.708877753332619,6.628270480175198,78.88986144552617,0.0,good,synthetic_device_spec_v11
synthetic_customer_010,cabinet_010,2026-09-03 05:00:00+00:00,57.31539968130624,25.57121847639779,1.704301061341627,6.62943959136704,82.1901860815533,0.006429098076475502,good,synthetic_device_spec_v11
synthetic_customer_010,cabinet_010,2026-09-03 05:10:00+00:00,57.4830211719734,25.28705716769958,1.701003296462888,6.634775187254085,81.16401635256253,0.11361794355818332,good,synthetic_device_spec_v11
synthetic_customer_010,cabinet_010,2026-09-03 05:20:00+00:00,57.62766197355718,25.237295543443928,1.6956331117432135,6.639339722999052,82.1916826477823,0.0,good,synthetic_device_spec_v11
synthetic_customer_010,cabinet_010,2026-09-03 05:30:00+00:00,58.010545462257724,24.890324081623504,1.688246527626942,6.635729238391107,83.64995322267768,0.01428493950045986,good,synthetic_device_spec_v11
synthetic_customer_010,cabinet_010,2026-09-03 05:40:00+00:00,57.87090257873175,24.752250903235606,1.671718320316273,6.639435080034406,81.40909948529595,0.0,good,synthetic_device_spec_v11
synthetic_customer_010,cabinet_010,2026-09-03 05:50:00+00:00,58.465325186993184,24.589329505482393,1.6760213043748098,6.644697893065844,83.41650381640073,0.028164178304874082,good,synthetic_device_spec_v11
synthetic_customer_010,cabinet_010,2026-09-03 06:00:00+00:00,58.58278931346127,24.452957100096945,1.6652376501943034,6.633840758969381,82.44531824910813,0.031021467556543957,good,synthetic_device_spec_v11
synthetic_customer_010,cabinet_010,2026-09-03 06:10:00+00:00,58.48555275583251,24.141447835646154,1.6681794234362828,6.643976039784243,82.08519367320764,12.057707661091186,good,synthetic_device_spec_v11
synthetic_customer_010,cabinet_010,2026-09-03 06:20:00+00:00,59.012906124245326,23.986316920414783,,6.643333661231751,81.24854181175591,11.96019971865392,good,synthetic_device_spec_v11
synthetic_customer_010,cabinet_010,2026-09-03 06:30:00+00:00,59.34079464595358,23.943579156422945,1.6502866847425652,6.649830427976786,83.30033828640872,11.88800851597412,good,synthetic_device_spec_v11
synthetic_customer_010,cabinet_010,2026-09-03 06:40:00+00:00,59.33171285117952,23.59610567727382,1.6392197541933597,6.645718653485615,83.13577237028255,0.0016423471388843348,good,synthetic_device_spec_v11
synthetic_customer_010,cabinet_010,2026-09-03 06:50:00+00:00,59.54053304164549,23.538823319664118,1.637537791818698,6.647640601680239,83.72867728008305,0.02436799399748084,good,synthetic_device_spec_v11
synthetic_customer_010,cabinet_010,2026-09-03 07:00:00+00:00,59.75568275675797,23.43779924258108,1.6431135094975895,6.653650087025705,84.84505631830834,0.07851200761335901,good,synthetic_device_spec_v11
synthetic_customer_010,cabinet_010,2026-09-03 07:10:00+00:00,60.42787840277955,23.116075744456147,1.6244974979093187,6.652737313704595,83.53532248013443,0.09917051899876794,good,synthetic_device_spec_v11
synthetic_customer_010,cabinet_010,2026-09-03 07:20:00+00:00,60.33135916064583,23.128804083259862,1.6240474446505142,6.645664358186727,83.658929470399,0.05831072773754893,good,synthetic_device_spec_v11
synthetic_customer_010,cabinet_010,2026-09-03 07:30:00+00:00,60.73908934415965,22.884294240989533,1.6217967009056018,6.649059053453277,83.10936836757242,0.0,good,synthetic_device_spec_v11
synthetic_customer_010,cabinet_010,2026-09-03 07:40:00+00:00,61.27649115157757,22.74156871723276,1.6105336792728768,6.6515122131132856,85.63403675390413,0.0,good,synthetic_device_spec_v11
synthetic_customer_010,cabinet_010,2026-09-03 07:50:00+00:00,61.36617310925841,22.597645842371925,1.6089874796990287,6.6508815517469,82.88720098644914,0.0,good,synthetic_device_spec_v11
synthetic_customer_010,cabinet_010,2026-09-03 08:00:00+00:00,61.9819330802797,22.721342889331154,1.6013905472640402,6.649480142921786,82.60492390269766,0.051359282908283226,good,synthetic_device_spec_v11
synthetic_customer_010,cabinet_010,2026-09-03 08:10:00+00:00,61.971195753248416,22.61792933050367,1.6021538090644618,6.643531079873336,84.56830075328199,0.0,good,synthetic_device_spec_v11
synthetic_customer_010,cabinet_010,2026-09-03 08:20:00+00:00,62.45138358991261,22.3405949612989,1.5909334100973986,6.641054634726325,84.75973934253032,0.0,good,synthetic_device_spec_v11
synthetic_customer_010,cabinet_010,2026-09-03 08:30:00+00:00,62.65900269151272,22.307405896353853,1.587306829234992,6.632418968784543,83.32438272270622,0.09080726862246576,good,synthetic_device_spec_v11
synthetic_customer_010,cabinet_010,2026-09-03 08:40:00+00:00,63.035671987130236,22.33452198249502,1.5864165090925473,6.644464893273288,83.7549826152535,0.0,good,synthetic_device_spec_v11
synthetic_customer_010,cabinet_010,2026-09-03 08:50:00+00:00,63.319912787252726,22.247092454336943,1.5783370564118968,6.636369874324846,86.36393601664143,0.0,good,synthetic_device_spec_v11
synthetic_customer_010,cabinet_010,2026-09-03 09:00:00+00:00,63.73506358346068,22.273571320013936,1.5748543288708559,6.640512635257922,85.07451610563139,0.018218459808092252,good,synthetic_device_spec_v11
synthetic_customer_010,cabinet_010,2026-09-03 09:10:00+00:00,64.09398782648823,22.148511058151577,1.5796045341348317,6.6348949180512955,84.96685636268295,0.0,good,synthetic_device_spec_v11
synthetic_customer_010,cabinet_010,2026-09-03 09:20:00+00:00,64.33161823581693,22.13734753823575,1.5736504249267746,6.636568366777015,85.0446912578168,0.0,good,synthetic_device_spec_v11
synthetic_customer_010,cabinet_010,2026-09-03 09:30:00+00:00,64.97728898898443,22.189217068184785,1.577536163575991,6.635030970902983,84.94522117262639,0.014771480280545526,good,synthetic_device_spec_v11
synthetic_customer_010,cabinet_010,2026-09-03 09:40:00+00:00,65.07081023202656,21.989382269541476,1.5721574347749743,6.630575126663044,85.05739313730272,0.0,good,synthetic_device_spec_v11
synthetic_customer_010,cabinet_010,2026-09-03 09:50:00+00:00,65.48326634013257,22.055360873629027,1.5677709641002386,6.62692624257951,84.74898659006425,0.0639004987201372,good,synthetic_device_spec_v11
synthetic_customer_010,cabinet_010,2026-09-03 10:00:00+00:00,65.75820726110831,22.224455999956643,1.5656297891634043,6.622990206069216,83.83006102917645,0.0,good,synthetic_device_spec_v11
synthetic_customer_010,cabinet_010,2026-09-03 10:10:00+00:00,66.10118054095591,22.199195904089162,1.561199272929896,6.631163139861365,86.23823806004161,0.02293114998617055,good,synthetic_device_spec_v11
synthetic_customer_010,cabinet_010,2026-09-03 10:20:00+00:00,66.523221371621,22.188718552119106,1.5628581828930366,6.6274084393192725,84.45335800005662,0.0,good,synthetic_device_spec_v11
synthetic_customer_010,cabinet_010,2026-09-03 10:30:00+00:00,66.82086488898169,22.152180492831015,1.5553657719581164,6.624319696801413,85.66870773815555,0.0,good,synthetic_device_spec_v11
synthetic_customer_010,cabinet_010,2026-09-03 10:40:00+00:00,67.38145741492559,22.2107965376112,1.5594486775956458,6.620321912249193,84.62274585500879,0.0,good,synthetic_device_spec_v11
synthetic_customer_010,cabinet_010,2026-09-03 10:50:00+00:00,67.37454358815498,22.373476292156045,1.5641550631714198,6.610264407369316,84.20358054947812,0.155419732010848,good,synthetic_device_spec_v11
synthetic_customer_010,cabinet_010,2026-09-03 11:00:00+00:00,67.85114918148777,22.208523769622527,1.5498412693681916,6.614119789696582,87.35093041406718,0.008858738028371005,good,synthetic_device_spec_v11
synthetic_customer_010,cabinet_010,2026-09-03 11:10:00+00:00,68.18395511526023,22.43113471086315,1.5550260978403607,6.607375812474411,83.62709440722085,0.10127261688456572,good,synthetic_device_spec_v11
synthetic_customer_010,cabinet_010,2026-09-03 11:20:00+00:00,68.48293945364101,22.685538787620533,1.554905626525664,6.608519259722422,83.21828247497783,0.1338205893886784,good,synthetic_device_spec_v11
synthetic_customer_010,cabinet_010,2026-09-03 11:30:00+00:00,68.71603853511532,22.63288359369187,1.5556140431301233,6.600873547833516,83.32782714827223,0.0,good,synthetic_device_spec_v11
synthetic_customer_010,cabinet_010,2026-09-03 11:40:00+00:00,69.11147791267345,22.882644854009637,1.5574451527051574,6.605674399651251,85.19616273209591,0.0,good,synthetic_device_spec_v11
synthetic_customer_010,cabinet_010,2026-09-03 11:50:00+00:00,69.19947317731528,22.73930564426223,1.561740206190706,6.592850744140429,85.02367768996011,0.003304906887993328,good,synthetic_device_spec_v11
synthetic_customer_010,cabinet_010,2026-09-03 12:00:00+00:00,69.48487372845723,22.80868008057128,1.564879884810149,6.5949724047824825,83.63678531420406,0.0,good,synthetic_device_spec_v11
synthetic_customer_010,cabinet_010,2026-09-03 12:10:00+00:00,69.8142868720421,22.94902583695106,1.5526645977960938,6.595997039082729,85.35265206716487,12.02910612900108,good,synthetic_device_spec_v11
synthetic_customer_010,cabinet_010,2026-09-03 12:20:00+00:00,70.20166712909689,23.210002577985247,1.558893688030414,6.584179388103319,85.37058688626463,11.929503260474021,good,synthetic_device_spec_v11
synthetic_customer_010,cabinet_010,2026-09-03 12:30:00+00:00,70.38497362789865,23.2397559880868,1.5653532863465622,6.580464266372454,82.08340564305077,12.050352404655317,good,synthetic_device_spec_v11
synthetic_customer_010,cabinet_010,2026-09-03 12:40:00+00:00,70.7567207896975,23.340264886143043,1.5675501097960538,6.578381976078078,84.05674242354623,0.0,good,synthetic_device_spec_v11
synthetic_customer_010,cabinet_010,2026-09-03 12:50:00+00:00,70.89662905781556,23.61744993249099,1.5624405450563112,6.574561182731027,83.40777808780946,0.05082295011620797,good,synthetic_device_spec_v11
synthetic_customer_010,cabinet_010,2026-09-03 13:00:00+00:00,71.02663658033347,23.698698327178693,1.564179517226498,6.5741303309556605,81.86038652953945,0.027661874076397863,good,synthetic_device_spec_v11
synthetic_customer_010,cabinet_010,2026-09-03 13:10:00+00:00,71.19216435959804,24.008224011767382,1.5645150820879454,6.5604205403699725,81.87113523860538,0.0,good,synthetic_device_spec_v11
synthetic_customer_010,cabinet_010,2026-09-03 13:20:00+00:00,71.4789471148419,24.035948757848296,1.5667763161217358,6.55899931067589,81.8087737643591,0.0,good,synthetic_device_spec_v11
synthetic_customer_010,cabinet_010,2026-09-03 13:30:00+00:00,71.67728633981798,24.277219722679817,1.560276395005664,6.5506060784081495,83.93526575104981,0.0,good,synthetic_device_spec_v11
synthetic_customer_010,cabinet_010,2026-09-03 13:40:00+00:00,71.73615026127314,24.23509560652443,1.5705213278463934,6.55020071765143,82.0716566124495,0.11746830807413233,good,synthetic_device_spec_v11
synthetic_customer_010,cabinet_010,2026-09-03 13:50:00+00:00,72.10856469763509,24.558142799763747,1.5634471719701646,6.5351643190237745,81.36721182359928,0.0,good,synthetic_device_spec_v11
synthetic_customer_010,cabinet_010,2026-09-03 14:00:00+00:00,72.0158163575677,24.77000520694637,1.5706346656810184,6.542935855938933,83.14899581445431,0.0,good,synthetic_device_spec_v11
synthetic_customer_010,cabinet_010,2026-09-03 14:10:00+00:00,72.21557475373812,24.99936416118973,1.5732621552077806,6.5412358603357275,81.60852111747313,0.055161972655372045,good,synthetic_device_spec_v11
synthetic_customer_010,cabinet_010,2026-09-03 14:20:00+00:00,72.52965604074723,25.050230794760868,1.5810548200423638,6.537010661274075,82.95864324464812,0.0,good,synthetic_device_spec_v11
synthetic_customer_010,cabinet_010,2026-09-03 14:30:00+00:00,72.37471416678802,25.276550924261166,1.5775915952875528,6.5331459497390565,80.58948291532697,0.0,good,synthetic_device_spec_v11
synthetic_customer_010,cabinet_010,2026-09-03 14:40:00+00:00,72.69885691349482,25.560843210324936,1.5842340574874418,6.521030114878468,80.90197743350713,0.029002616670814812,good,synthetic_device_spec_v11
synthetic_customer_010,cabinet_010,2026-09-03 14:50:00+00:00,72.52607878714024,25.780404826110242,1.5836233866180438,6.515521723413315,77.49168179311911,0.027110196309936267,good,synthetic_device_spec_v11
synthetic_customer_010,cabinet_010,2026-09-03 15:00:00+00:00,72.68072600880339,25.865976891181923,1.587770053568956,6.512680149780605,80.42475626159813,0.06279216516095514,good,synthetic_device_spec_v11
synthetic_customer_010,cabinet_010,2026-09-03 15:10:00+00:00,72.50134127012377,26.023722970768006,1.5969614769265716,6.502637773737028,79.30266232157092,0.0,good,synthetic_device_spec_v11
synthetic_customer_010,cabinet_010,2026-09-03 15:20:00+00:00,72.63552601846268,26.323792463407905,1.5984402514479117,6.505301748584502,79.94931464877146,0.0,good,synthetic_device_spec_v11
synthetic_customer_010,cabinet_010,2026-09-03 15:30:00+00:00,72.76803068340126,26.522740667045834,1.5980846660412193,6.486662082953842,78.86676511085334,0.09918962722982158,good,synthetic_device_spec_v11
synthetic_customer_010,cabinet_010,2026-09-03 15:40:00+00:00,72.38244911713018,26.91790385348139,1.604308401952977,6.4852529710517395,78.83555312886232,0.0,good,synthetic_device_spec_v11
synthetic_customer_010,cabinet_010,2026-09-03 15:50:00+00:00,72.62639679048905,27.109544371724688,1.608904969123911,6.481314409715296,78.7290352687398,0.0,good,synthetic_device_spec_v11
synthetic_customer_010,cabinet_010,2026-09-03 16:00:00+00:00,72.56504397408294,27.145690991683693,1.6212015641861153,6.483723189222739,78.71798689190095,0.0,good,synthetic_device_spec_v11
synthetic_customer_010,cabinet_010,2026-09-03 16:10:00+00:00,72.56183304074418,27.548563894303566,1.6272720697722904,6.466698141295248,78.78686767463272,0.006744733003442739,good,synthetic_device_spec_v11
synthetic_customer_010,cabinet_010,2026-09-03 16:20:00+00:00,72.65850051553817,27.690745759765615,1.6206987923937608,6.4734387826682465,79.27136334259863,0.023376568290866397,good,synthetic_device_spec_v11
synthetic_customer_010,cabinet_010,2026-09-03 16:30:00+00:00,72.1662721151164,27.751980458133545,1.6256100444616282,6.460423587494307,76.37852862550959,0.06695913739745522,good,synthetic_device_spec_v11
synthetic_customer_010,cabinet_010,2026-09-03 16:40:00+00:00,72.06187070626093,28.101991066159638,1.6340255798466607,6.446318129871503,75.9514802548729,0.05604534737863448,good,synthetic_device_spec_v11
synthetic_customer_010,cabinet_010,2026-09-03 16:50:00+00:00,72.11449684529167,28.268791917169168,1.6384791421214144,6.445752666030004,77.13138604100747,0.0,good,synthetic_device_spec_v11
synthetic_customer_010,cabinet_010,2026-09-03 17:00:00+00:00,71.80102237317561,28.603082111454686,1.6424469767690455,6.4429383873311705,76.71507783211415,0.0,good,synthetic_device_spec_v11
synthetic_customer_010,cabinet_010,2026-09-03 17:10:00+00:00,71.70778798213112,28.75679616424395,,6.438019198608169,75.36192411888496,0.0,good,synthetic_device_spec_v11
synthetic_customer_010,cabinet_010,2026-09-03 17:20:00+00:00,71.62619550430217,28.933487029373346,1.65366142363037,6.428415283992773,77.85570336705328,0.05749161194564126,good,synthetic_device_spec_v11
synthetic_customer_010,cabinet_010,2026-09-03 17:30:00+00:00,71.47276550785884,29.07943474978843,1.6669815396819456,6.430075459692417,75.97890451848119,0.0,good,synthetic_device_spec_v11
synthetic_customer_010,cabinet_010,2026-09-03 17:40:00+00:00,71.19285861724384,29.2702487895691,1.6717364654521434,6.41392572935779,76.04755586820471,0.046915352245794656,good,synthetic_device_spec_v11
synthetic_customer_010,cabinet_010,2026-09-03 17:50:00+00:00,71.013954986187,29.45664211455538,1.6761319004483708,6.410317755023464,75.60368607561821,0.041907888480221436,good,synthetic_device_spec_v11
synthetic_customer_010,cabinet_010,2026-09-03 18:00:00+00:00,70.79032035519498,29.66859939751749,1.682383986442702,6.409853849092968,74.54280436903852,0.11273248041508248,good,synthetic_device_spec_v11
synthetic_customer_010,cabinet_010,2026-09-03 18:10:00+00:00,70.47280635971983,29.824087449288466,1.681371588974019,6.406835691679932,74.64198888594257,12.04482354431199,good,synthetic_device_spec_v11
synthetic_customer_010,cabinet_010,2026-09-03 18:20:00+00:00,70.32140979845107,30.01508466063831,1.6910266757583756,6.399955071361668,74.63564674466173,11.919951114591305,good,synthetic_device_spec_v11
synthetic_customer_010,cabinet_010,2026-09-03 18:30:00+00:00,70.00340277625473,30.267421496172663,1.689872198732219,6.390663213318092,74.5913234833717,11.916073972567416,good,synthetic_device_spec_v11
synthetic_customer_010,cabinet_010,2026-09-03 18:40:00+00:00,69.77824252332641,30.253423489429217,1.6941516958054241,6.382319700666775,75.84108886307573,0.035577330322993615,good,synthetic_device_spec_v11
synthetic_customer_010,cabinet_010,2026-09-03 18:50:00+00:00,69.4503381135592,30.62732570670353,1.7121391591738642,6.370098677217149,73.815204348518,0.0,good,synthetic_device_spec_v11
synthetic_customer_010,cabinet_010,2026-09-03 19:00:00+00:00,69.22285055862976,30.716309072283927,1.7100834791737423,6.373271573376754,74.21293288674775,0.0,good,synthetic_device_spec_v11
synthetic_customer_010,cabinet_010,2026-09-03 19:10:00+00:00,68.9914241542342,30.89290744104605,1.7255818565210845,6.358565923069281,73.09410283784246,0.0,good,synthetic_device_spec_v11
synthetic_customer_010,cabinet_010,2026-09-03 19:20:00+00:00,68.6452297037254,31.013576430557904,1.7193566923095926,6.3537443005055305,75.49935243588128,0.0,good,synthetic_device_spec_v11
synthetic_customer_010,cabinet_010,2026-09-03 19:30:00+00:00,68.34905907764954,31.156697670733852,1.7302602917312215,6.352943853230614,73.6252505989673,0.020062227209381618,good,synthetic_device_spec_v11
synthetic_customer_010,cabinet_010,2026-09-03 19:40:00+00:00,68.14707173080373,31.239142323912887,1.7431477088946747,6.346027345248955,72.81985551925672,0.0368740604959205,good,synthetic_device_spec_v11
synthetic_customer_010,cabinet_010,2026-09-03 19:50:00+00:00,67.87059490254485,31.357746898748307,1.7541804871982243,6.337951615470716,71.96840315120993,0.0,good,synthetic_device_spec_v11
synthetic_customer_010,cabinet_010,2026-09-03 20:00:00+00:00,67.7741306588333,31.560440712306107,1.7610101967519847,6.334107700383096,72.0731331796793,0.0,good,synthetic_device_spec_v11
synthetic_customer_010,cabinet_010,2026-09-03 20:10:00+00:00,67.05179164293612,31.54682017682845,1.7597321346527555,6.334446016022468,72.42582421354159,0.0,good,synthetic_device_spec_v11
synthetic_customer_010,cabinet_010,2026-09-03 20:20:00+00:00,66.6811518599473,31.71654850382466,1.7696064776657625,6.324505191485016,71.78078248530059,0.09479026757391011,good,synthetic_device_spec_v11
synthetic_customer_010,cabinet_010,2026-09-03 20:30:00+00:00,66.50104158834831,31.732654997329963,1.7733242923821775,6.319040428159122,70.93915935709583,0.11742715772573072,good,synthetic_device_spec_v11
synthetic_customer_010,cabinet_010,2026-09-03 20:40:00+00:00,66.10969339903396,31.746890247015134,1.788643525086715,6.315232901639408,74.31097227064012,0.0,good,synthetic_device_spec_v11
synthetic_customer_010,cabinet_010,2026-09-03 20:50:00+00:00,65.62733340939585,31.844291333442577,1.7885004027342915,6.310492382577149,73.81199398491898,0.10474082217458289,good,synthetic_device_spec_v11
synthetic_customer_010,cabinet_010,2026-09-03 21:00:00+00:00,65.44868572093948,31.759543418471246,1.7935194473825837,6.304409167843359,71.66486274469617,0.0,good,synthetic_device_spec_v11
synthetic_customer_010,cabinet_010,2026-09-03 21:10:00+00:00,65.1632974516599,31.880179038053306,1.8050721692738858,6.288257258459679,71.05430761859469,0.0,good,synthetic_device_spec_v11
synthetic_customer_010,cabinet_010,2026-09-03 21:20:00+00:00,64.45715197551895,31.941444835038055,1.8057546938201547,6.286608186148486,73.0166824775732,0.0,good,synthetic_device_spec_v11
synthetic_customer_010,cabinet_010,2026-09-03 21:30:00+00:00,64.49422762466448,31.961697624052977,1.8121509237145768,6.287371913203029,71.72255581565382,0.12786881460607957,good,synthetic_device_spec_v11
synthetic_customer_010,cabinet_010,2026-09-03 21:40:00+00:00,63.89781659035489,32.204760957732056,1.825532298894462,6.27861469234744,71.39019780992453,0.0,good,synthetic_device_spec_v11
synthetic_customer_010,cabinet_010,2026-09-03 21:50:00+00:00,63.655806491421,31.909604976039567,1.8313246495185076,6.268615154233643,70.42726269458338,0.01606611050171432,good,synthetic_device_spec_v11
synthetic_customer_010,cabinet_010,2026-09-03 22:00:00+00:00,63.23055775359644,32.01232083398794,1.8347506695177545,6.267345515673656,73.57255660332723,0.0,good,synthetic_device_spec_v11
synthetic_customer_010,cabinet_010,2026-09-03 22:10:00+00:00,62.95206490752132,32.047023455785684,1.8457899947747343,6.25779589804246,70.1736716984615,0.0,good,synthetic_device_spec_v11
synthetic_customer_010,cabinet_010,2026-09-03 22:20:00+00:00,62.41993811852039,32.025727621039216,1.8564529208388247,6.250964496319115,72.93127262695303,0.09075961151987315,good,synthetic_device_spec_v11
synthetic_customer_010,cabinet_010,2026-09-03 22:30:00+00:00,62.180415612141125,32.07937918065563,1.8545935508812388,6.2502098852514845,70.00844518822315,0.018077945178513962,good,synthetic_device_spec_v11
synthetic_customer_010,cabinet_010,2026-09-03 22:40:00+00:00,61.93010967294451,31.949979699727603,1.868419234516932,6.238818476283662,72.75223400743388,0.0,good,synthetic_device_spec_v11
synthetic_customer_010,cabinet_010,2026-09-03 22:50:00+00:00,61.96190111608135,31.8318629312135,1.875893529010523,6.237367404029199,70.98606903271688,0.05220807958563066,good,synthetic_device_spec_v11
synthetic_customer_010,cabinet_010,2026-09-03 23:00:00+00:00,61.1440499226773,31.91174985121043,1.8821790022949199,6.237319993093721,72.59533562341414,0.0,good,synthetic_device_spec_v11
synthetic_customer_010,cabinet_010,2026-09-03 23:10:00+00:00,60.87325603057478,31.920449974732126,1.884383832227827,6.236622857786055,71.51383522359636,0.03854598999077397,good,synthetic_device_spec_v11
synthetic_customer_010,cabinet_010,2026-09-03 23:20:00+00:00,60.71330963403601,31.699456419463846,1.8936598501104511,6.225773722398757,73.4613137164474,2.5561979295609434,good,synthetic_device_spec_v11
synthetic_customer_010,cabinet_010,2026-09-03 23:30:00+00:00,60.28464496699386,31.554713263690328,1.899012270721361,6.216832070241207,73.41302125406087,2.5790204599366526,good,synthetic_device_spec_v11
synthetic_customer_010,cabinet_010,2026-09-03 23:40:00+00:00,60.1541583626337,31.47880317056175,1.8980309418749455,6.212155298234051,72.82863014095174,2.6530885038412513,good,synthetic_device_spec_v11
synthetic_customer_010,cabinet_010,2026-09-03 23:50:00+00:00,59.741632835967735,31.24521756349136,1.9090278934198035,6.205105520953633,73.795814693472,2.37100618116548,good,synthetic_device_spec_v11
synthetic_customer_010,cabinet_010,2026-09-04 00:00:00+00:00,59.123846469365546,31.23862579683746,1.9109253741348489,6.205286309165944,73.93841204881231,2.5090361424754466,good,synthetic_device_spec_v11
synthetic_customer_010,cabinet_010,2026-09-04 00:10:00+00:00,59.14325046647889,31.001343970037993,1.913336132445984,6.2008277191026275,72.11321462935355,14.492849883588818,good,synthetic_device_spec_v11
synthetic_customer_010,cabinet_010,2026-09-04 00:20:00+00:00,58.92392553080366,30.921967339062178,1.9240172233798916,6.191668940905012,72.60579035241528,14.590680463136152,good,synthetic_device_spec_v11
synthetic_customer_010,cabinet_010,2026-09-04 00:30:00+00:00,58.655520790477446,31.02872096729885,1.936237323902564,6.184348079187756,74.06879411035236,14.574661014560053,good,synthetic_device_spec_v11
synthetic_customer_010,cabinet_010,2026-09-04 00:40:00+00:00,58.42573753043228,30.698480826015956,1.9307198102989933,6.187944859720655,76.34497992815119,0.0,good,synthetic_device_spec_v11
synthetic_customer_010,cabinet_010,2026-09-04 00:50:00+00:00,58.087506900241905,30.61976035631666,1.940588295664018,6.176055607775736,74.80864340643465,0.0,good,synthetic_device_spec_v11
synthetic_customer_010,cabinet_010,2026-09-04 01:00:00+00:00,58.10804107396023,30.29830589504631,1.9436449756497376,6.172036451608313,74.43942290012528,0.02030105460170771,good,synthetic_device_spec_v11
synthetic_customer_010,cabinet_010,2026-09-04 01:10:00+00:00,57.82687847305949,30.16927068110126,1.956610528989979,6.169840013700693,75.91389866297997,0.0,good,synthetic_device_spec_v11
synthetic_customer_010,cabinet_010,2026-09-04 01:20:00+00:00,57.57630206633706,30.05728290749147,1.9604587527783894,6.165902072381904,75.50253976509632,0.0,good,synthetic_device_spec_v11
synthetic_customer_010,cabinet_010,2026-09-04 01:30:00+00:00,57.402472220262595,29.700248088603797,1.9580924553659778,6.161394648974013,75.1750426184026,0.0,good,synthetic_device_spec_v11
synthetic_customer_010,cabinet_010,2026-09-04 01:40:00+00:00,57.193482774585256,29.62712155484639,1.9737773532534892,6.151864533985944,76.46967890155096,0.0,good,synthetic_device_spec_v11
synthetic_customer_010,cabinet_010,2026-09-04 01:50:00+00:00,57.13321184565707,29.42842882147966,1.9690423159089996,6.153058354527846,75.38404808881933,0.0,good,synthetic_device_spec_v11
synthetic_customer_010,cabinet_010,2026-09-04 02:00:00+00:00,56.80364058149756,29.261473752982425,1.9706961772880622,6.15136061170496,76.36803068663369,0.0,good,synthetic_device_spec_v11
synthetic_customer_010,cabinet_010,2026-09-04 02:10:00+00:00,57.01887334945555,29.231248294301253,1.9835233562677932,6.1457323493475,74.3235892632342,0.0,good,synthetic_device_spec_v11
synthetic_customer_010,cabinet_010,2026-09-04 02:20:00+00:00,56.897591294315674,28.76733984307468,1.9812216118809272,6.139133087048443,77.6546704126499,0.0,good,synthetic_device_spec_v11
synthetic_customer_010,cabinet_010,2026-09-04 02:30:00+00:00,56.51410704996742,28.69437092851884,1.9892596255072925,6.144313963669767,75.42354334383528,0.007331247682261291,good,synthetic_device_spec_v11
synthetic_customer_010,cabinet_010,2026-09-04 02:40:00+00:00,56.313131485943615,28.283004415767312,1.9913599698627824,6.1325416810633415,78.06657821827858,0.0419867579664124,good,synthetic_device_spec_v11
synthetic_customer_010,cabinet_010,2026-09-04 02:50:00+00:00,56.46624980998478,28.02716089486294,2.001528637655853,6.1341213790520674,76.94008996474894,0.006297472811394106,good,synthetic_device_spec_v11
synthetic_customer_010,cabinet_010,2026-09-04 03:00:00+00:00,56.53662175631356,27.952638168713925,1.997038347432531,6.125386949041909,76.62207137969345,0.0,good,synthetic_device_spec_v11
synthetic_customer_010,cabinet_010,2026-09-04 03:10:00+00:00,56.3652026032119,27.692854883121555,2.0099818110162158,6.124588870072442,78.05013901298332,0.011164762171631063,good,synthetic_device_spec_v11
synthetic_customer_010,cabinet_010,2026-09-04 03:20:00+00:00,56.44399742577516,27.62081237633107,2.0029418115345705,6.127307917378886,76.4610109643887,0.05331865584985497,good,synthetic_device_spec_v11
synthetic_customer_010,cabinet_010,2026-09-04 03:30:00+00:00,56.365550048115935,27.316545701718827,2.0119067381317235,6.11964837262339,78.62772398185963,0.14442505143246057,good,synthetic_device_spec_v11
synthetic_customer_010,cabinet_010,2026-09-04 03:40:00+00:00,56.269401347352975,27.22683734066605,2.020188209761097,6.116302052030723,77.56106941741687,0.03793033612137123,good,synthetic_device_spec_v11
synthetic_customer_010,cabinet_010,2026-09-04 03:50:00+00:00,56.29673393408999,27.001906638030643,2.017660760249966,6.1118401834836975,78.14971140764911,0.0,good,synthetic_device_spec_v11
synthetic_customer_010,cabinet_010,2026-09-04 04:00:00+00:00,56.247576461344615,26.688954235903847,2.0239465352331654,6.108819514948406,78.87465857155266,0.10320774584268781,good,synthetic_device_spec_v11
synthetic_customer_010,cabinet_010,2026-09-04 04:10:00+00:00,56.36716439965825,26.456471476810286,2.028145316470576,6.1035335262568,77.95451035954412,0.10327457808579146,good,synthetic_device_spec_v11
synthetic_customer_010,cabinet_010,2026-09-04 04:20:00+00:00,56.5494580311042,26.367432085949837,2.020050402533131,6.113314042571923,78.43190207328436,0.0,good,synthetic_device_spec_v11
synthetic_customer_010,cabinet_010,2026-09-04 04:30:00+00:00,56.69899914811241,26.04480670016625,2.025593404094935,6.1032801776617704,78.38994785672892,0.0,good,synthetic_device_spec_v11
synthetic_customer_010,cabinet_010,2026-09-04 04:40:00+00:00,56.83530095710997,25.841533641657357,2.028432681013262,6.102243909525935,80.84473122418832,0.014096828182340562,good,synthetic_device_spec_v11
synthetic_customer_010,cabinet_010,2026-09-04 04:50:00+00:00,56.94535214773975,25.716398768649242,2.0362176996838373,6.1040067187441185,81.22302728741322,0.0,good,synthetic_device_spec_v11
synthetic_customer_010,cabinet_010,2026-09-04 05:00:00+00:00,56.914081230712135,25.422933146309223,2.0234986761364024,6.09788296861862,80.80305670490492,0.029207972729071198,good,synthetic_device_spec_v11
synthetic_customer_010,cabinet_010,2026-09-04 05:10:00+00:00,57.180969502792266,25.13278021547829,2.0280229666986256,6.089382002148965,81.3689038677033,0.0,good,synthetic_device_spec_v11
synthetic_customer_010,cabinet_010,2026-09-04 05:20:00+00:00,57.19031526483242,24.938434958377595,2.0236787919967627,6.091232986067313,82.38856861797666,0.0,good,synthetic_device_spec_v11
synthetic_customer_010,cabinet_010,2026-09-04 05:30:00+00:00,57.44958394219355,24.757385004348116,2.031952736454035,6.094650832400657,80.57574771437297,0.0,good,synthetic_device_spec_v11
synthetic_customer_010,cabinet_010,2026-09-04 05:40:00+00:00,57.738625468804074,24.572990762230354,2.024228696633302,6.094118037249741,80.7008955850845,0.0,bad,synthetic_device_spec_v11
synthetic_customer_010,cabinet_010,2026-09-04 05:50:00+00:00,57.80883545088682,24.41026285572952,2.0342647032139856,6.086884747762439,82.05806644566462,0.16681975135631738,bad,synthetic_device_spec_v11
synthetic_customer_010,cabinet_010,2026-09-04 06:00:00+00:00,58.20068333526889,24.27926007207318,2.040146062648632,6.091692414158756,84.05861875095212,0.0,bad,synthetic_device_spec_v11
synthetic_customer_010,cabinet_010,2026-09-04 06:10:00+00:00,58.43889399367686,23.981989239026383,2.0330371100293183,6.094836569567434,81.20943424224953,0.0,bad,synthetic_device_spec_v11
synthetic_customer_010,cabinet_010,2026-09-04 06:20:00+00:00,58.32231870248105,23.840893471703396,2.025536517264208,6.08602784303753,82.74597124862463,0.04703440838567527,good,synthetic_device_spec_v11
synthetic_customer_010,cabinet_010,2026-09-04 06:30:00+00:00,58.892767969549304,23.69516190580674,2.029188814766784,6.091200287688632,82.72690707179368,0.0,good,synthetic_device_spec_v11
synthetic_customer_010,cabinet_010,2026-09-04 06:40:00+00:00,59.221260440843494,23.57614851915227,2.026447827798017,6.083365287958803,82.8512111942013,0.0,good,synthetic_device_spec_v11
synthetic_customer_010,cabinet_010,2026-09-04 06:50:00+00:00,59.43974360350752,23.575611873894186,2.022508867919063,6.085155603237804,85.04366174143561,0.0,good,synthetic_device_spec_v11
synthetic_customer_010,cabinet_010,2026-09-04 07:00:00+00:00,59.65240001104051,23.25141305237708,2.016810028243187,6.087699593948022,83.56252305466913,0.0,good,synthetic_device_spec_v11
synthetic_customer_010,cabinet_010,2026-09-04 07:10:00+00:00,59.8384949045887,22.98016503941407,2.0186164171455885,6.093274362647519,83.4656678870154,0.0,good,synthetic_device_spec_v11
synthetic_customer_010,cabinet_010,2026-09-04 07:20:00+00:00,60.372092236314955,23.033133833597372,2.0243151500562258,6.078541562396207,84.95259836991268,0.0,good,synthetic_device_spec_v11
synthetic_customer_010,cabinet_010,2026-09-04 07:30:00+00:00,60.5217247211299,22.834147619548876,2.023615500754652,6.087304770086318,82.29628134245907,0.03726729291597255,good,synthetic_device_spec_v11
synthetic_customer_010,cabinet_010,2026-09-04 08:30:00+00:00,62.53344631898519,22.244222000071865,1.9994393219928353,6.093693011064093,85.09581605465502,0.13260901217151078,good,synthetic_device_spec_v11
synthetic_customer_010,cabinet_010,2026-09-04 08:40:00+00:00,62.787583433830605,22.078477189323916,1.9935612860671044,6.084569379776946,85.93401591370824,0.03591086196369412,good,synthetic_device_spec_v11
synthetic_customer_010,cabinet_010,2026-09-04 10:00:00+00:00,65.65134149716934,21.84011513610322,1.957999274271966,6.096168789792023,85.11525023113265,0.11495522651146134,good,synthetic_device_spec_v11
synthetic_customer_010,cabinet_010,2026-09-04 10:10:00+00:00,66.11863420966387,21.811870176915615,1.9592635466585115,6.102151919085814,85.24359383916527,0.0,good,synthetic_device_spec_v11
synthetic_customer_010,cabinet_010,2026-09-04 10:20:00+00:00,66.52809482399294,21.75065960857716,1.9526609506124102,6.106116848939122,85.32221542701963,0.0,good,synthetic_device_spec_v11
synthetic_customer_010,cabinet_010,2026-09-04 10:30:00+00:00,66.76491253783898,21.778226331591956,1.9450443674773992,6.107752630716239,86.42504604339179,0.0,good,synthetic_device_spec_v11
synthetic_customer_010,cabinet_010,2026-09-04 10:40:00+00:00,66.93562771942523,21.96216268139083,1.9439719391654133,6.11102600312391,83.78853461163453,0.0,good,synthetic_device_spec_v11
synthetic_customer_010,cabinet_010,2026-09-04 10:50:00+00:00,67.66558580533425,22.08923421598538,1.9346124636681818,6.117970705183712,84.95684231061202,0.060444318225883274,good,synthetic_device_spec_v11
synthetic_customer_010,cabinet_010,2026-09-04 11:00:00+00:00,67.77894223092106,21.904108341697935,1.9319307307093647,6.115145573006743,84.96854029154362,0.05414970323621329,good,synthetic_device_spec_v11
synthetic_customer_010,cabinet_010,2026-09-04 11:10:00+00:00,68.01797290241079,22.09355851873545,1.932282051778222,6.117795815999922,86.30250524679683,0.0,good,synthetic_device_spec_v11
synthetic_customer_010,cabinet_010,2026-09-04 11:20:00+00:00,68.27096755488243,22.10436695442507,1.9185833386470938,6.120405642996306,83.41228372277119,0.0,good,synthetic_device_spec_v11
synthetic_customer_010,cabinet_010,2026-09-04 11:30:00+00:00,68.59679447624437,22.163831416830945,1.915360550860141,6.127860453816468,85.05505893553017,0.0,good,synthetic_device_spec_v11
synthetic_customer_010,cabinet_010,2026-09-04 11:40:00+00:00,68.72961429663225,22.24846566164408,1.9077706256269702,6.131104855757903,85.6297896680271,0.0,good,synthetic_device_spec_v11
synthetic_customer_010,cabinet_010,2026-09-04 11:50:00+00:00,69.44147701350175,22.398966647021975,1.9040576578439505,6.132286684584039,84.69130304963998,0.0026971387154703748,good,synthetic_device_spec_v11
synthetic_customer_010,cabinet_010,2026-09-04 12:00:00+00:00,69.57038188183824,22.48507883563169,1.8886492159751098,6.135264519575694,84.50576463021186,0.0,good,synthetic_device_spec_v11
synthetic_customer_010,cabinet_010,2026-09-04 12:10:00+00:00,69.58397251910475,22.683943571578208,1.8880450070934378,6.139344839572809,83.77399631057663,11.962263502729005,good,synthetic_device_spec_v11
synthetic_customer_010,cabinet_010,2026-09-04 12:20:00+00:00,70.13702029182525,22.650086764773633,1.8870288676708038,6.143156713065729,84.60173505602134,11.946035285778615,good,synthetic_device_spec_v11
synthetic_customer_010,cabinet_010,2026-09-04 12:30:00+00:00,70.05594452881442,22.86259123490837,1.8780646546767152,6.150847344592503,84.55287582192598,11.949810715778666,good,synthetic_device_spec_v11
synthetic_customer_010,cabinet_010,2026-09-04 12:40:00+00:00,70.44764758485302,22.949778434813844,1.8714091532355333,6.147050972315431,83.25649181684277,0.23452241911168917,good,synthetic_device_spec_v11
synthetic_customer_010,cabinet_010,2026-09-04 12:50:00+00:00,70.66761242316869,23.19435726456367,1.862861245800332,6.1542872387520955,81.93800595702457,0.0,good,synthetic_device_spec_v11
synthetic_customer_010,cabinet_010,2026-09-04 13:00:00+00:00,70.8835689694223,23.425658027685998,1.8628875610571543,6.163002069518194,83.62156875518167,0.09901548910614723,good,synthetic_device_spec_v11
synthetic_customer_010,cabinet_010,2026-09-04 13:10:00+00:00,71.21420876070596,23.546937439468113,1.8486210667897125,6.15838694575573,84.66434706769239,0.05324231196627792,good,synthetic_device_spec_v11
synthetic_customer_010,cabinet_010,2026-09-04 13:20:00+00:00,71.36468025644922,23.726164750383983,1.8426300164992873,6.165543905352645,83.99110860576528,0.0,good,synthetic_device_spec_v11
synthetic_customer_010,cabinet_010,2026-09-04 13:30:00+00:00,71.45720400354537,23.79984894332589,1.839822478776822,6.1670506363531805,83.2132295066503,0.11863724152129278,good,synthetic_device_spec_v11
synthetic_customer_010,cabinet_010,2026-09-04 13:40:00+00:00,71.43853015739133,23.993060741817857,1.832174059727193,6.180621648167266,82.75919076624153,0.0,good,synthetic_device_spec_v11
synthetic_customer_010,cabinet_010,2026-09-04 13:50:00+00:00,71.59004100503196,24.228503425561268,1.8261745385870627,6.173097179020934,81.6513390029258,0.0995014251713646,good,synthetic_device_spec_v11
synthetic_customer_010,cabinet_010,2026-09-04 14:00:00+00:00,71.84125214745053,24.6575344752371,1.8163854596129252,6.183296673458243,82.41699717695548,0.01797157062063158,good,synthetic_device_spec_v11
synthetic_customer_010,cabinet_010,2026-09-04 14:10:00+00:00,71.84101145879515,24.657966648170262,1.8149789952339954,6.185404652469514,81.8189186908564,0.0,good,synthetic_device_spec_v11
synthetic_customer_010,cabinet_010,2026-09-04 14:20:00+00:00,71.87328671919397,24.936387373680834,1.8014437071566538,6.193791888653449,82.4666843299167,0.0,good,synthetic_device_spec_v11
synthetic_customer_010,cabinet_010,2026-09-04 14:30:00+00:00,71.99167471717716,24.85286722455526,1.7990169391076298,6.193100141862937,82.20533460697256,0.0,good,synthetic_device_spec_v11
synthetic_customer_010,cabinet_010,2026-09-04 14:40:00+00:00,72.20957331680522,25.094959661218418,1.7889631662839478,6.203848883180755,80.98478086648807,0.08539429065639473,good,synthetic_device_spec_v11
synthetic_customer_010,cabinet_010,2026-09-04 14:50:00+00:00,72.23015608535867,25.44047289224355,1.773322108172643,6.1983249856124445,79.31262699855667,0.07183437259380406,good,synthetic_device_spec_v11
synthetic_customer_010,cabinet_010,2026-09-04 15:00:00+00:00,72.39021807773494,25.465853744440405,1.778172082517736,6.215098365674294,79.5647061679454,0.0,good,synthetic_device_spec_v11
synthetic_customer_010,cabinet_010,2026-09-04 15:10:00+00:00,72.3681453735796,25.724584936987288,1.765859574777352,6.210132992550853,81.30098759653507,0.0,good,synthetic_device_spec_v11
synthetic_customer_010,cabinet_010,2026-09-04 15:20:00+00:00,72.38638117170433,26.107721739891485,1.76084998306675,6.218970326155283,80.0049042286238,0.001633073019699136,good,synthetic_device_spec_v11
synthetic_customer_010,cabinet_010,2026-09-04 15:30:00+00:00,72.21178859820665,25.96462498388767,1.7572054236463437,6.221392035026343,78.4537916036205,0.0,good,synthetic_device_spec_v11
synthetic_customer_010,cabinet_010,2026-09-04 15:40:00+00:00,72.25533022194459,26.306432288436586,1.748772557343992,6.224317333753573,78.28926811659449,0.0,good,synthetic_device_spec_v11
synthetic_customer_010,cabinet_010,2026-09-04 15:50:00+00:00,72.3500275533774,26.629099353611966,1.7420965992754158,6.236051215035878,79.58563617510337,0.0,good,synthetic_device_spec_v11
synthetic_customer_010,cabinet_010,2026-09-04 16:00:00+00:00,72.27394409520886,26.883093942810838,1.7307366861897915,6.2401125355867935,79.60376808598016,0.050195925603210546,good,synthetic_device_spec_v11
synthetic_customer_010,cabinet_010,2026-09-04 16:10:00+00:00,72.58633487528365,27.038429053706462,1.721307809548624,6.243338414646877,79.15121006483884,0.0,good,synthetic_device_spec_v11
synthetic_customer_010,cabinet_010,2026-09-04 16:20:00+00:00,72.25317194414752,27.336057705562816,1.7239411703695275,6.253008819932657,77.53261992475028,0.0488007426092602,good,synthetic_device_spec_v11
synthetic_customer_010,cabinet_010,2026-09-04 16:30:00+00:00,72.21551013179474,27.637659001310812,1.7151445180805314,6.258413108731917,76.6822265413015,0.0,good,synthetic_device_spec_v11
synthetic_customer_010,cabinet_010,2026-09-04 16:40:00+00:00,71.93209757331256,27.827376105859702,1.7060160154710342,6.260784960632922,78.99237817681933,0.004607024059826588,good,synthetic_device_spec_v11
synthetic_customer_010,cabinet_010,2026-09-04 16:50:00+00:00,72.17381425131592,27.916374773500685,1.6949903641898234,6.263889180529926,77.62815438488818,0.022522580563269178,good,synthetic_device_spec_v11
synthetic_customer_010,cabinet_010,2026-09-04 17:00:00+00:00,71.92828957068616,28.17444266540579,1.6958509366605656,6.27446700717723,79.188733620428,0.0,good,synthetic_device_spec_v11
synthetic_customer_010,cabinet_010,2026-09-04 17:10:00+00:00,71.64039301268046,28.546024357036277,1.680816874414985,6.2804166372462,77.53939127978428,0.0,good,synthetic_device_spec_v11
synthetic_customer_010,cabinet_010,2026-09-04 17:20:00+00:00,71.58493160043642,28.551315265956077,1.675835942129003,6.286243074597893,77.08352269587476,0.18745972516922507,good,synthetic_device_spec_v11
synthetic_customer_010,cabinet_010,2026-09-04 17:30:00+00:00,71.3022570448646,28.91501533919072,1.6756268719168481,6.290216658699524,80.0861872930851,0.003958046508007789,good,synthetic_device_spec_v11
synthetic_customer_010,cabinet_010,2026-09-04 17:40:00+00:00,71.0845924398572,29.04117058983396,,6.293007900661232,77.47230422556973,0.0,good,synthetic_device_spec_v11
synthetic_customer_010,cabinet_010,2026-09-04 17:50:00+00:00,70.76603520658563,29.13923543199105,1.6617150311111066,6.310820382559781,75.14341759424988,0.0,good,synthetic_device_spec_v11
synthetic_customer_010,cabinet_010,2026-09-04 18:00:00+00:00,70.69402813266043,29.261850713052986,1.653626763485522,6.3070237215360025,77.10952528660718,0.0008298042436252366,good,synthetic_device_spec_v11
synthetic_customer_010,cabinet_010,2026-09-04 18:10:00+00:00,70.43371709592631,29.42042705722385,1.6518513537170554,6.311224472356937,76.92763022589088,11.933735443262051,good,synthetic_device_spec_v11
synthetic_customer_010,cabinet_010,2026-09-04 18:20:00+00:00,70.3684086956535,29.841554731794666,1.6426438330735915,6.327019566707966,76.89419693682511,12.091750192137173,good,synthetic_device_spec_v11
synthetic_customer_010,cabinet_010,2026-09-04 18:30:00+00:00,69.99211683001992,29.868443160186537,1.6413822710509531,6.323231187774666,73.98693904734873,11.996081334449284,good,synthetic_device_spec_v11
synthetic_customer_010,cabinet_010,2026-09-04 18:40:00+00:00,69.76689054176852,29.939163238583536,1.6257388440194114,6.3416757207100005,77.08523910581155,0.09232207731927314,good,synthetic_device_spec_v11
synthetic_customer_010,cabinet_010,2026-09-04 18:50:00+00:00,69.35947374097412,30.107850818231917,1.6333566988641526,6.33226260543837,74.44346778323222,0.0,good,synthetic_device_spec_v11
synthetic_customer_010,cabinet_010,2026-09-04 19:00:00+00:00,69.12222903817279,30.415818478318688,1.6173343458353062,6.351576829811736,75.38380684879593,0.0,good,synthetic_device_spec_v11
synthetic_customer_010,cabinet_010,2026-09-04 19:10:00+00:00,69.01540767509346,30.581306939975107,1.6170845836515284,6.355372974485356,73.35639473841138,0.079177632280577,good,synthetic_device_spec_v11
synthetic_customer_010,cabinet_010,2026-09-04 19:20:00+00:00,68.60325874241428,30.72505510623867,1.6031573897697695,6.363216224176988,74.96030350437837,0.0,good,synthetic_device_spec_v11
synthetic_customer_010,cabinet_010,2026-09-04 19:30:00+00:00,68.16467703116066,30.748108028699658,1.6131893942957654,6.376756625209768,73.85564402058395,0.0,good,synthetic_device_spec_v11
synthetic_customer_010,cabinet_010,2026-09-04 19:40:00+00:00,68.01611985658356,30.98622776424243,1.5967295904028267,6.369385552748155,73.29798542902022,0.0,good,synthetic_device_spec_v11
synthetic_customer_010,cabinet_010,2026-09-04 19:50:00+00:00,67.66609819947654,31.100572656493817,1.5913118276258662,6.381798435808893,74.15815062229181,0.033340713031185056,good,synthetic_device_spec_v11
synthetic_customer_010,cabinet_010,2026-09-04 20:00:00+00:00,67.43259140381741,31.101698619513467,1.5895467282998754,6.382167391049314,72.35951702927021,0.0,good,synthetic_device_spec_v11
synthetic_customer_010,cabinet_010,2026-09-04 20:10:00+00:00,67.09647144922182,31.368557191722687,,6.394575530718473,71.6766487566326,0.0,good,synthetic_device_spec_v11
synthetic_customer_010,cabinet_010,2026-09-04 20:20:00+00:00,66.9686859387426,31.439733401101012,1.5794669614246157,6.390034874174607,73.93834894835793,0.0,good,synthetic_device_spec_v11
synthetic_customer_010,cabinet_010,2026-09-04 20:30:00+00:00,66.3884429274317,31.559593698318103,1.5700104154978596,6.399744519256486,72.57435329272403,0.0,good,synthetic_device_spec_v11
synthetic_customer_010,cabinet_010,2026-09-04 20:40:00+00:00,66.00292260440963,31.42617253975276,1.5697874273073655,6.413827564010508,73.65028749500445,0.0,good,synthetic_device_spec_v11
synthetic_customer_010,cabinet_010,2026-09-04 20:50:00+00:00,65.87044573616909,31.62760742077034,1.5707540847863,6.413110557728826,73.3828954894984,0.1500338905380124,good,synthetic_device_spec_v11
synthetic_customer_010,cabinet_010,2026-09-04 21:00:00+00:00,65.567034649579,31.642038654273133,1.5644707010460117,6.424732881989755,72.72640553771886,0.10960040908263041,good,synthetic_device_spec_v11
synthetic_customer_010,cabinet_010,2026-09-04 21:10:00+00:00,64.94633409864865,31.47314786957582,1.5706353384631688,6.429137532705366,73.29681068226803,0.0,good,synthetic_device_spec_v11
synthetic_customer_010,cabinet_010,2026-09-04 21:20:00+00:00,64.70527937375567,31.782644514762456,1.5579398605372572,6.435987205086251,73.86252602704795,0.11935659888245934,good,synthetic_device_spec_v11
synthetic_customer_010,cabinet_010,2026-09-04 21:30:00+00:00,64.5223751490776,31.72922291830461,1.5575655530821435,6.436536770707126,73.58183323520933,0.058666917199571234,good,synthetic_device_spec_v11
synthetic_customer_010,cabinet_010,2026-09-04 21:40:00+00:00,64.07474043526042,31.611173458428425,1.5489086257893416,6.437708938710061,73.03099460262953,0.0,good,synthetic_device_spec_v11
synthetic_customer_010,cabinet_010,2026-09-04 21:50:00+00:00,63.75656696069633,31.583532952061237,1.55587168369161,6.447870583141495,73.69802551734453,0.09618044219240236,good,synthetic_device_spec_v11
synthetic_customer_010,cabinet_010,2026-09-04 22:00:00+00:00,63.28925362287049,31.70146850514438,1.5534390350641347,6.454890731544698,73.48099211760592,0.0,good,synthetic_device_spec_v11
synthetic_customer_010,cabinet_010,2026-09-04 22:10:00+00:00,63.20955722859658,31.660216118623858,1.5448958036120284,6.45814715487594,73.68300900481447,0.0,good,synthetic_device_spec_v11
synthetic_customer_010,cabinet_010,2026-09-04 22:20:00+00:00,62.62858658114751,31.686210518808668,1.544350666844247,6.468141563405722,74.0317144583483,0.0,good,synthetic_device_spec_v11
synthetic_customer_010,cabinet_010,2026-09-04 22:30:00+00:00,62.49510664814682,31.626950317276904,,6.468151703830601,74.75342753698092,0.0,good,synthetic_device_spec_v11
synthetic_customer_010,cabinet_010,2026-09-04 22:40:00+00:00,62.02339785965467,31.688458259802673,1.5395149430937818,6.4763513920242115,71.2787499363281,0.0792091564220424,good,synthetic_device_spec_v11
synthetic_customer_010,cabinet_010,2026-09-04 22:50:00+00:00,61.7342524671839,31.41599294865797,1.540742075048796,6.484355712584273,73.7697089247263,0.0,good,synthetic_device_spec_v11
synthetic_customer_010,cabinet_010,2026-09-04 23:00:00+00:00,61.49131563833251,31.369549349562778,1.5401422852123938,6.487039069153949,72.69437066435924,0.1519333143105082,good,synthetic_device_spec_v11
synthetic_customer_010,cabinet_010,2026-09-04 23:10:00+00:00,61.251615735335854,31.51288705051555,1.5394422020707708,6.49417056162628,72.74479864972741,0.0,good,synthetic_device_spec_v11
synthetic_customer_010,cabinet_010,2026-09-04 23:20:00+00:00,60.72362114474265,31.484107114603514,1.5353300494538236,6.499119042163942,74.13670169757961,0.0,good,synthetic_device_spec_v11
synthetic_customer_010,cabinet_010,2026-09-04 23:30:00+00:00,60.40493098899094,31.306156359976768,1.5346836157881136,6.505440192440849,72.30678130007763,0.06300478976857499,good,synthetic_device_spec_v11
synthetic_customer_010,cabinet_010,2026-09-04 23:40:00+00:00,60.22967541825398,31.24842640980323,1.5421517808548584,6.505200322864641,73.32155684336236,0.06888470012129079,good,synthetic_device_spec_v11
synthetic_customer_010,cabinet_010,2026-09-04 23:50:00+00:00,60.038169042145256,31.09853355346175,1.543881560136846,6.505154717233077,71.57927834903363,0.0782190527490311,good,synthetic_device_spec_v11
synthetic_customer_010,cabinet_010,2026-09-05 00:00:00+00:00,59.69095220863193,31.13213348693854,1.536594317624393,6.512651579255741,74.283089199501,0.0,good,synthetic_device_spec_v11
synthetic_customer_010,cabinet_010,2026-09-05 00:10:00+00:00,59.29450429601741,30.796497414303595,1.5377529147736912,6.515286175942119,75.12138464002538,12.017198091746925,good,synthetic_device_spec_v11
synthetic_customer_010,cabinet_010,2026-09-05 00:20:00+00:00,59.085951470059165,30.749728343683344,1.539600801228943,6.525503498287096,73.5535274043515,12.21499664359364,good,synthetic_device_spec_v11
synthetic_customer_010,cabinet_010,2026-09-05 00:30:00+00:00,58.7056601032533,30.62598356593929,1.5411127744725208,6.532651479498392,73.76209697353512,12.035939119056371,good,synthetic_device_spec_v11
synthetic_customer_010,cabinet_010,2026-09-05 00:40:00+00:00,58.53031610135775,30.470924194876908,1.5370696359061602,6.536596893607348,73.73953905170022,0.059645142902443826,good,synthetic_device_spec_v11
synthetic_customer_010,cabinet_010,2026-09-05 00:50:00+00:00,58.50554950639838,30.341425190819535,1.53405929604786,6.538947581002413,73.55757605101931,0.0,good,synthetic_device_spec_v11
synthetic_customer_010,cabinet_010,2026-09-05 01:00:00+00:00,58.29607252568162,30.223482054236985,1.5419996715708093,6.545319015370944,72.85247872781017,0.0774077920238921,good,synthetic_device_spec_v11
synthetic_customer_010,cabinet_010,2026-09-05 01:10:00+00:00,58.04284605387278,29.989762857236986,1.54744349902736,6.555609009526489,74.92677012931311,0.0,good,synthetic_device_spec_v11
synthetic_customer_010,cabinet_010,2026-09-05 01:20:00+00:00,57.930196795644164,29.82114745582159,1.5467926146991202,6.561099713351371,75.76515178290185,0.1498529505240548,good,synthetic_device_spec_v11
synthetic_customer_010,cabinet_010,2026-09-05 01:30:00+00:00,57.70339942739207,29.753558313773016,1.5507628783595706,6.559353327884081,76.18087554779099,0.0,good,synthetic_device_spec_v11
synthetic_customer_010,cabinet_010,2026-09-05 01:40:00+00:00,57.31628627594315,29.587268619665803,1.548057707393865,6.5529314348864345,73.26721870052954,0.0,good,synthetic_device_spec_v11
synthetic_customer_010,cabinet_010,2026-09-05 01:50:00+00:00,57.27854469914907,29.294003357175143,1.544538192166523,6.573191863473989,75.68418919002453,0.020401389671384985,good,synthetic_device_spec_v11
synthetic_customer_010,cabinet_010,2026-09-05 02:00:00+00:00,57.02664662114452,29.172589662378716,1.5563011763863572,6.568720840552273,75.96463142224223,0.0,good,synthetic_device_spec_v11
synthetic_customer_010,cabinet_010,2026-09-05 02:10:00+00:00,56.932263388576935,28.929388995239975,1.5498018246748893,6.573374631066832,76.37848955439222,0.0,good,synthetic_device_spec_v11
synthetic_customer_010,cabinet_010,2026-09-05 02:20:00+00:00,57.01072011674901,28.903290991407424,1.5627858347508323,6.5797868279268386,74.6137185977032,0.13875962618924173,good,synthetic_device_spec_v11
synthetic_customer_010,cabinet_010,2026-09-05 02:30:00+00:00,56.750091360726465,28.621894306418437,1.5613748003367065,6.5824121479402855,77.22763920548726,0.0,good,synthetic_device_spec_v11
synthetic_customer_010,cabinet_010,2026-09-05 02:40:00+00:00,56.76645865973887,28.210875206270245,1.5686723655009878,6.589913820223795,78.05082038275198,0.013903603147333807,good,synthetic_device_spec_v11
synthetic_customer_010,cabinet_010,2026-09-05 02:50:00+00:00,56.80016987492145,28.351869523206574,1.569365237484294,6.591042855530021,76.71916269407596,0.0,good,synthetic_device_spec_v11
synthetic_customer_010,cabinet_010,2026-09-05 03:00:00+00:00,56.62110075075518,28.118417446230943,1.5687858310799265,6.595720716704914,76.76959080266116,0.022469143938966766,good,synthetic_device_spec_v11
synthetic_customer_010,cabinet_010,2026-09-05 03:10:00+00:00,56.592611499799155,27.785865166279724,1.5791956859930862,6.601091726061746,79.31527873144019,0.0,good,synthetic_device_spec_v11
synthetic_customer_010,cabinet_010,2026-09-05 03:20:00+00:00,56.517988156184956,27.597597213512792,1.5763939928322703,6.60157201326179,78.60425360733811,0.010224554732220555,good,synthetic_device_spec_v11
synthetic_customer_010,cabinet_010,2026-09-05 03:30:00+00:00,56.67563350439722,27.158292194574084,1.5828300213287785,6.607921855948635,77.64751268663889,0.11959463294161424,good,synthetic_device_spec_v11
synthetic_customer_010,cabinet_010,2026-09-05 03:40:00+00:00,56.56859763874324,27.17983373032187,1.5939631655359519,6.609563860704348,77.44472018247306,0.0,good,synthetic_device_spec_v11
synthetic_customer_010,cabinet_010,2026-09-05 03:50:00+00:00,56.722817563380055,26.731991446336888,1.5902517967077447,6.61165462570877,78.44003921219812,0.0,good,synthetic_device_spec_v11
synthetic_customer_010,cabinet_010,2026-09-05 04:00:00+00:00,56.91617109809385,26.56713669160346,1.5933102078601504,6.6135710348261805,78.89254157621862,0.05019931275782617,good,synthetic_device_spec_v11
synthetic_customer_010,cabinet_010,2026-09-05 04:10:00+00:00,56.885021062698456,26.25405011859651,1.600523814697266,6.611591019613909,81.45911695477176,0.0,good,synthetic_device_spec_v11
synthetic_customer_010,cabinet_010,2026-09-05 04:20:00+00:00,56.879204416079666,26.03615691343302,1.5966124961373402,6.608522535454101,80.34219116205622,0.05863686670522442,good,synthetic_device_spec_v11
synthetic_customer_010,cabinet_010,2026-09-05 04:30:00+00:00,57.00499994924051,25.940549335199602,1.6060871765501112,6.606017343123687,78.74976148761307,0.006480347307346892,good,synthetic_device_spec_v11
synthetic_customer_010,cabinet_010,2026-09-05 04:40:00+00:00,57.09334284531603,25.687804516708148,1.6103119939251451,6.62284824935726,80.83168115139578,0.04515258279458137,good,synthetic_device_spec_v11
synthetic_customer_010,cabinet_010,2026-09-05 04:50:00+00:00,57.223761384384815,25.492243954972576,1.6106397032698625,6.622576213408995,81.1352951611625,0.022505036316222585,good,synthetic_device_spec_v11
synthetic_customer_010,cabinet_010,2026-09-05 05:00:00+00:00,57.64141555758517,25.33518182593215,1.621389569774317,6.629219108935756,82.04112741040855,0.01823409625041954,good,synthetic_device_spec_v11
synthetic_customer_010,cabinet_010,2026-09-05 05:10:00+00:00,57.64780929998244,25.136154173703936,1.633655469456802,6.621863810457098,80.92097370240053,0.0,good,synthetic_device_spec_v11
synthetic_customer_010,cabinet_010,2026-09-05 05:20:00+00:00,57.81325197431738,24.763647948655,1.6341236587840315,6.6287367468102305,80.9592205453325,0.0,good,synthetic_device_spec_v11
synthetic_customer_010,cabinet_010,2026-09-05 05:30:00+00:00,57.77059839623024,24.629257809522517,1.6432456208702535,6.62967181206708,81.47812326602529,0.0,good,synthetic_device_spec_v11
synthetic_customer_010,cabinet_010,2026-09-05 05:40:00+00:00,57.94167982823423,24.390650259314203,1.6527943306032518,6.632066637690089,81.80852376635252,0.0,good,synthetic_device_spec_v11
synthetic_customer_010,cabinet_010,2026-09-05 05:50:00+00:00,58.20023190436533,24.24082245107175,1.6495970388898002,6.628439381708385,81.76701675750026,0.0,good,synthetic_device_spec_v11
synthetic_customer_010,cabinet_010,2026-09-05 06:00:00+00:00,58.482248755287365,24.163360489612238,1.6560123621073,6.636193958113767,81.66874417635832,0.0,good,synthetic_device_spec_v11
synthetic_customer_010,cabinet_010,2026-09-05 06:10:00+00:00,58.609498373081976,23.70438228633535,1.6640390188388081,6.639256296551062,83.3526906207218,8.140448285548821,good,synthetic_device_spec_v11
synthetic_customer_010,cabinet_010,2026-09-05 06:20:00+00:00,58.73750438193462,23.798480162073474,1.6773204982479861,6.64032551829451,81.35942136991993,7.842912374805303,good,synthetic_device_spec_v11
synthetic_customer_010,cabinet_010,2026-09-05 06:30:00+00:00,59.29539416506249,23.3939453917561,1.6757016488021548,6.631976196630317,83.47704864094047,7.254471120712367,good,synthetic_device_spec_v11
synthetic_customer_010,cabinet_010,2026-09-05 06:40:00+00:00,59.45840158065144,23.30826840924349,1.6857661739558134,6.642143520871189,84.16731221986291,0.0,good,synthetic_device_spec_v11
synthetic_customer_010,cabinet_010,2026-09-05 06:50:00+00:00,59.773254404601644,23.09668288772567,1.6984922929548798,6.64105400285562,84.83545517168287,0.04810649881550937,good,synthetic_device_spec_v11
synthetic_customer_010,cabinet_010,2026-09-05 07:00:00+00:00,60.088030156221976,23.240557833527447,1.6997263432748777,6.643368810999903,83.90433786163979,0.025353064485521874,good,synthetic_device_spec_v11
synthetic_customer_010,cabinet_010,2026-09-05 07:10:00+00:00,60.13538373087017,22.930829154241888,1.7014742341016702,6.639024478303884,84.62873951154104,0.06379901449237652,good,synthetic_device_spec_v11
synthetic_customer_010,cabinet_010,2026-09-05 07:20:00+00:00,60.53611577857972,22.7862146829428,1.7145944188022255,6.640660618101849,82.48923186870397,0.18346063392772086,good,synthetic_device_spec_v11
synthetic_customer_010,cabinet_010,2026-09-05 07:30:00+00:00,60.797153640839134,22.475297216181026,1.7154480317863743,6.6425227612434625,85.3355641311955,0.08783853824782824,good,synthetic_device_spec_v11
synthetic_customer_010,cabinet_010,2026-09-05 07:40:00+00:00,61.087720237304964,22.4012385639488,1.730037510343328,6.642697916115162,83.75974741742611,0.0725930333796425,good,synthetic_device_spec_v11
synthetic_customer_010,cabinet_010,2026-09-05 07:50:00+00:00,61.442971968541826,22.3572542518241,1.731219553981131,6.639351482992355,84.63770897326619,0.0,good,synthetic_device_spec_v11
synthetic_customer_010,cabinet_010,2026-09-05 08:00:00+00:00,61.55450758704313,22.22110034724811,1.7449227597742192,6.6378994223765995,84.89730801521998,0.08764637957262629,good,synthetic_device_spec_v11
synthetic_customer_010,cabinet_010,2026-09-05 08:10:00+00:00,61.96771886999008,22.11558061847737,1.7388422677707742,6.640222812669721,85.8729791121975,0.0,good,synthetic_device_spec_v11
synthetic_customer_010,cabinet_010,2026-09-05 08:20:00+00:00,62.19638046626715,22.111275856349515,1.7502796904100761,6.6332751454775885,84.79468002095497,0.02518006754011477,good,synthetic_device_spec_v11
synthetic_customer_010,cabinet_010,2026-09-05 08:30:00+00:00,62.782573047558984,22.084433343424706,1.7582492318719016,6.637073166407548,84.80567514131656,0.0,good,synthetic_device_spec_v11
synthetic_customer_010,cabinet_010,2026-09-05 08:40:00+00:00,63.117690014187154,21.749682363215154,1.7679325615541246,6.641495412370792,86.73404556696565,0.015915057389526237,good,synthetic_device_spec_v11
synthetic_customer_010,cabinet_010,2026-09-05 08:50:00+00:00,63.47551190159976,21.75113996315038,1.779363023723062,6.631345493746853,85.84347953377276,0.06784370350828346,good,synthetic_device_spec_v11
synthetic_customer_010,cabinet_010,2026-09-05 09:00:00+00:00,63.771190004719976,21.926689590018164,1.784307238323214,6.635009601977761,86.80468148125051,0.0,good,synthetic_device_spec_v11
synthetic_customer_010,cabinet_010,2026-09-05 09:10:00+00:00,64.21919753066055,21.587431055619017,1.7823112030132924,6.630259482239542,84.81429225342157,0.028094299349323226,good,synthetic_device_spec_v11
synthetic_customer_010,cabinet_010,2026-09-05 09:20:00+00:00,64.45697547929021,21.58806895028554,1.7956345088763777,6.628749975598959,86.79018058450833,0.04053328398207565,good,synthetic_device_spec_v11
synthetic_customer_010,cabinet_010,2026-09-05 09:30:00+00:00,64.90475039002222,21.706956445783586,1.8004793659586138,6.630978197799277,85.8539440772662,0.0,good,synthetic_device_spec_v11
synthetic_customer_010,cabinet_010,2026-09-05 09:40:00+00:00,65.1481971159762,21.755072283319784,1.8107016903081408,6.629876275472945,85.8266654389545,0.0,good,synthetic_device_spec_v11
synthetic_customer_010,cabinet_010,2026-09-05 11:10:00+00:00,68.22676323446753,21.9732597278221,1.8699512211871947,6.607512045318245,85.38652082366495,0.0,bad,synthetic_device_spec_v11
synthetic_customer_010,cabinet_010,2026-09-05 11:20:00+00:00,68.52884017688483,21.988333806257668,1.8692607305842284,6.606684835587148,83.9899723132923,0.0,bad,synthetic_device_spec_v11
synthetic_customer_010,cabinet_010,2026-09-05 11:30:00+00:00,68.65537657517467,21.8546516161218,1.870925412538347,6.6095704606249495,84.44200666332212,0.1070495084495039,bad,synthetic_device_spec_v11
synthetic_customer_010,cabinet_010,2026-09-05 11:40:00+00:00,68.85162338504065,22.183760011426557,1.889168160162534,6.600316709093813,85.18324254850445,0.06769859272738345,bad,synthetic_device_spec_v11
synthetic_customer_010,cabinet_010,2026-09-05 11:50:00+00:00,69.27230492914032,22.35664245782441,1.8939647443710943,6.5935478808756836,84.84351377849814,0.0,bad,synthetic_device_spec_v11
synthetic_customer_010,cabinet_010,2026-09-05 12:00:00+00:00,69.76992422435949,22.420529411783786,1.9028243526790698,6.59012984900202,84.22866385381252,0.0,bad,synthetic_device_spec_v11
synthetic_customer_010,cabinet_010,2026-09-05 12:10:00+00:00,69.87034132630856,22.438402359588462,1.8988703959381124,6.588449643919925,86.38393548704062,11.951018961034926,good,synthetic_device_spec_v11
synthetic_customer_010,cabinet_010,2026-09-05 12:20:00+00:00,70.23683263120091,22.675907238654688,1.9072990631456976,6.580374619411667,84.5794250660499,11.821070439204952,good,synthetic_device_spec_v11
synthetic_customer_010,cabinet_010,2026-09-05 12:30:00+00:00,70.1761981039762,22.851733230167454,1.9137331748666029,6.583537891596414,86.11396967436019,11.954821194829542,good,synthetic_device_spec_v11
synthetic_customer_010,cabinet_010,2026-09-05 13:30:00+00:00,71.71102723332382,23.621395633440628,1.9459240632516277,6.555015575951728,82.32874984626365,0.0,good,synthetic_device_spec_v11
synthetic_customer_010,cabinet_010,2026-09-05 13:40:00+00:00,71.7652537072145,23.885826585958817,1.9534541251597413,6.54458731741887,82.1262152142753,0.0,good,synthetic_device_spec_v11
synthetic_customer_010,cabinet_010,2026-09-05 13:50:00+00:00,71.95700496262356,24.147573300448077,1.9582560202640338,6.54816107293635,81.86915062294712,0.04245271462353998,good,synthetic_device_spec_v11
synthetic_customer_010,cabinet_010,2026-09-05 14:00:00+00:00,72.09338094293385,24.203710212364847,1.9576938554301608,6.544324478504868,82.85333821565368,0.0,good,synthetic_device_spec_v11
synthetic_customer_010,cabinet_010,2026-09-05 14:10:00+00:00,72.35482706542737,24.455343966379417,1.9579227216478214,6.539768445053103,83.08808199971557,0.051062379089341914,good,synthetic_device_spec_v11
synthetic_customer_010,cabinet_010,2026-09-05 14:20:00+00:00,72.42546553639731,24.71568789762688,1.9633117177712343,6.5250501400547005,81.74895374987466,0.013300122167154956,good,synthetic_device_spec_v11
synthetic_customer_010,cabinet_010,2026-09-05 14:30:00+00:00,72.3965215733268,25.001742219864177,1.9699699057677256,6.530292590128882,80.55013263654565,0.0,good,synthetic_device_spec_v11
synthetic_customer_010,cabinet_010,2026-09-05 14:40:00+00:00,72.6138964120142,25.004426424033607,1.9682737513773598,6.521261076627036,81.2265225992644,2.4784781763981223,good,synthetic_device_spec_v11
synthetic_customer_010,cabinet_010,2026-09-05 14:50:00+00:00,72.56516763569358,25.254553248523095,1.9772812958843697,6.516650008105554,80.8322723772187,2.553809364891628,good,synthetic_device_spec_v11
synthetic_customer_010,cabinet_010,2026-09-05 15:00:00+00:00,72.85764808339948,25.381120597057134,1.9758727185047424,6.5061075487735245,81.54534355602954,2.526992266478676,good,synthetic_device_spec_v11
synthetic_customer_010,cabinet_010,2026-09-05 15:10:00+00:00,72.66230870942593,25.73011246872372,1.9723861355920957,6.5009785423188235,81.73110576955258,2.362206117319043,good,synthetic_device_spec_v11
synthetic_customer_010,cabinet_010,2026-09-05 15:20:00+00:00,72.8606836005568,25.89629489417916,1.9827010969586525,6.495873674837949,81.61912065082095,2.5367711819146628,good,synthetic_device_spec_v11
synthetic_customer_010,cabinet_010,2026-09-05 15:30:00+00:00,72.86838916112868,25.978283592619565,1.9795190641798834,6.49452142047264,80.4620508761869,2.5275275769968735,good,synthetic_device_spec_v11
synthetic_customer_010,cabinet_010,2026-09-05 15:40:00+00:00,72.6874900002887,26.34916015904598,1.9825995532975114,6.489756155581185,81.13307023717974,0.0,good,synthetic_device_spec_v11
synthetic_customer_010,cabinet_010,2026-09-05 15:50:00+00:00,72.8601325066588,26.653164313694568,2.0006495694573228,6.480470305650242,80.256819012602,0.0625739848902951,good,synthetic_device_spec_v11
synthetic_customer_010,cabinet_010,2026-09-05 16:00:00+00:00,72.67657390808668,26.877961165090802,1.9979336130076362,6.479770156497048,78.00166071320085,0.024584779959198513,good,synthetic_device_spec_v11
synthetic_customer_010,cabinet_010,2026-09-05 16:10:00+00:00,72.52219474908193,26.96342005148142,1.9949036757112166,6.469716559543627,77.69127993511735,0.044084877453055886,good,synthetic_device_spec_v11
synthetic_customer_010,cabinet_010,2026-09-05 16:20:00+00:00,72.61312417520557,27.048635342625634,1.9920605813871826,6.4661661720900705,76.56285795929504,0.07394576373179275,good,synthetic_device_spec_v11
synthetic_customer_010,cabinet_010,2026-09-05 16:30:00+00:00,72.36293962012725,27.32577680736077,2.0056120012119827,6.459524245964188,79.34470636137553,0.05472084809771783,good,synthetic_device_spec_v11
synthetic_customer_010,cabinet_010,2026-09-05 16:40:00+00:00,72.27931888717515,27.666388876635178,2.0023723897705255,6.455759918678155,77.51543723246546,0.0,good,synthetic_device_spec_v11
synthetic_customer_010,cabinet_010,2026-09-05 16:50:00+00:00,72.33720856355217,27.97004158405327,2.001611745064091,6.4508519674299345,75.5606461042803,0.046373307662487324,good,synthetic_device_spec_v11
synthetic_customer_010,cabinet_010,2026-09-05 17:00:00+00:00,71.94837745380815,28.156368264088403,2.0072122959488357,6.440725297915054,76.1299163890305,0.0,good,synthetic_device_spec_v11
synthetic_customer_010,cabinet_010,2026-09-05 17:10:00+00:00,71.92212211322793,28.33643055018551,2.008687708967192,6.438571236142244,78.3346151699268,0.0,good,synthetic_device_spec_v11
synthetic_customer_010,cabinet_010,2026-09-05 17:20:00+00:00,71.47227927333954,28.49984477758095,2.0033956574279945,6.424330195753778,76.57668127723548,0.004750932178547494,good,synthetic_device_spec_v11
synthetic_customer_010,cabinet_010,2026-09-05 17:30:00+00:00,71.44533473595735,28.83343036933,2.0089735674128617,6.425354841360099,75.01885658159877,0.027626972586291054,good,synthetic_device_spec_v11
synthetic_customer_010,cabinet_010,2026-09-05 17:40:00+00:00,71.4207351582314,29.11057093721935,2.0081007093998404,6.419457437726904,76.55549632334899,0.0,good,synthetic_device_spec_v11
synthetic_customer_010,cabinet_010,2026-09-05 17:50:00+00:00,71.24246723403337,29.16628245729487,2.001178987887314,6.405785151534304,75.06317263533457,0.0,good,synthetic_device_spec_v11
synthetic_customer_010,cabinet_010,2026-09-05 18:00:00+00:00,71.18907406832639,29.350695225062317,2.0043336940596963,6.404525136022258,74.86361269833678,0.0,good,synthetic_device_spec_v11
synthetic_customer_010,cabinet_010,2026-09-05 18:10:00+00:00,70.88051360596049,29.49314011363968,1.997598307411521,6.401869406343932,73.9820840089988,11.933145778899323,good,synthetic_device_spec_v11
synthetic_customer_010,cabinet_010,2026-09-05 18:20:00+00:00,70.63787465557473,29.72303716584698,1.996176252336343,6.399386928591405,75.90608486894101,12.053283666171426,good,synthetic_device_spec_v11
synthetic_customer_010,cabinet_010,2026-09-05 18:30:00+00:00,70.29361755787566,29.812470899229464,2.0005176166648337,6.385187873221503,76.25108831982891,11.96131756885274,good,synthetic_device_spec_v11
synthetic_customer_010,cabinet_010,2026-09-05 18:40:00+00:00,69.99094651091589,29.906557338943255,1.9950391403549121,6.389408823286227,74.4755363964922,0.1136804508493341,good,synthetic_device_spec_v11
synthetic_customer_010,cabinet_010,2026-09-05 18:50:00+00:00,69.697129090001,30.14647545055151,1.9971486937580238,6.368844992471548,76.3207256036592,0.0,good,synthetic_device_spec_v11
synthetic_customer_010,cabinet_010,2026-09-05 19:00:00+00:00,69.57586856585334,30.39385664078786,2.0017282588065517,6.361450599008023,73.46593272732979,0.0,good,synthetic_device_spec_v11
synthetic_customer_010,cabinet_010,2026-09-05 19:10:00+00:00,68.96720799143407,30.362235783291908,1.9958780566221674,6.359624111119228,73.54730770141315,0.09287032197756853,good,synthetic_device_spec_v11
synthetic_customer_010,cabinet_010,2026-09-05 19:20:00+00:00,68.74742815986949,30.5417973117655,1.996695417895461,6.348559122333193,73.96642436482162,0.0,good,synthetic_device_spec_v11
synthetic_customer_010,cabinet_010,2026-09-05 19:30:00+00:00,68.53017486326704,30.6976357048129,1.9974255139821984,6.347940633872081,73.79111479066013,0.0,good,synthetic_device_spec_v11
synthetic_customer_010,cabinet_010,2026-09-05 19:40:00+00:00,68.4387237031539,30.872398582763005,1.9842197171840712,6.347481842973569,74.75507319662537,0.0,good,synthetic_device_spec_v11
synthetic_customer_010,cabinet_010,2026-09-05 19:50:00+00:00,67.82854091599737,30.867610187363784,1.991723786846454,6.333609172625689,74.30145699032272,0.0,good,synthetic_device_spec_v11
synthetic_customer_010,cabinet_010,2026-09-05 20:00:00+00:00,67.67736839142783,31.010884799434493,1.982525900126906,6.329472460584309,72.36309542931434,0.0,good,synthetic_device_spec_v11
synthetic_customer_010,cabinet_010,2026-09-05 20:10:00+00:00,67.29223550047536,31.14676950924025,1.9820208487186248,6.320428600992124,72.88131064564847,0.1396774077143079,good,synthetic_device_spec_v11
synthetic_customer_010,cabinet_010,2026-09-05 20:20:00+00:00,67.24333015094804,31.367933865011913,1.9778927332957696,6.322012257926961,74.39893960492344,0.0,good,synthetic_device_spec_v11
synthetic_customer_010,cabinet_010,2026-09-05 20:30:00+00:00,66.3488400187124,31.460907852594246,1.9746500373573448,6.307409681175902,71.72550400941192,0.0,good,synthetic_device_spec_v11
synthetic_customer_010,cabinet_010,2026-09-05 20:40:00+00:00,66.19078569866738,31.506925531442775,1.9700468490014205,6.30218404517604,70.71688777696332,0.07423200289488013,good,synthetic_device_spec_v11
synthetic_customer_010,cabinet_010,2026-09-05 20:50:00+00:00,66.01831285168598,31.497203114525856,1.9620290582513296,6.2995761886546635,71.99273323905192,0.08012454499931755,good,synthetic_device_spec_v11
synthetic_customer_010,cabinet_010,2026-09-05 21:00:00+00:00,65.67101835728718,31.6203440914128,1.9564209511487614,6.2981524201672405,73.94402291397336,0.0,good,synthetic_device_spec_v11
synthetic_customer_010,cabinet_010,2026-09-05 21:10:00+00:00,65.22360991161003,31.529576141954315,1.9617039212022909,6.29091639255782,72.32623838295363,0.03302663772574544,good,synthetic_device_spec_v11
synthetic_customer_010,cabinet_010,2026-09-05 21:20:00+00:00,64.89508003684966,31.489341105035123,1.9546934956592588,6.28068725048367,73.21258460265399,0.08174531790424534,good,synthetic_device_spec_v11
synthetic_customer_010,cabinet_010,2026-09-05 21:30:00+00:00,64.67955575592474,31.610962744562592,1.9547249260322317,6.2749930057543235,71.75091948879073,0.09511849965377468,good,synthetic_device_spec_v11
synthetic_customer_010,cabinet_010,2026-09-05 21:40:00+00:00,64.06912327650784,31.63333933480909,1.948433833724023,6.2757802880860725,73.41433647293591,0.0,good,synthetic_device_spec_v11
synthetic_customer_010,cabinet_010,2026-09-05 21:50:00+00:00,63.85854241238117,31.61114337990873,1.9445132850144808,6.262936602987842,72.57240377424665,0.0,good,synthetic_device_spec_v11
synthetic_customer_010,cabinet_010,2026-09-05 22:00:00+00:00,63.46067822970755,31.921263361695573,1.9420827986811653,6.260661676284841,71.02865466222251,0.14045942740524006,good,synthetic_device_spec_v11
synthetic_customer_010,cabinet_010,2026-09-05 22:10:00+00:00,63.0800610059351,31.589753003705393,1.935852138276833,6.253060017761236,74.00385210187677,0.0,good,synthetic_device_spec_v11
synthetic_customer_010,cabinet_010,2026-09-05 22:20:00+00:00,62.8320347547975,31.585398874121285,1.9374117795012213,6.245432085367838,71.8047560223673,0.027809116733403666,good,synthetic_device_spec_v11
synthetic_customer_010,cabinet_010,2026-09-05 22:30:00+00:00,62.62210608233791,31.63327470659237,1.9222387494007265,6.2417992160775055,72.45180715184493,0.0,good,synthetic_device_spec_v11
synthetic_customer_010,cabinet_010,2026-09-05 22:40:00+00:00,62.076728634987546,31.629104224767453,1.9188124527657648,6.243372079423144,71.76144321375479,0.05627955587912819,good,synthetic_device_spec_v11
synthetic_customer_010,cabinet_010,2026-09-05 22:50:00+00:00,61.69007984522086,31.38422287317444,1.9135198481412319,6.231235296211197,72.5191404056522,0.0,good,synthetic_device_spec_v11
synthetic_customer_010,cabinet_010,2026-09-05 23:00:00+00:00,61.485271458543586,31.36376015648346,1.9028459578406343,6.23032187044361,72.46663852786533,0.017937543153887195,good,synthetic_device_spec_v11
synthetic_customer_010,cabinet_010,2026-09-05 23:10:00+00:00,61.22831491508961,31.219929371012277,1.9047423707649278,6.228695040509876,73.55348853806521,0.06768069895385077,good,synthetic_device_spec_v11
synthetic_customer_010,cabinet_010,2026-09-05 23:20:00+00:00,60.980035053255826,31.238461052736845,1.8974782476713896,6.211145270078519,73.72138761770839,0.06648608792305445,good,synthetic_device_spec_v11
synthetic_customer_010,cabinet_010,2026-09-05 23:30:00+00:00,60.76417427252247,31.233404613533377,1.8935647748894626,6.215071346823044,72.98451468526315,0.16276924205088683,good,synthetic_device_spec_v11
synthetic_customer_010,cabinet_010,2026-09-05 23:40:00+00:00,60.3887633423157,30.973438543531394,1.8898838268437965,6.196823865729129,73.90973209750123,0.03789970068433037,good,synthetic_device_spec_v11
synthetic_customer_010,cabinet_010,2026-09-05 23:50:00+00:00,59.955132950243595,30.958230426815163,1.8848488531845284,6.20219614954317,72.3312247030039,0.12003232167821168,good,synthetic_device_spec_v11
synthetic_customer_010,cabinet_010,2026-09-06 00:00:00+00:00,59.75093801030191,30.676326784824976,1.882461953701042,6.191209006996701,73.20040809706732,0.0,good,synthetic_device_spec_v11
synthetic_customer_010,cabinet_010,2026-09-06 00:10:00+00:00,59.46528593721369,30.913435308970303,1.8665774185534922,6.191926847952433,72.3036097432149,11.98692613155918,good,synthetic_device_spec_v11
synthetic_customer_010,cabinet_010,2026-09-06 00:20:00+00:00,59.27585009018774,30.663294756487684,1.8647887696607994,6.185632884950954,74.69849457975978,12.108256214823836,good,synthetic_device_spec_v11
synthetic_customer_010,cabinet_010,2026-09-06 00:30:00+00:00,58.761115551084075,30.622723142530916,1.8511521722367055,6.17802176109331,73.68585779048304,12.044795545112926,good,synthetic_device_spec_v11
synthetic_customer_010,cabinet_010,2026-09-06 00:40:00+00:00,58.61892424799146,30.449227791518176,1.8528513547561225,6.175919445578332,74.06601879980238,0.12654005797608958,good,synthetic_device_spec_v11
synthetic_customer_010,cabinet_010,2026-09-06 00:50:00+00:00,58.464054701590634,30.234811457037793,1.8446541800056095,6.16886240453653,76.97456504065336,0.15825262297005308,good,synthetic_device_spec_v11
synthetic_customer_010,cabinet_010,2026-09-06 01:00:00+00:00,58.31412713847734,30.233334600819564,1.8442441569318717,6.159967596480937,74.47881289659679,0.0,good,synthetic_device_spec_v11
synthetic_customer_010,cabinet_010,2026-09-06 01:10:00+00:00,57.83408518084261,29.895310719757614,1.8446484990124357,6.153758382029652,73.30582295611214,0.10909380568243167,good,synthetic_device_spec_v11
synthetic_customer_010,cabinet_010,2026-09-06 01:20:00+00:00,57.9214368134943,29.676627918422284,1.8305989681645012,6.153829145267546,75.43443306330745,0.0,good,synthetic_device_spec_v11
synthetic_customer_010,cabinet_010,2026-09-06 01:30:00+00:00,57.70188139771817,29.62375605726669,1.8246774624331594,6.155036593650456,75.4166444967897,0.008862775531211961,good,synthetic_device_spec_v11
synthetic_customer_010,cabinet_010,2026-09-06 01:40:00+00:00,57.50791457231501,29.352511500379986,1.8176726464482265,6.148968360844306,75.04544504419981,0.0,good,synthetic_device_spec_v11
synthetic_customer_010,cabinet_010,2026-09-06 01:50:00+00:00,57.39182697049757,29.143587350784404,1.8078110303850234,6.148519824870301,75.75076192206508,0.10889105145237386,good,synthetic_device_spec_v11
synthetic_customer_010,cabinet_010,2026-09-06 02:00:00+00:00,57.07059594049601,29.2112145900745,1.7985930667189503,6.1396964468090225,74.84552778095407,0.024571325127556613,good,synthetic_device_spec_v11
synthetic_customer_010,cabinet_010,2026-09-06 02:10:00+00:00,57.228552218322214,28.85273991852539,1.7964921226929107,6.144524568725904,75.46681637591767,0.0,good,synthetic_device_spec_v11
synthetic_customer_010,cabinet_010,2026-09-06 02:20:00+00:00,56.959677275981804,28.975525032275602,1.7872708937078006,6.130170135880278,76.70570785153612,0.12730015918154405,good,synthetic_device_spec_v11
synthetic_customer_010,cabinet_010,2026-09-06 02:30:00+00:00,56.97233622972563,28.46329488798403,1.7835782653539425,6.129837275993538,76.73710911718014,0.0,good,synthetic_device_spec_v11
synthetic_customer_010,cabinet_010,2026-09-06 02:40:00+00:00,56.81220307475444,28.534900885120074,1.772390467396087,6.127549092637045,78.09763056593249,0.0,good,synthetic_device_spec_v11
synthetic_customer_010,cabinet_010,2026-09-06 02:50:00+00:00,56.71338174624228,28.161966598584936,1.7652166923858392,6.12204487848929,77.3459909306759,0.0,good,synthetic_device_spec_v11
synthetic_customer_010,cabinet_010,2026-09-06 03:00:00+00:00,56.91669273475757,28.01279123991025,1.7612750741440275,6.121415102723328,77.12630843352956,0.0,good,synthetic_device_spec_v11
synthetic_customer_010,cabinet_010,2026-09-06 03:10:00+00:00,56.73759202969435,27.62236918201735,1.7569791245127606,6.11619044841979,78.83870768415811,0.0,good,synthetic_device_spec_v11
synthetic_customer_010,cabinet_010,2026-09-06 03:20:00+00:00,56.54386808371305,27.353295473546122,1.7445599418200233,6.118675644891849,78.13472561937893,0.04697968706296563,good,synthetic_device_spec_v11
synthetic_customer_010,cabinet_010,2026-09-06 03:30:00+00:00,56.53761375894296,27.260715150264954,1.7360257112675617,6.106380759506779,78.35059318401743,0.0,good,synthetic_device_spec_v11
synthetic_customer_010,cabinet_010,2026-09-06 03:40:00+00:00,56.56408584260542,26.966270263907894,1.7287442669204258,6.104830822813317,78.13638888614615,0.0,good,synthetic_device_spec_v11
synthetic_customer_010,cabinet_010,2026-09-06 03:50:00+00:00,56.935968887308505,26.74618652218755,1.7272146471697385,6.103331831218923,78.8893937497868,0.0,good,synthetic_device_spec_v11
synthetic_customer_010,cabinet_010,2026-09-06 04:00:00+00:00,56.59048291640013,26.62852304186157,1.712459324418108,6.1009917936353615,79.09159339781642,0.0054874038395962554,good,synthetic_device_spec_v11
synthetic_customer_010,cabinet_010,2026-09-06 04:10:00+00:00,56.80856742126822,26.344824931371726,1.7041282386535275,6.095056599096316,78.42732987306708,0.05538138149092421,good,synthetic_device_spec_v11
synthetic_customer_010,cabinet_010,2026-09-06 04:20:00+00:00,56.756967411884396,26.120460854186256,1.7014546591510875,6.094489540915112,77.74673937075312,0.0,good,synthetic_device_spec_v11
synthetic_customer_010,cabinet_010,2026-09-06 04:30:00+00:00,56.82323124425852,25.985655565117284,1.7006404710132552,6.092106179149022,80.98174059806637,0.027283200584786536,good,synthetic_device_spec_v11
synthetic_customer_010,cabinet_010,2026-09-06 04:40:00+00:00,56.93227490448029,25.751491469805853,1.6880679391955788,6.0935983326616,80.09315895432437,0.10711383134111593,good,synthetic_device_spec_v11
synthetic_customer_010,cabinet_010,2026-09-06 04:50:00+00:00,57.146301579345824,25.44360490944111,1.677985233899604,6.086554379380225,79.82209075253598,0.05104821205298742,good,synthetic_device_spec_v11
synthetic_customer_010,cabinet_010,2026-09-06 05:00:00+00:00,57.15673284561429,25.29620835706959,1.675655113860021,6.09079268052733,81.83830815810406,0.09271058666458563,good,synthetic_device_spec_v11
synthetic_customer_010,cabinet_010,2026-09-06 05:10:00+00:00,57.46380193159798,25.062177433487737,1.6659025218020744,6.09236221542536,81.29422931895992,0.0,good,synthetic_device_spec_v11
synthetic_customer_010,cabinet_010,2026-09-06 05:20:00+00:00,57.644847827060126,24.72529921853976,1.6608877822142525,6.085724425702944,81.59215454613445,0.0,good,synthetic_device_spec_v11
synthetic_customer_010,cabinet_010,2026-09-06 05:30:00+00:00,57.78099626723978,24.63564813951112,1.6578224589045718,6.083874445753355,81.4723019125155,0.002102258132541417,good,synthetic_device_spec_v11
synthetic_customer_010,cabinet_010,2026-09-06 05:40:00+00:00,57.81849044601212,24.534690762701715,1.6508650691225928,6.082076341086043,83.39629996046996,0.0,good,synthetic_device_spec_v11
synthetic_customer_010,cabinet_010,2026-09-06 05:50:00+00:00,58.17838571525112,24.28491051361473,1.6337418008659053,6.080675925167036,82.81301133697507,0.08073877265951568,good,synthetic_device_spec_v11
synthetic_customer_010,cabinet_010,2026-09-06 06:00:00+00:00,58.394259825116215,24.24127780046093,1.6329400250443888,6.080419349276577,81.49197425653323,0.0,good,synthetic_device_spec_v11
synthetic_customer_010,cabinet_010,2026-09-06 06:10:00+00:00,58.49948162550797,23.847059972945125,1.6320985157384942,6.080665477066129,82.65203354289855,12.02843818580745,good,synthetic_device_spec_v11
synthetic_customer_010,cabinet_010,2026-09-06 06:20:00+00:00,58.79472816554672,23.57533065796374,1.6261980390337265,6.074394876217848,82.94699943319574,11.877919768228416,good,synthetic_device_spec_v11
synthetic_customer_010,cabinet_010,2026-09-06 06:30:00+00:00,59.24068894056798,23.644911624086106,1.6140911305175454,6.082977738495134,83.1304510844733,12.048601877999381,good,synthetic_device_spec_v11
synthetic_customer_010,cabinet_010,2026-09-06 06:40:00+00:00,59.31522551852024,23.413750308861694,1.610447927422122,6.076823138380988,82.99966090163264,0.0,good,synthetic_device_spec_v11
synthetic_customer_010,cabinet_010,2026-09-06 06:50:00+00:00,59.42408873615508,23.316784806139495,1.6084612079698792,6.073302692459712,81.43576782010139,0.0786603269616436,good,synthetic_device_spec_v11
synthetic_customer_010,cabinet_010,2026-09-06 07:00:00+00:00,59.739230064375825,23.082462395763358,1.606060084071824,6.077469074106532,85.50829197233803,0.0,good,synthetic_device_spec_v11
synthetic_customer_010,cabinet_010,2026-09-06 07:10:00+00:00,59.83036507997091,22.913780427722283,1.599361586949721,6.078507450967448,84.30549713618726,0.04321752409605029,good,synthetic_device_spec_v11
synthetic_customer_010,cabinet_010,2026-09-06 07:20:00+00:00,60.232006806758264,22.727912188835845,1.5940494889113368,6.076318711798315,85.13679632330566,0.00994681664289022,good,synthetic_device_spec_v11
synthetic_customer_010,cabinet_010,2026-09-06 07:30:00+00:00,60.593659404189886,22.66585434383169,1.5909858934814072,6.083071078026643,84.35189644653151,0.06447937117011789,good,synthetic_device_spec_v11
synthetic_customer_010,cabinet_010,2026-09-06 07:40:00+00:00,60.93404877721592,22.537068802602054,1.5845338120846544,6.079182702566889,84.46472522361172,0.08892509249805236,good,synthetic_device_spec_v11
synthetic_customer_010,cabinet_010,2026-09-06 07:50:00+00:00,61.27452325565639,22.53114432479146,1.581664000594637,6.075498310729009,84.7627216157134,0.03451767868390974,good,synthetic_device_spec_v11
synthetic_customer_010,cabinet_010,2026-09-06 08:00:00+00:00,61.58225306206703,22.403718854070274,1.5769384360192449,6.073946889708423,85.40774748065787,0.0,good,synthetic_device_spec_v11
synthetic_customer_010,cabinet_010,2026-09-06 08:10:00+00:00,62.05440468487989,22.413196882070235,1.5756442426383719,6.083180825271936,84.11339071674426,0.0653916319150643,good,synthetic_device_spec_v11
synthetic_customer_010,cabinet_010,2026-09-06 08:20:00+00:00,62.342692349437556,22.351079866768853,1.56841666546441,6.0826266301194005,84.20174951215334,0.0,good,synthetic_device_spec_v11
synthetic_customer_010,cabinet_010,2026-09-06 08:30:00+00:00,62.644970391647654,22.080365152948847,1.561341929429533,6.080466368264816,86.79675363606617,0.0,good,synthetic_device_spec_v11
synthetic_customer_010,cabinet_010,2026-09-06 08:40:00+00:00,62.86764504079345,22.187290578006117,1.5649758174709518,6.0798977801247895,84.78261229895341,0.0,good,synthetic_device_spec_v11
synthetic_customer_010,cabinet_010,2026-09-06 08:50:00+00:00,63.52461207246374,21.96861277882463,1.5606124995364605,6.0862429389710275,84.19092126339599,0.0,good,synthetic_device_spec_v11
synthetic_customer_010,cabinet_010,2026-09-06 09:00:00+00:00,63.768828803624146,21.7513262748803,1.5643154514588689,6.084205097541412,85.40950647358368,0.0,good,synthetic_device_spec_v11
synthetic_customer_010,cabinet_010,2026-09-06 09:10:00+00:00,63.99862400570613,21.796520790245385,1.5574026602115165,6.087500238122047,85.17742707581112,0.0,good,synthetic_device_spec_v11
synthetic_customer_010,cabinet_010,2026-09-06 09:20:00+00:00,64.2304679058505,21.841189213552145,1.543265934506767,6.082678460636542,86.6372449258872,0.10273692619735444,good,synthetic_device_spec_v11
synthetic_customer_010,cabinet_010,2026-09-06 09:30:00+00:00,64.50319608773766,21.838390842122152,1.5483290200161433,6.083901230648065,85.40581717959634,0.1381593018820235,good,synthetic_device_spec_v11
synthetic_customer_010,cabinet_010,2026-09-06 09:40:00+00:00,65.2228750761318,21.793240019880567,1.551022997499737,6.089663737023869,85.47436455730734,0.014605235383880952,good,synthetic_device_spec_v11
synthetic_customer_010,cabinet_010,2026-09-06 09:50:00+00:00,65.4098649019702,21.74461140449097,1.539270307981551,6.091879703854451,84.72603506827795,0.0,good,synthetic_device_spec_v11
synthetic_customer_010,cabinet_010,2026-09-06 10:00:00+00:00,65.7356285526886,21.826010789506363,1.5454576274172704,6.093993595708538,86.02021508001394,0.0,good,synthetic_device_spec_v11
synthetic_customer_010,cabinet_010,2026-09-06 10:10:00+00:00,65.99507678321903,21.845440544343038,1.5316494077010392,6.096939514990985,85.92788227965056,0.0,good,synthetic_device_spec_v11
synthetic_customer_010,cabinet_010,2026-09-06 10:20:00+00:00,66.43953678070093,21.770569485096097,1.53613709156868,6.099175933688562,85.37774071581902,0.002215630807351965,good,synthetic_device_spec_v11
synthetic_customer_010,cabinet_010,2026-09-06 10:30:00+00:00,66.83663135886727,22.097358510232063,1.5311418207396252,6.09993344227736,85.7512043526318,0.0015419060656664421,good,synthetic_device_spec_v11
synthetic_customer_010,cabinet_010,2026-09-06 10:40:00+00:00,66.94164781206428,21.94292762272955,1.5370959720070128,6.107201152927859,85.39179168260783,0.13306864463378218,good,synthetic_device_spec_v11
synthetic_customer_010,cabinet_010,2026-09-06 10:50:00+00:00,67.29205322859757,22.09543481186562,1.5360430617110754,6.103718577095151,84.61565982397799,0.13735507549111442,good,synthetic_device_spec_v11
synthetic_customer_010,cabinet_010,2026-09-06 11:00:00+00:00,67.6629802808261,22.020575289829356,1.5347470792568054,6.105482014597262,84.39379954941931,0.0,good,synthetic_device_spec_v11
synthetic_customer_010,cabinet_010,2026-09-06 11:10:00+00:00,68.01987016609812,22.18755641379457,1.527970688224326,6.113847121229708,85.81143477816882,0.0,good,synthetic_device_spec_v11
synthetic_customer_010,cabinet_010,2026-09-06 11:20:00+00:00,68.29902563299558,22.229209033385594,1.533154812151587,6.10960990007251,84.73426252091178,0.037147405206373975,good,synthetic_device_spec_v11
synthetic_customer_010,cabinet_010,2026-09-06 11:30:00+00:00,68.44051440337842,22.25022439472191,1.52521432780721,6.120941283489914,83.7137861445956,0.03862278300019987,good,synthetic_device_spec_v11
synthetic_customer_010,cabinet_010,2026-09-06 11:40:00+00:00,68.89703085760922,22.216078004240934,1.5297895507238517,6.10935678932706,86.10964499691374,0.0,good,synthetic_device_spec_v11
synthetic_customer_010,cabinet_010,2026-09-06 11:50:00+00:00,69.39966492222379,22.413819391109953,1.5276722717103677,6.120107227104614,84.44021740521013,0.07781328650415363,good,synthetic_device_spec_v11
synthetic_customer_010,cabinet_010,2026-09-06 12:00:00+00:00,69.27573758084588,22.7340967879499,1.528945310508148,6.1331373761044485,82.91661978315037,0.03307955265561749,good,synthetic_device_spec_v11
synthetic_customer_010,cabinet_010,2026-09-06 12:10:00+00:00,69.70004761398577,22.800496875180283,1.5279036009680182,6.135411442674424,83.5433383030039,11.863263924677316,good,synthetic_device_spec_v11
synthetic_customer_010,cabinet_010,2026-09-06 12:20:00+00:00,70.29335395239785,22.97348563475967,1.5319916987048645,6.132384413963245,84.21296545724526,11.8311473262925,good,synthetic_device_spec_v11
synthetic_customer_010,cabinet_010,2026-09-06 12:30:00+00:00,70.36036268938429,22.93372119728057,1.5229761942114257,6.137778479173317,84.49109866920324,12.008008284812858,good,synthetic_device_spec_v11
synthetic_customer_010,cabinet_010,2026-09-06 12:40:00+00:00,70.56983697918358,23.12160487843316,1.5262945249361062,6.149028111417472,82.65392513068292,0.0,good,synthetic_device_spec_v11
synthetic_customer_010,cabinet_010,2026-09-06 12:50:00+00:00,71.0337783056144,23.171212137299698,1.5241433710385688,6.145388415097581,82.60525413073385,0.0,good,synthetic_device_spec_v11
synthetic_customer_010,cabinet_010,2026-09-06 13:00:00+00:00,70.97523752011335,23.325420267724414,1.5348995159953276,6.148876166723324,84.67904069708425,0.13776021109805384,good,synthetic_device_spec_v11
synthetic_customer_010,cabinet_010,2026-09-06 13:10:00+00:00,71.11047391340541,23.485654591512706,1.538342500730009,6.158994598309166,84.45949782294493,0.08917840873843483,good,synthetic_device_spec_v11
synthetic_customer_010,cabinet_010,2026-09-06 13:20:00+00:00,71.39695037423445,23.7235625285321,1.5306479864417326,6.1605997714289265,84.72049297744137,0.0,good,synthetic_device_spec_v11
synthetic_customer_010,cabinet_010,2026-09-06 13:30:00+00:00,71.71293698900097,23.976058870633874,1.538895631405602,6.1655829120631545,83.16914067388399,0.0,good,synthetic_device_spec_v11
synthetic_customer_010,cabinet_010,2026-09-06 13:40:00+00:00,71.70771952222155,23.827349009746452,1.5355325900566636,6.169433907612338,83.37611703735061,0.047639186090615376,good,synthetic_device_spec_v11
synthetic_customer_010,cabinet_010,2026-09-06 13:50:00+00:00,72.09165260529096,24.185260970002634,1.5417797529969888,6.177383523135877,81.76507959981161,0.0,good,synthetic_device_spec_v11
synthetic_customer_010,cabinet_010,2026-09-06 14:00:00+00:00,72.00704369460018,24.455198823271065,1.5504148168990375,6.179119386039645,84.57364481847823,0.0,good,synthetic_device_spec_v11
synthetic_customer_010,cabinet_010,2026-09-06 14:10:00+00:00,72.14421975857165,24.786499795237564,1.539383977171098,6.191708784706434,80.20477862090478,0.0,good,synthetic_device_spec_v11
synthetic_customer_010,cabinet_010,2026-09-06 14:20:00+00:00,72.16833301224142,24.856396168290313,1.543640994159697,6.192950915452355,81.79709988837268,0.0,good,synthetic_device_spec_v11
synthetic_customer_010,cabinet_010,2026-09-06 14:30:00+00:00,72.51691730061638,25.032176598776868,1.5542615133116162,6.1972260185013415,81.99235610984137,0.03837122718510135,good,synthetic_device_spec_v11
synthetic_customer_010,cabinet_010,2026-09-06 14:40:00+00:00,72.45801689806935,25.30526893628542,1.5513428909452027,6.201296920806448,80.3789692622009,0.04126605603557417,good,synthetic_device_spec_v11
synthetic_customer_010,cabinet_010,2026-09-06 14:50:00+00:00,72.52126598880443,25.551951733875097,1.5584530819653106,6.204346421486788,79.66049870397913,0.04281582066643809,good,synthetic_device_spec_v11
synthetic_customer_010,cabinet_010,2026-09-06 15:00:00+00:00,72.29170096453743,25.69529329978275,1.5653789304329513,6.210778798980881,81.1426231550094,0.0,good,synthetic_device_spec_v11
synthetic_customer_010,cabinet_010,2026-09-06 15:10:00+00:00,72.58468167755457,25.89599818438411,,6.216655833845261,78.17011379974755,0.10489299891005524,bad,synthetic_device_spec_v11
synthetic_customer_010,cabinet_010,2026-09-06 15:20:00+00:00,72.64897132373973,26.08900218876438,1.5657863361084614,6.215681228487307,78.85571166838862,0.035760876153943785,bad,synthetic_device_spec_v11
synthetic_customer_010,cabinet_010,2026-09-06 15:30:00+00:00,72.50337304070085,26.320642884914662,1.5721284828535997,6.2315150037645735,79.76545585437496,0.0,bad,synthetic_device_spec_v11
synthetic_customer_010,cabinet_010,2026-09-06 15:40:00+00:00,72.72569777567739,26.509270003693807,1.5777275927091496,6.225349532363856,78.41658191568641,0.0015497387152226712,good,synthetic_device_spec_v11
synthetic_customer_010,cabinet_010,2026-09-06 15:50:00+00:00,72.53578768712391,26.83730886914169,1.5854219817542945,6.239001662717317,78.56858707658009,0.018870448256323013,good,synthetic_device_spec_v11
synthetic_customer_010,cabinet_010,2026-09-06 16:00:00+00:00,72.4772251663467,26.858666661115,1.585204059229553,6.2440286524575175,77.34854449668767,0.0,good,synthetic_device_spec_v11
synthetic_customer_010,cabinet_010,2026-09-06 16:10:00+00:00,72.45152412543037,27.234368446292567,1.5872697811871934,6.243388174320225,77.14797809290671,0.0,good,synthetic_device_spec_v11
synthetic_customer_010,cabinet_010,2026-09-06 16:20:00+00:00,72.38667987582274,27.453346750114616,1.5942006721856756,6.249958481685323,79.65735718479827,0.0,good,synthetic_device_spec_v11
synthetic_customer_010,cabinet_010,2026-09-06 16:30:00+00:00,72.30053402184582,27.741438870074543,1.5944736288138803,6.255311385171411,78.93669416620634,0.18783721694215494,good,synthetic_device_spec_v11
synthetic_customer_010,cabinet_010,2026-09-06 16:40:00+00:00,72.47953221220037,27.843776792637847,1.6057753051354398,6.260560196042046,78.1026107976025,0.09988719704848853,good,synthetic_device_spec_v11
synthetic_customer_010,cabinet_010,2026-09-06 16:50:00+00:00,71.89691367343816,28.150960155012523,1.6125831846360998,6.266964260218941,76.00840337422494,0.0,good,synthetic_device_spec_v11
synthetic_customer_010,cabinet_010,2026-09-06 17:00:00+00:00,71.97070336299659,28.199459419821412,1.6107807966257066,6.278812259123603,77.0722006027054,0.0,good,synthetic_device_spec_v11
synthetic_customer_010,cabinet_010,2026-09-06 17:10:00+00:00,71.66733025414516,28.353817565946457,1.6199365821314775,6.281393155581195,77.10259783527106,0.09317271359227348,good,synthetic_device_spec_v11
synthetic_customer_010,cabinet_010,2026-09-06 17:20:00+00:00,71.80336966293731,28.64777886074203,1.6237759408688757,6.2903469695017655,77.21349619457595,0.0,good,synthetic_device_spec_v11
synthetic_customer_010,cabinet_010,2026-09-06 17:30:00+00:00,71.81924763571783,28.94060773435473,1.6355699514677078,6.289067826511145,77.89324255677053,0.05807190446913241,good,synthetic_device_spec_v11
synthetic_customer_010,cabinet_010,2026-09-06 19:00:00+00:00,69.43884736603744,30.542199967663233,1.689369497033827,6.343962667344321,73.78129297751586,0.0,good,synthetic_device_spec_v11
synthetic_customer_010,cabinet_010,2026-09-06 19:10:00+00:00,69.29159035089509,30.62798080556912,1.6922633791056996,6.360433223504116,73.74218651361525,0.0,good,synthetic_device_spec_v11
synthetic_customer_010,cabinet_010,2026-09-06 19:20:00+00:00,68.83043850139111,30.857533949391428,1.705562112745194,6.36053467514421,72.09957194396219,0.0,good,synthetic_device_spec_v11
synthetic_customer_010,cabinet_010,2026-09-06 19:30:00+00:00,68.4507097962043,30.82635078444412,1.710755625819758,6.366901709229489,75.25390993665724,0.0,good,synthetic_device_spec_v11
synthetic_customer_010,cabinet_010,2026-09-06 19:40:00+00:00,68.15891463940441,31.113181725426813,1.7153106094527109,6.369827554716989,72.84897635637833,0.05447663378592644,good,synthetic_device_spec_v11
synthetic_customer_010,cabinet_010,2026-09-06 19:50:00+00:00,67.96316468476238,31.109324911064377,1.7255781876789686,6.377381615311338,74.32379788269435,0.0,good,synthetic_device_spec_v11
synthetic_customer_010,cabinet_010,2026-09-06 20:00:00+00:00,67.59747234164779,31.142664144001944,1.7365386280203983,6.388354685009852,70.49707316811899,0.10351114688613634,good,synthetic_device_spec_v11
synthetic_customer_010,cabinet_010,2026-09-06 20:10:00+00:00,67.26384641493247,31.439073042245045,1.7395886184787446,6.390888401970192,72.77026859560272,0.0,good,synthetic_device_spec_v11
synthetic_customer_010,cabinet_010,2026-09-06 20:20:00+00:00,66.93435184438972,31.23230828893453,1.7505110195724871,6.401749127902306,73.16334410939118,0.0,good,synthetic_device_spec_v11
synthetic_customer_010,cabinet_010,2026-09-06 20:30:00+00:00,66.83110760011235,31.45377641685934,1.757720123207616,6.407568670156602,72.04354648947265,0.013000400535547739,good,synthetic_device_spec_v11
synthetic_customer_010,cabinet_010,2026-09-06 20:40:00+00:00,66.34032872385194,31.608974398057303,1.7725746744345177,6.406500533654935,71.0832828458483,0.0,good,synthetic_device_spec_v11
synthetic_customer_010,cabinet_010,2026-09-06 20:50:00+00:00,65.92499665294807,31.58045711603642,1.7732537142661884,6.418701609959613,70.0762310860867,0.020465007276147383,good,synthetic_device_spec_v11
synthetic_customer_010,cabinet_010,2026-09-06 21:00:00+00:00,65.71216384140976,31.671263764581415,1.773280098557329,6.430685617684973,70.08919295027606,0.0,good,synthetic_device_spec_v11
synthetic_customer_010,cabinet_010,2026-09-06 21:10:00+00:00,65.578896235918,31.753166335956713,1.7833009281075067,6.4289112171227645,73.97872450152082,0.0,good,synthetic_device_spec_v11
synthetic_customer_010,cabinet_010,2026-09-06 21:20:00+00:00,64.94212819586687,31.714827488450734,1.780898195674657,6.437928899853392,71.30942343358765,0.0,good,synthetic_device_spec_v11
synthetic_customer_010,cabinet_010,2026-09-06 21:30:00+00:00,64.84190335101435,31.895646744853256,1.7857264311175876,6.442401052923018,71.62474123242633,0.08614046434779773,good,synthetic_device_spec_v11
synthetic_customer_010,cabinet_010,2026-09-06 21:40:00+00:00,64.4150355248576,31.93517969025514,1.8004470522648548,6.441775621897013,70.20268683715861,0.09738436340964106,good,synthetic_device_spec_v11
synthetic_customer_010,cabinet_010,2026-09-06 21:50:00+00:00,63.93018573642491,31.857876742111554,1.8084187620516972,6.451092720105762,73.02910219800697,0.0022892466823207763,good,synthetic_device_spec_v11
synthetic_customer_010,cabinet_010,2026-09-06 22:00:00+00:00,63.62016732209642,32.098158786043946,1.8151536644652189,6.461263573722614,72.26634850033501,0.013458902696359996,good,synthetic_device_spec_v11
synthetic_customer_010,cabinet_010,2026-09-06 22:10:00+00:00,63.48235277601782,31.84977860589255,1.8189142481270184,6.463330948115382,72.04568532072363,0.0,good,synthetic_device_spec_v11
synthetic_customer_010,cabinet_010,2026-09-06 22:20:00+00:00,62.97962609324282,31.927749099050217,1.834321506809431,6.468974619067774,72.61472991723575,0.04987084886560402,good,synthetic_device_spec_v11
synthetic_customer_010,cabinet_010,2026-09-06 22:30:00+00:00,62.72234187066894,31.876791642155403,1.844496297260704,6.4734400471928,71.2656864616224,0.04395195918363815,good,synthetic_device_spec_v11
synthetic_customer_010,cabinet_010,2026-09-06 22:40:00+00:00,62.39603364470144,31.875743964934347,1.8429370408431025,6.481312487645324,74.08339805718813,0.03405229469429106,good,synthetic_device_spec_v11
synthetic_customer_010,cabinet_010,2026-09-06 22:50:00+00:00,61.91203593829464,31.65609700218913,1.844550590051303,6.493231093086191,74.09926501000474,0.0,good,synthetic_device_spec_v11
synthetic_customer_010,cabinet_010,2026-09-06 23:00:00+00:00,61.64710623755693,31.84525632947999,1.8635560191223295,6.496046162116679,71.11000657382172,0.0,good,synthetic_device_spec_v11
synthetic_customer_010,cabinet_010,2026-09-06 23:10:00+00:00,61.549496362254175,31.57131801147163,1.8655274259047236,6.495467865292276,72.90154513529174,0.0,good,synthetic_device_spec_v11
synthetic_customer_010,cabinet_010,2026-09-07 00:00:00+00:00,59.812681615906804,31.067381033247816,1.8900309489735616,6.524239367879476,74.64116329464956,0.03851874111683463,good,synthetic_device_spec_v11
synthetic_customer_010,cabinet_010,2026-09-07 00:10:00+00:00,59.45241577234948,31.046188089827037,1.9005291446356447,6.530203688600189,74.7913059184054,11.95841647035232,good,synthetic_device_spec_v11
synthetic_customer_010,cabinet_010,2026-09-07 00:20:00+00:00,59.39672078292837,30.93575306074259,1.9049323916255607,6.5318934207777914,73.53746334090769,12.01438683231084,good,synthetic_device_spec_v11
synthetic_customer_010,cabinet_010,2026-09-07 00:30:00+00:00,59.079495795515435,30.697957946394123,1.9182322229297843,6.542358373437126,73.99683679327651,12.040584790395087,good,synthetic_device_spec_v11
synthetic_customer_010,cabinet_010,2026-09-07 00:40:00+00:00,58.884353763904265,30.570283484061957,1.9214057341681825,6.544368755986287,72.7106708779595,0.0,good,synthetic_device_spec_v11
synthetic_customer_010,cabinet_010,2026-09-07 00:50:00+00:00,58.631319195705494,30.42349880162112,1.9285369439671134,6.54023956048736,74.19330286540182,0.010565830079789392,good,synthetic_device_spec_v11
synthetic_customer_010,cabinet_010,2026-09-07 01:00:00+00:00,58.28456707400464,30.387631468477924,,6.553704212730251,74.33128311605385,0.0,good,synthetic_device_spec_v11
synthetic_customer_010,cabinet_010,2026-09-07 01:10:00+00:00,58.03027669373938,29.93257349018701,1.9385950097463263,6.553403642562949,74.47504782444015,0.004815103175179015,good,synthetic_device_spec_v11
synthetic_customer_010,cabinet_010,2026-09-07 01:20:00+00:00,58.05820209756933,29.974947411288255,1.9425349068474582,6.561628685007453,73.64788633324073,0.09355729939229254,good,synthetic_device_spec_v11
synthetic_customer_010,cabinet_010,2026-09-07 01:30:00+00:00,57.80870695276317,29.722132064742073,1.9389831182533757,6.567219959581799,75.55084032883079,0.0,good,synthetic_device_spec_v11
synthetic_customer_010,cabinet_010,2026-09-07 01:40:00+00:00,57.62806614042423,29.749553700850075,1.956048581218107,6.573322039957036,74.74647825241897,0.029364453948960603,good,synthetic_device_spec_v11
synthetic_customer_010,cabinet_010,2026-09-07 01:50:00+00:00,57.59168070719529,29.461648240047,1.9604287871578765,6.576435939932209,75.55370380806328,0.07760820347249482,good,synthetic_device_spec_v11
synthetic_customer_010,cabinet_010,2026-09-07 02:00:00+00:00,57.437836027355786,29.333640006260623,1.9610671347616568,6.582497709303631,74.46919253873712,0.0,good,synthetic_device_spec_v11
synthetic_customer_010,cabinet_010,2026-09-07 02:10:00+00:00,57.15670009700718,29.049044277747182,1.959627247579729,6.584757201781825,74.94823471059998,0.04929536259941608,good,synthetic_device_spec_v11
synthetic_customer_010,cabinet_010,2026-09-07 02:20:00+00:00,57.04390146645228,28.96762638337528,1.9675923473047587,6.586994670898873,75.35424261638248,0.0,good,synthetic_device_spec_v11
synthetic_customer_010,cabinet_010,2026-09-07 02:30:00+00:00,56.80889594110998,28.522857400009897,1.9784692071918701,6.587077864400839,77.40627422860287,0.0,good,synthetic_device_spec_v11
synthetic_customer_010,cabinet_010,2026-09-07 02:40:00+00:00,56.84225344928545,28.43272773345207,1.970120917887942,6.58446776490422,80.04394300007456,0.06005120592606826,good,synthetic_device_spec_v11
synthetic_customer_010,cabinet_010,2026-09-07 02:50:00+00:00,57.192221356396466,28.292777491740544,1.9684878811972062,6.5988774424323235,78.0147631379205,0.01432920360813502,good,synthetic_device_spec_v11
synthetic_customer_010,cabinet_010,2026-09-07 03:00:00+00:00,56.76751091940585,27.915300777031526,1.9725814456075368,6.597466598790073,78.29653938300744,0.0,good,synthetic_device_spec_v11
synthetic_customer_010,cabinet_010,2026-09-07 03:10:00+00:00,56.761332450570485,27.722022169126937,1.9829906957360002,6.604030278119157,78.64905192584999,0.0,good,synthetic_device_spec_v11
synthetic_customer_010,cabinet_010,2026-09-07 03:20:00+00:00,56.763348342123386,27.5994462344392,1.9852975291358432,6.607327643828827,77.63752286165655,0.05490090016504098,good,synthetic_device_spec_v11
synthetic_customer_010,cabinet_010,2026-09-07 03:30:00+00:00,56.788020651894236,27.224528180531617,1.989252171791547,6.599930062258665,78.56001357856886,0.0,good,synthetic_device_spec_v11
synthetic_customer_010,cabinet_010,2026-09-07 03:40:00+00:00,56.81500943230663,27.07716456225304,1.9876357054390361,6.6017182809758825,79.54384352379934,0.010588153119204606,good,synthetic_device_spec_v11
synthetic_customer_010,cabinet_010,2026-09-07 03:50:00+00:00,57.04503125222687,26.89573303545463,1.991519386307731,6.615154728696939,78.54871597032398,0.03595187005429681,good,synthetic_device_spec_v11
synthetic_customer_010,cabinet_010,2026-09-07 04:00:00+00:00,56.81961018481614,26.515478605092508,1.9972960391958952,6.6116825817582185,77.6145288702152,0.014181929264195368,good,synthetic_device_spec_v11
synthetic_customer_010,cabinet_010,2026-09-07 04:10:00+00:00,57.03680812775674,26.51519632448749,2.002960447675747,6.61480263298639,80.696743123779,2.4358917690586552,good,synthetic_device_spec_v11
synthetic_customer_010,cabinet_010,2026-09-07 04:20:00+00:00,57.20317461536068,26.29046556734947,2.001687815084587,6.621444419475712,78.42439682149379,2.368564248927571,good,synthetic_device_spec_v11
synthetic_customer_010,cabinet_010,2026-09-07 04:30:00+00:00,57.188080179882085,25.693347493987787,1.9982284175258536,6.622998689347953,80.83262947019597,2.432710390548093,good,synthetic_device_spec_v11
synthetic_customer_010,cabinet_010,2026-09-07 04:40:00+00:00,56.90676770732096,25.786348049160917,1.993040073967491,6.621082646282552,79.48916353223645,2.5259800667027985,good,synthetic_device_spec_v11
synthetic_customer_010,cabinet_010,2026-09-07 04:50:00+00:00,57.07821968470879,25.576805075748375,,6.626214181257861,82.61223203007206,0.0,good,synthetic_device_spec_v11
synthetic_customer_010,cabinet_010,2026-09-07 05:00:00+00:00,57.34454506551676,25.454647184653425,2.00546696390721,6.629359019622866,79.05397989051782,0.19771650879006167,good,synthetic_device_spec_v11
synthetic_customer_010,cabinet_010,2026-09-07 05:10:00+00:00,57.6256327841034,25.179833242160743,2.0063065176446515,6.63111661889366,81.31744399811424,0.0,good,synthetic_device_spec_v11
synthetic_customer_010,cabinet_010,2026-09-07 05:20:00+00:00,57.83789555370384,24.99508902626923,2.005286683079128,6.638761720925182,82.76310191174328,0.12348999237068471,good,synthetic_device_spec_v11
synthetic_customer_010,cabinet_010,2026-09-07 05:30:00+00:00,58.22264156523827,24.653666748305593,2.006862015140492,6.632928848180172,82.79645010652294,0.0,good,synthetic_device_spec_v11
synthetic_customer_010,cabinet_010,2026-09-07 05:40:00+00:00,58.23426542546404,24.495585356072983,2.00706775838484,6.636223022115122,82.7043859352889,0.0,good,synthetic_device_spec_v11
synthetic_customer_010,cabinet_010,2026-09-07 05:50:00+00:00,58.271278680425326,24.35133471587771,2.0163219410982784,6.631451829835968,81.78342280422275,0.016742704553857148,good,synthetic_device_spec_v11
synthetic_customer_010,cabinet_010,2026-09-07 06:00:00+00:00,58.454383277425364,23.994916532872367,2.012437198195527,6.629854721496655,81.4931613633096,0.015000694888060185,good,synthetic_device_spec_v11
synthetic_customer_010,cabinet_010,2026-09-07 06:10:00+00:00,58.691118178278735,24.009940431426287,1.999626884304761,6.640977179854492,83.52497875592265,12.00880184306882,good,synthetic_device_spec_v11
synthetic_customer_010,cabinet_010,2026-09-07 06:20:00+00:00,59.0361873448971,23.795074289761374,2.009119108159651,6.639132107522554,84.12502369100994,12.122572754123897,good,synthetic_device_spec_v11
synthetic_customer_010,cabinet_010,2026-09-07 06:30:00+00:00,59.09567874273015,23.584145461488507,1.9990465901276149,6.6319237106528055,83.35303740111128,11.955144441474408,good,synthetic_device_spec_v11
synthetic_customer_010,cabinet_010,2026-09-07 06:40:00+00:00,59.51658602190702,23.473134833190795,2.007482668335069,6.638734073426825,81.8658971886337,0.0,good,synthetic_device_spec_v11
synthetic_customer_010,cabinet_010,2026-09-07 06:50:00+00:00,59.79972119145406,23.126932754817968,2.001284981789806,6.632968041486368,84.97743026926766,0.0,good,synthetic_device_spec_v11
synthetic_customer_010,cabinet_010,2026-09-07 07:00:00+00:00,60.03731261465865,23.25399369112344,1.9933274198661257,6.640387725417949,83.90960939919101,0.0,good,synthetic_device_spec_v11
synthetic_customer_010,cabinet_010,2026-09-07 07:10:00+00:00,60.22952396913899,23.220196760187715,2.0043372477527432,6.641238658479045,84.3668299637571,0.11171651818841177,good,synthetic_device_spec_v11
synthetic_customer_010,cabinet_010,2026-09-07 07:20:00+00:00,60.553516439284024,22.867999442392943,1.996055051427847,6.634639223622914,84.50895722600693,0.0,good,synthetic_device_spec_v11
synthetic_customer_010,cabinet_010,2026-09-07 07:30:00+00:00,60.683408382814044,22.72877053302164,1.9968965722808225,6.638538261051038,85.19429174101509,0.0,good,synthetic_device_spec_v11
synthetic_customer_010,cabinet_010,2026-09-07 07:40:00+00:00,61.08024080142462,22.669568079655278,1.9924055491461758,6.643590435950223,81.9457484951895,0.0,good,synthetic_device_spec_v11
synthetic_customer_010,cabinet_010,2026-09-07 07:50:00+00:00,61.62401625567798,22.47896464707511,1.9913114201264595,6.638772232545135,84.15333161563895,0.0,good,synthetic_device_spec_v11
synthetic_customer_010,cabinet_010,2026-09-07 08:00:00+00:00,61.85484515594716,22.478338426139647,1.9882779449729848,6.6448552533450504,82.99720007968429,0.0,good,synthetic_device_spec_v11
synthetic_customer_010,cabinet_010,2026-09-07 08:10:00+00:00,62.19516373776903,22.228344676406845,1.9820586855670863,6.632908536667897,85.17809435505148,0.06860331920172097,good,synthetic_device_spec_v11
synthetic_customer_010,cabinet_010,2026-09-07 08:20:00+00:00,62.4804679764388,22.140850352612738,1.983649505920514,6.645591074947885,83.11106442806224,0.0,good,synthetic_device_spec_v11
synthetic_customer_010,cabinet_010,2026-09-07 08:30:00+00:00,62.99499377512186,22.06775611941641,1.9817655234602163,6.642210721276101,86.12622819510133,0.0,good,synthetic_device_spec_v11
synthetic_customer_010,cabinet_010,2026-09-07 08:40:00+00:00,63.0910033530211,21.945838861165957,1.9737496307985571,6.6385956824554615,86.99126520722245,0.0,good,synthetic_device_spec_v11
synthetic_customer_010,cabinet_010,2026-09-07 08:50:00+00:00,63.392440198254775,21.879842774593904,1.9708651935104495,6.6392936231040975,84.60418506461815,0.0,good,synthetic_device_spec_v11
synthetic_customer_010,cabinet_010,2026-09-07 09:00:00+00:00,63.895865432004705,21.8891124196731,1.9657020595224912,6.637603542656085,84.99939615996398,0.0,good,synthetic_device_spec_v11
synthetic_customer_010,cabinet_010,2026-09-07 09:10:00+00:00,64.30973616316234,21.873385621621992,1.958297968006666,6.628529454485237,83.29675576008401,0.05171921751533506,good,synthetic_device_spec_v11
synthetic_customer_010,cabinet_010,2026-09-07 09:20:00+00:00,64.58003622412704,21.7319475903092,1.9611353737785278,6.626320852262806,85.95321794778435,0.029456996505174367,good,synthetic_device_spec_v11
synthetic_customer_010,cabinet_010,2026-09-07 09:30:00+00:00,64.98553296428862,21.635648107075582,1.9610030992327894,6.6264988732301235,86.4496084822588,0.06693931692192946,good,synthetic_device_spec_v11
synthetic_customer_010,cabinet_010,2026-09-07 09:40:00+00:00,65.0604512417187,21.59325815491684,1.951733574496137,6.627244575741719,84.26549099778546,0.0,good,synthetic_device_spec_v11
synthetic_customer_010,cabinet_010,2026-09-07 09:50:00+00:00,65.56114147647581,21.83325170807266,1.9496809430068123,6.621906652912274,86.09528036337433,0.0,good,synthetic_device_spec_v11
synthetic_customer_010,cabinet_010,2026-09-07 10:00:00+00:00,66.06202943301753,21.743997098455267,1.9417734042960972,6.615813366517565,86.47377167071726,0.0,good,synthetic_device_spec_v11
synthetic_customer_010,cabinet_010,2026-09-07 10:10:00+00:00,66.34445663039936,21.709390204373808,1.9415362537245326,6.616232855247127,84.28960448072064,0.11011305522614859,good,synthetic_device_spec_v11
synthetic_customer_010,cabinet_010,2026-09-07 10:20:00+00:00,66.71359873832374,21.670284325901985,1.9379993414986347,6.621941180134668,85.5010283819848,0.16055562700679268,good,synthetic_device_spec_v11
synthetic_customer_010,cabinet_010,2026-09-07 10:30:00+00:00,66.9563845042398,21.902447773609275,1.9285833192011237,6.613888885630886,86.10005475892244,0.0,good,synthetic_device_spec_v11
synthetic_customer_010,cabinet_010,2026-09-07 10:40:00+00:00,67.14112465858737,21.976795686109362,1.9173484875117532,6.618025570060157,85.17561039426711,0.07973581611528226,good,synthetic_device_spec_v11
synthetic_customer_010,cabinet_010,2026-09-07 10:50:00+00:00,67.67750700679699,21.857247991614024,1.912221655859743,6.611384648206771,85.15061494239913,0.10131822238477113,good,synthetic_device_spec_v11
synthetic_customer_010,cabinet_010,2026-09-07 11:00:00+00:00,67.88621161602244,22.004831805353977,1.900640753660711,6.6051634389274865,84.81339204956475,0.0,good,synthetic_device_spec_v11
synthetic_customer_010,cabinet_010,2026-09-07 11:10:00+00:00,68.37336465135203,21.982588560215344,1.903154689151158,6.600506851059027,83.96653388317483,0.0,good,synthetic_device_spec_v11
synthetic_customer_010,cabinet_010,2026-09-07 11:20:00+00:00,68.58973253133419,22.28023318825024,1.903006561005335,6.611199324546856,84.56569241203741,0.0,good,synthetic_device_spec_v11
synthetic_customer_010,cabinet_010,2026-09-07 11:30:00+00:00,68.80796058461745,22.21314570985478,1.8952085416002955,6.600155300550898,85.99597845077228,0.07636317903950635,good,synthetic_device_spec_v11
synthetic_customer_010,cabinet_010,2026-09-07 11:40:00+00:00,69.25120981689896,22.33824302194947,1.8874202986342346,6.593512367664515,85.59503272012135,0.02750308059565339,good,synthetic_device_spec_v11
synthetic_customer_010,cabinet_010,2026-09-07 11:50:00+00:00,69.60194280194196,22.38523701401361,1.8833887077338891,6.581539254234032,82.96544811058249,0.0,good,synthetic_device_spec_v11
synthetic_customer_010,cabinet_010,2026-09-07 12:00:00+00:00,69.70456631838643,22.35713682686508,1.8740161140212324,6.582477665952694,85.66342342955468,0.004246515171727171,good,synthetic_device_spec_v11
synthetic_customer_010,cabinet_010,2026-09-07 12:10:00+00:00,70.21082961530826,22.682644795927107,1.860871955880935,6.587729142446164,82.99832547240773,11.8984331740672,good,synthetic_device_spec_v11
synthetic_customer_010,cabinet_010,2026-09-07 12:20:00+00:00,70.0661841255245,22.64098578589894,1.8615717817263202,6.580213021152405,84.86966455282392,11.995122759346309,good,synthetic_device_spec_v11
synthetic_customer_010,cabinet_010,2026-09-07 12:30:00+00:00,70.64366845525194,22.70361340641739,1.8525548880595488,6.575651472208017,83.7873269357469,11.910052005724946,good,synthetic_device_spec_v11
synthetic_customer_010,cabinet_010,2026-09-07 12:40:00+00:00,70.65124138115962,22.80676967387854,1.8453364661895908,6.569805156829551,86.1613663949533,0.0,good,synthetic_device_spec_v11
synthetic_customer_010,cabinet_010,2026-09-07 12:50:00+00:00,71.00326732694717,23.100739592542993,1.8438474662158593,6.567693006465248,84.43295148777091,0.0,good,synthetic_device_spec_v11
synthetic_customer_010,cabinet_010,2026-09-07 13:00:00+00:00,71.29495700703833,23.22564717945453,1.8322865394160266,6.559810494100209,84.07013469537047,0.0,good,synthetic_device_spec_v11
synthetic_customer_010,cabinet_010,2026-09-07 13:10:00+00:00,71.45113404085554,23.450137483698438,1.825030872047664,6.5564808361699685,84.37316712623402,0.0,good,synthetic_device_spec_v11
synthetic_customer_010,cabinet_010,2026-09-07 13:20:00+00:00,71.75868668131476,23.597952651962586,1.8203696912372562,6.556627610764039,81.40970496882736,0.0,good,synthetic_device_spec_v11
synthetic_customer_010,cabinet_010,2026-09-07 13:30:00+00:00,71.94929309397445,23.91574975392219,1.8109057720636257,6.5479455454820625,82.92324545372597,0.0,good,synthetic_device_spec_v11
synthetic_customer_010,cabinet_010,2026-09-07 13:40:00+00:00,72.03125283326496,23.900902710296275,1.8035194031471957,6.5492470934805755,83.00236732044068,0.026792986260105123,good,synthetic_device_spec_v11
synthetic_customer_010,cabinet_010,2026-09-07 13:50:00+00:00,72.04801554608356,24.079966661094293,1.7989483767479575,6.5428055561937795,82.34855263910225,0.033934908632844395,good,synthetic_device_spec_v11
synthetic_customer_010,cabinet_010,2026-09-07 14:00:00+00:00,72.24936772522251,24.25257304482378,1.8016347351125028,6.543138365172453,82.64596640497898,0.0,good,synthetic_device_spec_v11
synthetic_customer_010,cabinet_010,2026-09-07 14:10:00+00:00,72.41291135746114,24.64592109875273,1.7908509733247664,6.528569029919576,79.6783447991461,0.02009336032198599,good,synthetic_device_spec_v11
synthetic_customer_010,cabinet_010,2026-09-07 14:20:00+00:00,72.78170525502094,24.739002365803174,1.7775753581884581,6.53272156545996,79.99918811607391,0.0,good,synthetic_device_spec_v11
synthetic_customer_010,cabinet_010,2026-09-07 14:30:00+00:00,72.8056067427287,24.831234940020693,1.77361419639318,6.518539588939488,80.01323973252245,0.0,good,synthetic_device_spec_v11
synthetic_customer_010,cabinet_010,2026-09-07 14:40:00+00:00,72.80530264255987,25.111404366198336,,6.515393677782416,80.91744713563897,0.0,good,synthetic_device_spec_v11
synthetic_customer_010,cabinet_010,2026-09-07 14:50:00+00:00,72.62006695939276,25.267562401900356,1.7603508985366374,6.517430855953491,80.09495273094227,0.04212370600973928,good,synthetic_device_spec_v11
synthetic_customer_010,cabinet_010,2026-09-07 15:00:00+00:00,72.70596636739283,25.70589193303123,1.7580730158245348,6.503896903854571,79.4039310645938,0.14645922950688592,good,synthetic_device_spec_v11
synthetic_customer_010,cabinet_010,2026-09-07 15:10:00+00:00,72.85657944204992,25.632809244948994,1.7443694932605498,6.512627223436704,79.88365502997006,0.0,good,synthetic_device_spec_v11
synthetic_customer_010,cabinet_010,2026-09-07 15:20:00+00:00,72.98458195665765,25.93158852566561,1.7432927889333907,6.5020340068232345,79.91609188755044,0.049208313947222776,good,synthetic_device_spec_v11
synthetic_customer_010,cabinet_010,2026-09-07 15:30:00+00:00,73.10251182788339,26.009399988788797,1.7286597032867306,6.487554014663738,79.67009360115841,0.043525511992307794,good,synthetic_device_spec_v11
synthetic_customer_010,cabinet_010,2026-09-07 15:40:00+00:00,72.87609097994711,26.232988657206988,1.7336625884600658,6.486302875682486,80.68778087495845,0.0,good,synthetic_device_spec_v11
synthetic_customer_010,cabinet_010,2026-09-07 15:50:00+00:00,72.91318248630985,26.46519815442127,1.7137042300578262,6.47532896315342,80.80033079029641,0.0,good,synthetic_device_spec_v11
synthetic_customer_010,cabinet_010,2026-09-07 16:00:00+00:00,72.70799177214691,26.834149589953892,1.7129388506952348,6.477619881755422,78.00125437074585,0.0,good,synthetic_device_spec_v11
synthetic_customer_010,cabinet_010,2026-09-07 16:10:00+00:00,73.04319690785785,27.088998416236574,1.7103643606845529,6.4725514515745095,79.07920917556022,0.0,good,synthetic_device_spec_v11
synthetic_customer_010,cabinet_010,2026-09-07 16:20:00+00:00,72.62627724592576,27.318730314663885,1.7016177135400505,6.469357152097888,78.80051905681965,0.0793129639801192,good,synthetic_device_spec_v11
synthetic_customer_010,cabinet_010,2026-09-07 16:30:00+00:00,72.62033315846314,27.526308821874697,1.6905890284390634,6.459795820580745,77.7447051710228,0.0,good,synthetic_device_spec_v11
synthetic_customer_010,cabinet_010,2026-09-07 16:40:00+00:00,72.3350091488357,27.7084735953391,1.6909563431865022,6.453346622213954,79.24721908980207,0.04286330379210062,good,synthetic_device_spec_v11
synthetic_customer_010,cabinet_010,2026-09-07 16:50:00+00:00,72.59737270517087,28.017675175948227,1.6847165528862047,6.454169805267723,77.8984966055373,0.0,good,synthetic_device_spec_v11
synthetic_customer_010,cabinet_010,2026-09-07 17:00:00+00:00,72.39048249048633,28.150526872438842,1.6723233108073234,6.44327697278456,78.2669301951053,0.09886863556417849,good,synthetic_device_spec_v11
synthetic_customer_010,cabinet_010,2026-09-07 17:10:00+00:00,72.12862243653787,28.27795717729501,1.6592369335046304,6.435119804554507,78.1663950058212,0.025904719988922482,good,synthetic_device_spec_v11
synthetic_customer_010,cabinet_010,2026-09-07 17:20:00+00:00,72.01389880609443,28.5135803862962,1.6642777810798783,6.436379049051948,76.89877541795293,0.06738658528148354,good,synthetic_device_spec_v11
synthetic_customer_010,cabinet_010,2026-09-07 17:30:00+00:00,71.68417383629739,28.694914668586424,1.6566167386293453,6.421834590312048,75.92691144081238,0.10262501273511658,good,synthetic_device_spec_v11
synthetic_customer_010,cabinet_010,2026-09-07 17:40:00+00:00,71.50986957610803,28.80020432176489,1.6515384325877234,6.417101566530595,78.43816497344801,0.12609143688116994,good,synthetic_device_spec_v11
synthetic_customer_010,cabinet_010,2026-09-07 17:50:00+00:00,71.5534689640533,29.079214625686344,1.6445494266338863,6.4143199839874425,76.13823210942026,0.006108420628514826,good,synthetic_device_spec_v11
synthetic_customer_010,cabinet_010,2026-09-07 18:00:00+00:00,71.36425880192083,29.32160965408913,1.6405391707510653,6.40318014420555,77.2347417825633,0.0,good,synthetic_device_spec_v11
synthetic_customer_010,cabinet_010,2026-09-07 18:10:00+00:00,71.02349781288362,29.36220287291166,1.6290055484585435,6.393668243314192,75.98730309887286,12.072052309997735,good,synthetic_device_spec_v11
synthetic_customer_010,cabinet_010,2026-09-07 18:20:00+00:00,70.678006190837,29.654458748348006,1.6214047431699918,6.397208673427457,75.77645104395894,12.036960021281125,good,synthetic_device_spec_v11
synthetic_customer_010,cabinet_010,2026-09-07 18:30:00+00:00,70.35641340920803,29.982368636661782,1.6201456264530856,6.388567449181242,75.09024632369803,12.032423192899948,good,synthetic_device_spec_v11
synthetic_customer_010,cabinet_010,2026-09-07 18:40:00+00:00,70.39778164851128,29.98606500833751,1.6085814066583157,6.375045307435622,75.33872076271334,0.013131902470158469,good,synthetic_device_spec_v11
synthetic_customer_010,cabinet_010,2026-09-07 18:50:00+00:00,69.93108762343712,30.136397456114427,1.5985273906083788,6.371549383276201,75.33753501649778,0.0,good,synthetic_device_spec_v11
synthetic_customer_010,cabinet_010,2026-09-07 19:00:00+00:00,69.70558876997704,30.36671573005739,1.5942631875522395,6.3672855182187655,73.73788091709241,0.0,good,synthetic_device_spec_v11
synthetic_customer_010,cabinet_010,2026-09-07 19:10:00+00:00,69.59667124776834,30.42645240691967,1.593556886175477,6.370743680724916,73.44081263956225,0.09560440902342807,good,synthetic_device_spec_v11
synthetic_customer_010,cabinet_010,2026-09-07 19:20:00+00:00,69.26220009691812,30.558981305254974,1.5955467105589847,6.3562587859069595,74.88027454056831,0.0,good,synthetic_device_spec_v11
synthetic_customer_010,cabinet_010,2026-09-07 20:10:00+00:00,67.52197177161172,31.239844823235472,1.5634772266736592,6.324487141572851,73.6445846686986,0.09708481941954605,good,synthetic_device_spec_v11
synthetic_customer_010,cabinet_010,2026-09-07 20:20:00+00:00,67.20928497829021,31.227684799267323,1.5576898603626528,6.330473091763066,72.65089691705364,0.10992754178039432,good,synthetic_device_spec_v11
synthetic_customer_010,cabinet_010,2026-09-07 20:30:00+00:00,66.82952143974188,31.313873278725204,1.5604147236998265,6.313441809902414,74.40204757646516,0.0,good,synthetic_device_spec_v11
synthetic_customer_010,cabinet_010,2026-09-07 20:40:00+00:00,66.65239210722572,31.389570745906607,1.5497303559897748,6.317525100728221,73.96331823566253,0.0,good,synthetic_device_spec_v11
synthetic_customer_010,cabinet_010,2026-09-07 20:50:00+00:00,66.62267163177773,31.39380447231134,1.5502274903246915,6.313810530274985,74.60460470066245,0.11582085476870717,good,synthetic_device_spec_v11
synthetic_customer_010,cabinet_010,2026-09-07 21:00:00+00:00,66.05081203812394,31.424726307143676,1.551990438859322,6.295422725399889,73.4163509905593,0.0,good,synthetic_device_spec_v11
synthetic_customer_010,cabinet_010,2026-09-07 21:10:00+00:00,65.81214911556285,31.61564040660912,1.54206038995994,6.292212793815054,74.71718814442053,0.0,good,synthetic_device_spec_v11
synthetic_customer_010,cabinet_010,2026-09-07 21:20:00+00:00,65.1091306561464,31.64068533173243,1.5391796904434207,6.286114698343021,71.62656763675828,0.07823881543318137,good,synthetic_device_spec_v11
synthetic_customer_010,cabinet_010,2026-09-07 21:30:00+00:00,64.73101806894678,31.608380352741698,1.5316475923317372,6.275941827774386,74.3675306800595,0.02107448648334187,good,synthetic_device_spec_v11
synthetic_customer_010,cabinet_010,2026-09-07 21:40:00+00:00,64.61690302448204,31.63834941130368,1.5422031917137362,6.271113949853303,72.424508738466,0.0,bad,synthetic_device_spec_v11
synthetic_customer_010,cabinet_010,2026-09-07 21:50:00+00:00,64.52016275942924,31.746980219748135,1.5257571084189805,6.262315512156219,71.72046965280609,0.21999306661027673,bad,synthetic_device_spec_v11
synthetic_customer_010,cabinet_010,2026-09-07 22:00:00+00:00,64.04401366442877,31.715210854650817,1.5357500536997573,6.2566230537508325,71.95406521881355,0.18098179030487738,bad,synthetic_device_spec_v11
synthetic_customer_010,cabinet_010,2026-09-07 22:10:00+00:00,63.64152831014933,31.736108562483953,1.5289876882414846,6.251156362655398,74.10106700615228,0.0,good,synthetic_device_spec_v11
synthetic_customer_010,cabinet_010,2026-09-07 22:20:00+00:00,63.176536143922284,31.46049151101904,1.5250336978830807,6.250160456475305,72.74174092102845,0.0,good,synthetic_device_spec_v11
synthetic_customer_010,cabinet_010,2026-09-07 22:30:00+00:00,63.0860735346736,31.671953840575085,1.5230926981696677,6.248267221646858,72.49215659313232,0.0,good,synthetic_device_spec_v11
synthetic_customer_010,cabinet_010,2026-09-07 22:40:00+00:00,62.40695515970593,31.554637334843306,1.5145535751334072,6.24049094359695,72.18366730278824,0.04499405278030072,good,synthetic_device_spec_v11
synthetic_customer_010,cabinet_010,2026-09-07 22:50:00+00:00,62.31505399969482,31.5449854394565,1.5255631993673882,6.23238864132803,72.79979156059004,0.04133470308406349,good,synthetic_device_spec_v11
synthetic_customer_010,cabinet_010,2026-09-07 23:00:00+00:00,61.67555445537524,31.375403353458182,1.5205913217184683,6.232679492516397,74.01740199185288,0.0,good,synthetic_device_spec_v11
synthetic_customer_010,cabinet_010,2026-09-07 23:10:00+00:00,61.749227453416125,31.486635747241987,1.5262943012621297,6.228713266767898,72.39224040607002,0.0,good,synthetic_device_spec_v11
synthetic_customer_010,cabinet_010,2026-09-08 00:10:00+00:00,59.764996608138915,30.752264523864145,1.5178778654225187,6.195052307071793,73.8431670455984,12.239415151267004,good,synthetic_device_spec_v11
synthetic_customer_010,cabinet_010,2026-09-08 00:20:00+00:00,59.7067027851732,30.606358205962596,1.5137785357482318,6.179878077942896,74.12151237502727,12.003553335996465,good,synthetic_device_spec_v11
synthetic_customer_010,cabinet_010,2026-09-08 00:30:00+00:00,59.207250264496686,30.458072506843592,1.5214549299695985,6.178149409921217,74.50707928847109,11.981935839291,good,synthetic_device_spec_v11
synthetic_customer_010,cabinet_010,2026-09-08 00:40:00+00:00,59.062577875580565,30.292755732227526,1.5253447785883354,6.177891876464559,74.85987719086914,0.0,good,synthetic_device_spec_v11
synthetic_customer_010,cabinet_010,2026-09-08 00:50:00+00:00,58.93316432195837,30.184234352804953,1.5238980087787288,6.171089728923987,74.55333189378926,0.1377108501652177,good,synthetic_device_spec_v11
synthetic_customer_010,cabinet_010,2026-09-08 01:00:00+00:00,58.86216718070948,30.000379966409373,1.5240589647449165,6.16512039527521,76.04898637708317,0.08355967358255482,good,synthetic_device_spec_v11
synthetic_customer_010,cabinet_010,2026-09-08 01:10:00+00:00,58.61401396663482,29.93254041658351,1.528666642055992,6.165110821268763,75.91974771205349,0.11026458081627855,good,synthetic_device_spec_v11
synthetic_customer_010,cabinet_010,2026-09-08 01:20:00+00:00,58.28654035141008,29.658875001525686,1.5237613386490059,6.156324409450172,74.7167969971131,0.0,good,synthetic_device_spec_v11
synthetic_customer_010,cabinet_010,2026-09-08 01:30:00+00:00,58.12318728491452,29.272334496555594,1.529435368213975,6.150589100987331,76.72873950458124,0.03276364774288642,good,synthetic_device_spec_v11
synthetic_customer_010,cabinet_010,2026-09-08 01:40:00+00:00,57.86566233973493,29.283347379206514,1.5311154511127416,6.1447124530793875,75.23802427434543,0.10079306020080071,good,synthetic_device_spec_v11
synthetic_customer_010,cabinet_010,2026-09-08 01:50:00+00:00,57.89014678495053,29.180284814073666,1.5329205897112363,6.145551041204509,75.03030350167742,0.044020862962819846,good,synthetic_device_spec_v11
synthetic_customer_010,cabinet_010,2026-09-08 02:00:00+00:00,57.79368229892098,28.735217123240574,1.5407538913488326,6.138564528647484,77.02884520332854,0.0,good,synthetic_device_spec_v11
synthetic_customer_010,cabinet_010,2026-09-08 02:10:00+00:00,57.478493275435675,28.596582775635934,1.544428582403821,6.137356379614197,75.57399409886592,0.0014474344701103149,good,synthetic_device_spec_v11
synthetic_customer_010,cabinet_010,2026-09-08 02:20:00+00:00,57.48670534319613,28.58668763681205,1.5437187781923551,6.133963460240582,76.19034784831321,0.16991138637629202,good,synthetic_device_spec_v11
synthetic_customer_010,cabinet_010,2026-09-08 02:30:00+00:00,57.55821235003681,28.16983274840043,1.5417899331333245,6.125405356338052,77.77716940786496,0.0,good,synthetic_device_spec_v11
synthetic_customer_010,cabinet_010,2026-09-08 02:40:00+00:00,57.516566336856016,28.06529436558572,1.5427384564665938,6.127463728890049,76.75212327306902,0.08444233744216392,good,synthetic_device_spec_v11
synthetic_customer_010,cabinet_010,2026-09-08 02:50:00+00:00,57.06776734562653,27.802490805244886,1.546710668254131,6.1247562886585225,77.72145590160525,0.0,good,synthetic_device_spec_v11
synthetic_customer_010,cabinet_010,2026-09-08 03:00:00+00:00,57.14301881844467,27.63723309629488,1.5524495084296657,6.126230411387237,77.89505386171027,0.04168758002561912,good,synthetic_device_spec_v11
synthetic_customer_010,cabinet_010,2026-09-08 03:10:00+00:00,57.374847820432464,27.329937356604493,1.5597151259279756,6.112399497589648,79.1707019082808,0.17474441019624404,good,synthetic_device_spec_v11
synthetic_customer_010,cabinet_010,2026-09-08 03:20:00+00:00,57.096692317367,27.08267957276476,1.5604055053495292,6.1113011148819245,76.99094142086614,0.0,good,synthetic_device_spec_v11
synthetic_customer_010,cabinet_010,2026-09-08 03:30:00+00:00,57.165520886573056,26.917148590509324,1.564731069011056,6.09995346773216,77.94324302164603,0.0,good,synthetic_device_spec_v11
synthetic_customer_010,cabinet_010,2026-09-08 03:40:00+00:00,57.13871865952529,26.755712712628885,1.566550501297799,6.104624211483858,79.32259952943126,0.026545056475726535,good,synthetic_device_spec_v11
synthetic_customer_010,cabinet_010,2026-09-08 03:50:00+00:00,57.294644009025816,26.581206717375853,1.5740520345681872,6.0972510200921795,79.03055735567632,0.07821775118119877,good,synthetic_device_spec_v11
synthetic_customer_010,cabinet_010,2026-09-08 04:00:00+00:00,57.20722872240777,26.332996486221397,1.5761873333894498,6.1050719830936915,80.64637537661179,0.0,good,synthetic_device_spec_v11
synthetic_customer_010,cabinet_010,2026-09-08 04:10:00+00:00,57.33432093027174,26.137636171404612,1.578867415483623,6.094389072562976,78.88584037728552,0.0,good,synthetic_device_spec_v11
synthetic_customer_010,cabinet_010,2026-09-08 04:20:00+00:00,57.30926812830441,26.034125072795053,1.5894159182427312,6.097927219452792,80.82468400559691,0.04183860748434286,good,synthetic_device_spec_v11
synthetic_customer_010,cabinet_010,2026-09-08 04:30:00+00:00,57.26648444920449,25.725369436429315,1.5858205440652866,6.091746432813753,79.44893128259267,0.0002127766954047057,good,synthetic_device_spec_v11
synthetic_customer_010,cabinet_010,2026-09-08 04:40:00+00:00,57.49587576465048,25.67047493934013,1.599435413071582,6.098112750023168,81.13496224398949,0.0,good,synthetic_device_spec_v11
synthetic_customer_010,cabinet_010,2026-09-08 04:50:00+00:00,57.721629812454516,25.578113983936515,1.5998808484012799,6.09024801644994,81.81016322508857,0.0,good,synthetic_device_spec_v11
synthetic_customer_010,cabinet_010,2026-09-08 05:00:00+00:00,57.79560048579467,25.05785729603432,1.6004916864395988,6.1004681389175275,80.94643481707067,0.07654118666377144,good,synthetic_device_spec_v11
synthetic_customer_010,cabinet_010,2026-09-08 05:10:00+00:00,57.88406149054888,24.918185441093524,1.6069787220067842,6.08883622227818,81.84515026731043,0.0,good,synthetic_device_spec_v11
synthetic_customer_010,cabinet_010,2026-09-08 05:20:00+00:00,58.19998421126341,24.638537333288905,1.6162805565886489,6.0904029821825185,81.96404181259346,0.013658164947585894,good,synthetic_device_spec_v11
synthetic_customer_010,cabinet_010,2026-09-08 05:30:00+00:00,58.39456705944107,24.55255725169987,1.6260923539040735,6.086719716679569,82.61757290747902,0.0,good,synthetic_device_spec_v11
synthetic_customer_010,cabinet_010,2026-09-08 05:40:00+00:00,58.30140092151139,24.136608544618802,1.626409267748359,6.087088094983061,82.14577894009264,0.0,good,synthetic_device_spec_v11
synthetic_customer_010,cabinet_010,2026-09-08 05:50:00+00:00,58.43048647642711,24.197389841424513,1.63137558684768,6.082453131284696,81.07908397008399,0.10964252552243772,good,synthetic_device_spec_v11
synthetic_customer_010,cabinet_010,2026-09-08 06:00:00+00:00,58.9413101451277,24.033701220468327,1.6430543256718841,6.090866117141685,82.29404939331624,0.007172150962526242,good,synthetic_device_spec_v11
synthetic_customer_010,cabinet_010,2026-09-08 06:10:00+00:00,58.950017421143265,23.882016839115646,1.6427725581804185,6.091421909104985,82.80498469741215,12.074467167469118,good,synthetic_device_spec_v11
synthetic_customer_010,cabinet_010,2026-09-08 06:20:00+00:00,59.10831562451018,23.591770075746375,1.6531469062868347,6.082737936450614,84.23455490112605,11.872727359339503,good,synthetic_device_spec_v11
synthetic_customer_010,cabinet_010,2026-09-08 06:30:00+00:00,59.67972695105822,23.462995398180265,1.6548116473651218,6.091007672223581,82.76638017717404,12.031838855949418,good,synthetic_device_spec_v11
synthetic_customer_010,cabinet_010,2026-09-08 06:40:00+00:00,59.69700377920544,23.33538906210436,1.6633312611570652,6.086156838308702,83.07371023258415,0.0,good,synthetic_device_spec_v11
synthetic_customer_010,cabinet_010,2026-09-08 06:50:00+00:00,60.134479615521954,23.207503433483698,1.670738765439837,6.088291411102183,85.8535461555876,0.07828867245694712,good,synthetic_device_spec_v11
synthetic_customer_010,cabinet_010,2026-09-08 07:00:00+00:00,60.03602815621473,23.049393983961924,1.6812856670115832,6.087025779031,82.32794244500509,0.039181084448534395,good,synthetic_device_spec_v11
synthetic_customer_010,cabinet_010,2026-09-08 07:10:00+00:00,60.45709159703937,22.905399462192545,1.6873909170217714,6.0845712461683235,85.92550165475944,0.0,good,synthetic_device_spec_v11
synthetic_customer_010,cabinet_010,2026-09-08 07:20:00+00:00,61.045271112331925,22.877357711555216,1.6962380208945984,6.082806232200243,82.68746881860852,0.08582380097474519,good,synthetic_device_spec_v11
synthetic_customer_010,cabinet_010,2026-09-08 07:30:00+00:00,61.257497152595136,22.606578684295744,,6.086052755868137,84.40349799873562,0.09147157258827526,good,synthetic_device_spec_v11
synthetic_customer_010,cabinet_010,2026-09-08 07:40:00+00:00,61.331388255982446,22.450658376541114,1.707703601954266,6.08845105901054,84.72133304477416,0.0,good,synthetic_device_spec_v11
synthetic_customer_010,cabinet_010,2026-09-08 07:50:00+00:00,61.91383431303414,22.27703268244253,1.707625151604027,6.088219658417729,84.44924140177204,0.10718907489667984,good,synthetic_device_spec_v11
synthetic_customer_010,cabinet_010,2026-09-08 08:00:00+00:00,62.07392254991501,22.277204872870772,1.7126785423198065,6.08148422085316,84.39195328975444,0.09752767655066234,good,synthetic_device_spec_v11
synthetic_customer_010,cabinet_010,2026-09-08 08:10:00+00:00,62.505002359348666,22.098290716646904,1.7331707486762806,6.0808087648384,85.75348490812428,0.0,good,synthetic_device_spec_v11
synthetic_customer_010,cabinet_010,2026-09-08 08:20:00+00:00,62.6293447972197,22.063001255147267,1.7317523095998861,6.087428840175939,84.66063068084516,0.0,good,synthetic_device_spec_v11
synthetic_customer_010,cabinet_010,2026-09-08 08:30:00+00:00,63.204378379757785,21.969931143663235,1.7436045038017705,6.0793124878473765,86.7093471267574,0.0,good,synthetic_device_spec_v11
synthetic_customer_010,cabinet_010,2026-09-08 08:40:00+00:00,63.60923546694003,21.874482713090487,1.7492859233052933,6.084008955593523,86.040968697624,0.0,good,synthetic_device_spec_v11
synthetic_customer_010,cabinet_010,2026-09-08 08:50:00+00:00,63.60640862805395,21.94159369017985,1.7489707433073731,6.086816124953169,86.77712534173288,0.09677139527680766,good,synthetic_device_spec_v11
synthetic_customer_010,cabinet_010,2026-09-08 09:00:00+00:00,64.20444738861684,21.895144513785482,1.768436966444592,6.08392885397538,83.18003352408495,0.025242051222287447,good,synthetic_device_spec_v11
synthetic_customer_010,cabinet_010,2026-09-08 09:10:00+00:00,64.5413992920136,21.712211986271406,1.7691373438206084,6.084423178505966,84.25941442981538,0.0,good,synthetic_device_spec_v11
synthetic_customer_010,cabinet_010,2026-09-08 09:20:00+00:00,64.82950019266217,21.66029736031347,1.7746605190760305,6.089514054417365,87.68082458796931,0.0,good,synthetic_device_spec_v11
synthetic_customer_010,cabinet_010,2026-09-08 09:30:00+00:00,65.03727074158412,21.59509973522809,1.7811541893569613,6.096150736080142,84.15109408919987,0.0,good,synthetic_device_spec_v11
synthetic_customer_010,cabinet_010,2026-09-08 09:40:00+00:00,65.62042571719172,21.645053593035595,1.7841074326394795,6.096512861856207,86.06215724620043,0.04339602696011758,good,synthetic_device_spec_v11
synthetic_customer_010,cabinet_010,2026-09-08 09:50:00+00:00,65.99536655941108,21.415753818730728,1.7995706755791205,6.0930434064440915,86.41959563573583,0.16875808671296633,good,synthetic_device_spec_v11
synthetic_customer_010,cabinet_010,2026-09-08 10:00:00+00:00,66.17024639560398,21.592750888654933,1.8089677563622617,6.093125914566211,87.82166322982181,0.024522819001728348,good,synthetic_device_spec_v11
synthetic_customer_010,cabinet_010,2026-09-08 10:10:00+00:00,66.62123204841602,21.526094008867357,,6.102027348476265,88.66741364988738,0.0,good,synthetic_device_spec_v11
synthetic_customer_010,cabinet_010,2026-09-08 10:20:00+00:00,67.22822991784182,21.480689680457914,1.8216296022911955,6.100553511261136,86.58980110165712,0.12041078188209571,good,synthetic_device_spec_v11
synthetic_customer_010,cabinet_010,2026-09-08 10:30:00+00:00,67.07693240646888,21.67346324069425,1.8157604119912276,6.102601260775198,85.22401906081234,0.0,good,synthetic_device_spec_v11
synthetic_customer_010,cabinet_010,2026-09-08 10:40:00+00:00,67.48444559569361,21.720292875401473,1.829326343679056,6.104903768198154,87.00304168865335,0.0,good,synthetic_device_spec_v11
synthetic_customer_010,cabinet_010,2026-09-08 10:50:00+00:00,68.08137109193109,21.825632596938107,1.8346333059607516,6.105901655991308,86.43633101044855,0.017123592894918323,good,synthetic_device_spec_v11
synthetic_customer_010,cabinet_010,2026-09-08 11:00:00+00:00,68.35255527969261,21.960124365248518,1.8408089493513518,6.113687929075021,84.51879757182797,0.0,good,synthetic_device_spec_v11
synthetic_customer_010,cabinet_010,2026-09-08 11:10:00+00:00,68.61617381109657,21.93142288643443,1.8519974064174987,6.118591382933184,86.49990357826788,0.0,good,synthetic_device_spec_v11
synthetic_customer_010,cabinet_010,2026-09-08 11:20:00+00:00,68.70747337822716,21.93482352136879,1.856908015168901,6.118102309579818,86.68130298720278,0.03741990993707624,good,synthetic_device_spec_v11
synthetic_customer_010,cabinet_010,2026-09-08 11:30:00+00:00,69.26969676498325,21.917197553087156,1.864085969642551,6.118284829909337,83.63714636795346,0.017943836135455398,good,synthetic_device_spec_v11
synthetic_customer_010,cabinet_010,2026-09-08 11:40:00+00:00,69.4599861506647,22.19818284970338,1.8797131758041827,6.125531188931894,85.30483289216842,0.027478213907527818,good,synthetic_device_spec_v11
synthetic_customer_010,cabinet_010,2026-09-08 11:50:00+00:00,69.83635222341331,22.3088363491458,1.8772624338530475,6.125021693621148,85.4581776844582,0.021040656547198257,good,synthetic_device_spec_v11
synthetic_customer_010,cabinet_010,2026-09-08 12:00:00+00:00,69.91785178486387,22.564228951545555,1.886250226784653,6.126537858722607,85.03308007108981,0.0,good,synthetic_device_spec_v11
synthetic_customer_010,cabinet_010,2026-09-08 12:10:00+00:00,70.39816417474272,22.52444077743242,1.8836603913016443,6.134402362189649,84.61952270342557,11.982929666718706,good,synthetic_device_spec_v11
synthetic_customer_010,cabinet_010,2026-09-08 12:20:00+00:00,70.70120477592674,22.58097523678188,1.894689136379619,6.135724462689155,84.90669463215443,12.088542548697188,good,synthetic_device_spec_v11
synthetic_customer_010,cabinet_010,2026-09-08 12:30:00+00:00,70.91096760455302,22.721122771040747,1.8970303702934497,6.141798483334019,85.86197527449346,12.029895727990978,good,synthetic_device_spec_v11
synthetic_customer_010,cabinet_010,2026-09-08 12:40:00+00:00,71.02905720140393,23.04211336412468,1.9054282623008034,6.14641116622408,83.8118346153085,0.0,good,synthetic_device_spec_v11
synthetic_customer_010,cabinet_010,2026-09-08 12:50:00+00:00,70.96045864389978,23.149198989429184,1.9079240835057063,6.144905030603303,84.00163278663781,0.0,good,synthetic_device_spec_v11
synthetic_customer_010,cabinet_010,2026-09-08 13:00:00+00:00,71.54224921062907,23.17019022980683,1.9135846816533733,6.146089198473184,84.26260117342619,0.0,good,synthetic_device_spec_v11
synthetic_customer_010,cabinet_010,2026-09-08 13:10:00+00:00,71.61495483788494,23.638975453577373,1.9168577081797284,6.159241172708231,83.1662310758928,0.0,good,synthetic_device_spec_v11
synthetic_customer_010,cabinet_010,2026-09-08 13:20:00+00:00,72.17413721864722,23.6230440202792,1.920036769589566,6.1573711596521425,85.65853846615414,0.1774771115313145,good,synthetic_device_spec_v11
synthetic_customer_010,cabinet_010,2026-09-08 13:30:00+00:00,72.13631897942194,23.912510215383996,1.936052882366624,6.166473181098809,83.7939475208118,0.0,good,synthetic_device_spec_v11
synthetic_customer_010,cabinet_010,2026-09-08 13:40:00+00:00,72.23904388094778,24.04466854394742,1.937486035329372,6.170124263314843,82.96517788433596,0.010309712973122465,good,synthetic_device_spec_v11
synthetic_customer_010,cabinet_010,2026-09-08 13:50:00+00:00,72.47138320571285,24.077899596441604,1.9319290730458514,6.176146488740861,82.77099049448839,0.0,good,synthetic_device_spec_v11
synthetic_customer_010,cabinet_010,2026-09-08 14:00:00+00:00,72.42056761030084,24.478427512046625,1.9422260101332707,6.1752842583955925,80.69023117567305,0.0,good,synthetic_device_spec_v11
synthetic_customer_010,cabinet_010,2026-09-08 14:10:00+00:00,72.52568295915455,24.506397600926938,1.9476588203776342,6.186084452453517,80.1021085260579,0.0,good,synthetic_device_spec_v11
synthetic_customer_010,cabinet_010,2026-09-08 14:20:00+00:00,72.70187862116032,24.998302350529006,1.9502180602174406,6.185473399497462,81.73225585565217,0.004562401623693321,good,synthetic_device_spec_v11
synthetic_customer_010,cabinet_010,2026-09-08 14:30:00+00:00,72.93351097387523,24.959657985616317,1.9547907693058015,6.194093966197403,81.29245353963087,0.0,good,synthetic_device_spec_v11
synthetic_customer_010,cabinet_010,2026-09-08 14:40:00+00:00,72.8397618881892,25.22591099563399,1.9642019237844193,6.194162269174966,81.04824970584197,0.0,good,synthetic_device_spec_v11
synthetic_customer_010,cabinet_010,2026-09-08 14:50:00+00:00,73.05586260614874,25.36613965854976,1.9644062045287747,6.201834389991029,79.14449617213278,0.028319865490259034,good,synthetic_device_spec_v11
synthetic_customer_010,cabinet_010,2026-09-08 15:00:00+00:00,73.4017523307779,25.716758339262455,1.9627971864669682,6.196666901989743,80.71841318404927,0.0,good,synthetic_device_spec_v11
synthetic_customer_010,cabinet_010,2026-09-08 15:10:00+00:00,73.28702434495507,25.80905061387032,1.9666853779539712,6.205779422210284,81.19106332501991,0.0,good,synthetic_device_spec_v11
synthetic_customer_010,cabinet_010,2026-09-08 15:20:00+00:00,73.2153927037197,26.056492668587,1.9734479734877781,6.21469781645015,79.91749695750427,0.0,good,synthetic_device_spec_v11
synthetic_customer_010,cabinet_010,2026-09-08 15:30:00+00:00,73.0174092833392,26.17828415675535,1.964506027149802,6.214162055565312,81.40668072812079,0.0,good,synthetic_device_spec_v11
synthetic_customer_010,cabinet_010,2026-09-08 15:40:00+00:00,73.01317219463805,26.54552957899169,1.9719453076672036,6.220826971598019,79.57095109583551,0.0,good,synthetic_device_spec_v11
synthetic_customer_010,cabinet_010,2026-09-08 15:50:00+00:00,73.11198008052595,26.62871336284407,1.979513665047876,6.230559984135209,78.80007682647258,0.07957500661637945,good,synthetic_device_spec_v11
synthetic_customer_010,cabinet_010,2026-09-08 16:00:00+00:00,73.10340901065292,27.039990252024687,1.9771156364349276,6.240196694984328,80.0453101968479,0.03019054749580629,good,synthetic_device_spec_v11
synthetic_customer_010,cabinet_010,2026-09-08 16:10:00+00:00,72.92672675953837,27.13261768016998,1.9884910010387373,6.244874924023475,78.55710032670387,0.036172623353599755,good,synthetic_device_spec_v11
synthetic_customer_010,cabinet_010,2026-09-08 16:20:00+00:00,73.01563486441385,27.3564736668168,1.985375264548451,6.250862515351302,78.82289847517241,0.0,good,synthetic_device_spec_v11
synthetic_customer_010,cabinet_010,2026-09-08 16:30:00+00:00,72.75464065617253,27.621153003061305,1.985475963724181,6.248487739061263,77.01799480024489,0.11029981209175593,good,synthetic_device_spec_v11
synthetic_customer_010,cabinet_010,2026-09-08 16:40:00+00:00,72.78641286710601,27.703340851432593,1.991145244675272,6.260613552680629,78.51105385380389,2.6296916985029952,good,synthetic_device_spec_v11
synthetic_customer_010,cabinet_010,2026-09-08 16:50:00+00:00,72.48438394830717,28.12954139205961,1.996844621868777,6.265014518374304,78.63391914902871,2.557029414127859,good,synthetic_device_spec_v11
synthetic_customer_010,cabinet_010,2026-09-08 17:00:00+00:00,72.26453659799705,28.07200095900378,1.9863205777857085,6.266835199075068,77.15951909947375,2.4327220579965987,good,synthetic_device_spec_v11
synthetic_customer_010,cabinet_010,2026-09-08 17:10:00+00:00,72.19002328360814,28.350520661561408,1.9902216257428347,6.278930870159631,74.49157497280464,2.513702904434262,good,synthetic_device_spec_v11
synthetic_customer_010,cabinet_010,2026-09-08 17:20:00+00:00,72.18870054531043,28.693598625259078,1.9875269967389222,6.283801382024011,75.36521216904066,2.547568706278276,good,synthetic_device_spec_v11
synthetic_customer_010,cabinet_010,2026-09-08 17:30:00+00:00,71.95801459855173,28.75747888598528,1.9891915903219972,6.288401871865078,75.21290004955203,0.09648585862970421,good,synthetic_device_spec_v11
synthetic_customer_010,cabinet_010,2026-09-08 17:40:00+00:00,71.69123525528482,28.905383047489426,1.9962643826196802,6.292802884460478,75.21104074114537,0.0,good,synthetic_device_spec_v11
synthetic_customer_010,cabinet_010,2026-09-08 17:50:00+00:00,71.56231466156402,29.14926246365871,1.9931666201815244,6.303686460099236,75.69991678443228,0.09178622032100343,good,synthetic_device_spec_v11
synthetic_customer_010,cabinet_010,2026-09-08 18:00:00+00:00,71.26640199540093,29.269897980335404,1.9941178442945808,6.303311302273926,75.93166121569053,0.05426096048016993,good,synthetic_device_spec_v11
synthetic_customer_010,cabinet_010,2026-09-08 18:10:00+00:00,71.12797949664136,29.562357701481424,1.9866833082637634,6.311830822721848,74.92085049856864,12.014724941448785,good,synthetic_device_spec_v11
synthetic_customer_010,cabinet_010,2026-09-08 18:20:00+00:00,70.82640912093046,29.767373455099243,1.995483495552412,6.313001003448715,74.40444114867775,12.034591595031195,good,synthetic_device_spec_v11
synthetic_customer_010,cabinet_010,2026-09-08 18:30:00+00:00,70.58592561404619,29.829333916664844,1.988304285032462,6.3199326333575305,74.77982701109413,12.079752373349633,good,synthetic_device_spec_v11
synthetic_customer_010,cabinet_010,2026-09-08 18:40:00+00:00,70.49931656588586,29.9973528095116,1.995524337703038,6.32722965917463,74.46608349027154,0.006210768871366796,good,synthetic_device_spec_v11
synthetic_customer_010,cabinet_010,2026-09-08 18:50:00+00:00,70.36314654514966,30.297395352148612,1.9825123267063873,6.339204289370892,74.12029316714923,0.0,good,synthetic_device_spec_v11
synthetic_customer_010,cabinet_010,2026-09-08 19:00:00+00:00,69.90365218642063,30.368361299958238,1.980103712871775,6.339966341562076,72.69194681737865,0.0,good,synthetic_device_spec_v11
synthetic_customer_010,cabinet_010,2026-09-08 19:10:00+00:00,69.64781165464044,30.718108892248413,1.9921655986915376,6.34725965031045,74.08822266782558,0.0516374719282104,good,synthetic_device_spec_v11
synthetic_customer_010,cabinet_010,2026-09-08 19:20:00+00:00,69.27672854511994,30.66080635537195,1.9887553052204345,6.3566191429447985,74.4384997325677,0.07857448135603295,good,synthetic_device_spec_v11
synthetic_customer_010,cabinet_010,2026-09-08 19:30:00+00:00,68.8946377644131,30.829786877732815,1.9807732735782886,6.361132581558281,74.51348904212566,0.0,good,synthetic_device_spec_v11
synthetic_customer_010,cabinet_010,2026-09-08 19:40:00+00:00,68.5321518630012,31.03819688699042,1.9713589320880962,6.37150903921922,72.16939592837188,0.0,good,synthetic_device_spec_v11
synthetic_customer_010,cabinet_010,2026-09-08 19:50:00+00:00,68.2063616619539,31.099188014273523,1.9776079286285362,6.3700725232626665,74.60554632180072,0.0,good,synthetic_device_spec_v11
synthetic_customer_010,cabinet_010,2026-09-08 20:00:00+00:00,68.1995013632481,30.922777779888378,1.9705291767532551,6.376051986105375,72.1119770521363,0.00689415876288126,good,synthetic_device_spec_v11
synthetic_customer_010,cabinet_010,2026-09-08 20:10:00+00:00,67.66170388082385,31.26129229994932,1.964556346728043,6.384382087590101,72.96230399119514,0.0,good,synthetic_device_spec_v11
synthetic_customer_010,cabinet_010,2026-09-08 20:50:00+00:00,66.38240132513135,31.515451311364963,1.9535467519282923,6.413975951548412,71.86652931104733,0.0009793530002441247,good,synthetic_device_spec_v11
synthetic_customer_010,cabinet_010,2026-09-08 21:00:00+00:00,66.2359414212149,31.70830693011034,1.9464794724058296,6.424002525603309,71.69582159114879,0.018564446420366497,good,synthetic_device_spec_v11
synthetic_customer_010,cabinet_010,2026-09-08 21:10:00+00:00,65.65667753386504,31.69905303641348,1.944487441439646,6.423009595031405,73.63845072137802,0.0330176159218009,good,synthetic_device_spec_v11
synthetic_customer_010,cabinet_010,2026-09-08 21:20:00+00:00,65.33846347899312,31.66934716081771,1.942731692675706,6.427026331719708,73.81260729654704,0.044998457514578184,good,synthetic_device_spec_v11
synthetic_customer_010,cabinet_010,2026-09-08 21:30:00+00:00,64.9595494220339,31.907060852908696,1.9386879641893697,6.428535635066932,72.72627481613412,0.06463883033276675,good,synthetic_device_spec_v11
synthetic_customer_010,cabinet_010,2026-09-08 21:40:00+00:00,64.5259838904352,31.82259368122699,1.9319560400816556,6.436091329730093,72.83758770568103,0.02042297793234146,good,synthetic_device_spec_v11
synthetic_customer_010,cabinet_010,2026-09-08 21:50:00+00:00,64.03725412932646,31.724521020759575,1.9325597522936933,6.444043900717176,71.14612916913312,0.08237439121855797,good,synthetic_device_spec_v11
synthetic_customer_010,cabinet_010,2026-09-08 22:00:00+00:00,63.97130657379007,31.84788735176427,1.9330629702727777,6.44869354069636,73.53100543693135,0.0,good,synthetic_device_spec_v11
synthetic_customer_010,cabinet_010,2026-09-08 22:10:00+00:00,63.40189156442246,31.67112448783537,1.9213137787383088,6.456892060218842,72.52733919953269,0.07045020781635028,good,synthetic_device_spec_v11
synthetic_customer_010,cabinet_010,2026-09-08 22:20:00+00:00,63.20724615201546,31.871694053895084,1.9239152418730225,6.464483371556201,71.98658290159501,0.0,good,synthetic_device_spec_v11
synthetic_customer_010,cabinet_010,2026-09-08 22:30:00+00:00,63.03874571254434,31.63387247218226,1.9148860163571277,6.462212010058647,72.42011389966491,0.06504920952156301,good,synthetic_device_spec_v11
synthetic_customer_010,cabinet_010,2026-09-08 22:40:00+00:00,62.44000939989593,31.692758528401946,1.903573665321371,6.464073661913857,73.37061961759042,0.0,good,synthetic_device_spec_v11
synthetic_customer_010,cabinet_010,2026-09-08 22:50:00+00:00,62.413134784786294,31.563151163171998,1.9029533241361003,6.483947410088169,72.43714215364463,0.143316290849855,good,synthetic_device_spec_v11
synthetic_customer_010,cabinet_010,2026-09-08 23:00:00+00:00,61.8766211059432,31.747406879391104,1.8844564410511089,6.480393205779878,71.82550277661117,0.0,good,synthetic_device_spec_v11
synthetic_customer_010,cabinet_010,2026-09-08 23:10:00+00:00,61.60970692855972,31.64932655764334,1.8743942551375807,6.481482176632696,71.4775720338687,0.0,good,synthetic_device_spec_v11
synthetic_customer_010,cabinet_010,2026-09-08 23:20:00+00:00,61.42561004167142,31.498022714302394,1.886351099728927,6.493114114993868,73.35996699567833,0.04004446129643995,good,synthetic_device_spec_v11
synthetic_customer_010,cabinet_010,2026-09-08 23:30:00+00:00,60.941208498815854,31.370525876098064,1.8701235711601845,6.494777895211928,72.78108236235565,0.01717374193053346,good,synthetic_device_spec_v11
synthetic_customer_010,cabinet_010,2026-09-08 23:40:00+00:00,60.89114601291535,31.194909038808007,1.8679678684713172,6.500288269536215,72.57847239966549,0.0,good,synthetic_device_spec_v11
synthetic_customer_010,cabinet_010,2026-09-08 23:50:00+00:00,60.51262027156994,31.235458229665976,1.8756298721114795,6.506278315991508,74.69026789452226,0.0,good,synthetic_device_spec_v11
synthetic_customer_010,cabinet_010,2026-09-09 00:00:00+00:00,60.17412252175302,31.14319079100608,1.857334779641545,6.504297212992008,74.81242593531162,0.0,good,synthetic_device_spec_v11
