customer_id,device_id,observed_at,pump_running,valve_running,fertilizer_requested,fertilizer_running,dosage_configured,meter_configured,emergency_stop,supply_voltage,rssi,pressure,pump_current,sensor_bus_errors,packet_loss_rate,command_failure_rate,power_state,mqtt_state,online,source
synthetic_customer_002,cabinet_002,2026-09-02 00:10:00+00:00,1,1,1,1,True,True,False,24.060306365738555,-48.52143151617516,3.080086002620333,4.039221550612301,0.0,0.0,0.0,on,connected,True,synthetic_device_spec_v11
synthetic_customer_002,cabinet_002,2026-09-02 00:20:00+00:00,1,1,1,1,True,True,False,23.856940267458974,-48.67525685067034,2.971263876557312,3.9270541100241245,0.023484035725452608,0.021624323876535286,0.0,on,connected,True,synthetic_device_spec_v11
synthetic_customer_002,cabinet_002,2026-09-02 00:30:00+00:00,1,1,1,1,True,True,False,24.077285857193424,-47.21858607760048,3.0202661469535337,4.1293154484310115,0.2524880869187641,0.04751746512083114,0.009724833088299781,on,connected,True,synthetic_device_spec_v11
synthetic_customer_002,cabinet_002,2026-09-02 00:40:00+00:00,0,0,0,0,True,True,False,24.051392889321864,-47.41379138159987,2.923255057728676,4.030559136587077,0.6796079535973989,0.0015329886464611805,0.008663828042099591,on,connected,True,synthetic_device_spec_v11
synthetic_customer_002,cabinet_002,2026-09-02 00:50:00+00:00,0,0,0,0,True,True,False,24.126939241653044,-46.89042180879348,2.992125476126771,3.9781990365377546,0.0,0.0,0.005328230890129784,on,connected,True,synthetic_device_spec_v11
synthetic_customer_002,cabinet_002,2026-09-02 01:00:00+00:00,0,0,0,0,True,True,False,24.222130489370606,-47.88971665378736,2.960988251967525,4.0254488024962605,0.0,0.045271408632512014,0.021322620708903957,on,connected,True,synthetic_device_spec_v11
synthetic_customer_002,cabinet_002,2026-09-02 01:10:00+00:00,0,0,0,0,True,True,False,23.934247460154978,-48.13394410966857,3.0166032255061856,4.013736221944415,0.8452644094058162,0.0,0.01797442922949339,on,connected,True,synthetic_device_spec_v11
synthetic_customer_002,cabinet_002,2026-09-02 01:20:00+00:00,0,0,0,0,True,True,False,24.0201590376692,-48.66610272636732,2.9960801739761296,4.079199258134,0.17151385982022138,0.020215427093867897,0.0,on,connected,True,synthetic_device_spec_v11
synthetic_customer_002,cabinet_002,2026-09-02 01:30:00+00:00,0,0,0,0,True,True,False,24.001486730841524,-48.00108284250646,2.993935765880776,3.9977692946556966,0.0,0.02644668830228183,0.0,on,connected,True,synthetic_device_spec_v11
synthetic_customer_002,cabinet_002,2026-09-02 01:40:00+00:00,0,0,0,0,True,True,False,23.94588035094819,-48.946195324998655,3.017556755026,4.093205287912535,0.24411148245213593,0.0,0.015169102557277233,on,connected,True,synthetic_device_spec_v11
synthetic_customer_002,cabinet_002,2026-09-02 01:50:00+00:00,0,0,0,0,True,True,False,23.862396720044543,-47.680229248470376,3.020679198913946,3.8856828040047753,0.24901390278532778,0.0,0.0,on,connected,True,synthetic_device_spec_v11
synthetic_customer_002,cabinet_002,2026-09-02 02:00:00+00:00,0,0,0,0,True,True,False,24.016424216587737,-46.85339368936411,2.9624169799702393,3.951620000474407,0.530403234557188,0.03359725441615775,0.004723913086840747,on,connected,True,synthetic_device_spec_v11
synthetic_customer_002,cabinet_002,2026-09-02 02:10:00+00:00,0,0,0,0,True,True,False,23.992784719833356,-46.571103353620636,2.9909749378393844,4.011515980377696,0.27150140036778936,0.0,0.0,on,connected,True,synthetic_device_spec_v11
synthetic_customer_002,cabinet_002,2026-09-02 02:20:00+00:00,0,0,0,0,True,True,False,24.048693802726643,-47.8513717781004,2.932495806431437,4.040355480360093,0.0,0.011467502440272604,0.024329215053361376,on,connected,True,synthetic_device_spec_v11
synthetic_customer_002,cabinet_002,2026-09-02 02:30:00+00:00,0,0,0,0,True,True,False,23.980210786478956,-47.70877422724455,3.0533500255052313,3.9762399889689077,0.0,0.0010491866214337757,0.0,on,connected,True,synthetic_device_spec_v11
synthetic_customer_002,cabinet_002,2026-09-02 02:40:00+00:00,0,0,0,0,True,True,False,24.01665828231441,-49.027189906831026,3.0163959521512327,3.9435383349540616,0.0,0.024576905956896378,0.0,on,connected,True,synthetic_device_spec_v11
synthetic_customer_002,cabinet_002,2026-09-02 02:50:00+00:00,0,0,0,0,True,True,False,24.001326291192655,-47.262841999455674,2.967962978895705,4.005866607280691,0.331077244046625,0.0065530735688243205,0.0,on,connected,True,synthetic_device_spec_v11
synthetic_customer_002,cabinet_002,2026-09-02 03:00:00+00:00,0,0,0,0,True,True,False,23.95729257069783,-48.34447732124535,3.0302310821741645,3.9491173712030685,0.0,0.0,0.003603455281143856,on,connected,True,synthetic_device_spec_v11
synthetic_customer_002,cabinet_002,2026-09-02 03:10:00+00:00,0,0,0,0,True,True,False,24.243183405786304,-47.08817439073368,2.974142899709166,3.9916907981784724,0.0,0.00679966265341966,0.016587721346204568,on,connected,True,synthetic_device_spec_v11
synthetic_customer_002,cabinet_002,2026-09-02 03:20:00+00:00,0,0,0,0,True,True,False,23.98372604158766,-47.9496042752263,2.976791668329365,3.969603266783794,0.37444943610520304,0.02859811717366262,0.020789168282507865,on,connected,True,synthetic_device_spec_v11
synthetic_customer_002,cabinet_002,2026-09-02 03:30:00+00:00,0,0,0,0,True,True,False,24.00114165576028,-47.50066255122532,2.9917862004370206,3.944025383282607,0.16426908209196042,0.0,0.004629666054011005,on,connected,True,synthetic_device_spec_v11
synthetic_customer_002,cabinet_002,2026-09-02 03:40:00+00:00,0,0,0,0,True,True,False,23.756792866791802,-48.60480751362032,3.011004264507054,4.094695517066473,1.3197540393094223,0.0,0.0,on,connected,True,synthetic_device_spec_v11
synthetic_customer_002,cabinet_002,2026-09-02 03:50:00+00:00,0,0,0,0,True,True,False,23.992534585456863,-48.140082777912625,3.0317156224964403,4.069717977311503,0.0,0.0,0.0,on,connected,True,synthetic_device_spec_v11
synthetic_customer_002,cabinet_002,2026-09-02 04:00:00+00:00,0,0,0,0,True,True,False,24.017459255277103,-47.9586631275036,2.9833093632072103,4.1713304271783835,0.0,0.0,0.0,on,connected,True,synthetic_device_spec_v11
synthetic_customer_002,cabinet_002,2026-09-02 04:10:00+00:00,0,0,0,0,True,True,False,23.89635834019714,-48.996179177190854,3.008469427019255,3.9267650541568377,0.47798980619748704,0.0,0.006057076870610663,on,connected,True,synthetic_device_spec_v11
synthetic_customer_002,cabinet_002,2026-09-02 04:20:00+00:00,0,0,0,0,True,True,False,23.936975253315396,-49.192238393418855,3.0612259592627677,4.070919208613301,0.47054635159445296,0.0,0.0036952493248209053,on,connected,True,synthetic_device_spec_v11
synthetic_customer_002,cabinet_002,2026-09-02 04:30:00+00:00,0,0,0,0,True,True,False,23.91609605023351,-46.855825149067115,3.0134537130246346,4.004101610481715,0.0,0.04026090151136826,0.01736550792689648,on,connected,True,synthetic_device_spec_v11
synthetic_customer_002,cabinet_002,2026-09-02 04:40:00+00:00,0,0,0,0,True,True,False,24.074507296640107,-47.88711158644337,2.9597867439394405,3.975010852892133,0.3138330747345427,0.0,0.01985296883723752,on,connected,True,synthetic_device_spec_v11
synthetic_customer_002,cabinet_002,2026-09-02 04:50:00+00:00,0,0,0,0,True,True,False,24.031929275098484,-47.51457244238005,3.0116475856812297,4.010203948409995,0.6897237727091159,0.0,0.0,on,connected,True,synthetic_device_spec_v11
synthetic_customer_002,cabinet_002,2026-09-02 05:00:00+00:00,0,0,0,0,True,True,False,23.933136864584817,-47.742658320123915,3.0216285952779636,3.967555194448709,0.0,0.006888876544307202,0.02724361450276789,on,connected,True,synthetic_device_spec_v11
synthetic_customer_002,cabinet_002,2026-09-02 05:10:00+00:00,0,0,0,0,True,True,False,23.968012025349392,-48.10152374669383,3.0036366304464406,4.045318409102823,0.054355511125711055,0.0,0.005763521349726571,on,connected,True,synthetic_device_spec_v11
synthetic_customer_002,cabinet_002,2026-09-02 05:20:00+00:00,0,0,0,0,True,True,False,23.65490390845853,-47.620915906035385,2.9710571877808953,4.022197856423536,0.2738939496807881,0.015921873530733717,0.004350264258771775,on,connected,True,synthetic_device_spec_v11
synthetic_customer_002,cabinet_002,2026-09-02 05:30:00+00:00,0,0,0,0,True,True,False,23.894155680245994,-49.06959412547336,2.919309533441632,3.951553189880176,0.9286083835915184,0.025641741729494086,0.02131006924526123,on,connected,True,synthetic_device_spec_v11
synthetic_customer_002,cabinet_002,2026-09-02 05:40:00+00:00,0,0,0,0,True,True,False,23.993213603804,-49.02586283491287,3.0114376853068814,3.958757951762453,0.0,0.006735700792768,0.0038616940031225575,on,connected,True,synthetic_device_spec_v11
synthetic_customer_002,cabinet_002,2026-09-02 05:50:00+00:00,0,0,0,0,True,True,False,24.18115431261206,-48.6619416347911,2.90152847241312,3.9218166255132085,0.0,0.010543741822579502,0.0,on,connected,True,synthetic_device_spec_v11
synthetic_customer_002,cabinet_002,2026-09-02 06:00:00+00:00,0,0,0,0,True,True,False,23.94996628261751,-48.32748249364875,3.053387532784684,4.007235448412999,0.0,0.00907209519697464,0.020280900580116456,on,connected,True,synthetic_device_spec_v11
synthetic_customer_002,cabinet_002,2026-09-02 06:10:00+00:00,1,1,1,1,True,True,False,23.941587741606522,-48.85323706260819,2.9128936274667283,4.04192203388008,0.0,0.0,0.0,on,connected,True,synthetic_device_spec_v11
synthetic_customer_002,cabinet_002,2026-09-02 06:20:00+00:00,1,1,1,1,True,True,False,23.88842925894104,-47.645892869359194,2.876786964534686,3.987471992925399,0.0,0.04329428759695821,0.010764795606253933,on,connected,True,synthetic_device_spec_v11
synthetic_customer_002,cabinet_002,2026-09-02 06:30:00+00:00,1,1,1,1,True,True,False,23.916048143677166,-49.02475761016568,2.6651877893202975,4.014528029121013,0.18698996187694808,0.0,0.03264203229495559,on,connected,True,synthetic_device_spec_v11
synthetic_customer_002,cabinet_002,2026-09-02 06:40:00+00:00,0,0,0,0,True,True,False,24.077853225114122,-48.01984998582075,2.612283185919419,4.0538599714093575,0.6241200624936418,0.04387315040603331,0.03048777027743013,on,connected,True,synthetic_device_spec_v11
synthetic_customer_002,cabinet_002,2026-09-02 06:50:00+00:00,0,0,0,0,True,True,False,24.056959120214263,-46.7839661988775,2.509151445601503,4.10529591487947,0.0,0.019203979167980507,0.0,on,connected,True,synthetic_device_spec_v11
synthetic_customer_002,cabinet_002,2026-09-02 07:00:00+00:00,0,0,0,0,True,True,False,24.0708960371626,-47.853158835113064,2.4321529845816308,4.140359834297268,0.020572197016259806,0.005208051178076435,0.0,on,connected,True,synthetic_device_spec_v11
synthetic_customer_002,cabinet_002,2026-09-02 07:10:00+00:00,0,0,0,0,True,True,False,24.207845876069545,-47.80818611826039,2.2449573985964335,3.9876479464713688,0.0,0.0022375519933154598,0.024454903305269927,on,connected,True,synthetic_device_spec_v11
synthetic_customer_002,cabinet_002,2026-09-02 07:20:00+00:00,0,0,0,0,True,True,False,23.926706718558826,-48.30609569101252,2.0073517990577403,3.9413098472490167,0.193524671113195,0.0,0.0,on,connected,True,synthetic_device_spec_v11
synthetic_customer_002,cabinet_002,2026-09-02 07:30:00+00:00,0,0,0,0,True,True,False,23.95628973865089,-48.88099098623976,1.9656447180075365,3.9527702804076754,0.0,0.029935166850642316,0.008664297013884974,on,connected,True,synthetic_device_spec_v11
synthetic_customer_002,cabinet_002,2026-09-02 07:40:00+00:00,0,0,0,0,True,True,False,23.797687167186794,-47.91336086439261,1.774958251136432,4.108252724319425,0.0,0.008661540314620842,0.0,on,connected,True,synthetic_device_spec_v11
synthetic_customer_002,cabinet_002,2026-09-02 07:50:00+00:00,0,0,0,0,True,True,False,23.924095268264804,-47.56136424303034,1.6643365266317267,4.001799401483207,0.4457491351724303,0.02128105965151429,0.0016544737899497515,on,connected,True,synthetic_device_spec_v11
synthetic_customer_002,cabinet_002,2026-09-02 08:00:00+00:00,0,0,0,0,True,True,False,24.13481701832997,-48.632208317186524,1.573985588535749,3.872088170364294,0.0,0.0,0.0,on,connected,True,synthetic_device_spec_v11
synthetic_customer_002,cabinet_002,2026-09-02 08:10:00+00:00,0,0,0,0,True,True,False,23.781961789042025,-46.747356809661895,1.4678022643533872,4.0125806803150725,0.6363181232003793,0.0071239695561673925,0.0067092715701727165,on,connected,True,synthetic_device_spec_v11
synthetic_customer_002,cabinet_002,2026-09-02 08:20:00+00:00,0,0,0,0,True,True,False,23.524472957154092,-47.096040846947226,1.3078741473145232,3.98405790370818,0.0,0.053923879888076134,0.0,on,connected,True,synthetic_device_spec_v11
synthetic_customer_002,cabinet_002,2026-09-02 08:30:00+00:00,0,0,0,0,True,True,False,23.162059918069836,-48.74295557897129,1.0375201247325085,3.9616613361688944,0.23863642279248207,0.0,0.0,on,connected,True,synthetic_device_spec_v11
synthetic_customer_002,cabinet_002,2026-09-02 08:40:00+00:00,0,0,0,0,True,True,False,22.8989812193964,-48.10695474735395,0.8827985173488934,4.037002685244631,0.0,0.0,0.0,on,connected,True,synthetic_device_spec_v11
synthetic_customer_002,cabinet_002,2026-09-02 08:50:00+00:00,0,0,0,0,True,True,False,22.511878087362973,-48.84107792359799,0.8561683055756719,3.917643343062961,0.4094731072039124,0.0,0.019705395682086863,on,connected,True,synthetic_device_spec_v11
synthetic_customer_002,cabinet_002,2026-09-02 09:00:00+00:00,0,0,0,0,True,True,False,22.204960000196923,-48.70683276151686,0.7386581039272708,3.8862623838920536,0.0,0.03312367539821257,0.0,on,connected,True,synthetic_device_spec_v11
synthetic_customer_002,cabinet_002,2026-09-02 09:10:00+00:00,0,0,0,0,True,True,False,22.172857566502312,-46.748339641354185,0.7535473817791335,4.0843993848669,2.164684017491405,0.0,0.02522039610866407,on,connected,True,synthetic_device_spec_v11
synthetic_customer_002,cabinet_002,2026-09-02 09:20:00+00:00,0,0,0,0,True,True,False,22.12943547534693,-47.72480415498357,0.7512538698704704,4.031494685273379,2.2098348813480473,0.029899509761238646,0.006389685405810106,on,connected,True,synthetic_device_spec_v11
synthetic_customer_002,cabinet_002,2026-09-02 09:30:00+00:00,0,0,0,0,True,True,False,21.496260459157057,-49.83296974875476,0.6738634464810755,4.015785562119524,3.2487677819914875,0.0,0.04320550498646503,on,connected,True,synthetic_device_spec_v11
synthetic_customer_002,cabinet_002,2026-09-02 09:40:00+00:00,0,0,0,0,True,True,False,21.2607057023899,-52.148510918981344,0.7106531138806214,4.0737443608282575,4.721313997142304,0.05786222990207346,0.0,on,connected,True,synthetic_device_spec_v11
synthetic_customer_002,cabinet_002,2026-09-02 09:50:00+00:00,0,0,0,0,True,True,False,21.051181346987917,-55.846946253059926,0.49175117076961566,4.003650418673853,6.491358841036491,0.09773640943569688,0.009222212021757237,on,connected,True,synthetic_device_spec_v11
synthetic_customer_002,cabinet_002,2026-09-02 10:00:00+00:00,0,0,0,0,True,True,False,20.735412383054854,-58.18985574511986,2.569055815771323,4.043868014307765,7.853861210727284,0.12408884810720425,0.0,on,connected,True,synthetic_device_spec_v11
synthetic_customer_002,cabinet_002,2026-09-02 10:10:00+00:00,0,0,0,0,True,True,False,20.057106023835754,-59.25582294517025,2.5932694651103407,4.125536903001329,9.05675293926754,0.2321844043387432,0.0,on,connected,True,synthetic_device_spec_v11
synthetic_customer_002,cabinet_002,2026-09-02 10:20:00+00:00,0,0,0,0,True,True,False,20.098100082045953,-62.934393007040065,2.3959889321603143,4.17144688379827,11.31658433380446,0.2577205668722776,0.0077227022294833105,on,connected,True,synthetic_device_spec_v11
synthetic_customer_002,cabinet_002,2026-09-02 10:30:00+00:00,0,0,0,0,True,True,False,19.868420140439717,-65.31818954534528,2.4709574341364284,4.450608335368865,11.875966898615546,0.32942882794545475,0.08191619151960425,on,connected,True,synthetic_device_spec_v11
synthetic_customer_002,cabinet_002,2026-09-02 10:40:00+00:00,0,0,0,0,True,True,False,19.391507635123926,-67.50323122449024,2.3824166491183676,4.7043912301433295,14.10415819681567,0.35483322968543546,0.08752082479191062,on,connected,True,synthetic_device_spec_v11
synthetic_customer_002,cabinet_002,2026-09-02 10:50:00+00:00,0,0,0,0,True,True,False,19.199456092969587,-70.85793823306614,2.336150204621353,4.989481573390779,15.099926150927065,0.38235295549392717,0.12669382939956675,on,connected,True,synthetic_device_spec_v11
synthetic_customer_002,cabinet_002,2026-09-02 11:00:00+00:00,0,0,0,0,True,True,False,18.747257976711122,-71.60673887508798,2.2818930570295275,5.243901781471578,15.688291834054207,0.4209168628773523,0.1812457083096574,on,connected,True,synthetic_device_spec_v11
synthetic_customer_002,cabinet_002,2026-09-02 11:10:00+00:00,0,0,0,0,True,True,False,18.84417356198238,-73.85754231405551,2.3407744516750437,5.643339610012388,16.536560591533295,0.4850086206986391,0.245335240412671,on,connected,True,synthetic_device_spec_v11
synthetic_customer_002,cabinet_002,2026-09-02 12:50:00+00:00,0,0,0,0,True,True,False,24.099428024253662,-48.63513589011597,3.0354055559593536,6.959591476067097,24.364743257588827,0.007798772025277,0.3806002783419552,on,connected,True,synthetic_device_spec_v11
synthetic_customer_002,cabinet_002,2026-09-02 13:00:00+00:00,0,0,0,0,True,True,False,23.863626869554107,-48.92444167317595,3.0270877460429944,4.063124393846615,0.0,0.0,0.015827130585245684,on,connected,True,synthetic_device_spec_v11
synthetic_customer_002,cabinet_002,2026-09-02 13:10:00+00:00,0,0,0,0,True,True,False,24.000076032544122,-48.796530896796284,2.985068661438521,4.00090715695113,0.0,0.0,0.01792510286150349,on,connected,True,synthetic_device_spec_v11
synthetic_customer_002,cabinet_002,2026-09-02 13:20:00+00:00,0,0,0,0,True,True,False,24.07843038185906,-48.331040052700544,3.014590295442252,3.9743907738169866,0.09917487805937307,0.031112961266575367,0.0,on,connected,True,synthetic_device_spec_v11
synthetic_customer_002,cabinet_002,2026-09-02 13:30:00+00:00,0,0,0,0,True,True,False,23.935485364389756,-47.827359326936,3.04099773753078,3.9726819204336343,0.0,0.06543955045878455,0.014398417200993227,on,connected,True,synthetic_device_spec_v11
synthetic_customer_002,cabinet_002,2026-09-02 13:40:00+00:00,0,0,0,0,True,True,False,24.08685394415112,-47.67841451002853,3.0052880273160354,3.9940835701777675,0.0,0.0,0.005608400845633342,on,connected,True,synthetic_device_spec_v11
synthetic_customer_002,cabinet_002,2026-09-02 13:50:00+00:00,0,0,0,0,True,True,False,24.21792637400829,-47.35088617026704,2.965606131837067,3.9914783752019605,0.358026794407501,0.0,0.0,on,connected,True,synthetic_device_spec_v11
synthetic_customer_002,cabinet_002,2026-09-02 14:00:00+00:00,0,0,0,0,True,True,False,23.977934978286623,-50.01131362714737,2.9777909785166403,4.000659022419556,0.0,0.015053213269042976,0.0,on,connected,True,synthetic_device_spec_v11
synthetic_customer_002,cabinet_002,2026-09-02 14:10:00+00:00,0,0,0,0,True,True,False,23.942825744543228,-50.809588756149616,2.9946790505406327,3.9904303784290556,0.0,0.0,0.008096592262141744,on,connected,True,synthetic_device_spec_v11
synthetic_customer_002,cabinet_002,2026-09-02 14:20:00+00:00,0,0,0,0,True,True,False,23.932204110899356,-49.31162399885537,2.9973794202624764,4.0626828408071205,0.0,0.0,0.004921930862934617,on,connected,True,synthetic_device_spec_v11
synthetic_customer_002,cabinet_002,2026-09-02 14:30:00+00:00,0,0,0,0,True,True,False,24.028136013600314,-49.058413391738284,3.0062796767819493,4.018046999078984,0.04169899271826239,0.017862242823862028,0.0,on,connected,True,synthetic_device_spec_v11
synthetic_customer_002,cabinet_002,2026-09-02 14:40:00+00:00,0,0,0,0,True,True,False,24.003995715947813,-47.409432254416714,2.989415118639057,3.965429464323672,0.0,2.8882559850786172e-05,0.0017669303320692615,on,connected,True,synthetic_device_spec_v11
synthetic_customer_002,cabinet_002,2026-09-02 14:50:00+00:00,0,0,0,0,True,True,False,23.977213995078042,-48.61489130808504,3.067724260946351,3.962243242352288,0.0,0.0,0.0,on,connected,True,synthetic_device_spec_v11
synthetic_customer_002,cabinet_002,2026-09-02 15:00:00+00:00,0,0,0,0,True,True,False,24.101243293456957,-47.946135286716746,3.0359793393509045,4.045430667150011,0.0,0.002436684683615965,0.0,on,connected,True,synthetic_device_spec_v11
synthetic_customer_002,cabinet_002,2026-09-02 15:10:00+00:00,0,0,0,0,True,True,False,23.768014313130724,-49.42886653822164,3.003839101878128,3.955877090936266,0.0,0.0,0.0,on,connected,True,synthetic_device_spec_v11
synthetic_customer_002,cabinet_002,2026-09-02 15:20:00+00:00,0,0,0,0,True,True,False,24.017268601856376,-47.67549706782901,2.9211083796028396,3.939451740911167,0.0,0.0,0.017320244619962667,on,connected,True,synthetic_device_spec_v11
synthetic_customer_002,cabinet_002,2026-09-02 15:30:00+00:00,0,0,0,0,True,True,False,24.07467007243617,-48.52078680707273,2.933874971269595,4.011542777247352,0.0,0.0,0.0,on,connected,True,synthetic_device_spec_v11
synthetic_customer_002,cabinet_002,2026-09-02 15:40:00+00:00,0,0,0,0,True,True,False,23.96085206974292,-49.40751495897328,2.9728646357848567,4.068600318168618,0.07358429751361206,0.00907883544501351,0.0,on,connected,True,synthetic_device_spec_v11
synthetic_customer_002,cabinet_002,2026-09-02 15:50:00+00:00,0,0,0,0,True,True,False,24.003543530131417,-48.554390848244,2.94798204936088,3.984943127419753,0.25350162895443623,0.0006265785087419112,0.0,on,connected,True,synthetic_device_spec_v11
synthetic_customer_002,cabinet_002,2026-09-02 16:00:00+00:00,0,0,0,0,True,True,False,23.996231185974715,-47.60185731325212,3.031620654268305,4.035845479966331,0.0,0.0,0.03168038968628555,on,connected,True,synthetic_device_spec_v11
synthetic_customer_002,cabinet_002,2026-09-02 16:10:00+00:00,0,0,0,0,True,True,False,23.9886361969331,-46.279836667291434,2.934357085332669,3.9450424099969448,0.0,0.0,0.010238001461986534,on,connected,True,synthetic_device_spec_v11
synthetic_customer_002,cabinet_002,2026-09-02 16:20:00+00:00,0,0,0,0,True,True,False,24.029876015100864,-48.13019320711423,3.021918692442866,4.038016398114172,0.15074273178554143,0.0,0.0,on,connected,True,synthetic_device_spec_v11
synthetic_customer_002,cabinet_002,2026-09-02 16:30:00+00:00,0,0,0,0,True,True,False,24.26638901059235,-47.76996031585269,2.9510553287296832,3.9543696766015684,0.0,0.027671088459030158,0.01662221545195017,on,connected,True,synthetic_device_spec_v11
synthetic_customer_002,cabinet_002,2026-09-02 16:40:00+00:00,0,0,0,0,True,True,False,23.796948111994833,-48.61243270481265,3.008919569282647,3.9311873241174924,0.020924148604444966,0.0014030450913594924,0.003039527965634061,on,connected,True,synthetic_device_spec_v11
synthetic_customer_002,cabinet_002,2026-09-02 16:50:00+00:00,0,0,0,0,True,True,False,24.061700772686503,-48.398686817412674,2.983527083878822,4.080172088644585,0.0,0.0,0.0,on,connected,True,synthetic_device_spec_v11
synthetic_customer_002,cabinet_002,2026-09-02 17:00:00+00:00,0,0,0,0,True,True,False,23.87712541012102,-49.59128647359799,2.9380230943732797,4.024325385540731,0.0,0.0,0.0,on,connected,True,synthetic_device_spec_v11
synthetic_customer_002,cabinet_002,2026-09-02 17:10:00+00:00,0,0,0,0,True,True,False,23.88130168593268,-48.63776491279213,2.9421596997439012,4.0449659600268335,0.6777512314833307,0.027068748312534526,0.012550680717248689,on,connected,True,synthetic_device_spec_v11
synthetic_customer_002,cabinet_002,2026-09-02 17:20:00+00:00,0,0,0,0,True,True,False,23.9694407562554,-47.967594110358895,3.032233388244598,4.05240330739894,0.0,0.0,0.0038533314500423252,on,connected,True,synthetic_device_spec_v11
synthetic_customer_002,cabinet_002,2026-09-02 17:30:00+00:00,0,0,0,0,True,True,False,23.796053645917482,-49.035251118373665,2.9983067338645695,4.009814519514667,0.0,0.00598187970236452,0.01993166062163373,on,connected,True,synthetic_device_spec_v11
synthetic_customer_002,cabinet_002,2026-09-02 17:40:00+00:00,0,0,0,0,True,True,False,23.851605116484738,-48.51440669362661,3.0016812983815226,4.0278960621502575,0.0,0.0,0.0,on,connected,True,synthetic_device_spec_v11
synthetic_customer_002,cabinet_002,2026-09-02 17:50:00+00:00,0,0,0,0,True,True,False,24.230560909266785,-48.54060565019408,3.021967383567836,4.033486958935771,0.05552170409554087,0.0,0.0013093996049916743,on,connected,True,synthetic_device_spec_v11
synthetic_customer_002,cabinet_002,2026-09-02 18:00:00+00:00,0,0,0,0,True,True,False,23.93797232312437,-47.02343394177525,3.0275778321885363,4.153716382931046,0.7368090159258766,0.0,0.008035342019755441,on,connected,True,synthetic_device_spec_v11
synthetic_customer_002,cabinet_002,2026-09-02 18:10:00+00:00,1,1,1,1,True,True,False,24.074560734775527,-46.86699899320976,2.959844611507269,4.0371312167984446,0.7583671180296866,0.0,0.0,on,connected,True,synthetic_device_spec_v11
synthetic_customer_002,cabinet_002,2026-09-02 18:20:00+00:00,1,1,1,1,True,True,False,24.056998577823908,-47.236554377480466,3.019003431080286,4.138167067066098,0.0,0.0,0.013773136403825091,on,connected,True,synthetic_device_spec_v11
synthetic_customer_002,cabinet_002,2026-09-02 18:30:00+00:00,1,1,1,1,True,True,False,24.1731906591664,-49.30569287282298,3.0721585089273096,3.940865828011147,0.08934966805627954,0.007195499650866509,0.0036074228847525354,on,connected,True,synthetic_device_spec_v11
synthetic_customer_002,cabinet_002,2026-09-02 18:40:00+00:00,0,0,0,0,True,True,False,24.161029932596133,-47.42722437522513,3.0248188535138985,3.953961454720991,0.21314875403070002,0.0,0.006529294144126092,on,connected,True,synthetic_device_spec_v11
synthetic_customer_002,cabinet_002,2026-09-02 18:50:00+00:00,0,0,0,0,True,True,False,23.810359523623806,-48.83395192595455,3.028620021886228,3.9870559997371395,0.0,0.0,0.0019660865291313626,on,connected,True,synthetic_device_spec_v11
synthetic_customer_002,cabinet_002,2026-09-02 19:00:00+00:00,0,0,0,0,True,True,False,24.018058755755582,-49.00342473219008,3.010903233427179,3.9776645731035774,0.0,0.0,0.0,on,connected,True,synthetic_device_spec_v11
synthetic_customer_002,cabinet_002,2026-09-02 19:10:00+00:00,0,0,0,0,True,True,False,23.818059300360225,-49.13191588234939,3.013586394752565,4.010725349439427,0.3391809633693081,0.0,0.0,on,connected,True,synthetic_device_spec_v11
synthetic_customer_002,cabinet_002,2026-09-02 19:20:00+00:00,0,0,0,0,True,True,False,23.933258158002353,-46.95719106501926,3.045497699507168,3.958602129952754,0.0,0.04145067282177206,0.0,on,connected,True,synthetic_device_spec_v11
synthetic_customer_002,cabinet_002,2026-09-02 19:30:00+00:00,0,0,0,0,True,True,False,23.923495126232343,-49.0597563696047,3.008505987125906,3.9854479658284094,1.0016353631612291,0.0,0.0,on,connected,True,synthetic_device_spec_v11
synthetic_customer_002,cabinet_002,2026-09-02 19:40:00+00:00,0,0,0,0,True,True,False,23.714153918770805,-48.365504490122305,2.9361676000732984,3.958997327166481,0.0,0.0,0.0,on,connected,True,synthetic_device_spec_v11
synthetic_customer_002,cabinet_002,2026-09-02 19:50:00+00:00,0,0,0,0,True,True,False,24.052405361925594,-47.32634810145387,3.064237555150131,4.038898219447126,0.017599319100450882,0.0,0.0,on,connected,True,synthetic_device_spec_v11
synthetic_customer_002,cabinet_002,2026-09-02 20:00:00+00:00,0,0,0,0,True,True,False,23.83643444414854,-49.67273435671701,3.0682843162391973,3.9857898002538574,0.5451485994178623,0.04017875219210595,0.009793332862646465,on,connected,True,synthetic_device_spec_v11
synthetic_customer_002,cabinet_002,2026-09-02 20:10:00+00:00,0,0,0,0,True,True,False,23.880745367687428,-48.89170332058102,2.98814425684071,3.891065170235652,0.0,0.05684654299137731,0.0,on,connected,True,synthetic_device_spec_v11
synthetic_customer_002,cabinet_002,2026-09-02 20:20:00+00:00,0,0,0,0,True,True,False,23.752418897415907,-47.48555448785046,2.923155177875299,3.9031075158253894,0.0,0.003515970082423059,0.0,on,connected,True,synthetic_device_spec_v11
synthetic_customer_002,cabinet_002,2026-09-02 20:30:00+00:00,0,0,0,0,True,True,False,23.976994442127925,-47.920511012047946,2.9066735152745404,3.9783669920307414,0.44657751678578245,0.0,0.018312366979460055,on,connected,True,synthetic_device_spec_v11
synthetic_customer_002,cabinet_002,2026-09-02 20:40:00+00:00,0,0,0,0,True,True,False,24.11234879572927,-48.97459086043077,2.9689020108813198,3.9723728557952276,0.0,0.03856412064023795,0.0,on,connected,True,synthetic_device_spec_v11
synthetic_customer_002,cabinet_002,2026-09-02 20:50:00+00:00,0,0,0,0,True,True,False,23.999422255834094,-47.70079717192117,2.9951759218208753,3.945431550209709,0.0,0.027560426425328577,0.0,on,connected,True,synthetic_device_spec_v11
synthetic_customer_002,cabinet_002,2026-09-02 21:00:00+00:00,0,0,0,0,True,True,False,23.961417372041563,-48.27155565867509,2.9807211172396264,3.9989392641680723,0.36581516136096126,0.004966190547981159,0.0,on,connected,True,synthetic_device_spec_v11
synthetic_customer_002,cabinet_002,2026-09-02 21:10:00+00:00,0,0,0,0,True,True,False,24.069989787836843,-47.98527601239681,3.0768088667035163,3.9106403194061747,0.0,0.02249742800412643,0.003954475334817931,on,connected,True,synthetic_device_spec_v11
synthetic_customer_002,cabinet_002,2026-09-02 21:20:00+00:00,0,0,0,0,True,True,False,23.946991902334197,-45.91399688186043,2.96738684585679,3.95294756400343,0.3932492090194149,0.017967925670437278,0.0010218162119056378,on,connected,True,synthetic_device_spec_v11
synthetic_customer_002,cabinet_002,2026-09-02 21:30:00+00:00,0,0,0,0,True,True,False,24.048484974841294,-48.315694927944065,2.9565454732518983,3.994840166345252,0.040301684936909436,0.0,0.004344109064734379,on,connected,True,synthetic_device_spec_v11
synthetic_customer_002,cabinet_002,2026-09-02 21:40:00+00:00,0,0,0,0,True,True,False,23.900530345425675,-49.09415752955554,2.9820651283772577,3.974985573405621,0.0,0.0,0.02401072569093252,on,connected,True,synthetic_device_spec_v11
synthetic_customer_002,cabinet_002,2026-09-02 21:50:00+00:00,0,0,0,0,True,True,False,24.0163083942262,-47.100297723125976,3.0072080989559375,3.9187235357088124,0.0,0.0,0.025337812558785904,on,connected,True,synthetic_device_spec_v11
synthetic_customer_002,cabinet_002,2026-09-02 22:00:00+00:00,0,0,0,0,True,True,False,23.840901259142527,-45.53353320077558,2.9842881437360003,3.9342000774818997,0.0,0.0233030917047398,0.0,on,connected,True,synthetic_device_spec_v11
synthetic_customer_002,cabinet_002,2026-09-02 22:10:00+00:00,0,0,0,0,True,True,False,24.053962943975954,-47.99571467936939,3.045303073832547,3.9227095670943553,0.6496368928386995,0.0016191578389407168,0.0,on,connected,True,synthetic_device_spec_v11
synthetic_customer_002,cabinet_002,2026-09-02 22:20:00+00:00,0,0,0,0,True,True,False,23.79447282442329,-49.24366665726638,3.033380977319116,3.861013026276886,0.0,0.009283534781131997,0.009348199976029694,on,connected,True,synthetic_device_spec_v11
synthetic_customer_002,cabinet_002,2026-09-02 22:30:00+00:00,0,0,0,0,True,True,False,23.802859108186173,-47.596305215322495,3.022850601602731,3.9827553597391527,0.8472970560820308,0.028742711932078585,0.00461747442245012,on,connected,True,synthetic_device_spec_v11
synthetic_customer_002,cabinet_002,2026-09-02 22:40:00+00:00,0,0,0,0,True,True,False,23.905720011015358,-48.508357415726195,3.0012667563859465,3.894442439047367,0.0,0.0,0.0,on,connected,True,synthetic_device_spec_v11
synthetic_customer_002,cabinet_002,2026-09-02 22:50:00+00:00,0,0,0,0,True,True,False,23.85151832491936,-47.06165053650724,2.990479050621916,3.9853515298744906,0.0,0.0,0.004326624497642716,on,connected,True,synthetic_device_spec_v11
synthetic_customer_002,cabinet_002,2026-09-02 23:00:00+00:00,0,0,0,0,True,True,False,23.81934557260031,-47.14175573981488,2.971986246848358,3.979566416709232,0.0,0.012197605840148541,0.0,on,connected,True,synthetic_device_spec_v11
synthetic_customer_002,cabinet_002,2026-09-02 23:10:00+00:00,0,0,0,0,True,True,False,23.947655159395726,-47.782890070621434,2.993186063307089,4.091496951827294,0.141973837866488,0.006317806675684757,0.0,on,connected,True,synthetic_device_spec_v11
synthetic_customer_002,cabinet_002,2026-09-02 23:20:00+00:00,0,0,0,0,True,True,False,23.80222647884444,-48.83356749120117,3.081406583935099,4.00997010298901,0.24777448232245083,0.021387578288228626,0.024840772851746223,on,connected,True,synthetic_device_spec_v11
synthetic_customer_002,cabinet_002,2026-09-02 23:30:00+00:00,0,0,0,0,True,True,False,24.058883192083957,-49.541297130734186,2.9560741276761338,4.056333464673331,0.6492425174533014,0.00014390478790846624,0.0,on,connected,True,synthetic_device_spec_v11
synthetic_customer_002,cabinet_002,2026-09-02 23:40:00+00:00,0,0,0,0,True,True,False,24.00728285446716,-47.61770884201429,2.9612030676199232,3.8918547484442056,0.7523857012366126,0.0,0.0,on,connected,True,synthetic_device_spec_v11
synthetic_customer_002,cabinet_002,2026-09-02 23:50:00+00:00,0,0,0,0,True,True,False,23.766157287186,-47.06623960720127,3.008620811515333,4.13848515090624,0.22767293344103065,0.061815279813928425,0.0031307521881942016,on,connected,True,synthetic_device_spec_v11
synthetic_customer_002,cabinet_002,2026-09-03 00:00:00+00:00,0,0,0,0,True,True,False,24.000920494457862,-47.56296048940929,2.9539182824922094,3.9201100270296148,0.0,0.008544362895964676,0.0,on,connected,True,synthetic_device_spec_v11
synthetic_customer_002,cabinet_002,2026-09-03 00:10:00+00:00,1,1,1,1,True,True,False,24.028581005591015,-48.64089952315823,3.00592789474311,3.975941220660375,0.0,0.0392171127175688,0.00990306375560513,on,connected,True,synthetic_device_spec_v11
synthetic_customer_002,cabinet_002,2026-09-03 00:20:00+00:00,1,1,1,1,True,True,False,24.043961998743182,-48.96110695276122,3.031262200052931,4.037106968668878,0.7503226865653868,0.0,0.0,on,connected,True,synthetic_device_spec_v11
synthetic_customer_002,cabinet_002,2026-09-03 00:30:00+00:00,1,1,1,1,True,True,False,24.103096611670235,-47.39470501289617,2.996996210950708,4.0388588715630735,0.0,0.0,0.0,on,connected,True,synthetic_device_spec_v11
synthetic_customer_002,cabinet_002,2026-09-03 00:40:00+00:00,0,0,0,0,True,True,False,23.90917252920271,-48.333732080514196,3.0430865816965857,3.9814882763466297,0.16386564055593716,0.0,0.0113713669058465,on,connected,True,synthetic_device_spec_v11
synthetic_customer_002,cabinet_002,2026-09-03 00:50:00+00:00,0,0,0,0,True,True,False,23.972359080710678,-48.61336021339566,3.0194379012456705,3.973933764081479,0.07994278135974663,0.0,0.0,on,connected,True,synthetic_device_spec_v11
synthetic_customer_002,cabinet_002,2026-09-03 01:00:00+00:00,0,0,0,0,True,True,False,24.127998979662138,-48.491037723760876,3.078044447479519,4.000050492387462,0.2613200099863841,0.06309536876437506,0.0,on,connected,True,synthetic_device_spec_v11
synthetic_customer_002,cabinet_002,2026-09-03 01:10:00+00:00,0,0,0,0,True,True,False,24.005273339662434,-50.23289221685118,3.0519647964513044,3.9353495875104714,0.08249318041125697,0.012160108832878158,0.0,on,connected,True,synthetic_device_spec_v11
synthetic_customer_002,cabinet_002,2026-09-03 01:20:00+00:00,0,0,0,0,True,True,False,24.298115615569337,-47.53418961761159,2.9689801051086233,3.959738477982632,0.0,0.0,0.0,on,connected,True,synthetic_device_spec_v11
synthetic_customer_002,cabinet_002,2026-09-03 01:30:00+00:00,0,0,0,0,True,True,False,23.913831342880858,-47.694141869878976,3.057211651428349,3.9943402324546193,0.15725276064700258,0.013052668015628922,0.0,on,connected,True,synthetic_device_spec_v11
synthetic_customer_002,cabinet_002,2026-09-03 01:40:00+00:00,0,0,0,0,True,True,False,23.91007521670914,-47.34980954457905,3.0772993350846196,3.95771755055221,0.0,0.06395512592694425,0.004976194873434832,on,connected,True,synthetic_device_spec_v11
synthetic_customer_002,cabinet_002,2026-09-03 01:50:00+00:00,0,0,0,0,True,True,False,23.961406262612655,-48.48205490522375,2.927156164206072,4.036699078284753,0.6040460118653288,0.0,0.0,on,connected,True,synthetic_device_spec_v11
synthetic_customer_002,cabinet_002,2026-09-03 02:00:00+00:00,0,0,0,0,True,True,False,23.788495922036326,-47.44709985216931,3.0037796023025742,4.034697566563196,0.46023828310692455,0.008130815065968043,0.01947295484626938,on,connected,True,synthetic_device_spec_v11
synthetic_customer_002,cabinet_002,2026-09-03 02:10:00+00:00,0,0,0,0,True,True,False,23.874751344629992,-47.83305045591004,2.9440510281669625,4.003509541143794,0.0,0.005974737803443019,0.0,on,connected,True,synthetic_device_spec_v11
synthetic_customer_002,cabinet_002,2026-09-03 02:20:00+00:00,0,0,0,0,True,True,False,23.829349466727308,-49.28797046919815,2.9893620601666013,4.025645062320845,1.0205619119275025,0.0,0.006173334455636715,on,connected,True,synthetic_device_spec_v11
synthetic_customer_002,cabinet_002,2026-09-03 02:30:00+00:00,0,0,0,0,True,True,False,23.899912684323088,-48.07008835786575,2.9308474753297715,4.122384942792073,0.16539672680679293,0.07333743309986106,0.0,on,connected,True,synthetic_device_spec_v11
synthetic_customer_002,cabinet_002,2026-09-03 02:40:00+00:00,0,0,0,0,True,True,False,24.138676826061403,-48.42054941756952,3.024172652575308,4.013853423903021,0.0,0.0,0.0,on,connected,True,synthetic_device_spec_v11
synthetic_customer_002,cabinet_002,2026-09-03 02:50:00+00:00,0,0,0,0,True,True,False,23.928622173333988,-47.053813088102416,3.024835306147436,4.089061651396632,0.02208522086973159,0.0,0.024195203019472984,on,connected,True,synthetic_device_spec_v11
synthetic_customer_002,cabinet_002,2026-09-03 03:00:00+00:00,0,0,0,0,True,True,False,24.053012865383543,-47.23870390005223,3.031604463610283,3.9442375125751203,0.0,0.005719650064616176,0.00391461423845019,on,connected,True,synthetic_device_spec_v11
synthetic_customer_002,cabinet_002,2026-09-03 03:10:00+00:00,0,0,0,0,True,True,False,23.99854237014867,-46.85620107228771,2.9676798892088483,3.9636062171385382,0.4408027003453027,0.0,0.014623568352786645,on,connected,True,synthetic_device_spec_v11
synthetic_customer_002,cabinet_002,2026-09-03 03:20:00+00:00,0,0,0,0,True,True,False,23.62930883317839,-47.72844491532737,3.0162549230118003,4.023200914975874,0.33475766394790907,0.010168085598693137,0.0,on,connected,True,synthetic_device_spec_v11
synthetic_customer_002,cabinet_002,2026-09-03 03:30:00+00:00,0,0,0,0,True,True,False,23.64670637317373,-47.82605694132159,2.985592833170255,3.948711923888483,0.18781358990328137,0.0,0.0,on,connected,True,synthetic_device_spec_v11
synthetic_customer_002,cabinet_002,2026-09-03 03:40:00+00:00,0,0,0,0,True,True,False,23.929948117719114,-48.686258582095896,2.969639540809665,4.062358164338112,0.0,0.0,0.0,on,connected,True,synthetic_device_spec_v11
synthetic_customer_002,cabinet_002,2026-09-03 03:50:00+00:00,0,0,0,0,True,True,False,23.968498144715394,-47.237476545563986,3.0358049933685813,3.9238869116629003,0.8929408762389559,0.0,0.0,on,connected,True,synthetic_device_spec_v11
synthetic_customer_002,cabinet_002,2026-09-03 04:00:00+00:00,0,0,0,0,True,True,False,24.13789284465223,-49.4092774535735,2.9957372049678193,4.044837615470805,0.9318902814393224,0.0,0.0,on,connected,True,synthetic_device_spec_v11
synthetic_customer_002,cabinet_002,2026-09-03 04:10:00+00:00,0,0,0,0,True,True,False,24.02592837807094,-50.181493125700705,3.05398603945442,3.9895247433630083,0.40705960539580915,0.0,0.02342703562649457,on,connected,True,synthetic_device_spec_v11
synthetic_customer_002,cabinet_002,2026-09-03 04:20:00+00:00,0,0,0,0,True,True,False,23.962666716495495,-48.00170524486573,3.0468760017755696,3.9898736619548,0.21478513704020016,0.0037481409905107984,0.0,on,connected,True,synthetic_device_spec_v11
synthetic_customer_002,cabinet_002,2026-09-03 04:30:00+00:00,0,0,0,0,True,True,False,24.01122918370785,-48.76257361962664,3.099821975911056,3.994750284362392,0.22745121574281263,0.0,0.021756137401901812,on,connected,True,synthetic_device_spec_v11
synthetic_customer_002,cabinet_002,2026-09-03 04:40:00+00:00,0,0,0,0,True,True,False,23.927948557155638,-49.18753190745528,3.014202747721099,4.080708594520221,0.0,0.0,0.0,on,connected,True,synthetic_device_spec_v11
synthetic_customer_002,cabinet_002,2026-09-03 04:50:00+00:00,0,0,0,0,True,True,False,24.03871717677718,-48.92100108635567,2.973510215821668,4.023694930383609,0.19545459450731348,0.0,0.01623863436704257,on,connected,True,synthetic_device_spec_v11
synthetic_customer_002,cabinet_002,2026-09-03 05:00:00+00:00,0,0,0,0,True,True,False,24.178959510692135,-47.379096186930745,2.9452913916558763,4.002851532364221,0.17971341028771265,0.0,0.0,on,connected,True,synthetic_device_spec_v11
synthetic_customer_002,cabinet_002,2026-09-03 05:10:00+00:00,0,0,0,0,True,True,False,24.192884723005196,-48.76051293584634,3.001921461161059,3.9984592411271667,0.0,0.0,0.0,on,connected,True,synthetic_device_spec_v11
synthetic_customer_002,cabinet_002,2026-09-03 05:20:00+00:00,0,0,0,0,True,True,False,23.94399460346538,-48.30848679331104,3.010311300883731,3.9414212475343002,0.0,0.03202636448639758,0.0,on,connected,True,synthetic_device_spec_v11
synthetic_customer_002,cabinet_002,2026-09-03 05:30:00+00:00,0,0,0,0,True,True,False,23.85916139568201,-47.85870630788557,2.975741927131979,4.106607245669675,0.0301062790203946,0.024468510642683357,0.004472805293349258,on,connected,True,synthetic_device_spec_v11
synthetic_customer_002,cabinet_002,2026-09-03 05:40:00+00:00,0,0,0,0,True,True,False,23.88055637352437,-47.76965217215156,3.0138169992988293,4.064134798211253,0.35990122553291903,0.03364814598264934,0.0,on,connected,True,synthetic_device_spec_v11
synthetic_customer_002,cabinet_002,2026-09-03 05:50:00+00:00,0,0,0,0,True,True,False,23.936158242599955,-46.54599648611931,3.0409075331676534,3.9914943474584628,0.0,0.0250467928947522,0.0005369025846081317,on,connected,True,synthetic_device_spec_v11
synthetic_customer_002,cabinet_002,2026-09-03 06:00:00+00:00,0,0,0,0,True,True,False,24.061269630539563,-48.20507151767238,3.073474658456747,3.861741348608973,0.0,0.013268829472478092,0.020989381024114292,on,connected,True,synthetic_device_spec_v11
synthetic_customer_002,cabinet_002,2026-09-03 06:10:00+00:00,1,1,1,1,True,True,False,23.79498723273225,-48.87170866413376,2.9966325159936584,3.997667497005201,0.0,0.0,0.010381464505954093,on,connected,True,synthetic_device_spec_v11
synthetic_customer_002,cabinet_002,2026-09-03 06:20:00+00:00,1,1,1,1,True,True,False,23.918339560837495,-48.315693201572785,3.0269022958029854,4.146638470087671,0.06386566587249393,0.0007839168259449565,0.0,on,connected,True,synthetic_device_spec_v11
synthetic_customer_002,cabinet_002,2026-09-03 06:30:00+00:00,1,1,1,1,True,True,False,23.82890125033848,-49.16912464245725,2.9556681938389597,4.003136987963711,0.048066687316646727,0.0,0.029210753778245276,on,connected,True,synthetic_device_spec_v11
synthetic_customer_002,cabinet_002,2026-09-03 06:40:00+00:00,0,0,0,0,True,True,False,24.025153474148738,-48.73942036891338,2.9136140513201907,3.894557551699409,0.0,0.006644629702861345,0.01784700350288903,on,connected,True,synthetic_device_spec_v11
synthetic_customer_002,cabinet_002,2026-09-03 06:50:00+00:00,0,0,0,0,True,True,False,23.92058114299215,-48.8662942888375,3.00846781719876,4.016653646312109,0.5304262141208361,0.0,0.0007994890462183242,on,connected,True,synthetic_device_spec_v11
synthetic_customer_002,cabinet_002,2026-09-03 07:00:00+00:00,0,0,0,0,True,True,False,23.85024052297402,-48.96806672020882,3.006503948670482,4.010738500072735,0.0,0.0,0.0,on,connected,True,synthetic_device_spec_v11
synthetic_customer_002,cabinet_002,2026-09-03 07:10:00+00:00,0,0,0,0,True,True,False,23.62986120746212,-51.30320619598875,3.000759534794113,4.001857969779911,0.22609208927365065,0.02867339341715132,0.0,on,connected,True,synthetic_device_spec_v11
synthetic_customer_002,cabinet_002,2026-09-03 07:20:00+00:00,0,0,0,0,True,True,False,23.38054571425917,-47.72632746144885,3.003517051254482,3.9484572718288216,0.0,0.0,0.0,on,connected,True,synthetic_device_spec_v11
synthetic_customer_002,cabinet_002,2026-09-03 07:30:00+00:00,0,0,0,0,True,True,False,22.96752576367285,-46.85929392314273,2.9090651843534,4.011118987809065,0.0,0.03488391945236969,0.0,on,connected,True,synthetic_device_spec_v11
synthetic_customer_002,cabinet_002,2026-09-03 07:40:00+00:00,0,0,0,0,True,True,False,22.799865463145174,-48.59826717549117,2.9935261171696066,3.989078083633497,0.23656404724044594,0.008715704460560149,0.028524086121494027,on,connected,True,synthetic_device_spec_v11
synthetic_customer_002,cabinet_002,2026-09-03 07:50:00+00:00,0,0,0,0,True,True,False,22.383676847113417,-48.56321635754231,3.010717150960157,3.948042089173168,0.1616145243838903,0.0,0.03201437737010832,on,connected,True,synthetic_device_spec_v11
synthetic_customer_002,cabinet_002,2026-09-03 08:00:00+00:00,0,0,0,0,True,True,False,22.491651047869695,-48.719927924286075,2.999902035377905,4.0851357012492056,0.0,0.005177528141146285,0.0,on,connected,True,synthetic_device_spec_v11
synthetic_customer_002,cabinet_002,2026-09-03 08:10:00+00:00,0,0,0,0,True,True,False,21.90504391057696,-48.69413229292206,2.9516736314967043,3.988353640059579,0.0,0.032581475843798696,0.0,on,connected,True,synthetic_device_spec_v11
synthetic_customer_002,cabinet_002,2026-09-03 08:20:00+00:00,0,0,0,0,True,True,False,21.582429392865347,-49.448832713375445,3.0067933327232397,4.025582654623093,0.22593368027788216,0.0,0.014062433730743614,on,connected,True,synthetic_device_spec_v11
synthetic_customer_002,cabinet_002,2026-09-03 08:30:00+00:00,0,0,0,0,True,True,False,21.422552946505093,-48.236842805866154,2.9843215748864007,4.075835838715595,0.0,0.0,0.0045319737074309575,on,connected,True,synthetic_device_spec_v11
synthetic_customer_002,cabinet_002,2026-09-03 08:40:00+00:00,0,0,0,0,True,True,False,21.173753059132757,-48.85465371081193,3.0038089802368155,3.962189079489272,0.0,0.0,0.0,on,connected,True,synthetic_device_spec_v11
synthetic_customer_002,cabinet_002,2026-09-03 08:50:00+00:00,0,0,0,0,True,True,False,20.990711917614185,-45.57043963732082,2.9875967573503988,3.9633627885018954,0.0,0.0,0.002617106363292731,on,connected,True,synthetic_device_spec_v11
synthetic_customer_002,cabinet_002,2026-09-03 09:00:00+00:00,0,0,0,0,True,True,False,20.710967106444205,-47.481987463168295,2.9923469958007827,3.9427777718054893,0.15469700393286315,0.0,0.036978206114227107,on,connected,True,synthetic_device_spec_v11
synthetic_customer_002,cabinet_002,2026-09-03 09:10:00+00:00,0,0,0,0,True,True,False,20.147587894611647,-49.844834057570736,2.9734891566742023,4.001103435260228,0.0,0.05189054259687363,0.018167356836412924,on,connected,True,synthetic_device_spec_v11
synthetic_customer_002,cabinet_002,2026-09-03 09:20:00+00:00,0,0,0,0,True,True,False,19.842647465966053,-54.505330001284094,3.014762697831367,3.999067343241172,0.0,0.08369037647702258,0.006211323601618854,on,connected,True,synthetic_device_spec_v11
synthetic_customer_002,cabinet_002,2026-09-03 09:30:00+00:00,0,0,0,0,True,True,False,19.816189302835554,-56.82365083482474,2.9659443111533226,4.067740256970052,0.0,0.14464489539642342,0.03184937351774336,on,connected,True,synthetic_device_spec_v11
synthetic_customer_002,cabinet_002,2026-09-03 09:40:00+00:00,0,0,0,0,True,True,False,19.340338211760148,-59.874562054310765,2.9749689524613285,3.9896613818966116,0.0,0.20057233631040716,0.0,on,connected,True,synthetic_device_spec_v11
synthetic_customer_002,cabinet_002,2026-09-03 09:50:00+00:00,0,0,0,0,True,True,False,18.667521804679044,-63.48253300607683,2.8816773979132213,4.022653771297226,0.0,0.2939017678588719,0.009539374086618377,on,connected,True,synthetic_device_spec_v11
synthetic_customer_002,cabinet_002,2026-09-03 10:00:00+00:00,0,0,0,0,True,True,False,18.746861538128204,-65.72456623938902,2.830030718188912,4.024125496761404,0.0,0.35583058116849503,0.0,on,connected,True,synthetic_device_spec_v11
synthetic_customer_002,cabinet_002,2026-09-03 12:00:00+00:00,0,0,0,0,True,True,False,24.062222814146278,-47.950595032020715,1.585364532122215,3.925930716933916,0.0,0.0,0.0,on,connected,True,synthetic_device_spec_v11
synthetic_customer_002,cabinet_002,2026-09-03 12:10:00+00:00,1,1,1,1,True,True,False,23.95305998429011,-47.206481244607346,1.459479801981526,3.866272789357638,0.0,0.0,0.0,on,connected,True,synthetic_device_spec_v11
synthetic_customer_002,cabinet_002,2026-09-03 12:20:00+00:00,1,1,1,1,True,True,False,23.885847475917164,-48.36310023188103,1.3635545580130313,4.049366210780136,0.23604249212491257,0.034375504496861296,0.0,on,connected,True,synthetic_device_spec_v11
synthetic_customer_002,cabinet_002,2026-09-03 12:30:00+00:00,1,1,1,1,True,True,False,23.642924427672064,-47.55791777894169,1.2789985697181707,4.015023170522987,0.0,0.0,0.0,on,connected,True,synthetic_device_spec_v11
synthetic_customer_002,cabinet_002,2026-09-03 12:40:00+00:00,0,0,0,0,True,True,False,23.932532886891188,-47.80608480915765,1.2139693331726609,3.9768264187498357,0.5203268391733251,0.0,0.01868049931737848,on,connected,True,synthetic_device_spec_v11
synthetic_customer_002,cabinet_002,2026-09-03 12:50:00+00:00,0,0,0,0,True,True,False,24.269680152729595,-49.047949786255856,1.045097151395042,4.026038839033986,0.0,0.0,0.0,on,connected,True,synthetic_device_spec_v11
synthetic_customer_002,cabinet_002,2026-09-03 13:00:00+00:00,0,0,0,0,True,True,False,23.95441821473125,-49.615588545941705,0.9057056811999536,3.8792781994247956,0.3522362670565821,0.0,0.0260830177313662,on,connected,True,synthetic_device_spec_v11
synthetic_customer_002,cabinet_002,2026-09-03 13:10:00+00:00,0,0,0,0,True,True,False,23.93232462262582,-47.98058477870719,1.024211106312083,3.94916282339475,0.15694695486748297,0.004951803266066892,0.0,on,connected,True,synthetic_device_spec_v11
synthetic_customer_002,cabinet_002,2026-09-03 13:20:00+00:00,0,0,0,0,True,True,False,23.862065121477272,-47.746317232832524,1.0332257494823638,3.9887640806727114,0.0,0.0,0.0,on,connected,True,synthetic_device_spec_v11
synthetic_customer_002,cabinet_002,2026-09-03 13:30:00+00:00,0,0,0,0,True,True,False,24.032974453262145,-48.11880708291321,1.0825203976799347,3.980990960564026,0.2741719162960206,0.004754100559564071,0.0,on,connected,True,synthetic_device_spec_v11
synthetic_customer_002,cabinet_002,2026-09-03 13:40:00+00:00,0,0,0,0,True,True,False,24.225180927478196,-49.04045718166268,2.9590972736799244,3.9758814635379847,0.0,0.007381872601327503,0.024817064648829545,on,connected,True,synthetic_device_spec_v11
synthetic_customer_002,cabinet_002,2026-09-03 13:50:00+00:00,0,0,0,0,True,True,False,24.03463684699185,-48.50375074846944,3.0043056464120244,4.030253883140931,0.5520316041091785,0.004594090820266269,0.001892430548791238,on,connected,True,synthetic_device_spec_v11
synthetic_customer_002,cabinet_002,2026-09-03 14:00:00+00:00,0,0,0,0,True,True,False,23.997580728780967,-49.37313452244748,2.925619608751751,3.901429296717613,0.6971157222415121,0.0,0.021079141427132162,on,connected,True,synthetic_device_spec_v11
synthetic_customer_002,cabinet_002,2026-09-03 14:10:00+00:00,0,0,0,0,True,True,False,24.160329270633955,-47.96157345486179,2.9946428918236796,3.962650709684421,0.13894287790672052,0.04725306936664477,5.4943067755056434e-05,on,connected,True,synthetic_device_spec_v11
synthetic_customer_002,cabinet_002,2026-09-03 14:20:00+00:00,0,0,0,0,True,True,False,23.980561909427752,-49.124429340679555,2.963241303800707,4.027849660108957,0.3712844723769893,0.0,0.008407958738052852,on,connected,True,synthetic_device_spec_v11
synthetic_customer_002,cabinet_002,2026-09-03 14:30:00+00:00,0,0,0,0,True,True,False,23.92796939867466,-46.413428048023555,2.9758405226913625,4.0047491021955945,0.0,0.0,0.0,on,connected,True,synthetic_device_spec_v11
synthetic_customer_002,cabinet_002,2026-09-03 14:40:00+00:00,0,0,0,0,True,True,False,23.99413078198524,-47.34846032194017,2.9590903491842755,3.9972851752650866,0.2841418700552831,0.03461837770678058,0.0,on,connected,True,synthetic_device_spec_v11
synthetic_customer_002,cabinet_002,2026-09-03 14:50:00+00:00,0,0,0,0,True,True,False,23.892640797263503,-46.59862088646405,2.9721925241124194,4.041944921281995,0.0,0.0,0.0,on,connected,True,synthetic_device_spec_v11
synthetic_customer_002,cabinet_002,2026-09-03 15:00:00+00:00,0,0,0,0,True,True,False,24.230584419329293,-47.931175428772015,3.010485633011725,3.9162462935323994,0.0,0.012938524292114726,0.0,on,connected,True,synthetic_device_spec_v11
synthetic_customer_002,cabinet_002,2026-09-03 15:10:00+00:00,0,0,0,0,True,True,False,24.038409605218828,-50.515546106423784,2.976299785695869,4.056228517831517,0.7872759827131386,0.01536048069970118,0.012850468093339323,on,connected,True,synthetic_device_spec_v11
synthetic_customer_002,cabinet_002,2026-09-03 15:20:00+00:00,0,0,0,0,True,True,False,23.728554909867647,-47.90868840458796,2.9645518384415053,3.988111890944503,0.0,0.006402106353198349,0.0,on,connected,True,synthetic_device_spec_v11
synthetic_customer_002,cabinet_002,2026-09-03 15:30:00+00:00,0,0,0,0,True,True,False,24.16905105493487,-48.341272800837096,2.885858964713761,3.9728263718380403,0.0,0.0,0.0,on,connected,True,synthetic_device_spec_v11
synthetic_customer_002,cabinet_002,2026-09-03 15:40:00+00:00,0,0,0,0,True,True,False,24.007245184620615,-47.59672157780715,2.8819536405028496,4.021227109270639,0.0,0.03859171958262666,0.0,on,connected,True,synthetic_device_spec_v11
synthetic_customer_002,cabinet_002,2026-09-03 15:50:00+00:00,0,0,0,0,True,True,False,24.239131705831884,-49.110285553396515,2.8475269870273605,3.999855741861307,0.0,0.0310580869594411,0.006503881052932564,on,connected,True,synthetic_device_spec_v11
synthetic_customer_002,cabinet_002,2026-09-03 16:00:00+00:00,0,0,0,0,True,True,False,24.02423277569125,-47.41289502022066,2.758289333305226,3.9302613800601076,0.1608954359908292,0.017364444037762564,0.0,on,connected,True,synthetic_device_spec_v11
synthetic_customer_002,cabinet_002,2026-09-03 16:10:00+00:00,0,0,0,0,True,True,False,23.838269858173792,-48.10173353846247,2.7862112795601797,3.8630827537279373,0.4099206032773409,0.0,0.019370145914271684,on,connected,True,synthetic_device_spec_v11
synthetic_customer_002,cabinet_002,2026-09-03 16:20:00+00:00,0,0,0,0,True,True,False,24.05897272200409,-46.92982609200339,2.6832546158746964,4.029154940479648,0.22086332510992623,0.032944018691963194,0.020726673268807047,on,connected,True,synthetic_device_spec_v11
synthetic_customer_002,cabinet_002,2026-09-03 16:30:00+00:00,0,0,0,0,True,True,False,23.90344284336879,-47.99827346382873,2.6733147342999373,4.027361698006364,0.0,0.0,0.0062229953903767355,on,connected,True,synthetic_device_spec_v11
synthetic_customer_002,cabinet_002,2026-09-03 16:40:00+00:00,0,0,0,0,True,True,False,23.903892787823914,-47.92640377693273,2.6420525495840312,4.076822419507961,0.0,0.039098037464202755,0.0,on,connected,True,synthetic_device_spec_v11
synthetic_customer_002,cabinet_002,2026-09-03 16:50:00+00:00,0,0,0,0,True,True,False,23.661029861480163,-47.755896431900275,2.548696582301198,3.8921615829048646,1.6445194524989077,0.002259007102290346,0.013258560891970856,on,connected,True,synthetic_device_spec_v11
synthetic_customer_002,cabinet_002,2026-09-03 17:00:00+00:00,0,0,0,0,True,True,False,23.924226807877083,-46.973562743179095,2.5015282073752814,4.021945466759093,3.433189034335467,0.020944579450789102,0.003920766195200215,on,connected,True,synthetic_device_spec_v11
synthetic_customer_002,cabinet_002,2026-09-03 17:10:00+00:00,0,0,0,0,True,True,False,24.001950937422286,-48.71651206865065,2.4165098545817854,3.984793989649399,4.34043755593797,0.04657235011953148,0.006938725007028895,on,connected,True,synthetic_device_spec_v11
synthetic_customer_002,cabinet_002,2026-09-03 17:20:00+00:00,0,0,0,0,True,True,False,23.854750297196148,-47.82250193236361,2.431117327366561,4.082235683879146,6.0722029345276205,0.0,0.01408647867953217,on,connected,True,synthetic_device_spec_v11
synthetic_customer_002,cabinet_002,2026-09-03 17:30:00+00:00,0,0,0,0,True,True,False,23.896479326673866,-48.28075188775439,2.2426487429897883,3.9361885088223683,7.900916671085634,0.008741689517397549,0.0,on,connected,True,synthetic_device_spec_v11
synthetic_customer_002,cabinet_002,2026-09-03 17:40:00+00:00,0,0,0,0,True,True,False,23.78141369944189,-48.67956503149789,2.338825301056122,4.075770685125065,9.371812882940823,0.017605488146225284,0.0020591227023554364,on,connected,True,synthetic_device_spec_v11
synthetic_customer_002,cabinet_002,2026-09-03 17:50:00+00:00,0,0,0,0,True,True,False,23.98594207370275,-49.87661121287208,2.2029620225870414,3.9816353899749233,11.335035883455166,0.0,0.0,on,connected,True,synthetic_device_spec_v11
synthetic_customer_002,cabinet_002,2026-09-03 18:00:00+00:00,0,0,0,0,True,True,False,24.04070858859305,-47.70593548520199,2.238462919172857,4.026982485589053,12.922353580025886,0.02241061473090949,0.011784008034764317,on,connected,True,synthetic_device_spec_v11
synthetic_customer_002,cabinet_002,2026-09-03 18:10:00+00:00,1,1,1,1,True,True,False,23.960988314310537,-49.628408633900044,2.205042187521139,4.056757108159312,14.542324410827009,0.007918554881630414,0.0,on,connected,True,synthetic_device_spec_v11
synthetic_customer_002,cabinet_002,2026-09-03 18:20:00+00:00,1,1,1,1,True,True,False,23.824209135730946,-47.85494759177638,2.131519512312283,3.935123585939119,15.85924395399318,0.0,0.0,on,connected,True,synthetic_device_spec_v11
synthetic_customer_002,cabinet_002,2026-09-03 18:30:00+00:00,1,1,1,1,True,True,False,24.056069967689357,-47.82982735563514,2.178370852490148,3.9486060878595604,18.458012263017693,0.01361554890588243,0.0,on,connected,True,synthetic_device_spec_v11
synthetic_customer_002,cabinet_002,2026-09-03 18:40:00+00:00,0,0,0,0,True,True,False,24.14596655704874,-47.79105283759307,2.2021607590350354,3.969662267360382,19.040607409820154,0.0,0.0,on,connected,True,synthetic_device_spec_v11
synthetic_customer_002,cabinet_002,2026-09-03 18:50:00+00:00,0,0,0,0,True,True,False,23.88110304225793,-49.11749084487717,2.188262841570338,4.076611062974628,20.88614358090147,0.0,0.005855366432517063,on,connected,True,synthetic_device_spec_v11
synthetic_customer_002,cabinet_002,2026-09-03 19:00:00+00:00,0,0,0,0,True,True,False,24.094277081790334,-48.80458558327107,3.0508093265422245,3.935017372314194,23.511482751663813,0.047393670583240385,0.023162001055163934,on,connected,True,synthetic_device_spec_v11
synthetic_customer_002,cabinet_002,2026-09-03 19:10:00+00:00,0,0,0,0,True,True,False,23.871508212020085,-47.86616914386375,3.0159809883655537,4.058380925607858,24.391935352498077,0.009280674302567004,0.0,on,connected,True,synthetic_device_spec_v11
synthetic_customer_002,cabinet_002,2026-09-03 19:20:00+00:00,0,0,0,0,True,True,False,24.325345648335418,-49.05981137884102,2.9923949366209546,3.9914532061865957,24.83690200688354,0.012496569727141707,0.0,on,connected,True,synthetic_device_spec_v11
synthetic_customer_002,cabinet_002,2026-09-03 19:30:00+00:00,0,0,0,0,True,True,False,24.17854591621596,-48.75810565841992,2.94595812375984,4.0724202737054975,25.64435412754183,0.0,0.0029789746790819913,on,connected,True,synthetic_device_spec_v11
synthetic_customer_002,cabinet_002,2026-09-03 19:40:00+00:00,0,0,0,0,True,True,False,23.7789791962935,-48.349322758266645,2.958906595129812,3.8828458363552314,24.56537046935321,0.0,0.003921389076191092,on,connected,True,synthetic_device_spec_v11
synthetic_customer_002,cabinet_002,2026-09-03 19:50:00+00:00,0,0,0,0,True,True,False,23.908532914863464,-49.58526564816469,2.9763311488244715,4.077400676485226,24.40445659472699,0.0,0.013901795216194286,on,connected,True,synthetic_device_spec_v11
synthetic_customer_002,cabinet_002,2026-09-03 20:00:00+00:00,0,0,0,0,True,True,False,23.764672559332624,-46.71725749324861,2.9592435403499984,3.8998847082481047,25.373701442809256,0.0,0.0001251551825334802,on,connected,True,synthetic_device_spec_v11
synthetic_customer_002,cabinet_002,2026-09-03 20:10:00+00:00,0,0,0,0,True,True,False,23.937694196155334,-49.43364715432983,2.98077268395492,4.081434556296498,25.423689131969443,0.0,0.014097609563890506,on,connected,True,synthetic_device_spec_v11
synthetic_customer_002,cabinet_002,2026-09-03 20:20:00+00:00,0,0,0,0,True,True,False,24.27614836116323,-48.95313711943297,2.983964186822403,4.169593923008887,25.18776929375345,0.0,0.0,on,connected,True,synthetic_device_spec_v11
synthetic_customer_002,cabinet_002,2026-09-03 20:30:00+00:00,0,0,0,0,True,True,False,23.88166056210477,-46.81063197050994,3.008085475087406,3.983894775965894,24.056373794302925,0.0,0.008294431031980166,on,connected,True,synthetic_device_spec_v11
synthetic_customer_002,cabinet_002,2026-09-03 20:40:00+00:00,0,0,0,0,True,True,False,23.945229996042197,-46.565221780269965,3.012819697374633,3.9649133985072496,0.0,0.0,0.00283771563422614,on,connected,True,synthetic_device_spec_v11
synthetic_customer_002,cabinet_002,2026-09-03 20:50:00+00:00,0,0,0,0,True,True,False,23.990588356065235,-48.31849040338561,3.044428320920295,4.061525297750724,0.0,0.0,0.014916430464675154,on,connected,True,synthetic_device_spec_v11
synthetic_customer_002,cabinet_002,2026-09-03 21:00:00+00:00,0,0,0,0,True,True,False,24.200388083831623,-47.110532401901146,2.964667350552956,4.05765908295803,0.0,0.0,0.0,on,connected,True,synthetic_device_spec_v11
synthetic_customer_002,cabinet_002,2026-09-03 21:10:00+00:00,0,0,0,0,True,True,False,23.997629304083894,-49.183458132826395,3.07190766736376,4.005495108353482,0.0,0.0,0.026841042319329222,on,connected,True,synthetic_device_spec_v11
synthetic_customer_002,cabinet_002,2026-09-03 21:20:00+00:00,0,0,0,0,True,True,False,23.876671774916698,-50.6252218861546,3.04979856092619,4.089641588330174,0.0,0.004190040496636661,0.0,on,connected,True,synthetic_device_spec_v11
synthetic_customer_002,cabinet_002,2026-09-03 21:30:00+00:00,0,0,0,0,True,True,False,23.960803189360586,-48.29919490835579,3.010273198000829,4.0414154373058135,0.0,0.0,0.0,on,connected,True,synthetic_device_spec_v11
synthetic_customer_002,cabinet_002,2026-09-03 21:40:00+00:00,0,0,0,0,True,True,False,23.982491513583525,-47.80930937202964,2.9717155343616053,3.968950407413702,1.0570375965799348,0.015588490273619552,0.0,on,connected,True,synthetic_device_spec_v11
synthetic_customer_002,cabinet_002,2026-09-03 21:50:00+00:00,0,0,0,0,True,True,False,24.06407102962462,-46.73723975591912,3.0126763875497886,4.050394307633478,0.5970297257715597,0.020605331771543164,0.0058635926766109105,on,connected,True,synthetic_device_spec_v11
synthetic_customer_002,cabinet_002,2026-09-03 22:00:00+00:00,0,0,0,0,True,True,False,24.061455677787585,-47.96605854958999,3.0018220644358937,3.960033141681616,0.04008310851247132,0.010710412152929602,0.0,on,connected,True,synthetic_device_spec_v11
synthetic_customer_002,cabinet_002,2026-09-03 22:10:00+00:00,0,0,0,0,True,True,False,24.10709506765444,-48.79207860784612,3.0424443432803585,4.002183783637929,0.0,0.0,0.0,on,connected,True,synthetic_device_spec_v11
synthetic_customer_002,cabinet_002,2026-09-03 22:20:00+00:00,0,0,0,0,True,True,False,23.904035922170998,-48.64824470668001,3.018523947691019,3.9356839755252913,0.26759161293552813,0.0,0.0,on,connected,True,synthetic_device_spec_v11
synthetic_customer_002,cabinet_002,2026-09-03 22:30:00+00:00,0,0,0,0,True,True,False,23.937372201396762,-48.88854430672912,3.0582120987163077,3.977980928886952,0.5617746062172244,0.010929804154285827,0.0,on,connected,True,synthetic_device_spec_v11
synthetic_customer_002,cabinet_002,2026-09-03 22:40:00+00:00,0,0,0,0,True,True,False,23.991480208905347,-48.66402343079116,2.9605643553019902,4.036461851454664,0.0,0.022248071641901766,0.005658576592171791,on,connected,True,synthetic_device_spec_v11
synthetic_customer_002,cabinet_002,2026-09-03 22:50:00+00:00,0,0,0,0,True,True,False,23.978502143670287,-49.16103518445136,2.963529939323125,4.027760026334128,0.0,0.0015311239656662116,0.0,on,connected,True,synthetic_device_spec_v11
synthetic_customer_002,cabinet_002,2026-09-03 23:00:00+00:00,0,0,0,0,True,True,False,23.829220939504957,-49.597145679258645,3.0165088611326203,3.9893847296724436,0.0,0.005248575923989412,0.012457043053210545,on,connected,True,synthetic_device_spec_v11
synthetic_customer_002,cabinet_002,2026-09-03 23:10:00+00:00,0,0,0,0,True,True,False,24.096916529804737,-47.531127402183735,2.997096945960858,4.086325597580833,0.0,0.002943463301687216,0.0,on,connected,True,synthetic_device_spec_v11
synthetic_customer_002,cabinet_002,2026-09-03 23:20:00+00:00,0,0,0,0,True,True,False,24.013486258944372,-49.61834478336646,3.0498526537962802,3.963269781404565,0.09247135628786525,0.010811961249917075,0.01327237456377031,on,connected,True,synthetic_device_spec_v11
synthetic_customer_002,cabinet_002,2026-09-03 23:30:00+00:00,0,0,0,0,True,True,False,23.879122172343155,-47.070595828212646,2.9412131975506597,3.901039041031346,0.4691620037589277,0.0,0.004551070509064859,on,connected,True,synthetic_device_spec_v11
synthetic_customer_002,cabinet_002,2026-09-03 23:40:00+00:00,0,0,0,0,True,True,False,24.091358944901415,-49.05434162899782,2.991074276477197,3.9949718339484486,0.0,0.011743869851871931,0.005976924200854015,on,connected,True,synthetic_device_spec_v11
synthetic_customer_002,cabinet_002,2026-09-03 23:50:00+00:00,0,0,0,0,True,True,False,23.958030531754684,-47.72734272404469,3.0208306471957203,4.021958893990528,0.46561359199874325,0.0,0.0,on,connected,True,synthetic_device_spec_v11
synthetic_customer_002,cabinet_002,2026-09-04 00:00:00+00:00,0,0,0,0,True,True,False,23.998340680076353,-48.040622173271466,3.001846982318491,3.9932247645506087,0.0,0.0,0.0,on,connected,True,synthetic_device_spec_v11
synthetic_customer_002,cabinet_002,2026-09-04 00:10:00+00:00,1,1,1,1,True,True,False,23.94538177026688,-48.06797333882239,3.059895232264002,3.8688079895852208,1.0218675964799209,0.009567573334422406,0.0,on,connected,True,synthetic_device_spec_v11
synthetic_customer_002,cabinet_002,2026-09-04 00:20:00+00:00,1,1,1,1,True,True,False,23.893090431211863,-47.716960441886336,2.9619923197662836,4.0377453018034455,0.0,0.008319514412362531,0.0354733843537815,on,connected,True,synthetic_device_spec_v11
synthetic_customer_002,cabinet_002,2026-09-04 00:30:00+00:00,1,1,1,1,True,True,False,24.070785727797162,-45.8601157378101,3.0156638353160075,4.095990461805876,0.27345873716378616,0.0,0.0,on,connected,True,synthetic_device_spec_v11
synthetic_customer_002,cabinet_002,2026-09-04 00:40:00+00:00,0,0,0,0,True,True,False,23.863274676358845,-46.76097473164351,2.9891033354705296,3.995476831625245,0.10623716751459347,0.004064130603772791,0.021945050343607487,on,connected,True,synthetic_device_spec_v11
synthetic_customer_002,cabinet_002,2026-09-04 00:50:00+00:00,0,0,0,0,True,True,False,24.002011535379935,-48.952367794389225,2.9585496535178386,3.965111398511204,0.09029308005410691,0.005224315140852114,0.003340634254709423,on,connected,True,synthetic_device_spec_v11
synthetic_customer_002,cabinet_002,2026-09-04 01:00:00+00:00,0,0,0,0,True,True,False,23.9924945563488,-48.645905414174976,2.9509090878426862,4.098936331950724,0.0,0.009703968229506818,0.00012457754867507872,on,connected,True,synthetic_device_spec_v11
synthetic_customer_002,cabinet_002,2026-09-04 01:10:00+00:00,0,0,0,0,True,True,False,23.91379834478054,-46.557931692451945,2.9135444949746394,4.026190118735682,0.3448351678330906,0.0019411929792683587,0.006114511579467697,on,connected,True,synthetic_device_spec_v11
synthetic_customer_002,cabinet_002,2026-09-04 01:20:00+00:00,0,0,0,0,True,True,False,24.172322409426595,-48.03587717383116,2.959882016036839,3.9556003819299552,0.4390425327443341,0.03587203068043238,0.0,on,connected,True,synthetic_device_spec_v11
synthetic_customer_002,cabinet_002,2026-09-04 01:30:00+00:00,0,0,0,0,True,True,False,24.186752904910726,-48.33587313484331,2.9658624490400785,3.972682960624821,0.0,0.0339350296321077,0.025350969833591464,on,connected,True,synthetic_device_spec_v11
synthetic_customer_002,cabinet_002,2026-09-04 01:40:00+00:00,0,0,0,0,True,True,False,24.237221141718837,-47.09091178333438,3.018669339258578,4.032831277730195,0.0,0.04696804236680325,0.025366300540644288,on,connected,True,synthetic_device_spec_v11
synthetic_customer_002,cabinet_002,2026-09-04 01:50:00+00:00,0,0,0,0,True,True,False,24.164130398746487,-47.7419867356206,3.01796322291801,3.9168495246455373,0.13550418205021805,0.0,0.0,on,connected,True,synthetic_device_spec_v11
synthetic_customer_002,cabinet_002,2026-09-04 02:00:00+00:00,0,0,0,0,True,True,False,24.12075570431111,-47.584212159371724,3.008196286428098,4.075478604444472,0.34969195424335736,0.0,0.003593300356513093,on,connected,True,synthetic_device_spec_v11
synthetic_customer_002,cabinet_002,2026-09-04 02:10:00+00:00,0,0,0,0,True,True,False,24.040982700343843,-47.148277718830116,3.0032709039967247,4.011870673001071,0.4849602949103274,0.013337032818430409,0.001186435573212741,on,connected,True,synthetic_device_spec_v11
synthetic_customer_002,cabinet_002,2026-09-04 02:20:00+00:00,0,0,0,0,True,True,False,23.995805133710494,-49.152058277308434,2.958976803503969,4.034315818298234,0.02332979474602917,0.018977841428796046,0.0034120661528237372,on,connected,True,synthetic_device_spec_v11
synthetic_customer_002,cabinet_002,2026-09-04 02:30:00+00:00,0,0,0,0,True,True,False,23.902714166364046,-47.252789640868436,2.994038862349918,4.076017171620909,0.0,0.0,0.001452826009867784,on,connected,True,synthetic_device_spec_v11
synthetic_customer_002,cabinet_002,2026-09-04 02:40:00+00:00,0,0,0,0,True,True,False,24.210141897931216,-48.96218502974904,3.0336104036123874,4.050825501679819,0.21937046157051537,0.03008483482685231,0.0021227284814074854,on,connected,True,synthetic_device_spec_v11
synthetic_customer_002,cabinet_002,2026-09-04 02:50:00+00:00,0,0,0,0,True,True,False,23.93339306651552,-49.26251329357098,3.0713561047455977,4.037545965316211,0.08294551568442567,0.03558601869035368,0.0,on,connected,True,synthetic_device_spec_v11
synthetic_customer_002,cabinet_002,2026-09-04 03:00:00+00:00,0,0,0,0,True,True,False,24.146622845056203,-47.29499769265796,2.9928145963975563,4.03752787663053,0.556283035463484,0.009073294724133782,0.0,on,connected,True,synthetic_device_spec_v11
synthetic_customer_002,cabinet_002,2026-09-04 03:10:00+00:00,0,0,0,0,True,True,False,24.23208438419611,-49.28043812071969,2.989120292167073,4.048543006562028,0.370019507390404,0.010962066857436894,0.008895579137392074,on,connected,True,synthetic_device_spec_v11
synthetic_customer_002,cabinet_002,2026-09-04 03:20:00+00:00,0,0,0,0,True,True,False,23.99823748004328,-46.30990661427155,2.989773567998674,4.179086999177392,0.0,0.0006838219886578687,0.02323929374575154,on,connected,True,synthetic_device_spec_v11
synthetic_customer_002,cabinet_002,2026-09-04 03:30:00+00:00,0,0,0,0,True,True,False,24.050349967054554,-47.83497237211686,3.0043209049177353,4.166457346347311,0.0,0.0,0.060883627013097096,on,connected,True,synthetic_device_spec_v11
synthetic_customer_002,cabinet_002,2026-09-04 03:40:00+00:00,0,0,0,0,True,True,False,24.07788287329571,-47.68133771409462,2.980564189545205,4.400656971997743,0.0,0.015373138341824154,0.04173593145171238,on,connected,True,synthetic_device_spec_v11
synthetic_customer_002,cabinet_002,2026-09-04 03:50:00+00:00,0,0,0,0,True,True,False,24.00392787399108,-48.068050160738046,2.9867756035903033,4.5882340814493805,0.0,0.03605784554974498,0.04743183293062238,on,connected,True,synthetic_device_spec_v11
synthetic_customer_002,cabinet_002,2026-09-04 04:00:00+00:00,0,0,0,0,True,True,False,23.897655819389218,-48.768821646832684,3.1057418541236324,4.728764607998342,0.2276502831369535,0.0,0.09051455730771868,on,connected,True,synthetic_device_spec_v11
synthetic_customer_002,cabinet_002,2026-09-04 04:10:00+00:00,0,0,0,0,True,True,False,23.987569928285808,-48.42910263218359,3.0271256455115725,4.86001383467407,0.0,0.04609033002751214,0.11170930582395139,on,connected,True,synthetic_device_spec_v11
synthetic_customer_002,cabinet_002,2026-09-04 04:20:00+00:00,0,0,0,0,True,True,False,23.89024028720366,-47.979773275441374,2.945264371982792,4.8795302177897835,0.0,0.03630823791763978,0.12196018687242625,on,connected,True,synthetic_device_spec_v11
synthetic_customer_002,cabinet_002,2026-09-04 04:30:00+00:00,0,0,0,0,True,True,False,24.15100843788858,-49.45283453383075,3.029517251716389,5.261677261837909,0.10448078134961666,0.0,0.1532122383821386,on,connected,True,synthetic_device_spec_v11
synthetic_customer_002,cabinet_002,2026-09-04 04:40:00+00:00,0,0,0,0,True,True,False,23.8976841523514,-48.725040022914264,3.031809966928915,5.2567217981229355,0.0,0.0,0.17599221378921945,on,connected,True,synthetic_device_spec_v11
synthetic_customer_002,cabinet_002,2026-09-04 04:50:00+00:00,0,0,0,0,True,True,False,24.086932357279025,-48.8894679833859,2.9969561696714453,5.389158120899987,0.0,0.0,0.21181700421201227,on,connected,True,synthetic_device_spec_v11
synthetic_customer_002,cabinet_002,2026-09-04 05:00:00+00:00,0,0,0,0,True,True,False,23.930018765444064,-45.93763056201517,3.0369772479236654,5.692861466727501,0.19274112167309213,0.0,0.23612138749540937,on,connected,True,synthetic_device_spec_v11
synthetic_customer_002,cabinet_002,2026-09-04 05:10:00+00:00,0,0,0,0,True,True,False,24.113431060826862,-50.480577012368315,3.041952143201925,5.620750376523723,0.24553228786837805,0.006216364624988917,0.21731643645414891,on,connected,True,synthetic_device_spec_v11
synthetic_customer_002,cabinet_002,2026-09-04 05:20:00+00:00,0,0,0,0,True,True,False,23.97713060156153,-48.40960975864179,2.9499341775287373,5.835334300707605,0.29983374009285696,0.0,0.25042495425087197,on,connected,True,synthetic_device_spec_v11
synthetic_customer_002,cabinet_002,2026-09-04 05:30:00+00:00,0,0,0,0,True,True,False,23.799545441112414,-48.75989095734738,2.9872639825122858,6.0140505518506595,0.04354969219251224,0.03518082433367821,0.27358906740311323,on,connected,True,synthetic_device_spec_v11
synthetic_customer_002,cabinet_002,2026-09-04 05:40:00+00:00,0,0,0,0,True,True,False,23.906957586059864,-47.1776248210862,3.02858423561621,6.15400119201022,0.6259160847962459,0.0,0.29391766284041565,on,connected,True,synthetic_device_spec_v11
synthetic_customer_002,cabinet_002,2026-09-04 05:50:00+00:00,0,0,0,0,True,True,False,24.07164917037585,-47.598241837076905,2.988185682323489,6.285605142138553,0.0,0.0,0.31474744323730064,on,connected,True,synthetic_device_spec_v11
synthetic_customer_002,cabinet_002,2026-09-04 06:00:00+00:00,0,0,0,0,True,True,False,24.01578327596011,-48.812569061411324,2.9820661320389306,6.461521256682359,0.0,0.0,0.2975912228454048,on,connected,True,synthetic_device_spec_v11
synthetic_customer_002,cabinet_002,2026-09-04 06:10:00+00:00,1,1,1,1,True,True,False,23.94105016783716,-46.340849181766465,3.0259705241365658,6.662317866590529,0.0,0.0,0.33576608050170204,on,connected,True,synthetic_device_spec_v11
synthetic_customer_002,cabinet_002,2026-09-04 06:20:00+00:00,1,1,1,1,True,True,False,23.883536021021104,-48.88413311965884,2.9975943451937375,6.6880353831737285,0.0,0.009603531223067572,0.36393340239025007,on,connected,True,synthetic_device_spec_v11
synthetic_customer_002,cabinet_002,2026-09-04 06:30:00+00:00,1,1,1,1,True,True,False,24.002196847335494,-49.562067203412326,2.983764929333128,6.839730630941149,0.6503289453098345,0.018179495057611718,0.37229831567304617,on,connected,True,synthetic_device_spec_v11
synthetic_customer_002,cabinet_002,2026-09-04 06:40:00+00:00,0,0,0,0,True,True,False,24.079063356485783,-46.60428602850334,2.990411780552747,7.0334019500210285,0.0,0.0,0.3907422632838766,on,connected,True,synthetic_device_spec_v11
synthetic_customer_002,cabinet_002,2026-09-04 06:50:00+00:00,0,0,0,0,True,True,False,23.711363920722768,-48.84208776866541,2.978496474560835,7.0523372809424165,0.0,0.0,0.38721959602092965,on,connected,True,synthetic_device_spec_v11
synthetic_customer_002,cabinet_002,2026-09-04 07:00:00+00:00,0,0,0,0,True,True,False,24.01925372523782,-46.170629385258295,3.010859774300236,6.901649622403349,0.0,0.02646689136116165,0.38015034861161673,on,connected,True,synthetic_device_spec_v11
synthetic_customer_002,cabinet_002,2026-09-04 07:10:00+00:00,0,0,0,0,True,True,False,23.80552211068253,-48.485246013671784,2.9923611565783337,6.955680939257325,0.07601233985501316,0.0,0.4220139149002861,on,connected,True,synthetic_device_spec_v11
synthetic_customer_002,cabinet_002,2026-09-04 07:20:00+00:00,0,0,0,0,True,True,False,24.15890712031743,-47.48923143417887,3.0042976655595446,7.058172863623985,0.0047723781788421935,0.044981798986672566,0.4068623223565785,on,connected,True,synthetic_device_spec_v11
synthetic_customer_002,cabinet_002,2026-09-04 07:30:00+00:00,0,0,0,0,True,True,False,23.91064909643214,-48.82551121833262,3.010132939900526,7.0845661808376095,0.4568136364484592,0.0,0.40110529887659724,on,connected,True,synthetic_device_spec_v11
synthetic_customer_002,cabinet_002,2026-09-04 07:40:00+00:00,0,0,0,0,True,True,False,24.075904602842208,-48.37486027548328,2.962085825994267,6.981576498339884,0.1432307551517944,0.0,0.3721611055261184,on,connected,True,synthetic_device_spec_v11
synthetic_customer_002,cabinet_002,2026-09-04 07:50:00+00:00,0,0,0,0,True,True,False,23.84868284906101,-47.714959019347866,3.092513984729736,3.950416593598847,0.9463154237660234,0.04207266365441438,0.0,on,connected,True,synthetic_device_spec_v11
synthetic_customer_002,cabinet_002,2026-09-04 08:00:00+00:00,0,0,0,0,True,True,False,23.754101033981822,-49.272286037693746,3.003829942578699,4.031456066408443,0.0,0.028161678128504647,0.0,on,connected,True,synthetic_device_spec_v11
synthetic_customer_002,cabinet_002,2026-09-04 08:10:00+00:00,0,0,0,0,True,True,False,23.93701035083647,-48.249871618213724,2.970126083399099,3.9606119148645718,0.7718412540410919,0.019786547308780555,0.0,on,connected,True,synthetic_device_spec_v11
synthetic_customer_002,cabinet_002,2026-09-04 08:20:00+00:00,0,0,0,0,True,True,False,23.978872534930417,-48.17101241755418,3.0368221244169606,3.9688605693434793,1.1167201144942682,0.0,0.006341188962071119,on,connected,True,synthetic_device_spec_v11
synthetic_customer_002,cabinet_002,2026-09-04 08:30:00+00:00,0,0,0,0,True,True,False,24.05601778874097,-46.718227314135994,2.9518053794056303,4.081219192883406,0.0,0.005344905068680879,0.008816486822269046,on,connected,True,synthetic_device_spec_v11
synthetic_customer_002,cabinet_002,2026-09-04 08:40:00+00:00,0,0,0,0,True,True,False,24.156794633250875,-47.0570217779667,3.061120819916386,4.009110453494506,0.09673108108187042,0.002911504638125049,0.005340061907302714,on,connected,True,synthetic_device_spec_v11
synthetic_customer_002,cabinet_002,2026-09-04 08:50:00+00:00,0,0,0,0,True,True,False,23.781650478865053,-46.668910050144234,2.9850550693118123,4.034290504043169,0.19095045682929984,0.02506402421102192,0.0019118402312714047,on,connected,True,synthetic_device_spec_v11
synthetic_customer_002,cabinet_002,2026-09-04 09:00:00+00:00,0,0,0,0,True,True,False,24.101790540379568,-48.110586550746184,3.0273175557550505,4.007521162278367,0.0,0.0,0.0,on,connected,True,synthetic_device_spec_v11
synthetic_customer_002,cabinet_002,2026-09-04 09:10:00+00:00,0,0,0,0,True,True,False,24.029164999812874,-46.3913251552309,3.002934539661398,4.017121248050566,0.0,0.0,0.01562912930321304,on,connected,True,synthetic_device_spec_v11
synthetic_customer_002,cabinet_002,2026-09-04 09:20:00+00:00,0,0,0,0,True,True,False,23.96638411123441,-49.12647181883627,3.047295398994545,4.000257658047507,0.6233687123342282,0.06070901194481787,0.006012939067768339,on,connected,True,synthetic_device_spec_v11
synthetic_customer_002,cabinet_002,2026-09-04 09:30:00+00:00,0,0,0,0,True,True,False,24.188103862750204,-46.80622691543749,2.916989944826998,4.0479236657131,0.0,0.0,0.0,on,connected,True,synthetic_device_spec_v11
synthetic_customer_002,cabinet_002,2026-09-04 09:40:00+00:00,0,0,0,0,True,True,False,24.10904112364053,-48.220865663428796,2.9827462889744623,4.0769599001553996,0.18215816089914227,0.0,0.004168368768470974,on,connected,True,synthetic_device_spec_v11
synthetic_customer_002,cabinet_002,2026-09-04 09:50:00+00:00,0,0,0,0,True,True,False,24.251291796988177,-49.06887744219547,3.0442063397983756,4.065956822658951,0.0,0.02320915126337497,0.0,on,connected,True,synthetic_device_spec_v11
synthetic_customer_002,cabinet_002,2026-09-04 10:00:00+00:00,0,0,0,0,True,True,False,23.64439762903262,-48.70090125616095,3.035047255232667,3.9418263333868833,0.0,0.0,0.008360779017122396,on,connected,True,synthetic_device_spec_v11
synthetic_customer_002,cabinet_002,2026-09-04 10:10:00+00:00,0,0,0,0,True,True,False,24.06150597801771,-47.59750786933699,2.945223426776938,3.994993270214375,0.5823174852672328,0.0,0.028927640325390774,on,connected,True,synthetic_device_spec_v11
synthetic_customer_002,cabinet_002,2026-09-04 10:20:00+00:00,0,0,0,0,True,True,False,23.83215529923705,-47.19358945315572,2.9944123467430175,4.007011458198006,0.0,0.0,0.017818303018186783,on,connected,True,synthetic_device_spec_v11
synthetic_customer_002,cabinet_002,2026-09-04 10:30:00+00:00,0,0,0,0,True,True,False,23.857186702113903,-45.672955964888835,3.013115413032235,3.952403929744234,0.3430540693074708,0.04125801556696551,0.014546155872048397,on,connected,True,synthetic_device_spec_v11
synthetic_customer_002,cabinet_002,2026-09-04 10:40:00+00:00,0,0,0,0,True,True,False,24.066015084258552,-47.33000724392573,2.992578870313874,3.9689296956119575,0.08813149114093526,0.0,0.0079637127405719,on,connected,True,synthetic_device_spec_v11
synthetic_customer_002,cabinet_002,2026-09-04 10:50:00+00:00,0,0,0,0,True,True,False,24.064183583629568,-46.39576217072633,2.9874616034702197,3.9140183527690846,0.35796947915997046,0.021813133719831155,0.008507489297523735,on,connected,True,synthetic_device_spec_v11
synthetic_customer_002,cabinet_002,2026-09-04 11:00:00+00:00,0,0,0,0,True,True,False,23.675757018432943,-48.41245295307966,3.024366443373095,4.060682389437948,0.0,0.019315506455089143,0.0007668427710361061,on,connected,True,synthetic_device_spec_v11
synthetic_customer_002,cabinet_002,2026-09-04 11:10:00+00:00,0,0,0,0,True,True,False,23.907179711232043,-48.20972023270076,3.0235344535469255,3.9781853163806042,0.0,0.0,0.0,on,connected,True,synthetic_device_spec_v11
synthetic_customer_002,cabinet_002,2026-09-04 11:20:00+00:00,0,0,0,0,True,True,False,23.97684369378565,-47.65928367837647,3.010959534256319,4.061777095937448,0.05365712677746334,0.0,0.011137834788167544,on,connected,True,synthetic_device_spec_v11
synthetic_customer_002,cabinet_002,2026-09-04 11:30:00+00:00,0,0,0,0,True,True,False,24.105690121745614,-47.3647260410222,3.0560757826140645,3.9149009567358357,0.010677760400031861,0.0,0.0077451051926393415,on,connected,True,synthetic_device_spec_v11
synthetic_customer_002,cabinet_002,2026-09-04 11:40:00+00:00,0,0,0,0,True,True,False,24.092727867479418,-47.897316445354974,3.0765039174998847,4.015811213268273,0.027776932267461144,0.062179413662957,0.0,on,connected,True,synthetic_device_spec_v11
synthetic_customer_002,cabinet_002,2026-09-04 11:50:00+00:00,0,0,0,0,True,True,False,23.97787305839868,-46.91388745423141,3.0219057838635552,4.047546175150826,0.5802822006121218,0.03090740472195684,0.0,on,connected,True,synthetic_device_spec_v11
synthetic_customer_002,cabinet_002,2026-09-04 12:00:00+00:00,0,0,0,0,True,True,False,24.04416608865186,-48.48658175213995,3.0220834823887963,4.021501408531426,0.4722990061976443,0.013787224854217118,0.0,on,connected,True,synthetic_device_spec_v11
synthetic_customer_002,cabinet_002,2026-09-04 12:10:00+00:00,1,1,1,1,True,True,False,24.02649143005388,-47.457267897778266,2.9997862494176,3.9292832109280833,0.1286181180492025,0.053915667529975266,0.019934252556964134,on,connected,True,synthetic_device_spec_v11
synthetic_customer_002,cabinet_002,2026-09-04 12:20:00+00:00,1,1,1,1,True,True,False,24.134992629539024,-47.33638709949828,3.0575598661828414,3.855291773603423,0.6659413633435516,0.0032299673219451774,0.0,on,connected,True,synthetic_device_spec_v11
synthetic_customer_002,cabinet_002,2026-09-04 12:30:00+00:00,1,1,1,1,True,True,False,23.860332172728768,-46.009585186205065,2.9890773383906146,3.961857161970287,0.0,0.00569370404837162,0.007726637814292341,on,connected,True,synthetic_device_spec_v11
synthetic_customer_002,cabinet_002,2026-09-04 12:40:00+00:00,0,0,0,0,True,True,False,23.96746198571688,-48.39223960162714,3.042582343360952,3.933265172751958,0.20233352748121428,0.0,7.172983216099342e-05,on,connected,True,synthetic_device_spec_v11
synthetic_customer_002,cabinet_002,2026-09-04 12:50:00+00:00,0,0,0,0,True,True,False,24.25210535073004,-48.632274985815414,2.9479117766740783,4.099383039528324,0.30573612066932493,0.0,0.0,on,connected,True,synthetic_device_spec_v11
synthetic_customer_002,cabinet_002,2026-09-04 13:00:00+00:00,0,0,0,0,True,True,False,24.283545964525423,-47.08873289352419,3.051733200551112,4.010647412700753,0.0,0.0,0.0,on,connected,True,synthetic_device_spec_v11
synthetic_customer_002,cabinet_002,2026-09-04 13:10:00+00:00,0,0,0,0,True,True,False,24.163433660262662,-48.22582936808201,3.0054731538940564,3.969412023782679,0.0,0.041052852002192504,0.0,on,connected,True,synthetic_device_spec_v11
synthetic_customer_002,cabinet_002,2026-09-04 13:20:00+00:00,0,0,0,0,True,True,False,23.913784596823014,-47.76458301473056,3.022675863075106,4.050950488159813,0.0,0.0,0.0,on,connected,True,synthetic_device_spec_v11
synthetic_customer_002,cabinet_002,2026-09-04 13:30:00+00:00,0,0,0,0,True,True,False,23.94027159082966,-47.81321662257835,3.022427677061816,3.8306799862014924,0.0,0.008924146282082653,0.0,on,connected,True,synthetic_device_spec_v11
synthetic_customer_002,cabinet_002,2026-09-04 13:40:00+00:00,0,0,0,0,True,True,False,23.99315022849563,-47.76952628715367,3.0078504918378144,3.987698132940005,0.22014856014924813,0.0,0.009474596572078851,on,connected,True,synthetic_device_spec_v11
synthetic_customer_002,cabinet_002,2026-09-04 13:50:00+00:00,0,0,0,0,True,True,False,24.00357254056918,-47.659064778128034,3.0182068845091257,3.983392637349929,0.0,0.0,0.008800483167351984,on,connected,True,synthetic_device_spec_v11
synthetic_customer_002,cabinet_002,2026-09-04 14:00:00+00:00,0,0,0,0,True,True,False,23.997574006807614,-48.91064763311748,2.8827139644000632,4.169516111325506,1.2682247166066845,0.05238949327763202,0.0,on,connected,True,synthetic_device_spec_v11
synthetic_customer_002,cabinet_002,2026-09-04 14:10:00+00:00,0,0,0,0,True,True,False,23.92696486784061,-47.52175895414568,2.8347811982027658,3.935547528003529,3.5912440174659666,0.04351004018369719,0.009322936282469977,on,connected,True,synthetic_device_spec_v11
synthetic_customer_002,cabinet_002,2026-09-04 14:20:00+00:00,0,0,0,0,True,True,False,24.06719034241023,-46.994904143012256,2.7064734484077686,3.9210314358122824,7.136654235951343,0.0,0.0,on,connected,True,synthetic_device_spec_v11
synthetic_customer_002,cabinet_002,2026-09-04 14:30:00+00:00,0,0,0,0,True,True,False,23.889449911541064,-49.81726167872732,2.8218537318652865,4.032376490210827,8.729318131724378,0.029366017214135415,0.0,on,connected,True,synthetic_device_spec_v11
synthetic_customer_002,cabinet_002,2026-09-04 14:40:00+00:00,0,0,0,0,True,True,False,23.838246337681174,-46.7204048207636,2.776307195266969,3.932180154931217,11.157464279177454,0.0005490158165737909,0.01885617949859013,on,connected,True,synthetic_device_spec_v11
synthetic_customer_002,cabinet_002,2026-09-04 14:50:00+00:00,0,0,0,0,True,True,False,23.98997389909251,-49.46478042536877,2.701020264477879,4.076395913800871,14.187169784180082,0.01341217978390953,0.0,on,connected,True,synthetic_device_spec_v11
synthetic_customer_002,cabinet_002,2026-09-04 15:00:00+00:00,0,0,0,0,True,True,False,24.252232273991957,-47.532479800888666,2.5543996846473194,3.941914229363747,16.888517381213674,0.019015816451281118,0.0,on,connected,True,synthetic_device_spec_v11
synthetic_customer_002,cabinet_002,2026-09-04 15:10:00+00:00,0,0,0,0,True,True,False,23.83143054489164,-47.524971412914795,2.5370933198974037,4.044650511325245,19.619361667989004,0.021268399813366257,0.0,on,connected,True,synthetic_device_spec_v11
synthetic_customer_002,cabinet_002,2026-09-04 15:20:00+00:00,0,0,0,0,True,True,False,23.75960473968727,-50.35654034314852,2.5342479219698784,3.9893756761769037,22.25491222955459,0.00427725778463688,0.0038492866759833096,on,connected,True,synthetic_device_spec_v11
synthetic_customer_002,cabinet_002,2026-09-04 15:30:00+00:00,0,0,0,0,True,True,False,24.005579435506398,-49.30069441932808,2.4583227848596034,4.176072138618408,25.80096853967707,0.0,0.0,on,connected,True,synthetic_device_spec_v11
synthetic_customer_002,cabinet_002,2026-09-04 15:40:00+00:00,0,0,0,0,True,True,False,23.779604902093315,-49.97825855091204,2.4384760068845814,3.9537098005231814,24.818041383815153,0.014697632738293885,0.002942022135041588,on,connected,True,synthetic_device_spec_v11
synthetic_customer_002,cabinet_002,2026-09-04 15:50:00+00:00,0,0,0,0,True,True,False,23.587786011906818,-48.56056641880224,2.362018509437879,4.040994814947824,24.80012186858863,0.04554540617533823,0.00019350534332738392,on,connected,True,synthetic_device_spec_v11
synthetic_customer_002,cabinet_002,2026-09-04 16:00:00+00:00,0,0,0,0,True,True,False,23.415491766703596,-49.12246163987675,2.2712335196149955,4.052285070221835,24.174338602047175,0.0,0.0,on,connected,True,synthetic_device_spec_v11
synthetic_customer_002,cabinet_002,2026-09-04 16:10:00+00:00,0,0,0,0,True,True,False,23.0331751485345,-48.03015028406237,2.2752275322087354,4.155205466078177,25.709059603059952,0.0008203173648031255,0.021131153433816944,on,connected,True,synthetic_device_spec_v11
synthetic_customer_002,cabinet_002,2026-09-04 16:20:00+00:00,0,0,0,0,True,True,False,22.786010920842514,-47.177647207902524,2.175177747152557,4.054067666039008,0.7838895918677917,0.0,0.0,on,connected,True,synthetic_device_spec_v11
synthetic_customer_002,cabinet_002,2026-09-04 16:30:00+00:00,0,0,0,0,True,True,False,22.313079076848556,-47.476866128356185,2.2253943040406123,3.9292138418248617,0.13736151351265036,0.012503510121880189,0.0,on,connected,True,synthetic_device_spec_v11
synthetic_customer_002,cabinet_002,2026-09-04 16:40:00+00:00,0,0,0,0,True,True,False,22.34145456630877,-49.53211901488564,2.176967483108032,4.094566553824414,0.43875882335073235,0.0007877470946260478,0.007455721572934698,on,connected,True,synthetic_device_spec_v11
synthetic_customer_002,cabinet_002,2026-09-04 16:50:00+00:00,0,0,0,0,True,True,False,21.75675443201325,-47.794554037472196,2.2117911351785455,4.0190770288256426,0.30054432022544264,0.044290150812331876,0.0037333295541646,on,connected,True,synthetic_device_spec_v11
synthetic_customer_002,cabinet_002,2026-09-04 17:00:00+00:00,0,0,0,0,True,True,False,21.39561434084301,-48.23206027158171,2.1772011247401415,3.989380830969079,0.0,0.0,0.0244530102220465,on,connected,True,synthetic_device_spec_v11
synthetic_customer_002,cabinet_002,2026-09-04 17:10:00+00:00,0,0,0,0,True,True,False,21.087799621891968,-48.516349965151,2.1976637773728216,3.9214156075923343,0.9400856440633409,0.0002980123095260598,0.011210286330157651,on,connected,True,synthetic_device_spec_v11
synthetic_customer_002,cabinet_002,2026-09-04 17:20:00+00:00,0,0,0,0,True,True,False,20.785665248426692,-49.34152182036338,2.215320599857629,3.9527436925079926,0.5055052544431772,0.0,0.009174447270523313,on,connected,True,synthetic_device_spec_v11
synthetic_customer_002,cabinet_002,2026-09-04 17:30:00+00:00,0,0,0,0,True,True,False,20.513475698390177,-49.18959511535829,2.1443714775660037,3.8552080804536835,0.19631545650476465,0.0,0.0,on,connected,True,synthetic_device_spec_v11
synthetic_customer_002,cabinet_002,2026-09-04 17:40:00+00:00,0,0,0,0,True,True,False,20.103606172593427,-47.39005140528979,2.1712686570758346,3.9883490441312746,0.13622545226857868,0.0,0.011430602666842694,on,connected,True,synthetic_device_spec_v11
synthetic_customer_002,cabinet_002,2026-09-04 17:50:00+00:00,0,0,0,0,True,True,False,19.80022723859152,-48.680456131891056,2.9766160313900696,3.9803169458614165,0.0,0.0,0.006905564371440917,on,connected,True,synthetic_device_spec_v11
synthetic_customer_002,cabinet_002,2026-09-04 18:00:00+00:00,0,0,0,0,True,True,False,19.219079485629244,-46.50300733671943,3.026009268308148,3.9784567887775237,0.0,0.025448782429243547,0.0,on,connected,True,synthetic_device_spec_v11
synthetic_customer_002,cabinet_002,2026-09-04 18:10:00+00:00,1,1,1,1,True,True,False,18.805550852352166,-47.72073689437473,2.932819234302028,4.031650092538521,0.14159089553429605,0.0,0.020236091625763123,on,connected,True,synthetic_device_spec_v11
synthetic_customer_002,cabinet_002,2026-09-04 18:20:00+00:00,1,1,1,1,True,True,False,18.644130833351053,-47.59240918580243,3.035821673532731,4.066900866259172,0.2125141095515295,0.0,0.0,on,connected,True,synthetic_device_spec_v11
synthetic_customer_002,cabinet_002,2026-09-04 19:20:00+00:00,0,0,0,0,True,True,False,23.710322476322823,-57.87008920850002,2.942502538789494,3.9491719485211894,0.0,0.15347817454744658,0.023524974411045237,on,connected,True,synthetic_device_spec_v11
synthetic_customer_002,cabinet_002,2026-09-04 19:30:00+00:00,0,0,0,0,True,True,False,24.17999378138414,-59.472968839423956,3.0487558311086196,3.9825793193232135,0.32464477816557613,0.22225400228738248,0.0021006217710722516,on,connected,True,synthetic_device_spec_v11
synthetic_customer_002,cabinet_002,2026-09-04 19:40:00+00:00,0,0,0,0,True,True,False,24.006316207707034,-67.13968435201521,3.0355742460741504,3.940447198840329,0.33281401018518736,0.2981957187704819,0.0010902168043873967,on,connected,True,synthetic_device_spec_v11
synthetic_customer_002,cabinet_002,2026-09-04 19:50:00+00:00,0,0,0,0,True,True,False,23.982993018801,-67.89272132659782,3.091490720888285,3.8877967854679762,0.0,0.3982385296079882,0.0037062429242499043,on,connected,True,synthetic_device_spec_v11
synthetic_customer_002,cabinet_002,2026-09-04 20:00:00+00:00,0,0,0,0,True,True,False,24.157623802572076,-73.31846564008906,3.0011081955639343,4.0369122879364365,0.0,0.4107139810090271,0.0,on,connected,True,synthetic_device_spec_v11
synthetic_customer_002,cabinet_002,2026-09-04 20:10:00+00:00,0,0,0,0,True,True,False,23.842645709131272,-77.25921507046715,3.0038718810180876,4.0749017828010885,0.0,0.5230904572342572,0.014692576164981356,on,connected,True,synthetic_device_spec_v11
synthetic_customer_002,cabinet_002,2026-09-04 20:20:00+00:00,0,0,0,0,True,True,False,24.033192519118458,-79.79847753528624,3.0281338591571676,4.0474510323775945,0.0,0.5431539147234445,0.008573418384835427,on,connected,True,synthetic_device_spec_v11
synthetic_customer_002,cabinet_002,2026-09-04 20:30:00+00:00,0,0,0,0,True,True,False,23.96929245331907,-84.27624098213255,2.9805833951493295,3.9487074980835923,0.0,0.668575230917183,0.002764955817837236,on,connected,True,synthetic_device_spec_v11
synthetic_customer_002,cabinet_002,2026-09-04 21:10:00+00:00,0,0,0,0,True,True,False,24.06394746498413,-47.466481646790584,3.0206950014250813,3.9637108988352376,1.1385471579855366,0.008417320946902099,0.0014408807451181888,on,connected,True,synthetic_device_spec_v11
synthetic_customer_002,cabinet_002,2026-09-04 21:20:00+00:00,0,0,0,0,True,True,False,23.89926816087802,-48.44736422810729,3.004208591672119,4.099233952499953,0.12427188339216258,0.0,0.013884523804245513,on,connected,True,synthetic_device_spec_v11
synthetic_customer_002,cabinet_002,2026-09-04 21:30:00+00:00,0,0,0,0,True,True,False,24.07380061458965,-47.48427608557431,3.025730963790092,3.9705501891445234,0.0,0.03720327122017667,0.006563147118420341,on,connected,True,synthetic_device_spec_v11
synthetic_customer_002,cabinet_002,2026-09-04 21:40:00+00:00,0,0,0,0,True,True,False,23.829598438469304,-46.78625434634317,2.955936288693856,3.9639308417305066,0.0,0.0,0.025878064989273523,on,connected,True,synthetic_device_spec_v11
synthetic_customer_002,cabinet_002,2026-09-04 21:50:00+00:00,0,0,0,0,True,True,False,24.277615405647538,-46.335634379607924,2.9838155945043394,4.021805638360799,0.07604065598612662,0.0016112561540765008,0.0,on,connected,True,synthetic_device_spec_v11
synthetic_customer_002,cabinet_002,2026-09-04 22:00:00+00:00,0,0,0,0,True,True,False,23.87101563029841,-46.505386037939246,2.9432633121792957,3.983335204952925,0.3746377117890098,0.0,0.0,on,connected,True,synthetic_device_spec_v11
synthetic_customer_002,cabinet_002,2026-09-04 22:10:00+00:00,0,0,0,0,True,True,False,24.30015085672494,-46.93004573754253,2.9950009681240926,3.991114610257123,0.0,0.002284561939290641,0.0,on,connected,True,synthetic_device_spec_v11
synthetic_customer_002,cabinet_002,2026-09-04 22:20:00+00:00,0,0,0,0,True,True,False,23.945935739881396,-48.728666773368616,3.013937649333304,3.976980154215982,0.07743337954753779,0.005299024856088654,0.0,on,connected,True,synthetic_device_spec_v11
synthetic_customer_002,cabinet_002,2026-09-04 22:30:00+00:00,0,0,0,0,True,True,False,23.87317514803233,-48.68623033044553,3.0477372027932628,3.9244415913439066,0.0,0.006066550345524526,0.0,on,connected,True,synthetic_device_spec_v11
synthetic_customer_002,cabinet_002,2026-09-04 22:40:00+00:00,0,0,0,0,True,True,False,24.039625962031973,-48.20498884337136,2.8937691015539597,4.030808264581965,0.2600054007111206,0.0,0.020715692076358958,on,connected,True,synthetic_device_spec_v11
synthetic_customer_002,cabinet_002,2026-09-04 22:50:00+00:00,0,0,0,0,True,True,False,24.036917239267105,-49.53641749752895,2.7827615863700377,3.9567516218795404,0.3204357884347023,0.012200503539293545,0.017862317111995873,on,connected,True,synthetic_device_spec_v11
synthetic_customer_002,cabinet_002,2026-09-04 23:00:00+00:00,0,0,0,0,True,True,False,24.15362140334234,-49.431308402455095,2.4825924157939223,4.16666104433482,0.0,0.015224146819903245,0.0012517696369635928,on,connected,True,synthetic_device_spec_v11
synthetic_customer_002,cabinet_002,2026-09-04 23:10:00+00:00,0,0,0,0,True,True,False,23.957028545032216,-47.7117759966616,2.301332292720836,4.000027112728455,0.049287979668282925,0.025276920965640076,0.035063621122061454,on,connected,True,synthetic_device_spec_v11
synthetic_customer_002,cabinet_002,2026-09-04 23:20:00+00:00,0,0,0,0,True,True,False,24.226090252392282,-47.89903389211273,2.203971918427174,3.9207911898608763,0.0,0.050391947261851956,0.0286217516168739,on,connected,True,synthetic_device_spec_v11
synthetic_customer_002,cabinet_002,2026-09-04 23:30:00+00:00,0,0,0,0,True,True,False,24.038845252842332,-47.28924667400586,1.908177590122243,3.9365230680691945,0.417335088236225,0.0,0.0,on,connected,True,synthetic_device_spec_v11
synthetic_customer_002,cabinet_002,2026-09-04 23:40:00+00:00,0,0,0,0,True,True,False,23.989006618423517,-49.448449551366785,1.7423022237121704,3.977293182547457,0.03703494477176974,0.0,0.005694929400546889,on,connected,True,synthetic_device_spec_v11
synthetic_customer_002,cabinet_002,2026-09-04 23:50:00+00:00,0,0,0,0,True,True,False,24.122200094240743,-48.38065965099096,1.5044667096076902,4.1194701099714015,0.0,0.0,0.010961333228637307,on,connected,True,synthetic_device_spec_v11
synthetic_customer_002,cabinet_002,2026-09-05 00:00:00+00:00,0,0,0,0,True,True,False,24.158615966599108,-49.54734273202533,1.3566133768057524,4.033593429433457,0.0,0.0,0.007880974197602772,on,connected,True,synthetic_device_spec_v11
synthetic_customer_002,cabinet_002,2026-09-05 00:10:00+00:00,1,1,1,1,True,True,False,24.008075679329437,-46.79932239242366,1.1976098248018834,3.9266934443718373,0.0,0.011009222158962655,0.0024196523330124522,on,connected,True,synthetic_device_spec_v11
synthetic_customer_002,cabinet_002,2026-09-05 00:20:00+00:00,1,1,1,1,True,True,False,24.05754738234135,-46.79984874121601,1.0073498997942523,4.050578182515582,0.0,0.024534251322739925,0.0,on,connected,True,synthetic_device_spec_v11
synthetic_customer_002,cabinet_002,2026-09-05 00:30:00+00:00,1,1,1,0,True,True,False,24.09443616566179,-46.231311133106445,1.0425150102488754,3.9577765473882716,0.992854764073982,0.0,0.007286757902164771,on,connected,True,synthetic_device_spec_v11
synthetic_customer_002,cabinet_002,2026-09-05 00:40:00+00:00,0,0,0,0,True,True,False,24.15183604812516,-47.33608642782963,0.9615650429319714,3.918083306417662,0.0,0.007350879704848622,0.013708048122398035,on,connected,True,synthetic_device_spec_v11
synthetic_customer_002,cabinet_002,2026-09-05 00:50:00+00:00,0,0,0,0,True,True,False,24.094708284304897,-47.735740808269775,0.9469112251971468,4.054093167872404,0.0,0.0,0.012734393907432988,on,connected,True,synthetic_device_spec_v11
synthetic_customer_002,cabinet_002,2026-09-05 01:00:00+00:00,0,0,0,0,True,True,False,24.266511914882507,-47.667705133638954,1.051112774118854,4.072409061995857,0.6294793278053115,0.045876308979791953,0.0,on,connected,True,synthetic_device_spec_v11
synthetic_customer_002,cabinet_002,2026-09-05 01:10:00+00:00,0,0,0,0,True,True,False,24.3016114083569,-49.716983527495714,1.1168330263237671,4.012783216876736,0.0,0.02105179504416932,0.0,on,connected,True,synthetic_device_spec_v11
synthetic_customer_002,cabinet_002,2026-09-05 01:20:00+00:00,0,0,0,0,True,True,False,23.983654539259994,-47.33962050354502,0.9703756778406172,3.997437385149721,0.0,0.012628713264916047,0.02160134697116816,on,connected,True,synthetic_device_spec_v11
synthetic_customer_002,cabinet_002,2026-09-05 01:30:00+00:00,0,0,0,0,True,True,False,23.936042851131553,-47.78907136351156,1.0436612695641272,3.954248183322359,0.15254014612396186,0.0,0.001973817979728857,on,connected,True,synthetic_device_spec_v11
synthetic_customer_002,cabinet_002,2026-09-05 01:40:00+00:00,0,0,0,0,True,True,False,24.2010772779206,-47.279168667959304,0.954276159489851,4.11999490475591,0.0,0.0,0.03480308702839346,on,connected,True,synthetic_device_spec_v11
synthetic_customer_002,cabinet_002,2026-09-05 01:50:00+00:00,0,0,0,0,True,True,False,23.746187217462904,-48.853118107002665,3.035604998669729,4.018098751553184,0.00043218445933937714,0.040379030496503626,0.0,on,connected,True,synthetic_device_spec_v11
synthetic_customer_002,cabinet_002,2026-09-05 02:00:00+00:00,0,0,0,0,True,True,False,23.858643199386552,-48.43959423897234,3.040033872861729,4.058762219520723,0.0,0.008557554452436042,0.0,on,connected,True,synthetic_device_spec_v11
synthetic_customer_002,cabinet_002,2026-09-05 02:10:00+00:00,0,0,0,0,True,True,False,23.80682711362621,-47.56946133275789,2.961401194165103,4.016603401463467,0.3088015371145489,0.011973817749409666,0.0,on,connected,True,synthetic_device_spec_v11
synthetic_customer_002,cabinet_002,2026-09-05 02:20:00+00:00,0,0,0,0,True,True,False,24.054726447412772,-49.16623122326379,3.014585787989336,3.881169201467423,0.45315274189756266,0.0,0.027690291626928903,on,connected,True,synthetic_device_spec_v11
synthetic_customer_002,cabinet_002,2026-09-05 02:30:00+00:00,0,0,0,0,True,True,False,23.8672735182418,-48.47002132669806,3.0414624937022223,3.9058800084268763,0.0,0.0,0.002475094494756127,on,connected,True,synthetic_device_spec_v11
synthetic_customer_002,cabinet_002,2026-09-05 02:40:00+00:00,0,0,0,0,True,True,False,23.994429335517125,-48.59263991057189,2.940575647984562,3.9838296126650676,0.21064411480573952,0.0,0.0,on,connected,True,synthetic_device_spec_v11
synthetic_customer_002,cabinet_002,2026-09-05 02:50:00+00:00,0,0,0,0,True,True,False,23.85656594877566,-48.33731485086777,2.915998268318487,4.0438425515972085,0.29572054850958296,0.04342762726761196,0.0,on,connected,True,synthetic_device_spec_v11
synthetic_customer_002,cabinet_002,2026-09-05 03:00:00+00:00,0,0,0,0,True,True,False,23.876292606783263,-48.409535095675594,3.0028148243384307,3.9328084004279624,0.0,0.046218704420819094,0.0,on,connected,True,synthetic_device_spec_v11
synthetic_customer_002,cabinet_002,2026-09-05 03:10:00+00:00,0,0,0,0,True,True,False,24.04498426950392,-47.71946020060535,2.987723955302497,4.0132931478964995,0.0,0.012638281472050173,0.02285110569008287,on,connected,True,synthetic_device_spec_v11
synthetic_customer_002,cabinet_002,2026-09-05 03:20:00+00:00,0,0,0,0,True,True,False,24.107811374578944,-47.82083548533825,3.0321287673156854,3.952008866323109,0.6042435413490685,0.009790426253866669,0.0331527995187716,on,connected,True,synthetic_device_spec_v11
synthetic_customer_002,cabinet_002,2026-09-05 03:30:00+00:00,0,0,0,0,True,True,False,23.830805942937342,-48.81414943213392,2.9671584243223625,4.056246044266022,0.0,0.0,0.014478618005572505,on,connected,True,synthetic_device_spec_v11
synthetic_customer_002,cabinet_002,2026-09-05 03:40:00+00:00,0,0,0,0,True,True,False,24.0021603301479,-47.53551693823323,2.994532227264085,4.081309576220621,1.0342483187229043,0.03193055303776906,0.011941437584624731,on,connected,True,synthetic_device_spec_v11
synthetic_customer_002,cabinet_002,2026-09-05 03:50:00+00:00,0,0,0,0,True,True,False,24.109035438542374,-46.62361546968909,2.9525135456247473,3.984997113390393,0.0,0.0,0.006236165864227987,on,connected,True,synthetic_device_spec_v11
synthetic_customer_002,cabinet_002,2026-09-05 04:00:00+00:00,0,0,0,0,True,True,False,23.82321478634672,-48.92604143388141,3.025719632203594,4.012725255468301,0.4982519709658544,0.0,0.0,on,connected,True,synthetic_device_spec_v11
synthetic_customer_002,cabinet_002,2026-09-05 04:10:00+00:00,0,0,0,0,True,True,False,23.97131105448698,-48.85412020833212,2.990228681646193,3.9974844389183373,0.0,0.003716759543287719,0.0,on,connected,True,synthetic_device_spec_v11
synthetic_customer_002,cabinet_002,2026-09-05 04:20:00+00:00,0,0,0,0,True,True,False,23.74056231122729,-49.01585794981933,3.002918235784357,4.130771340511431,0.14346885450715505,0.03481066973587593,0.014881636822640966,on,connected,True,synthetic_device_spec_v11
synthetic_customer_002,cabinet_002,2026-09-05 04:30:00+00:00,0,0,0,0,True,True,False,23.984729773712978,-47.38797424699695,2.974610240178014,3.9821411868074006,0.0,0.0,0.0,on,connected,True,synthetic_device_spec_v11
synthetic_customer_002,cabinet_002,2026-09-05 04:40:00+00:00,0,0,0,0,True,True,False,23.957702508339377,-47.71944105578416,3.0329792246016614,4.068636018013976,0.0,0.004719529912030971,0.009001899822703947,on,connected,True,synthetic_device_spec_v11
synthetic_customer_002,cabinet_002,2026-09-05 04:50:00+00:00,0,0,0,0,True,True,False,23.990752705591,-48.41462693684709,3.066759685512925,3.9698914592853343,0.5959264564634951,0.06321010742861934,0.0,on,connected,True,synthetic_device_spec_v11
synthetic_customer_002,cabinet_002,2026-09-05 05:00:00+00:00,0,0,0,0,True,True,False,24.196236782854623,-47.155814539119504,2.9882292466788503,3.9484397181085726,0.05686801970416123,0.02236700751177219,0.0,on,connected,True,synthetic_device_spec_v11
synthetic_customer_002,cabinet_002,2026-09-05 05:10:00+00:00,0,0,0,0,True,True,False,24.00656434817337,-48.531155486323726,2.985129131289302,3.959322382163911,0.0,0.02740015122175085,0.0020768920968682,on,connected,True,synthetic_device_spec_v11
synthetic_customer_002,cabinet_002,2026-09-05 05:20:00+00:00,0,0,0,0,True,True,False,23.93634150471181,-47.88592469190584,3.0252633015639376,4.049371169019163,0.0,0.007214778107211756,0.010801414088873706,on,connected,True,synthetic_device_spec_v11
synthetic_customer_002,cabinet_002,2026-09-05 05:30:00+00:00,0,0,0,0,True,True,False,24.07457956434477,-49.175862290129565,2.9702348693614478,3.990136722379128,0.0,0.027041474600565496,0.0,on,connected,True,synthetic_device_spec_v11
synthetic_customer_002,cabinet_002,2026-09-05 05:40:00+00:00,0,0,0,0,True,True,False,23.885351783840175,-47.96727103622368,3.017637501361258,3.895771014238851,0.0,0.0,0.0,on,connected,True,synthetic_device_spec_v11
synthetic_customer_002,cabinet_002,2026-09-05 05:50:00+00:00,0,0,0,0,True,True,False,24.121014463192303,-47.54472396432639,2.948735440272293,4.059798050069693,0.34049082866920255,0.024842193352270867,0.0,on,connected,True,synthetic_device_spec_v11
synthetic_customer_002,cabinet_002,2026-09-05 06:00:00+00:00,0,0,0,0,True,True,False,24.062588296787148,-47.69172983299634,3.002424459091175,3.974261163323038,1.208816456510817,0.0,0.0,on,connected,True,synthetic_device_spec_v11
synthetic_customer_002,cabinet_002,2026-09-05 06:10:00+00:00,1,1,1,1,True,True,False,23.982988717393376,-49.649763157958745,2.951475903632049,3.963515823637718,0.27507832817858807,0.0,0.0,on,connected,True,synthetic_device_spec_v11
synthetic_customer_002,cabinet_002,2026-09-05 06:20:00+00:00,1,1,1,1,True,True,False,24.10321104136523,-48.809204734757664,2.9950931253838493,4.089112703368493,0.4256947362238249,0.0,0.0,on,connected,True,synthetic_device_spec_v11
synthetic_customer_002,cabinet_002,2026-09-05 06:30:00+00:00,1,1,1,1,True,True,False,23.839296330308446,-50.15304907927208,2.9551636654197897,4.090580667220837,0.0,0.0,0.0,on,connected,True,synthetic_device_spec_v11
synthetic_customer_002,cabinet_002,2026-09-05 06:40:00+00:00,0,0,0,0,True,True,False,24.104838460331234,-48.60248018688697,2.9904481481696803,3.986206176493197,0.0,0.0,0.0,on,connected,True,synthetic_device_spec_v11
synthetic_customer_002,cabinet_002,2026-09-05 06:50:00+00:00,0,0,0,0,True,True,False,24.349113969644677,-47.449289400722755,2.990493453841575,3.8832855366667123,0.3122536117432156,0.02555983833551554,0.0157070580243127,on,connected,True,synthetic_device_spec_v11
synthetic_customer_002,cabinet_002,2026-09-05 07:00:00+00:00,0,0,0,0,True,True,False,23.94718754825052,-49.02811544037575,2.9880349734037948,3.9454435128895113,0.0,0.0,0.00020352277437940878,on,connected,True,synthetic_device_spec_v11
synthetic_customer_002,cabinet_002,2026-09-05 07:10:00+00:00,0,0,0,0,True,True,False,24.031472181155433,-48.496082129818866,3.0370501563579544,4.084735814793612,0.5104586925982033,0.0,0.0,on,connected,True,synthetic_device_spec_v11
synthetic_customer_002,cabinet_002,2026-09-05 07:20:00+00:00,0,0,0,0,True,True,False,23.876697541544413,-48.82449684674345,3.06487964468428,3.9489379012493084,0.0,0.07897326734444478,0.0,on,connected,True,synthetic_device_spec_v11
synthetic_customer_002,cabinet_002,2026-09-05 07:30:00+00:00,0,0,0,0,True,True,False,23.885580327758547,-48.344647178005154,3.0469586579040575,3.9704473484795177,0.2697799034006492,0.0,0.0,on,connected,True,synthetic_device_spec_v11
synthetic_customer_002,cabinet_002,2026-09-05 07:40:00+00:00,0,0,0,0,True,True,False,23.82825452043067,-49.14685686056243,2.938497836117686,3.9754174604769053,0.0,0.0,0.0,on,connected,True,synthetic_device_spec_v11
synthetic_customer_002,cabinet_002,2026-09-05 07:50:00+00:00,0,0,0,0,True,True,False,24.05961701166785,-49.338990378815204,2.978327427351016,3.8814676927371212,0.13994522684866442,0.0,0.013989986006045327,on,connected,True,synthetic_device_spec_v11
synthetic_customer_002,cabinet_002,2026-09-05 08:00:00+00:00,0,0,0,0,True,True,False,23.992322076586188,-49.393393931650024,2.9760305689141795,3.911022245099638,0.0,0.02659557715579012,0.005722534497828365,on,connected,True,synthetic_device_spec_v11
synthetic_customer_002,cabinet_002,2026-09-05 08:10:00+00:00,0,0,0,0,True,True,False,24.075202758337333,-48.37774349990111,3.0067656835964676,3.966768426523506,0.0,0.025025783944435238,0.0,on,connected,True,synthetic_device_spec_v11
synthetic_customer_002,cabinet_002,2026-09-05 08:20:00+00:00,0,0,0,0,True,True,False,23.89647378128673,-46.70149903688246,3.0555032464057663,4.053675980920419,0.03470385353665358,0.0,0.02252325787220048,on,connected,True,synthetic_device_spec_v11
synthetic_customer_002,cabinet_002,2026-09-05 08:30:00+00:00,0,0,0,0,True,True,False,23.944769756313118,-48.96637653295912,3.041406851135023,3.979082616034796,0.0,0.0,0.011271372621840739,on,connected,True,synthetic_device_spec_v11
synthetic_customer_002,cabinet_002,2026-09-05 08:40:00+00:00,0,0,0,0,True,True,False,23.952251812553126,-49.00646984733232,2.9931989983002136,4.245401776788722,0.0,0.04987045357669179,0.0592083609681701,on,connected,True,synthetic_device_spec_v11
synthetic_customer_002,cabinet_002,2026-09-05 08:50:00+00:00,0,0,0,0,True,True,False,24.19223323849009,-49.3168221257794,2.968301432377555,4.330432005422142,0.2293814379190495,0.009564495337212032,0.03475611803541643,on,connected,True,synthetic_device_spec_v11
synthetic_customer_002,cabinet_002,2026-09-05 09:00:00+00:00,0,0,0,0,True,True,False,23.921010447488786,-48.6242658778712,2.9858944226975614,4.418621094398356,0.0,0.012566236577463856,0.07743808587757657,on,connected,True,synthetic_device_spec_v11
synthetic_customer_002,cabinet_002,2026-09-05 09:10:00+00:00,0,0,0,0,True,True,False,23.949797044131994,-48.47619898721979,2.9661789212162772,4.548222461973796,0.0,0.0,0.11835296786653222,on,connected,True,synthetic_device_spec_v11
synthetic_customer_002,cabinet_002,2026-09-05 09:20:00+00:00,0,0,0,0,True,True,False,24.018768463495352,-50.02345682828485,2.999120146010661,4.65853289015307,0.37490267478726386,0.0,0.1176199346719817,on,connected,True,synthetic_device_spec_v11
synthetic_customer_002,cabinet_002,2026-09-05 09:30:00+00:00,0,0,0,0,True,True,False,24.064811237329863,-48.310844309162654,3.0848187128929943,4.987477071940873,0.0,0.021370868489045614,0.1288183620258054,on,connected,True,synthetic_device_spec_v11
synthetic_customer_002,cabinet_002,2026-09-05 09:40:00+00:00,0,0,0,0,True,True,False,23.985404163402045,-48.12084682195249,2.9605695460761376,5.12055305120685,0.0,0.0,0.15333815481457883,on,connected,True,synthetic_device_spec_v11
synthetic_customer_002,cabinet_002,2026-09-05 09:50:00+00:00,0,0,0,0,True,True,False,23.826566168406114,-49.76409833668322,3.0754903419881403,5.10182769156739,0.0,0.001776556880900241,0.17366528046491947,on,connected,True,synthetic_device_spec_v11
synthetic_customer_002,cabinet_002,2026-09-05 10:00:00+00:00,0,0,0,0,True,True,False,23.799883746189387,-46.6343570520808,3.047594988896089,5.3391959724457045,0.0,0.020700776531273512,0.2090579281096766,on,connected,True,synthetic_device_spec_v11
synthetic_customer_002,cabinet_002,2026-09-05 10:10:00+00:00,0,0,0,0,True,True,False,24.08057440367973,-49.41426192573383,3.022395889177048,5.5395811811451825,0.13274316716967674,0.006012820093210361,0.18892913450826762,on,connected,True,synthetic_device_spec_v11
synthetic_customer_002,cabinet_002,2026-09-05 10:20:00+00:00,0,0,0,0,True,True,False,24.060743472897048,-48.51122200431483,2.998672866151139,5.720220143226569,0.3472420010719334,0.0,0.17331477175614338,on,connected,True,synthetic_device_spec_v11
synthetic_customer_002,cabinet_002,2026-09-05 10:30:00+00:00,0,0,0,0,True,True,False,23.708169427544615,-48.00875800618785,2.9851226646183253,5.841661849055287,0.0,0.0015563424740649783,0.2315272550209052,on,connected,True,synthetic_device_spec_v11
synthetic_customer_002,cabinet_002,2026-09-05 10:40:00+00:00,0,0,0,0,True,True,False,24.07546912396713,-48.08489801030486,3.018771835309783,5.9557863714998645,0.0,0.0,0.2448979625847839,on,connected,True,synthetic_device_spec_v11
synthetic_customer_002,cabinet_002,2026-09-05 10:50:00+00:00,0,0,0,0,True,True,False,23.948486669702085,-47.66452885744146,3.034597173018162,6.010573874491838,0.4692323030136883,0.026728358116692493,0.2706194026955287,on,connected,True,synthetic_device_spec_v11
synthetic_customer_002,cabinet_002,2026-09-05 11:00:00+00:00,0,0,0,0,True,True,False,23.870352520037265,-49.08668948020571,3.004386751615452,6.329082782703801,0.7372457924363944,0.0,0.30460172718216844,on,connected,True,synthetic_device_spec_v11
synthetic_customer_002,cabinet_002,2026-09-05 11:10:00+00:00,0,0,0,0,True,True,False,23.92249502745106,-47.85755449705647,2.9799917961948523,6.436914458188822,0.0,0.01573473423109279,0.30662751154936824,on,connected,True,synthetic_device_spec_v11
synthetic_customer_002,cabinet_002,2026-09-05 11:20:00+00:00,0,0,0,0,True,True,False,23.838721122006106,-47.83629593753912,2.9017165587791602,6.555223717906065,0.0,0.06147967509576874,0.3550626678303001,on,connected,True,synthetic_device_spec_v11
synthetic_customer_002,cabinet_002,2026-09-05 11:30:00+00:00,0,0,0,0,True,True,False,24.036280079392593,-48.70845613203578,2.7642442881097553,6.752271392782754,0.0,0.0,0.35008834039761594,on,connected,True,synthetic_device_spec_v11
synthetic_customer_002,cabinet_002,2026-09-05 11:40:00+00:00,0,0,0,0,True,True,False,23.9096135500371,-46.98299156700512,2.721297343940396,6.8149807523965436,0.7954235069251013,0.0,0.3787607828972946,on,connected,True,synthetic_device_spec_v11
synthetic_customer_002,cabinet_002,2026-09-05 11:50:00+00:00,0,0,0,0,True,True,False,23.87942095159394,-47.58111938697369,2.638567189898403,6.90528777056428,0.18756712132894576,0.0,0.41407930810497934,on,connected,True,synthetic_device_spec_v11
synthetic_customer_002,cabinet_002,2026-09-05 12:00:00+00:00,0,0,0,0,True,True,False,24.02501973447276,-48.35719203283674,2.5992217626326086,6.971606320576534,0.8484333034295712,0.0024161932832752297,0.41943920732854034,on,connected,True,synthetic_device_spec_v11
synthetic_customer_002,cabinet_002,2026-09-05 12:10:00+00:00,0,1,1,0,True,True,False,23.991475734302604,-48.43174951099519,2.4636382192537716,7.0045340648236945,0.0,0.0,0.38485662235664003,on,connected,True,synthetic_device_spec_v11
synthetic_customer_002,cabinet_002,2026-09-05 12:20:00+00:00,0,1,1,0,True,True,False,23.730601618808247,-49.17061557820776,2.479530046868864,6.993581018397982,0.40416973297762054,0.008159118404122031,0.433169613764062,on,connected,True,synthetic_device_spec_v11
synthetic_customer_002,cabinet_002,2026-09-05 12:30:00+00:00,0,1,1,0,True,True,False,24.09228667176248,-48.11649933912189,2.363618848265335,7.024256806757453,0.0,0.022031274454386816,0.4416663201404233,on,connected,True,synthetic_device_spec_v11
synthetic_customer_002,cabinet_002,2026-09-05 12:40:00+00:00,0,0,0,0,True,True,False,23.968329184303165,-46.798125041045424,2.252750299573976,7.038383809009513,0.2687334988973416,0.03333242954047308,0.40104556816854336,on,connected,True,synthetic_device_spec_v11
synthetic_customer_002,cabinet_002,2026-09-05 12:50:00+00:00,0,0,0,0,True,True,False,24.013304674432018,-48.47244610258548,2.2580720637015586,4.010958620658093,0.0,0.018209689511541144,0.004239686912766669,on,connected,True,synthetic_device_spec_v11
synthetic_customer_002,cabinet_002,2026-09-05 13:00:00+00:00,0,0,0,0,True,True,False,24.119423650195472,-48.01777936080693,2.179728038832902,3.9751814635297595,1.002168186254652,0.017943852502669815,0.0,on,connected,True,synthetic_device_spec_v11
synthetic_customer_002,cabinet_002,2026-09-05 13:10:00+00:00,0,0,0,0,True,True,False,23.968376680716304,-49.81363283799961,2.1542366069171104,3.9311826564408903,0.0,0.013496817141852436,0.01938139042810995,on,connected,True,synthetic_device_spec_v11
synthetic_customer_002,cabinet_002,2026-09-05 13:20:00+00:00,0,0,0,0,True,True,False,24.160628358652662,-48.71169953546442,2.212529960269376,4.120172660450867,0.0,0.0,0.028796247137022384,on,connected,True,synthetic_device_spec_v11
synthetic_customer_002,cabinet_002,2026-09-05 13:30:00+00:00,0,0,0,0,True,True,False,24.113425120865376,-47.219177383691935,2.9984563369643147,4.000835804690685,0.0,0.0,0.01849877783976819,on,connected,True,synthetic_device_spec_v11
synthetic_customer_002,cabinet_002,2026-09-05 13:40:00+00:00,0,0,0,0,True,True,False,23.98952033694307,-47.40065327756538,2.9956275891993025,3.9463451680930057,0.1975534380338058,0.0012442243028693946,0.018941827171956183,on,connected,True,synthetic_device_spec_v11
synthetic_customer_002,cabinet_002,2026-09-05 13:50:00+00:00,0,0,0,0,True,True,False,23.91195671297046,-48.07738524482926,2.9782552531136446,4.006341445430593,1.5262043673640946,0.024066136641847667,0.0,on,connected,True,synthetic_device_spec_v11
synthetic_customer_002,cabinet_002,2026-09-05 14:00:00+00:00,0,0,0,0,True,True,False,23.816294660988735,-47.13481741805378,2.9903266969901923,3.9819206229923636,2.8204710515235987,0.027690093486097675,0.0,on,connected,True,synthetic_device_spec_v11
synthetic_customer_002,cabinet_002,2026-09-05 14:10:00+00:00,0,0,0,0,True,True,False,23.996917089733817,-47.576050432274094,3.0015742896715922,4.026350149575482,4.94263023010072,0.020469280332372896,0.0,on,connected,True,synthetic_device_spec_v11
synthetic_customer_002,cabinet_002,2026-09-05 14:20:00+00:00,0,0,0,0,True,True,False,24.23447118587031,-48.75766092677709,2.9558224734948935,4.079805885324035,7.835096099563654,0.018179732690104873,0.0,on,connected,True,synthetic_device_spec_v11
synthetic_customer_002,cabinet_002,2026-09-05 14:30:00+00:00,0,0,0,0,True,True,False,24.04443943922463,-47.72861805839534,2.958314694058658,4.02208196730813,10.849197629187257,0.0,0.02967924476578831,on,connected,True,synthetic_device_spec_v11
synthetic_customer_002,cabinet_002,2026-09-05 14:40:00+00:00,0,0,0,0,True,True,False,24.0831768044414,-48.89913042421562,2.963205014319046,4.10599440225405,11.161255631366345,0.007458572671243316,0.0,on,connected,True,synthetic_device_spec_v11
synthetic_customer_002,cabinet_002,2026-09-05 14:50:00+00:00,0,0,0,0,True,True,False,23.905100502204597,-49.91574360463677,2.965412292563958,3.9519818156249538,14.141055517803693,0.0151151725456116,0.0,on,connected,True,synthetic_device_spec_v11
synthetic_customer_002,cabinet_002,2026-09-05 15:00:00+00:00,0,0,0,0,True,True,False,23.783065693397504,-49.43569836294045,3.0351478080428738,3.9188272851263615,16.366600599503055,0.0,0.0,on,connected,True,synthetic_device_spec_v11
synthetic_customer_002,cabinet_002,2026-09-05 15:10:00+00:00,0,0,0,0,True,True,False,23.881016854415428,-48.36195297736427,3.06256712893347,4.07696380270236,18.27772298162667,0.05282088235723747,0.003960314000635544,on,connected,True,synthetic_device_spec_v11
synthetic_customer_002,cabinet_002,2026-09-05 15:20:00+00:00,0,0,0,0,True,True,False,23.903065107008697,-47.36101316406378,2.995041839787438,3.951713852931592,20.782804400390088,0.049025296733632026,0.0,on,connected,True,synthetic_device_spec_v11
synthetic_customer_002,cabinet_002,2026-09-05 15:30:00+00:00,0,0,0,0,True,True,False,23.79809875189209,-47.28099755091821,3.0109982995053826,4.017877367741968,23.029079226321027,0.02949014083065937,0.0,on,connected,True,synthetic_device_spec_v11
synthetic_customer_002,cabinet_002,2026-09-05 15:40:00+00:00,0,0,0,0,True,True,False,24.065105781080707,-47.666471731490056,3.0597261934219997,4.032499014526549,24.55236998209057,0.0,0.0,on,connected,True,synthetic_device_spec_v11
synthetic_customer_002,cabinet_002,2026-09-05 15:50:00+00:00,0,0,0,0,True,True,False,24.2325540875812,-46.729508039949586,3.023729765600196,4.032128953386324,24.72798473185689,0.04166716108945763,0.0,on,connected,True,synthetic_device_spec_v11
synthetic_customer_002,cabinet_002,2026-09-05 16:00:00+00:00,0,0,0,0,True,True,False,23.895727079294574,-46.52811870993025,2.9907133223246025,3.8998537278086536,25.20861150332214,0.05193391466564187,0.0,on,connected,True,synthetic_device_spec_v11
synthetic_customer_002,cabinet_002,2026-09-05 16:10:00+00:00,0,0,0,0,True,True,False,24.046528785541195,-48.911162228200595,3.0046279255213713,4.076872260413795,25.143419415836107,0.0,0.013273093684309758,on,connected,True,synthetic_device_spec_v11
synthetic_customer_002,cabinet_002,2026-09-05 16:20:00+00:00,0,0,0,0,True,True,False,23.999738521962264,-49.20709139034517,3.017046076707431,4.039132749062443,25.014857542960566,0.026929046741311493,0.0,on,connected,True,synthetic_device_spec_v11
synthetic_customer_002,cabinet_002,2026-09-05 16:30:00+00:00,0,0,0,0,True,True,False,23.85283338351014,-48.507417626501024,3.0413425100662543,3.9609696026223897,25.475341588154976,0.0,0.0,on,connected,True,synthetic_device_spec_v11
synthetic_customer_002,cabinet_002,2026-09-05 16:40:00+00:00,0,0,0,0,True,True,False,24.151718143517773,-47.897215979928305,3.0150462764454704,3.977470207633824,24.821481066169085,0.0,0.0,on,connected,True,synthetic_device_spec_v11
synthetic_customer_002,cabinet_002,2026-09-05 16:50:00+00:00,0,0,0,0,True,True,False,23.810087696672902,-47.93550671048034,3.016281171462423,4.023532158615173,24.774749119775404,0.0,0.029466207569988787,on,connected,True,synthetic_device_spec_v11
synthetic_customer_002,cabinet_002,2026-09-05 17:00:00+00:00,0,0,0,0,True,True,False,24.155230180681933,-48.280743946290315,3.1243131066762704,3.9566893900322944,25.6613429540822,0.013202797133907858,0.0,on,connected,True,synthetic_device_spec_v11
synthetic_customer_002,cabinet_002,2026-09-05 17:10:00+00:00,0,0,0,0,True,True,False,23.881591146224082,-48.06086504033263,2.924590697316599,4.11544947842079,0.0,0.0,0.0,on,connected,True,synthetic_device_spec_v11
synthetic_customer_002,cabinet_002,2026-09-05 17:20:00+00:00,0,0,0,0,True,True,False,23.98947949597129,-47.03854085135371,3.032123061811011,3.8815876412663064,0.0,0.03313745247791982,0.0,on,connected,True,synthetic_device_spec_v11
synthetic_customer_002,cabinet_002,2026-09-05 17:30:00+00:00,0,0,0,0,True,True,False,23.95313489404864,-47.91393244858031,3.0517059932314483,3.946191041455847,0.6337031351674005,0.0,0.006113619838565755,on,connected,True,synthetic_device_spec_v11
synthetic_customer_002,cabinet_002,2026-09-05 17:40:00+00:00,0,0,0,0,True,True,False,23.845479603599685,-48.84257876672562,3.0989210311663795,3.961646495193038,0.0,0.0,0.011080371660659144,on,connected,True,synthetic_device_spec_v11
synthetic_customer_002,cabinet_002,2026-09-05 17:50:00+00:00,0,0,0,0,True,True,False,23.999867929661775,-48.150550050329784,3.021127324169386,4.115604707726501,0.30973378897214665,0.0,0.0,on,connected,True,synthetic_device_spec_v11
synthetic_customer_002,cabinet_002,2026-09-05 18:00:00+00:00,0,0,0,0,True,True,False,23.952174497235628,-48.71315958507035,3.0451551266120105,4.044946143253789,0.3225691608209637,0.00871651796851534,0.0013270177101071632,on,connected,True,synthetic_device_spec_v11
synthetic_customer_002,cabinet_002,2026-09-05 18:10:00+00:00,1,1,1,1,True,True,False,24.2682219433709,-49.63660890805348,3.0053598784029085,3.8940745194861344,0.3089282515316706,0.017699379371010415,0.0,on,connected,True,synthetic_device_spec_v11
synthetic_customer_002,cabinet_002,2026-09-05 18:20:00+00:00,1,1,1,1,True,True,False,23.977673069603675,-46.79601414557624,3.0349350873318923,3.9557765698773264,0.0,0.011645945549629881,0.0018411676779677727,on,connected,True,synthetic_device_spec_v11
synthetic_customer_002,cabinet_002,2026-09-05 18:30:00+00:00,1,1,1,1,True,True,False,23.97925209137596,-46.882604590227594,3.0009162055701406,4.0045587656224795,0.4925452226194411,0.025643700907025602,0.0,on,connected,True,synthetic_device_spec_v11
synthetic_customer_002,cabinet_002,2026-09-05 18:40:00+00:00,0,0,0,0,True,True,False,23.935056381886056,-45.58545930164536,2.972691941117884,4.086316532681825,0.0,0.003572281957288991,0.01879343430926139,on,connected,True,synthetic_device_spec_v11
synthetic_customer_002,cabinet_002,2026-09-05 18:50:00+00:00,0,0,0,0,True,True,False,24.039951043707294,-46.63724762660234,3.0179208602715253,4.074764961527208,0.0,0.019038581375834526,0.0,on,connected,True,synthetic_device_spec_v11
synthetic_customer_002,cabinet_002,2026-09-05 19:00:00+00:00,0,0,0,0,True,True,False,23.99496694178278,-50.53157380997897,3.008810154900626,4.007523111147056,0.6008822832121156,0.0036913991727183446,0.01680924087402503,on,connected,True,synthetic_device_spec_v11
synthetic_customer_002,cabinet_002,2026-09-05 19:10:00+00:00,0,0,0,0,True,True,False,23.85460955657221,-52.33984070856906,3.0294653839405004,3.9917069116512596,0.021688494300533216,0.07392559260034039,0.02153374836090846,on,connected,True,synthetic_device_spec_v11
synthetic_customer_002,cabinet_002,2026-09-05 19:20:00+00:00,0,0,0,0,True,True,False,23.98427817241074,-55.525786824946074,2.99899309754281,3.9519253618928922,0.08121713354314965,0.12081655154767233,0.004706393603680382,on,connected,True,synthetic_device_spec_v11
synthetic_customer_002,cabinet_002,2026-09-05 19:30:00+00:00,0,0,0,0,True,True,False,24.073148836613562,-56.19239981529911,3.0716931441750015,3.9722777091856223,0.13763335270432142,0.1468139744753426,0.0013168960686867413,on,connected,True,synthetic_device_spec_v11
synthetic_customer_002,cabinet_002,2026-09-05 19:40:00+00:00,0,0,0,0,True,True,False,24.0465676267089,-59.30337316643995,3.0225279323861516,4.080529833473516,1.0124537652699126,0.2128838137261965,0.0,on,connected,True,synthetic_device_spec_v11
synthetic_customer_002,cabinet_002,2026-09-05 19:50:00+00:00,0,0,0,0,True,True,False,23.856586890656168,-61.79598760101106,2.957167836589983,3.929903268683747,0.0,0.21174666755733218,0.0,on,connected,True,synthetic_device_spec_v11
synthetic_customer_002,cabinet_002,2026-09-05 20:00:00+00:00,0,0,0,0,True,True,False,24.008427174366272,-64.29611416616913,3.0448402754724766,4.115931493757069,0.0,0.32146832238535067,0.00040486763699369314,on,connected,True,synthetic_device_spec_v11
synthetic_customer_002,cabinet_002,2026-09-05 20:10:00+00:00,0,0,0,0,True,True,False,23.77579322750225,-65.37250891407238,3.0430880226574235,4.01759526719798,0.5342704589591808,0.3428783956185228,0.0,on,connected,True,synthetic_device_spec_v11
synthetic_customer_002,cabinet_002,2026-09-05 20:20:00+00:00,0,0,0,0,True,True,False,24.018254231857362,-67.57090420261103,2.919044633968182,4.104270456866368,0.0,0.309588480274641,0.0,on,connected,True,synthetic_device_spec_v11
synthetic_customer_002,cabinet_002,2026-09-05 20:30:00+00:00,0,0,0,0,True,True,False,24.106023672986925,-72.24925456399866,2.9966841537043503,4.005231176027383,0.0,0.3874952667570097,0.0,on,connected,True,synthetic_device_spec_v11
synthetic_customer_002,cabinet_002,2026-09-05 20:40:00+00:00,0,0,0,0,True,True,False,24.11261127852892,-73.03454398809225,3.0200834375206917,4.027129698735922,0.0,0.46408666491823286,0.0,on,connected,True,synthetic_device_spec_v11
synthetic_customer_002,cabinet_002,2026-09-05 20:50:00+00:00,0,0,0,0,True,True,False,23.892955799019465,-74.95910708853467,2.9735265130640443,3.9171212903244452,0.4001452147894134,0.5015092012946678,0.005737658069385668,on,connected,True,synthetic_device_spec_v11
synthetic_customer_002,cabinet_002,2026-09-05 21:00:00+00:00,0,0,0,0,True,True,False,24.073630886602142,-78.10534804145176,3.002117038663323,3.964556320405389,0.0,0.5409091035592127,0.0,on,connected,True,synthetic_device_spec_v11
synthetic_customer_002,cabinet_002,2026-09-05 21:10:00+00:00,0,0,0,0,True,True,False,23.938095802518475,-79.66411118624612,3.0173295181254183,3.8661628509929673,0.0,0.5744576754118749,0.0,on,connected,True,synthetic_device_spec_v11
synthetic_customer_002,cabinet_002,2026-09-05 21:20:00+00:00,0,0,0,0,True,True,False,23.80519108741373,-81.83369398022406,3.0296700226849804,4.099766819171031,0.0,0.6078869386350328,0.022442618326508765,on,connected,True,synthetic_device_spec_v11
synthetic_customer_002,cabinet_002,2026-09-05 21:30:00+00:00,0,0,0,0,True,True,False,23.93270930982971,-83.88330647929543,2.9611454127665735,3.9380726250926297,0.0,0.6160392910077742,0.0,on,connected,True,synthetic_device_spec_v11
synthetic_customer_002,cabinet_002,2026-09-05 22:10:00+00:00,0,0,0,0,True,True,False,23.83349996497844,-46.74992489432755,3.0190983542175607,4.093998213271046,0.20472726376688818,0.0,0.005976057949861428,on,connected,True,synthetic_device_spec_v11
synthetic_customer_002,cabinet_002,2026-09-05 22:20:00+00:00,0,0,0,0,True,True,False,23.844722519488798,-48.42576309770282,2.964206422151008,4.029195027296317,0.2582159933590322,0.023279190827148882,0.005315998082279491,on,connected,True,synthetic_device_spec_v11
synthetic_customer_002,cabinet_002,2026-09-05 22:30:00+00:00,0,0,0,0,True,True,False,24.177607776115135,-49.291952973166104,3.01320921615217,4.080557884127554,0.0,0.026081787679238716,0.03179638697903498,on,connected,True,synthetic_device_spec_v11
synthetic_customer_002,cabinet_002,2026-09-05 22:40:00+00:00,0,0,0,0,True,True,False,23.88105362942206,-48.63505509715515,2.989114110864786,3.9746667113441747,0.0,0.026148496470745675,0.0,on,connected,True,synthetic_device_spec_v11
synthetic_customer_002,cabinet_002,2026-09-05 22:50:00+00:00,0,0,0,0,True,True,False,24.072378549294648,-49.68015939852717,2.9648722010477546,3.879538869896308,0.0,0.012063718384448238,0.0011478482834816348,on,connected,True,synthetic_device_spec_v11
synthetic_customer_002,cabinet_002,2026-09-05 23:00:00+00:00,0,0,0,0,True,True,False,23.949189996186426,-47.5802457260903,2.9808247194457627,4.043779149677458,0.6776223519382946,0.0,0.0030392278724655124,on,connected,True,synthetic_device_spec_v11
synthetic_customer_002,cabinet_002,2026-09-05 23:10:00+00:00,0,0,0,0,True,True,False,24.130490396332934,-47.8458928869065,2.953354509364305,4.02667127601282,0.0,0.06807645416031996,0.0,on,connected,True,synthetic_device_spec_v11
synthetic_customer_002,cabinet_002,2026-09-05 23:20:00+00:00,0,0,0,0,True,True,False,24.015279989914415,-47.99481524977078,3.0581474950094556,3.901603778215012,0.17841731592039933,0.0,0.016149788304539198,on,connected,True,synthetic_device_spec_v11
synthetic_customer_002,cabinet_002,2026-09-05 23:30:00+00:00,0,0,0,0,True,True,False,23.949565981014004,-47.66688626353908,2.8895515706777086,3.9896735388288325,0.0,0.012755740913987172,0.0,on,connected,True,synthetic_device_spec_v11
synthetic_customer_002,cabinet_002,2026-09-05 23:40:00+00:00,0,0,0,0,True,True,False,24.031274552014633,-48.4010510413426,3.0158558961645654,3.9866904804867476,0.0,0.007816650007211724,0.0,on,connected,True,synthetic_device_spec_v11
synthetic_customer_002,cabinet_002,2026-09-05 23:50:00+00:00,0,0,0,0,True,True,False,23.73523905961362,-47.9002741992232,3.0385779913953894,4.0773625945399035,0.0,0.0,0.04164494936394246,on,connected,True,synthetic_device_spec_v11
synthetic_customer_002,cabinet_002,2026-09-06 00:00:00+00:00,0,0,0,0,True,True,False,24.096357102610135,-47.7758945240471,2.894779430484104,4.081571303245217,0.0,0.014877541550532239,0.010435015987789936,on,connected,True,synthetic_device_spec_v11
synthetic_customer_002,cabinet_002,2026-09-06 00:10:00+00:00,1,1,1,1,True,True,False,24.06813095131337,-46.16000774813489,2.747869238641806,3.963483561812611,0.0,0.0,0.03435101416712254,on,connected,True,synthetic_device_spec_v11
synthetic_customer_002,cabinet_002,2026-09-06 00:20:00+00:00,1,1,1,1,True,True,False,24.28344853931289,-47.87918322479666,2.5305766834376997,3.965551039582898,0.19379021029745905,0.028590901446926387,0.010574715177246428,on,connected,True,synthetic_device_spec_v11
synthetic_customer_002,cabinet_002,2026-09-06 00:30:00+00:00,1,1,1,1,True,True,False,23.989811349692147,-46.202443451462926,2.4457418445560184,3.9365877203234603,0.0,0.0,0.020691385595586906,on,connected,True,synthetic_device_spec_v11
synthetic_customer_002,cabinet_002,2026-09-06 00:40:00+00:00,0,0,0,0,True,True,False,24.098075172729654,-48.096631571186606,2.310122487343595,4.019545122396394,0.0,0.0,0.0,on,connected,True,synthetic_device_spec_v11
synthetic_customer_002,cabinet_002,2026-09-06 00:50:00+00:00,0,0,0,0,True,True,False,24.329508194517906,-46.06986369770831,2.1428334062779557,3.9761550394338645,0.842507540410928,0.0,0.005046893740274551,on,connected,True,synthetic_device_spec_v11
synthetic_customer_002,cabinet_002,2026-09-06 01:00:00+00:00,0,0,0,0,True,True,False,23.989568135676397,-48.539868124138984,2.088071203995346,4.04468954567069,0.2623216893989841,0.01484420569523032,0.0,on,connected,True,synthetic_device_spec_v11
synthetic_customer_002,cabinet_002,2026-09-06 01:10:00+00:00,0,0,0,0,True,True,False,24.224892141807878,-46.71160536937301,1.8253468180952666,4.136926313518797,0.31437389186299625,0.0014971211146744751,0.001016956073889258,on,connected,True,synthetic_device_spec_v11
synthetic_customer_002,cabinet_002,2026-09-06 01:20:00+00:00,0,0,0,0,True,True,False,24.23988709109922,-48.32185989565742,1.7521268080381707,4.007236057008576,0.0,0.0,0.0,on,connected,True,synthetic_device_spec_v11
synthetic_customer_002,cabinet_002,2026-09-06 01:30:00+00:00,0,0,0,0,True,True,False,23.955097296375158,-45.4862419658518,1.6594271324547765,4.108133767578289,0.0,0.015686938155741806,0.03193785877883573,on,connected,True,synthetic_device_spec_v11
synthetic_customer_002,cabinet_002,2026-09-06 01:40:00+00:00,0,0,0,0,True,True,False,23.704747991552193,-49.02751204732022,1.447429102268351,4.00103956465316,0.35655467740349006,0.0,0.007880476017195203,on,connected,True,synthetic_device_spec_v11
synthetic_customer_002,cabinet_002,2026-09-06 01:50:00+00:00,0,0,0,0,True,True,False,23.638759591692992,-48.7428435611822,1.3152412397028557,3.992243025671282,0.0,0.01962248990066095,0.0,on,connected,True,synthetic_device_spec_v11
synthetic_customer_002,cabinet_002,2026-09-06 02:00:00+00:00,0,0,0,0,True,True,False,24.35333588437278,-48.81133428762756,1.1501993967842077,4.009323465263326,0.467064733728463,0.0,0.0,on,connected,True,synthetic_device_spec_v11
synthetic_customer_002,cabinet_002,2026-09-06 02:10:00+00:00,0,0,0,0,True,True,False,24.027551981660608,-47.45579167991404,0.993193175302227,4.055700270125171,0.0,0.0,0.006975334728031151,on,connected,True,synthetic_device_spec_v11
synthetic_customer_002,cabinet_002,2026-09-06 02:20:00+00:00,0,0,0,0,True,True,False,24.006410550731417,-47.93186740262002,1.0057525543030414,3.9987705926911774,0.0,0.017228983390925885,0.0,on,connected,True,synthetic_device_spec_v11
synthetic_customer_002,cabinet_002,2026-09-06 02:30:00+00:00,0,0,0,0,True,True,False,23.904280844345028,-46.53614940600313,0.972042610418067,3.989836006799722,0.14441553527457285,0.0,0.0014755357301951277,on,connected,True,synthetic_device_spec_v11
synthetic_customer_002,cabinet_002,2026-09-06 02:40:00+00:00,0,0,0,0,True,True,False,23.87745936593027,-47.331441255604396,1.0301113031605087,4.060491140037349,0.11455881465495417,0.0,0.0,on,connected,True,synthetic_device_spec_v11
synthetic_customer_002,cabinet_002,2026-09-06 02:50:00+00:00,0,0,0,0,True,True,False,23.870843766832436,-46.597498585848236,0.9650970636281936,3.9556497368942707,0.0,0.0,0.0,on,connected,True,synthetic_device_spec_v11
synthetic_customer_002,cabinet_002,2026-09-06 03:00:00+00:00,0,0,0,0,True,True,False,23.904977022216517,-47.486750012588296,0.9787488694836219,3.895976147184046,0.5097172714733454,0.0,0.01785709216910339,on,connected,True,synthetic_device_spec_v11
synthetic_customer_002,cabinet_002,2026-09-06 03:10:00+00:00,0,0,0,0,True,True,False,24.03163288347684,-47.98912941943326,0.9997926599610703,4.013875529720103,0.26612866907656435,0.0,0.027481480052947024,on,connected,True,synthetic_device_spec_v11
synthetic_customer_002,cabinet_002,2026-09-06 03:20:00+00:00,0,0,0,0,True,True,False,23.809351786389442,-49.55544317200089,0.9962456917499115,4.068869652556868,0.10465013536728573,0.006262269541078199,0.02299312512951297,on,connected,True,synthetic_device_spec_v11
synthetic_customer_002,cabinet_002,2026-09-06 03:30:00+00:00,0,0,0,0,True,True,False,23.61280118657884,-48.185049714646134,1.0658040047331063,4.091983227250151,0.7559796915759011,0.0033105362608291233,0.0,on,connected,True,synthetic_device_spec_v11
synthetic_customer_002,cabinet_002,2026-09-06 03:40:00+00:00,0,0,0,0,True,True,False,23.57027423083254,-47.983190231450315,3.0087262467700744,3.998678502674385,0.6204642036592916,0.0,0.02929449835518245,on,connected,True,synthetic_device_spec_v11
synthetic_customer_002,cabinet_002,2026-09-06 03:50:00+00:00,0,0,0,0,True,True,False,23.536445351733875,-48.10316008196895,2.9593717974247853,3.9300220341115017,0.019896759229146996,0.0,0.01800829574743535,on,connected,True,synthetic_device_spec_v11
synthetic_customer_002,cabinet_002,2026-09-06 04:00:00+00:00,0,0,0,0,True,True,False,22.923050920318175,-48.072434041800925,3.0036753346088445,4.148395681225511,0.0,0.015135681286080642,0.01463640563721345,on,connected,True,synthetic_device_spec_v11
synthetic_customer_002,cabinet_002,2026-09-06 04:10:00+00:00,0,0,0,0,True,True,False,22.786830466913283,-49.089647058970286,3.015824276174544,3.83689682045097,0.0,0.015570102122607088,0.0,on,connected,True,synthetic_device_spec_v11
synthetic_customer_002,cabinet_002,2026-09-06 04:20:00+00:00,0,0,0,0,True,True,False,22.537099375507047,-48.01517794862304,2.989464377543651,3.8855265672653716,0.15707688876668388,0.0031902804683520284,0.009070205835257644,on,connected,True,synthetic_device_spec_v11
synthetic_customer_002,cabinet_002,2026-09-06 04:30:00+00:00,0,0,0,0,True,True,False,22.34713699517658,-49.6087107155739,3.0090211515031737,4.094124105682959,0.0,0.011430739524183123,0.0,on,connected,True,synthetic_device_spec_v11
synthetic_customer_002,cabinet_002,2026-09-06 04:40:00+00:00,0,0,0,0,True,True,False,21.920738206027448,-46.87831780092803,3.0088552257809242,3.934569174375113,1.3897050120799919,0.0,0.007520335934285048,on,connected,True,synthetic_device_spec_v11
synthetic_customer_002,cabinet_002,2026-09-06 04:50:00+00:00,0,0,0,0,True,True,False,21.75679947644238,-48.00554415861962,3.022087282029749,4.0511566114163085,0.0,0.03104579285135461,0.0,on,connected,True,synthetic_device_spec_v11
synthetic_customer_002,cabinet_002,2026-09-06 05:00:00+00:00,0,0,0,0,True,True,False,21.50286844906272,-49.31211733844601,3.007893126897472,4.029037108775156,0.0,0.0,0.016286785930803217,on,connected,True,synthetic_device_spec_v11
synthetic_customer_002,cabinet_002,2026-09-06 05:10:00+00:00,0,0,0,0,True,True,False,21.114797791039614,-47.90753643386304,3.03556100269874,3.975243138984125,0.4739475862147234,0.01554799100327117,0.0,on,connected,True,synthetic_device_spec_v11
synthetic_customer_002,cabinet_002,2026-09-06 05:20:00+00:00,0,0,0,0,True,True,False,20.91099333182105,-48.98356192388685,2.949908590395468,4.012488669239329,0.8946561724069833,0.07339432033993816,0.01643567135638829,on,connected,True,synthetic_device_spec_v11
synthetic_customer_002,cabinet_002,2026-09-06 05:30:00+00:00,0,0,0,0,True,True,False,20.6141085109862,-46.53117484791795,3.0123512193936848,4.032786076724057,0.0,0.0,0.0,on,connected,True,synthetic_device_spec_v11
synthetic_customer_002,cabinet_002,2026-09-06 05:40:00+00:00,0,0,0,0,True,True,False,20.420351642824563,-47.96752709277129,3.00839465536443,3.9546014935228637,0.0,0.0013532382764154644,0.0,on,connected,True,synthetic_device_spec_v11
synthetic_customer_002,cabinet_002,2026-09-06 05:50:00+00:00,0,0,0,0,True,True,False,20.533326018618098,-48.42417987459553,2.97484614775312,4.067014307538985,0.0,0.0,0.0,on,connected,True,synthetic_device_spec_v11
synthetic_customer_002,cabinet_002,2026-09-06 06:00:00+00:00,0,0,0,0,True,True,False,19.76481896750623,-46.656060930408756,3.0021449950170758,3.8646876132564434,0.5429999864742531,0.01601470098084463,0.0,on,connected,True,synthetic_device_spec_v11
synthetic_customer_002,cabinet_002,2026-09-06 06:10:00+00:00,1,1,1,1,True,True,False,19.477269174723297,-46.81915069598223,3.055040073745931,4.0844258039713806,0.0,0.04009480820842134,0.034265303944501294,on,connected,True,synthetic_device_spec_v11
synthetic_customer_002,cabinet_002,2026-09-06 06:20:00+00:00,1,1,1,1,True,True,False,19.558316759132044,-48.40373570605015,2.9333475071835378,3.9543235152298015,0.3082021670274071,0.0,0.002482851600896923,on,connected,True,synthetic_device_spec_v11
synthetic_customer_002,cabinet_002,2026-09-06 06:30:00+00:00,1,1,1,1,True,True,False,19.314666914938606,-47.33072222852102,2.980318503569603,4.00870332556367,0.0,0.0,0.0,on,connected,True,synthetic_device_spec_v11
synthetic_customer_002,cabinet_002,2026-09-06 06:40:00+00:00,0,0,0,0,True,True,False,19.11766214895052,-47.70196536865882,2.930831387202399,4.082463951756559,0.5732196627106659,0.0016829584868322022,0.0011095371367470567,on,connected,True,synthetic_device_spec_v11
synthetic_customer_002,cabinet_002,2026-09-06 06:50:00+00:00,0,0,0,0,True,True,False,18.789243617827477,-47.80353744131157,3.020061610699972,4.049408575653523,0.0,0.0038492270139185536,0.016902945872535928,on,connected,True,synthetic_device_spec_v11
synthetic_customer_002,cabinet_002,2026-09-06 08:20:00+00:00,0,0,0,0,True,True,False,23.887784711484024,-47.77607185651097,2.9793910457042694,4.054964253513496,0.0,0.011119687851192772,0.00382960629394582,on,connected,True,synthetic_device_spec_v11
synthetic_customer_002,cabinet_002,2026-09-06 08:30:00+00:00,0,0,0,0,True,True,False,23.96873094249914,-49.08654540415554,2.931592454486188,4.06187114571308,0.7409429672195754,0.005911831279723424,0.0,on,connected,True,synthetic_device_spec_v11
synthetic_customer_002,cabinet_002,2026-09-06 08:40:00+00:00,0,0,0,0,True,True,False,23.88464099080327,-47.00364732974623,2.9594783034465246,3.957381593550106,0.7699641017706166,0.0,0.0,on,connected,True,synthetic_device_spec_v11
synthetic_customer_002,cabinet_002,2026-09-06 08:50:00+00:00,0,0,0,0,True,True,False,24.11100887116045,-47.57561001691909,2.9530687715402144,3.9269296415219537,0.0,0.0,0.0,on,connected,True,synthetic_device_spec_v11
synthetic_customer_002,cabinet_002,2026-09-06 09:00:00+00:00,0,0,0,0,True,True,False,23.8158227768431,-47.640393828264415,3.0332035623319036,3.9912958666673974,0.0,0.0,0.0,on,connected,True,synthetic_device_spec_v11
synthetic_customer_002,cabinet_002,2026-09-06 09:10:00+00:00,0,0,0,0,True,True,False,23.9182456047393,-49.6720644627114,3.0321447826627086,4.000176014346508,0.6823099983296163,0.02081320948768933,0.005073423046122423,on,connected,True,synthetic_device_spec_v11
synthetic_customer_002,cabinet_002,2026-09-06 09:20:00+00:00,0,0,0,0,True,True,False,24.01885359502073,-47.92404463487645,3.013227756425487,3.9536111879971587,0.20396312326580116,0.0,0.014495522061662405,on,connected,True,synthetic_device_spec_v11
synthetic_customer_002,cabinet_002,2026-09-06 09:30:00+00:00,0,0,0,0,True,True,False,24.17925045663406,-47.43985447822255,3.0032477788994587,3.939331194523333,0.5420430842458942,0.019600675763745468,0.026236495681206232,on,connected,True,synthetic_device_spec_v11
synthetic_customer_002,cabinet_002,2026-09-06 09:40:00+00:00,0,0,0,0,True,True,False,24.005050966329616,-49.5403709589344,2.9296859538308615,4.105236669825113,0.2121428370485797,0.0,0.02092158860122042,on,connected,True,synthetic_device_spec_v11
synthetic_customer_002,cabinet_002,2026-09-06 09:50:00+00:00,0,0,0,0,True,True,False,24.23975793531531,-47.93579196664492,3.010926223769819,3.942086478273637,0.0,0.0,0.0,on,connected,True,synthetic_device_spec_v11
synthetic_customer_002,cabinet_002,2026-09-06 10:00:00+00:00,0,0,0,0,True,True,False,23.855882570414018,-47.50271001953823,2.9880284065853675,4.07735898868442,0.8439799991935104,0.0,0.023039380832390044,on,connected,True,synthetic_device_spec_v11
synthetic_customer_002,cabinet_002,2026-09-06 10:10:00+00:00,0,0,0,0,True,True,False,23.789057256978758,-47.30874963804047,3.0223040614080765,3.9121085456932336,0.22047103575844224,0.0,0.025746367488054207,on,connected,True,synthetic_device_spec_v11
synthetic_customer_002,cabinet_002,2026-09-06 10:20:00+00:00,0,0,0,0,True,True,False,23.821662919591304,-48.6270739204209,2.904471617324438,4.0598945706858665,0.5822660976663092,0.0,0.003297758538143325,on,connected,True,synthetic_device_spec_v11
synthetic_customer_002,cabinet_002,2026-09-06 10:30:00+00:00,0,0,0,0,True,True,False,23.929821387959183,-49.25631251002503,3.02903110834207,4.021886897119149,0.0,0.02317233186642929,0.004378699848318389,on,connected,True,synthetic_device_spec_v11
synthetic_customer_002,cabinet_002,2026-09-06 10:40:00+00:00,0,0,0,0,True,True,False,23.952594322455447,-47.268268404539015,2.9978168753634478,4.024454969809761,0.0,0.04031535453840782,0.0,on,connected,True,synthetic_device_spec_v11
synthetic_customer_002,cabinet_002,2026-09-06 10:50:00+00:00,0,0,0,0,True,True,False,23.97906350955087,-48.60988979664146,3.0354545599030063,4.147443998456297,0.0,0.0,0.02463959171398863,on,connected,True,synthetic_device_spec_v11
synthetic_customer_002,cabinet_002,2026-09-06 11:00:00+00:00,0,0,0,0,True,True,False,24.028346052533728,-47.181267843479134,2.921236647577083,4.02490915776676,0.0,0.0,0.0,on,connected,True,synthetic_device_spec_v11
synthetic_customer_002,cabinet_002,2026-09-06 11:10:00+00:00,0,0,0,0,True,True,False,24.101232601473193,-48.190841422383244,3.019194187897838,4.057710409749565,0.5615145489263089,0.0,0.026447642214139554,on,connected,True,synthetic_device_spec_v11
synthetic_customer_002,cabinet_002,2026-09-06 11:20:00+00:00,0,0,0,0,True,True,False,24.067052921942018,-49.04753146664954,2.9646807088737743,4.036880114437668,0.08259743756014148,0.034264428544736644,0.0,on,connected,True,synthetic_device_spec_v11
synthetic_customer_002,cabinet_002,2026-09-06 11:30:00+00:00,0,0,0,0,True,True,False,23.89284095489262,-48.866979839286074,3.051582832770577,4.046755856248616,0.0,0.0,0.0,on,connected,True,synthetic_device_spec_v11
synthetic_customer_002,cabinet_002,2026-09-06 11:40:00+00:00,0,0,0,0,True,True,False,24.02038004828248,-48.37001564775113,2.984358140322781,4.0256462255967085,0.0,0.0,0.0,on,connected,True,synthetic_device_spec_v11
synthetic_customer_002,cabinet_002,2026-09-06 11:50:00+00:00,0,0,0,0,True,True,False,24.2028561541905,-48.720372968013336,3.04628392644273,3.931134114638141,0.0,0.0,0.0007667030265808768,on,connected,True,synthetic_device_spec_v11
synthetic_customer_002,cabinet_002,2026-09-06 12:00:00+00:00,0,0,0,0,True,True,False,23.89232934976836,-47.51229593163567,2.969160057765467,4.00604412289383,2.3384597300009906,0.044428387730582886,0.0042004521212975114,on,connected,True,synthetic_device_spec_v11
synthetic_customer_002,cabinet_002,2026-09-06 12:10:00+00:00,1,1,1,1,True,True,False,23.955746874413823,-46.77257874076301,3.0340607142028007,3.9973467269816205,4.007539084143676,0.009331906892242423,0.003757368327378362,on,connected,True,synthetic_device_spec_v11
synthetic_customer_002,cabinet_002,2026-09-06 12:20:00+00:00,1,1,1,1,True,True,False,23.868631947449497,-47.098357240266814,2.996986727293524,3.933286928478029,6.770046280761962,0.020385133725285737,0.0,on,connected,True,synthetic_device_spec_v11
synthetic_customer_002,cabinet_002,2026-09-06 12:30:00+00:00,1,1,1,1,True,True,False,23.867683422356045,-48.184615395674385,2.9724924176022003,3.902308554414688,8.699666980255689,0.03343514099408325,0.021517217433503287,on,connected,True,synthetic_device_spec_v11
synthetic_customer_002,cabinet_002,2026-09-06 12:40:00+00:00,0,0,0,0,True,True,False,24.050454668712618,-46.96392035697156,3.0283547314355634,3.9705903557381164,10.597052564038597,0.00981518446784029,0.0072436584745810585,on,connected,True,synthetic_device_spec_v11
synthetic_customer_002,cabinet_002,2026-09-06 12:50:00+00:00,0,0,0,0,True,True,False,23.870208281079943,-49.40337946480464,3.014726447860736,3.9481547525537857,13.843040106791191,0.012134861009949092,0.0053311421709760646,on,connected,True,synthetic_device_spec_v11
synthetic_customer_002,cabinet_002,2026-09-06 13:00:00+00:00,0,0,0,0,True,True,False,24.048369672146382,-49.01860031564569,3.0086370606099737,3.9562929255103576,16.305512383369386,0.0,0.0,on,connected,True,synthetic_device_spec_v11
synthetic_customer_002,cabinet_002,2026-09-06 13:10:00+00:00,0,0,0,0,True,True,False,24.124927576416546,-49.41614688921863,3.0536380463897834,3.9778660185783425,17.50761230191864,0.0,0.012147480923137634,on,connected,True,synthetic_device_spec_v11
synthetic_customer_002,cabinet_002,2026-09-06 13:20:00+00:00,0,0,0,0,True,True,False,23.904826791751336,-46.29922667886058,2.9820358527123223,4.0111394537407605,19.871337878334632,0.0,0.016061774018426955,on,connected,True,synthetic_device_spec_v11
synthetic_customer_002,cabinet_002,2026-09-06 13:30:00+00:00,0,0,0,0,True,True,False,23.749284286006464,-47.772224072345566,3.0040507071308062,3.978074479007188,22.695508243333016,0.011226233233024352,0.0,on,connected,True,synthetic_device_spec_v11
synthetic_customer_002,cabinet_002,2026-09-06 13:40:00+00:00,0,0,0,0,True,True,False,24.144556193038486,-49.033745080503216,2.9985966706257043,3.9944741417870855,25.52136288795619,0.0003359402944322332,0.011097447940103968,on,connected,True,synthetic_device_spec_v11
synthetic_customer_002,cabinet_002,2026-09-06 13:50:00+00:00,0,0,0,0,True,True,False,24.062984022331797,-47.158806382127416,2.9921114996983396,3.9815761391815117,24.0459657742739,0.023515776616406255,0.0,on,connected,True,synthetic_device_spec_v11
synthetic_customer_002,cabinet_002,2026-09-06 14:00:00+00:00,0,0,0,0,True,True,False,23.996838367241807,-47.50449602028459,2.9610943568903285,3.9778100889087518,25.252697841419554,0.0,0.040962410307748276,on,connected,True,synthetic_device_spec_v11
synthetic_customer_002,cabinet_002,2026-09-06 14:10:00+00:00,0,0,0,0,True,True,False,23.836005795971815,-46.7759547279072,3.021487861809691,4.080476086953063,24.9322889338195,0.02886675253972991,0.0,on,connected,True,synthetic_device_spec_v11
synthetic_customer_002,cabinet_002,2026-09-06 14:20:00+00:00,0,0,0,0,True,True,False,24.119819376296984,-48.07195631329801,2.9688611180450426,3.9529663150740895,24.860546541644013,0.026931044541395013,0.0,on,connected,True,synthetic_device_spec_v11
synthetic_customer_002,cabinet_002,2026-09-06 14:30:00+00:00,0,0,0,0,True,True,False,23.88385329929421,-47.559069223219794,2.911462138074062,3.971413388534035,25.140641201824778,0.0,0.007199074998821567,on,connected,True,synthetic_device_spec_v11
synthetic_customer_002,cabinet_002,2026-09-06 14:40:00+00:00,0,0,0,0,True,True,False,23.959853417139886,-49.55770078553528,2.9402713043882196,4.073536520176385,24.511323884411688,0.02350903269349458,0.0,on,connected,True,synthetic_device_spec_v11
synthetic_customer_002,cabinet_002,2026-09-06 14:50:00+00:00,0,0,0,0,True,True,False,23.907800178561196,-47.56577983895791,2.9710341115554013,3.998643332864621,25.252497741796674,0.0,0.0,on,connected,True,synthetic_device_spec_v11
synthetic_customer_002,cabinet_002,2026-09-06 15:00:00+00:00,0,0,0,0,True,True,False,24.002829779622054,-47.636203521707074,2.9734954790419867,3.997170374285921,0.0,0.0,0.0,on,connected,True,synthetic_device_spec_v11
synthetic_customer_002,cabinet_002,2026-09-06 15:10:00+00:00,0,0,0,0,True,True,False,24.068845198486045,-48.55177875511593,2.919096288276121,3.9851007589207015,0.0,0.04823805469067937,0.0,on,connected,True,synthetic_device_spec_v11
synthetic_customer_002,cabinet_002,2026-09-06 15:20:00+00:00,0,0,0,0,True,True,False,23.733808600233967,-49.02700290939231,3.0120020428108214,4.023107140678742,0.26395136962625454,0.0,0.008167652565018696,on,connected,True,synthetic_device_spec_v11
synthetic_customer_002,cabinet_002,2026-09-06 15:30:00+00:00,0,0,0,0,True,True,False,23.920517611491842,-47.84452290893312,2.975138474210632,3.9796985055727596,0.0,0.0,0.0,on,connected,True,synthetic_device_spec_v11
synthetic_customer_002,cabinet_002,2026-09-06 15:40:00+00:00,0,0,0,0,True,True,False,24.08554933890363,-47.807160040698825,3.009270046338401,3.95866220387513,0.8612540807881292,0.0,0.0,on,connected,True,synthetic_device_spec_v11
synthetic_customer_002,cabinet_002,2026-09-06 15:50:00+00:00,0,0,0,0,True,True,False,24.134853041566753,-46.872504765803285,2.9560350274016427,4.030261178721445,0.0,0.0,0.0,on,connected,True,synthetic_device_spec_v11
synthetic_customer_002,cabinet_002,2026-09-06 16:00:00+00:00,0,0,0,0,True,True,False,23.856097778338146,-48.00812516020396,2.9718785684855287,3.984631206706855,0.5227188271694505,0.0,0.014000154960324687,on,connected,True,synthetic_device_spec_v11
synthetic_customer_002,cabinet_002,2026-09-06 16:10:00+00:00,0,0,0,0,True,True,False,24.09288981330272,-47.824030650582976,2.9749845578391105,3.8926678893141045,0.0,0.0,0.0,on,connected,True,synthetic_device_spec_v11
synthetic_customer_002,cabinet_002,2026-09-06 16:20:00+00:00,0,0,0,0,True,True,False,24.152499175711764,-47.97753587919296,2.8200164050476038,3.9213949757891653,0.0,0.0,0.0,on,connected,True,synthetic_device_spec_v11
synthetic_customer_002,cabinet_002,2026-09-06 16:30:00+00:00,0,0,0,0,True,True,False,24.047023248422978,-48.34881105315475,2.839971796069665,4.033390568139339,0.0,0.0,0.0,on,connected,True,synthetic_device_spec_v11
synthetic_customer_002,cabinet_002,2026-09-06 16:40:00+00:00,0,0,0,0,True,True,False,24.002278013719753,-46.28410470554642,2.701179799492911,3.894753453150109,0.0,0.0,0.002813761610052138,on,connected,True,synthetic_device_spec_v11
synthetic_customer_002,cabinet_002,2026-09-06 16:50:00+00:00,0,0,0,0,True,True,False,23.83985897126841,-47.70546443391891,2.7288567051782047,3.9858062461148345,0.48136747687729026,0.004527586841851237,0.0003138655955930395,on,connected,True,synthetic_device_spec_v11
synthetic_customer_002,cabinet_002,2026-09-06 17:00:00+00:00,0,0,0,0,True,True,False,23.943094315529127,-46.824848222646295,2.6748278930742564,3.931743686385563,0.34964539324482274,0.0,0.010304920705332976,on,connected,True,synthetic_device_spec_v11
synthetic_customer_002,cabinet_002,2026-09-06 17:10:00+00:00,0,0,0,0,True,True,False,23.891183031227555,-48.38043579887163,2.664922924934733,4.043733571456663,0.0,0.025855017483338207,0.003979116348100192,on,connected,True,synthetic_device_spec_v11
synthetic_customer_002,cabinet_002,2026-09-06 17:20:00+00:00,0,0,0,0,True,True,False,24.2316748976053,-48.847779944603325,2.5875849208236903,4.10941281765128,0.07087020900305022,0.0,0.0,on,connected,True,synthetic_device_spec_v11
synthetic_customer_002,cabinet_002,2026-09-06 17:30:00+00:00,0,0,0,0,True,True,False,23.976699130822468,-46.63191088287308,2.5639229867796733,4.09441308800764,0.08198127566038593,0.0,0.0,on,connected,True,synthetic_device_spec_v11
synthetic_customer_002,cabinet_002,2026-09-06 17:40:00+00:00,0,0,0,0,True,True,False,24.00133819338234,-48.64996384653337,2.485879540144564,3.9286290975443494,0.2749833989469927,0.0,0.0,on,connected,True,synthetic_device_spec_v11
synthetic_customer_002,cabinet_002,2026-09-06 17:50:00+00:00,0,0,0,0,True,True,False,23.998599226043385,-48.48834767803847,2.4181965521996043,4.019320047929202,0.0,0.03152171200652728,0.014277573420576103,on,connected,True,synthetic_device_spec_v11
synthetic_customer_002,cabinet_002,2026-09-06 18:00:00+00:00,0,0,0,0,True,True,False,24.116562864883427,-48.08403530682665,2.3339490914911636,4.067501670361594,0.09943077386088407,0.0,0.030662016586442832,on,connected,True,synthetic_device_spec_v11
synthetic_customer_002,cabinet_002,2026-09-06 18:10:00+00:00,1,1,1,1,True,True,False,23.931123546055556,-49.086230007309844,2.3427517557159176,4.002397173457457,1.4039266889528894,0.0,0.011926338262693318,on,connected,True,synthetic_device_spec_v11
synthetic_customer_002,cabinet_002,2026-09-06 18:20:00+00:00,1,1,1,1,True,True,False,23.843379198907186,-47.148579347365455,2.303331244443833,3.9118021244976933,0.24617801867631792,0.029876648421586667,0.011112380049770481,on,connected,True,synthetic_device_spec_v11
synthetic_customer_002,cabinet_002,2026-09-06 18:30:00+00:00,1,1,1,1,True,True,False,23.935307866548662,-47.58786881826237,2.2066721495221713,4.015673215426573,0.0,0.0024273831971159806,0.0,on,connected,True,synthetic_device_spec_v11
synthetic_customer_002,cabinet_002,2026-09-06 18:40:00+00:00,0,0,0,0,True,True,False,23.804840144293276,-47.393339840148876,2.1867353668912752,4.01190622723206,0.3506466581826728,0.021604858343765083,0.0,on,connected,True,synthetic_device_spec_v11
synthetic_customer_002,cabinet_002,2026-09-06 18:50:00+00:00,0,0,0,0,True,True,False,23.96583276807037,-48.85953311375939,2.109156803368098,3.8673468430993974,0.0,0.032680659165696756,0.016392743530359234,on,connected,True,synthetic_device_spec_v11
synthetic_customer_002,cabinet_002,2026-09-06 19:00:00+00:00,0,0,0,0,True,True,False,24.17229420388141,-47.735105657255815,2.1571688112030074,4.048669200916209,0.6539643029901915,0.0,0.0024348395399366777,on,connected,True,synthetic_device_spec_v11
synthetic_customer_002,cabinet_002,2026-09-06 19:10:00+00:00,0,0,0,0,True,True,False,23.977226253949617,-45.93050707492018,2.2066746436997366,3.9402879577057326,0.0,0.0,0.010823539667883799,on,connected,True,synthetic_device_spec_v11
synthetic_customer_002,cabinet_002,2026-09-06 19:20:00+00:00,0,0,0,0,True,True,False,23.967738838607026,-47.552868830419925,2.20539898314627,4.076279013207425,0.12183506729672357,0.0003435883964196409,0.0,on,connected,True,synthetic_device_spec_v11
synthetic_customer_002,cabinet_002,2026-09-06 19:30:00+00:00,0,0,0,0,True,True,False,24.298515101217063,-48.711483442859745,2.237191206622592,3.9666256121011187,0.034305996131985886,0.0010158927921053048,0.0,on,connected,True,synthetic_device_spec_v11
synthetic_customer_002,cabinet_002,2026-09-06 19:40:00+00:00,0,0,0,0,True,True,False,23.757448402062135,-48.254301817649704,2.194289810926854,3.9984570361887557,0.7103701750461393,0.0,0.03577731893718577,on,connected,True,synthetic_device_spec_v11
synthetic_customer_002,cabinet_002,2026-09-06 19:50:00+00:00,0,0,0,0,True,True,False,24.10167612930458,-48.14488838300631,2.2517176778050385,3.9951276034327363,0.0,0.0,0.022914598368701647,on,connected,True,synthetic_device_spec_v11
synthetic_customer_002,cabinet_002,2026-09-06 20:00:00+00:00,0,0,0,0,True,True,False,23.7082671813214,-49.375729893713334,2.938829637577343,4.02748991445238,0.0,0.012863213802062477,0.0,on,connected,True,synthetic_device_spec_v11
synthetic_customer_002,cabinet_002,2026-09-06 20:10:00+00:00,0,0,0,0,True,True,False,24.046864330238208,-47.18035209990332,2.975843618393861,3.9953689769986998,0.23047413138199827,0.0,0.0,on,connected,True,synthetic_device_spec_v11
synthetic_customer_002,cabinet_002,2026-09-06 20:20:00+00:00,0,0,0,0,True,True,False,24.024359604503687,-47.261967071358015,3.0151628000398665,3.8720829694839236,0.0,0.0,0.008411374011346834,on,connected,True,synthetic_device_spec_v11
synthetic_customer_002,cabinet_002,2026-09-06 20:30:00+00:00,0,0,0,0,True,True,False,24.092279886316906,-48.91656861212638,2.9877432069629033,3.8843688716515294,0.2634486087109672,0.0,0.0,on,connected,True,synthetic_device_spec_v11
synthetic_customer_002,cabinet_002,2026-09-06 20:40:00+00:00,0,0,0,0,True,True,False,23.89914568864211,-49.95606487228856,3.042965917664921,3.9812200646958633,0.20957645766648275,0.0222278124164235,0.009657467588850712,on,connected,True,synthetic_device_spec_v11
synthetic_customer_002,cabinet_002,2026-09-06 20:50:00+00:00,0,0,0,0,True,True,False,24.14273008459075,-47.82674358763342,3.0159665377343656,3.993184792682121,0.38361888920089393,0.017455790748956302,0.0,on,connected,True,synthetic_device_spec_v11
synthetic_customer_002,cabinet_002,2026-09-06 21:00:00+00:00,0,0,0,0,True,True,False,24.103301425328635,-47.39752462084155,2.970276942176348,4.021939878766369,0.983912265111925,0.019668052699108728,0.004332727981903164,on,connected,True,synthetic_device_spec_v11
synthetic_customer_002,cabinet_002,2026-09-06 21:10:00+00:00,0,0,0,0,True,True,False,23.94196454451983,-47.15270781381717,3.0231004366937464,3.981414961546554,0.0,0.004926030500169367,0.011000333586307498,on,connected,True,synthetic_device_spec_v11
synthetic_customer_002,cabinet_002,2026-09-06 21:20:00+00:00,0,0,0,0,True,True,False,23.859424314175126,-48.30165244389783,3.0331924513796635,3.974440993165363,0.2567465442219416,0.00903739435316324,0.0,on,connected,True,synthetic_device_spec_v11
synthetic_customer_002,cabinet_002,2026-09-06 21:30:00+00:00,0,0,0,0,True,True,False,23.901149921053772,-48.55005704278723,2.9885316925016614,4.062128666967478,0.0,0.0,0.0,on,connected,True,synthetic_device_spec_v11
synthetic_customer_002,cabinet_002,2026-09-06 21:40:00+00:00,0,0,0,0,True,True,False,24.175354534119784,-46.78570067763405,2.998034281151048,4.104095061513401,0.0,0.0,0.0,on,connected,True,synthetic_device_spec_v11
synthetic_customer_002,cabinet_002,2026-09-06 21:50:00+00:00,0,0,0,0,True,True,False,24.079001342367576,-49.58253908006881,3.0388708650881675,3.905993019612306,0.0,0.04774786644521826,0.0,on,connected,True,synthetic_device_spec_v11
synthetic_customer_002,cabinet_002,2026-09-06 22:00:00+00:00,0,0,0,0,True,True,False,23.8310912658512,-46.905106848394965,3.0661149050783103,3.912007522598719,0.0,0.0,0.00805449226558954,on,connected,True,synthetic_device_spec_v11
synthetic_customer_002,cabinet_002,2026-09-06 22:10:00+00:00,0,0,0,0,True,True,False,23.988051953276003,-47.92808075737835,2.9890602092074703,3.9313410209770367,0.0,0.0,0.0,on,connected,True,synthetic_device_spec_v11
synthetic_customer_002,cabinet_002,2026-09-06 22:20:00+00:00,0,0,0,0,True,True,False,23.976842848262713,-50.12130458326129,2.890641118577919,4.0355801563135545,0.0,0.0206019236510551,0.023554966092327406,on,connected,True,synthetic_device_spec_v11
synthetic_customer_002,cabinet_002,2026-09-06 22:30:00+00:00,0,0,0,0,True,True,False,24.068311420838274,-47.72469884092786,2.986190101642409,3.9597105308006713,0.0,0.0,0.008294556856040244,on,connected,True,synthetic_device_spec_v11
synthetic_customer_002,cabinet_002,2026-09-06 22:40:00+00:00,0,0,0,0,True,True,False,24.126076060419894,-47.432951145924086,3.0011358064531715,4.023172580309637,0.0,0.0,0.01012898949877485,on,connected,True,synthetic_device_spec_v11
synthetic_customer_002,cabinet_002,2026-09-06 22:50:00+00:00,0,0,0,0,True,True,False,24.115104578061267,-48.03011455407329,3.0373834021809394,4.13162350985234,0.0,0.0064517180014314335,0.011192873199081813,on,connected,True,synthetic_device_spec_v11
synthetic_customer_002,cabinet_002,2026-09-06 23:00:00+00:00,0,0,0,0,True,True,False,24.127124069570918,-47.0237373941358,2.9720285211597095,3.9932253356546648,0.4129659490442713,0.0,0.018022886154481017,on,connected,True,synthetic_device_spec_v11
synthetic_customer_002,cabinet_002,2026-09-06 23:10:00+00:00,0,0,0,0,True,True,False,24.0582799354459,-48.27065427391615,3.027438514322325,3.9941613650996945,0.6830855098990322,0.0,0.008648251849224601,on,connected,True,synthetic_device_spec_v11
synthetic_customer_002,cabinet_002,2026-09-06 23:20:00+00:00,0,0,0,0,True,True,False,24.128834246313414,-47.5336473054826,2.951480818241838,4.031202682759715,0.5994302748695248,0.015932557900790748,0.010739836778727432,on,connected,True,synthetic_device_spec_v11
synthetic_customer_002,cabinet_002,2026-09-06 23:30:00+00:00,0,0,0,0,True,True,False,23.98526386676928,-48.53966951056984,2.977762342406369,3.9790696183717698,0.24564463102443368,0.025841673083451713,0.0,on,connected,True,synthetic_device_spec_v11
synthetic_customer_002,cabinet_002,2026-09-06 23:40:00+00:00,0,0,0,0,True,True,False,24.172206110191752,-48.179263890182405,2.9414831989485153,4.0469084330403335,0.5034303316672879,0.0,0.0010160734954985492,on,connected,True,synthetic_device_spec_v11
synthetic_customer_002,cabinet_002,2026-09-06 23:50:00+00:00,0,0,0,0,True,True,False,24.027185952837254,-48.08196291791325,2.912468432325171,3.850823801733135,0.6805521350985357,0.011597500689080869,0.0,on,connected,True,synthetic_device_spec_v11
synthetic_customer_002,cabinet_002,2026-09-07 00:00:00+00:00,0,0,0,0,True,True,False,23.851825423426035,-49.256233455067694,2.9942618911100447,4.048387882187907,0.0,0.0,0.03697187518290679,on,connected,True,synthetic_device_spec_v11
synthetic_customer_002,cabinet_002,2026-09-07 00:10:00+00:00,1,1,1,1,True,True,False,24.041801944662243,-47.85093342355806,3.0417865013232697,3.9454870954680823,0.09197982820245236,0.024406185962476817,0.007400837440747293,on,connected,True,synthetic_device_spec_v11
synthetic_customer_002,cabinet_002,2026-09-07 00:20:00+00:00,1,1,1,1,True,True,False,24.005063484889142,-47.86228185110844,3.0710153989990148,3.9781393394692013,0.0,0.0,0.01709770080864383,on,connected,True,synthetic_device_spec_v11
synthetic_customer_002,cabinet_002,2026-09-07 00:30:00+00:00,1,1,1,1,True,True,False,23.95744916008998,-50.070074733285395,2.9828797869313983,4.019645889099261,0.0,0.0,0.0,on,connected,True,synthetic_device_spec_v11
synthetic_customer_002,cabinet_002,2026-09-07 00:40:00+00:00,0,0,0,0,True,True,False,23.972708596872124,-48.065908494992364,2.997842257909214,4.038147942766844,0.0,0.024698090993455338,0.036043716168020136,on,connected,True,synthetic_device_spec_v11
synthetic_customer_002,cabinet_002,2026-09-07 00:50:00+00:00,0,0,0,0,True,True,False,23.75286080640521,-47.12901037195552,2.9336454897505444,4.014498520935279,0.3570655623351856,0.003494676304444541,0.0,on,connected,True,synthetic_device_spec_v11
synthetic_customer_002,cabinet_002,2026-09-07 01:00:00+00:00,0,0,0,0,True,True,False,24.01192993166908,-48.818040155528095,2.9864486573489955,3.9908847300337373,0.0,0.0,0.007418827434472463,on,connected,True,synthetic_device_spec_v11
synthetic_customer_002,cabinet_002,2026-09-07 01:10:00+00:00,0,0,0,0,True,True,False,23.962916156153216,-48.92044131231211,3.0462045143631653,3.961315627123723,0.5925178682001858,0.015050534023541898,0.003655597301926388,on,connected,True,synthetic_device_spec_v11
synthetic_customer_002,cabinet_002,2026-09-07 01:20:00+00:00,0,0,0,0,True,True,False,24.171641040941456,-49.09549320249726,2.9924239659392136,4.026239728283725,0.0,0.030751003057192666,0.01146923513685162,on,connected,True,synthetic_device_spec_v11
synthetic_customer_002,cabinet_002,2026-09-07 01:30:00+00:00,0,0,0,0,True,True,False,23.822485934038713,-48.01997987921092,2.980313876783068,3.9108695131969555,0.0,0.04012634374896012,0.0,on,connected,True,synthetic_device_spec_v11
synthetic_customer_002,cabinet_002,2026-09-07 01:40:00+00:00,0,0,0,0,True,True,False,24.200278600282825,-48.573619808935455,3.046264641227387,3.96501492555926,0.0,0.0,0.007471641902203965,on,connected,True,synthetic_device_spec_v11
synthetic_customer_002,cabinet_002,2026-09-07 01:50:00+00:00,0,0,0,0,True,True,False,24.221733670717636,-47.59803501629988,2.972407960188805,3.98006034432972,0.0,0.004174192028781097,0.0,on,connected,True,synthetic_device_spec_v11
synthetic_customer_002,cabinet_002,2026-09-07 02:00:00+00:00,0,0,0,0,True,True,False,24.130137177463535,-49.537732585135345,3.054751132974262,3.9260539464022637,0.3139601644513458,0.0,0.0,on,connected,True,synthetic_device_spec_v11
synthetic_customer_002,cabinet_002,2026-09-07 02:10:00+00:00,0,0,0,0,True,True,False,23.868103511523444,-48.00224457670922,2.9963640574184014,4.00823107961641,0.0,0.0,0.009844461291869621,on,connected,True,synthetic_device_spec_v11
synthetic_customer_002,cabinet_002,2026-09-07 02:20:00+00:00,0,0,0,0,True,True,False,23.75444295611172,-48.91949491157564,3.018687096185739,4.042496350876527,0.0,0.003317218253110049,0.00418898592364822,on,connected,True,synthetic_device_spec_v11
synthetic_customer_002,cabinet_002,2026-09-07 02:30:00+00:00,0,0,0,0,True,True,False,23.961077805875064,-47.82746181042404,2.9595374881326433,4.029930631129972,0.11703033740935623,0.0,0.0,on,connected,True,synthetic_device_spec_v11
synthetic_customer_002,cabinet_002,2026-09-07 02:40:00+00:00,0,0,0,0,True,True,False,24.09406290826016,-47.863843247747546,3.0491312387230707,4.024319233276416,0.0,0.0,0.03287677982478015,on,connected,True,synthetic_device_spec_v11
synthetic_customer_002,cabinet_002,2026-09-07 02:50:00+00:00,0,0,0,0,True,True,False,23.822472822242407,-48.58220175553468,3.0689891446139494,4.012330022625338,0.0,0.0,0.002258949584247333,on,connected,True,synthetic_device_spec_v11
synthetic_customer_002,cabinet_002,2026-09-07 03:00:00+00:00,0,0,0,0,True,True,False,24.15964459152244,-47.68647729420856,3.0219332272612247,4.008460329426311,0.019580836308588544,0.0,0.016561755932700154,on,connected,True,synthetic_device_spec_v11
synthetic_customer_002,cabinet_002,2026-09-07 03:10:00+00:00,0,0,0,0,True,True,False,23.996932096408447,-48.9281111902579,2.9788596817845545,3.908486535852109,0.430440753833468,0.04098634064723487,0.0,on,connected,True,synthetic_device_spec_v11
synthetic_customer_002,cabinet_002,2026-09-07 03:20:00+00:00,0,0,0,0,True,True,False,24.145484049122608,-49.62341006793609,2.9501669629897886,3.935941999967751,0.0,0.0015979509596850635,0.04473125454741003,on,connected,True,synthetic_device_spec_v11
synthetic_customer_002,cabinet_002,2026-09-07 03:30:00+00:00,0,0,0,0,True,True,False,23.918802527924324,-46.91518807451697,2.999572744810137,3.9234821948217165,0.0,0.0,0.0,on,connected,True,synthetic_device_spec_v11
synthetic_customer_002,cabinet_002,2026-09-07 03:40:00+00:00,0,0,0,0,True,True,False,23.83336423469889,-47.033825222062546,2.965721042945061,3.9855213979527986,0.0,0.0,0.01609416254502624,on,connected,True,synthetic_device_spec_v11
synthetic_customer_002,cabinet_002,2026-09-07 03:50:00+00:00,0,0,0,0,True,True,False,23.904689421644072,-47.01650743757393,3.013078681044641,3.927464263916286,0.0,0.0,0.0,on,connected,True,synthetic_device_spec_v11
synthetic_customer_002,cabinet_002,2026-09-07 04:00:00+00:00,0,0,0,0,True,True,False,23.964874491239147,-47.040932230338626,3.0313837145919598,4.1202684866179755,0.10058029390588535,0.0,0.04367191136019722,on,connected,True,synthetic_device_spec_v11
synthetic_customer_002,cabinet_002,2026-09-07 04:10:00+00:00,0,0,0,0,True,True,False,24.30714430314021,-48.9478956690491,3.0668261373058576,4.54316812807304,0.45131756914751636,0.03129659413790494,0.06956780264352883,on,connected,True,synthetic_device_spec_v11
synthetic_customer_002,cabinet_002,2026-09-07 04:20:00+00:00,0,0,0,0,True,True,False,24.21653052497173,-47.470118791662266,2.9849475275788637,4.732733424028221,0.2937814724820007,0.0,0.08480165872596525,on,connected,True,synthetic_device_spec_v11
synthetic_customer_002,cabinet_002,2026-09-07 04:30:00+00:00,0,0,0,0,True,True,False,24.009301548867654,-48.16689321386503,2.9299659936438767,5.0667653092210525,0.9382792003750474,0.04611644340599381,0.1385014831979843,on,connected,True,synthetic_device_spec_v11
synthetic_customer_002,cabinet_002,2026-09-07 04:40:00+00:00,0,0,0,0,True,True,False,24.025401575359577,-47.01953104579945,3.0826732389089266,5.262575003452035,0.02782056962593186,0.027784238046199946,0.16526913789937414,on,connected,True,synthetic_device_spec_v11
synthetic_customer_002,cabinet_002,2026-09-07 04:50:00+00:00,0,0,0,0,True,True,False,23.914346236321165,-46.421159234424536,3.0405915025874193,5.691841920591806,0.0,0.0,0.1981341967941366,on,connected,True,synthetic_device_spec_v11
synthetic_customer_002,cabinet_002,2026-09-07 05:00:00+00:00,0,0,0,0,True,True,False,23.896269667542345,-48.41174067160495,3.0245547117265366,5.995696321496164,0.1086459552671654,0.0,0.25859749230007106,on,connected,True,synthetic_device_spec_v11
synthetic_customer_002,cabinet_002,2026-09-07 05:10:00+00:00,0,0,0,0,True,True,False,24.119858152097372,-47.050807763619964,3.0401885002542346,6.091357487894307,0.6995454514536471,0.0,0.2693972930491326,on,connected,True,synthetic_device_spec_v11
synthetic_customer_002,cabinet_002,2026-09-07 05:20:00+00:00,0,0,0,0,True,True,False,24.051667990676076,-47.742023796879884,2.990414612767235,6.452424236054482,0.0,0.0,0.3066010675998364,on,connected,True,synthetic_device_spec_v11
synthetic_customer_002,cabinet_002,2026-09-07 05:30:00+00:00,0,0,0,0,True,True,False,24.02669607062796,-47.88776727091229,3.024218002480227,6.655027821898932,0.0,0.012786266949903098,0.3612678517023219,on,connected,True,synthetic_device_spec_v11
synthetic_customer_002,cabinet_002,2026-09-07 05:40:00+00:00,0,0,0,0,True,True,False,23.94628975636237,-48.12637091666741,2.9688945081348526,7.040073766602347,0.6739979791407639,0.006886388719204985,0.42877715553800816,on,connected,True,synthetic_device_spec_v11
synthetic_customer_002,cabinet_002,2026-09-07 05:50:00+00:00,0,0,0,0,True,True,False,23.75589219638538,-49.20912819927547,2.993503543194486,7.044766883763735,0.0,0.009088297200412097,0.4021668819054976,on,connected,True,synthetic_device_spec_v11
synthetic_customer_002,cabinet_002,2026-09-07 06:00:00+00:00,0,0,0,0,True,True,False,24.12914189031935,-48.945187398091406,3.0029624747990384,7.066613776395576,0.0,0.0,0.37449055568341283,on,connected,True,synthetic_device_spec_v11
synthetic_customer_002,cabinet_002,2026-09-07 06:10:00+00:00,0,1,1,0,True,True,False,23.719868948189923,-49.898630873297435,2.9529004519283237,7.0003749263344375,0.0,0.0,0.40861288258450107,on,connected,True,synthetic_device_spec_v11
synthetic_customer_002,cabinet_002,2026-09-07 06:20:00+00:00,0,1,1,0,True,True,False,24.0206356061729,-47.22411597428386,3.01337536725156,7.109494361224222,0.10504461256281096,0.0,0.3911466758831629,on,connected,True,synthetic_device_spec_v11
synthetic_customer_002,cabinet_002,2026-09-07 06:30:00+00:00,0,1,1,0,True,True,False,24.0535155974922,-50.09208580981097,3.0351050629747607,6.960159347768342,0.0,0.0,0.39355053618933244,on,connected,True,synthetic_device_spec_v11
synthetic_customer_002,cabinet_002,2026-09-07 06:40:00+00:00,0,0,0,0,True,True,False,24.047518914136266,-48.824024009834325,3.0095679366878394,6.9751294901359175,0.0,0.025119153061973876,0.41177389389698227,on,connected,True,synthetic_device_spec_v11
synthetic_customer_002,cabinet_002,2026-09-07 06:50:00+00:00,0,0,0,0,True,True,False,24.098163003381206,-47.26924282276593,3.0060610125472187,7.004721604651447,0.5888869329979323,0.0,0.39304093277906793,on,connected,True,synthetic_device_spec_v11
synthetic_customer_002,cabinet_002,2026-09-07 07:00:00+00:00,0,0,0,0,True,True,False,23.94882157999205,-46.47783077317083,3.0084041683677016,7.037440360898717,0.0,0.0,0.4158024936136655,on,connected,True,synthetic_device_spec_v11
synthetic_customer_002,cabinet_002,2026-09-07 07:10:00+00:00,0,0,0,0,True,True,False,24.320012329750696,-48.56270500507331,3.069347969877164,4.0861566204091355,0.0,0.001944918323687094,0.0,on,connected,True,synthetic_device_spec_v11
synthetic_customer_002,cabinet_002,2026-09-07 07:20:00+00:00,0,0,0,0,True,True,False,23.8961830056205,-48.39651360161679,2.9357143707803393,3.9967018892852715,0.0,0.02835029103055662,0.0001723152949299943,on,connected,True,synthetic_device_spec_v11
synthetic_customer_002,cabinet_002,2026-09-07 07:30:00+00:00,0,0,0,0,True,True,False,24.03746951291371,-47.94639318446993,2.9078186291315173,3.97607539987258,0.2028751801486797,0.03466344011717254,0.0,on,connected,True,synthetic_device_spec_v11
synthetic_customer_002,cabinet_002,2026-09-07 07:40:00+00:00,0,0,0,0,True,True,False,24.2062343278116,-47.11740624157136,2.9607805332538235,3.96980789953812,0.5186334186830639,0.01062483897304335,0.0,on,connected,True,synthetic_device_spec_v11
synthetic_customer_002,cabinet_002,2026-09-07 07:50:00+00:00,0,0,0,0,True,True,False,24.105240707986155,-47.10299819689342,2.9781725907205634,4.072250919224819,0.0,0.010898349574041705,0.0,on,connected,True,synthetic_device_spec_v11
synthetic_customer_002,cabinet_002,2026-09-07 08:00:00+00:00,0,0,0,0,True,True,False,24.1905111884684,-46.23528696914098,2.998314703870441,3.907382467414679,0.43095773891608075,0.0,0.0,on,connected,True,synthetic_device_spec_v11
synthetic_customer_002,cabinet_002,2026-09-07 08:10:00+00:00,0,0,0,0,True,True,False,24.175602310224168,-48.493983005748596,2.971795980419681,4.090673317707607,0.0,0.014421656358440319,0.0,on,connected,True,synthetic_device_spec_v11
synthetic_customer_002,cabinet_002,2026-09-07 08:20:00+00:00,0,0,0,0,True,True,False,23.94996023568238,-49.02443707843872,2.987587891198798,3.9330785865801543,0.4994071542456671,0.02536379988307696,0.0,on,connected,True,synthetic_device_spec_v11
synthetic_customer_002,cabinet_002,2026-09-07 08:30:00+00:00,0,0,0,0,True,True,False,24.144354615343897,-46.894445541721666,3.0254344237422446,3.9612458294141493,0.7245879936936741,0.014457140636270571,0.02413650317850945,on,connected,True,synthetic_device_spec_v11
synthetic_customer_002,cabinet_002,2026-09-07 08:40:00+00:00,0,0,0,0,True,True,False,23.75675708952297,-48.77855443484565,3.0000767185740997,4.02975338498367,0.2790174268062078,0.001935696952266349,0.003037328727430363,on,connected,True,synthetic_device_spec_v11
synthetic_customer_002,cabinet_002,2026-09-07 08:50:00+00:00,0,0,0,0,True,True,False,24.19897711000038,-49.06576749901467,2.9973594688204614,3.885164111442059,0.0,0.03952699655245001,0.0,on,connected,True,synthetic_device_spec_v11
synthetic_customer_002,cabinet_002,2026-09-07 09:00:00+00:00,0,0,0,0,True,True,False,23.92636567509364,-47.88113550389392,2.996669060081041,3.9719354720665914,0.8043071602404263,0.0,0.0,on,connected,True,synthetic_device_spec_v11
synthetic_customer_002,cabinet_002,2026-09-07 09:10:00+00:00,0,0,0,0,True,True,False,23.8640778951316,-47.70433615350148,2.9902740289491536,3.9882745125263632,0.0674333417884347,0.015487211763733397,0.020913193909676484,on,connected,True,synthetic_device_spec_v11
synthetic_customer_002,cabinet_002,2026-09-07 09:20:00+00:00,0,0,0,0,True,True,False,23.81689353954651,-47.63163441640747,2.9964875669457776,4.116831942086561,0.0,0.0,0.0,on,connected,True,synthetic_device_spec_v11
synthetic_customer_002,cabinet_002,2026-09-07 09:30:00+00:00,0,0,0,0,True,True,False,23.949058355331942,-49.11940334423961,3.0168399947186084,4.0333488053798625,0.0,0.013352111177207813,0.0,on,connected,True,synthetic_device_spec_v11
synthetic_customer_002,cabinet_002,2026-09-07 09:40:00+00:00,0,0,0,0,True,True,False,23.981881083561852,-47.69773904849621,2.938995913571386,4.03147764422139,0.28056922703120907,0.01753972894736577,0.02275905842577507,on,connected,True,synthetic_device_spec_v11
synthetic_customer_002,cabinet_002,2026-09-07 09:50:00+00:00,0,0,0,0,True,True,False,23.956646000593434,-48.96699764012608,2.9923429189728834,3.948542509590444,0.0,0.0,0.008727646463751263,on,connected,True,synthetic_device_spec_v11
synthetic_customer_002,cabinet_002,2026-09-07 10:00:00+00:00,0,0,0,0,True,True,False,24.00318784283374,-48.47802001795468,2.9837442413186515,4.057965768560243,0.163810622245305,0.02034369658145087,0.01299377342494855,on,connected,True,synthetic_device_spec_v11
synthetic_customer_002,cabinet_002,2026-09-07 10:10:00+00:00,0,0,0,0,True,True,False,24.041160547887493,-50.10644977618325,3.006771279724173,4.113264102935204,0.011160308298205945,0.0,0.0,on,connected,True,synthetic_device_spec_v11
synthetic_customer_002,cabinet_002,2026-09-07 10:20:00+00:00,0,0,0,0,True,True,False,24.238873975131334,-46.80321034578373,3.042616950583583,3.9732416029925584,0.0,0.01066129401435652,0.02635347635097262,on,connected,True,synthetic_device_spec_v11
synthetic_customer_002,cabinet_002,2026-09-07 10:30:00+00:00,0,0,0,0,True,True,False,23.876659152069948,-49.88979983314996,2.9402394187291785,3.9885345924873747,0.0,0.03564810411660317,0.011024087421977092,on,connected,True,synthetic_device_spec_v11
synthetic_customer_002,cabinet_002,2026-09-07 10:40:00+00:00,0,0,0,0,True,True,False,24.26709679740305,-53.01757912628585,2.9224968389557455,4.100790689482355,0.5767453483710754,0.06324592300781025,0.0,on,connected,True,synthetic_device_spec_v11
synthetic_customer_002,cabinet_002,2026-09-07 10:50:00+00:00,0,0,0,0,True,True,False,23.911326134723577,-54.317900919056896,2.9774795719080696,4.054548113775378,0.11008407264668445,0.10935184040291455,0.0,on,connected,True,synthetic_device_spec_v11
synthetic_customer_002,cabinet_002,2026-09-07 11:00:00+00:00,0,0,0,0,True,True,False,24.052516957080954,-56.62375834409977,2.943498729808221,3.9731591210171207,0.0,0.11710618006559444,0.009782247088713943,on,connected,True,synthetic_device_spec_v11
synthetic_customer_002,cabinet_002,2026-09-07 11:10:00+00:00,0,0,0,0,True,True,False,23.88710688500357,-59.03319487608999,2.93748972819129,3.9388661527391275,0.34633091029658297,0.17538889000540372,0.003976889445121145,on,connected,True,synthetic_device_spec_v11
synthetic_customer_002,cabinet_002,2026-09-07 11:20:00+00:00,0,0,0,0,True,True,False,23.74458926110648,-60.005098560217014,3.0114343315313277,4.012298776532541,0.03586717514231439,0.2654137413488508,0.02232049327254248,on,connected,True,synthetic_device_spec_v11
synthetic_customer_002,cabinet_002,2026-09-07 11:30:00+00:00,0,0,0,0,True,True,False,23.258793552195048,-61.679957951245335,2.9774247263981346,4.034427987092223,0.0,0.24491427385562425,0.0,on,connected,True,synthetic_device_spec_v11
synthetic_customer_002,cabinet_002,2026-09-07 11:40:00+00:00,0,0,0,0,True,True,False,23.11408408868332,-62.635995779683306,2.9818631158456634,4.033130934519188,0.0,0.2879413081552874,0.017921380400207704,on,connected,True,synthetic_device_spec_v11
synthetic_customer_002,cabinet_002,2026-09-07 11:50:00+00:00,0,0,0,0,True,True,False,22.69457028346151,-63.17160410106487,3.0708323928181325,4.1169838304041955,0.0,0.3499270152830526,0.0,on,connected,True,synthetic_device_spec_v11
synthetic_customer_002,cabinet_002,2026-09-07 12:00:00+00:00,0,0,0,0,True,True,False,22.25888396524741,-67.70078908696017,2.9716037779536975,3.9805966423202293,0.08880268942380018,0.3325864579186483,0.029107137594285758,on,connected,True,synthetic_device_spec_v11
synthetic_customer_002,cabinet_002,2026-09-07 12:10:00+00:00,1,1,1,1,True,True,False,21.751300728007763,-70.13875918725832,2.9906117890219233,4.1402706530583595,0.13971336040390553,0.36998012704182326,0.001446438402796148,on,connected,True,synthetic_device_spec_v11
synthetic_customer_002,cabinet_002,2026-09-07 12:20:00+00:00,1,1,1,1,True,True,False,21.429392218202864,-72.1549856215214,2.987758164104525,3.918897209603903,0.32013312132399885,0.445454153074214,0.023663223940136487,on,connected,True,synthetic_device_spec_v11
synthetic_customer_002,cabinet_002,2026-09-07 12:30:00+00:00,1,1,1,1,True,True,False,20.981319490329454,-74.73562885852091,3.0592167966833665,4.1616422650984095,0.0,0.48453887145088276,0.05203071266772569,on,connected,True,synthetic_device_spec_v11
synthetic_customer_002,cabinet_002,2026-09-07 12:40:00+00:00,0,0,0,0,True,True,False,20.56699599177997,-76.15117211195953,3.046075438159403,4.050669259692499,0.0,0.50329880143377,0.0,on,connected,True,synthetic_device_spec_v11
synthetic_customer_002,cabinet_002,2026-09-07 12:50:00+00:00,0,0,0,0,True,True,False,20.241335945449414,-77.32233335844856,3.003256902259484,3.9881157644661123,0.0,0.5649848220998092,0.00026602128992972543,on,connected,True,synthetic_device_spec_v11
synthetic_customer_002,cabinet_002,2026-09-07 13:00:00+00:00,0,0,0,0,True,True,False,19.937153224192283,-79.32783928993133,3.0127088305107295,4.007378377902321,0.05540877598723789,0.5934095414365904,0.0,on,connected,True,synthetic_device_spec_v11
synthetic_customer_002,cabinet_002,2026-09-07 13:10:00+00:00,0,0,0,0,True,True,False,19.48412032890018,-83.41654868097,2.993339769243991,3.9870253701528,0.4461825772466791,0.6161523815579285,0.0,on,connected,True,synthetic_device_spec_v11
synthetic_customer_002,cabinet_002,2026-09-07 13:20:00+00:00,0,0,0,0,True,True,False,19.077085112757405,-81.14342105779248,3.0226659423889064,4.001224418764675,0.0,0.642977817508282,0.0,on,connected,True,synthetic_device_spec_v11
synthetic_customer_002,cabinet_002,2026-09-07 14:50:00+00:00,0,0,0,0,True,True,False,24.058124742756178,-48.53646033727822,2.764516394356864,4.091000612753886,0.6153908165251923,0.0,0.027665349187199983,on,connected,True,synthetic_device_spec_v11
synthetic_customer_002,cabinet_002,2026-09-07 15:00:00+00:00,0,0,0,0,True,True,False,23.963278291510708,-46.9851864612513,2.6611028329444806,3.9173215846823357,0.0,0.0,0.007763631808677112,on,connected,True,synthetic_device_spec_v11
synthetic_customer_002,cabinet_002,2026-09-07 15:10:00+00:00,0,0,0,0,True,True,False,24.115120457312432,-48.07356142687841,2.4821469145619317,4.050191321433527,0.0,0.0,0.006331576142167118,on,connected,True,synthetic_device_spec_v11
synthetic_customer_002,cabinet_002,2026-09-07 15:20:00+00:00,0,0,0,0,True,True,False,23.883332782230827,-48.51597898246314,2.4086625595430418,4.00298653779578,0.0,0.0,0.03489140466538116,on,connected,True,synthetic_device_spec_v11
synthetic_customer_002,cabinet_002,2026-09-07 15:30:00+00:00,0,0,0,0,True,True,False,23.988442510219034,-49.20782251862484,2.258719014266915,4.087891881885803,0.0,0.0,0.0,on,connected,True,synthetic_device_spec_v11
synthetic_customer_002,cabinet_002,2026-09-07 15:40:00+00:00,0,0,0,0,True,True,False,24.09235694429095,-48.890348171914994,2.150256550272067,4.0560220273225625,0.7275828074798768,0.03672120043998486,0.016373065563062533,on,connected,True,synthetic_device_spec_v11
synthetic_customer_002,cabinet_002,2026-09-07 15:50:00+00:00,0,0,0,0,True,True,False,24.04823627316091,-47.250993149085645,2.0103235239156247,3.958016302326224,0.3799579533279347,0.016536382581031888,0.019313571301308813,on,connected,True,synthetic_device_spec_v11
synthetic_customer_002,cabinet_002,2026-09-07 16:00:00+00:00,0,0,0,0,True,True,False,24.044937215749986,-48.65315025665493,1.9301276686397497,3.9461251188882605,0.7433745926837443,0.0,0.0,on,connected,True,synthetic_device_spec_v11
synthetic_customer_002,cabinet_002,2026-09-07 16:10:00+00:00,0,0,0,0,True,True,False,24.048212191027577,-46.60248622200635,1.7540635544670682,4.07594016226585,0.0,0.0,0.0,on,connected,True,synthetic_device_spec_v11
synthetic_customer_002,cabinet_002,2026-09-07 16:20:00+00:00,0,0,0,0,True,True,False,23.99045628101499,-47.038278512154804,1.5872273974781779,3.9051747942390405,0.6068046012295482,0.0,0.0,on,connected,True,synthetic_device_spec_v11
synthetic_customer_002,cabinet_002,2026-09-07 16:30:00+00:00,0,0,0,0,True,True,False,23.77841433794491,-47.47340445018826,1.4763488062108017,4.11898445155731,0.0,0.015858795622519458,0.005303543995323013,on,connected,True,synthetic_device_spec_v11
synthetic_customer_002,cabinet_002,2026-09-07 16:40:00+00:00,0,0,0,0,True,True,False,23.93516633120585,-46.169326717702276,1.3200394898369954,3.94643430769805,1.5416572882200097,0.014043466286469106,0.014870628612174069,on,connected,True,synthetic_device_spec_v11
synthetic_customer_002,cabinet_002,2026-09-07 16:50:00+00:00,0,0,0,0,True,True,False,24.040928374352003,-47.46430083683448,1.2519259257627302,4.028005400791158,0.5717209750071474,0.0,0.01574285191709659,on,connected,True,synthetic_device_spec_v11
synthetic_customer_002,cabinet_002,2026-09-07 17:00:00+00:00,0,0,0,0,True,True,False,23.93138229048105,-46.49626209383358,1.1044864316404923,3.986493280550509,1.3283281606459383,0.0,0.005339110801906212,on,connected,True,synthetic_device_spec_v11
synthetic_customer_002,cabinet_002,2026-09-07 17:10:00+00:00,0,0,0,0,True,True,False,23.918970302367878,-48.03461171243619,0.9909035656945628,4.026711327297736,0.3068569824970717,0.02392010155626704,0.0,on,connected,True,synthetic_device_spec_v11
synthetic_customer_002,cabinet_002,2026-09-07 17:20:00+00:00,0,0,0,0,True,True,False,24.084865517641134,-48.68657496794156,1.003867256260873,3.971631099670771,0.1546151356254208,0.0,0.0,on,connected,True,synthetic_device_spec_v11
synthetic_customer_002,cabinet_002,2026-09-07 17:30:00+00:00,0,0,0,0,True,True,False,24.02802516219237,-48.03896994633968,0.9726715768967779,3.901445488236527,0.5308730516978704,0.03446455336448357,0.014184783154446663,on,connected,True,synthetic_device_spec_v11
synthetic_customer_002,cabinet_002,2026-09-07 17:40:00+00:00,0,0,0,0,True,True,False,23.748164299065223,-48.68438597227159,0.958862656494942,3.9329596155784174,0.05268800430193619,0.027530421180105964,0.005714785962320951,on,connected,True,synthetic_device_spec_v11
synthetic_customer_002,cabinet_002,2026-09-07 17:50:00+00:00,0,0,0,0,True,True,False,23.996241308220107,-47.7905226300634,0.9700619893977513,4.03973711109848,0.0,0.0,0.0,on,connected,True,synthetic_device_spec_v11
synthetic_customer_002,cabinet_002,2026-09-07 18:00:00+00:00,0,0,0,0,True,True,False,23.918499220181165,-47.73963280036834,3.026851869543943,4.040187171070937,1.1034679662787459,0.0,0.012960043233660184,on,connected,True,synthetic_device_spec_v11
synthetic_customer_002,cabinet_002,2026-09-07 18:10:00+00:00,1,1,1,1,True,True,False,23.970238820721743,-49.628614138395875,2.942126135094526,3.998280068692505,2.1604164712654996,0.0010352800178828462,0.0,on,connected,True,synthetic_device_spec_v11
synthetic_customer_002,cabinet_002,2026-09-07 18:20:00+00:00,1,1,1,1,True,True,False,24.087272562471522,-47.853150345096516,2.998844747477811,3.9869619740860207,3.383059006063637,0.0,0.0,on,connected,True,synthetic_device_spec_v11
synthetic_customer_002,cabinet_002,2026-09-07 18:30:00+00:00,1,1,1,1,True,True,False,24.16122091838194,-48.99331977802861,2.99422403387743,3.969003469933526,5.048689086461035,0.0,0.0,on,connected,True,synthetic_device_spec_v11
synthetic_customer_002,cabinet_002,2026-09-07 18:40:00+00:00,0,0,0,0,True,True,False,24.002739048206813,-48.26241090357952,2.9823858534971333,3.934142765222119,6.0757554330500785,0.0,0.005471859235691561,on,connected,True,synthetic_device_spec_v11
synthetic_customer_002,cabinet_002,2026-09-07 18:50:00+00:00,0,0,0,0,True,True,False,24.009855761155293,-49.24762008294533,2.9513423566061947,4.029307062780343,7.483058635999422,0.0,0.0,on,connected,True,synthetic_device_spec_v11
synthetic_customer_002,cabinet_002,2026-09-07 19:00:00+00:00,0,0,0,0,True,True,False,24.09858356002625,-48.398055662643024,3.0355035538511346,4.031432741261579,10.129933309756224,0.019140840478926113,0.0,on,connected,True,synthetic_device_spec_v11
synthetic_customer_002,cabinet_002,2026-09-07 19:10:00+00:00,0,0,0,0,True,True,False,23.86245089475178,-47.43536375413463,2.9604034064231075,4.002345102325111,10.476929972746793,0.0,0.0,on,connected,True,synthetic_device_spec_v11
synthetic_customer_002,cabinet_002,2026-09-07 19:20:00+00:00,0,0,0,0,True,True,False,24.018359409250586,-48.179037209535096,3.023438675376594,4.128771096787429,11.179482418631961,0.0,0.0,on,connected,True,synthetic_device_spec_v11
synthetic_customer_002,cabinet_002,2026-09-07 19:30:00+00:00,0,0,0,0,True,True,False,23.912082876824087,-48.25287913384188,2.996410797775491,3.966609864619319,13.029720638243582,0.0,0.000916203268694351,on,connected,True,synthetic_device_spec_v11
synthetic_customer_002,cabinet_002,2026-09-07 19:40:00+00:00,0,0,0,0,True,True,False,23.818470385174592,-47.58714518215913,2.9708686137130424,3.9184035196283484,14.332291392062677,0.004233229598732169,0.0,on,connected,True,synthetic_device_spec_v11
synthetic_customer_002,cabinet_002,2026-09-07 19:50:00+00:00,0,0,0,0,True,True,False,23.900794053099386,-49.401750425316635,3.0542610735268845,4.122005958470618,15.987911176051762,0.0,0.0,on,connected,True,synthetic_device_spec_v11
synthetic_customer_002,cabinet_002,2026-09-07 20:00:00+00:00,0,0,0,0,True,True,False,24.061100818454264,-46.91786204752983,3.0359812462566675,3.9862257714660934,17.5997626474005,0.019874700820464903,0.0,on,connected,True,synthetic_device_spec_v11
synthetic_customer_002,cabinet_002,2026-09-07 20:10:00+00:00,0,0,0,0,True,True,False,24.06474241137306,-48.65852330317958,3.0172895505868516,4.014553838656033,17.907748114327113,0.042404409520291564,0.0,on,connected,True,synthetic_device_spec_v11
synthetic_customer_002,cabinet_002,2026-09-07 20:20:00+00:00,0,0,0,0,True,True,False,23.875642728933535,-45.130089404906336,3.040910869399789,3.9973090293113307,19.758997790668186,0.0527773043680874,0.0,on,connected,True,synthetic_device_spec_v11
synthetic_customer_002,cabinet_002,2026-09-07 20:30:00+00:00,0,0,0,0,True,True,False,23.90719354375416,-47.62759349369226,3.0165427239101903,3.9073379116908753,21.562155498590347,0.027041201934491273,0.0,on,connected,True,synthetic_device_spec_v11
synthetic_customer_002,cabinet_002,2026-09-07 20:40:00+00:00,0,0,0,0,True,True,False,24.08412331123452,-48.49100768898563,3.03760326632897,4.008530465339929,22.384943403927966,0.025888864344951336,0.0007131983665685142,on,connected,True,synthetic_device_spec_v11
synthetic_customer_002,cabinet_002,2026-09-07 20:50:00+00:00,0,0,0,0,True,True,False,24.163074787738296,-46.47251436995395,2.9417318449099876,3.8854304022857318,23.044229408232052,0.023648346383635024,0.0,on,connected,True,synthetic_device_spec_v11
synthetic_customer_002,cabinet_002,2026-09-07 21:00:00+00:00,0,0,0,0,True,True,False,24.05921742477385,-47.19333810061634,3.0175460359001276,3.9116165434488206,24.32929626644902,0.007298800569115513,0.0,on,connected,True,synthetic_device_spec_v11
synthetic_customer_002,cabinet_002,2026-09-07 21:10:00+00:00,0,0,0,0,True,True,False,23.913094237573425,-48.81350996586173,3.0451698610280644,3.9823523803912866,25.40154651690372,0.04556402707758849,0.004200169289567314,on,connected,True,synthetic_device_spec_v11
synthetic_customer_002,cabinet_002,2026-09-07 21:20:00+00:00,0,0,0,0,True,True,False,23.881407898622363,-47.53587432763301,2.9855973537244322,4.00508351997473,25.46688935126079,0.010035807968414096,0.005506353363076549,on,connected,True,synthetic_device_spec_v11
synthetic_customer_002,cabinet_002,2026-09-07 21:30:00+00:00,0,0,0,0,True,True,False,24.126675144422258,-47.46818673118929,2.998379086299003,4.016128836052669,24.34655373146952,0.030026223026066442,0.0,on,connected,True,synthetic_device_spec_v11
synthetic_customer_002,cabinet_002,2026-09-07 21:40:00+00:00,0,0,0,0,True,True,False,24.069345560694863,-47.13141726562927,2.954838210050073,4.013051342031431,25.056103425173383,0.0,0.0,on,connected,True,synthetic_device_spec_v11
synthetic_customer_002,cabinet_002,2026-09-07 21:50:00+00:00,0,0,0,0,True,True,False,23.992511915305737,-48.49358790306875,2.9108977125373503,3.9182498819812004,25.61994838248746,0.010220758762317823,0.02423863178734034,on,connected,True,synthetic_device_spec_v11
synthetic_customer_002,cabinet_002,2026-09-07 22:00:00+00:00,0,0,0,0,True,True,False,24.090673422060235,-48.68732130722333,3.036473226345931,4.114525354034293,24.131441180841076,0.0,0.0,on,connected,True,synthetic_device_spec_v11
synthetic_customer_002,cabinet_002,2026-09-07 22:10:00+00:00,0,0,0,0,True,True,False,23.99690590763902,-48.36273852616506,3.0512725640171063,4.024635164802575,25.216535405888017,0.0,0.0,on,connected,True,synthetic_device_spec_v11
synthetic_customer_002,cabinet_002,2026-09-07 22:20:00+00:00,0,0,0,0,True,True,False,24.160663290611094,-49.55327810055977,2.9951416221508453,4.028577620597658,0.5782847164008218,0.01764103096532941,0.048161241998646326,on,connected,True,synthetic_device_spec_v11
synthetic_customer_002,cabinet_002,2026-09-07 22:30:00+00:00,0,0,0,0,True,True,False,24.010602552349425,-48.45411401276559,3.0046918558950635,3.9192075749021407,0.44829614071712426,0.02043346704468289,0.008751414136511489,on,connected,True,synthetic_device_spec_v11
synthetic_customer_002,cabinet_002,2026-09-07 22:40:00+00:00,0,0,0,0,True,True,False,24.16348291894775,-48.23798658130459,2.987259763787367,3.9204789526981223,0.2657815178788665,0.03495075065055663,0.0,on,connected,True,synthetic_device_spec_v11
synthetic_customer_002,cabinet_002,2026-09-07 22:50:00+00:00,0,0,0,0,True,True,False,24.02701306205891,-48.16291906308017,3.0476812101487667,4.071199586610985,0.4164735865271039,0.01967740903844209,0.0025683329171773714,on,connected,True,synthetic_device_spec_v11
synthetic_customer_002,cabinet_002,2026-09-07 23:00:00+00:00,0,0,0,0,True,True,False,23.923360208997,-49.08759104826601,2.991652483686807,4.00306442469766,0.1822050508878783,0.01440211694387954,0.008555568152472522,on,connected,True,synthetic_device_spec_v11
synthetic_customer_002,cabinet_002,2026-09-07 23:10:00+00:00,0,0,0,0,True,True,False,23.98729645468659,-47.22681515138701,3.017359533485409,4.007699704866952,0.516660573991978,0.0,0.009803801187361075,on,connected,True,synthetic_device_spec_v11
synthetic_customer_002,cabinet_002,2026-09-07 23:20:00+00:00,0,0,0,0,True,True,False,24.022370367570478,-48.61278405012176,3.001662007174705,3.9839781061021635,0.3663737114235758,0.0,0.006963455428812809,on,connected,True,synthetic_device_spec_v11
synthetic_customer_002,cabinet_002,2026-09-07 23:30:00+00:00,0,0,0,0,True,True,False,24.055642384179194,-47.98877316115991,3.011853465108717,3.9553264291058334,0.05408720644872709,0.05916806209297476,0.018696399548548872,on,connected,True,synthetic_device_spec_v11
synthetic_customer_002,cabinet_002,2026-09-07 23:40:00+00:00,0,0,0,0,True,True,False,23.819818135044766,-48.3526597761148,2.973282428461456,3.9402368772380436,0.15835929019498732,0.0024441260556582385,0.0032966790921798972,on,connected,True,synthetic_device_spec_v11
synthetic_customer_002,cabinet_002,2026-09-07 23:50:00+00:00,0,0,0,0,True,True,False,24.057407294622347,-47.503562500604446,2.960711329279715,4.018315594860187,0.0,0.0,0.02653271478484831,on,connected,True,synthetic_device_spec_v11
synthetic_customer_002,cabinet_002,2026-09-08 00:00:00+00:00,0,0,0,0,True,True,False,24.057340366879323,-48.110071701484074,3.0414708146878957,3.8558606053850033,0.0,0.0,0.0,on,connected,True,synthetic_device_spec_v11
synthetic_customer_002,cabinet_002,2026-09-08 00:10:00+00:00,1,1,1,1,True,True,False,24.401309614037388,-48.16230841728503,3.0241655079386627,4.002273008661075,0.0,0.0,0.005194463332995708,on,connected,True,synthetic_device_spec_v11
synthetic_customer_002,cabinet_002,2026-09-08 00:20:00+00:00,1,1,1,1,True,True,False,24.158548829896915,-47.56555715081492,2.9883318500702463,3.9573660387314247,0.13903041768355995,0.005546617617684085,0.0011022480258833206,on,connected,True,synthetic_device_spec_v11
synthetic_customer_002,cabinet_002,2026-09-08 00:30:00+00:00,1,1,1,1,True,True,False,24.037620735843216,-47.290908072774506,2.9039118736826843,4.026834034603199,0.6035568981550388,0.0356864359136409,0.0,on,connected,True,synthetic_device_spec_v11
synthetic_customer_002,cabinet_002,2026-09-08 00:40:00+00:00,0,0,0,0,True,True,False,24.054598312549157,-49.50310639667564,2.913848450372748,4.060062402941347,0.0,0.02377352271657951,0.0,on,connected,True,synthetic_device_spec_v11
synthetic_customer_002,cabinet_002,2026-09-08 00:50:00+00:00,0,0,0,0,True,True,False,24.200469159232597,-48.499482239110286,2.753229152491155,4.000669915336947,0.0,0.042429348058375525,0.00240635446453269,on,connected,True,synthetic_device_spec_v11
synthetic_customer_002,cabinet_002,2026-09-08 01:00:00+00:00,0,0,0,0,True,True,False,24.0654440932029,-48.8916377803697,2.665325754480816,3.9465725160879463,0.0,0.0026704247401190175,0.005368056517800901,on,connected,True,synthetic_device_spec_v11
synthetic_customer_002,cabinet_002,2026-09-08 01:10:00+00:00,0,0,0,0,True,True,False,23.932349603075576,-50.14140211671012,2.6749765984494105,3.854314362832554,0.5668267811532672,0.0,0.019001287370298336,on,connected,True,synthetic_device_spec_v11
synthetic_customer_002,cabinet_002,2026-09-08 01:20:00+00:00,0,0,0,0,True,True,False,23.92283270058187,-49.358076598481645,2.594856958457025,4.046285030202189,0.0,0.031915979521093506,0.00730493377395025,on,connected,True,synthetic_device_spec_v11
synthetic_customer_002,cabinet_002,2026-09-08 01:30:00+00:00,0,0,0,0,True,True,False,23.95744385437706,-47.3874197545053,2.4586386494475767,4.024861084715665,0.0,0.00934802116680469,0.0,on,connected,True,synthetic_device_spec_v11
synthetic_customer_002,cabinet_002,2026-09-08 01:40:00+00:00,0,0,0,0,True,True,False,23.830205335613154,-48.572439930849555,2.379886606473329,3.9919911821845613,0.5888443493130116,0.0014257829979443773,0.0,on,connected,True,synthetic_device_spec_v11
synthetic_customer_002,cabinet_002,2026-09-08 01:50:00+00:00,0,0,0,0,True,True,False,23.99406231983382,-47.7086543245393,2.3782435140522598,3.986607042616271,0.0,0.027968981499441423,0.004225394294278859,on,connected,True,synthetic_device_spec_v11
synthetic_customer_002,cabinet_002,2026-09-08 02:00:00+00:00,0,0,0,0,True,True,False,23.754345360204937,-48.85949031905341,2.184559668928897,3.94404470841898,0.0,0.0,0.009442280474917115,on,connected,True,synthetic_device_spec_v11
synthetic_customer_002,cabinet_002,2026-09-08 02:10:00+00:00,0,0,0,0,True,True,False,23.90432008314109,-48.54896163106021,2.187805330253832,4.065799799012752,0.12170010846177207,0.0,0.01715779257459172,on,connected,True,synthetic_device_spec_v11
synthetic_customer_002,cabinet_002,2026-09-08 02:20:00+00:00,0,0,0,0,True,True,False,23.98180362946851,-48.43820645276169,2.2197547622286566,3.938274165933615,0.23138191220224252,0.0,0.0,on,connected,True,synthetic_device_spec_v11
synthetic_customer_002,cabinet_002,2026-09-08 02:30:00+00:00,0,0,0,0,True,True,False,24.121501067482022,-46.77446353507903,2.2247091428316224,3.9499479530167125,0.0,0.014651103533834007,0.013397803867952852,on,connected,True,synthetic_device_spec_v11
synthetic_customer_002,cabinet_002,2026-09-08 02:40:00+00:00,0,0,0,0,True,True,False,24.032705814168345,-47.34962541517415,2.24557530921686,3.9508139372112967,0.0,0.0,0.030948537674384553,on,connected,True,synthetic_device_spec_v11
synthetic_customer_002,cabinet_002,2026-09-08 02:50:00+00:00,0,0,0,0,True,True,False,23.963798999868594,-47.73743971440667,2.2095978367719904,3.9627987377854907,0.7367029933704503,0.0,0.013464947888664364,on,connected,True,synthetic_device_spec_v11
synthetic_customer_002,cabinet_002,2026-09-08 03:00:00+00:00,0,0,0,0,True,True,False,23.988826190831237,-48.64183121947835,2.2323023283531307,4.05570641034144,0.5322444208945656,0.007842618775943529,0.0,on,connected,True,synthetic_device_spec_v11
synthetic_customer_002,cabinet_002,2026-09-08 03:10:00+00:00,0,0,0,0,True,True,False,24.02381558029803,-48.09948335836614,3.0407689739345707,4.038386304264346,0.0,0.0,0.038449148488307085,on,connected,True,synthetic_device_spec_v11
synthetic_customer_002,cabinet_002,2026-09-08 03:20:00+00:00,0,0,0,0,True,True,False,24.01374720321942,-48.29656505433581,3.0299951783798686,3.980937383444131,0.0,0.010519093073960213,0.02168192420076031,on,connected,True,synthetic_device_spec_v11
synthetic_customer_002,cabinet_002,2026-09-08 03:30:00+00:00,0,0,0,0,True,True,False,24.056862882812972,-46.502832045622476,2.960484513580644,3.914533720951549,0.04976119569658752,0.0,0.0,on,connected,True,synthetic_device_spec_v11
synthetic_customer_002,cabinet_002,2026-09-08 03:40:00+00:00,0,0,0,0,True,True,False,24.259661218187258,-49.252655895529195,2.9206737443172353,4.042137489130531,0.0,0.018281483809671425,0.0,on,connected,True,synthetic_device_spec_v11
synthetic_customer_002,cabinet_002,2026-09-08 03:50:00+00:00,0,0,0,0,True,True,False,24.072717565953692,-47.551993949835214,3.01005876993096,4.03781115738202,0.0,0.0272499083020317,0.0,on,connected,True,synthetic_device_spec_v11
synthetic_customer_002,cabinet_002,2026-09-08 04:00:00+00:00,0,0,0,0,True,True,False,24.052729334840166,-48.62673658691623,3.06198259724899,4.067513237023852,1.0855583278045728,0.0,0.019077342879949638,on,connected,True,synthetic_device_spec_v11
synthetic_customer_002,cabinet_002,2026-09-08 04:10:00+00:00,0,0,0,0,True,True,False,24.13069963814674,-48.006170409938406,2.97525396463887,4.021818520544632,0.11441655789010832,0.0038431534115634597,0.0,on,connected,True,synthetic_device_spec_v11
synthetic_customer_002,cabinet_002,2026-09-08 04:20:00+00:00,0,0,0,0,True,True,False,23.993877434227553,-47.97281811641698,2.9716999834265305,3.9558337433090065,0.0,0.0,0.0,on,connected,True,synthetic_device_spec_v11
synthetic_customer_002,cabinet_002,2026-09-08 04:30:00+00:00,0,0,0,0,True,True,False,23.9914479961452,-47.73947032100388,2.985164266347301,3.914663857326575,0.0,0.0,0.0,on,connected,True,synthetic_device_spec_v11
synthetic_customer_002,cabinet_002,2026-09-08 04:40:00+00:00,0,0,0,0,True,True,False,23.92072868511804,-47.23550456873783,3.0066143584747853,3.970439017296167,0.2772528069303343,0.006105564242481466,0.0,on,connected,True,synthetic_device_spec_v11
synthetic_customer_002,cabinet_002,2026-09-08 04:50:00+00:00,0,0,0,0,True,True,False,23.706448357342936,-47.76608073139169,2.9764596046875265,4.069380672315272,0.0,0.0,0.0,on,connected,True,synthetic_device_spec_v11
synthetic_customer_002,cabinet_002,2026-09-08 05:00:00+00:00,0,0,0,0,True,True,False,24.32705512477632,-48.649406395011894,3.038780882396825,3.9909794849964584,0.17798686167492844,0.03775017138831583,0.0,on,connected,True,synthetic_device_spec_v11
synthetic_customer_002,cabinet_002,2026-09-08 05:10:00+00:00,0,0,0,0,True,True,False,23.858022814012017,-49.63835380397611,3.041307548016547,4.015095138511847,0.9397626742466637,0.0,0.0,on,connected,True,synthetic_device_spec_v11
synthetic_customer_002,cabinet_002,2026-09-08 05:20:00+00:00,0,0,0,0,True,True,False,24.126816757681972,-48.99427898480738,2.966146078813827,3.9250224868230257,0.0,0.01429160329476039,0.0,on,connected,True,synthetic_device_spec_v11
synthetic_customer_002,cabinet_002,2026-09-08 05:30:00+00:00,0,0,0,0,True,True,False,24.017703382002715,-48.4867125038064,3.0542874734865713,4.004384905476628,0.0,0.0004945560161976773,0.0,on,connected,True,synthetic_device_spec_v11
synthetic_customer_002,cabinet_002,2026-09-08 05:40:00+00:00,0,0,0,0,True,True,False,23.780161374581283,-48.05015188176148,3.0247747244445042,4.017980457644346,0.3681367196560333,0.007154080666177589,0.0,on,connected,True,synthetic_device_spec_v11
synthetic_customer_002,cabinet_002,2026-09-08 05:50:00+00:00,0,0,0,0,True,True,False,23.9860562420539,-46.83800443512184,2.983815391014795,4.038343083295842,0.44040519248736343,0.0058971832379665036,0.0209581946939205,on,connected,True,synthetic_device_spec_v11
synthetic_customer_002,cabinet_002,2026-09-08 06:00:00+00:00,0,0,0,0,True,True,False,24.277578715380706,-48.03897078121253,2.9966295420704174,4.015068478748681,0.08599970413807351,0.015382747443670903,0.0,on,connected,True,synthetic_device_spec_v11
synthetic_customer_002,cabinet_002,2026-09-08 06:10:00+00:00,1,1,1,1,True,True,False,24.06198429403257,-48.33034825654029,3.0171844754739983,4.058619411752318,0.05130913010210106,0.0,0.0,on,connected,True,synthetic_device_spec_v11
synthetic_customer_002,cabinet_002,2026-09-08 06:20:00+00:00,1,1,1,1,True,True,False,23.97432426249902,-47.27265066485682,2.9882224932884602,3.8587068057501783,0.0,0.04015279176796918,0.0,on,connected,True,synthetic_device_spec_v11
synthetic_customer_002,cabinet_002,2026-09-08 06:30:00+00:00,1,1,1,1,True,True,False,24.05819026343899,-49.73951746641039,2.9729952216750473,4.064207323913853,0.15552626431376299,0.0,0.007548406775137805,on,connected,True,synthetic_device_spec_v11
synthetic_customer_002,cabinet_002,2026-09-08 06:40:00+00:00,0,0,0,0,True,True,False,23.867897747764182,-49.4647884741773,3.003790291970583,3.990255704128598,0.07064414069704962,0.0,0.0,on,connected,True,synthetic_device_spec_v11
synthetic_customer_002,cabinet_002,2026-09-08 06:50:00+00:00,0,0,0,0,True,True,False,24.18066760225876,-47.788327368306895,3.0118518719842515,3.9438004108269755,0.0,0.0,0.014522588963882796,on,connected,True,synthetic_device_spec_v11
synthetic_customer_002,cabinet_002,2026-09-08 07:00:00+00:00,0,0,0,0,True,True,False,24.076656656553318,-47.65675892627431,2.989213038638411,4.050717799262368,0.10341736900104856,0.0125456467816543,0.0,on,connected,True,synthetic_device_spec_v11
synthetic_customer_002,cabinet_002,2026-09-08 07:10:00+00:00,0,0,0,0,True,True,False,24.19993974404094,-47.35650513020466,2.9764655835936074,3.9629794318003033,0.0,0.0,0.007763594456599417,on,connected,True,synthetic_device_spec_v11
synthetic_customer_002,cabinet_002,2026-09-08 07:20:00+00:00,0,0,0,0,True,True,False,24.09705314610003,-47.270563109140475,2.958586391515284,3.9270832973016803,0.10388634235000721,0.0,0.0,on,connected,True,synthetic_device_spec_v11
synthetic_customer_002,cabinet_002,2026-09-08 07:30:00+00:00,0,0,0,0,True,True,False,24.229511093845687,-48.242487896437446,3.002792531084046,3.9683545799692364,0.0,0.005051649665578282,0.010064978117328566,on,connected,True,synthetic_device_spec_v11
synthetic_customer_002,cabinet_002,2026-09-08 07:40:00+00:00,0,0,0,0,True,True,False,23.965276019908483,-47.898024005783434,2.9292459937457216,4.035706158916178,0.006127455752636807,0.020654030437727473,0.0040299512571027665,on,connected,True,synthetic_device_spec_v11
synthetic_customer_002,cabinet_002,2026-09-08 07:50:00+00:00,0,0,0,0,True,True,False,23.89278926528852,-48.908879137534946,3.01396519512641,4.024829485732835,0.16237558217672943,0.0,0.03838607773637665,on,connected,True,synthetic_device_spec_v11
synthetic_customer_002,cabinet_002,2026-09-08 08:00:00+00:00,0,0,0,0,True,True,False,24.175200223941253,-46.97858407369147,3.061671630285051,3.893263818653725,0.0,0.0,0.002260210444254326,on,connected,True,synthetic_device_spec_v11
synthetic_customer_002,cabinet_002,2026-09-08 08:10:00+00:00,0,0,0,0,True,True,False,24.155803081323935,-47.76665259085539,2.9670032767472634,3.9960007068577323,0.0,0.0,0.009541219199289196,on,connected,True,synthetic_device_spec_v11
synthetic_customer_002,cabinet_002,2026-09-08 08:20:00+00:00,0,0,0,0,True,True,False,23.73566062372552,-48.92426578093321,3.048878713686184,3.9785915492971453,0.2732981780826293,0.007273825504467555,0.0,on,connected,True,synthetic_device_spec_v11
synthetic_customer_002,cabinet_002,2026-09-08 08:30:00+00:00,0,0,0,0,True,True,False,23.949708418221174,-48.22056198629588,2.981435171332332,4.045624146708357,0.0,0.0,0.0,on,connected,True,synthetic_device_spec_v11
synthetic_customer_002,cabinet_002,2026-09-08 08:40:00+00:00,0,0,0,0,True,True,False,23.783910147199766,-48.739905497048554,3.0396485278529157,3.9822660063964124,0.1611205209111397,0.0,0.02296082511143123,on,connected,True,synthetic_device_spec_v11
synthetic_customer_002,cabinet_002,2026-09-08 08:50:00+00:00,0,0,0,0,True,True,False,23.9489976700393,-48.072401827906894,2.9822162988395777,3.978823050882843,0.04833683296385758,0.0,5.823717416464497e-05,on,connected,True,synthetic_device_spec_v11
synthetic_customer_002,cabinet_002,2026-09-08 09:00:00+00:00,0,0,0,0,True,True,False,23.923460921172605,-48.32863436134937,3.046248604685387,3.9938697332648196,0.35128691906871506,0.02811292546441877,0.0,on,connected,True,synthetic_device_spec_v11
synthetic_customer_002,cabinet_002,2026-09-08 09:10:00+00:00,0,0,0,0,True,True,False,24.064456973048724,-47.52635591317144,2.9916768080946703,4.065482830855094,0.6332835773313873,0.0,0.0,on,connected,True,synthetic_device_spec_v11
synthetic_customer_002,cabinet_002,2026-09-08 09:20:00+00:00,0,0,0,0,True,True,False,24.054344055161764,-50.18400174105241,2.9862461006680103,4.061404475382481,0.635254025198506,0.008290869875349705,0.0,on,connected,True,synthetic_device_spec_v11
synthetic_customer_002,cabinet_002,2026-09-08 09:30:00+00:00,0,0,0,0,True,True,False,23.865105265696105,-48.002995328780564,3.023373595938312,4.029067232891059,0.0,5.868794601313781e-05,0.0,on,connected,True,synthetic_device_spec_v11
synthetic_customer_002,cabinet_002,2026-09-08 09:40:00+00:00,0,0,0,0,True,True,False,23.9028101941613,-48.87491845190603,2.9804385441910006,3.924636576575724,0.0,0.0,0.0,on,connected,True,synthetic_device_spec_v11
synthetic_customer_002,cabinet_002,2026-09-08 09:50:00+00:00,0,0,0,0,True,True,False,23.978267647093844,-48.663815773266535,3.030612840870655,4.17224155373358,0.0,0.02512704719038765,0.006899417675824039,on,connected,True,synthetic_device_spec_v11
synthetic_customer_002,cabinet_002,2026-09-08 10:00:00+00:00,0,0,0,0,True,True,False,24.12131940643002,-47.04510191989586,2.99397168529006,3.9941109560794104,0.20670868154269764,0.0,0.014646179910120702,on,connected,True,synthetic_device_spec_v11
synthetic_customer_002,cabinet_002,2026-09-08 10:10:00+00:00,0,0,0,0,True,True,False,23.96268609314384,-49.01768889512567,3.012846590167841,4.0108765468775545,0.37862838609114285,0.057268427605395814,0.020444844132600545,on,connected,True,synthetic_device_spec_v11
synthetic_customer_002,cabinet_002,2026-09-08 10:20:00+00:00,0,0,0,0,True,True,False,24.02411204872304,-47.62788670422862,3.0126748561151353,3.92421882129516,0.0,0.0,0.025074932765543186,on,connected,True,synthetic_device_spec_v11
synthetic_customer_002,cabinet_002,2026-09-08 10:30:00+00:00,0,0,0,0,True,True,False,24.029075913798064,-45.27587317191185,2.97343607221213,4.118547703496942,0.29099206721639476,0.019466590630746627,0.009778531782722553,on,connected,True,synthetic_device_spec_v11
synthetic_customer_002,cabinet_002,2026-09-08 10:40:00+00:00,0,0,0,0,True,True,False,23.825118149670786,-47.22244496711262,2.9673944525149945,4.303986177074052,0.7423065889757174,0.0,0.0521395609893595,on,connected,True,synthetic_device_spec_v11
synthetic_customer_002,cabinet_002,2026-09-08 10:50:00+00:00,0,0,0,0,True,True,False,24.0283489919982,-50.18100931446631,2.9955467990784457,4.545989561294552,0.022802649030116282,0.0,0.08952920760970653,on,connected,True,synthetic_device_spec_v11
synthetic_customer_002,cabinet_002,2026-09-08 11:00:00+00:00,0,0,0,0,True,True,False,24.14673971949111,-47.33659041620054,2.997067453683753,4.758087100338826,0.0,0.014992260809324715,0.09497206553940078,on,connected,True,synthetic_device_spec_v11
synthetic_customer_002,cabinet_002,2026-09-08 11:10:00+00:00,0,0,0,0,True,True,False,23.663101155918078,-48.29311923290846,2.9676573392800907,4.836784871751883,0.0,0.0,0.13263895620803773,on,connected,True,synthetic_device_spec_v11
synthetic_customer_002,cabinet_002,2026-09-08 11:20:00+00:00,0,0,0,0,True,True,False,23.475424917062703,-47.62592925158553,3.0002123465425146,5.1240718159924254,0.10934066665763684,0.06366801884425687,0.1298768354167213,on,connected,True,synthetic_device_spec_v11
synthetic_customer_002,cabinet_002,2026-09-08 11:30:00+00:00,0,0,0,0,True,True,False,23.344545329385166,-46.079661787175176,3.062140228876345,5.304011922618424,0.08605289703529471,0.0,0.17009855219928696,on,connected,True,synthetic_device_spec_v11
synthetic_customer_002,cabinet_002,2026-09-08 11:40:00+00:00,0,0,0,0,True,True,False,22.978013722223118,-47.88998850264982,3.0270729514888837,5.520376365931922,0.6477380063332017,0.06525289679069961,0.20396165087639978,on,connected,True,synthetic_device_spec_v11
synthetic_customer_002,cabinet_002,2026-09-08 11:50:00+00:00,0,0,0,0,True,True,False,22.631319728110167,-48.2670013831479,3.0190318341671794,5.722263552085628,0.0,0.011406169180524192,0.22174291509386573,on,connected,True,synthetic_device_spec_v11
synthetic_customer_002,cabinet_002,2026-09-08 12:00:00+00:00,0,0,0,0,True,True,False,22.350028804147808,-47.712554910120204,2.94131830211741,5.903272773062292,0.0,0.0,0.22781282780655432,on,connected,True,synthetic_device_spec_v11
synthetic_customer_002,cabinet_002,2026-09-08 12:10:00+00:00,1,1,1,1,True,True,False,22.128273989019963,-48.91395623738201,3.0435503727880704,6.044890139833721,0.6269243284497026,0.06252098794889259,0.27540481493491703,on,connected,True,synthetic_device_spec_v11
synthetic_customer_002,cabinet_002,2026-09-08 12:20:00+00:00,1,1,1,1,True,True,False,21.818986919532758,-48.38208138595016,3.0275379024773104,6.306900667496311,0.17191378268495897,0.01252449631331456,0.28889941673173397,on,connected,True,synthetic_device_spec_v11
synthetic_customer_002,cabinet_002,2026-09-08 12:30:00+00:00,1,1,1,1,True,True,False,21.490165935169983,-47.55637260790609,3.0006968829076572,6.4013832499485925,0.0,0.0,0.34074972522209745,on,connected,True,synthetic_device_spec_v11
synthetic_customer_002,cabinet_002,2026-09-08 12:40:00+00:00,0,0,0,0,True,True,False,21.44480628981871,-47.59602545538595,2.9123560734349945,6.644527300852964,0.0,0.0,0.364251981026137,on,connected,True,synthetic_device_spec_v11
synthetic_customer_002,cabinet_002,2026-09-08 12:50:00+00:00,0,0,0,0,True,True,False,20.970229058937946,-48.65524281209772,2.960455658893441,6.764279491794642,0.5201813851544664,0.017203555303079984,0.36527998967619074,on,connected,True,synthetic_device_spec_v11
synthetic_customer_002,cabinet_002,2026-09-08 13:00:00+00:00,0,0,0,0,True,True,False,20.926941677145216,-48.34251442787837,3.0601184206424357,6.9140030797928755,0.0,0.011848392202046453,0.40640267652714385,on,connected,True,synthetic_device_spec_v11
synthetic_customer_002,cabinet_002,2026-09-08 13:10:00+00:00,0,0,0,0,True,True,False,20.75522172624311,-48.24399281600346,2.9602442155083413,6.888798542290645,0.0,0.0,0.39050899078818874,on,connected,True,synthetic_device_spec_v11
synthetic_customer_002,cabinet_002,2026-09-08 13:20:00+00:00,0,0,0,0,True,True,False,20.61587148361171,-49.30229743882279,2.923878583920475,7.007370419822269,0.0,0.0,0.41092612710238063,on,connected,True,synthetic_device_spec_v11
synthetic_customer_002,cabinet_002,2026-09-08 13:30:00+00:00,0,0,0,0,True,True,False,20.166311560917823,-47.411562304638956,2.9271629117844062,6.9672500654740555,0.0,0.0,0.40647351076607713,on,connected,True,synthetic_device_spec_v11
synthetic_customer_002,cabinet_002,2026-09-08 13:40:00+00:00,0,0,0,0,True,True,False,19.715686413370612,-47.833315852592655,3.011645219992278,7.127508742574718,0.0,0.0,0.379292947774141,on,connected,True,synthetic_device_spec_v11
synthetic_customer_002,cabinet_002,2026-09-08 13:50:00+00:00,0,0,0,0,True,True,False,19.51508157568385,-47.712454002543986,3.078560049131932,6.968462235108169,0.0,0.011890788627757274,0.4138482779804487,on,connected,True,synthetic_device_spec_v11
synthetic_customer_002,cabinet_002,2026-09-08 14:00:00+00:00,0,0,0,0,True,True,False,19.433836229949733,-49.75887164723052,2.9564506401565125,6.896664627400767,0.0,0.018465889850227353,0.40825686090962904,on,connected,True,synthetic_device_spec_v11
synthetic_customer_002,cabinet_002,2026-09-08 14:10:00+00:00,0,0,0,0,True,True,False,19.121674805211953,-47.68891428695648,2.952865657726996,6.9856748683053995,0.0,0.0,0.4111605284388305,on,connected,True,synthetic_device_spec_v11
synthetic_customer_002,cabinet_002,2026-09-08 14:20:00+00:00,0,0,0,0,True,True,False,18.759657342499445,-49.371462137701826,3.027266230778085,7.040427917818632,0.0,0.0,0.38819365510862947,on,connected,True,synthetic_device_spec_v11
synthetic_customer_002,cabinet_002,2026-09-08 15:30:00+00:00,0,0,0,0,True,True,False,24.16468903395822,-49.86359076742523,3.002274171034177,3.9381345200084508,0.0,0.0,0.0,on,connected,True,synthetic_device_spec_v11
synthetic_customer_002,cabinet_002,2026-09-08 15:40:00+00:00,0,0,0,0,True,True,False,23.91196306966998,-48.55988752677635,3.0281561018398597,4.030241086743862,0.48215703676108956,0.0,0.03566792233494531,on,connected,True,synthetic_device_spec_v11
synthetic_customer_002,cabinet_002,2026-09-08 15:50:00+00:00,0,0,0,0,True,True,False,23.938165637560715,-47.65417105397978,3.038370275446426,3.9855794393540056,0.0,0.0,0.0,on,connected,True,synthetic_device_spec_v11
synthetic_customer_002,cabinet_002,2026-09-08 16:00:00+00:00,0,0,0,0,True,True,False,23.820425899233676,-48.332237702426205,3.0648254779089914,3.902366209649091,0.0,0.0,0.0,on,connected,True,synthetic_device_spec_v11
synthetic_customer_002,cabinet_002,2026-09-08 16:10:00+00:00,0,0,0,0,True,True,False,24.191578966691026,-47.49962147645164,3.062772046492613,3.984815205162859,0.8169154774156314,0.0,0.0,on,connected,True,synthetic_device_spec_v11
synthetic_customer_002,cabinet_002,2026-09-08 16:20:00+00:00,0,0,0,0,True,True,False,24.267784315773472,-47.47494620049673,3.013155943035211,4.078503237890239,0.13659037566727908,0.0,0.021453965152298343,on,connected,True,synthetic_device_spec_v11
synthetic_customer_002,cabinet_002,2026-09-08 16:30:00+00:00,0,0,0,0,True,True,False,24.061611378121327,-47.698075343612295,2.971565256164527,4.026951400772412,0.0,0.0,0.026444512165219775,on,connected,True,synthetic_device_spec_v11
synthetic_customer_002,cabinet_002,2026-09-08 16:40:00+00:00,0,0,0,0,True,True,False,24.031895092061028,-48.07850043366007,2.996866927704437,4.109376144664683,0.14486062227562116,0.023529187300008917,0.01751863634305996,on,connected,True,synthetic_device_spec_v11
synthetic_customer_002,cabinet_002,2026-09-08 16:50:00+00:00,0,0,0,0,True,True,False,23.79276074506289,-48.41829044735191,3.0827987431674777,4.024285462333361,0.0,0.007817306067256398,0.015420640961371688,on,connected,True,synthetic_device_spec_v11
synthetic_customer_002,cabinet_002,2026-09-08 17:00:00+00:00,0,0,0,0,True,True,False,23.99664179624635,-46.59025171782788,3.0392575345017585,4.1235601617647575,0.28353916733172224,0.0,0.0,on,connected,True,synthetic_device_spec_v11
synthetic_customer_002,cabinet_002,2026-09-08 17:10:00+00:00,0,0,0,0,True,True,False,23.907207226310803,-48.95625643484102,2.9703028671436473,4.068391545491358,0.0,0.0,0.0,on,connected,True,synthetic_device_spec_v11
synthetic_customer_002,cabinet_002,2026-09-08 17:20:00+00:00,0,0,0,0,True,True,False,24.147927663152316,-48.169720288251796,3.0331765804998105,3.947038962145878,0.0,0.0,0.014948291056617106,on,connected,True,synthetic_device_spec_v11
synthetic_customer_002,cabinet_002,2026-09-08 17:30:00+00:00,0,0,0,0,True,True,False,23.919547143935205,-48.58813739483809,2.9915742705803,3.98701913917997,0.0,0.023240793207619806,0.03315969740756241,on,connected,True,synthetic_device_spec_v11
synthetic_customer_002,cabinet_002,2026-09-08 17:40:00+00:00,0,0,0,0,True,True,False,23.919166383528324,-48.87618481383747,2.956357228111304,3.8672598184500058,0.0,0.0076907306752561945,0.02750025227422377,on,connected,True,synthetic_device_spec_v11
synthetic_customer_002,cabinet_002,2026-09-08 17:50:00+00:00,0,0,0,0,True,True,False,23.962858420101064,-49.59409108775371,3.0776322101036016,3.966901101612114,1.3568849877375324,0.03550849151020725,0.007808043053118742,on,connected,True,synthetic_device_spec_v11
synthetic_customer_002,cabinet_002,2026-09-08 18:00:00+00:00,0,0,0,0,True,True,False,24.097715536153473,-48.69938238359642,2.9795355166108033,3.981081173949523,0.9432257740739876,0.0,0.0,on,connected,True,synthetic_device_spec_v11
synthetic_customer_002,cabinet_002,2026-09-08 18:10:00+00:00,1,1,1,1,True,True,False,23.95747327154778,-47.98719347845497,3.035151520531856,4.125751384499258,0.32048045223754773,0.005483068191055255,0.03930457886856091,on,connected,True,synthetic_device_spec_v11
synthetic_customer_002,cabinet_002,2026-09-08 18:20:00+00:00,1,1,1,1,True,True,False,23.911004951313707,-49.33150199892972,2.9574549106264043,4.107236258090405,0.0,0.03183717821011133,0.04248630355796405,on,connected,True,synthetic_device_spec_v11
synthetic_customer_002,cabinet_002,2026-09-08 18:30:00+00:00,1,1,1,1,True,True,False,23.996874075475056,-47.77744423314821,3.023845118612666,3.9589180636703527,0.2511044636017425,0.021002359507463413,0.006105674830295804,on,connected,True,synthetic_device_spec_v11
synthetic_customer_002,cabinet_002,2026-09-08 18:40:00+00:00,0,0,0,0,True,True,False,23.985872894114365,-47.843424126062374,3.088029241397692,3.979262995572692,0.41671365009329364,0.039865782462012604,0.0,on,connected,True,synthetic_device_spec_v11
synthetic_customer_002,cabinet_002,2026-09-08 18:50:00+00:00,0,0,0,0,True,True,False,24.04278317274707,-46.92932862699946,3.0682238020467327,3.9912705410097633,0.19622199852613018,0.0,0.024834199544429576,on,connected,True,synthetic_device_spec_v11
synthetic_customer_002,cabinet_002,2026-09-08 19:00:00+00:00,0,0,0,0,True,True,False,23.89402018605085,-48.45486360757627,3.025558138743431,4.03762145076244,0.46888843662022106,0.005031177878440816,0.0,on,connected,True,synthetic_device_spec_v11
synthetic_customer_002,cabinet_002,2026-09-08 19:10:00+00:00,0,0,0,0,True,True,False,23.798949296149047,-49.00192240567979,3.0095764812989203,3.991159184209803,0.0,0.011599417258908904,0.0013946207157063495,on,connected,True,synthetic_device_spec_v11
synthetic_customer_002,cabinet_002,2026-09-08 19:20:00+00:00,0,0,0,0,True,True,False,24.000351342492422,-48.519839378986326,2.9984469460996728,4.071908318224615,0.0,0.03414215608732852,0.0,on,connected,True,synthetic_device_spec_v11
synthetic_customer_002,cabinet_002,2026-09-08 19:30:00+00:00,0,0,0,0,True,True,False,24.079038462685446,-47.72600578671189,3.0499017604350143,4.081804565973208,0.0,4.855929659138585e-05,0.0,on,connected,True,synthetic_device_spec_v11
synthetic_customer_002,cabinet_002,2026-09-08 19:40:00+00:00,0,0,0,0,True,True,False,23.94999897947018,-47.74867890950154,2.949946331110437,3.9524704212464865,0.25283732813900783,0.0,0.0,on,connected,True,synthetic_device_spec_v11
synthetic_customer_002,cabinet_002,2026-09-08 19:50:00+00:00,0,0,0,0,True,True,False,24.153858403543204,-48.20421606665266,3.0077462621404507,3.9410743628432012,0.5610905990560494,0.0,0.015265602010515985,on,connected,True,synthetic_device_spec_v11
synthetic_customer_002,cabinet_002,2026-09-08 20:00:00+00:00,0,0,0,0,True,True,False,23.932902900433003,-49.110094281419826,3.014690589698175,4.0148870494918985,0.0,0.060627251565932364,0.020600335992160535,on,connected,True,synthetic_device_spec_v11
synthetic_customer_002,cabinet_002,2026-09-08 20:10:00+00:00,0,0,0,0,True,True,False,24.126608355992634,-52.52270104308745,3.0544513936434883,4.058289604743791,0.0,0.06825587247559517,0.0,on,connected,True,synthetic_device_spec_v11
synthetic_customer_002,cabinet_002,2026-09-08 20:20:00+00:00,0,0,0,0,True,True,False,24.094589819286263,-54.88360852993226,2.955050643875733,3.994764181698613,0.5024894877142132,0.17743948295807227,0.014997407905491566,on,connected,True,synthetic_device_spec_v11
synthetic_customer_002,cabinet_002,2026-09-08 20:30:00+00:00,0,0,0,0,True,True,False,23.758946063362224,-57.93121087883531,2.9643550735248327,4.041386529508242,0.0,0.1433227023598733,0.00975181441235352,on,connected,True,synthetic_device_spec_v11
synthetic_customer_002,cabinet_002,2026-09-08 20:40:00+00:00,0,0,0,0,True,True,False,24.003353577215933,-60.94538077292959,3.0306107171308656,4.056832998994951,0.1585077887814941,0.26343455132031746,0.0,on,connected,True,synthetic_device_spec_v11
synthetic_customer_002,cabinet_002,2026-09-08 20:50:00+00:00,0,0,0,0,True,True,False,23.755768327039124,-63.62517135017265,2.9437929904962936,4.02170761424558,0.0,0.25640154094971307,0.0,on,connected,True,synthetic_device_spec_v11
synthetic_customer_002,cabinet_002,2026-09-08 21:00:00+00:00,0,0,0,0,True,True,False,23.911354482529653,-66.71696429027241,3.0129620026542283,4.061856986337034,0.0,0.31835066984039273,0.0,on,connected,True,synthetic_device_spec_v11
synthetic_customer_002,cabinet_002,2026-09-08 21:10:00+00:00,0,0,0,0,True,True,False,24.007833295061886,-68.46424861630662,2.979049512081925,4.022655013426566,0.2017607579322771,0.4049659058912876,0.00508290258943655,on,connected,True,synthetic_device_spec_v11
synthetic_customer_002,cabinet_002,2026-09-08 21:20:00+00:00,0,0,0,0,True,True,False,23.961387528584815,-71.04219094985612,3.0525466807585016,4.025179214980805,0.0,0.4362762677562143,0.0,on,connected,True,synthetic_device_spec_v11
synthetic_customer_002,cabinet_002,2026-09-08 21:30:00+00:00,0,0,0,0,True,True,False,24.165840037271693,-76.59491728940829,3.027947426382988,3.9820456569388063,0.9865834805092163,0.507040084285304,0.0,on,connected,True,synthetic_device_spec_v11
synthetic_customer_002,cabinet_002,2026-09-08 21:40:00+00:00,0,0,0,0,True,True,False,24.04555333937029,-78.59237790376854,2.9431513016933595,3.9864574920022076,0.0,0.5568810384719972,0.03526799031365394,on,connected,True,synthetic_device_spec_v11
synthetic_customer_002,cabinet_002,2026-09-08 21:50:00+00:00,0,0,0,0,True,True,False,24.065873120894405,-80.67800944416206,2.9522696207308226,4.108302451097347,0.0,0.564611078641628,0.0,on,connected,True,synthetic_device_spec_v11
synthetic_customer_002,cabinet_002,2026-09-08 22:00:00+00:00,0,0,0,0,True,True,False,23.873696968511812,-82.89125898942183,3.0088312404466113,3.8857497185361813,0.12086194690264387,0.6308106428041605,0.0,on,connected,True,synthetic_device_spec_v11
synthetic_customer_002,cabinet_002,2026-09-08 23:10:00+00:00,0,0,0,0,True,True,False,24.16035594461908,-48.141610184400534,3.0320905287215747,3.9109575859539114,0.036458263495460094,0.03223832105648734,0.0006618247798847266,on,connected,True,synthetic_device_spec_v11
synthetic_customer_002,cabinet_002,2026-09-08 23:20:00+00:00,0,0,0,0,True,True,False,23.960906751814974,-48.62474457144985,2.9428445465940962,3.9811707102807805,0.0,0.04271793887072579,0.0,on,connected,True,synthetic_device_spec_v11
synthetic_customer_002,cabinet_002,2026-09-08 23:30:00+00:00,0,0,0,0,True,True,False,24.03331710906802,-48.4009389797983,3.0450448509938486,3.9810809599839176,0.0,0.001357840374092348,0.03827254561825749,on,connected,True,synthetic_device_spec_v11
synthetic_customer_002,cabinet_002,2026-09-08 23:40:00+00:00,0,0,0,0,True,True,False,23.71130209041157,-47.81323532803765,2.943954335376933,3.97597078254644,0.7242093624706994,0.0,0.016593688829143985,on,connected,True,synthetic_device_spec_v11
synthetic_customer_002,cabinet_002,2026-09-08 23:50:00+00:00,0,0,0,0,True,True,False,24.102746677411442,-47.83330449459516,2.9992453207454384,4.122968614383098,0.3908617965577891,0.0033393321609704336,0.006190260089127319,on,connected,True,synthetic_device_spec_v11
synthetic_customer_002,cabinet_002,2026-09-09 00:00:00+00:00,0,0,0,0,True,True,False,24.04297320341623,-48.87283061120364,2.9730735881357946,4.053037368840686,0.3540957536643923,0.0,0.012843986000642247,on,connected,True,synthetic_device_spec_v11
